date,title,post_url,subreddit,post_id
2024-04-30,Remember when BTC was at around 73 just about month ago? It’s at 60 now. Don’t wait. ,/r/Bitcoin/comments/1ch08sy/remember_when_btc_was_at_around_73_just_about/,Bitcoin,1ch08sy
2024-04-30,"MicroStrategy Adds 122 BTC for $7.8M, Now Holds 214,400 Bitcoins",/r/CryptoCurrency/comments/1cglr13/microstrategy_adds_122_btc_for_78m_now_holds/,CryptoCurrency,1cglr13
2024-05-01,Important to Buy BTC now,/r/Bitcoin/comments/1chysfv/important_to_buy_btc_now/,Bitcoin,1chysfv
2024-05-02,"✨ Satoshi explaining why Bitcoin is a breakthrough in the history of money, exactly 15 years ago. The most legendary quote from his new emails",/r/Bitcoin/comments/1cicj6b/satoshi_explaining_why_bitcoin_is_a_breakthrough/,Bitcoin,1cicj6b
2024-05-02,‘Mr. 100’ buys the Bitcoin dip for the first time since halving — Is the BTC bottom in?,/r/CryptoCurrency/comments/1cilucm/mr_100_buys_the_bitcoin_dip_for_the_first_time/,CryptoCurrency,1cilucm
2024-05-03,PSA: Stop sharing how much BTC you have!,/r/Bitcoin/comments/1cjcefp/psa_stop_sharing_how_much_btc_you_have/,Bitcoin,1cjcefp
2024-05-04,"100 BTC gold bar bought for $12,000, 11 years ago. A $6,000,000 heirloom ✨",/r/Bitcoin/comments/1ck04j2/100_btc_gold_bar_bought_for_12000_11_years_ago_a/,Bitcoin,1ck04j2
2024-05-05,In case you die with BTC...,/r/Bitcoin/comments/1cl4df3/in_case_you_die_with_btc/,Bitcoin,1cl4df3
2024-05-07,How will a 25% tax on unrealized gains affect hodlers? This feels like a direct attack on BTC,/r/Bitcoin/comments/1cmi56s/how_will_a_25_tax_on_unrealized_gains_affect/,Bitcoin,1cmi56s
2024-05-08,"✨ 11 years ago today, this man was begging you to buy BTC. That $1 would be worth $50k",/r/CryptoCurrency/comments/1cn23pn/11_years_ago_today_this_man_was_begging_you_to/,CryptoCurrency,1cn23pn
2024-05-09,"Bitcoin Whales Accumulate $941M BTC in 24 Hours as Prices Drop, What Does This Mean?",/r/CryptoCurrency/comments/1cnvaox/bitcoin_whales_accumulate_941m_btc_in_24_hours_as/,CryptoCurrency,1cnvaox
2024-05-12,"✨ 2 years ago today, this legend dropped one of the most iconic Reddit posts about Bitcoin.",/r/CryptoCurrency/comments/1cq5ois/2_years_ago_today_this_legend_dropped_one_of_the/,CryptoCurrency,1cq5ois
2024-05-13,When btc dips,/r/Bitcoin/comments/1cqq5ps/when_btc_dips/,Bitcoin,1cqq5ps
2024-05-13,PSA: I lost nearly all my bitcoin by mining bitcoin,/r/Bitcoin/comments/1cr3m1b/psa_i_lost_nearly_all_my_bitcoin_by_mining_bitcoin/,Bitcoin,1cr3m1b
2024-05-15,"NEW: Coinbase's Bitcoin reserve is currently ~267K BTC, down from 418K BTC in early 2024.",/r/Bitcoin/comments/1csmxmr/new_coinbases_bitcoin_reserve_is_currently_267k/,Bitcoin,1csmxmr
2024-05-16,"13 years ago today, a $110 million Bitcoin mistake ✨",/r/CryptoCurrency/comments/1cta3pi/13_years_ago_today_a_110_million_bitcoin_mistake/,CryptoCurrency,1cta3pi
2024-05-17,"Former CEO of MicroStrategy, Michael Saylor, believes that the SEC will classify Ethereum as a security this summer and reject the corresponding applications for spot ETFs. In his opinion, only BTC has full institutional recognition, calling it the “only universal” institutional-level crypto asset",/r/CryptoCurrency/comments/1cu03ak/former_ceo_of_microstrategy_michael_saylor/,CryptoCurrency,1cu03ak
2024-05-19,"Elon bragging about his ""diamond hands,"" exactly 3 years ago. He's since sold $2 billion worth of Bitcoin 💀",/r/CryptoCurrency/comments/1cvlsvn/elon_bragging_about_his_diamond_hands_exactly_3/,CryptoCurrency,1cvlsvn
2024-05-21,Last night I posted about BTC in r/investing... I got flamed by hundreds of people and moderators deleted my post. ,/r/Bitcoin/comments/1cwxtn0/last_night_i_posted_about_btc_in_rinvesting_i_got/,Bitcoin,1cwxtn0
2024-05-27,"No new btc ATH since 2021, if measured in gold ounces. ",/r/Bitcoin/comments/1d1wgfx/no_new_btc_ath_since_2021_if_measured_in_gold/,Bitcoin,1d1wgfx
2024-05-28,JUST IN: Healthcare company Semler Scientific adopts Bitcoin as its primary treasury reserve asset and buys 581 BTC — worth $40 million.,/r/Bitcoin/comments/1d2khry/just_in_healthcare_company_semler_scientific/,Bitcoin,1d2khry
2024-05-29,Bitcoin price: $8. Legend 🔥,/r/CryptoCurrency/comments/1d38qml/bitcoin_price_8_legend/,CryptoCurrency,1d38qml
2024-05-31,The power of Bitcoin. ⚠️ ,/r/Bitcoin/comments/1d4vfk1/the_power_of_bitcoin/,Bitcoin,1d4vfk1
2024-05-31,"'Red Star' microdot acid tabs, sold for 7.75 BTC exactly 13 years ago. A $500,000 trip today ✨",/r/CryptoCurrency/comments/1d4segd/red_star_microdot_acid_tabs_sold_for_775_btc/,CryptoCurrency,1d4segd
2024-05-31,When do you think the market cap of BTC will exceed the market cap of Gold?,/r/CryptoCurrency/comments/1d4x9mw/when_do_you_think_the_market_cap_of_btc_will/,CryptoCurrency,1d4x9mw
2024-06-01,"If I purchased 1 BTC at $10,000 and sold .2 BTC at $50,000. Would I owe taxes on the $10,000 worth that I sold?",/r/Bitcoin/comments/1d5sdvw/if_i_purchased_1_btc_at_10000_and_sold_2_btc_at/,Bitcoin,1d5sdvw
2024-06-02,"✨ 50 Cent accepting Bitcoin for his new album, 10 years ago in 2014. He earned 700 BTC ‼️",/r/CryptoCurrency/comments/1d6d7lt/50_cent_accepting_bitcoin_for_his_new_album_10/,CryptoCurrency,1d6d7lt
2024-06-04,BTC ETF Net Inflow has been positive for 15 consecutive trading days. Anyone think the market is quite boring right now? 🤔,/r/CryptoCurrency/comments/1d7rtt1/btc_etf_net_inflow_has_been_positive_for_15/,CryptoCurrency,1d7rtt1
2024-06-05,"✨ The 1st Bitcoin Billboard, as seen in Silicon Valley at $20, exactly 13 years ago. It cost 75 BTC ❗",/r/CryptoCurrency/comments/1d8nllj/the_1st_bitcoin_billboard_as_seen_in_silicon/,CryptoCurrency,1d8nllj
2024-06-10,The 1st 'Bitcoin Baby' is now 11 years old. His birth cost 30 BTC ✨,/r/CryptoCurrency/comments/1dcj8z5/the_1st_bitcoin_baby_is_now_11_years_old_his/,CryptoCurrency,1dcj8z5
2024-06-10,So i found an old bitcoin wallet from 2009! ,/r/Bitcoin/comments/1dclonn/so_i_found_an_old_bitcoin_wallet_from_2009/,Bitcoin,1dclonn
2024-06-12,106 million people own BTC,/r/Bitcoin/comments/1ddvhhl/106_million_people_own_btc/,Bitcoin,1ddvhhl
2024-06-12,"In a Bizarre Statement, Trump Says Bitcoin Should Only be Mined in the US",/r/CryptoCurrency/comments/1de2s8p/in_a_bizarre_statement_trump_says_bitcoin_should/,CryptoCurrency,1de2s8p
2024-06-14,That feeling when you bought BTC and you could have bought it cheaper if you waited 2 days.,/r/Bitcoin/comments/1dfutx0/that_feeling_when_you_bought_btc_and_you_could/,Bitcoin,1dfutx0
2024-06-19,Michael Saylor said it. They don't understand BTC. ,/r/Bitcoin/comments/1djpuys/michael_saylor_said_it_they_dont_understand_btc/,Bitcoin,1djpuys
2024-06-23,"Bitcoin Miners in Historic Sell-Off, Dumping Over 30,000 BTC Worth $2B This Month",/r/CryptoCurrency/comments/1dml869/bitcoin_miners_in_historic_selloff_dumping_over/,CryptoCurrency,1dml869
2024-06-24,"Mt. Gox to repay creditors in BTC and BCH starting July 2024. They are holding 141,686 BTC worth $8.63B 🥶. The Market seem to shocked and BTC price drop from $62.8K to $60.8K in only a few minutes.",/r/CryptoCurrency/comments/1dna8ri/mt_gox_to_repay_creditors_in_btc_and_bch_starting/,CryptoCurrency,1dna8ri
2024-06-25,Sticking with 100% BTC this bullrun,/r/Bitcoin/comments/1do98tr/sticking_with_100_btc_this_bullrun/,Bitcoin,1do98tr
2024-06-26,"Bitcoin whale donates 8 BTC to Julian Assange, covers private jet costs ",/r/CryptoCurrency/comments/1dp79zv/bitcoin_whale_donates_8_btc_to_julian_assange/,CryptoCurrency,1dp79zv
2024-06-26,"US government transfers 4,000 BTC to Coinbase ",/r/CryptoCurrency/comments/1dp5uxl/us_government_transfers_4000_btc_to_coinbase/,CryptoCurrency,1dp5uxl
2024-06-26,Is BTC and ETH the only reasonable one’s? And a few other questions,/r/CryptoCurrency/comments/1dor8u3/is_btc_and_eth_the_only_reasonable_ones_and_a_few/,CryptoCurrency,1dor8u3
2024-06-26,8 bitcoin ($500k) donated to pay for Julian Assange's flight by anon ,/r/Bitcoin/comments/1doq90m/8_bitcoin_500k_donated_to_pay_for_julian_assanges/,Bitcoin,1doq90m
2024-06-27,"Bitcoin Wholecoiners Exceed 1 Million, Over $265 Billion Needed For BTC To Break $74,000",/r/CryptoCurrency/comments/1dq32rm/bitcoin_wholecoiners_exceed_1_million_over_265/,CryptoCurrency,1dq32rm
2024-07-03,"Will you sell your Bitcoin if it reaches $150,000 within the next 6 months?",/r/Bitcoin/comments/1duj0ax/will_you_sell_your_bitcoin_if_it_reaches_150000/,Bitcoin,1duj0ax
2024-07-04,"A whale sold 1,800 BTC ($106M) 2 hours ago and has been depositing a total of 5,281 BTC ($323M) over the past week.",/r/CryptoCurrency/comments/1duyjep/a_whale_sold_1800_btc_106m_2_hours_ago_and_has/,CryptoCurrency,1duyjep
2024-07-05,Justin Sun Offers to Buy Germany's BTC,/r/CryptoCurrency/comments/1dw1c52/justin_sun_offers_to_buy_germanys_btc/,CryptoCurrency,1dw1c52
2024-07-05,German county police is selling 3 billion USD of bitcoins right now.,/r/Bitcoin/comments/1dwap48/german_county_police_is_selling_3_billion_usd_of/,Bitcoin,1dwap48
2024-07-05,"I simulated buying 1 BTC whenever Ivan on Tech had ""BUY"" in his livestream thumbnail",/r/CryptoCurrency/comments/1dvrv2m/i_simulated_buying_1_btc_whenever_ivan_on_tech/,CryptoCurrency,1dvrv2m
2024-07-07,Bitcoin traders hope bottom is in after BTC price bounces 9% from lows,/r/CryptoCurrency/comments/1dxhc8m/bitcoin_traders_hope_bottom_is_in_after_btc_price/,CryptoCurrency,1dxhc8m
2024-07-08,"Mt Gox has only pushed $148m of the agreed repayments (1.7%) to customers so far and there's another $8.2b (141,379 BTC) worth to go until Oct 31st",/r/Bitcoin/comments/1dy2elr/mt_gox_has_only_pushed_148m_of_the_agreed/,Bitcoin,1dy2elr
2024-07-08,Acquired 0.02 BTC at 16. What do I do?,/r/Bitcoin/comments/1dxzs0o/acquired_002_btc_at_16_what_do_i_do/,Bitcoin,1dxzs0o
2024-07-09,Will BCH face slow death and phase out? BTC vs BCH analysis.,/r/CryptoCurrency/comments/1dz5bav/will_bch_face_slow_death_and_phase_out_btc_vs_bch/,CryptoCurrency,1dz5bav
2024-07-09,Is my 0.1 BTC worth storing in a hardware wallet?,/r/Bitcoin/comments/1dyx3y7/is_my_01_btc_worth_storing_in_a_hardware_wallet/,Bitcoin,1dyx3y7
2024-07-11,We've absorbed the German $BTC sales like a dry sponge,/r/Bitcoin/comments/1e0x3zv/weve_absorbed_the_german_btc_sales_like_a_dry/,Bitcoin,1e0x3zv
2024-07-12,Germany only has 3.846K BTC left and is still selling ,/r/Bitcoin/comments/1e1ks37/germany_only_has_3846k_btc_left_and_is_still/,Bitcoin,1e1ks37
2024-07-13,"Ancient Bitcoin Whales Come Alive After Lying Low for a Decade, Move Over $11,000,000 in BTC: On-Chain Data",/r/CryptoCurrency/comments/1e2dxx9/ancient_bitcoin_whales_come_alive_after_lying_low/,CryptoCurrency,1e2dxx9
2024-07-13,Some random send 0.00003210 Bitcoin to the German BKA government wallet after they sold them.,/r/Bitcoin/comments/1e29c5d/some_random_send_000003210_bitcoin_to_the_german/,Bitcoin,1e29c5d
2024-07-15,I replied to a /personalfinance post about what to do with 50K. I received this response. YOU ARE EARLY TO BTC!,/r/Bitcoin/comments/1e41p8f/i_replied_to_a_personalfinance_post_about_what_to/,Bitcoin,1e41p8f
2024-07-15,No one talks about BTC going to zero anymore.,/r/Bitcoin/comments/1e4113i/no_one_talks_about_btc_going_to_zero_anymore/,Bitcoin,1e4113i
2024-07-16,Why BTC will keep going up as long as people keep predicting a crash ,/r/CryptoCurrency/comments/1e4znej/why_btc_will_keep_going_up_as_long_as_people_keep/,CryptoCurrency,1e4znej
2024-07-18,Bitcoin explained in 23 seconds,/r/Bitcoin/comments/1e662oq/bitcoin_explained_in_23_seconds/,Bitcoin,1e662oq
2024-07-18,Rumors that trump is announcing a strategic bitcoin reserve during the BTC conference later this month,/r/Bitcoin/comments/1e6f769/rumors_that_trump_is_announcing_a_strategic/,Bitcoin,1e6f769
2024-07-19,Anyone treating BTC like a 401k?,/r/Bitcoin/comments/1e6th2c/anyone_treating_btc_like_a_401k/,Bitcoin,1e6th2c
2024-07-20,why btc is like this,/r/Bitcoin/comments/1e870hm/why_btc_is_like_this/,Bitcoin,1e870hm
2024-07-21,best exchange to purchase 900k in BTC?,/r/Bitcoin/comments/1e8w53p/best_exchange_to_purchase_900k_in_btc/,Bitcoin,1e8w53p
2024-07-21,How I manage my 0.016 BTC 😂,/r/Bitcoin/comments/1e8lfo4/how_i_manage_my_0016_btc/,Bitcoin,1e8lfo4
2024-07-22,Real Bedford Football Club has acquired 66.9 BTC,/r/Bitcoin/comments/1e9anfx/real_bedford_football_club_has_acquired_669_btc/,Bitcoin,1e9anfx
2024-07-24,Kamala Harris 'Will Not Be Speaking' at Bitcoin Conference: CEO - Decrypt,/r/CryptoCurrency/comments/1eb9toy/kamala_harris_will_not_be_speaking_at_bitcoin/,CryptoCurrency,1eb9toy
2024-07-26,"Presidential Candidate RFK JR: ""I will sign an executive order directing the IRS to issue public guidelines that all transactions between Bitcoin and the US Dollar are unreportable transactions. BY EXTENSION, NON-TAXABLE""",/r/Bitcoin/comments/1ed1hym/presidential_candidate_rfk_jr_i_will_sign_an/,Bitcoin,1ed1hym
2024-07-26,RFK Jr. says he stores 'most' of his millions in Bitcoin,/r/CryptoCurrency/comments/1ecvq2a/rfk_jr_says_he_stores_most_of_his_millions_in/,CryptoCurrency,1ecvq2a
2024-07-27,Democrats making a U turn on Bitcoin,/r/Bitcoin/comments/1edl16b/democrats_making_a_u_turn_on_bitcoin/,Bitcoin,1edl16b
2024-07-27,I now own 0.1 BTC.,/r/Bitcoin/comments/1edlmse/i_now_own_01_btc/,Bitcoin,1edlmse
2024-07-27,BREAKING: 🇺🇸 Senator Cynthia Lummis announces legislation for a Strategic Bitcoin Reserve for the USA.,/r/Bitcoin/comments/1edqm8t/breaking_senator_cynthia_lummis_announces/,Bitcoin,1edqm8t
2024-07-27,Edward Snowden Tells Bitcoin Fans to Vote—But ‘Don’t Join a Cult’ - Decrypt,/r/CryptoCurrency/comments/1eddq3d/edward_snowden_tells_bitcoin_fans_to_votebut_dont/,CryptoCurrency,1eddq3d
2024-07-29,Bitcoin success story / banks no longer own my home!,/r/Bitcoin/comments/1ef0qfb/bitcoin_success_story_banks_no_longer_own_my_home/,Bitcoin,1ef0qfb
2024-07-30,New narrative on reddit: they both love BTC!!,/r/Bitcoin/comments/1efs9x0/new_narrative_on_reddit_they_both_love_btc/,Bitcoin,1efs9x0
2024-07-31,"$25,000 reward for information that leads to the retrieval of stolen BTC",/r/Bitcoin/comments/1eh15od/25000_reward_for_information_that_leads_to_the/,Bitcoin,1eh15od
2024-07-31,Would you sell your bitcoin?,/r/Bitcoin/comments/1eh1yd2/would_you_sell_your_bitcoin/,Bitcoin,1eh1yd2
2024-08-02,If you had $700k from grandma inheritance would you buy 10 BTC?,/r/Bitcoin/comments/1ei1ano/if_you_had_700k_from_grandma_inheritance_would/,Bitcoin,1ei1ano
2024-08-05,"While you are panic selling, whales are buying...HODL your bitcoin!",/r/Bitcoin/comments/1ekbbwl/while_you_are_panic_selling_whales_are_buyinghodl/,Bitcoin,1ekbbwl
2024-08-05,I have the same amount of BTC I had yesterday. AMA,/r/Bitcoin/comments/1ekhhbc/i_have_the_same_amount_of_btc_i_had_yesterday_ama/,Bitcoin,1ekhhbc
2024-08-05,"Bitcoin dips to $53K after Bank of Japan’s rate hike, Ether follows drop as global market panic ensues",/r/CryptoCurrency/comments/1eke258/bitcoin_dips_to_53k_after_bank_of_japans_rate/,CryptoCurrency,1eke258
2024-08-09,I had 1.5 Bitcoin,/r/Bitcoin/comments/1enlsuw/i_had_15_bitcoin/,Bitcoin,1enlsuw
2024-08-12,Security test -- 0.0002437 BTC up for grabs (seed phrase and wallet address listed inside),/r/Bitcoin/comments/1eq6viq/security_test_00002437_btc_up_for_grabs_seed/,Bitcoin,1eq6viq
2024-08-13,"Read JD Vance's financial disclosure, which includes at least $4 million in total assets and $250,000 in bitcoin",/r/CryptoCurrency/comments/1erk03h/read_jd_vances_financial_disclosure_which/,CryptoCurrency,1erk03h
2024-08-14,"Rare Bitcoin order book screenshot, taken exactly 14 years ago. 16 BTC for $1 ✨",/r/Bitcoin/comments/1erzdi3/rare_bitcoin_order_book_screenshot_taken_exactly/,Bitcoin,1erzdi3
2024-08-15,"US Government deposited 10,000 BTC ($540M) to Coinbase 11 hours ago.",/r/CryptoCurrency/comments/1esksw7/us_government_deposited_10000_btc_540m_to/,CryptoCurrency,1esksw7
2024-08-16,"2.5 Year Update: I took out $125,000 in Personal Loans & Balance Transfers to Buy Bitcoin",/r/Bitcoin/comments/1etzbqw/25_year_update_i_took_out_125000_in_personal/,Bitcoin,1etzbqw
2024-08-18,🇸🇻 El Salvador mined 474 Bitcoin worth $29 million using volcano-fueled geothermal power 🤯,/r/Bitcoin/comments/1evn6kb/el_salvador_mined_474_bitcoin_worth_29_million/,Bitcoin,1evn6kb
2024-08-19,My dad keept borrowing an unreasonable amount of money so I put some into BTC,/r/Bitcoin/comments/1evxy2x/my_dad_keept_borrowing_an_unreasonable_amount_of/,Bitcoin,1evxy2x
2024-08-20,"NEW: 🇺🇸 BlackRock’s #Bitcoin ETF saw $93 million in inflows yesterday.

They now hold over 350,000 BTC 🤯",/r/Bitcoin/comments/1ewy5rd/new_blackrocks_bitcoin_etf_saw_93_million_in/,Bitcoin,1ewy5rd
2024-08-22,14 years ago there was a website (faucet) that gave 5 Bitcoins to visitors,/r/CryptoCurrency/comments/1eyp0oe/14_years_ago_there_was_a_website_faucet_that_gave/,CryptoCurrency,1eyp0oe
2024-08-22,I just sold my 1 BTC that I purchased in 2020,/r/Bitcoin/comments/1eybbpk/i_just_sold_my_1_btc_that_i_purchased_in_2020/,Bitcoin,1eybbpk
2024-08-23,El Salvador Now Holds $361 Million in Bitcoin as Nation Buys 1 BTC Daily - Decrypt,/r/CryptoCurrency/comments/1ezkxvg/el_salvador_now_holds_361_million_in_bitcoin_as/,CryptoCurrency,1ezkxvg
2024-08-23,Man who begged everyone to buy just $1 of Bitcoin in 2013 revealed what his life looks like now,/r/CryptoCurrency/comments/1ez5xvq/man_who_begged_everyone_to_buy_just_1_of_bitcoin/,CryptoCurrency,1ez5xvq
2024-08-25,"After almost 9 years in Bitcoin, I'm thinking of ditching my cold storage and just moving to an ETF.",/r/Bitcoin/comments/1f0x3ir/after_almost_9_years_in_bitcoin_im_thinking_of/,Bitcoin,1f0x3ir
2024-08-27,"Journalist writing the most regrettable Bitcoin headline, 12 years ago today. They sent him $250,000 in BTC 💀  ",/r/CryptoCurrency/comments/1f2eola/journalist_writing_the_most_regrettable_bitcoin/,CryptoCurrency,1f2eola
2024-08-28,Kamala Harris proposes 25% tax on unrealized gains for high-net-worth individuals,/r/CryptoCurrency/comments/1f3f91t/kamala_harris_proposes_25_tax_on_unrealized_gains/,CryptoCurrency,1f3f91t
2024-08-29,"Ancient Bitcoin Address Awakens After Lying Low Since 2011, Moves $4,142,580 in BTC at 6,426,507% Profit ",/r/CryptoCurrency/comments/1f4cqxl/ancient_bitcoin_address_awakens_after_lying_low/,CryptoCurrency,1f4cqxl
2024-08-30,0.25 btc is phenomenon amt,/r/Bitcoin/comments/1f4z401/025_btc_is_phenomenon_amt/,Bitcoin,1f4z401
2024-08-30,El Salvador's $135M Bitcoin bet now worth $400M—President Bukele says we have done well,/r/CryptoCurrency/comments/1f4qcjq/el_salvadors_135m_bitcoin_bet_now_worth/,CryptoCurrency,1f4qcjq
2024-09-03,$BTC at 57K in February vs BTC at 57K in September,/r/Bitcoin/comments/1f863u6/btc_at_57k_in_february_vs_btc_at_57k_in_september/,Bitcoin,1f863u6
2024-09-04,"Found 0.5 BTC after 8 Years — Should I HODL, Sell, or Trade?",/r/Bitcoin/comments/1f8vhym/found_05_btc_after_8_years_should_i_hodl_sell_or/,Bitcoin,1f8vhym
2024-09-04,"✨ 13 years ago today, everyone who responded to this thread sold BTC below $10. There were dozens of comments",/r/CryptoCurrency/comments/1f8sfbh/13_years_ago_today_everyone_who_responded_to_this/,CryptoCurrency,1f8sfbh
2024-09-05,September is usually the worst month for Bitcoin ,/r/Bitcoin/comments/1f9q182/september_is_usually_the_worst_month_for_bitcoin/,Bitcoin,1f9q182
2024-09-06,Crypto market enters ‘extreme fear’ as analysts warn of Bitcoin below $50K,/r/CryptoCurrency/comments/1fakcys/crypto_market_enters_extreme_fear_as_analysts/,CryptoCurrency,1fakcys
2024-09-07,When people make fun of me and others for buying BTC at the ATH of $73k,/r/Bitcoin/comments/1fb04i0/when_people_make_fun_of_me_and_others_for_buying/,Bitcoin,1fb04i0
2024-09-08,What’s stopping you from acquiring as much btc as you can right now?,/r/Bitcoin/comments/1fc5twq/whats_stopping_you_from_acquiring_as_much_btc_as/,Bitcoin,1fc5twq
2024-09-09,Bitcoin ,/r/Bitcoin/comments/1fcf9if/bitcoin/,Bitcoin,1fcf9if
2024-09-12,Does it make sense to buy anything else except BTC,/r/CryptoCurrency/comments/1fepf0d/does_it_make_sense_to_buy_anything_else_except_btc/,CryptoCurrency,1fepf0d
2024-09-12,"Bitcoin could soon hit six figures regardless of who wins U.S. election, investors say",/r/CryptoCurrency/comments/1fezf1a/bitcoin_could_soon_hit_six_figures_regardless_of/,CryptoCurrency,1fezf1a
2024-09-12,I hit 0.2 BTC today!,/r/Bitcoin/comments/1fes6tq/i_hit_02_btc_today/,Bitcoin,1fes6tq
2024-09-13,"MicroStrategy just bought another 18,300 Bitcoin ($1.11 billion) at ~$60,408 per coin ",/r/Bitcoin/comments/1ffxwfh/microstrategy_just_bought_another_18300_bitcoin/,Bitcoin,1ffxwfh
2024-09-14,A Norwegian town experiences a nearly 25% spike in electricity rates for residents after the municipality shuts down a local Bitcoin mine.,/r/Bitcoin/comments/1fgrexo/a_norwegian_town_experiences_a_nearly_25_spike_in/,Bitcoin,1fgrexo
2024-09-14,‘Shock And Awe’—China Could Be About To Trigger A $1.4 Trillion Bitcoin And Crypto Price Earthquake,/r/CryptoCurrency/comments/1fgt0qw/shock_and_awechina_could_be_about_to_trigger_a_14/,CryptoCurrency,1fgt0qw
2024-09-15,Early Bitcoin Investor Pleads Guilty to Falsifying Tax Returns on $3.7M in BTC Gains,/r/CryptoCurrency/comments/1fh2qz5/early_bitcoin_investor_pleads_guilty_to/,CryptoCurrency,1fh2qz5
2024-09-18,"Blocked from buying Bitcoin at $400, 10 years ago today. $1 million trade ✨",/r/Bitcoin/comments/1fjss73/blocked_from_buying_bitcoin_at_400_10_years_ago/,Bitcoin,1fjss73
2024-09-19,"Rare photo of an early Bitcoin order book, taken exactly 13 years ago. 25 BTC cost $100 ✨
",/r/CryptoCurrency/comments/1fkilf6/rare_photo_of_an_early_bitcoin_order_book_taken/,CryptoCurrency,1fkilf6
2024-09-20,"MicroStrategy buys Bitcoin worth $458m, total holdings hit 252,220 BTC",/r/CryptoCurrency/comments/1flep6q/microstrategy_buys_bitcoin_worth_458m_total/,CryptoCurrency,1flep6q
2024-09-21,"Ancient Bitcoin Addresses Abruptly Wake Up After Lying Low Since 2009, Move 250 BTC at 8,000,000,000%+ Profit - The Daily Hodl",/r/CryptoCurrency/comments/1fma6is/ancient_bitcoin_addresses_abruptly_wake_up_after/,CryptoCurrency,1fma6is
2024-09-21,Loan to get a whole BTC? ,/r/Bitcoin/comments/1fmfksa/loan_to_get_a_whole_btc/,Bitcoin,1fmfksa
2024-09-23,Would you eat less meat to buy more BTC?,/r/Bitcoin/comments/1fngti6/would_you_eat_less_meat_to_buy_more_btc/,Bitcoin,1fngti6
2024-09-23,Money will inevitably flow into BTC when shitcoin holders realize they're wasting their time,/r/Bitcoin/comments/1fn7ui7/money_will_inevitably_flow_into_btc_when_shitcoin/,Bitcoin,1fn7ui7
2024-09-24,El Salvador mined 474 #Bitcoin worth $29 million using volcano-fueled geothermal power,/r/Bitcoin/comments/1fogsyj/el_salvador_mined_474_bitcoin_worth_29_million/,Bitcoin,1fogsyj
2024-09-25,Bitcoin is about to melt faces,/r/Bitcoin/comments/1fot5wp/bitcoin_is_about_to_melt_faces/,Bitcoin,1fot5wp
2024-09-26,China is gonna send BTC to moon.,/r/Bitcoin/comments/1fq32wc/china_is_gonna_send_btc_to_moon/,Bitcoin,1fq32wc
2024-09-27,"A ‘Rapid Pace’ $100,000 Bitcoin Price Earthquake Is Suddenly Predicted To Shock Crypto",/r/CryptoCurrency/comments/1fqv92k/a_rapid_pace_100000_bitcoin_price_earthquake_is/,CryptoCurrency,1fqv92k
2024-09-28,"Made it to 0.42 BTC last night, 0.21 for each of my kids",/r/Bitcoin/comments/1fr9d4d/made_it_to_042_btc_last_night_021_for_each_of_my/,Bitcoin,1fr9d4d
2024-09-28,"In 2018 Peter Schiff Advised Not to Buy BTC at $3800 Because He Believed that Even falling another 80% to $750, it Would Still be Expensive. ",/r/CryptoCurrency/comments/1frddar/in_2018_peter_schiff_advised_not_to_buy_btc_at/,CryptoCurrency,1frddar
2024-09-30,"14 years ago today, you could buy 1 #Bitcoin for $0.25",/r/Bitcoin/comments/1ft18fh/14_years_ago_today_you_could_buy_1_bitcoin_for_025/,Bitcoin,1ft18fh
2024-09-30,"“When I’m gone, my stock, my shares, my assets flow into a public charity whose mission is to support Bitcoin and the adoption of BTC forever”",/r/Bitcoin/comments/1ft2ids/when_im_gone_my_stock_my_shares_my_assets_flow/,Bitcoin,1ft2ids
2024-10-01,How to Invest in Bitcoin - Proper Way vs Our Way,/r/CryptoCurrency/comments/1ftvdfb/how_to_invest_in_bitcoin_proper_way_vs_our_way/,CryptoCurrency,1ftvdfb
2024-10-03,Best way to retire on BTC,/r/Bitcoin/comments/1fvalvc/best_way_to_retire_on_btc/,Bitcoin,1fvalvc
2024-10-04,"Mark Cuban saying he'd buy bananas over Bitcoin, 5 years ago. Bitcoin is up 6x since 💀",/r/CryptoCurrency/comments/1fvyalo/mark_cuban_saying_hed_buy_bananas_over_bitcoin_5/,CryptoCurrency,1fvyalo
2024-10-07,"Newlyweds in Thailand Receive 1 BTC ($63K) as a Wedding Gift with the Message: ""The Only Path to Liberty""",/r/CryptoCurrency/comments/1fy8t6l/newlyweds_in_thailand_receive_1_btc_63k_as_a/,CryptoCurrency,1fy8t6l
2024-10-08,"Supreme Court Allows the US to Sell 69,370 Seized Silk Road Bitcoin",/r/CryptoCurrency/comments/1fyvufa/supreme_court_allows_the_us_to_sell_69370_seized/,CryptoCurrency,1fyvufa
2024-10-08,U.S. Government Set to Auction $4.4 Billion in Bitcoin from SilkRoad Sizure ,/r/Bitcoin/comments/1fz6jtd/us_government_set_to_auction_44_billion_in/,Bitcoin,1fz6jtd
2024-10-08,"In a future where BTC is the main currency, how much will I have to have to be part of the .1%?",/r/Bitcoin/comments/1fyzg5c/in_a_future_where_btc_is_the_main_currency_how/,Bitcoin,1fyzg5c
2024-10-10,"Over 63,000 BTC were sent to exchanges in last 72 hours — CryptoQuant",/r/CryptoCurrency/comments/1g0rvbb/over_63000_btc_were_sent_to_exchanges_in_last_72/,CryptoCurrency,1g0rvbb
2024-10-11,"Michael Saylor: ""MicroStrategy’s end game is to be the leading Bitcoin bank and create a trillion-dollar company""",/r/Bitcoin/comments/1g1a0vf/michael_saylor_microstrategys_end_game_is_to_be/,Bitcoin,1g1a0vf
2024-10-12,"'I'm suing the council for £495m ($646m) because they won't give me back my bin bag that has 80,000 Bitcoin in it - it's worth over half a billion dollars'",/r/Bitcoin/comments/1g1xm8o/im_suing_the_council_for_495m_646m_because_they/,Bitcoin,1g1xm8o
2024-10-14,Google Removes Bitcoin and Crypto Price Charts from Search,/r/CryptoCurrency/comments/1g3g46u/google_removes_bitcoin_and_crypto_price_charts/,CryptoCurrency,1g3g46u
2024-10-15,Elon Musk's Tesla Just Moved $765 Million in Bitcoin to Unknown Wallets,/r/CryptoCurrency/comments/1g4ljdv/elon_musks_tesla_just_moved_765_million_in/,CryptoCurrency,1g4ljdv
2024-10-16,the Italian government will tax 42% on BTC’s capital gain ,/r/Bitcoin/comments/1g4w3kl/the_italian_government_will_tax_42_on_btcs/,Bitcoin,1g4w3kl
2024-10-16,Italy Raises Bitcoin Tax to 42% – Another Blow to Innovation and Financial Freedom,/r/Bitcoin/comments/1g50dby/italy_raises_bitcoin_tax_to_42_another_blow_to/,Bitcoin,1g50dby
2024-10-18,"I Analyzed the Compounding Effect of BTC and S&P 500, and Oh My God...",/r/CryptoCurrency/comments/1g6c94h/i_analyzed_the_compounding_effect_of_btc_and_sp/,CryptoCurrency,1g6c94h
2024-10-20,‘This Needs To Stop’—Tesla Billionaire Elon Musk Issues ‘Staggering’ Fed ‘Bankruptcy’ Warning After Sparking Bitcoin Price Panic,/r/CryptoCurrency/comments/1g7xzil/this_needs_to_stoptesla_billionaire_elon_musk/,CryptoCurrency,1g7xzil
2024-10-21,What countries have no tax on BTC profits if held for a year?,/r/Bitcoin/comments/1g8n5r7/what_countries_have_no_tax_on_btc_profits_if_held/,Bitcoin,1g8n5r7
2024-10-22,✨ Bitcoin price: $3. He missed 2.3 million % gains 💀,/r/CryptoCurrency/comments/1g9f6s7/bitcoin_price_3_he_missed_23_million_gains/,CryptoCurrency,1g9f6s7
2024-10-22,BTC Infographic I made. Thoughts? ,/r/Bitcoin/comments/1g9mp43/btc_infographic_i_made_thoughts/,Bitcoin,1g9mp43
2024-10-22,"“I’m a single guy, I have no children — when I’m gone, I’m gone. Just like Satoshi left a million Bitcoin to the universe, so I’m leaving whatever I’ve got to the civilization,”",/r/CryptoCurrency/comments/1g9nvk9/im_a_single_guy_i_have_no_children_when_im_gone/,CryptoCurrency,1g9nvk9
2024-10-23,Vitalik Buterin says Michael Saylor’s Bitcoin comments are ‘batshit insane’,/r/CryptoCurrency/comments/1ga2sr6/vitalik_buterin_says_michael_saylors_bitcoin/,CryptoCurrency,1ga2sr6
2024-10-24,ECB claims early Bitcoin adopters are stealing from later stage investors,/r/Bitcoin/comments/1gbbxxj/ecb_claims_early_bitcoin_adopters_are_stealing/,Bitcoin,1gbbxxj
2024-10-24,Found an old wallet with 0.26 BTC in it from 2013...,/r/Bitcoin/comments/1gaufam/found_an_old_wallet_with_026_btc_in_it_from_2013/,Bitcoin,1gaufam
2024-10-24,"Microsoft disclosed that ""Assessment of Investing in Bitcoin"" is currently proposed and will be a voting item for the shareholder meeting on December 10",/r/Bitcoin/comments/1gbdket/microsoft_disclosed_that_assessment_of_investing/,Bitcoin,1gbdket
2024-10-25,"Microsoft’s latest SEC filing: ""Microstrategy – which, like Microsoft, is a technology company, but unlike Microsoft holds BTC on its balance sheet – has had its stock outperform Microsoft stock this year by 313% despite doing only a fraction of the business that Microsoft has.""",/r/Bitcoin/comments/1gbtlu6/microsofts_latest_sec_filing_microstrategy_which/,Bitcoin,1gbtlu6
2024-10-26,"Ancient Bitcoin Wallet Awakens After Hibernating for 14+ Years, Moves $3,387,175 in BTC at 169,358,650% Profit - The Daily Hodl",/r/CryptoCurrency/comments/1gcvx45/ancient_bitcoin_wallet_awakens_after_hibernating/,CryptoCurrency,1gcvx45
2024-10-26,"14 Years ago, Early Reddit Post on Bitcoin and What the Top Commenter Said (Oct 2010)",/r/CryptoCurrency/comments/1gccln6/14_years_ago_early_reddit_post_on_bitcoin_and/,CryptoCurrency,1gccln6
2024-10-26,"Switzerland unveils statue honoring Satoshi Nakamoto, the creator of Bitcoin. ",/r/CryptoCurrency/comments/1gc8jfp/switzerland_unveils_statue_honoring_satoshi/,CryptoCurrency,1gc8jfp
2024-10-26,Switzerland unveils a new statue honoring the creator of Bitcoin,/r/Bitcoin/comments/1gcibch/switzerland_unveils_a_new_statue_honoring_the/,Bitcoin,1gcibch
2024-10-26,Wall Street to Surpass Satoshi as Top Bitcoin Holder This Year — Analysts Expect $200K BTC Soon,/r/CryptoCurrency/comments/1gcq4lj/wall_street_to_surpass_satoshi_as_top_bitcoin/,CryptoCurrency,1gcq4lj
2024-10-26,The sooner people learn this the quicker they will get why bitcoin fixes this,/r/Bitcoin/comments/1gchwh9/the_sooner_people_learn_this_the_quicker_they/,Bitcoin,1gchwh9
2024-10-27,A ‘Declaration Of War’—Fed And ECB Plot To ‘Tax Or Ban’ Bitcoin And Use Price Gains To Escape $35.7 Trillion Doom Loop,/r/CryptoCurrency/comments/1gd7nf6/a_declaration_of_warfed_and_ecb_plot_to_tax_or/,CryptoCurrency,1gd7nf6
2024-10-27,"Ancient Bitcoin Whale who mined thousands of BTC, starting only 5 days after the first block in 2009 Sold USD 9.68M BTC in total and has USD 72.09M BTC remaining",/r/CryptoCurrency/comments/1gdavyp/ancient_bitcoin_whale_who_mined_thousands_of_btc/,CryptoCurrency,1gdavyp
2024-10-28,Ethereum hits multi-year low against Bitcoin erasing all gains since 2021,/r/CryptoCurrency/comments/1ge2510/ethereum_hits_multiyear_low_against_bitcoin/,CryptoCurrency,1ge2510
2024-10-28,"Tether Reveals 82,454 Bitcoin and 48.3-Ton Gold Holdings",/r/CryptoCurrency/comments/1ge9aoq/tether_reveals_82454_bitcoin_and_483ton_gold/,CryptoCurrency,1ge9aoq
2024-10-29,"Bitcoin Flies Past $72,000, Triggering $265,270,000 in Liquidations As Top Traders Declare BTC Bull Market Back - The Daily Hodl",/r/CryptoCurrency/comments/1gf53ug/bitcoin_flies_past_72000_triggering_265270000_in/,CryptoCurrency,1gf53ug
2024-10-29,"Bitcoin Hits $70,000 For the First Time Since June ",/r/CryptoCurrency/comments/1gej8w9/bitcoin_hits_70000_for_the_first_time_since_june/,CryptoCurrency,1gej8w9
2024-10-29,Bitcoin is just 2% away from breaking its all-time high,/r/CryptoCurrency/comments/1gf281v/bitcoin_is_just_2_away_from_breaking_its_alltime/,CryptoCurrency,1gf281v
2024-10-30,"16 Years Ago, Satoshi Nakamoto Published the Bitcoin Whitepaper",/r/CryptoCurrency/comments/1gfyih7/16_years_ago_satoshi_nakamoto_published_the/,CryptoCurrency,1gfyih7
2024-10-30,House this for divided emotions.    Sold most of my bitcoin on Sunday ,/r/Bitcoin/comments/1gg05y1/house_this_for_divided_emotions_sold_most_of_my/,Bitcoin,1gg05y1
2024-10-30,Reddit sold the majority of its Bitcoin before BTC started pumping in October,/r/Bitcoin/comments/1gftg9c/reddit_sold_the_majority_of_its_bitcoin_before/,Bitcoin,1gftg9c
2024-10-31,Insane I just bought BTC at 70k,/r/Bitcoin/comments/1ggqo0k/insane_i_just_bought_btc_at_70k/,Bitcoin,1ggqo0k
2024-10-31,What do you think Nov 5th will bring for BTC ,/r/Bitcoin/comments/1gg4wft/what_do_you_think_nov_5th_will_bring_for_btc/,Bitcoin,1gg4wft
2024-10-31,"If you own MSFT, make sure that you vote for them to add BTC to their corporate balance sheet! ",/r/Bitcoin/comments/1gg58bx/if_you_own_msft_make_sure_that_you_vote_for_them/,Bitcoin,1gg58bx
2024-10-31,Bitcoin wipes $500M open interest as BTC price drops toward key $70K,/r/CryptoCurrency/comments/1gghges/bitcoin_wipes_500m_open_interest_as_btc_price/,CryptoCurrency,1gghges
2024-11-01,"12 years today, someone spent 1.6 BTC ($110k) for a picture of Michael Jackson on a cracker. Alive but dead inside 💀",/r/CryptoCurrency/comments/1gh2bb8/12_years_today_someone_spent_16_btc_110k_for_a/,CryptoCurrency,1gh2bb8
2024-11-01,"Blackrock Now Holds Number 3 Spot among Top Bitcoin Holders with 429,112 BTC after a Staggering Purchase of 12,127 BTC in a Single Day",/r/CryptoCurrency/comments/1gh35ss/blackrock_now_holds_number_3_spot_among_top/,CryptoCurrency,1gh35ss
2024-11-02,"How it feels seeing bitcoin trade at $69,420 for the 800th time in 9 months ",/r/Bitcoin/comments/1ghmyqb/how_it_feels_seeing_bitcoin_trade_at_69420_for/,Bitcoin,1ghmyqb
2024-11-03,"Bitcoin Address Springs to Life After Hibernating for 12+ Years, Moves $11,756,205 in BTC at 700,854% Profit",/r/CryptoCurrency/comments/1ginccn/bitcoin_address_springs_to_life_after_hibernating/,CryptoCurrency,1ginccn
2024-11-03,Bitcoin Near Its All-Time High Still with Minimal Retail Interest – We're Still Early,/r/CryptoCurrency/comments/1givc4f/bitcoin_near_its_alltime_high_still_with_minimal/,CryptoCurrency,1givc4f
2024-11-04,"Get ready for the pump! I'm going to buy ~US$2,000 of BTC at 9 am EST today 🤣",/r/Bitcoin/comments/1gjbt8s/get_ready_for_the_pump_im_going_to_buy_us2000_of/,Bitcoin,1gjbt8s
2024-11-04,"Bitcoin has never retraced below its election-day price after the results are in, Historically BTC explodes post-U.S. elections, often going parabolic.",/r/CryptoCurrency/comments/1gjclaf/bitcoin_has_never_retraced_below_its_electionday/,CryptoCurrency,1gjclaf
2024-11-05, BTC Returns After Election. ARE YOU READY?,/r/Bitcoin/comments/1gka5st/btc_returns_after_election_are_you_ready/,Bitcoin,1gka5st
2024-11-06,"Just two months after hitting an ATH of 69K in 2021 Paris Hilton and Jimmy Fallon were shilling Bored Ape NFTs on late night TV. With BTC hitting a new ATH of $75K, how are you feeling about the comparative health of the Crypto Market today?",/r/CryptoCurrency/comments/1gl5l2y/just_two_months_after_hitting_an_ath_of_69k_in/,CryptoCurrency,1gl5l2y
2024-11-06,Bitcoin Hits New All-Time High: Soars To $76000,/r/CryptoCurrency/comments/1gl930t/bitcoin_hits_new_alltime_high_soars_to_76000/,CryptoCurrency,1gl930t
2024-11-06,"ETH/BTC hits lowest point in over 3 years, sliding to 0.03508",/r/CryptoCurrency/comments/1gl4rr5/ethbtc_hits_lowest_point_in_over_3_years_sliding/,CryptoCurrency,1gl4rr5
2024-11-06,Should I buy bitcoin now?,/r/Bitcoin/comments/1gky33y/should_i_buy_bitcoin_now/,Bitcoin,1gky33y
2024-11-06,The storm is upon us. #BTC at $75000 ,/r/Bitcoin/comments/1gkrke4/the_storm_is_upon_us_btc_at_75000/,Bitcoin,1gkrke4
2024-11-06,Bitcoin Just Hit New All Time High! ,/r/Bitcoin/comments/1gkovd3/bitcoin_just_hit_new_all_time_high/,Bitcoin,1gkovd3
2024-11-06,"Bitcoin Price Shatters $75,800 As Senator Cynthia Lummis Promises Strategic BTC Reserve - The Daily Hodl",/r/CryptoCurrency/comments/1gl8flf/bitcoin_price_shatters_75800_as_senator_cynthia/,CryptoCurrency,1gl8flf
2024-11-06,"7 years ago, bitcoin, hitting $10k had 49k upvotes. Now we hit $75k and it's crickets, top post has 1k upvotes. Bullish AF",/r/Bitcoin/comments/1gkties/7_years_ago_bitcoin_hitting_10k_had_49k_upvotes/,Bitcoin,1gkties
2024-11-06,Bitcoin Reaches A New All-Time High At $75K,/r/CryptoCurrency/comments/1gkvrb5/bitcoin_reaches_a_new_alltime_high_at_75k/,CryptoCurrency,1gkvrb5
2024-11-07,Where's the dude that said BTC was capped at 70K?,/r/Bitcoin/comments/1glsxyo/wheres_the_dude_that_said_btc_was_capped_at_70k/,Bitcoin,1glsxyo
2024-11-08,"BlackRock’s Bitcoin ETF has now surpassed its Gold ETF in Assets, $33 Billion Assets in just 10 months, Gold ETF was launched in January 2005.",/r/CryptoCurrency/comments/1gml2q8/blackrocks_bitcoin_etf_has_now_surpassed_its_gold/,CryptoCurrency,1gml2q8
2024-11-09,El Salvador is now $100 million in profits on their Bitcoin ,/r/Bitcoin/comments/1gng82x/el_salvador_is_now_100_million_in_profits_on/,Bitcoin,1gng82x
2024-11-09,El Salvador's Bitcoin Bet Is Paying Off—Here's How Much The Country Is Up ,/r/CryptoCurrency/comments/1gn4qok/el_salvadors_bitcoin_bet_is_paying_offheres_how/,CryptoCurrency,1gn4qok
2024-11-09,"new to BTC, i plan to buy $100-200 a week and leave it to appreciate in value, any Do’s and Dont’s ? ",/r/Bitcoin/comments/1gnaof0/new_to_btc_i_plan_to_buy_100200_a_week_and_leave/,Bitcoin,1gnaof0
2024-11-09,Michael Saylor says no one’s ever lost money over the course of four years holding Bitcoin,/r/CryptoCurrency/comments/1gn9png/michael_saylor_says_no_ones_ever_lost_money_over/,CryptoCurrency,1gn9png
2024-11-10,what trigger btc this weekend?,/r/Bitcoin/comments/1gntslv/what_trigger_btc_this_weekend/,Bitcoin,1gntslv
2024-11-10,"Tesla is up $367M in profit on 11.5k Bitcoin acquired in late January 2021 at a price of around $32k, they continue to hold BTC for 3 years now.",/r/CryptoCurrency/comments/1gnwckh/tesla_is_up_367m_in_profit_on_115k_bitcoin/,CryptoCurrency,1gnwckh
2024-11-10,Now that’s kinda hilarious. BTC rejecting after touching 80081.35.,/r/Bitcoin/comments/1gnzci9/now_thats_kinda_hilarious_btc_rejecting_after/,Bitcoin,1gnzci9
2024-11-10,"Bitcoin To $200,000, Ethereum To $10,000 And Crypto Market Cap To 4X By End Of 2025, Says Standard Chartered",/r/CryptoCurrency/comments/1gnqtde/bitcoin_to_200000_ethereum_to_10000_and_crypto/,CryptoCurrency,1gnqtde
2024-11-10,"'Trump will break' Bitcoin promise, economist warns crypto community",/r/CryptoCurrency/comments/1gnsv3t/trump_will_break_bitcoin_promise_economist_warns/,CryptoCurrency,1gnsv3t
2024-11-11,"MicroStrategy just bought another 27,200 Bitcoin for ~$2.03 billion",/r/Bitcoin/comments/1got3it/microstrategy_just_bought_another_27200_bitcoin/,Bitcoin,1got3it
2024-11-11,BTC keeps breaking ATH - moons did not even flinch,/r/CryptoCurrency/comments/1goy9l5/btc_keeps_breaking_ath_moons_did_not_even_flinch/,CryptoCurrency,1goy9l5
2024-11-11,MicroStrategy Purchases $2 Billion Worth of Bitcoin,/r/CryptoCurrency/comments/1gosvhq/microstrategy_purchases_2_billion_worth_of_bitcoin/,CryptoCurrency,1gosvhq
2024-11-11,Don't Sell Your Bitcoin,/r/Bitcoin/comments/1goin59/dont_sell_your_bitcoin/,Bitcoin,1goin59
2024-11-12,"The German government missed out on $1.7 billion in potential profits by selling 50,000 BTC at $54k.",/r/Bitcoin/comments/1gplm90/the_german_government_missed_out_on_17_billion_in/,Bitcoin,1gplm90
2024-11-12,How BTC performed ,/r/Bitcoin/comments/1gpisaz/how_btc_performed/,Bitcoin,1gpisaz
2024-11-12,Bitcoin at 100$,/r/Bitcoin/comments/1gpw6kf/bitcoin_at_100/,Bitcoin,1gpw6kf
2024-11-12,My sister said I was crazy for putting all my money into bitcoin @ $25k. Now she wants to know if it’s worth it to buy!,/r/Bitcoin/comments/1gpmbwq/my_sister_said_i_was_crazy_for_putting_all_my/,Bitcoin,1gpmbwq
2024-11-12,"El Salvador’s Bitcoin holdings reached $531 million, gaining $263 million in unrealized profit, President Nayib Bukele says “I told you so”.",/r/CryptoCurrency/comments/1gpg0s3/el_salvadors_bitcoin_holdings_reached_531_million/,CryptoCurrency,1gpg0s3
2024-11-12,The U.S. Government Is One Step Closer To Holding 1 Million Bitcoins,/r/CryptoCurrency/comments/1gpoy92/the_us_government_is_one_step_closer_to_holding_1/,CryptoCurrency,1gpoy92
2024-11-12,Bitcoin made history yesterday with the BIGGEST daily move its ever had! 🔥,/r/Bitcoin/comments/1gpsmj4/bitcoin_made_history_yesterday_with_the_biggest/,Bitcoin,1gpsmj4
2024-11-13,Why are there so few active users when BTC is at 90k+? It makes no sense. Are we that early in the bullrun?,/r/CryptoCurrency/comments/1gqexix/why_are_there_so_few_active_users_when_btc_is_at/,CryptoCurrency,1gqexix
2024-11-13,"$711,340,000 Liquidated As Bitcoin (BTC) Rips Past $93,000 in Historic Rally",/r/CryptoCurrency/comments/1gqkvkb/711340000_liquidated_as_bitcoin_btc_rips_past/,CryptoCurrency,1gqkvkb
2024-11-13,"Bitcoin has followed a consistent 4-year cycle For the Past 14 Years, Based on this pattern, we’re now at the beginning of an exponential growth phase.",/r/CryptoCurrency/comments/1gqafju/bitcoin_has_followed_a_consistent_4year_cycle_for/,CryptoCurrency,1gqafju
2024-11-13,"I am the first person in history to buy bitcoin above 100,000$",/r/Bitcoin/comments/1gqjpqq/i_am_the_first_person_in_history_to_buy_bitcoin/,Bitcoin,1gqjpqq
2024-11-14,Ethereum just hit a brand new 3.5 year low against Bitcoin. ,/r/CryptoCurrency/comments/1greczo/ethereum_just_hit_a_brand_new_35_year_low_against/,CryptoCurrency,1greczo
2024-11-14,"Ancient Bitcoin Wallet Comes Alive After Lying Low for Over 13 Years, Moves $3,670,000 in BTC at 646,618% Profit - The Daily Hodl",/r/CryptoCurrency/comments/1grfiki/ancient_bitcoin_wallet_comes_alive_after_lying/,CryptoCurrency,1grfiki
2024-11-14,People with 0.04 Bitcoin deciding if they should take profit or not,/r/Bitcoin/comments/1gquio9/people_with_004_bitcoin_deciding_if_they_should/,Bitcoin,1gquio9
2024-11-14,Finally got 1 BTC ,/r/Bitcoin/comments/1gqzpvq/finally_got_1_btc/,Bitcoin,1gqzpvq
2024-11-14,"Bitcoin Critic Peter Schiff who sees BTC as resembling the tulip mania bubble, responds to Michael Saylor’s $100k BTC Party Comment with “Am I Invited?”.",/r/CryptoCurrency/comments/1gr6gbo/bitcoin_critic_peter_schiff_who_sees_btc_as/,CryptoCurrency,1gr6gbo
2024-11-14,Satoshi Bitcoin wallets now worth over $100 billion making Top 20 richest people,/r/CryptoCurrency/comments/1gr4lt7/satoshi_bitcoin_wallets_now_worth_over_100/,CryptoCurrency,1gr4lt7
2024-11-15,"Satoshi Era Bitcoin Whale moved 2,000 BTC for the First Time Since 2010, he held from $0.06 to $90,000",/r/CryptoCurrency/comments/1gs7eb9/satoshi_era_bitcoin_whale_moved_2000_btc_for_the/,CryptoCurrency,1gs7eb9
2024-11-15,JUST IN: 🇺🇸 Senator Lummis wants to sell the Fed’s Gold to Buy Bitcoin - Bloomberg,/r/Bitcoin/comments/1gs56gn/just_in_senator_lummis_wants_to_sell_the_feds/,Bitcoin,1gs56gn
2024-11-15,i was going to buy bitcoin at 40k but my husband told me not to i feel upset,/r/Bitcoin/comments/1grprfq/i_was_going_to_buy_bitcoin_at_40k_but_my_husband/,Bitcoin,1grprfq
2024-11-15,"Senator Lummis’ Proposal for BITCOIN Act - Sell Fed’s Gold, as BTC Overtakes Silver",/r/CryptoCurrency/comments/1grv064/senator_lummis_proposal_for_bitcoin_act_sell_feds/,CryptoCurrency,1grv064
2024-11-15,Here’s some good advice: Stop telling friends and family how much Bitcoin you own,/r/Bitcoin/comments/1gs3388/heres_some_good_advice_stop_telling_friends_and/,Bitcoin,1gs3388
2024-11-16,A little history of the race between ETH and BTC,/r/CryptoCurrency/comments/1gsjwdt/a_little_history_of_the_race_between_eth_and_btc/,CryptoCurrency,1gsjwdt
2024-11-16,Do we have some early BTC adopters here that got insanely rich? What do you do now? ,/r/Bitcoin/comments/1gsznrd/do_we_have_some_early_btc_adopters_here_that_got/,Bitcoin,1gsznrd
2024-11-16,This doesn't look like a #Bitcoin cycle top to me...,/r/Bitcoin/comments/1gsw7e3/this_doesnt_look_like_a_bitcoin_cycle_top_to_me/,Bitcoin,1gsw7e3
2024-11-17,'More brutal than I expected' — Lyn Alden on ETH/BTC post-election low,/r/CryptoCurrency/comments/1gt8xug/more_brutal_than_i_expected_lyn_alden_on_ethbtc/,CryptoCurrency,1gt8xug
2024-11-17,Bitcoin is the currency of freedom says Robert F. Kennedy Jr,/r/Bitcoin/comments/1gt3pz7/bitcoin_is_the_currency_of_freedom_says_robert_f/,Bitcoin,1gt3pz7
2024-11-17,JUST IN: 🇵🇱 Polish presidential candidate Sławomir Mentzen pledges to adopt a strategic Bitcoin reserve if elected.,/r/Bitcoin/comments/1gtqql4/just_in_polish_presidential_candidate_sławomir/,Bitcoin,1gtqql4
2024-11-17,Why do people on r/investment hate bitcoin so much?,/r/Bitcoin/comments/1gtr1m8/why_do_people_on_rinvestment_hate_bitcoin_so_much/,Bitcoin,1gtr1m8
2024-11-17,"People who believed in BTC since the beginning and knew it was gonna blow up before it actually did, what are you stacking up nowadays?",/r/Bitcoin/comments/1gtkovd/people_who_believed_in_btc_since_the_beginning/,Bitcoin,1gtkovd
2024-11-17,"Bitcoin Holdings on Exchanges are close to an All-Time Low, only 2.33M BTC left on Exchanges, Indicates Increased demand for Self-Custody, Potentially Reducing the Supply and Increases Buying Pressure",/r/CryptoCurrency/comments/1gt8b4f/bitcoin_holdings_on_exchanges_are_close_to_an/,CryptoCurrency,1gt8b4f
2024-11-17,How it feels to quit your job and travel the world thanks to DCAing Bitcoin for 10 years,/r/Bitcoin/comments/1gtbfss/how_it_feels_to_quit_your_job_and_travel_the/,Bitcoin,1gtbfss
2024-11-18,"MicroStrategy has acquired 51,780 BTC for ~$4.6 billion at ~$88,627 per #bitcoin",/r/Bitcoin/comments/1gu4920/microstrategy_has_acquired_51780_btc_for_46/,Bitcoin,1gu4920
2024-11-18,"MicroStrategy Acquires 51,780 BTC and achieves BTC Yield of 20.4% QTD and 41.8% YTD - Now Holds 331,200 BTC",/r/CryptoCurrency/comments/1gu4ib6/microstrategy_acquires_51780_btc_and_achieves_btc/,CryptoCurrency,1gu4ib6
2024-11-18,"Michael Saylor’s MicroStrategy to Raise Another $1.75 Billion to Purchase more Bitcoin, Saylor says “I will be Buying the Top Forever and Bitcoin is the Exit Strategy”.",/r/CryptoCurrency/comments/1gugwnt/michael_saylors_microstrategy_to_raise_another/,CryptoCurrency,1gugwnt
2024-11-19,I was wrong. It’s obvious now that Bitcoin is becoming the most desired and valued asset in the world.,/r/Bitcoin/comments/1gv50fy/i_was_wrong_its_obvious_now_that_bitcoin_is/,Bitcoin,1gv50fy
2024-11-19,"Every BTC ( 1.0 ) you don’t buy , is going to cost you 13 million usd in 21 years  “ Michael Saylor “",/r/Bitcoin/comments/1gupk3a/every_btc_10_you_dont_buy_is_going_to_cost_you_13/,Bitcoin,1gupk3a
2024-11-19,BTC 6K vs 100K,/r/Bitcoin/comments/1gv9qgt/btc_6k_vs_100k/,Bitcoin,1gv9qgt
2024-11-19,Bitcoin metric breakout teases 'inevitable' 90% BTC price rally next,/r/CryptoCurrency/comments/1gusvch/bitcoin_metric_breakout_teases_inevitable_90_btc/,CryptoCurrency,1gusvch
2024-11-19,"MicroStrategy buys nearly 80,000 BTC in November, outpacing US Bitcoin ETF purchases",/r/CryptoCurrency/comments/1gurjbg/microstrategy_buys_nearly_80000_btc_in_november/,CryptoCurrency,1gurjbg
2024-11-19,Bitcoin (BTC) Charts New All-Time High Close to $94K as Bull Rally Resumes,/r/CryptoCurrency/comments/1gv656i/bitcoin_btc_charts_new_alltime_high_close_to_94k/,CryptoCurrency,1gv656i
2024-11-19,The Bitcoin Effect: Polish Presidential Candidate Sławomir Mentzen Promises Strategic BTC Reserve,/r/CryptoCurrency/comments/1guwqa2/the_bitcoin_effect_polish_presidential_candidate/,CryptoCurrency,1guwqa2
2024-11-20,"When BTC hits $100k, it's 10 sats to a cent",/r/Bitcoin/comments/1gvic10/when_btc_hits_100k_its_10_sats_to_a_cent/,Bitcoin,1gvic10
2024-11-20,Stocks vs. BTC,/r/Bitcoin/comments/1gvj1ar/stocks_vs_btc/,Bitcoin,1gvj1ar
2024-11-20,🇺🇸 Senator Cynthia Lummis’ 7-point plan outlined in the Bitcoin Act of 2024 👀,/r/Bitcoin/comments/1gvpqyl/senator_cynthia_lummis_7point_plan_outlined_in/,Bitcoin,1gvpqyl
2024-11-20,"Bitcoin sign spotted: November 20, 2021. They were wrong 💀",/r/CryptoCurrency/comments/1gvn3n8/bitcoin_sign_spotted_november_20_2021_they_were/,CryptoCurrency,1gvn3n8
2024-11-20,"Portfolio advice needed. 100% BTC vs. 50% BTC / 35% SOL / 15% ETH
",/r/CryptoCurrency/comments/1gvrc37/portfolio_advice_needed_100_btc_vs_50_btc_35_sol/,CryptoCurrency,1gvrc37
2024-11-20,Ethereum falls to 4-year low against Bitcoin as BTC breaks above $94k,/r/CryptoCurrency/comments/1gvqpad/ethereum_falls_to_4year_low_against_bitcoin_as/,CryptoCurrency,1gvqpad
2024-11-21,MicroStrategy's stock dives 20% after short-seller says 'volume has completely detached from BTC fundamentals',/r/CryptoCurrency/comments/1gwrjg2/microstrategys_stock_dives_20_after_shortseller/,CryptoCurrency,1gwrjg2
2024-11-21,"ETH-to-BTC price ratio drops to lowest since March 2021 as bitcoin surpasses $97,700",/r/CryptoCurrency/comments/1gwdpcp/ethtobtc_price_ratio_drops_to_lowest_since_march/,CryptoCurrency,1gwdpcp
2024-11-21,"No matter the amount, everyone here should buy btc at 100k to celebrate",/r/Bitcoin/comments/1gwf752/no_matter_the_amount_everyone_here_should_buy_btc/,Bitcoin,1gwf752
2024-11-21,Bitcoin was at $69K just two weeks ago ,/r/Bitcoin/comments/1gw7e68/bitcoin_was_at_69k_just_two_weeks_ago/,Bitcoin,1gw7e68
2024-11-21,"Bitcoin Address Wakes Up After Lying Low for Over 12 Years, Moves $35,843,512 in BTC at 1,667,815% Profit",/r/CryptoCurrency/comments/1gwft5j/bitcoin_address_wakes_up_after_lying_low_for_over/,CryptoCurrency,1gwft5j
2024-11-21,Sold .16 BTC to pay off my car! 🧘🐋🥂,/r/Bitcoin/comments/1gwgp65/sold_16_btc_to_pay_off_my_car/,Bitcoin,1gwgp65
2024-11-21,"Billionaire Mike Novogratz Says Bitcoin Could Skyrocket ‘Much Higher’ Once BTC Blows Past $100,000 – Here’s Why",/r/CryptoCurrency/comments/1gwo983/billionaire_mike_novogratz_says_bitcoin_could/,CryptoCurrency,1gwo983
2024-11-21,"Bitcoin Nears $98,000, Just 2% Away From Six Figures ",/r/CryptoCurrency/comments/1gw8rbl/bitcoin_nears_98000_just_2_away_from_six_figures/,CryptoCurrency,1gw8rbl
2024-11-21,"Once 100k hits, can we… feasibly begin the planning for a god forbid, 1m BTC??",/r/Bitcoin/comments/1gwn55a/once_100k_hits_can_we_feasibly_begin_the_planning/,Bitcoin,1gwn55a
2024-11-22,"Jim Cramer says: “All I can tell you is own Bitcoin, that’s a winner”",/r/CryptoCurrency/comments/1gxab67/jim_cramer_says_all_i_can_tell_you_is_own_bitcoin/,CryptoCurrency,1gxab67
2024-11-22,Today could be the last day you can ever buy BTC for less than $100k,/r/Bitcoin/comments/1gww9hx/today_could_be_the_last_day_you_can_ever_buy_btc/,Bitcoin,1gww9hx
2024-11-22,"When BTC sets you for life, don't say anything but there will be signs.  What are yours?",/r/Bitcoin/comments/1gxczh0/when_btc_sets_you_for_life_dont_say_anything_but/,Bitcoin,1gxczh0
2024-11-22,"I'm buying ETH, because I believe ETH will hit $10K before BTC hits $100k and other traps we told ourselves in 2021",/r/CryptoCurrency/comments/1gxiuct/im_buying_eth_because_i_believe_eth_will_hit_10k/,CryptoCurrency,1gxiuct
2024-11-22,"El Salvador’s Bitcoin Bet Paid Off: 3 Years After Legalizing BTC, Nation’s 5942 BTC Holdings Now Valued at $581M",/r/CryptoCurrency/comments/1gx8l9y/el_salvadors_bitcoin_bet_paid_off_3_years_after/,CryptoCurrency,1gx8l9y
2024-11-23,My Accidental Bitcoin Journey Ended Tonight,/r/Bitcoin/comments/1gxtfth/my_accidental_bitcoin_journey_ended_tonight/,Bitcoin,1gxtfth
2024-11-23,Donald Trump’s Cryptocurrency Advisory Council is Expected to Establish the Promised US Bitcoin Strategic Reserve,/r/CryptoCurrency/comments/1gxycla/donald_trumps_cryptocurrency_advisory_council_is/,CryptoCurrency,1gxycla
2024-11-23,Bitcoin 'wild' odds see 85% chance of BTC price above $100K by New Year,/r/CryptoCurrency/comments/1gy0nuc/bitcoin_wild_odds_see_85_chance_of_btc_price/,CryptoCurrency,1gy0nuc
2024-11-23,Selling BTC at $100k for a quick gain,/r/Bitcoin/comments/1gy7u66/selling_btc_at_100k_for_a_quick_gain/,Bitcoin,1gy7u66
2024-11-23,Me with 0.01 BTC  ,/r/Bitcoin/comments/1gy26qs/me_with_001_btc/,Bitcoin,1gy26qs
2024-11-23,"Bitcoin approaches $100K. The fastest growing company in the world is a bitcoin investment firm. The richest man in the world is pro-crypto. Retirement accounts are buying bitcoin. The future US President wants a strategic bitcoin reserve. Schiff in ruins. It's happening, it's really happening.",/r/Bitcoin/comments/1gxo1u8/bitcoin_approaches_100k_the_fastest_growing/,Bitcoin,1gxo1u8
2024-11-23,Most people will never have the ability to buy 1 bitcoin again. ,/r/Bitcoin/comments/1gy6q1r/most_people_will_never_have_the_ability_to_buy_1/,Bitcoin,1gy6q1r
2024-11-23,"Bitcoin Miner MARA buys 5,771 BTC as Price Nears $100K",/r/CryptoCurrency/comments/1gxv2sb/bitcoin_miner_mara_buys_5771_btc_as_price_nears/,CryptoCurrency,1gxv2sb
2024-11-23,Michael Saylor Reveals MicroStrategy Is 'Making $500M A Day' With Bitcoin: 'May Very Well Be The Most Profitable Company In The US Growing The Fastest Right Now' - Grayscale Bitcoin Mini Trust (BTC) Common units of fractional undivided beneficial interest (ARCA:BTC),/r/CryptoCurrency/comments/1gxz76q/michael_saylor_reveals_microstrategy_is_making/,CryptoCurrency,1gxz76q
2024-11-23,BTC Holder are Happy,/r/Bitcoin/comments/1gxu3tz/btc_holder_are_happy/,Bitcoin,1gxu3tz
2024-11-23,Why is Bitcoin performing better than Ethereum? ETH lags as BTC smashes new all-time high records,/r/CryptoCurrency/comments/1gyb6pu/why_is_bitcoin_performing_better_than_ethereum/,CryptoCurrency,1gyb6pu
2024-11-23,"By stacking bitcoin, are we becoming just like the boomers who buy up a lot of houses to hoard wealth?",/r/Bitcoin/comments/1gy5331/by_stacking_bitcoin_are_we_becoming_just_like_the/,Bitcoin,1gy5331
2024-11-24,"Can you imagine telling people just 2 months ago that in a few weeks +96k will be considered ""dumping"" BTC? What a wild November that was.",/r/Bitcoin/comments/1gz0uco/can_you_imagine_telling_people_just_2_months_ago/,Bitcoin,1gz0uco
2024-11-24,are you the guy buying BTC now?,/r/Bitcoin/comments/1gyk9wq/are_you_the_guy_buying_btc_now/,Bitcoin,1gyk9wq
2024-11-24,"While you are scared, whales just bought $107 million worth of #Bitcoin 👀",/r/Bitcoin/comments/1gyw3qg/while_you_are_scared_whales_just_bought_107/,Bitcoin,1gyw3qg
2024-11-24,"So, I bought BTC at $600…",/r/Bitcoin/comments/1gywwl1/so_i_bought_btc_at_600/,Bitcoin,1gywwl1
2024-11-25,55000 bitcoin bought by Michael,/r/Bitcoin/comments/1gzidg2/55000_bitcoin_bought_by_michael/,Bitcoin,1gzidg2
2024-11-25,"Why Bitcoin's Rally Is Stalling Below $100,000 ",/r/CryptoCurrency/comments/1gzk4va/why_bitcoins_rally_is_stalling_below_100000/,CryptoCurrency,1gzk4va
2024-11-25, Dad made me buy 2 BTC instead of iPhone 6s in 2016... thank you forever,/r/Bitcoin/comments/1gzm7z1/dad_made_me_buy_2_btc_instead_of_iphone_6s_in/,Bitcoin,1gzm7z1
2024-11-25,"Have been a chump saying ‘its too late’ since 2016, finally bought my first BTC yesterday, I’m in for the long haul, never selling until I absolutely need to. And will put in more every week!",/r/Bitcoin/comments/1gzdy64/have_been_a_chump_saying_its_too_late_since_2016/,Bitcoin,1gzdy64
2024-11-25,Avoid Bitcoin Depot ATM ,/r/Bitcoin/comments/1gzqq55/avoid_bitcoin_depot_atm/,Bitcoin,1gzqq55
2024-11-25,"Bitcoin Investor Turns Daily $30 Purchases Into $1 Million Portfolio In 7 Years, 10 Months And 12 Days",/r/CryptoCurrency/comments/1gzqe5b/bitcoin_investor_turns_daily_30_purchases_into_1/,CryptoCurrency,1gzqe5b
2024-11-25,Why would MicroStrategy purchase additional 50% of their BTC holding at the peak? Are they leveraging / borrowing?,/r/CryptoCurrency/comments/1gzx1qv/why_would_microstrategy_purchase_additional_50_of/,CryptoCurrency,1gzx1qv
2024-11-25,"Just over two years ago the most expensive Reddit Collectible Avatar sale occurred for 30 ETH, an equivalent of 2.1 BTC at the time of the sale - a $206,000 mistake today. ",/r/CryptoCurrency/comments/1gz9yc2/just_over_two_years_ago_the_most_expensive_reddit/,CryptoCurrency,1gz9yc2
2024-11-25,Just hit 2.5 BTC at 26…,/r/Bitcoin/comments/1gzr3cj/just_hit_25_btc_at_26/,Bitcoin,1gzr3cj
2024-11-26,Bitcoin Investing: A Masterclass in second-guessing yourself. Enjoy.,/r/Bitcoin/comments/1h0ag8a/bitcoin_investing_a_masterclass_in_secondguessing/,Bitcoin,1h0ag8a
2024-11-26,"Bitcoin is literally down 5% from it’s all time high, and still up 40% on the month. Why are people shitting on it??",/r/Bitcoin/comments/1h06hd8/bitcoin_is_literally_down_5_from_its_all_time/,Bitcoin,1h06hd8
2024-11-26,"My dad says I should put a few hundred dollars in bitcoin now, and take it out when I'm 18",/r/Bitcoin/comments/1h0pszt/my_dad_says_i_should_put_a_few_hundred_dollars_in/,Bitcoin,1h0pszt
2024-11-27,Just a dumb question: Will MicroStrategy be forced to sell their BTC if it goes well below their average purchase price (around 56k at present),/r/CryptoCurrency/comments/1h14cnf/just_a_dumb_question_will_microstrategy_be_forced/,CryptoCurrency,1h14cnf
2024-11-27,Ichi talks about his 600 bitcoins in 2010,/r/Bitcoin/comments/1h128u9/ichi_talks_about_his_600_bitcoins_in_2010/,Bitcoin,1h128u9
2024-11-27,"Bitcoin Monthly Returns in November are at spectacular + 33.54%, Historically Speaking, if BTC continues to follow 2016 2020 Halving Trend, November will always be followed by Green December.",/r/CryptoCurrency/comments/1h18akx/bitcoin_monthly_returns_in_november_are_at/,CryptoCurrency,1h18akx
2024-11-27,Bought Bitcoin at $99k last week!,/r/Bitcoin/comments/1h15hyr/bought_bitcoin_at_99k_last_week/,Bitcoin,1h15hyr
2024-11-27,Less Than 1 Million Bitcoin Addresses Hold Over 1 BTC Today,/r/CryptoCurrency/comments/1h1iahw/less_than_1_million_bitcoin_addresses_hold_over_1/,CryptoCurrency,1h1iahw
2024-11-28,Bitcoin is up 594% since Peter Zeihan said that it would go to $0,/r/Bitcoin/comments/1h24zbx/bitcoin_is_up_594_since_peter_zeihan_said_that_it/,Bitcoin,1h24zbx
2024-11-28,BTC sell it?,/r/Bitcoin/comments/1h287kd/btc_sell_it/,Bitcoin,1h287kd
2024-11-28,"Bitcoin Price Could Soar to $225,000 by 2026, Says Analyst
",/r/CryptoCurrency/comments/1h27it5/bitcoin_price_could_soar_to_225000_by_2026_says/,CryptoCurrency,1h27it5
2024-11-28,Bitcoin first passed $1000 on Nov 28 2013 and $10000 on Nov 28 2017…,/r/Bitcoin/comments/1h1nd4w/bitcoin_first_passed_1000_on_nov_28_2013_and/,Bitcoin,1h1nd4w
2024-11-28,"500,000 Bitcoin Sold by Long-Term Holders As BTC Rallies Toward $100,000: Glassnode - The Daily Hodl",/r/CryptoCurrency/comments/1h1xcsp/500000_bitcoin_sold_by_longterm_holders_as_btc/,CryptoCurrency,1h1xcsp
2024-11-28,"El Salvador Continues to Purchase 1 Bitcoin Every Single day, Since President Nayib Bukele Announced on 16 Nov 2022, total holdings stand at staggering 5.948k BTC ($568M).",/r/CryptoCurrency/comments/1h1vc49/el_salvador_continues_to_purchase_1_bitcoin_every/,CryptoCurrency,1h1vc49
2024-11-28,JUST IN: 🇷🇺 Russia to treat Bitcoin as property and exempt from VAT tax after bill passed parliament's upper house. It now awaits Putin's signature.,/r/Bitcoin/comments/1h1wav7/just_in_russia_to_treat_bitcoin_as_property_and/,Bitcoin,1h1wav7
2024-11-29,My sister texted me about bitcoin this morning,/r/Bitcoin/comments/1h2nqop/my_sister_texted_me_about_bitcoin_this_morning/,Bitcoin,1h2nqop
2024-11-29,"Jim Cramer said “Unlikely that Bitcoin finds its footing” at the beginning of 2024, BTC was $39,556, Since then BTC skyrocketed to $99,500 almost 155% gain.",/r/CryptoCurrency/comments/1h2lv91/jim_cramer_said_unlikely_that_bitcoin_finds_its/,CryptoCurrency,1h2lv91
2024-11-29,"You can find more Gold, but not Bitcoin.",/r/Bitcoin/comments/1h2m7in/you_can_find_more_gold_but_not_bitcoin/,Bitcoin,1h2m7in
2024-11-29,"What happens with this ""sell wall"" when BTC hits 100k?",/r/Bitcoin/comments/1h2we6c/what_happens_with_this_sell_wall_when_btc_hits/,Bitcoin,1h2we6c
2024-11-29,I hope people can see whats happening with US based cryptos and Bitcoin,/r/CryptoCurrency/comments/1h2vzcp/i_hope_people_can_see_whats_happening_with_us/,CryptoCurrency,1h2vzcp
2024-11-30,You work for it. They print it out of thin air. Bitcoin fixes this.,/r/Bitcoin/comments/1h3cvwj/you_work_for_it_they_print_it_out_of_thin_air/,Bitcoin,1h3cvwj
2024-11-30,Bitcoin hitting $100k,/r/Bitcoin/comments/1h3d2au/bitcoin_hitting_100k/,Bitcoin,1h3d2au
2024-11-30,"While everyone focuses on Saylor and El Salvador, the number 1 Bitcoin degen is actually Bhutan",/r/CryptoCurrency/comments/1h36wnm/while_everyone_focuses_on_saylor_and_el_salvador/,CryptoCurrency,1h36wnm
2024-11-30,Do you tell your friends and family to buy bitcoin?,/r/Bitcoin/comments/1h3n9tz/do_you_tell_your_friends_and_family_to_buy_bitcoin/,Bitcoin,1h3n9tz
2024-12-01,My parents bought bitcoin.,/r/Bitcoin/comments/1h4644a/my_parents_bought_bitcoin/,Bitcoin,1h4644a
2024-12-01,$5.34 Billion in Bitcoin Withdrawn from Exchanges in 72 Hours,/r/CryptoCurrency/comments/1h49v9m/534_billion_in_bitcoin_withdrawn_from_exchanges/,CryptoCurrency,1h49v9m
2024-12-01,"BTC has been declared “dead” 415 times in the past 14 years. If $100 is invested each time, the current return will exceed $101 million",/r/CryptoCurrency/comments/1h3zz64/btc_has_been_declared_dead_415_times_in_the_past/,CryptoCurrency,1h3zz64
2024-12-02,This is the cause why I didn't buy BTC in 2010,/r/Bitcoin/comments/1h4of3z/this_is_the_cause_why_i_didnt_buy_btc_in_2010/,Bitcoin,1h4of3z
2024-12-02,"7 years ago today, The Big Bang Theory's Bitcoin Episode airs on national TV. ""I can't believe 1 $BTC is $5,000.""",/r/Bitcoin/comments/1h4yjpb/7_years_ago_today_the_big_bang_theorys_bitcoin/,Bitcoin,1h4yjpb
2024-12-02,"MicroStrategy has Acquired Another 15,400 BTC for $1.5 Billion. They Now hold 402,100 BTC Acquired for $23.4 Billion, Saylor quotes “The only thing better than Bitcoin is more Bitcoin”.",/r/CryptoCurrency/comments/1h4uxbt/microstrategy_has_acquired_another_15400_btc_for/,CryptoCurrency,1h4uxbt
2024-12-02,Another 15400 btc snatched by Saylor,/r/Bitcoin/comments/1h4uihs/another_15400_btc_snatched_by_saylor/,Bitcoin,1h4uihs
2024-12-02,Bitcoin (BTC) Price Dips as U.S. Government Moved Nearly $2B Silk Road Bitcoin,/r/CryptoCurrency/comments/1h51cyy/bitcoin_btc_price_dips_as_us_government_moved/,CryptoCurrency,1h51cyy
2024-12-02,ALERT: US GOVERNMENT MOVING $1.92B BTC TO NEW ADDRESS,/r/Bitcoin/comments/1h4zste/alert_us_government_moving_192b_btc_to_new_address/,Bitcoin,1h4zste
2024-12-02,I paid the most for bitcoin. My first purchase of Bitcoin to test the waters. Is my timing just bad? Has anyone ever paid this much for Bitcoin before? How long do I have to wait before I feel like I made the right investment?,/r/Bitcoin/comments/1h5243u/i_paid_the_most_for_bitcoin_my_first_purchase_of/,Bitcoin,1h5243u
2024-12-02,"James Lavish says Bitcoin is “0.2% right now, at 1% of the total global assets, Bitcoin's a $9 Trillion asset and worth about $450,000, at 3% is worth $1.3 Million per BTC” 🚀",/r/Bitcoin/comments/1h504ht/james_lavish_says_bitcoin_is_02_right_now_at_1_of/,Bitcoin,1h504ht
2024-12-03,"U.S. Government has started to move $33.6M worth of ETH, BUSD, SHIB and other coins to a New Wallet, they also continue to hold mammoth of 198.1k BTC ($18.92B).",/r/CryptoCurrency/comments/1h5xmfi/us_government_has_started_to_move_336m_worth_of/,CryptoCurrency,1h5xmfi
2024-12-03,US Government Transfers Bitcoin Worth $2 billion to Coinbase,/r/CryptoCurrency/comments/1h5bn8d/us_government_transfers_bitcoin_worth_2_billion/,CryptoCurrency,1h5bn8d
2024-12-03,Michael Saylor says his 3-minute Bitcoin presentation to the Microsoft board wasn't just for MSFT shareholders. It was for every company in the world. 🧡,/r/Bitcoin/comments/1h5dgqe/michael_saylor_says_his_3minute_bitcoin/,Bitcoin,1h5dgqe
2024-12-03,"Bitcoin crashes to $62,000 on Upbit after South Korea enacts emergency martial law",/r/CryptoCurrency/comments/1h5upwo/bitcoin_crashes_to_62000_on_upbit_after_south/,CryptoCurrency,1h5upwo
2024-12-03,"Guys I want to buy 21,000,001 BTC… but can only do 20 at a time. What gives?",/r/Bitcoin/comments/1h5dchj/guys_i_want_to_buy_21000001_btc_but_can_only_do/,Bitcoin,1h5dchj
2024-12-03,Brian Armstrong (Coinbase CEO) Says that US Government Should Never Sell Bitcoin (BTC),/r/CryptoCurrency/comments/1h5tbww/brian_armstrong_coinbase_ceo_says_that_us/,CryptoCurrency,1h5tbww
2024-12-04,"NEW: 🇺🇸 Fed Chair Jerome Powell says Bitcoin is a competitor to gold, not the US dollar.",/r/Bitcoin/comments/1h6oqcc/new_fed_chair_jerome_powell_says_bitcoin_is_a/,Bitcoin,1h6oqcc
2024-12-04,"""Who's Laughing Now?"" - NYC Mayor Received Bitcoin Paychecks and Says ""We Should Not Be Afraid of Bitcoin""",/r/CryptoCurrency/comments/1h6j243/whos_laughing_now_nyc_mayor_received_bitcoin/,CryptoCurrency,1h6j243
2024-12-04,"JUST IN: 🇷🇺 Russian President Putin says ""Who can ban Bitcoin? Nobody.""",/r/Bitcoin/comments/1h6h0y3/just_in_russian_president_putin_says_who_can_ban/,Bitcoin,1h6h0y3
2024-12-04,Putin says no one can ban Bitcoin and digital assets,/r/CryptoCurrency/comments/1h6in60/putin_says_no_one_can_ban_bitcoin_and_digital/,CryptoCurrency,1h6in60
2024-12-05,People are worried that they can’t buy daily stuff with a Bitcoin being $100k smh,/r/Bitcoin/comments/1h7eg4j/people_are_worried_that_they_cant_buy_daily_stuff/,Bitcoin,1h7eg4j
2024-12-05,Bitcoin Hit 100k,/r/Bitcoin/comments/1h6ykx6/bitcoin_hit_100k/,Bitcoin,1h6ykx6
2024-12-05,The Bitcoin $100 and Bitcoin $100K side by side video is insane,/r/Bitcoin/comments/1h7a4vn/the_bitcoin_100_and_bitcoin_100k_side_by_side/,Bitcoin,1h7a4vn
2024-12-05,"Dormant Bitcoin Whale transfers 2,700 BTC, he received bitcoins back in 2013 when price was only $625, the current value skyrocketed to $277M almost 15,300% gain.",/r/CryptoCurrency/comments/1h75jfc/dormant_bitcoin_whale_transfers_2700_btc_he/,CryptoCurrency,1h75jfc
2024-12-05,I went from broke to millionaire in 7 years on a middle-class income thanks to Bitcoin,/r/Bitcoin/comments/1h7ie4r/i_went_from_broke_to_millionaire_in_7_years_on_a/,Bitcoin,1h7ie4r
2024-12-05,On February 9th 2011 Bitcoin first touched $1. Less than 14 years later Bitcoin has surpassed $100k. An increase of 10 Million percent. ,/r/CryptoCurrency/comments/1h6yoqp/on_february_9th_2011_bitcoin_first_touched_1_less/,CryptoCurrency,1h6yoqp
2024-12-05,Bitcoins Officially Hits $100.000 For The First Time Ever,/r/CryptoCurrency/comments/1h6yyus/bitcoins_officially_hits_100000_for_the_first/,CryptoCurrency,1h6yyus
2024-12-05,"Man narrows landfill search for $771 million Bitcoin hard drive with ""finely tuned"" plan",/r/CryptoCurrency/comments/1h7i6m7/man_narrows_landfill_search_for_771_million/,CryptoCurrency,1h7i6m7
2024-12-05,"I made this username over 6 years ago, and today @ $100K is my day!",/r/Bitcoin/comments/1h6z0g7/i_made_this_username_over_6_years_ago_and_today/,Bitcoin,1h6z0g7
2024-12-06,There has got to be a way to ban ‘Should I buy BTC now’ posts…,/r/Bitcoin/comments/1h89khh/there_has_got_to_be_a_way_to_ban_should_i_buy_btc/,Bitcoin,1h89khh
2024-12-06,"Bitcoin will replace gold as the 'premier store of value' asset in the next decade, Bernstein says",/r/CryptoCurrency/comments/1h7y7in/bitcoin_will_replace_gold_as_the_premier_store_of/,CryptoCurrency,1h7y7in
2024-12-06,Bitcoin sudden drop to $93K wipes out $303M of longs within minutes,/r/CryptoCurrency/comments/1h7pq5l/bitcoin_sudden_drop_to_93k_wipes_out_303m_of/,CryptoCurrency,1h7pq5l
2024-12-06,No capital gains tax on Bitcoin has just been passed in The Czech Republic with all members of the parliament voting for it 🇨🇿🔥,/r/Bitcoin/comments/1h7zvgf/no_capital_gains_tax_on_bitcoin_has_just_been/,Bitcoin,1h7zvgf
2024-12-07,Michael Saylor Says His Bitcoin Strategy Is Simple: 'Just Keep Buying BTC With Your Spare Capital',/r/CryptoCurrency/comments/1h8ktug/michael_saylor_says_his_bitcoin_strategy_is/,CryptoCurrency,1h8ktug
2024-12-07,I wish I had spent the past 10 years investing in BTC instead of 401K,/r/Bitcoin/comments/1h8qu8f/i_wish_i_had_spent_the_past_10_years_investing_in/,Bitcoin,1h8qu8f
2024-12-07,"Bitcoin Mining Company Marathon Digital has acquired another $133.7M Worth of Bitcoin in last 24hrs, MARA Holdings stand at 19,936 BTC ($1.99B)",/r/CryptoCurrency/comments/1h8qqhi/bitcoin_mining_company_marathon_digital_has/,CryptoCurrency,1h8qqhi
2024-12-07,My girlfriend said I can go all in on bitcoin ,/r/Bitcoin/comments/1h8zmyi/my_girlfriend_said_i_can_go_all_in_on_bitcoin/,Bitcoin,1h8zmyi
2024-12-07,"How Germany Sold 50,000 Bitcoin Too Soon, Missing $5 Billion Opportunity",/r/CryptoCurrency/comments/1h92dry/how_germany_sold_50000_bitcoin_too_soon_missing_5/,CryptoCurrency,1h92dry
2024-12-07,Top Bitcoin @$100K post removed from r/investing,/r/Bitcoin/comments/1h8sucy/top_bitcoin_100k_post_removed_from_rinvesting/,Bitcoin,1h8sucy
2024-12-07,"US Bitcoin Spot ETFs Now HODL 1.1M BTC, More Than Satoshi Nakamoto! And They're Less Than a Year Old.",/r/CryptoCurrency/comments/1h8mn4u/us_bitcoin_spot_etfs_now_hodl_11m_btc_more_than/,CryptoCurrency,1h8mn4u
2024-12-08,Last Btc I ever sold,/r/Bitcoin/comments/1h9qpf2/last_btc_i_ever_sold/,Bitcoin,1h9qpf2
2024-12-08,"Last night I found a wallet from 2013, I think it was worth around 200 USD at the time.",/r/Bitcoin/comments/1h96768/last_night_i_found_a_wallet_from_2013_i_think_it/,Bitcoin,1h96768
2024-12-08,Bitcoin Has 32 Halvings in Total and We Have Only Experienced 4 So Far! BTC Is so Young!,/r/CryptoCurrency/comments/1h9e98z/bitcoin_has_32_halvings_in_total_and_we_have_only/,CryptoCurrency,1h9e98z
2024-12-08,"Bitcoin Pizza Day 😂, nice day",/r/Bitcoin/comments/1h9dchp/bitcoin_pizza_day_nice_day/,Bitcoin,1h9dchp
2024-12-08,The car is temporary - Bitcoin is forever,/r/CryptoCurrency/comments/1h9gcy2/the_car_is_temporary_bitcoin_is_forever/,CryptoCurrency,1h9gcy2
2024-12-08,Elon Musk’s Tesla missed out on $3 billion by selling Bitcoin at $31k,/r/CryptoCurrency/comments/1h9pp4t/elon_musks_tesla_missed_out_on_3_billion_by/,CryptoCurrency,1h9pp4t
2024-12-08,"Buttcoiners are coping hard since Bitcoin crossed $100k, they still fail to understand BTC so never ending hate continues",/r/CryptoCurrency/comments/1h9o6ve/buttcoiners_are_coping_hard_since_bitcoin_crossed/,CryptoCurrency,1h9o6ve
2024-12-08,Bitcoin rat at the NY Fed the night BTC hits $100000,/r/Bitcoin/comments/1h95xci/bitcoin_rat_at_the_ny_fed_the_night_btc_hits/,Bitcoin,1h95xci
2024-12-09,"$1.47B liquidated from the Crypto Market in last 24hrs as Bitcoin dips $94k, alts go into free fall",/r/CryptoCurrency/comments/1hakwnp/147b_liquidated_from_the_crypto_market_in_last/,CryptoCurrency,1hakwnp
2024-12-09,"MicroStrategy now owns 2% of all Bitcoins that will ever exist after purchasing additional 21,550 Bitcoins for $2 billion, total holdings stand at 423,650 BTC acquired for $25.6 Billion.",/r/CryptoCurrency/comments/1haa9o7/microstrategy_now_owns_2_of_all_bitcoins_that/,CryptoCurrency,1haa9o7
2024-12-09,Sold 25% of my BTC to trade alts here is how it went,/r/CryptoCurrency/comments/1ha31km/sold_25_of_my_btc_to_trade_alts_here_is_how_it/,CryptoCurrency,1ha31km
2024-12-09,🚨 A WHALE JUST BOUGHT 1850 BTC WORTH 181.7M ON BINANCE ,/r/Bitcoin/comments/1haegyt/a_whale_just_bought_1850_btc_worth_1817m_on/,Bitcoin,1haegyt
2024-12-10,Once you see it,/r/Bitcoin/comments/1hb16dk/once_you_see_it/,Bitcoin,1hb16dk
2024-12-10,Bitcoin pizza deal worth almost $1 billion now,/r/Bitcoin/comments/1hapiea/bitcoin_pizza_deal_worth_almost_1_billion_now/,Bitcoin,1hapiea
2024-12-10,"So, can someone explain to me how massive corporations, investment firms, and governments buying up bitcoin by the thousands is a good thing?",/r/CryptoCurrency/comments/1haor74/so_can_someone_explain_to_me_how_massive/,CryptoCurrency,1haor74
2024-12-10,Peter Schiff Advises Biden To Do One 'Good Thing' Before His Term Ends: 'Sell All The Bitcoin' Held By The US ,/r/CryptoCurrency/comments/1hatkmm/peter_schiff_advises_biden_to_do_one_good_thing/,CryptoCurrency,1hatkmm
2024-12-10,"Michael Saylor says, ""We sold $1.5B of stock backed by $500M of BTC. We bought back $1.5B of Bitcoin, capturing nearly a BILLION dollar gain in the arbitrage."" 🤯",/r/Bitcoin/comments/1hb5dn9/michael_saylor_says_we_sold_15b_of_stock_backed/,Bitcoin,1hb5dn9
2024-12-10,"Crypto crash wipes out $1.7 billion in leveraged positions, Bitcoin plunges toward $94,000",/r/CryptoCurrency/comments/1hb2iqs/crypto_crash_wipes_out_17_billion_in_leveraged/,CryptoCurrency,1hb2iqs
2024-12-10,JUST IN: The Wall Street Journal telling its readers there will only ever be 21m Bitcoin,/r/Bitcoin/comments/1hb43d2/just_in_the_wall_street_journal_telling_its/,Bitcoin,1hb43d2
2024-12-11,"This Anonymous guy received $50 worth of Bitcoin back in 2012, HODLed through 13 Majestic Years, sold them for $1M in 2024 at $100k.",/r/CryptoCurrency/comments/1hbsf6a/this_anonymous_guy_received_50_worth_of_bitcoin/,CryptoCurrency,1hbsf6a
2024-12-11,Not a single top 100 Alt from 2021/2022 has hit a new ATH against BTC. ,/r/CryptoCurrency/comments/1hbhsgx/not_a_single_top_100_alt_from_20212022_has_hit_a/,CryptoCurrency,1hbhsgx
2024-12-11,"FUN FACT: 15 years ago today, you could buy 15 Bitcoin for 1 cent ✨",/r/Bitcoin/comments/1hbr0lh/fun_fact_15_years_ago_today_you_could_buy_15/,Bitcoin,1hbr0lh
2024-12-11,25 and new to BTC,/r/Bitcoin/comments/1hc2w56/25_and_new_to_btc/,Bitcoin,1hc2w56
2024-12-13,Satoshi Era Bitcoin Buyer Jailed for Two Years in First U.S. Crypto Tax Evasion Sentencing,/r/CryptoCurrency/comments/1hdeumz/satoshi_era_bitcoin_buyer_jailed_for_two_years_in/,CryptoCurrency,1hdeumz
2024-12-13,Paid off my house today by taking profit from selling a small % of my Bitcoin,/r/Bitcoin/comments/1hdpmtp/paid_off_my_house_today_by_taking_profit_from/,Bitcoin,1hdpmtp
2024-12-13,Bitwise: Bitcoin to Hit $1 MILLION and Surpass Gold’s $19T Market Cap by 2029. BTC 20th Birthday Prediction,/r/CryptoCurrency/comments/1hdnqxa/bitwise_bitcoin_to_hit_1_million_and_surpass/,CryptoCurrency,1hdnqxa
2024-12-13,"BlackRock Closes the Door on Altcoins: ""Only Bitcoin and Ethereum!""",/r/CryptoCurrency/comments/1hdj61y/blackrock_closes_the_door_on_altcoins_only/,CryptoCurrency,1hdj61y
2024-12-13,"Riot Platforms acquires 5,117 BTC for $510 million at an average price of $99,669 per Bitcoin.",/r/CryptoCurrency/comments/1hdeg6d/riot_platforms_acquires_5117_btc_for_510_million/,CryptoCurrency,1hdeg6d
2024-12-13,Sold my car for BTC. ,/r/Bitcoin/comments/1hdfe4z/sold_my_car_for_btc/,Bitcoin,1hdfe4z
2024-12-14,Got scammed out of 0.8 btc... ,/r/Bitcoin/comments/1hea1z8/got_scammed_out_of_08_btc/,Bitcoin,1hea1z8
2024-12-14,"If you bought $1 of BTC 15 years ago you would now have $166,427,213.12",/r/Bitcoin/comments/1hdzt98/if_you_bought_1_of_btc_15_years_ago_you_would_now/,Bitcoin,1hdzt98
2024-12-14,Trump Confirms Bitcoin Reserve Plans—$15 Trillion Price Boom Predicted,/r/CryptoCurrency/comments/1heezpq/trump_confirms_bitcoin_reserve_plans15_trillion/,CryptoCurrency,1heezpq
2024-12-14,Just officially got my first cent of a bitcoin!!!,/r/Bitcoin/comments/1hdrotc/just_officially_got_my_first_cent_of_a_bitcoin/,Bitcoin,1hdrotc
2024-12-14, Dollar vs btc,/r/Bitcoin/comments/1hdwaep/dollar_vs_btc/,Bitcoin,1hdwaep
2024-12-14,Early Bitcoin investor jailed for falsely reporting crypto gains in $4M BTC sale,/r/CryptoCurrency/comments/1hdv9jy/early_bitcoin_investor_jailed_for_falsely/,CryptoCurrency,1hdv9jy
2024-12-15,"I'm so late, but I bought my first $600 of bitcoin yesterday!",/r/Bitcoin/comments/1hf0nea/im_so_late_but_i_bought_my_first_600_of_bitcoin/,Bitcoin,1hf0nea
2024-12-15,Why Michael Saylor/MSTR Is Essentially Funneling Endless Money Into Bitcoin Pricing,/r/Bitcoin/comments/1hewsl1/why_michael_saylormstr_is_essentially_funneling/,Bitcoin,1hewsl1
2024-12-15,I sold my wife for BTC,/r/Bitcoin/comments/1heigoy/i_sold_my_wife_for_btc/,Bitcoin,1heigoy
2024-12-15,Do you still DCA into BTC during times like these? ,/r/Bitcoin/comments/1hf5qcu/do_you_still_dca_into_btc_during_times_like_these/,Bitcoin,1hf5qcu
2024-12-15,Bitcoin Breaks Barriers: Network Hashrate Smashes 800 EH/s as BTC Eyes New Price Highs,/r/CryptoCurrency/comments/1hf559f/bitcoin_breaks_barriers_network_hashrate_smashes/,CryptoCurrency,1hf559f
2024-12-16,"MicroStrategy acquires 15,350 BTC ahead of Nasdaq-100 listing",/r/CryptoCurrency/comments/1hfkbx3/microstrategy_acquires_15350_btc_ahead_of/,CryptoCurrency,1hfkbx3
2024-12-16,1 BTC = 1 Lambo 106K ,/r/Bitcoin/comments/1hf7k28/1_btc_1_lambo_106k/,Bitcoin,1hf7k28
2024-12-16,Clearly Bitcoin is a 16yr old scam (that will go up forever)?,/r/Bitcoin/comments/1hff93o/clearly_bitcoin_is_a_16yr_old_scam_that_will_go/,Bitcoin,1hff93o
2024-12-16,El Salvador is now $362 MILLION in profit on its Bitcoin investment.,/r/Bitcoin/comments/1hfqox7/el_salvador_is_now_362_million_in_profit_on_its/,Bitcoin,1hfqox7
2024-12-16,Was that the Last chance to buy Bitcoin under $100k?,/r/CryptoCurrency/comments/1hf7f0a/was_that_the_last_chance_to_buy_bitcoin_under_100k/,CryptoCurrency,1hf7f0a
2024-12-17,"Bitcoin Founder Satoshi Nakamoto Overtook Michael Bloomberg As 16th Richest Person When BTC Hit $106k, Closed In On Bill Gates",/r/CryptoCurrency/comments/1hghckg/bitcoin_founder_satoshi_nakamoto_overtook_michael/,CryptoCurrency,1hghckg
2024-12-17,"The Bitcoin 4-Year Cycle Strikes Again: This 2019 Hot Take on BTC At $3,800k Aged Like Milk",/r/CryptoCurrency/comments/1hg4tlg/the_bitcoin_4year_cycle_strikes_again_this_2019/,CryptoCurrency,1hg4tlg
2024-12-17,Trump may use Bitcoin as US reserve asset on 'day one' — How high will BTC price go?,/r/CryptoCurrency/comments/1hg801s/trump_may_use_bitcoin_as_us_reserve_asset_on_day/,CryptoCurrency,1hg801s
2024-12-17,"BTC Price Prediction: Traders Now Target $120,000 as Bitcoin Sets New Recrod",/r/CryptoCurrency/comments/1hgdm9c/btc_price_prediction_traders_now_target_120000_as/,CryptoCurrency,1hgdm9c
2024-12-17,"‘No to CBDC, yes to Bitcoin’ — European MP calls for EU BTC reserve",/r/CryptoCurrency/comments/1hg9jtt/no_to_cbdc_yes_to_bitcoin_european_mp_calls_for/,CryptoCurrency,1hg9jtt
2024-12-18,"This person sold all their BTC @$45k in January, hoping to buy back at $25k, 3 months before the halving. ",/r/Bitcoin/comments/1hh8tcu/this_person_sold_all_their_btc_45k_in_january/,Bitcoin,1hh8tcu
2024-12-18,Anyone remember when Dominos pizza (UK) were giving away £10 worth of BTC when you bought a pizza? I left mine in the wallet they made me sign up to get it. ,/r/Bitcoin/comments/1hh0n54/anyone_remember_when_dominos_pizza_uk_were_giving/,Bitcoin,1hh0n54
2024-12-18,"Is $210,000 Bitcoin's next high? Institutions think so",/r/CryptoCurrency/comments/1hgq4dd/is_210000_bitcoins_next_high_institutions_think_so/,CryptoCurrency,1hgq4dd
2024-12-18,BTC 🚀,/r/Bitcoin/comments/1hgqlrl/btc/,Bitcoin,1hgqlrl
2024-12-18,How is BTC going down right now with this news 😅,/r/Bitcoin/comments/1hha5nk/how_is_btc_going_down_right_now_with_this_news/,Bitcoin,1hha5nk
2024-12-18,"Fed Chair Jerome Powell says ""we're not allowed to own Bitcoin"".",/r/CryptoCurrency/comments/1hhbdry/fed_chair_jerome_powell_says_were_not_allowed_to/,CryptoCurrency,1hhbdry
2024-12-19,Bitcoin CEO Gives Christmas Discount,/r/Bitcoin/comments/1hhfq3z/bitcoin_ceo_gives_christmas_discount/,Bitcoin,1hhfq3z
2024-12-19,And just like that Bitcoin Dominance is up another percent.,/r/CryptoCurrency/comments/1hhidfg/and_just_like_that_bitcoin_dominance_is_up/,CryptoCurrency,1hhidfg
2024-12-19,El Salvador says it will keep buying bitcoin despite IMF warning,/r/Bitcoin/comments/1hi1ea5/el_salvador_says_it_will_keep_buying_bitcoin/,Bitcoin,1hi1ea5
2024-12-19,Bitcoin just broke $100k. This means it's going to $0. See chart below,/r/Bitcoin/comments/1hi1oq3/bitcoin_just_broke_100k_this_means_its_going_to_0/,Bitcoin,1hi1oq3
2024-12-19,JUST IN: 🇺🇸 Publicly traded Hut 8 buys 990 Bitcoin for $100 MILLION.,/r/Bitcoin/comments/1hhtxq3/just_in_publicly_traded_hut_8_buys_990_bitcoin/,Bitcoin,1hhtxq3
2024-12-19,Bitcoin no longer legal tender in El Salvador!,/r/Bitcoin/comments/1hhqnhl/bitcoin_no_longer_legal_tender_in_el_salvador/,Bitcoin,1hhqnhl
2024-12-19,"I’m calling it now, we’ll never see Bitcoin below $1,000 again",/r/Bitcoin/comments/1hhl1l4/im_calling_it_now_well_never_see_bitcoin_below/,Bitcoin,1hhl1l4
2024-12-19,Trump meets with Crypto.com CEO to discuss Bitcoin reserve and crypto appointments,/r/CryptoCurrency/comments/1hhot26/trump_meets_with_cryptocom_ceo_to_discuss_bitcoin/,CryptoCurrency,1hhot26
2024-12-20,Someone Paid $790K in Fees to Transfer $13K in Bitcoin (BTC)... Ouch!,/r/CryptoCurrency/comments/1hidtys/someone_paid_790k_in_fees_to_transfer_13k_in/,CryptoCurrency,1hidtys
2024-12-20,Michael Saylor publishes Bitcoin and crypto framework for the US government,/r/CryptoCurrency/comments/1hiusgr/michael_saylor_publishes_bitcoin_and_crypto/,CryptoCurrency,1hiusgr
2024-12-20,"Bitcoin pullback mirrors 2020 reversal 250 days post-halving, it then rose 140%",/r/CryptoCurrency/comments/1hihn7v/bitcoin_pullback_mirrors_2020_reversal_250_days/,CryptoCurrency,1hihn7v
2024-12-20,They want your BTC ,/r/Bitcoin/comments/1hiljak/they_want_your_btc/,Bitcoin,1hiljak
2024-12-20,This Man Sold His House for Bitcoin in 2017—Now He Can Buy 25 Homes,/r/CryptoCurrency/comments/1hiflwd/this_man_sold_his_house_for_bitcoin_in_2017now_he/,CryptoCurrency,1hiflwd
2024-12-20,Nayib bought 11 BTC today instead of 1 BTC per day ! ,/r/Bitcoin/comments/1hiq5qm/nayib_bought_11_btc_today_instead_of_1_btc_per_day/,Bitcoin,1hiq5qm
2024-12-20,Where do you store your BTC? I’ll go first…,/r/Bitcoin/comments/1hioapd/where_do_you_store_your_btc_ill_go_first/,Bitcoin,1hioapd
2024-12-21,BTC price stampedes to $99.5K hours after record Bitcoin ETF outflow,/r/CryptoCurrency/comments/1hj6f14/btc_price_stampedes_to_995k_hours_after_record/,CryptoCurrency,1hj6f14
2024-12-22,"A solo miner today mined a Bitcoin Block all by himself, claiming 3.195 BTC ($311,432) in reward.",/r/CryptoCurrency/comments/1hk1y03/a_solo_miner_today_mined_a_bitcoin_block_all_by/,CryptoCurrency,1hk1y03
2024-12-22,"El Salvador Increases Daily Bitcoin Purchases, Aims for 20,000 BTC",/r/CryptoCurrency/comments/1hk1pjj/el_salvador_increases_daily_bitcoin_purchases/,CryptoCurrency,1hk1pjj
2024-12-22,9 years ago I bought someone $50 worth of Bitcoin as a Secret Santa gift. He HODL'd. Recently he sent me a picture of the note I included.,/r/Bitcoin/comments/1hk9bx1/9_years_ago_i_bought_someone_50_worth_of_bitcoin/,Bitcoin,1hk9bx1
2024-12-22,Guess the year for bitcoin to reach $1M,/r/Bitcoin/comments/1hjq4fw/guess_the_year_for_bitcoin_to_reach_1m/,Bitcoin,1hjq4fw
2024-12-23,"100,000 Bitcoins Leave Exchanges Monthly – Only 2.2M Coins Left! When Will People Wake Up?",/r/Bitcoin/comments/1hkw87v/100000_bitcoins_leave_exchanges_monthly_only_22m/,Bitcoin,1hkw87v
2024-12-23,"A week after Bitcoin went live in 2009, Hal Finney predicted each bitcoin a value of about $10 Million.",/r/CryptoCurrency/comments/1hksog6/a_week_after_bitcoin_went_live_in_2009_hal_finney/,CryptoCurrency,1hksog6
2024-12-23,"Someone told me that Bitcoin miners are literally just guessing a giant password that keeps getting longer and longer, how true is this?",/r/Bitcoin/comments/1hkpss7/someone_told_me_that_bitcoin_miners_are_literally/,Bitcoin,1hkpss7
2024-12-23,When did you first hear about Bitcoin?,/r/Bitcoin/comments/1hkreye/when_did_you_first_hear_about_bitcoin/,Bitcoin,1hkreye
2024-12-23,"MicroStrategy Buys a Further 5,262 BTC as Stock Joins Nasdaq 100",/r/CryptoCurrency/comments/1hknkad/microstrategy_buys_a_further_5262_btc_as_stock/,CryptoCurrency,1hknkad
2024-12-24,"Christmas Bull Run for Crypto Market! BTC Nears $100K, Altcoins Soar",/r/CryptoCurrency/comments/1hlkyjz/christmas_bull_run_for_crypto_market_btc_nears/,CryptoCurrency,1hlkyjz
2024-12-24,SEC approves first spot BTC and Ethereum combo ETF,/r/CryptoCurrency/comments/1hl1r0d/sec_approves_first_spot_btc_and_ethereum_combo_etf/,CryptoCurrency,1hl1r0d
2024-12-24,"11 Years ago, Michael Saylor compared Bitcoin to online gambling, today Saylor’s MicroStrategy owns 444,262 BTC worth $27.7B.",/r/CryptoCurrency/comments/1hlkkqa/11_years_ago_michael_saylor_compared_bitcoin_to/,CryptoCurrency,1hlkkqa
2024-12-25,Bitcoin miners struggle despite BTC’s 130% surge in 2024,/r/CryptoCurrency/comments/1hlxp2n/bitcoin_miners_struggle_despite_btcs_130_surge_in/,CryptoCurrency,1hlxp2n
2024-12-25,Bitcoin Christmas 2012-2016-2020-2024,/r/Bitcoin/comments/1hm84hr/bitcoin_christmas_2012201620202024/,Bitcoin,1hm84hr
2024-12-25,My son wanted BTC for Christmas ,/r/Bitcoin/comments/1hm0a61/my_son_wanted_btc_for_christmas/,Bitcoin,1hm0a61
2024-12-25,"United States is the country with largest Bitcoin holdings, with its government holding around 200k BTC, Bhutan’s 11,688 BTC comes entirely from BTC Mining, Germany only holds $689 worth of BTC",/r/CryptoCurrency/comments/1hm555c/united_states_is_the_country_with_largest_bitcoin/,CryptoCurrency,1hm555c
2024-12-25,You don't have to buy 1 Bitcoin,/r/Bitcoin/comments/1hlvhk2/you_dont_have_to_buy_1_bitcoin/,Bitcoin,1hlvhk2
2024-12-26,"Found my old wallet, for a moment I thought I had 9 btc",/r/Bitcoin/comments/1hmmuxa/found_my_old_wallet_for_a_moment_i_thought_i_had/,Bitcoin,1hmmuxa
2024-12-26,"Dude must be kicking himself, Bitcoin was $2.70 in 2011 and now in 2024 it touched ATH of $108,135 almost 4,000,000% gain.",/r/CryptoCurrency/comments/1hmom60/dude_must_be_kicking_himself_bitcoin_was_270_in/,CryptoCurrency,1hmom60
2024-12-27,Rumble's Stock Soars 130% After Embracing Bitcoin (BTC) as a Treasury Reserve,/r/CryptoCurrency/comments/1hnab8w/rumbles_stock_soars_130_after_embracing_bitcoin/,CryptoCurrency,1hnab8w
2024-12-27,Only Less Than 1.2 Million Bitcoin Left to Mine - The Countdown to Absolute Scarcity Begins,/r/CryptoCurrency/comments/1hnpc70/only_less_than_12_million_bitcoin_left_to_mine/,CryptoCurrency,1hnpc70
2024-12-27,$50/week DCA starting from 2018: Gold vs Bitcoin,/r/Bitcoin/comments/1hnisj6/50week_dca_starting_from_2018_gold_vs_bitcoin/,Bitcoin,1hnisj6
2024-12-28,What% of your savings is BTC?,/r/Bitcoin/comments/1ho0tx3/what_of_your_savings_is_btc/,Bitcoin,1ho0tx3
2024-12-28,Donald Trump's 'Made in USA' Bitcoin is promise impossible to keep,/r/CryptoCurrency/comments/1hnsu4f/donald_trumps_made_in_usa_bitcoin_is_promise/,CryptoCurrency,1hnsu4f
2024-12-28,Bitcoin to Hit $200k And Ethereum to $7k in 2025,/r/CryptoCurrency/comments/1ho8jz8/bitcoin_to_hit_200k_and_ethereum_to_7k_in_2025/,CryptoCurrency,1ho8jz8
2024-12-29,Current goal in life: Buy 1 btc,/r/Bitcoin/comments/1hoo0m7/current_goal_in_life_buy_1_btc/,Bitcoin,1hoo0m7
2024-12-29,Invested in Bitcoin for the first time today. ,/r/Bitcoin/comments/1homal5/invested_in_bitcoin_for_the_first_time_today/,Bitcoin,1homal5
2024-12-29,"Bitcoin's Clean Energy Usage Tops 50%: Will Tesla Resume BTC Payments Now, Elon?",/r/CryptoCurrency/comments/1horbxc/bitcoins_clean_energy_usage_tops_50_will_tesla/,CryptoCurrency,1horbxc
2024-12-29,"El Salvador bolsters Bitcoin reserves to over 6,000 BTC, securing $569 Million in treasury asset growth",/r/CryptoCurrency/comments/1holk4y/el_salvador_bolsters_bitcoin_reserves_to_over/,CryptoCurrency,1holk4y
2024-12-29,"Ancient Bitcoin Whale transfers 357.4 BTC after 11yrs, he received these BTC back in 2014 when price was around $1k, the current value skyrocketed to $33.97M.",/r/CryptoCurrency/comments/1hp07h0/ancient_bitcoin_whale_transfers_3574_btc_after/,CryptoCurrency,1hp07h0
2024-12-30,Just found an old wallet from 7 years ago ,/r/Bitcoin/comments/1hpfduu/just_found_an_old_wallet_from_7_years_ago/,Bitcoin,1hpfduu
2024-12-30,"$30-a-day DCA over 7 years, 10 months, and 12 days. In total, 11 bitcoin acquired for $86,370. Cost basis $7,920. Stay humble. Stack sats.",/r/Bitcoin/comments/1hpjc8j/30aday_dca_over_7_years_10_months_and_12_days_in/,Bitcoin,1hpjc8j
2024-12-30,"MicroStrategy has acquired 2,138 Bitcoin for $209 million dollars and now holds a total of 446,400 BTC",/r/CryptoCurrency/comments/1hpmt6a/microstrategy_has_acquired_2138_bitcoin_for_209/,CryptoCurrency,1hpmt6a
2024-12-30,Just became owner of 0.25 bitcoin. ,/r/Bitcoin/comments/1hprapk/just_became_owner_of_025_bitcoin/,Bitcoin,1hprapk
2024-12-30,Wife concerned BTC will be nerfed by ‘the system’,/r/Bitcoin/comments/1hpbp13/wife_concerned_btc_will_be_nerfed_by_the_system/,Bitcoin,1hpbp13
2024-12-31,"Lily Allen turned down 200K in Bitcoins for a gig in 2009 which was worth $21,657,400,000 at the recent ATH of $108,287 on December 17, 2024",/r/Bitcoin/comments/1hqf29m/lily_allen_turned_down_200k_in_bitcoins_for_a_gig/,Bitcoin,1hqf29m
2024-12-31,"Reddit user found Old Wallet with 1.85 Bitcoins which his friend traded for Audi back in 2016/2017, completely forgotten about it for 7 years.",/r/CryptoCurrency/comments/1hqo4jv/reddit_user_found_old_wallet_with_185_bitcoins/,CryptoCurrency,1hqo4jv
2024-12-31,"Judge bitcoin by yearly lows, not all time highs.",/r/Bitcoin/comments/1hqecd2/judge_bitcoin_by_yearly_lows_not_all_time_highs/,Bitcoin,1hqecd2
2024-12-31,My new (old) BTC solo farm!,/r/Bitcoin/comments/1hq5o9f/my_new_old_btc_solo_farm/,Bitcoin,1hq5o9f
2025-01-01,"Ancient Bitcoin Address Awakens After Lying Low for Over a Decade, Moves $34,070,177 in BTC at 10,150% Profit",/r/CryptoCurrency/comments/1hr1rli/ancient_bitcoin_address_awakens_after_lying_low/,CryptoCurrency,1hr1rli
2025-01-01,I own 0.01 bitcoin. AMA,/r/Bitcoin/comments/1hr69et/i_own_001_bitcoin_ama/,Bitcoin,1hr69et
2025-01-01,Imagine selling 100 Bitcoins today...,/r/CryptoCurrency/comments/1hqtftw/imagine_selling_100_bitcoins_today/,CryptoCurrency,1hqtftw
2025-01-01,BTC returns: 2010 - 2024,/r/CryptoCurrency/comments/1hr1bgb/btc_returns_2010_2024/,CryptoCurrency,1hr1bgb
2025-01-02,i own 0.1 btc at 18,/r/Bitcoin/comments/1hrizpl/i_own_01_btc_at_18/,Bitcoin,1hrizpl
2025-01-02,If you got the $8 in Bitcoin from the Robinhood Gold Giveaway you have to pay $60 to keep Robinhood Gold for one year or Robinhood will take back the $8. Rip to the people who paid $5 and signed up for Gold to claim the $8 giveaway that they now have to pay another $55 to keep. ,/r/CryptoCurrency/comments/1hrhgxu/if_you_got_the_8_in_bitcoin_from_the_robinhood/,CryptoCurrency,1hrhgxu
2025-01-02,Bitcoin Needs No Backing,/r/Bitcoin/comments/1hrzkb1/bitcoin_needs_no_backing/,Bitcoin,1hrzkb1
2025-01-02,This website gave away 5 free Bitcoin to everyone who completed a simple CAPTCHA back in 2010.,/r/CryptoCurrency/comments/1hrm09b/this_website_gave_away_5_free_bitcoin_to_everyone/,CryptoCurrency,1hrm09b
2025-01-03,"I have about $40,000 in cash – is it smarter to invest it all in Bitcoin at once, or purchase in increments? ",/r/Bitcoin/comments/1hsdby0/i_have_about_40000_in_cash_is_it_smarter_to/,Bitcoin,1hsdby0
2025-01-03,Today is the 16th anniversary of the day Satoshi Nakamoto launched Bitcoin,/r/CryptoCurrency/comments/1hsejq1/today_is_the_16th_anniversary_of_the_day_satoshi/,CryptoCurrency,1hsejq1
2025-01-03,Less than 1 Mio. people own one full BTC.,/r/Bitcoin/comments/1hsnmzh/less_than_1_mio_people_own_one_full_btc/,Bitcoin,1hsnmzh
2025-01-04,Why are some people posting their BTC balances lately?,/r/Bitcoin/comments/1htn8by/why_are_some_people_posting_their_btc_balances/,Bitcoin,1htn8by
2025-01-04,"This guy got kicked off Kraken for saying I might invest more than 10% in Bitcoin this year, UK Government trying to keep its citizens poor.",/r/CryptoCurrency/comments/1htexdp/this_guy_got_kicked_off_kraken_for_saying_i_might/,CryptoCurrency,1htexdp
2025-01-04,Dropped out of an expensive art college in 2020 to work and save in Bitcoin. Now I can afford to go back. ,/r/Bitcoin/comments/1htmaam/dropped_out_of_an_expensive_art_college_in_2020/,Bitcoin,1htmaam
2025-01-04,You die today. Can someone restore your Bitcoins or are they lost forever?,/r/Bitcoin/comments/1htftfy/you_die_today_can_someone_restore_your_bitcoins/,Bitcoin,1htftfy
2025-01-04,ALL IN BITCOIN!!!,/r/Bitcoin/comments/1ht56c1/all_in_bitcoin/,Bitcoin,1ht56c1
2025-01-05,World's Largest Bitcoin (BTC) Mine Nears Completion: Riot Blockchain's 1-Gigawatt Facility in Texas,/r/CryptoCurrency/comments/1hufx0t/worlds_largest_bitcoin_btc_mine_nears_completion/,CryptoCurrency,1hufx0t
2025-01-05,Saylor vows to destroy Bitcoin keys upon death as a gift to global holders,/r/CryptoCurrency/comments/1hu7odc/saylor_vows_to_destroy_bitcoin_keys_upon_death_as/,CryptoCurrency,1hu7odc
2025-01-05,I sold my BTC and regret it,/r/Bitcoin/comments/1htugjs/i_sold_my_btc_and_regret_it/,Bitcoin,1htugjs
2025-01-05,Got BTC?,/r/Bitcoin/comments/1htvf3r/got_btc/,Bitcoin,1htvf3r
2025-01-05,All roads eventually lead to Bitcoin,/r/CryptoCurrency/comments/1huderx/all_roads_eventually_lead_to_bitcoin/,CryptoCurrency,1huderx
2025-01-05,I bought bitcoin at $108K,/r/Bitcoin/comments/1hua2v9/i_bought_bitcoin_at_108k/,Bitcoin,1hua2v9
2025-01-06,This is what they took from you – buy hard assets like Bitcoin or get left behind.,/r/Bitcoin/comments/1hv5icp/this_is_what_they_took_from_you_buy_hard_assets/,Bitcoin,1hv5icp
2025-01-06,BTC price tops $101K as MicroStrategy makes first Bitcoin buy of 2025,/r/CryptoCurrency/comments/1hv26cz/btc_price_tops_101k_as_microstrategy_makes_first/,CryptoCurrency,1hv26cz
2025-01-06,AI will buy and use BTC,/r/Bitcoin/comments/1hv0q68/ai_will_buy_and_use_btc/,Bitcoin,1hv0q68
2025-01-07,A Guy got paid 32 BTC to wear that hat and hold that sign on a busy street in 2011,/r/CryptoCurrency/comments/1hvk2sl/a_guy_got_paid_32_btc_to_wear_that_hat_and_hold/,CryptoCurrency,1hvk2sl
2025-01-07,Do y’all talk with  anybody about BTC ?,/r/Bitcoin/comments/1hvwpcm/do_yall_talk_with_anybody_about_btc/,Bitcoin,1hvwpcm
2025-01-07,Bitcoin up 400% since Trudeau mocked political opponent for telling people to ‘buy BTC’,/r/CryptoCurrency/comments/1hvsypc/bitcoin_up_400_since_trudeau_mocked_political/,CryptoCurrency,1hvsypc
2025-01-08,Bitcoin is the king…,/r/CryptoCurrency/comments/1hwojs0/bitcoin_is_the_king/,CryptoCurrency,1hwojs0
2025-01-08,"Blackrock bought 6000+ BTC yesterday or ($600mm), ""Welcome to the show...""",/r/Bitcoin/comments/1hws2ti/blackrock_bought_6000_btc_yesterday_or_600mm/,Bitcoin,1hws2ti
2025-01-09,Texas Court Orders Bitcoin Investor to Surrender Keys to $124 Million Stash ,/r/CryptoCurrency/comments/1hxb0x0/texas_court_orders_bitcoin_investor_to_surrender/,CryptoCurrency,1hxb0x0
2025-01-09,8 Years Ago Today: Trader Lost $10M Shorting Bitcoin (BTC) - Would Have $1B Now If He Just HODLed,/r/CryptoCurrency/comments/1hxivae/8_years_ago_today_trader_lost_10m_shorting/,CryptoCurrency,1hxivae
2025-01-09,"The U.S. Department of Justice prepares to sell over 69,000 bitcoins",/r/CryptoCurrency/comments/1hx8a0y/the_us_department_of_justice_prepares_to_sell/,CryptoCurrency,1hx8a0y
2025-01-09,The US Government wanting to hold Bitcoin is the biggest inflation warning of my lifetime.,/r/Bitcoin/comments/1hxovb4/the_us_government_wanting_to_hold_bitcoin_is_the/,Bitcoin,1hxovb4
2025-01-09,MicroStrategy reports over $14 billion gains on its BTC holdings,/r/CryptoCurrency/comments/1hx089l/microstrategy_reports_over_14_billion_gains_on/,CryptoCurrency,1hx089l
2025-01-09,Bitcoin (BTC) is always boring before it goes parabolic,/r/CryptoCurrency/comments/1hxogvz/bitcoin_btc_is_always_boring_before_it_goes/,CryptoCurrency,1hxogvz
2025-01-09,"I mined bitcoin for a month in 2011, lost most of it to MtGox, cashed out the rest this month",/r/Bitcoin/comments/1hxpl5g/i_mined_bitcoin_for_a_month_in_2011_lost_most_of/,Bitcoin,1hxpl5g
2025-01-10,Never Too Late for Bitcoin,/r/Bitcoin/comments/1hyaklk/never_too_late_for_bitcoin/,Bitcoin,1hyaklk
2025-01-10,UK Court Stops Hunt for $750M Bitcoin in Landfill Battle,/r/CryptoCurrency/comments/1hy0n4e/uk_court_stops_hunt_for_750m_bitcoin_in_landfill/,CryptoCurrency,1hy0n4e
2025-01-10,Bitcoins forever gone with the fire,/r/Bitcoin/comments/1hy5rtj/bitcoins_forever_gone_with_the_fire/,Bitcoin,1hy5rtj
2025-01-11,"“Don't buy Bitcoin. Buy real estate. It's tangible and safe,” they said",/r/Bitcoin/comments/1hywtxx/dont_buy_bitcoin_buy_real_estate_its_tangible_and/,Bitcoin,1hywtxx
2025-01-11,"This historical pattern sets date when Bitcoin will hit $300,000",/r/CryptoCurrency/comments/1hz4lac/this_historical_pattern_sets_date_when_bitcoin/,CryptoCurrency,1hz4lac
2025-01-11,How long have you been holding Bitcoin for?,/r/Bitcoin/comments/1hyxtlk/how_long_have_you_been_holding_bitcoin_for/,Bitcoin,1hyxtlk
2025-01-11,Judge ends man’s 11-year quest to dig up landfill and recover $765M in bitcoin,/r/Bitcoin/comments/1hz2dik/judge_ends_mans_11year_quest_to_dig_up_landfill/,Bitcoin,1hz2dik
2025-01-12,Michael Saylor is preparing to buy even more BTC,/r/CryptoCurrency/comments/1hzn2b4/michael_saylor_is_preparing_to_buy_even_more_btc/,CryptoCurrency,1hzn2b4
2025-01-12,0.112 BTC - Should i switch to hard wallet?,/r/Bitcoin/comments/1hzwf1j/0112_btc_should_i_switch_to_hard_wallet/,Bitcoin,1hzwf1j
2025-01-13,"JUST IN: The largest Italian 🇮🇹 bank by total assets, Intesa San Paolo, purchases 11 Bitcoin, for a value of 💶 €1M (💵 $1.02M), becoming the first Italian bank to invest in Bitcoin.",/r/Bitcoin/comments/1i0pj98/just_in_the_largest_italian_bank_by_total_assets/,Bitcoin,1i0pj98
2025-01-13,"MicroStrategy acquires 2,530 more BTC for $243 million",/r/CryptoCurrency/comments/1i0di6w/microstrategy_acquires_2530_more_btc_for_243/,CryptoCurrency,1i0di6w
2025-01-13,Sudden Bitcoin Price Plunge Sparks $3.2 Trillion Crypto Crash Fear,/r/CryptoCurrency/comments/1i0nzfl/sudden_bitcoin_price_plunge_sparks_32_trillion/,CryptoCurrency,1i0nzfl
2025-01-13,"Leaked Emails Reveal Italy’s Largest Bank, Intesa Sanpaolo, Makes €1M Bitcoin (BTC) Purchase",/r/CryptoCurrency/comments/1i0pkxu/leaked_emails_reveal_italys_largest_bank_intesa/,CryptoCurrency,1i0pkxu
2025-01-13,When people tell you there are afraid of BTC being a scam. Show them this ,/r/Bitcoin/comments/1i09cih/when_people_tell_you_there_are_afraid_of_btc/,Bitcoin,1i09cih
2025-01-14,"When Bitcoin hits $1 Million, I will get a Bitcoin tattoo on my ass",/r/Bitcoin/comments/1i1fcio/when_bitcoin_hits_1_million_i_will_get_a_bitcoin/,Bitcoin,1i1fcio
2025-01-14,When bitcoin hits $5 million,/r/Bitcoin/comments/1i1i7q4/when_bitcoin_hits_5_million/,Bitcoin,1i1i7q4
2025-01-14,BTC every time… ,/r/Bitcoin/comments/1i138sv/btc_every_time/,Bitcoin,1i138sv
2025-01-14,11 Years Later: Fulfilling My Promise to Get a Bitcoin Face Tattoo Live – Help Me Plan It,/r/Bitcoin/comments/1i1eeya/11_years_later_fulfilling_my_promise_to_get_a/,Bitcoin,1i1eeya
2025-01-15,Evolution Of The BTC Logo ,/r/CryptoCurrency/comments/1i1lfhi/evolution_of_the_btc_logo/,CryptoCurrency,1i1lfhi
2025-01-15,333 BTC bought and panic sold,/r/Bitcoin/comments/1i2bg6v/333_btc_bought_and_panic_sold/,Bitcoin,1i2bg6v
2025-01-15,Actual future of BTC?,/r/Bitcoin/comments/1i1rcil/actual_future_of_btc/,Bitcoin,1i1rcil
2025-01-15,"History shows that Bitcoin rallies post-inauguration, with BTC dominance back on its weekly uptrend, expect that a big breakout will happen after inauguration, pushing BTC to new ATH in Q1 2025.",/r/CryptoCurrency/comments/1i2a7d1/history_shows_that_bitcoin_rallies/,CryptoCurrency,1i2a7d1
2025-01-16,Trying to retreive my brother's BTC wallet who passed away,/r/Bitcoin/comments/1i2vb19/trying_to_retreive_my_brothers_btc_wallet_who/,Bitcoin,1i2vb19
2025-01-16, Bullish AF (BTC Breaks $6 Million),/r/Bitcoin/comments/1i2o98k/bullish_af_btc_breaks_6_million/,Bitcoin,1i2o98k
2025-01-16,BUKELE: The same critics who opposed investing in Bitcoin now want to dictate how we should use the profits.,/r/Bitcoin/comments/1i2qqs2/bukele_the_same_critics_who_opposed_investing_in/,Bitcoin,1i2qqs2
2025-01-16,I lost all my BTC,/r/Bitcoin/comments/1i2t008/i_lost_all_my_btc/,Bitcoin,1i2t008
2025-01-17,"January 19, 2016 - R.I.P. Bitcoin: It's Time to Move On. BTC Price: $400",/r/CryptoCurrency/comments/1i3nfh9/january_19_2016_rip_bitcoin_its_time_to_move_on/,CryptoCurrency,1i3nfh9
2025-01-17,"U.S. Senator Questions Government Bitcoin Sales, Highlights $18.5 Billion in Unrealized Losses",/r/CryptoCurrency/comments/1i3d1s3/us_senator_questions_government_bitcoin_sales/,CryptoCurrency,1i3d1s3
2025-01-17,State Of Wyoming Just Introduced A Bill For Strategic Bitcoin Reserve. Crazy Times!!!,/r/Bitcoin/comments/1i3mjuo/state_of_wyoming_just_introduced_a_bill_for/,Bitcoin,1i3mjuo
2025-01-17,Bitcoin has a 4 year cycle. It’s now or never!! 🚀🚀,/r/Bitcoin/comments/1i3tgun/bitcoin_has_a_4_year_cycle_its_now_or_never/,Bitcoin,1i3tgun
2025-01-17,Beware! Bitcoin Seed Phrase Scams,/r/Bitcoin/comments/1i3glsw/beware_bitcoin_seed_phrase_scams/,Bitcoin,1i3glsw
2025-01-18," In the Last 100 Years of Bitcoin Mining, Only 1 BTC Will Be Mined! ",/r/Bitcoin/comments/1i49wnu/in_the_last_100_years_of_bitcoin_mining_only_1/,Bitcoin,1i49wnu
2025-01-19,What the hell is happening!?,/r/CryptoCurrency/comments/1i5am7k/what_the_hell_is_happening/,CryptoCurrency,1i5am7k
2025-01-20,"World Liberty Financial ""Secretly"" Accumulated $47M in Bitcoin (BTC) and $100M+ in Ethereum (ETH)",/r/CryptoCurrency/comments/1i6072q/world_liberty_financial_secretly_accumulated_47m/,CryptoCurrency,1i6072q
2025-01-20,Bitcoin Maxis in shambles right now,/r/CryptoCurrency/comments/1i5e6pi/bitcoin_maxis_in_shambles_right_now/,CryptoCurrency,1i5e6pi
2025-01-20,"Bitcoin is trading at $1,250,000"" in Zac Efron's latest movie ""Gold"" ",/r/Bitcoin/comments/1i5s7y9/bitcoin_is_trading_at_1250000_in_zac_efrons/,Bitcoin,1i5s7y9
2025-01-21,"Selling my Bitcoin after 4 years to cover groceries, it's been an honor.",/r/Bitcoin/comments/1i6n5gd/selling_my_bitcoin_after_4_years_to_cover/,Bitcoin,1i6n5gd
2025-01-21,"MicroStrategy purchases another 11,000 BTC at $101,191 per Bitcoin",/r/CryptoCurrency/comments/1i6if3w/microstrategy_purchases_another_11000_btc_at/,CryptoCurrency,1i6if3w
2025-01-21,"After 12 years of unsuccessful attempts, the man who lost his hard drive containing 742 million dollars in Bitcoin is forced to give up",/r/CryptoCurrency/comments/1i6rrap/after_12_years_of_unsuccessful_attempts_the_man/,CryptoCurrency,1i6rrap
2025-01-22,“Bitcoin has no use case!”,/r/Bitcoin/comments/1i74luf/bitcoin_has_no_use_case/,Bitcoin,1i74luf
2025-01-22,BlackRock bought 600 million worth of Bitcoin,/r/Bitcoin/comments/1i7i8fc/blackrock_bought_600_million_worth_of_bitcoin/,Bitcoin,1i7i8fc
2025-01-22,BTC,/r/Bitcoin/comments/1i7bjeo/btc/,Bitcoin,1i7bjeo
2025-01-22,"""Remember, Bitcoin is a meme coin."" - God I love this space",/r/CryptoCurrency/comments/1i7dbmq/remember_bitcoin_is_a_meme_coin_god_i_love_this/,CryptoCurrency,1i7dbmq
2025-01-22,"BlackRock CEO Larry Fink predicts Bitcoin going to $500,000 , $600,000 and $700,000.",/r/Bitcoin/comments/1i7gcbc/blackrock_ceo_larry_fink_predicts_bitcoin_going/,Bitcoin,1i7gcbc
2025-01-22,Received $20 in BTC from wallet that sends up to $200k daily,/r/Bitcoin/comments/1i6zpjk/received_20_in_btc_from_wallet_that_sends_up_to/,Bitcoin,1i6zpjk
2025-01-22,I'm considering selling my stocks to go all in on Bitcoin. Thoughts?,/r/Bitcoin/comments/1i784pf/im_considering_selling_my_stocks_to_go_all_in_on/,Bitcoin,1i784pf
2025-01-22,Bitcoin is gearing up for a massive move!,/r/Bitcoin/comments/1i7jfdi/bitcoin_is_gearing_up_for_a_massive_move/,Bitcoin,1i7jfdi
2025-01-23,Ripple is the biggest obstacle for a Strategic Bitcoin Reserve in the US.,/r/CryptoCurrency/comments/1i8c6wh/ripple_is_the_biggest_obstacle_for_a_strategic/,CryptoCurrency,1i8c6wh
2025-01-23,I'm 44 and focused on retirement.  Should BTC be an after thought?,/r/Bitcoin/comments/1i7xpjz/im_44_and_focused_on_retirement_should_btc_be_an/,Bitcoin,1i7xpjz
2025-01-23,Ditching my Ledger for Trezor safe 5 BTC edition,/r/Bitcoin/comments/1i8cb0e/ditching_my_ledger_for_trezor_safe_5_btc_edition/,Bitcoin,1i8cb0e
2025-01-23,"Seriously, what else needs to happen to jump start the bull run? Aliens adopting btc for interplanetary use?",/r/Bitcoin/comments/1i8g13f/seriously_what_else_needs_to_happen_to_jump_start/,Bitcoin,1i8g13f
2025-01-23,"At the time of Ross Ulbricht's arrest, his personal wallet was confiscated. It Held 144,000 BTC",/r/CryptoCurrency/comments/1i7yesl/at_the_time_of_ross_ulbrichts_arrest_his_personal/,CryptoCurrency,1i7yesl
2025-01-23,BTC,/r/Bitcoin/comments/1i81w3j/btc/,Bitcoin,1i81w3j
2025-01-24,BTC is above $100K but retail interest is the lowest it has been in 3 years.,/r/Bitcoin/comments/1i94y6v/btc_is_above_100k_but_retail_interest_is_the/,Bitcoin,1i94y6v
2025-01-24,"I'm a beginner, I've been convinced, I buy every day and I'm at 0.1 BTC. I want to take my BTC from an exchange to a cold wallet. What's the easiest & safest solution?",/r/Bitcoin/comments/1i8vxhn/im_a_beginner_ive_been_convinced_i_buy_every_day/,Bitcoin,1i8vxhn
2025-01-24,"Ledger Co-Founder's kidnapping is a brutal reminder to be very careful about your security as a public crypto person, Kidnappers demanded 100 BTC ($10M) ransom and send one of David’s severed fingers as proof.",/r/CryptoCurrency/comments/1i8x3fm/ledger_cofounders_kidnapping_is_a_brutal_reminder/,CryptoCurrency,1i8x3fm
2025-01-24,"0.99 BTC for $2,000 in 2017: Best Decision Ever? 🤔",/r/Bitcoin/comments/1i8oa1l/099_btc_for_2000_in_2017_best_decision_ever/,Bitcoin,1i8oa1l
2025-01-24,"Since This Afternoon US Gov: CBDC Banned, Strategic Bitcoin Reserve Proposed and SAB 121 Rescinded, Banks Can Now Hold Bitcoin - Market Sleeping Right Now",/r/CryptoCurrency/comments/1i8q6pj/since_this_afternoon_us_gov_cbdc_banned_strategic/,CryptoCurrency,1i8q6pj
2025-01-24,Why The ‘Bitcoin President’ Is Really More Of An ‘Ethereum President’,/r/CryptoCurrency/comments/1i91kcd/why_the_bitcoin_president_is_really_more_of_an/,CryptoCurrency,1i91kcd
2025-01-24,"Kraken donated $111,111 to Ross Ulbricht to land on his feet",/r/CryptoCurrency/comments/1i8jn1f/kraken_donated_111111_to_ross_ulbricht_to_land_on/,CryptoCurrency,1i8jn1f
2025-01-25,BTC,/r/Bitcoin/comments/1i9ljf9/btc/,Bitcoin,1i9ljf9
2025-01-25,Sold all my BTC,/r/Bitcoin/comments/1i9tpzf/sold_all_my_btc/,Bitcoin,1i9tpzf
2025-01-25,Throwback to 2010: Someone Regretting 'Only' Mining 600 Bitcoins - Everyone Thinks They 'Missed the Bus' on Bitcoin (BTC),/r/CryptoCurrency/comments/1i9hicj/throwback_to_2010_someone_regretting_only_mining/,CryptoCurrency,1i9hicj
2025-01-25,Do you believe in Bitcoin to the extent that you would put all your savings into it?,/r/Bitcoin/comments/1i9lqjx/do_you_believe_in_bitcoin_to_the_extent_that_you/,Bitcoin,1i9lqjx
2025-01-25,Epic new Bitcoin ad. They keep getting better 🙌,/r/Bitcoin/comments/1i9qktl/epic_new_bitcoin_ad_they_keep_getting_better/,Bitcoin,1i9qktl
2025-01-26,Jack Mallers: Ripple Is Spending Millions to Undermine Strategic Bitcoin Reserve,/r/CryptoCurrency/comments/1iab6cz/jack_mallers_ripple_is_spending_millions_to/,CryptoCurrency,1iab6cz
2025-01-26,"Bitcoin Exceeds $2 Trillion Market Cap, Surpasses Tesla and Silver, Now Ranking as 7th Largest Asset Globally",/r/CryptoCurrency/comments/1iaom8f/bitcoin_exceeds_2_trillion_market_cap_surpasses/,CryptoCurrency,1iaom8f
2025-01-26,There are now more sh*tcoin projects (36 million) than the total supply of bitcoin (21 million),/r/Bitcoin/comments/1iam7og/there_are_now_more_shtcoin_projects_36_million/,Bitcoin,1iam7og
2025-01-26,"For the 12th Week Straight, Michael Saylor Shares the Saylor Bitcoin Tracker - MicroStrategy Always Buys More BTC in the Coming Week",/r/CryptoCurrency/comments/1iah30s/for_the_12th_week_straight_michael_saylor_shares/,CryptoCurrency,1iah30s
2025-01-26,My food truck took its first payment in BTC today 🙌🏼,/r/Bitcoin/comments/1iaaznh/my_food_truck_took_its_first_payment_in_btc_today/,Bitcoin,1iaaznh
2025-01-27,3 BTC to quit? 🤔,/r/Bitcoin/comments/1ib1h12/3_btc_to_quit/,Bitcoin,1ib1h12
2025-01-27,Bitcoin’s Plunge Below $100K Wipes Out a Single Whale for $100M,/r/CryptoCurrency/comments/1ib1ug4/bitcoins_plunge_below_100k_wipes_out_a_single/,CryptoCurrency,1ib1ug4
2025-01-27,What's the chance that this year the alts won't have a typical bull cycle? Are we already a new  crypto era where only BTC matters?,/r/CryptoCurrency/comments/1ib57ls/whats_the_chance_that_this_year_the_alts_wont/,CryptoCurrency,1ib57ls
2025-01-27,Bitcoin (BTC) Crashes Will Keep Happening - Be Greedy When Others Are Fearful,/r/CryptoCurrency/comments/1ib410w/bitcoin_btc_crashes_will_keep_happening_be_greedy/,CryptoCurrency,1ib410w
2025-01-27,"✨ Andreas Antonopolous explaining Bitcoin to Joe Rogan at $600, exactly 11 years ago",/r/Bitcoin/comments/1ibdwq0/andreas_antonopolous_explaining_bitcoin_to_joe/,Bitcoin,1ibdwq0
2025-01-28,"Latest Proposal• US Gov to Buy 200,000 BTC annually for 5 years • Hold for at least 20 years • Goal: Halve the U.S. national debt in 20 years",/r/CryptoCurrency/comments/1icaohe/latest_proposal_us_gov_to_buy_200000_btc_annually/,CryptoCurrency,1icaohe
2025-01-28,The BTC bull market is just getting started,/r/Bitcoin/comments/1ic60vy/the_btc_bull_market_is_just_getting_started/,Bitcoin,1ic60vy
2025-01-28,Bitcoin lover Scott Bessent confirmed as US Treasury Secretary,/r/CryptoCurrency/comments/1ibqhym/bitcoin_lover_scott_bessent_confirmed_as_us/,CryptoCurrency,1ibqhym
2025-01-28,"JUST IN: 🇯🇵 Japanese public company Metaplanet to raise $745 Million (about 116 billion yen) to buy more BITCOIN! The company aims to expand its Bitcoin holdings to 10,000 by the end of 2025, and currently holds about 1,761 BTC.",/r/Bitcoin/comments/1ibz9l3/just_in_japanese_public_company_metaplanet_to/,Bitcoin,1ibz9l3
2025-01-28,"BlackRock Buys Another $1,000,000,000 Worth of Bitcoin in a Week To Control 2.7% of BTC Supply - The Daily Hodl",/r/CryptoCurrency/comments/1ic0vfr/blackrock_buys_another_1000000000_worth_of/,CryptoCurrency,1ic0vfr
2025-01-29,Bitcoin is breaking away from crypto.,/r/Bitcoin/comments/1id4ec5/bitcoin_is_breaking_away_from_crypto/,Bitcoin,1id4ec5
2025-01-29,"First time poster long time stalker. 3.5 btc millennial, need advice",/r/Bitcoin/comments/1icrz19/first_time_poster_long_time_stalker_35_btc/,Bitcoin,1icrz19
2025-01-29,"Would you quit your job, take a leap of faith, and never work again if you got 5 BTC?",/r/Bitcoin/comments/1ictoqj/would_you_quit_your_job_take_a_leap_of_faith_and/,Bitcoin,1ictoqj
2025-01-29,Ripple Accused of Lobbying Against Bitcoin to Secure XRP's Place in US Federal Crypto Reserve,/r/CryptoCurrency/comments/1id5giy/ripple_accused_of_lobbying_against_bitcoin_to/,CryptoCurrency,1id5giy
2025-01-29,NEW: Jerome Powell's statement on Bitcoin today,/r/Bitcoin/comments/1id4694/new_jerome_powells_statement_on_bitcoin_today/,Bitcoin,1id4694
2025-01-29,"What happens, if USA prints more money to invest in BTC",/r/Bitcoin/comments/1id357q/what_happens_if_usa_prints_more_money_to_invest/,Bitcoin,1id357q
2025-01-29,Finally reached 0.01 BTC,/r/Bitcoin/comments/1ichozo/finally_reached_001_btc/,Bitcoin,1ichozo
2025-01-29,Jim Cramer calls to buy Bitcoin: BTC dip soon?,/r/CryptoCurrency/comments/1icrrlo/jim_cramer_calls_to_buy_bitcoin_btc_dip_soon/,CryptoCurrency,1icrrlo
2025-01-29,"Czech National Bank Governor Aleš Michl is pushing for a 5% BTC allocation. If approved, it would surpass the CNB's current gold holdings of €4.3 billion. 🤯",/r/Bitcoin/comments/1icxnfj/czech_national_bank_governor_aleš_michl_is/,Bitcoin,1icxnfj
2025-01-30,I bought Bitcoin in 2015 and forgot until now,/r/Bitcoin/comments/1idems0/i_bought_bitcoin_in_2015_and_forgot_until_now/,Bitcoin,1idems0
2025-01-30,"If You Die Tomorrow, Can Your Family Access Your Bitcoin?",/r/Bitcoin/comments/1iduu0j/if_you_die_tomorrow_can_your_family_access_your/,Bitcoin,1iduu0j
2025-01-30,ETH/BTC has fallen beneath .03 for the first time since March 2021. A fall of 66% from it's Dec 2021 high of .088,/r/CryptoCurrency/comments/1id959c/ethbtc_has_fallen_beneath_03_for_the_first_time/,CryptoCurrency,1id959c
2025-01-30,Hayek would love Bitcoin,/r/Bitcoin/comments/1idq6t1/hayek_would_love_bitcoin/,Bitcoin,1idq6t1
2025-01-30,"A solo miner mined a Bitcoin block worth $326,301, someone donated hashpower to a home miner, so they could use the reward to fund open-source projects which appears to be part of “256-Foundation”, a BTC mining non-profit",/r/CryptoCurrency/comments/1idlp2z/a_solo_miner_mined_a_bitcoin_block_worth_326301/,CryptoCurrency,1idlp2z
2025-01-30,"JUST IN: A solo miner mined a Bitcoin block worth $326,301, legend",/r/Bitcoin/comments/1idl3gp/just_in_a_solo_miner_mined_a_bitcoin_block_worth/,Bitcoin,1idl3gp
2025-01-30,Next time someone says Bitcoin is just a bubble 🫧 📌 Show them this 💯 🔥,/r/Bitcoin/comments/1idfo1d/next_time_someone_says_bitcoin_is_just_a_bubble/,Bitcoin,1idfo1d
2025-01-31,"MicroStrategy's Stock Offering Oversubscribed 3X, Raising $584M for More Bitcoin (BTC) Buys",/r/CryptoCurrency/comments/1iegl6u/microstrategys_stock_offering_oversubscribed_3x/,CryptoCurrency,1iegl6u
2025-01-31,I had a dream that BTC dropped to 30k,/r/Bitcoin/comments/1ieize4/i_had_a_dream_that_btc_dropped_to_30k/,Bitcoin,1ieize4
2025-01-31,"Tether discloses 83,758 BTC holdings and $13 billion profit in 2024",/r/CryptoCurrency/comments/1iepuyp/tether_discloses_83758_btc_holdings_and_13/,CryptoCurrency,1iepuyp
2025-02-01,"The Maga backlash against Trump’s crypto grab: ‘This is bad, and looks bad’",/r/CryptoCurrency/comments/1if7b3j/the_maga_backlash_against_trumps_crypto_grab_this/,CryptoCurrency,1if7b3j
2025-02-01,Tarrifs resulting in BTC bump?,/r/CryptoCurrency/comments/1ifimym/tarrifs_resulting_in_btc_bump/,CryptoCurrency,1ifimym
2025-02-02,"Bitcoin dips below $100,000, memecoins plummet as market responds to US tariffs",/r/CryptoCurrency/comments/1ig47aw/bitcoin_dips_below_100000_memecoins_plummet_as/,CryptoCurrency,1ig47aw
2025-02-03,Buying $1000 worth of BTC for every $1000 it goes down in USD.,/r/Bitcoin/comments/1igddb7/buying_1000_worth_of_btc_for_every_1000_it_goes/,Bitcoin,1igddb7
2025-02-03,So is the BTC bear market really coming? Why?,/r/Bitcoin/comments/1igqfbe/so_is_the_btc_bear_market_really_coming_why/,Bitcoin,1igqfbe
2025-02-03,"Bitcoin reverses losses, rising to $98,000 after U.S. delays tariffs on Mexico",/r/CryptoCurrency/comments/1igt09y/bitcoin_reverses_losses_rising_to_98000_after_us/,CryptoCurrency,1igt09y
2025-02-03,people last night at 9pm that panic sold all their BTC at $91k:,/r/Bitcoin/comments/1igwt7o/people_last_night_at_9pm_that_panic_sold_all/,Bitcoin,1igwt7o
2025-02-03,"The ETH to BTC Ratio just flash crashed to .02337, a lows not seen since January 2021.",/r/CryptoCurrency/comments/1igeysk/the_eth_to_btc_ratio_just_flash_crashed_to_02337/,CryptoCurrency,1igeysk
2025-02-03,"As Bitcoin Dipped, ETFs Scooped Up Over 9000 BTC In The Last 2 Days...",/r/Bitcoin/comments/1igljpo/as_bitcoin_dipped_etfs_scooped_up_over_9000_btc/,Bitcoin,1igljpo
2025-02-03,2022 BTC buyers watching the dip like 😆,/r/Bitcoin/comments/1igie1r/2022_btc_buyers_watching_the_dip_like/,Bitcoin,1igie1r
2025-02-04,NEW: Costco is installing LibertyX Bitcoin ATMs at every store across the 🇺🇸 US 👀,/r/Bitcoin/comments/1ihquo6/new_costco_is_installing_libertyx_bitcoin_atms_at/,Bitcoin,1ihquo6
2025-02-04,"Bitcoin mined 15 years ago moved today, HODL'ed from $0.10 to $100K! 🔥🚀",/r/Bitcoin/comments/1ihdyae/bitcoin_mined_15_years_ago_moved_today_hodled/,Bitcoin,1ihdyae
2025-02-04,Crypto Tsar David Sacks: A Bitcoin Reserve Is ‘One of the First Things’ on My Agenda,/r/CryptoCurrency/comments/1ihriy9/crypto_tsar_david_sacks_a_bitcoin_reserve_is_one/,CryptoCurrency,1ihriy9
2025-02-04,Satoshi Nakamoto appeal to Wikileaks not to use Bitcoin in 2010,/r/CryptoCurrency/comments/1ih4nsr/satoshi_nakamoto_appeal_to_wikileaks_not_to_use/,CryptoCurrency,1ih4nsr
2025-02-04,Someone Just Moved 50 Bitcoin (BTC) Mined 15 Years Ago - HODL'ed from $0.10 to $100K. Who of You Just Got Out of Prison?,/r/CryptoCurrency/comments/1ihc8ij/someone_just_moved_50_bitcoin_btc_mined_15_years/,CryptoCurrency,1ihc8ij
2025-02-04,Bitcoin today,/r/Bitcoin/comments/1ih6jz2/bitcoin_today/,Bitcoin,1ih6jz2
2025-02-05,Bitcoin (BTC) Price to Reach $500K by 2028: Standard Chartered,/r/CryptoCurrency/comments/1iif13w/bitcoin_btc_price_to_reach_500k_by_2028_standard/,CryptoCurrency,1iif13w
2025-02-05,Bitcoin ATMs are being installed in all Costco stores across the US,/r/CryptoCurrency/comments/1iij6d7/bitcoin_atms_are_being_installed_in_all_costco/,CryptoCurrency,1iij6d7
2025-02-05,Over 34K BTC leave exchanges in the last 24hrs!,/r/Bitcoin/comments/1iiapk8/over_34k_btc_leave_exchanges_in_the_last_24hrs/,Bitcoin,1iiapk8
2025-02-05,"BTC at $100K: New peak, new normal",/r/Bitcoin/comments/1iili9l/btc_at_100k_new_peak_new_normal/,Bitcoin,1iili9l
2025-02-06,"This 20-year-old scammed someone of 4,100 BTC ($402M) and then bought 31 supercars, $2M watch, spent $569k in one night at a club, also gave away 5 Hermes Birkin bags to random ladies at the club.",/r/CryptoCurrency/comments/1ij8cid/this_20yearold_scammed_someone_of_4100_btc_402m/,CryptoCurrency,1ij8cid
2025-02-06,"Satoshi Nakamoto Still Holding $107,071,037,496 Worth of Bitcoin in Thousands of Wallets: Arkham",/r/CryptoCurrency/comments/1ij1nxs/satoshi_nakamoto_still_holding_107071037496_worth/,CryptoCurrency,1ij1nxs
2025-02-06,Czech President Signs Law Eliminating Capital Gains Tax on Bitcoin Held 3+ Years 🇨🇿🔥,/r/Bitcoin/comments/1ij361j/czech_president_signs_law_eliminating_capital/,Bitcoin,1ij361j
2025-02-06,I am terrified to move my BTC,/r/Bitcoin/comments/1ij4biq/i_am_terrified_to_move_my_btc/,Bitcoin,1ij4biq
2025-02-06,MicroStrategy Rebrands As the Corporate Bitcoin (BTC) Whale Posts Fourth Consecutive Quarterly Losses,/r/CryptoCurrency/comments/1ijd6kp/microstrategy_rebrands_as_the_corporate_bitcoin/,CryptoCurrency,1ijd6kp
2025-02-07,This space is full of absolute fucking losers,/r/CryptoCurrency/comments/1ik8r7q/this_space_is_full_of_absolute_fucking_losers/,CryptoCurrency,1ik8r7q
2025-02-07,Explaining Bitcoin 12 Years Ago When It Was Worth Below $100—To an Empty Room,/r/CryptoCurrency/comments/1ik2qgu/explaining_bitcoin_12_years_ago_when_it_was_worth/,CryptoCurrency,1ik2qgu
2025-02-07,.01 BTC acquired!! lets go!,/r/Bitcoin/comments/1ik2udm/01_btc_acquired_lets_go/,Bitcoin,1ik2udm
2025-02-07,BTC $100k again,/r/Bitcoin/comments/1ijwks5/btc_100k_again/,Bitcoin,1ijwks5
2025-02-08,Why is BTC not going up if there is so much good news around?,/r/Bitcoin/comments/1iks0mu/why_is_btc_not_going_up_if_there_is_so_much_good/,Bitcoin,1iks0mu
2025-02-08,Montana Bitcoin Reserve Bill: State Proposes $50M BTC Investment by 2025,/r/CryptoCurrency/comments/1ikyitg/montana_bitcoin_reserve_bill_state_proposes_50m/,CryptoCurrency,1ikyitg
2025-02-08,Bitcoin (BTC) Holders VS Ethereum (ETH) Holders,/r/CryptoCurrency/comments/1iktujx/bitcoin_btc_holders_vs_ethereum_eth_holders/,CryptoCurrency,1iktujx
2025-02-09,How Bitcoin mining works,/r/Bitcoin/comments/1ilfccn/how_bitcoin_mining_works/,Bitcoin,1ilfccn
2025-02-09,Will this make BTC go up?,/r/Bitcoin/comments/1ilrf44/will_this_make_btc_go_up/,Bitcoin,1ilrf44
2025-02-10,"Another Solo Miner Has Mined An Entire BITCOIN BLOCK WORTH $300,000",/r/CryptoCurrency/comments/1imewhl/another_solo_miner_has_mined_an_entire_bitcoin/,CryptoCurrency,1imewhl
2025-02-10,Lost Fortune: Landfill Containing $750M in Bitcoin to Be Sealed Forever,/r/CryptoCurrency/comments/1ilv0uz/lost_fortune_landfill_containing_750m_in_bitcoin/,CryptoCurrency,1ilv0uz
2025-02-10,"Tesla Still Holds 11,509 BTC - No Change in Bitcoin Position Despite Reports",/r/CryptoCurrency/comments/1ime1br/tesla_still_holds_11509_btc_no_change_in_bitcoin/,CryptoCurrency,1ime1br
2025-02-10,So is bitcoin at 90-100k considered a dip?,/r/Bitcoin/comments/1iml37j/so_is_bitcoin_at_90100k_considered_a_dip/,Bitcoin,1iml37j
2025-02-11,"And so it begins, the penny is out. Nickel is next. Soon the dollar itself! Bitcoin will save us",/r/Bitcoin/comments/1in1a1r/and_so_it_begins_the_penny_is_out_nickel_is_next/,Bitcoin,1in1a1r
2025-02-11,Buy BTC and HOLD!,/r/Bitcoin/comments/1in38mp/buy_btc_and_hold/,Bitcoin,1in38mp
2025-02-12,Proton Mail Launches Open-Source Bitcoin (BTC) Wallet for 100M Users - A Game Changer for Privacy & Crypto?,/r/CryptoCurrency/comments/1inkb2l/proton_mail_launches_opensource_bitcoin_btc/,CryptoCurrency,1inkb2l
2025-02-12,Buying Bitcoin at Costco,/r/Bitcoin/comments/1io235b/buying_bitcoin_at_costco/,Bitcoin,1io235b
2025-02-13,🇨🇦 JUST IN: National Bank of Canada has purchased $2 million in Bitcoin ETFs.,/r/Bitcoin/comments/1io9r17/just_in_national_bank_of_canada_has_purchased_2/,Bitcoin,1io9r17
2025-02-14,Joe Rogan: “I’m totally down with Bitcoin”,/r/Bitcoin/comments/1ipbs3n/joe_rogan_im_totally_down_with_bitcoin/,Bitcoin,1ipbs3n
2025-02-15,Bitcoin changes you.,/r/Bitcoin/comments/1iq4xae/bitcoin_changes_you/,Bitcoin,1iq4xae
2025-02-15,Me In 2009 Instead of Buying Bitcoin (BTC),/r/CryptoCurrency/comments/1iq3fe9/me_in_2009_instead_of_buying_bitcoin_btc/,CryptoCurrency,1iq3fe9
2025-02-16,Bitcoins biggest whale? (200K BTC),/r/Bitcoin/comments/1iqvpdj/bitcoins_biggest_whale_200k_btc/,Bitcoin,1iqvpdj
2025-02-16,Senator Cynthia Lummis Urges US to Add Bitcoin (BTC) to Reserves: 'A Bitcoin Reserve Could Be Audited 24/7 with a Basic Computer',/r/CryptoCurrency/comments/1iqwoos/senator_cynthia_lummis_urges_us_to_add_bitcoin/,CryptoCurrency,1iqwoos
2025-02-16,"The First Bitcoin Kid: 12-Year-Old Explained BTC at $8 in 2011—Nearly 14 Years Later, He Revisits His Predictions",/r/CryptoCurrency/comments/1iqv5nw/the_first_bitcoin_kid_12yearold_explained_btc_at/,CryptoCurrency,1iqv5nw
2025-02-16,Is it good for buy BTC at this time?,/r/Bitcoin/comments/1iqz4d3/is_it_good_for_buy_btc_at_this_time/,Bitcoin,1iqz4d3
2025-02-17,Fort Knox hasn't been audited in 50 years. Bitcoin can be audited by anyone 24/7/365,/r/Bitcoin/comments/1irjpyr/fort_knox_hasnt_been_audited_in_50_years_bitcoin/,Bitcoin,1irjpyr
2025-02-17,Can Bitcoin still be life-changing?,/r/Bitcoin/comments/1irkmv8/can_bitcoin_still_be_lifechanging/,Bitcoin,1irkmv8
2025-02-18,"""Bitcoin is going to zero soon""",/r/CryptoCurrency/comments/1isjvje/bitcoin_is_going_to_zero_soon/,CryptoCurrency,1isjvje
2025-02-18,"Google Web3 Lead: ""We're Working to Improve Bitcoin Wallets - Users Will Log in with Google & Trade BTC""",/r/CryptoCurrency/comments/1is9n8l/google_web3_lead_were_working_to_improve_bitcoin/,CryptoCurrency,1is9n8l
2025-02-18,Take it with a pinch of salt,/r/CryptoCurrency/comments/1isiuzj/take_it_with_a_pinch_of_salt/,CryptoCurrency,1isiuzj
2025-02-19,More Americans Own Bitcoin (BTC) Than Owe Student Loans,/r/CryptoCurrency/comments/1ith0xo/more_americans_own_bitcoin_btc_than_owe_student/,CryptoCurrency,1ith0xo
2025-02-19,"Texas Bitcoin Reserve Bill ""Expected to Pass Committee"" After 1st Hearing - It Could Be the 1st State to Buy BTC",/r/CryptoCurrency/comments/1it5i9q/texas_bitcoin_reserve_bill_expected_to_pass/,CryptoCurrency,1it5i9q
2025-02-20,Michael Saylor: Only One Nation Can Buy 20% of Bitcoin's Supply And I Bet It's the U.S.,/r/CryptoCurrency/comments/1iu5j4h/michael_saylor_only_one_nation_can_buy_20_of/,CryptoCurrency,1iu5j4h
2025-02-20,Bitcoin trader jailed after hiding millions worth of BTC from U.K. court,/r/CryptoCurrency/comments/1iu3sox/bitcoin_trader_jailed_after_hiding_millions_worth/,CryptoCurrency,1iu3sox
2025-02-20,I Finally Fucking Did It. I Am At Officially 1.01593588 Bitcoin. I Broke Through The Decimal Point and I am Just Beyond Happy and Satisfied ❤️❤️😊❤️,/r/Bitcoin/comments/1iu7ixc/i_finally_fucking_did_it_i_am_at_officially/,Bitcoin,1iu7ixc
2025-02-20,"This 12-year-old Kid “Erik Finman” in Idaho bought 83 BTC back in 2011, Instead of spending his $1,000 gift from his grandmother on video games or toys, he leaped into the unknown and bought Bitcoin.",/r/CryptoCurrency/comments/1iu0mj6/this_12yearold_kid_erik_finman_in_idaho_bought_83/,CryptoCurrency,1iu0mj6
2025-02-20,"""There is room for only 1 nation to buy 20% of the Bitcoin supply, and I think it will be the United States.""",/r/Bitcoin/comments/1iua7qt/there_is_room_for_only_1_nation_to_buy_20_of_the/,Bitcoin,1iua7qt
2025-02-21,I’m 20 years old and just put 20k into bitcoin what do I do now.,/r/Bitcoin/comments/1iuvsvx/im_20_years_old_and_just_put_20k_into_bitcoin/,Bitcoin,1iuvsvx
2025-02-21,"Sold 160 BTC for $0.003 cents each, on this day in 2010. The lowest sale price in history ✨",/r/CryptoCurrency/comments/1iur8nz/sold_160_btc_for_0003_cents_each_on_this_day_in/,CryptoCurrency,1iur8nz
2025-02-21,"Michael Saylor urges Trump to buy 5M Bitcoin: ""We can generate $80T and pay off the national debt""",/r/CryptoCurrency/comments/1iukz6n/michael_saylor_urges_trump_to_buy_5m_bitcoin_we/,CryptoCurrency,1iukz6n
2025-02-22,"I have lost my passphrase to my bitcoin core wallet, is it possible to recover it (except hashcat)? Also, are those values %100 percent correct? When I check the wallet address on the internet, it only shows the transaction that I send to check the address at 2021.",/r/Bitcoin/comments/1iviuoi/i_have_lost_my_passphrase_to_my_bitcoin_core/,Bitcoin,1iviuoi
2025-02-22,"VanEck projects that if the US Government accumulates 1,000,000 BTC by 2029 it could offset $21 Trillion in national debt.",/r/CryptoCurrency/comments/1ivoncr/vaneck_projects_that_if_the_us_government/,CryptoCurrency,1ivoncr
2025-02-22,‘It Begins’—Bitcoin And Crypto Brace For $80 Trillion U.S. Price Bombshell,/r/CryptoCurrency/comments/1ivp0s0/it_beginsbitcoin_and_crypto_brace_for_80_trillion/,CryptoCurrency,1ivp0s0
2025-02-22,All in on BTC?,/r/Bitcoin/comments/1ivlao8/all_in_on_btc/,Bitcoin,1ivlao8
2025-02-22,Bitcoin 1 million dollars,/r/Bitcoin/comments/1ivpg3d/bitcoin_1_million_dollars/,Bitcoin,1ivpg3d
2025-02-23,Predicting Bitcoin would be the global reserve currency at $0.20 in 2011. Legend ✨,/r/CryptoCurrency/comments/1iwa2vg/predicting_bitcoin_would_be_the_global_reserve/,CryptoCurrency,1iwa2vg
2025-02-23,"President Trump Declares End to Biden’s Crypto War, Pledges US Bitcoin Dominance",/r/CryptoCurrency/comments/1iw1d85/president_trump_declares_end_to_bidens_crypto_war/,CryptoCurrency,1iw1d85
2025-02-23,Finally got .1 btc,/r/Bitcoin/comments/1ivxjua/finally_got_1_btc/,Bitcoin,1ivxjua
2025-02-23,Found the licence plate “BITCOIN” what brand of car do you think it was on?,/r/Bitcoin/comments/1iwhhh2/found_the_licence_plate_bitcoin_what_brand_of_car/,Bitcoin,1iwhhh2
2025-02-24,"Bitcoin HELOC AMA with Mike Cagney, CEO Figure Markets $5000 BTC* in prizes",/r/CryptoCurrency/comments/1ix79tm/bitcoin_heloc_ama_with_mike_cagney_ceo_figure/,CryptoCurrency,1ix79tm
2025-02-24,Montana's Bitcoin reserve bill rejected.,/r/CryptoCurrency/comments/1iwpho5/montanas_bitcoin_reserve_bill_rejected/,CryptoCurrency,1iwpho5
2025-02-24,"Coinbase CEO on Bitcoin and crypto, exactly 10 years ago ✨",/r/CryptoCurrency/comments/1ix06dd/coinbase_ceo_on_bitcoin_and_crypto_exactly_10/,CryptoCurrency,1ix06dd
2025-02-24,Finally reached 0.0010 BTC!!,/r/Bitcoin/comments/1ix5kz7/finally_reached_00010_btc/,Bitcoin,1ix5kz7
2025-02-24,"Citadel Securities Enters Bitcoin (BTC) & Crypto: Becomes Liquidity Provider for Coinbase, Binance & More",/r/CryptoCurrency/comments/1ixaqfx/citadel_securities_enters_bitcoin_btc_crypto/,CryptoCurrency,1ixaqfx
2025-02-24,Don’t sell your bitcoins,/r/Bitcoin/comments/1ixghfp/dont_sell_your_bitcoins/,Bitcoin,1ixghfp
2025-02-24,"Strategy buys another 20,356 bitcoin for $2 billion as its total holdings reach 499,096 BTC",/r/CryptoCurrency/comments/1ix2lui/strategy_buys_another_20356_bitcoin_for_2_billion/,CryptoCurrency,1ix2lui
2025-02-25,"Guys… Bitcoin is dead, back to FIAT we go… RIP BTC 🪦",/r/Bitcoin/comments/1ixun0t/guys_bitcoin_is_dead_back_to_fiat_we_go_rip_btc/,Bitcoin,1ixun0t
2025-02-25,Liquidations Shoot Above $1 Billion as Bitcoin (BTC) Breaks Down to $90K,/r/CryptoCurrency/comments/1ixpfrh/liquidations_shoot_above_1_billion_as_bitcoin_btc/,CryptoCurrency,1ixpfrh
2025-02-25,He sold all his bitcoins in panic (bought at $106k),/r/Bitcoin/comments/1ixjr8q/he_sold_all_his_bitcoins_in_panic_bought_at_106k/,Bitcoin,1ixjr8q
2025-02-25,Bitcoin at 88k - Why is it always like this?,/r/Bitcoin/comments/1ixr43h/bitcoin_at_88k_why_is_it_always_like_this/,Bitcoin,1ixr43h
2025-02-26,China's Supreme People's Court Met To Discuss The Legal Treatment of Crypto This Week - Bitcoin (BTC) Pivot Incoming,/r/CryptoCurrency/comments/1iyklm7/chinas_supreme_peoples_court_met_to_discuss_the/,CryptoCurrency,1iyklm7
2025-02-26,Its a glorious thing seeing people panicking when BTC falls to $85.5k !!!!,/r/Bitcoin/comments/1iyrn8v/its_a_glorious_thing_seeing_people_panicking_when/,Bitcoin,1iyrn8v
2025-02-26,"Man Who Lost $775 Million Bitcoin Hard Drive Faces New Setback: Recovery Chances Are 1 In 902 Million, Waste Expert Claims",/r/CryptoCurrency/comments/1iyu2nc/man_who_lost_775_million_bitcoin_hard_drive_faces/,CryptoCurrency,1iyu2nc
2025-02-26,How much more do we have to endure?,/r/Bitcoin/comments/1iyv29m/how_much_more_do_we_have_to_endure/,Bitcoin,1iyv29m
2025-02-27,Probably the last chance to buy BTC under $100k,/r/Bitcoin/comments/1iz2qrf/probably_the_last_chance_to_buy_btc_under_100k/,Bitcoin,1iz2qrf
2025-02-27,Recent buyers Bitcoin (BTC) have realized $2.16B in losses,/r/CryptoCurrency/comments/1izjupo/recent_buyers_bitcoin_btc_have_realized_216b_in/,CryptoCurrency,1izjupo
2025-02-27,Mining Bitcoin is gambling with extra steps,/r/CryptoCurrency/comments/1izj2kr/mining_bitcoin_is_gambling_with_extra_steps/,CryptoCurrency,1izj2kr
2025-02-28,"Genuinely, what happened to the ""Crypto President""?",/r/CryptoCurrency/comments/1izz8iy/genuinely_what_happened_to_the_crypto_president/,CryptoCurrency,1izz8iy
2025-02-28,BTC is on SALE!! LETS BUY MOREEEEE,/r/Bitcoin/comments/1j05zjy/btc_is_on_sale_lets_buy_moreeeee/,Bitcoin,1j05zjy
2025-02-28,We heard bitcoin crаshed,/r/Bitcoin/comments/1j08pv5/we_heard_bitcoin_crаshed/,Bitcoin,1j08pv5
2025-02-28,Perspective from a 13 year Bitcoin veteran,/r/Bitcoin/comments/1j0c0v7/perspective_from_a_13_year_bitcoin_veteran/,Bitcoin,1j0c0v7
2025-03-01,Tether CEO: “One day USDT will be useless. The world will only use Bitcoin.”,/r/CryptoCurrency/comments/1j10yve/tether_ceo_one_day_usdt_will_be_useless_the_world/,CryptoCurrency,1j10yve
2025-03-02,"Goldbug Peter Schiff, Who's Been Short Bitcoin Since $0.25, Just Backed a Strategic Reserve - Hell Has Frozen Over",/r/CryptoCurrency/comments/1j1zl88/goldbug_peter_schiff_whos_been_short_bitcoin/,CryptoCurrency,1j1zl88
2025-03-02,"The biggest rug-pull in history, coming for BTC or the USD?",/r/CryptoCurrency/comments/1j21uip/the_biggest_rugpull_in_history_coming_for_btc_or/,CryptoCurrency,1j21uip
2025-03-02,Even more proof BTC is a manipulated asset and we absolutely should be onboard for the inevitable ride to Valhalla,/r/Bitcoin/comments/1j1uq12/even_more_proof_btc_is_a_manipulated_asset_and_we/,Bitcoin,1j1uq12
2025-03-02,Lucky Leverage Trader Makes Hundreds Of Millions In Hours,/r/CryptoCurrency/comments/1j1xcba/lucky_leverage_trader_makes_hundreds_of_millions/,CryptoCurrency,1j1xcba
2025-03-02,Guy in work told me about bitcoin in 2017.,/r/Bitcoin/comments/1j1pufz/guy_in_work_told_me_about_bitcoin_in_2017/,Bitcoin,1j1pufz
2025-03-02,"Noobs who bought into BTC last few months and panic sold this last week, preparing to FOMO back in..",/r/Bitcoin/comments/1j1vf5l/noobs_who_bought_into_btc_last_few_months_and/,Bitcoin,1j1vf5l
2025-03-03,Classic bitcoin,/r/Bitcoin/comments/1j2raae/classic_bitcoin/,Bitcoin,1j2raae
2025-03-03,To everyone who said the US strategic BTC reserve announcement is the top: do you still feel that way?,/r/CryptoCurrency/comments/1j2anco/to_everyone_who_said_the_us_strategic_btc_reserve/,CryptoCurrency,1j2anco
2025-03-03,How secure you feel by holding 0.4 btc at the age 40?,/r/Bitcoin/comments/1j2iui3/how_secure_you_feel_by_holding_04_btc_at_the_age/,Bitcoin,1j2iui3
2025-03-03,"Bitcoin price: $30,000. Winning ✨",/r/CryptoCurrency/comments/1j2grhn/bitcoin_price_30000_winning/,CryptoCurrency,1j2grhn
2025-03-03,Lucky Leverage Trader Opens $13.45 Million Short Position on BTC Before U.S. Market Open,/r/CryptoCurrency/comments/1j2pgg9/lucky_leverage_trader_opens_1345_million_short/,CryptoCurrency,1j2pgg9
2025-03-04,"Blackrock: If every millionaire in the US asked their financial advisor to get them 1 bitcoin, there wouldn't be enough",/r/Bitcoin/comments/1j3hexq/blackrock_if_every_millionaire_in_the_us_asked/,Bitcoin,1j3hexq
2025-03-04,"NEW: Mexican billionaire Ricardo Salinas tells Bloomberg that 70% of his wealth is now in Bitcoin. ""I don't have a single bond. I don't have any stocks except my own."" 🔥🔥",/r/Bitcoin/comments/1j3akqi/new_mexican_billionaire_ricardo_salinas_tells/,Bitcoin,1j3akqi
2025-03-04,"Bitcoin purchases won't stop in El Salvador, says President Nayib Bukele in defiance of IMF demands to stop Bitcoin activities",/r/Bitcoin/comments/1j3luvg/bitcoin_purchases_wont_stop_in_el_salvador_says/,Bitcoin,1j3luvg
2025-03-04,"11 years ago today, Cameron and Tyler Winklevoss spent 750 BTC ($60 million) on 2 tickets to space. They've still never been to space 💀",/r/CryptoCurrency/comments/1j38djx/11_years_ago_today_cameron_and_tyler_winklevoss/,CryptoCurrency,1j38djx
2025-03-05,Should I buy £50 of BTC every week for 5 years?,/r/Bitcoin/comments/1j41zi9/should_i_buy_50_of_btc_every_week_for_5_years/,Bitcoin,1j41zi9
2025-03-05,Tried to purchase Bitcoin again and his makes me want to exit UK banks even quicker,/r/Bitcoin/comments/1j4fs3k/tried_to_purchase_bitcoin_again_and_his_makes_me/,Bitcoin,1j4fs3k
2025-03-05,Bitcoin and Banks.. They are coming...,/r/Bitcoin/comments/1j468yd/bitcoin_and_banks_they_are_coming/,Bitcoin,1j468yd
2025-03-05,Bitcoin Could Swing Back to $95K Amid Signs of BTC Bear Exhaustion,/r/CryptoCurrency/comments/1j409av/bitcoin_could_swing_back_to_95k_amid_signs_of_btc/,CryptoCurrency,1j409av
2025-03-05,"✨ US government selling 50,000 Bitcoin for $270 each, exactly 10 years ago. $4.4 billion today 💀",/r/CryptoCurrency/comments/1j431bg/us_government_selling_50000_bitcoin_for_270_each/,CryptoCurrency,1j431bg
2025-03-06,"Bitcoin Crosses $90K as Trump Delays Canada, Mexico Auto Tariffs",/r/CryptoCurrency/comments/1j4m207/bitcoin_crosses_90k_as_trump_delays_canada_mexico/,CryptoCurrency,1j4m207
2025-03-06,"Bhutan's Prime Minister gives first-ever interview on the nation's Bitcoin strategy, confirming BTC as a strategic reserve.",/r/CryptoCurrency/comments/1j4xiak/bhutans_prime_minister_gives_firstever_interview/,CryptoCurrency,1j4xiak
2025-03-06,Sold my Bitcoin and bought a house,/r/Bitcoin/comments/1j4r825/sold_my_bitcoin_and_bought_a_house/,Bitcoin,1j4r825
2025-03-06,"US Crypto Czar Slams US Bitcoin Sales: ""They Sold 195,000 BTC for $366M - Now Worth Over $17B""",/r/CryptoCurrency/comments/1j4wcry/us_crypto_czar_slams_us_bitcoin_sales_they_sold/,CryptoCurrency,1j4wcry
2025-03-06,Mt. Gox moves over $1 billion worth of bitcoin to unmarked address,/r/CryptoCurrency/comments/1j4k126/mt_gox_moves_over_1_billion_worth_of_bitcoin_to/,CryptoCurrency,1j4k126
2025-03-06,Ever feel bad? I sold 11 BTC on 2017.,/r/Bitcoin/comments/1j4o8kr/ever_feel_bad_i_sold_11_btc_on_2017/,Bitcoin,1j4o8kr
2025-03-06,Michael Saylor Hints US Will Buy 1 Million Bitcoin For Strategic Reserve,/r/CryptoCurrency/comments/1j4zjzp/michael_saylor_hints_us_will_buy_1_million/,CryptoCurrency,1j4zjzp
2025-03-07,"That moment when, the US says they're not buying BTC for their Strategic Federal Reserve and the market crashes.",/r/CryptoCurrency/comments/1j5bwv7/that_moment_when_the_us_says_theyre_not_buying/,CryptoCurrency,1j5bwv7
2025-03-07,Trump signs executive order to establish strategic bitcoin reserve,/r/CryptoCurrency/comments/1j5aemz/trump_signs_executive_order_to_establish/,CryptoCurrency,1j5aemz
2025-03-07,The US will HODL & stack more bitcoins. The US will not buy additional shitcoins. How is this not BULLISH?,/r/Bitcoin/comments/1j5jq2s/the_us_will_hodl_stack_more_bitcoins_the_us_will/,Bitcoin,1j5jq2s
2025-03-07,"5 years ago today, the world's worst bandits broke into this Bitcoin ATM and left empty-handed. They were trying to ""get the coins out"" 💀",/r/CryptoCurrency/comments/1j5rhgv/5_years_ago_today_the_worlds_worst_bandits_broke/,CryptoCurrency,1j5rhgv
2025-03-07,What is your BTC average cost?,/r/Bitcoin/comments/1j5q9e5/what_is_your_btc_average_cost/,Bitcoin,1j5q9e5
2025-03-07,U.S. creates BTC strategic reserve and U.S. Digital asset stockpile(alts),/r/CryptoCurrency/comments/1j5awei/us_creates_btc_strategic_reserve_and_us_digital/,CryptoCurrency,1j5awei
2025-03-07,"The Strategic Bitcoin Reserve is established and crypto crashes. Why this bothers me so, and why it feels like manipulation.",/r/CryptoCurrency/comments/1j5d5v7/the_strategic_bitcoin_reserve_is_established_and/,CryptoCurrency,1j5d5v7
2025-03-07,"Trump's bitcoin reserve executive order hailed as 'huge moment' by some, dismissed as 'pig in lipstick' by others",/r/CryptoCurrency/comments/1j5tvyd/trumps_bitcoin_reserve_executive_order_hailed_as/,CryptoCurrency,1j5tvyd
2025-03-08,Saylor' greed turns Bitcoin into Wall St lapdog,/r/CryptoCurrency/comments/1j6l70h/saylor_greed_turns_bitcoin_into_wall_st_lapdog/,CryptoCurrency,1j6l70h
2025-03-08,THE WHITE HOUSE JUST MADE A FIRST EVER POST ON BITCOIN AND CRYPTO.,/r/Bitcoin/comments/1j6a49q/the_white_house_just_made_a_first_ever_post_on/,Bitcoin,1j6a49q
2025-03-08,"President of the United States: ""Never sell your bitcoin""",/r/Bitcoin/comments/1j6dy0f/president_of_the_united_states_never_sell_your/,Bitcoin,1j6dy0f
2025-03-09,Did my first IRL Bitcoin transaction today,/r/Bitcoin/comments/1j775jy/did_my_first_irl_bitcoin_transaction_today/,Bitcoin,1j775jy
2025-03-09,Michael Saylor pushes US gov’t to purchase up to 25% of Bitcoin supply,/r/CryptoCurrency/comments/1j74380/michael_saylor_pushes_us_govt_to_purchase_up_to/,CryptoCurrency,1j74380
2025-03-09,Trump does not understand Bitcoin,/r/CryptoCurrency/comments/1j6vunj/trump_does_not_understand_bitcoin/,CryptoCurrency,1j6vunj
2025-03-09,Bitcoin (BTC) This Week - Hide The Pain,/r/CryptoCurrency/comments/1j7ejrj/bitcoin_btc_this_week_hide_the_pain/,CryptoCurrency,1j7ejrj
2025-03-10,Bitcoin Price (BTC) Falls to $80K,/r/CryptoCurrency/comments/1j7ngj0/bitcoin_price_btc_falls_to_80k/,CryptoCurrency,1j7ngj0
2025-03-10,"Bull Cycle Climax Ahead? BTC Dominance Topping Out, ETH at a Macro Low, and Altseason Starting April 2025",/r/CryptoCurrency/comments/1j7p9ck/bull_cycle_climax_ahead_btc_dominance_topping_out/,CryptoCurrency,1j7p9ck
2025-03-10,Bitcoin nears $78K lows as US stocks dive at the Wall Street open,/r/CryptoCurrency/comments/1j82t7s/bitcoin_nears_78k_lows_as_us_stocks_dive_at_the/,CryptoCurrency,1j82t7s
2025-03-10,Ethereum is at its lowest price since November 2023 and is down 32% against Bitcoin since the Nov. 2024 US presidential Election,/r/CryptoCurrency/comments/1j869xa/ethereum_is_at_its_lowest_price_since_november/,CryptoCurrency,1j869xa
2025-03-11,How many % of your savings do you hold in btc?,/r/Bitcoin/comments/1j91sik/how_many_of_your_savings_do_you_hold_in_btc/,Bitcoin,1j91sik
2025-03-11,Solo Miner Mined a Block of Bitcoin On a $299 Device,/r/CryptoCurrency/comments/1j91srp/solo_miner_mined_a_block_of_bitcoin_on_a_299/,CryptoCurrency,1j91srp
2025-03-11,BlackRock CEO Issues Serious Warning Amid $1 Trillion Bitcoin And Crypto Price Sell-Off,/r/CryptoCurrency/comments/1j8x2pj/blackrock_ceo_issues_serious_warning_amid_1/,CryptoCurrency,1j8x2pj
2025-03-11,Congress to introduce Strategic Bitcoin Reserve legislation in the House today to buy 1 million Bitcoin.,/r/CryptoCurrency/comments/1j8vr7u/congress_to_introduce_strategic_bitcoin_reserve/,CryptoCurrency,1j8vr7u
2025-03-12,ETH/BTC Slips to Lowest Since December 2020 as Ethereum Loses Key Support,/r/CryptoCurrency/comments/1j995nf/ethbtc_slips_to_lowest_since_december_2020_as/,CryptoCurrency,1j995nf
2025-03-12,ETH to BTC falls to .02267 a ~5 year low that hasn't been since May 2020. This means since mid 2017 there is now only a 10.5 month period where you'd be up purchasing Ethereum compared to purchasing Bitcoin (late 2019 early 2020).,/r/CryptoCurrency/comments/1j9ltc5/eth_to_btc_falls_to_02267_a_5_year_low_that_hasnt/,CryptoCurrency,1j9ltc5
2025-03-12,Bitcoin Miner Bitdeer's Own BTC Holdings Surge Since Start of Year,/r/CryptoCurrency/comments/1j9x21d/bitcoin_miner_bitdeers_own_btc_holdings_surge/,CryptoCurrency,1j9x21d
2025-03-13,"Sen. Lummis Reintroduces Bitcoin Act, Which Would Allow US to Buy $80 Billion in BTC",/r/CryptoCurrency/comments/1jabgyc/sen_lummis_reintroduces_bitcoin_act_which_would/,CryptoCurrency,1jabgyc
2025-03-13,Fast Food Giant Steak 'n Shake Posted This Picture of a Bitcoin Space Ship - Embracing BTC?,/r/CryptoCurrency/comments/1jangjc/fast_food_giant_steak_n_shake_posted_this_picture/,CryptoCurrency,1jangjc
2025-03-14,"📊 JUST IN: Retail Bitcoin holders (with balances under 1 $BTC) are selling off their coins, mirroring the capitulation pattern seen in late 2020. Today, this group holds 35% more Bitcoin (1.75 million BTC) than they did in 2020.",/r/Bitcoin/comments/1jb8sbk/just_in_retail_bitcoin_holders_with_balances/,Bitcoin,1jb8sbk
2025-03-14,"NEW: Giant Bitcoin logo displayed over Austin, Texas 🇺🇸",/r/Bitcoin/comments/1jb0w7e/new_giant_bitcoin_logo_displayed_over_austin_texas/,Bitcoin,1jb0w7e
2025-03-14,National Bitcoin Holdings,/r/Bitcoin/comments/1jbg30o/national_bitcoin_holdings/,Bitcoin,1jbg30o
2025-03-15,Michael Saylor now owns more Bitcoin than the United States and China combined.,/r/CryptoCurrency/comments/1jc8c3g/michael_saylor_now_owns_more_bitcoin_than_the/,CryptoCurrency,1jc8c3g
2025-03-15,Houston crime: Four teens charged in Bitcoin robbery of online streamer,/r/CryptoCurrency/comments/1jc4592/houston_crime_four_teens_charged_in_bitcoin/,CryptoCurrency,1jc4592
2025-03-15,Tim Draper: Bitcoin Goes to Infinity Against the Dollar—$250K BTC Is Just the Start,/r/CryptoCurrency/comments/1jbmubz/tim_draper_bitcoin_goes_to_infinity_against_the/,CryptoCurrency,1jbmubz
2025-03-15,The greatest Bitcoin explanation of all time.,/r/Bitcoin/comments/1jbzh6a/the_greatest_bitcoin_explanation_of_all_time/,Bitcoin,1jbzh6a
2025-03-16,Bitcoin whale bets $368M with 40x leverage on BTC decline ahead of FOMC,/r/CryptoCurrency/comments/1jcntbe/bitcoin_whale_bets_368m_with_40x_leverage_on_btc/,CryptoCurrency,1jcntbe
2025-03-16,Possibility of getting to 0.4 btc,/r/Bitcoin/comments/1jcggte/possibility_of_getting_to_04_btc/,Bitcoin,1jcggte
2025-03-17,"Strategy makes much smaller $10.7 million bitcoin buy as its total holdings near 500,000 BTC",/r/CryptoCurrency/comments/1jdfho4/strategy_makes_much_smaller_107_million_bitcoin/,CryptoCurrency,1jdfho4
2025-03-17,"""Early Bitcoiners were so lucky"" 💀",/r/CryptoCurrency/comments/1jdd1xt/early_bitcoiners_were_so_lucky/,CryptoCurrency,1jdd1xt
2025-03-18,"JUST IN: U.S. Congressman Nick Begich: ""Likelihood of passing The Bitcoin Act of buying 1 million BTC is growing""",/r/Bitcoin/comments/1je5wzo/just_in_us_congressman_nick_begich_likelihood_of/,Bitcoin,1je5wzo
2025-03-18,Don’t be this guy,/r/Bitcoin/comments/1jefpmn/dont_be_this_guy/,Bitcoin,1jefpmn
2025-03-18,Get more bitcoin,/r/Bitcoin/comments/1jeg8mz/get_more_bitcoin/,Bitcoin,1jeg8mz
2025-03-18,Whale closed BTC short on Hyperliquid realizing $3.37m gain and swapped it to ETH,/r/CryptoCurrency/comments/1je0j02/whale_closed_btc_short_on_hyperliquid_realizing/,CryptoCurrency,1je0j02
2025-03-18,Bitcoin is now #11 🌍,/r/Bitcoin/comments/1je18bp/bitcoin_is_now_11/,Bitcoin,1je18bp
2025-03-19,I hid $20 in bitcoin behind a wall during a renovation. Hope it’s found in 50 years.,/r/Bitcoin/comments/1jevawa/i_hid_20_in_bitcoin_behind_a_wall_during_a/,Bitcoin,1jevawa
2025-03-19,BlackRock: Recession Could Ignite Bitcoin,/r/CryptoCurrency/comments/1jeuhmz/blackrock_recession_could_ignite_bitcoin/,CryptoCurrency,1jeuhmz
2025-03-19,Inside the Bitcoin (BTC) Bar 'PubKey' in New York City,/r/CryptoCurrency/comments/1jf79u6/inside_the_bitcoin_btc_bar_pubkey_in_new_york_city/,CryptoCurrency,1jf79u6
2025-03-19,BITCOIN,/r/Bitcoin/comments/1jf7rq6/bitcoin/,Bitcoin,1jf7rq6
2025-03-20,I'm 100% sure I'd found Satoshi's profile on Reddit,/r/Bitcoin/comments/1jfr1om/im_100_sure_id_found_satoshis_profile_on_reddit/,Bitcoin,1jfr1om
2025-03-20,"BTC hovers above $85,500 as Trump calls the Fed to lower interest rates",/r/CryptoCurrency/comments/1jfobs4/btc_hovers_above_85500_as_trump_calls_the_fed_to/,CryptoCurrency,1jfobs4
2025-03-20,After taking Bitcoin orange pill.,/r/Bitcoin/comments/1jfqacu/after_taking_bitcoin_orange_pill/,Bitcoin,1jfqacu
2025-03-20,Bitcoin is coming for $128 trillion in global money. You're not late to Bitcoin.,/r/Bitcoin/comments/1jfz7d2/bitcoin_is_coming_for_128_trillion_in_global/,Bitcoin,1jfz7d2
2025-03-20,"Bitcoin will hit $13 million in 20 years, predicts Saylor at digital asset summit",/r/CryptoCurrency/comments/1jfsxuw/bitcoin_will_hit_13_million_in_20_years_predicts/,CryptoCurrency,1jfsxuw
2025-03-20,I recently started acquiring BTC... My goal is to get to 0.1 asap and then continue to DCA,/r/Bitcoin/comments/1jfyo5d/i_recently_started_acquiring_btc_my_goal_is_to/,Bitcoin,1jfyo5d
2025-03-21,"Yes, I buy BTC every month.",/r/Bitcoin/comments/1jgfoev/yes_i_buy_btc_every_month/,Bitcoin,1jgfoev
2025-03-21,found a bitcoin keychain in the local recycling center and the staff there let me take it for free,/r/Bitcoin/comments/1jge18a/found_a_bitcoin_keychain_in_the_local_recycling/,Bitcoin,1jge18a
2025-03-21,"Stop trying to get rich from Bitcoin, it will make life a lot more comfortable for you",/r/Bitcoin/comments/1jgf0wj/stop_trying_to_get_rich_from_bitcoin_it_will_make/,Bitcoin,1jgf0wj
2025-03-22,Japanese Public Company Metaplanet Appoints Eric Trump As A Strategic Advisor To Help Drive Bitcoin Adoption - This must be a joke,/r/CryptoCurrency/comments/1jhl2i7/japanese_public_company_metaplanet_appoints_eric/,CryptoCurrency,1jhl2i7
2025-03-22,"Eminem's Unreleased Songs Sold for $50K in Bitcoin, Ex-Engineer Charged",/r/CryptoCurrency/comments/1jh4q6r/eminems_unreleased_songs_sold_for_50k_in_bitcoin/,CryptoCurrency,1jh4q6r
2025-03-22,US Government Preparing to Sell Gold to Buy More Bitcoin for Strategic Reserve,/r/CryptoCurrency/comments/1jh7fuz/us_government_preparing_to_sell_gold_to_buy_more/,CryptoCurrency,1jh7fuz
2025-03-22,"3,351+ BTC gone forever",/r/Bitcoin/comments/1jh8hs8/3351_btc_gone_forever/,Bitcoin,1jh8hs8
2025-03-22,People in 1993 reacting to credit cards being accepted at Burger King. It kind of reminds me of how the average Joe is reacting to Bitcoin today.,/r/Bitcoin/comments/1jhakc1/people_in_1993_reacting_to_credit_cards_being/,Bitcoin,1jhakc1
2025-03-22,"NEW: 🇺🇸 Spot #Bitcoin ETFs bought 8,775 BTC this week while miners only mined 3,150 bitcoin 👀",/r/Bitcoin/comments/1jhcqly/new_spot_bitcoin_etfs_bought_8775_btc_this_week/,Bitcoin,1jhcqly
2025-03-23,How hard will it be to cash out 1 btc in 5 years if it hits a million..,/r/Bitcoin/comments/1jhyalj/how_hard_will_it_be_to_cash_out_1_btc_in_5_years/,Bitcoin,1jhyalj
2025-03-23,Trump’s White House return wipes out nearly 20% of Bitcoin millionaires,/r/CryptoCurrency/comments/1jhz08e/trumps_white_house_return_wipes_out_nearly_20_of/,CryptoCurrency,1jhz08e
2025-03-23,Bitcoin is your best hedge against inflation,/r/Bitcoin/comments/1jhw32a/bitcoin_is_your_best_hedge_against_inflation/,Bitcoin,1jhw32a
2025-03-23,"Dormant Bitcoin Whale Wallet From 2016 Moves 3,000 BTC",/r/CryptoCurrency/comments/1ji2jmm/dormant_bitcoin_whale_wallet_from_2016_moves_3000/,CryptoCurrency,1ji2jmm
2025-03-23,If you had 120k would you buy 1 btc,/r/Bitcoin/comments/1jhyd4b/if_you_had_120k_would_you_buy_1_btc/,Bitcoin,1jhyd4b
2025-03-24,Almost lost all my Bitcoin,/r/Bitcoin/comments/1jj50xl/almost_lost_all_my_bitcoin/,Bitcoin,1jj50xl
2025-03-24,What am I doing wrong when buying and selling BTC,/r/Bitcoin/comments/1jiuxfg/what_am_i_doing_wrong_when_buying_and_selling_btc/,Bitcoin,1jiuxfg
2025-03-24,"Michael Saylor's Strategy surpasses 500,000 BTC after latest $584 million bitcoin buy",/r/CryptoCurrency/comments/1jisq7v/michael_saylors_strategy_surpasses_500000_btc/,CryptoCurrency,1jisq7v
2025-03-24,"Bitcoin Whale Dormant Since 2016 Moves $250,000,000 Worth of BTC After 83x Gains",/r/CryptoCurrency/comments/1jiuh3c/bitcoin_whale_dormant_since_2016_moves_250000000/,CryptoCurrency,1jiuh3c
2025-03-24,BTC dips are for buying no matter the price,/r/CryptoCurrency/comments/1jj594j/btc_dips_are_for_buying_no_matter_the_price/,CryptoCurrency,1jj594j
2025-03-24,Bitcoin is the easiest investment of all time,/r/Bitcoin/comments/1jj0ahq/bitcoin_is_the_easiest_investment_of_all_time/,Bitcoin,1jj0ahq
2025-03-25,GameStop Adding BTC as a Treasury Reserve Asset,/r/Bitcoin/comments/1jjt9cm/gamestop_adding_btc_as_a_treasury_reserve_asset/,Bitcoin,1jjt9cm
2025-03-25,North Carolina Introduces Bill to Allocate 5% of State Funds Into Bitcoin (BTC),/r/CryptoCurrency/comments/1jjnwlg/north_carolina_introduces_bill_to_allocate_5_of/,CryptoCurrency,1jjnwlg
2025-03-25,0.01 bitcoin,/r/Bitcoin/comments/1jjtimf/001_bitcoin/,Bitcoin,1jjtimf
2025-03-25,"🇬🇧 A man in the UK was blocked from withdrawing £2,500 of his own money to buy a motorbike. Legally, when you deposit money into a bank, you’re lending it to them. The bank owns it now, not you. Study Bitcoin.",/r/Bitcoin/comments/1jjhcq9/a_man_in_the_uk_was_blocked_from_withdrawing_2500/,Bitcoin,1jjhcq9
2025-03-26,Protect your purchasing power with Bitcoin,/r/Bitcoin/comments/1jk9i36/protect_your_purchasing_power_with_bitcoin/,Bitcoin,1jk9i36
2025-03-26,How come every millionaire in the US hasn't bought a bitcoin yet?,/r/Bitcoin/comments/1jkqahx/how_come_every_millionaire_in_the_us_hasnt_bought/,Bitcoin,1jkqahx
2025-03-26,BTC News: Bitcoin Market Could Heat Up as Prices Approach $90K,/r/CryptoCurrency/comments/1jkd8u5/btc_news_bitcoin_market_could_heat_up_as_prices/,CryptoCurrency,1jkd8u5
2025-03-26,Why Don't More Millionaires Buy a Bitcoin? Is There Enough to Go Around?,/r/Bitcoin/comments/1jk8zku/why_dont_more_millionaires_buy_a_bitcoin_is_there/,Bitcoin,1jk8zku
2025-03-26,"GameStop Borrows Strategy Playbook, Plans to Raise $1.3 Billion to Buy Bitcoin",/r/CryptoCurrency/comments/1jkm1y3/gamestop_borrows_strategy_playbook_plans_to_raise/,CryptoCurrency,1jkm1y3
2025-03-26,Bitcoin is Still Misunderstood,/r/CryptoCurrency/comments/1jk0di6/bitcoin_is_still_misunderstood/,CryptoCurrency,1jk0di6
2025-03-27,BTC Balance on Exchange has been in freefall since last year.,/r/Bitcoin/comments/1jkqz7l/btc_balance_on_exchange_has_been_in_freefall/,Bitcoin,1jkqz7l
2025-03-27,BTC in a game from 1991?,/r/Bitcoin/comments/1jlcfye/btc_in_a_game_from_1991/,Bitcoin,1jlcfye
2025-03-27,"Bitcoin (BTC) Block 888737 Mined By a Home Miner With Only 4 Machines - Turned $2,500 Into $250k",/r/CryptoCurrency/comments/1jlcobj/bitcoin_btc_block_888737_mined_by_a_home_miner/,CryptoCurrency,1jlcobj
2025-03-28,Current Bitcoin Sentiment,/r/CryptoCurrency/comments/1jm5e9b/current_bitcoin_sentiment/,CryptoCurrency,1jm5e9b
2025-03-28,I just joined the 0.1 BTC Club,/r/Bitcoin/comments/1jlqn08/i_just_joined_the_01_btc_club/,Bitcoin,1jlqn08
2025-03-28,Bitcoin price: $55k. Winning 🧡,/r/CryptoCurrency/comments/1jltmqt/bitcoin_price_55k_winning/,CryptoCurrency,1jltmqt
2025-03-29,BTC mining company MARA to sell $2 billion in shares to buy more Bitcoins,/r/Bitcoin/comments/1jmymdt/btc_mining_company_mara_to_sell_2_billion_in/,Bitcoin,1jmymdt
2025-03-29,ETH crashes to four-year low against BTC,/r/CryptoCurrency/comments/1jmppue/eth_crashes_to_fouryear_low_against_btc/,CryptoCurrency,1jmppue
2025-03-30,BTC talk at work,/r/Bitcoin/comments/1jnjiry/btc_talk_at_work/,Bitcoin,1jnjiry
2025-03-30,"This developer lost access to $240M in Bitcoin after forgetting his password, after using 8 out of 10 attempts to unlock his IronKey wallet, he faces the possibility of never recovering it.",/r/CryptoCurrency/comments/1jnaucn/this_developer_lost_access_to_240m_in_bitcoin/,CryptoCurrency,1jnaucn
2025-03-30,Achieving 1 BTC,/r/Bitcoin/comments/1jncfie/achieving_1_btc/,Bitcoin,1jncfie
2025-03-31,Not a single on-chain market indicator for BTC cycle top has been hit yet… Just sayin.,/r/Bitcoin/comments/1joak9t/not_a_single_onchain_market_indicator_for_btc/,Bitcoin,1joak9t
2025-03-31,CONGRESSMAN BEGICH SAYS THE USA WILL BE BUYING 1 MILLION BITCOIN SOON,/r/Bitcoin/comments/1jo17ws/congressman_begich_says_the_usa_will_be_buying_1/,Bitcoin,1jo17ws
2025-03-31,Woman accidentally bins £3m Bitcoin fortune in 'worst mistake ever',/r/CryptoCurrency/comments/1jns90a/woman_accidentally_bins_3m_bitcoin_fortune_in/,CryptoCurrency,1jns90a
2025-03-31,Bitcoin (BTC) Market Dominance Surges to 4-Year High,/r/CryptoCurrency/comments/1jnw7dt/bitcoin_btc_market_dominance_surges_to_4year_high/,CryptoCurrency,1jnw7dt
2025-04-01,"If Bitcoin becomes centralized to just a few American companies, then what's the point?",/r/CryptoCurrency/comments/1jp56f1/if_bitcoin_becomes_centralized_to_just_a_few/,CryptoCurrency,1jp56f1
2025-04-01,The world you grew up in no longer exists. Study Bitcoin.,/r/Bitcoin/comments/1jouu9f/the_world_you_grew_up_in_no_longer_exists_study/,Bitcoin,1jouu9f
2025-04-01,‘Nobody Is Safe’—Shock Fed Trump Warning Could Suddenly Trigger Bitcoin Price Chaos,/r/CryptoCurrency/comments/1jp109c/nobody_is_safeshock_fed_trump_warning_could/,CryptoCurrency,1jp109c
2025-04-01,"Eric Trump and Donald J. Trump Jr. Unveil ""American Bitcoin"" – The Trumps Go All-In on BTC Mining & Reserve",/r/CryptoCurrency/comments/1jp4fer/eric_trump_and_donald_j_trump_jr_unveil_american/,CryptoCurrency,1jp4fer
2025-04-02,"Eventually people won't be investing in BTC because they are hoping for huge gains, they will just be investing to try to stop huge losses in purchasing power and to have control of their money.",/r/CryptoCurrency/comments/1jpqzh7/eventually_people_wont_be_investing_in_btc/,CryptoCurrency,1jpqzh7
2025-04-02,Transmit your BTC to your child,/r/Bitcoin/comments/1jplolc/transmit_your_btc_to_your_child/,Bitcoin,1jplolc
2025-04-03,"BTC down, XAU down, USD down - where do we go now?",/r/Bitcoin/comments/1jqfkkq/btc_down_xau_down_usd_down_where_do_we_go_now/,Bitcoin,1jqfkkq
2025-04-03,You can't find extra supply of BTC in space.,/r/Bitcoin/comments/1jqy3c9/you_cant_find_extra_supply_of_btc_in_space/,Bitcoin,1jqy3c9
2025-04-03,my mom keeps telling me to sell bitcoin.,/r/Bitcoin/comments/1jqbulv/my_mom_keeps_telling_me_to_sell_bitcoin/,Bitcoin,1jqbulv
2025-04-03,"If mining shifts entirely to free/cheap green energy, the cost barrier lowers—which could actually weaken the economic security model BTC depends on.",/r/CryptoCurrency/comments/1jqo4bs/if_mining_shifts_entirely_to_freecheap_green/,CryptoCurrency,1jqo4bs
2025-04-03,"The Bitcoin (BTC) Fear and Greed Index is back to ""Extreme Fear"" - Time to Buy or Time to Cry?",/r/CryptoCurrency/comments/1jqpnp8/the_bitcoin_btc_fear_and_greed_index_is_back_to/,CryptoCurrency,1jqpnp8
2025-04-03,Surely BTC iswhere the money should go during this uncertainty,/r/Bitcoin/comments/1jqtqcv/surely_btc_iswhere_the_money_should_go_during/,Bitcoin,1jqtqcv
2025-04-04,Bitcoin beating the market!,/r/Bitcoin/comments/1jrduzr/bitcoin_beating_the_market/,Bitcoin,1jrduzr
2025-04-04,Bitcoin holders watching the stock market collapse and erase $3 trillion in 2 days.,/r/Bitcoin/comments/1jrltx8/bitcoin_holders_watching_the_stock_market/,Bitcoin,1jrltx8
2025-04-04,First time this has happened: Gold is down market is down and bitcoin is up,/r/Bitcoin/comments/1jrico5/first_time_this_has_happened_gold_is_down_market/,Bitcoin,1jrico5
2025-04-04,How is BTC not dropping right now?,/r/Bitcoin/comments/1jr5hkf/how_is_btc_not_dropping_right_now/,Bitcoin,1jr5hkf
2025-04-04,This Is Actually Wild To See - Bitcoin (BTC) Is Decoupling In Real-Time For The First Time Ever!,/r/CryptoCurrency/comments/1jrjwbh/this_is_actually_wild_to_see_bitcoin_btc_is/,CryptoCurrency,1jrjwbh
2025-04-05,Members Only: Is 0.28 BTC All It Takes to Make the Bitcoin 1%?,/r/Bitcoin/comments/1js6yu8/members_only_is_028_btc_all_it_takes_to_make_the/,Bitcoin,1js6yu8
2025-04-05,Bitcoin's new proposal to deal with Quantum computers,/r/CryptoCurrency/comments/1js5fiv/bitcoins_new_proposal_to_deal_with_quantum/,CryptoCurrency,1js5fiv
2025-04-05,Bitcoin seems like the only Crypto worth buying anymore,/r/Bitcoin/comments/1js62bi/bitcoin_seems_like_the_only_crypto_worth_buying/,Bitcoin,1js62bi
2025-04-06,Bitcoin price drops below $80K as stocks face 1987 Black Monday rerun,/r/CryptoCurrency/comments/1jt19it/bitcoin_price_drops_below_80k_as_stocks_face_1987/,CryptoCurrency,1jt19it
2025-04-06,"No country wins a global trade war, BTC to surge as a result",/r/CryptoCurrency/comments/1jsnzts/no_country_wins_a_global_trade_war_btc_to_surge/,CryptoCurrency,1jsnzts
2025-04-08,"Mastercard, Kraken Partner To Let EU Exchange Users Spend Bitcoin And Crypto At 150 Million Merchants - BTC Spreading Globally",/r/CryptoCurrency/comments/1juh8y8/mastercard_kraken_partner_to_let_eu_exchange/,CryptoCurrency,1juh8y8
2025-04-08,Panicked Bitcoiner mistakenly pays almost $60K BTC in fees,/r/CryptoCurrency/comments/1judvsr/panicked_bitcoiner_mistakenly_pays_almost_60k_btc/,CryptoCurrency,1judvsr
2025-04-08,Should I destroy my Casascius physical BTC?,/r/Bitcoin/comments/1jupkno/should_i_destroy_my_casascius_physical_btc/,Bitcoin,1jupkno
2025-04-08,Bitcoin Dumps As US Slaps China With Whopping 104% Tariffs,/r/CryptoCurrency/comments/1juk9jj/bitcoin_dumps_as_us_slaps_china_with_whopping_104/,CryptoCurrency,1juk9jj
2025-04-08,Nearly 25% of all Bitcoin is now underwater,/r/CryptoCurrency/comments/1jufsfi/nearly_25_of_all_bitcoin_is_now_underwater/,CryptoCurrency,1jufsfi
2025-04-09,BTC pumps on 90-day tariff pause,/r/CryptoCurrency/comments/1jvce9r/btc_pumps_on_90day_tariff_pause/,CryptoCurrency,1jvce9r
2025-04-10,Bitcoin price: $100 💀,/r/CryptoCurrency/comments/1jvv19x/bitcoin_price_100/,CryptoCurrency,1jvv19x
2025-04-10,MicroStrategy admits it might need to sell bitcoin by 2026,/r/CryptoCurrency/comments/1jw42ak/microstrategy_admits_it_might_need_to_sell/,CryptoCurrency,1jw42ak
2025-04-10,"If you think Bitcoin has no use case, explain this",/r/Bitcoin/comments/1jw9rrl/if_you_think_bitcoin_has_no_use_case_explain_this/,Bitcoin,1jw9rrl
2025-04-11,‘Confidence Crisis’—U.S. Dollar Price ‘Collapse’ Predicted To Ignite Bitcoin As Traders ‘Sell America’,/r/CryptoCurrency/comments/1jwoii5/confidence_crisisus_dollar_price_collapse/,CryptoCurrency,1jwoii5
2025-04-12,"Bitcoin was born out of the 2008 financial crisis, will die in the 2025 crisis, says Peter Schiff",/r/CryptoCurrency/comments/1jxfpvp/bitcoin_was_born_out_of_the_2008_financial_crisis/,CryptoCurrency,1jxfpvp
2025-04-12,I am investing in BTC mining  rather than directly in BTC. Am I doing it wrong ?,/r/Bitcoin/comments/1jxpl1u/i_am_investing_in_btc_mining_rather_than_directly/,Bitcoin,1jxpl1u
2025-04-13,‘Worse Than 1971’—U.S. Dollar Price ‘Collapse’ Predicted To Ignite $22 Trillion Bitcoin Challenge To Gold,/r/CryptoCurrency/comments/1jyhjtk/worse_than_1971us_dollar_price_collapse_predicted/,CryptoCurrency,1jyhjtk
2025-04-13,Massive whale just went all in on Bitcoin with a $200 million 40x long.,/r/CryptoCurrency/comments/1jxzase/massive_whale_just_went_all_in_on_bitcoin_with_a/,CryptoCurrency,1jxzase
2025-04-14,Let’s be real if I leave .10 each Bitcoin for my kids is it enough for them,/r/Bitcoin/comments/1jza2yz/lets_be_real_if_i_leave_10_each_bitcoin_for_my/,Bitcoin,1jza2yz
2025-04-15,Fiat is infinite. Gold is scarce. Bitcoin is fixed.,/r/Bitcoin/comments/1jznz30/fiat_is_infinite_gold_is_scarce_bitcoin_is_fixed/,Bitcoin,1jznz30
2025-04-15,"14 years ago today, you had your last chance to buy #Bitcoin under $1 ✨",/r/CryptoCurrency/comments/1jzr8rz/14_years_ago_today_you_had_your_last_chance_to/,CryptoCurrency,1jzr8rz
2025-04-16,"Trump’s White House return wipes out 34,000 Bitcoin millionaires in Q1 2025",/r/CryptoCurrency/comments/1k0r50t/trumps_white_house_return_wipes_out_34000_bitcoin/,CryptoCurrency,1k0r50t
2025-04-16,"Got like 9 HDDs from an estate sale, will I find a treasure trove of bitcoin or just porn?",/r/Bitcoin/comments/1k0yq2b/got_like_9_hdds_from_an_estate_sale_will_i_find_a/,Bitcoin,1k0yq2b
2025-04-16,BlackRock will never take my 0.001 BTC,/r/CryptoCurrency/comments/1k08v7v/blackrock_will_never_take_my_0001_btc/,CryptoCurrency,1k08v7v
2025-04-16,"13 years ago, you could make 150 BTC for 1 week's work 💀",/r/CryptoCurrency/comments/1k0k077/13_years_ago_you_could_make_150_btc_for_1_weeks/,CryptoCurrency,1k0k077
2025-04-16,Gold vs BTC,/r/CryptoCurrency/comments/1k0fod8/gold_vs_btc/,CryptoCurrency,1k0fod8
2025-04-17,Binance Is Now Advising Nations On Building Strategic Bitcoin Reserves - The BTC Nation State Era Is Kicking Off,/r/CryptoCurrency/comments/1k1fjdd/binance_is_now_advising_nations_on_building/,CryptoCurrency,1k1fjdd
2025-04-18,Bitcoin whales absorb 300% of newly mined BTC supply — Is $100K next?,/r/CryptoCurrency/comments/1k29lph/bitcoin_whales_absorb_300_of_newly_mined_btc/,CryptoCurrency,1k29lph
2025-04-18,"Swedish Company Bitcoin Treasury AB Announces Plan To Go Public And Become Europe's MicroStrategy - ""We Want To Buy As Much BTC As Possible""",/r/CryptoCurrency/comments/1k29exe/swedish_company_bitcoin_treasury_ab_announces/,CryptoCurrency,1k29exe
2025-04-19,"POV: You Took Both Pills, Gold and BTC",/r/CryptoCurrency/comments/1k2pu27/pov_you_took_both_pills_gold_and_btc/,CryptoCurrency,1k2pu27
2025-04-19,"Gold added a trillion to its market cap in one day, that's all of Bitcoin...",/r/CryptoCurrency/comments/1k2lavn/gold_added_a_trillion_to_its_market_cap_in_one/,CryptoCurrency,1k2lavn
2025-04-19,Ethereum is down 74% against Bitcoin since switching from PoW to PoS in 2022,/r/CryptoCurrency/comments/1k2t4a7/ethereum_is_down_74_against_bitcoin_since/,CryptoCurrency,1k2t4a7
2025-04-19,"A Weird Message Was Embedded in Bitcoin’s 666,666th Block — Turns Out It’s a Bible Verse",/r/CryptoCurrency/comments/1k30xcv/a_weird_message_was_embedded_in_bitcoins_666666th/,CryptoCurrency,1k30xcv
2025-04-20,$138 Billion Charles Schwab CEO Confirms It Will Launch Bitcoin (BTC) And Crypto Spot Trading - They Have 37 Million Customers,/r/CryptoCurrency/comments/1k3gqlo/138_billion_charles_schwab_ceo_confirms_it_will/,CryptoCurrency,1k3gqlo
2025-04-20,Bitcoin Braced For ‘Apocalyptic’ Price Shock After White House Confirms Fed Bombshell,/r/CryptoCurrency/comments/1k3u8j0/bitcoin_braced_for_apocalyptic_price_shock_after/,CryptoCurrency,1k3u8j0
2025-04-21,I made 11x on Bitcoin and still feel like an idiot,/r/Bitcoin/comments/1k4k2p8/i_made_11x_on_bitcoin_and_still_feel_like_an_idiot/,Bitcoin,1k4k2p8
2025-04-21,"BTC Rallying, CNBC pretending it doesn’t exist, No more BTC Ticker, No Crypto Talk",/r/CryptoCurrency/comments/1k4m2va/btc_rallying_cnbc_pretending_it_doesnt_exist_no/,CryptoCurrency,1k4m2va
2025-04-22,Just 0.27 BTC Puts You in Bitcoin’s Top 1.5%,/r/CryptoCurrency/comments/1k4th2j/just_027_btc_puts_you_in_bitcoins_top_15/,CryptoCurrency,1k4th2j
2025-04-22,BTC Climbs to $90K for the First Time Since Early March,/r/CryptoCurrency/comments/1k5dmgc/btc_climbs_to_90k_for_the_first_time_since_early/,CryptoCurrency,1k5dmgc
2025-04-22,ETH / BTC just fell below .018 for the first time since January 2020. If ETH/BTC falls ~10% more it will hit an 8 year low last seen March 2017.,/r/CryptoCurrency/comments/1k4xbbh/eth_btc_just_fell_below_018_for_the_first_time/,CryptoCurrency,1k4xbbh
2025-04-22,BlackRock and MicroStrategy hold more BTC than Satoshi,/r/CryptoCurrency/comments/1k5cqjy/blackrock_and_microstrategy_hold_more_btc_than/,CryptoCurrency,1k5cqjy
2025-04-23,This guy was mining 1 Bitcoin per day in 2011 😲,/r/Bitcoin/comments/1k5u8aq/this_guy_was_mining_1_bitcoin_per_day_in_2011/,Bitcoin,1k5u8aq
2025-04-23,Bitcoin surpasses Google to become the 5th most valuable asset in the world,/r/Bitcoin/comments/1k5sixu/bitcoin_surpasses_google_to_become_the_5th_most/,Bitcoin,1k5sixu
2025-04-23,"Satoshi Nakamoto announcing his departure from Bitcoin, exactly 14 years ago",/r/CryptoCurrency/comments/1k5w5ra/satoshi_nakamoto_announcing_his_departure_from/,CryptoCurrency,1k5w5ra
2025-04-24,Everytime I sell any of my BTC for emergencies,/r/Bitcoin/comments/1k6rr6z/everytime_i_sell_any_of_my_btc_for_emergencies/,Bitcoin,1k6rr6z
2025-04-24,Imagine spending $1.25M on a rare NFT and then 3 years later these jpegs no longer has any art because it has been restricted by cloudflare.,/r/CryptoCurrency/comments/1k6yky4/imagine_spending_125m_on_a_rare_nft_and_then_3/,CryptoCurrency,1k6yky4
2025-04-24,If Bitcoin hits $1 million usd per coin... would you sell?,/r/Bitcoin/comments/1k743xw/if_bitcoin_hits_1_million_usd_per_coin_would_you/,Bitcoin,1k743xw
2025-04-24,Imagine how many people have died on the planet holding btc,/r/Bitcoin/comments/1k6i05t/imagine_how_many_people_have_died_on_the_planet/,Bitcoin,1k6i05t
2025-04-25,My friend says I'm dumb for investing in Bitcoin. What should I do?,/r/Bitcoin/comments/1k7ypi2/my_friend_says_im_dumb_for_investing_in_bitcoin/,Bitcoin,1k7ypi2
2025-04-25,"Billionaire Tim Draper Says That Gold Is ""Dead"" And That Bitcoin Is ""Permissionless And Programmable"" - That's Why He Believes BTC Is Heading To $250,000",/r/CryptoCurrency/comments/1k7uj7n/billionaire_tim_draper_says_that_gold_is_dead_and/,CryptoCurrency,1k7uj7n
2025-04-25,"One of the oldest Bitcoin order books, posted 15 years ago. 2,500 BTC for $0.003 each ✨",/r/CryptoCurrency/comments/1k7lnkw/one_of_the_oldest_bitcoin_order_books_posted_15/,CryptoCurrency,1k7lnkw
2025-04-25,Bitcoin Scarcity Is Going To Be Real,/r/CryptoCurrency/comments/1k7ykoi/bitcoin_scarcity_is_going_to_be_real/,CryptoCurrency,1k7ykoi
2025-04-26,"BTC now makes up 63% of the total crypto market cap, its highest level since early 2021.",/r/CryptoCurrency/comments/1k8k4k3/btc_now_makes_up_63_of_the_total_crypto_market/,CryptoCurrency,1k8k4k3
2025-04-27,‘Major’ U.S. Dollar Fed Warning Braces Bitcoin For A BlackRock ‘Megaforce’ Price Shock,/r/CryptoCurrency/comments/1k97uif/major_us_dollar_fed_warning_braces_bitcoin_for_a/,CryptoCurrency,1k97uif
2025-04-27,.28 BTC = Top 1 percent Hodler,/r/Bitcoin/comments/1k9e8t7/28_btc_top_1_percent_hodler/,Bitcoin,1k9e8t7
2025-04-28,Is anyone here previously an anti-Bitcoiner that found the light and changed sides or did everyone go pro BTC from the drop?,/r/Bitcoin/comments/1k9k433/is_anyone_here_previously_an_antibitcoiner_that/,Bitcoin,1k9k433
2025-04-28,I just converted my ~25 other crypto positions into BTC.,/r/Bitcoin/comments/1ka6il5/i_just_converted_my_25_other_crypto_positions/,Bitcoin,1ka6il5
2025-04-28,"Strategy adds 15,355 Bitcoin for $1.4 billion, bringing stack to 553,555 BTC",/r/CryptoCurrency/comments/1k9tzvq/strategy_adds_15355_bitcoin_for_14_billion/,CryptoCurrency,1k9tzvq
2025-04-28,Feel like I’m getting left behind with Bitcoin and it’s pissing me off,/r/Bitcoin/comments/1k9lqgv/feel_like_im_getting_left_behind_with_bitcoin_and/,Bitcoin,1k9lqgv
2025-04-30,This chart shows a hidden Bitcoin pattern you’ve probably never noticed.,/r/Bitcoin/comments/1kb9c4r/this_chart_shows_a_hidden_bitcoin_pattern_youve/,Bitcoin,1kb9c4r
