date,comment,subreddit,comment_id,upvotes,post_url,title,authors,banner_image,source_domain,topics,overall_sentiment_score,overall_sentiment_label,ticker_sentiment
2025-04-24,"Cryptocurrency exchange Binance has introduced a new fund management solution designed to simplify asset management for portfolio managers, highlighting the growing sophistication of institutional tools in the digital asset space.",Cointelegraph,https://cointelegraph.com/news/binance-fund-accounts-portfolio-managers,0.105604,https://cointelegraph.com/news/binance-fund-accounts-portfolio-managers,"Binance rolls out Fund Accounts for asset managers, bridging crypto-TradFi gap",Sam Bourgi,https://s3.cointelegraph.com/uploads/2025-04/01966898-6f4b-7b02-8867-e74043803eb0,cointelegraph.com,"Blockchain,Financial Markets",0.356026,Bullish,"[{""ticker"": ""CRYPTO:BTC"", ""relevance_score"": ""0.105604"", ""ticker_sentiment_score"": ""0.172281"", ""ticker_sentiment_label"": ""Somewhat-Bullish""}]"
2025-04-24,Two More Stocks for your Aggressive Growth Stock Radar Screen.,Zacks Commentary,https://www.zacks.com/stock/news/2455461/uipath-path-and-gamestop-gme-are-aggressive-growth-stocks,0.432291,https://www.zacks.com/stock/news/2455461/uipath-path-and-gamestop-gme-are-aggressive-growth-stocks,UiPath  ( PATH )  and GameStop  ( GME )  Are Aggressive Growth Stocks,Brian Bolan,https://staticx-tuner.zacks.com/images/default_article_images/default220.jpg,www.zacks.com,"Earnings,Retail & Wholesale,Financial Markets",0.124737,Neutral,"[{""ticker"": ""GME"", ""relevance_score"": ""0.224903"", ""ticker_sentiment_score"": ""0.012442"", ""ticker_sentiment_label"": ""Neutral""}, {""ticker"": ""CRYPTO:BTC"", ""relevance_score"": ""0.432291"", ""ticker_sentiment_score"": ""0.020496"", ""ticker_sentiment_label"": ""Neutral""}]"
2025-04-24,"A Bitcoin whale who mined 50 BTC nearly 15 years ago finally moved the coins, potentially collecting massive gains if sold.",Decrypt.co,https://decrypt.co/316336/bitcoin-whale-moves-btc-mined-15-years-ago,0.991335,https://decrypt.co/316336/bitcoin-whale-moves-btc-mined-15-years-ago,From $5 to $5 Million: Bitcoin Whale Moves BTC Mined 15 Years Ago,Logan Hitchcock,https://cdn.decrypt.co/resize/1024/height/512/wp-content/uploads/2022/05/bitcoin-whale-gID_7.jpg,decrypt.co,"Finance,Blockchain",0.303118,Somewhat-Bullish,"[{""ticker"": ""COIN"", ""relevance_score"": ""0.148731"", ""ticker_sentiment_score"": ""0.271951"", ""ticker_sentiment_label"": ""Somewhat-Bullish""}, {""ticker"": ""CRYPTO:BTC"", ""relevance_score"": ""0.991335"", ""ticker_sentiment_score"": ""0.516262"", ""ticker_sentiment_label"": ""Bullish""}]"
2025-04-24,"The Italian municipality of Fornelli in the Molise region of Italy will be dedicating a monument to pseudonymous Bitcoin ( BTC ) creator Satoshi Nakamoto.In an April 23 Facebook post from the municipality, Fornelli said it plans to unveil the Satoshi artwork on May 1.",Cointelegraph,https://cointelegraph.com/news/italian-municipality-fornelli-satoshi-nakamoto-monument,0.730535,https://cointelegraph.com/news/italian-municipality-fornelli-satoshi-nakamoto-monument,Italian town to unveil locally financed Satoshi Nakamoto monument,Turner Wright,"https://images.cointelegraph.com/cdn-cgi/image/format=auto,onerror=redirect,quality=90,width=1200/https://s3.cointelegraph.com/uploads/2025-04/01966985-d363-7868-a651-7f57a7321ff6",cointelegraph.com,"Technology,Blockchain",0.07663,Neutral,"[{""ticker"": ""META"", ""relevance_score"": ""0.146025"", ""ticker_sentiment_score"": ""-0.038535"", ""ticker_sentiment_label"": ""Neutral""}, {""ticker"": ""CRYPTO:BTC"", ""relevance_score"": ""0.730535"", ""ticker_sentiment_score"": ""0.15493"", ""ticker_sentiment_label"": ""Somewhat-Bullish""}]"
2025-04-24,"The US Securities and Exchange Commission ( SEC ) has delayed a decision on whether to approve a proposed exchange-traded fund ( ETF ) holding Polkadot's native token, regulatory filings show. According to an April 24 filing, the regulator has extended its deadline for a final ruling until June ...",Cointelegraph,https://cointelegraph.com/news/sec-punts-decision-on-polkadot-etf,0.297061,https://cointelegraph.com/news/sec-punts-decision-on-polkadot-etf,SEC delays decision on Polkadot ETF,Alex O’Donnell,https://s3.cointelegraph.com/uploads/2025-04/019669aa-7a6d-743e-85fd-84f449518d67,cointelegraph.com,"Finance,Blockchain,Financial Markets",0.142195,Neutral,"[{""ticker"": ""COIN"", ""relevance_score"": ""0.101154"", ""ticker_sentiment_score"": ""0.083069"", ""ticker_sentiment_label"": ""Neutral""}, {""ticker"": ""CRYPTO:BTC"", ""relevance_score"": ""0.297061"", ""ticker_sentiment_score"": ""-0.079781"", ""ticker_sentiment_label"": ""Neutral""}, {""ticker"": ""CRYPTO:ETH"", ""relevance_score"": ""0.474958"", ""ticker_sentiment_score"": ""-0.160102"", ""ticker_sentiment_label"": ""Somewhat-Bearish""}, {""ticker"": ""CRYPTO:DOGE"", ""relevance_score"": ""0.200688"", ""ticker_sentiment_score"": ""0.099119"", ""ticker_sentiment_label"": ""Neutral""}, {""ticker"": ""CRYPTO:LTC"", ""relevance_score"": ""0.297061"", ""ticker_sentiment_score"": ""0.129318"", ""ticker_sentiment_label"": ""Neutral""}, {""ticker"": ""CRYPTO:ADA"", ""relevance_score"": ""0.200688"", ""ticker_sentiment_score"": ""0.099119"", ""ticker_sentiment_label"": ""Neutral""}]"
2025-04-24,"Ether ( ETH ) price has climbed above $1,700 after 16 days of selling pressure caused by macroeconomic uncertainty and a sharp decline in onchain activity. Despite the rebound, Ether has underperformed the broader altcoin market by 23% year-to-date.Some traders claim that ETH is set for a ...",Cointelegraph,https://cointelegraph.com/news/was-1-4-k-ethereum-s-generational-bottom-data-sends-mixed-signals,0.192183,https://cointelegraph.com/news/was-1-4-k-ethereum-s-generational-bottom-data-sends-mixed-signals,Was $1.4K Ethereum's 'generational bottom?' - Data sends mixed signals,Marcel Pechman,https://s3.cointelegraph.com/uploads/2025-04/0196682b-7cf0-716d-abce-19180013b0b1,cointelegraph.com,"Blockchain,Financial Markets",0.041581,Neutral,"[{""ticker"": ""CRYPTO:BTC"", ""relevance_score"": ""0.192183"", ""ticker_sentiment_score"": ""0.128597"", ""ticker_sentiment_label"": ""Neutral""}, {""ticker"": ""CRYPTO:ETH"", ""relevance_score"": ""0.831914"", ""ticker_sentiment_score"": ""0.099753"", ""ticker_sentiment_label"": ""Neutral""}]"
2025-04-24,"Cantor Equity Partners stock jumps over 50% after announcing a $3.6 billion SPAC merger with Bitcoin-focused firm Twenty One. The new company will hold 42,000 Bitcoin, becoming the third-largest public Bitcoin holder, with plans to expand its holdings.",Benzinga,https://www.benzinga.com/trading-ideas/movers/25/04/44996542/cantor-equity-partners-shares-nearly-double-whats-going-on,0.896455,https://www.benzinga.com/trading-ideas/movers/25/04/44996542/cantor-equity-partners-shares-nearly-double-whats-going-on,Cantor Equity Partners Shares Nearly Double: What's Going On? - Cantor Equity Partners  ( NASDAQ:CEP ) ,Vaishali Prayag,https://editorial-assets.benzinga.com/wp-content/uploads/2025/04/24145421/Screenshot-2025-04-24-at-14.54.04-1024x555.png,www.benzinga.com,"Earnings,Technology,Financial Markets",0.299298,Somewhat-Bullish,"[{""ticker"": ""MSTR"", ""relevance_score"": ""0.092569"", ""ticker_sentiment_score"": ""0.083337"", ""ticker_sentiment_label"": ""Neutral""}, {""ticker"": ""CEP"", ""relevance_score"": ""0.514619"", ""ticker_sentiment_score"": ""0.381709"", ""ticker_sentiment_label"": ""Bullish""}, {""ticker"": ""SFTBF"", ""relevance_score"": ""0.183895"", ""ticker_sentiment_score"": ""0.135071"", ""ticker_sentiment_label"": ""Neutral""}, {""ticker"": ""CRYPTO:BTC"", ""relevance_score"": ""0.896455"", ""ticker_sentiment_score"": ""0.380932"", ""ticker_sentiment_label"": ""Bullish""}]"
2025-04-24,U.S. President Donald Trump meanwhile continued his tough talk on China.,Decrypt.co,https://decrypt.co/316331/bitcoin-shrugs-off-growing-rate-cut-hopes-stocks-climb,0.431554,https://decrypt.co/316331/bitcoin-shrugs-off-growing-rate-cut-hopes-stocks-climb,Bitcoin Shrugs Off Growing Rate Cut Hopes as Stocks Climb,André Beganski,https://cdn.decrypt.co/resize/1024/height/512/wp-content/uploads/2019/12/shutterstock_6767436971-gID_7.jpg,decrypt.co,"Economy - Monetary,Financial Markets,Manufacturing,Blockchain",-0.029204,Neutral,"[{""ticker"": ""BA"", ""relevance_score"": ""0.090816"", ""ticker_sentiment_score"": ""-0.039832"", ""ticker_sentiment_label"": ""Neutral""}, {""ticker"": ""CRYPTO:BTC"", ""relevance_score"": ""0.431554"", ""ticker_sentiment_score"": ""0.028999"", ""ticker_sentiment_label"": ""Neutral""}, {""ticker"": ""CRYPTO:ETH"", ""relevance_score"": ""0.090816"", ""ticker_sentiment_score"": ""-0.124728"", ""ticker_sentiment_label"": ""Neutral""}]"
2025-04-24,"Tokenization platform Securitize has partnered with decentralized finance ( DeFi ) protocol Mantle to launch an institutional fund designed to earn yield on a diverse basket of cryptocurrencies, the companies said. Similar to how a traditional index fund tracks a mix of stocks, the Mantle Index ...",Cointelegraph,https://cointelegraph.com/news/securitize-mantle-launch-institutional-crypto-fund,0.339356,https://cointelegraph.com/news/securitize-mantle-launch-institutional-crypto-fund,"Securitize, Mantle launch institutional crypto fund",Alex O’Donnell,https://s3.cointelegraph.com/uploads/2025-04/01966948-be3b-73d7-82c0-864518550472,cointelegraph.com,"Blockchain,Financial Markets",0.224854,Somewhat-Bullish,"[{""ticker"": ""FOREX:USD"", ""relevance_score"": ""0.116348"", ""ticker_sentiment_score"": ""0.081491"", ""ticker_sentiment_label"": ""Neutral""}, {""ticker"": ""CRYPTO:BTC"", ""relevance_score"": ""0.339356"", ""ticker_sentiment_score"": ""0.043997"", ""ticker_sentiment_label"": ""Neutral""}, {""ticker"": ""CRYPTO:ETH"", ""relevance_score"": ""0.339356"", ""ticker_sentiment_score"": ""0.190033"", ""ticker_sentiment_label"": ""Somewhat-Bullish""}]"
2025-04-24,"Here, we pick three stocks, CME, BTCM and CAN, which are well-poised to benefit from the growing proliferation of Bitcoin and other cryptocurrencies.",Zacks Commentary,https://www.zacks.com/stock/news/2455268/top-cryptocurrency-stocks-you-should-buy-for-a-healthy-portfolio,0.527969,https://www.zacks.com/stock/news/2455268/top-cryptocurrency-stocks-you-should-buy-for-a-healthy-portfolio,Top Cryptocurrency Stocks You Should Buy for a Healthy Portfolio,Aniruddha Ganguly,https://staticx-tuner.zacks.com/images/articles/main/26/62324.jpg,www.zacks.com,"Technology,Finance,Blockchain,Retail & Wholesale,Financial Markets,Manufacturing,Earnings,Real Estate & Construction",0.242852,Somewhat-Bullish,"[{""ticker"": ""NVDA"", ""relevance_score"": ""0.08183"", ""ticker_sentiment_score"": ""0.226319"", ""ticker_sentiment_label"": ""Somewhat-Bullish""}, {""ticker"": ""BTCM"", ""relevance_score"": ""0.356154"", ""ticker_sentiment_score"": ""0.224971"", ""ticker_sentiment_label"": ""Somewhat-Bullish""}, {""ticker"": ""CME"", ""relevance_score"": ""0.162802"", ""ticker_sentiment_score"": ""0.214016"", ""ticker_sentiment_label"": ""Somewhat-Bullish""}, {""ticker"": ""CIFR"", ""relevance_score"": ""0.08183"", ""ticker_sentiment_score"": ""0.143737"", ""ticker_sentiment_label"": ""Neutral""}, {""ticker"": ""AMZN"", ""relevance_score"": ""0.08183"", ""ticker_sentiment_score"": ""0.226319"", ""ticker_sentiment_label"": ""Somewhat-Bullish""}, {""ticker"": ""ASCCF"", ""relevance_score"": ""0.040969"", ""ticker_sentiment_score"": ""-0.002912"", ""ticker_sentiment_label"": ""Neutral""}, {""ticker"": ""COIN"", ""relevance_score"": ""0.122477"", ""ticker_sentiment_score"": ""0.14703"", ""ticker_sentiment_label"": ""Neutral""}, {""ticker"": ""CRYPTO:BTC"", ""relevance_score"": ""0.527969"", ""ticker_sentiment_score"": ""0.231931"", ""ticker_sentiment_label"": ""Somewhat-Bullish""}, {""ticker"": ""CRYPTO:ETH"", ""relevance_score"": ""0.122477"", ""ticker_sentiment_score"": ""0.076689"", ""ticker_sentiment_label"": ""Neutral""}, {""ticker"": ""CRYPTO:NANO"", ""relevance_score"": ""0.040969"", ""ticker_sentiment_score"": ""0.152602"", ""ticker_sentiment_label"": ""Somewhat-Bullish""}, {""ticker"": ""CRYPTO:DOGE"", ""relevance_score"": ""0.202705"", ""ticker_sentiment_score"": ""0.02278"", ""ticker_sentiment_label"": ""Neutral""}, {""ticker"": ""CRYPTO:LTC"", ""relevance_score"": ""0.162802"", ""ticker_sentiment_score"": ""0.044447"", ""ticker_sentiment_label"": ""Neutral""}, {""ticker"": ""CRYPTO:ADA"", ""relevance_score"": ""0.08183"", ""ticker_sentiment_score"": ""0.069533"", ""ticker_sentiment_label"": ""Neutral""}]"
2025-04-24,"Key Takeaways:The Bitcoin long-term holder cohort saw a $26 billion value increase as BTC price surged to $94,900.Short-term holders sold at a loss in early April.Bitcoin's 30% correction lines up with historical cycles, and BTC could find support in the $88,750 and $91,000 zone.",Cointelegraph,https://cointelegraph.com/news/bitcoin-long-term-holders-get-26-b-boost-as-btc-price-recovers-from-fairly-normal-30-correction,0.910514,https://cointelegraph.com/news/bitcoin-long-term-holders-get-26-b-boost-as-btc-price-recovers-from-fairly-normal-30-correction,Bitcoin long-term holders get $26B boost as BTC price recovers from 'fairly normal' 30% correction,Biraajmaan Tamuly,https://s3.cointelegraph.com/uploads/2025-04/01966824-6098-7fec-ac98-c18a4deed0b2,cointelegraph.com,Financial Markets,0.246667,Somewhat-Bullish,"[{""ticker"": ""CRYPTO:BTC"", ""relevance_score"": ""0.910514"", ""ticker_sentiment_score"": ""0.501512"", ""ticker_sentiment_label"": ""Bullish""}]"
2025-04-24,"Follow what's happening on Myriad Markets' most popular prediction markets, from the Canadian election to the next pope.",Decrypt.co,https://decrypt.co/316195/myriad-moves-predictions-trump-tariffs-canadian-election-next-pope,0.135094,https://decrypt.co/316195/myriad-moves-predictions-trump-tariffs-canadian-election-next-pope,"Myriad Moves: Predictions on Trump Tariffs, the Canadian Election, Next Pope and More",Logan Hitchcock,https://cdn.decrypt.co/resize/1024/height/512/wp-content/uploads/2025/04/trade-war-gID_7.png,decrypt.co,Economy - Monetary,0.08622,Neutral,"[{""ticker"": ""CRYPTO:BTC"", ""relevance_score"": ""0.135094"", ""ticker_sentiment_score"": ""-0.051419"", ""ticker_sentiment_label"": ""Neutral""}]"
2025-04-24,"Nvidia's accelerator program appears to sidestep digital assets startups, with its help section listing crypto-focused companies as ineligible to join the tech giant's global network of founders.According to the program website, crypto companies and four other types of businesses are excluded ...",Cointelegraph,https://cointelegraph.com/news/nvidia-excludes-crypto-startups-accelerator-program,0.114137,https://cointelegraph.com/news/nvidia-excludes-crypto-startups-accelerator-program,Crypto startups no longer welcome in Nvidia's accelerator program,Christopher Tepedino,https://s3.cointelegraph.com/uploads/2025-04/0196694e-4bee-737c-a1e5-ffdc2f0fb77b,cointelegraph.com,"Blockchain,Manufacturing",0.115554,Neutral,"[{""ticker"": ""NVDA"", ""relevance_score"": ""0.333257"", ""ticker_sentiment_score"": ""0.238765"", ""ticker_sentiment_label"": ""Somewhat-Bullish""}, {""ticker"": ""CRYPTO:BTC"", ""relevance_score"": ""0.114137"", ""ticker_sentiment_score"": ""0.0"", ""ticker_sentiment_label"": ""Neutral""}]"
2025-04-24,"Ju highlights that event-driven volatility, like political news, is overriding traditional supply-demand signals in the short term. Ju emphasized differing interpretations even among on-chain experts, showing how unsettled market sentiment remains right now. Don't face extreme market conditions ...",Benzinga,https://www.benzinga.com/markets/cryptocurrency/25/04/44992375/if-bitcoin-breaks-100k-this-ceo-will-gladly-admit-being-wrong-about-a-bear-market,0.358669,https://www.benzinga.com/markets/cryptocurrency/25/04/44992375/if-bitcoin-breaks-100k-this-ceo-will-gladly-admit-being-wrong-about-a-bear-market,"If Bitcoin Breaks $100K, This CEO Will 'Gladly Admit' Being Wrong About A Bear Market",Murtuza J Merchant,https://cdn.benzinga.com/files/images/story/2025/04/24/Flying-Altcoins-With-Bitcoin-In-The-Cent.jpeg?width=1200&height=800&fit=crop,www.benzinga.com,"Earnings,Economy - Fiscal,Financial Markets",-0.098222,Neutral,"[{""ticker"": ""CRYPTO:BTC"", ""relevance_score"": ""0.358669"", ""ticker_sentiment_score"": ""-0.125477"", ""ticker_sentiment_label"": ""Neutral""}, {""ticker"": ""CRYPTO:ETH"", ""relevance_score"": ""0.147818"", ""ticker_sentiment_score"": ""-0.271007"", ""ticker_sentiment_label"": ""Somewhat-Bearish""}]"
2025-04-24,"Global crypto market cap slips 0.8% to $2.91 trillion amid low volatility. Traders expect more sideways action in the next days. Today's manic market swings are creating the perfect setup for Matt's next volatility trade. Get his next trade alert for free, right here.",Benzinga,https://www.benzinga.com/markets/cryptocurrency/25/04/44991812/bitcoin-ethereum-xrp-dogecoin-see-flat-action-on-dry-thursday,0.461006,https://www.benzinga.com/markets/cryptocurrency/25/04/44991812/bitcoin-ethereum-xrp-dogecoin-see-flat-action-on-dry-thursday,"Bitcoin, Ethereum, XRP, Dogecoin See Flat Action On 'Dry Thursday'",Khyathi Dalal,https://cdn.benzinga.com/files/images/story/2025/04/24/Solana-Golden-Cryptocurrency-In-Close-up.jpeg?width=1200&height=800&fit=crop,www.benzinga.com,"Finance,Blockchain,Financial Markets",0.170472,Somewhat-Bullish,"[{""ticker"": ""CME"", ""relevance_score"": ""0.081552"", ""ticker_sentiment_score"": ""0.0"", ""ticker_sentiment_label"": ""Neutral""}, {""ticker"": ""CRYPTO:BTC"", ""relevance_score"": ""0.461006"", ""ticker_sentiment_score"": ""0.245592"", ""ticker_sentiment_label"": ""Somewhat-Bullish""}]"
2025-04-24,"Coinbase deepens PayPal partnership to drive PYUSD access and adoption. Bitcoin now viewed as a strategic asset alongside gold, says Coinbase exec. Today's manic market swings are creating the perfect setup for Matt's next volatility trade. Get his next trade alert for free, right here.",Benzinga,https://www.benzinga.com/trading-ideas/movers/25/04/44991653/whats-going-on-with-coinbase-and-paypal-stock-on-thursday,0.159043,https://www.benzinga.com/trading-ideas/movers/25/04/44991653/whats-going-on-with-coinbase-and-paypal-stock-on-thursday,"What's Going On With Coinbase And PayPal Stock On Thursday? - PayPal Holdings  ( NASDAQ:PYPL ) , Coinbase Global  ( NASDAQ:COIN ) ",Nabaparna Bhattacharya,https://cdn.benzinga.com/files/images/story/2025/04/24/Coinbase-Shutterstock.jpeg?width=1200&height=800&fit=crop,www.benzinga.com,"Finance,Blockchain,Financial Markets",0.331543,Somewhat-Bullish,"[{""ticker"": ""PYPL"", ""relevance_score"": ""0.311829"", ""ticker_sentiment_score"": ""0.158457"", ""ticker_sentiment_label"": ""Somewhat-Bullish""}, {""ticker"": ""COIN"", ""relevance_score"": ""0.684305"", ""ticker_sentiment_score"": ""0.498559"", ""ticker_sentiment_label"": ""Bullish""}, {""ticker"": ""FOREX:USD"", ""relevance_score"": ""0.236588"", ""ticker_sentiment_score"": ""0.166319"", ""ticker_sentiment_label"": ""Somewhat-Bullish""}, {""ticker"": ""CRYPTO:BTC"", ""relevance_score"": ""0.159043"", ""ticker_sentiment_score"": ""0.194331"", ""ticker_sentiment_label"": ""Somewhat-Bullish""}]"
2025-04-24,The prospect was raised during a meeting between the U.S. Securities and Exchange Commission's Crypto Task Force and El Salvador regulators.,Decrypt.co,https://decrypt.co/316186/bitcoin-friendly-el-salvador-pitches-tokenized-real-estate-sandbox-to-trumps-sec,0.500324,https://decrypt.co/316186/bitcoin-friendly-el-salvador-pitches-tokenized-real-estate-sandbox-to-trumps-sec,Bitcoin-Friendly El Salvador Pitches Tokenized Real Estate 'Sandbox' to Trump's SEC,André Beganski,https://cdn.decrypt.co/resize/1024/height/512/wp-content/uploads/2021/06/shutterstock_355181147-gID_7.jpg,decrypt.co,"Economy - Monetary,Financial Markets,Finance,Blockchain",0.252104,Somewhat-Bullish,"[{""ticker"": ""GS"", ""relevance_score"": ""0.059785"", ""ticker_sentiment_score"": ""0.0"", ""ticker_sentiment_label"": ""Neutral""}, {""ticker"": ""CRYPTO:BTC"", ""relevance_score"": ""0.500324"", ""ticker_sentiment_score"": ""0.227827"", ""ticker_sentiment_label"": ""Somewhat-Bullish""}]"
2025-04-24,Shares of Cantor Equity Partners have soared ahead of its planned merger to launch a new Bitcoin company called Twenty One.,Decrypt.co,https://decrypt.co/316184/cantor-equity-stock-surges-bitcoin-company,0.595343,https://decrypt.co/316184/cantor-equity-stock-surges-bitcoin-company,Cantor Equity Stock Surges 134% Ahead of Planned Merger for $3.9 Billion Bitcoin Company,Mat Di Salvo,https://cdn.decrypt.co/resize/1024/height/512/wp-content/uploads/2023/12/bitcoin-btc-cash-usd-dollars-price-gID_7.jpg,decrypt.co,"IPO,Blockchain,Financial Markets",0.226761,Somewhat-Bullish,"[{""ticker"": ""CEP"", ""relevance_score"": ""0.421485"", ""ticker_sentiment_score"": ""0.224789"", ""ticker_sentiment_label"": ""Somewhat-Bullish""}, {""ticker"": ""SFTBF"", ""relevance_score"": ""0.110462"", ""ticker_sentiment_score"": ""0.241473"", ""ticker_sentiment_label"": ""Somewhat-Bullish""}, {""ticker"": ""FOREX:USD"", ""relevance_score"": ""0.110462"", ""ticker_sentiment_score"": ""0.057951"", ""ticker_sentiment_label"": ""Neutral""}, {""ticker"": ""CRYPTO:BTC"", ""relevance_score"": ""0.595343"", ""ticker_sentiment_score"": ""0.214952"", ""ticker_sentiment_label"": ""Somewhat-Bullish""}, {""ticker"": ""CRYPTO:USDT"", ""relevance_score"": ""0.218817"", ""ticker_sentiment_score"": ""0.177167"", ""ticker_sentiment_label"": ""Somewhat-Bullish""}]"
2025-04-25,"Bitcoin continues to push higher but remains below key resistance at $95,000. Traders see potential for more upside fuelled by rate cut expectations, ETF momentum and institutional demand. Today's manic market swings are creating the perfect setup for Matt's next volatility trade.",Benzinga,https://www.benzinga.com/markets/cryptocurrency/25/04/45017648/bitcoin-climbs-12-on-the-week-as-traders-eye-run-to-100000,0.629492,https://www.benzinga.com/markets/cryptocurrency/25/04/45017648/bitcoin-climbs-12-on-the-week-as-traders-eye-run-to-100000,"Bitcoin Climbs 12% On The Week As Traders Eye Run To $100,000",Khyathi Dalal,https://cdn.benzinga.com/files/images/story/2025/04/25/Bitcoin_0.jpeg?width=1200&height=800&fit=crop,www.benzinga.com,"Blockchain,Financial Markets",0.15422,Somewhat-Bullish,"[{""ticker"": ""CRYPTO:BTC"", ""relevance_score"": ""0.629492"", ""ticker_sentiment_score"": ""-0.029133"", ""ticker_sentiment_label"": ""Neutral""}]"
2025-04-25,"Cryptocurrency firms and centralized exchanges are launching more traditional investment offerings, bridging the divide between traditional financial and digital assets.With investors seeking more flexible product offerings under one platform, the ""line is blurring"" between traditional finance ( ...",Cointelegraph,https://cointelegraph.com/news/crypto-firms-launch-wall-street-funds-finance-redefined,0.111488,https://cointelegraph.com/news/crypto-firms-launch-wall-street-funds-finance-redefined,Crypto firms launch Wall Street-style funds: Finance Redefined,Zoltan Vardai,https://s3.cointelegraph.com/uploads/2025-04/01966d24-04a3-776c-941c-5603f79d6a37,cointelegraph.com,"Finance,Blockchain,Financial Markets",0.145467,Neutral,"[{""ticker"": ""COIN"", ""relevance_score"": ""0.037271"", ""ticker_sentiment_score"": ""0.116617"", ""ticker_sentiment_label"": ""Neutral""}, {""ticker"": ""FOREX:USD"", ""relevance_score"": ""0.037271"", ""ticker_sentiment_score"": ""0.069885"", ""ticker_sentiment_label"": ""Neutral""}, {""ticker"": ""CRYPTO:BTC"", ""relevance_score"": ""0.111488"", ""ticker_sentiment_score"": ""0.020318"", ""ticker_sentiment_label"": ""Neutral""}, {""ticker"": ""CRYPTO:ETH"", ""relevance_score"": ""0.07446"", ""ticker_sentiment_score"": ""0.073608"", ""ticker_sentiment_label"": ""Neutral""}, {""ticker"": ""CRYPTO:AAVE"", ""relevance_score"": ""0.037271"", ""ticker_sentiment_score"": ""0.142145"", ""ticker_sentiment_label"": ""Neutral""}, {""ticker"": ""CRYPTO:LTC"", ""relevance_score"": ""0.037271"", ""ticker_sentiment_score"": ""0.057327"", ""ticker_sentiment_label"": ""Neutral""}]"
2025-04-25,Tariffs of up to 54% on imported rigs could further squeeze Q2 profitability for certain mining operations. U.S. states may inject $10B in buying pressure if bitcoin strategic reserves proposals gain traction in 2025. Feel unsure about the market's next move?,Benzinga,https://www.benzinga.com/markets/cryptocurrency/25/04/45017261/bitcoin-mining-costs-jump-to-137000-per-coin-when-accounting-for-non-cash-expenses-coinsha,0.463792,https://www.benzinga.com/markets/cryptocurrency/25/04/45017261/bitcoin-mining-costs-jump-to-137000-per-coin-when-accounting-for-non-cash-expenses-coinsha,"Bitcoin Mining Costs Jump To $137,000 Per Coin When Accounting For Non-Cash Expenses: CoinShares",Murtuza J Merchant,https://cdn.benzinga.com/files/images/story/2025/04/25/bitcoin-mining.jpeg?width=1200&height=800&fit=crop,www.benzinga.com,"Financial Markets,Earnings,Real Estate & Construction,Technology",0.232462,Somewhat-Bullish,"[{""ticker"": ""CORZQ"", ""relevance_score"": ""0.04111"", ""ticker_sentiment_score"": ""0.071813"", ""ticker_sentiment_label"": ""Neutral""}, {""ticker"": ""CIFR"", ""relevance_score"": ""0.122894"", ""ticker_sentiment_score"": ""0.12593"", ""ticker_sentiment_label"": ""Neutral""}, {""ticker"": ""CLSK"", ""relevance_score"": ""0.082111"", ""ticker_sentiment_score"": ""0.198601"", ""ticker_sentiment_label"": ""Somewhat-Bullish""}, {""ticker"": ""HUT"", ""relevance_score"": ""0.082111"", ""ticker_sentiment_score"": ""0.0"", ""ticker_sentiment_label"": ""Neutral""}, {""ticker"": ""CRYPTO:BTC"", ""relevance_score"": ""0.463792"", ""ticker_sentiment_score"": ""0.241743"", ""ticker_sentiment_label"": ""Somewhat-Bullish""}]"
2025-04-25,"Bitcoin has broken away from the NASDAQ and is now being adopting by public companies and entire countries... including the U.S. As tariff tensions shake traditional markets, Andrew Rocco reveals Bitcoin's impressive relative strength and how you can start positioning yourself now.",Zacks Commentary,https://www.zacks.com/stock/news/2456203/should-you-invest-in-bitcoin-now,0.663242,https://www.zacks.com/stock/news/2456203/should-you-invest-in-bitcoin-now,Should You Invest in Bitcoin Now?,Andrew Rocco,https://staticx-tuner.zacks.com/images/articles/main/30/101803.jpg,www.zacks.com,"Life Sciences,Technology,Blockchain,Economy - Monetary,Retail & Wholesale,Financial Markets,Manufacturing,Earnings",0.21674,Somewhat-Bullish,"[{""ticker"": ""MSFT"", ""relevance_score"": ""0.039289"", ""ticker_sentiment_score"": ""0.119352"", ""ticker_sentiment_label"": ""Neutral""}, {""ticker"": ""MSTR"", ""relevance_score"": ""0.078482"", ""ticker_sentiment_score"": ""0.088546"", ""ticker_sentiment_label"": ""Neutral""}, {""ticker"": ""GOOG"", ""relevance_score"": ""0.01965"", ""ticker_sentiment_score"": ""0.108863"", ""ticker_sentiment_label"": ""Neutral""}, {""ticker"": ""NVDA"", ""relevance_score"": ""0.039289"", ""ticker_sentiment_score"": ""0.119352"", ""ticker_sentiment_label"": ""Neutral""}, {""ticker"": ""AAPL"", ""relevance_score"": ""0.039289"", ""ticker_sentiment_score"": ""0.119352"", ""ticker_sentiment_label"": ""Neutral""}, {""ticker"": ""SMLR"", ""relevance_score"": ""0.039289"", ""ticker_sentiment_score"": ""0.143931"", ""ticker_sentiment_label"": ""Neutral""}, {""ticker"": ""RUM"", ""relevance_score"": ""0.039289"", ""ticker_sentiment_score"": ""0.143931"", ""ticker_sentiment_label"": ""Neutral""}, {""ticker"": ""GME"", ""relevance_score"": ""0.058903"", ""ticker_sentiment_score"": ""0.129051"", ""ticker_sentiment_label"": ""Neutral""}, {""ticker"": ""CRYPTO:BTC"", ""relevance_score"": ""0.663242"", ""ticker_sentiment_score"": ""0.162141"", ""ticker_sentiment_label"": ""Somewhat-Bullish""}]"
2025-04-25,"Recent months have seen the ebb and flow of a certain pattern: US President Donald Trump will take some objectively harmful action to the US economy, and the markets will crash. Seeing this, Trump has turned to Jerome Powell, chair of the Federal Reserve, and now demands he lower the Fed Funds ...",Cointelegraph,https://cointelegraph.com/news/if-trump-fired-powell-what-would-happen-to-crypto,0.069094,https://cointelegraph.com/news/if-trump-fired-powell-what-would-happen-to-crypto,"If Trump fired Powell, what would happen to crypto?",Aaron Brogan,https://s3.cointelegraph.com/uploads/2025-04/01966d75-9e0c-7bc7-a27f-4201331d3856,cointelegraph.com,"Economy - Monetary,Economy - Fiscal,Financial Markets,Blockchain",-0.03701,Neutral,"[{""ticker"": ""FOREX:EUR"", ""relevance_score"": ""0.023057"", ""ticker_sentiment_score"": ""-0.015382"", ""ticker_sentiment_label"": ""Neutral""}, {""ticker"": ""FOREX:USD"", ""relevance_score"": ""0.046095"", ""ticker_sentiment_score"": ""0.147716"", ""ticker_sentiment_label"": ""Neutral""}, {""ticker"": ""CRYPTO:BTC"", ""relevance_score"": ""0.069094"", ""ticker_sentiment_score"": ""0.06752"", ""ticker_sentiment_label"": ""Neutral""}, {""ticker"": ""CRYPTO:FTC"", ""relevance_score"": ""0.023057"", ""ticker_sentiment_score"": ""0.132739"", ""ticker_sentiment_label"": ""Neutral""}, {""ticker"": ""CRYPTO:USDT"", ""relevance_score"": ""0.023057"", ""ticker_sentiment_score"": ""0.083297"", ""ticker_sentiment_label"": ""Neutral""}]"
2025-04-25,"The greenback has been beaten-down this year, with some analysts expecting further lows.",Zacks Commentary,https://www.zacks.com/stock/news/2456174/3-factors-why-greenback-may-remain-low-now-etfs-to-win,0.054857,https://www.zacks.com/stock/news/2456174/3-factors-why-greenback-may-remain-low-now-etfs-to-win,3 Factors Why Greenback May Remain Low Now: ETFs to Win,Sanghamitra Saha,https://staticx-tuner.zacks.com/images/articles/main/6a/353.jpg,www.zacks.com,"Economy - Monetary,Financial Markets,Finance,Blockchain,Economy - Macro",-0.02922,Neutral,"[{""ticker"": ""GS"", ""relevance_score"": ""0.054857"", ""ticker_sentiment_score"": ""0.009012"", ""ticker_sentiment_label"": ""Neutral""}, {""ticker"": ""IVZ"", ""relevance_score"": ""0.269181"", ""ticker_sentiment_score"": ""0.006215"", ""ticker_sentiment_label"": ""Neutral""}, {""ticker"": ""FOREX:CHF"", ""relevance_score"": ""0.054857"", ""ticker_sentiment_score"": ""0.038034"", ""ticker_sentiment_label"": ""Neutral""}, {""ticker"": ""FOREX:EUR"", ""relevance_score"": ""0.054857"", ""ticker_sentiment_score"": ""0.038034"", ""ticker_sentiment_label"": ""Neutral""}, {""ticker"": ""FOREX:USD"", ""relevance_score"": ""0.464259"", ""ticker_sentiment_score"": ""-0.134744"", ""ticker_sentiment_label"": ""Neutral""}, {""ticker"": ""CRYPTO:BTC"", ""relevance_score"": ""0.054857"", ""ticker_sentiment_score"": ""0.215923"", ""ticker_sentiment_label"": ""Somewhat-Bullish""}]"
2025-04-25,"U.S. stocks were mixed, with the Dow Jones index falling around 200 points on Friday. Shares of VeriSign, Inc. VRSN rose sharply during Friday's session after the company reported better-than-expected first-quarter financial results and raised its FY25 sales guidance above estimates.",Benzinga,https://www.benzinga.com/25/04/45011341/verisign-posts-better-than-expected-results-joins-charter-communications-sensient-technologies-comfort-systems-an,0.104683,https://www.benzinga.com/25/04/45011341/verisign-posts-better-than-expected-results-joins-charter-communications-sensient-technologies-comfort-systems-an,"VeriSign Posts Better-Than-Expected Results, Joins Charter Communications, Sensient Technologies, Comfort Systems And Other Big Stocks Moving Higher On Friday - BigBear.ai Hldgs  ( NYSE:BBAI ) , Cantor Equity Partners  ( NASDAQ:CEP ) ",Avi Kapoor,https://cdn.benzinga.com/files/images/story/2025/04/25/Stuttgart--Germany---08-12-2023-Person-H.jpeg?width=1200&height=800&fit=crop,www.benzinga.com,"Life Sciences,Technology,Finance,Financial Markets,Manufacturing,Earnings,Mergers & Acquisitions,Real Estate & Construction",0.428122,Bullish,"[{""ticker"": ""SES"", ""relevance_score"": ""0.207571"", ""ticker_sentiment_score"": ""0.45619"", ""ticker_sentiment_label"": ""Bullish""}, {""ticker"": ""EHC"", ""relevance_score"": ""0.207571"", ""ticker_sentiment_score"": ""0.0"", ""ticker_sentiment_label"": ""Neutral""}, {""ticker"": ""LBRDP"", ""relevance_score"": ""0.104683"", ""ticker_sentiment_score"": ""0.371272"", ""ticker_sentiment_label"": ""Bullish""}, {""ticker"": ""CSIQ"", ""relevance_score"": ""0.207571"", ""ticker_sentiment_score"": ""0.519202"", ""ticker_sentiment_label"": ""Bullish""}, {""ticker"": ""EBC"", ""relevance_score"": ""0.104683"", ""ticker_sentiment_score"": ""0.214297"", ""ticker_sentiment_label"": ""Somewhat-Bullish""}, {""ticker"": ""SXT"", ""relevance_score"": ""0.207571"", ""ticker_sentiment_score"": ""0.500386"", ""ticker_sentiment_label"": ""Bullish""}, {""ticker"": ""CEP"", ""relevance_score"": ""0.306963"", ""ticker_sentiment_score"": ""0.279306"", ""ticker_sentiment_label"": ""Somewhat-Bullish""}, {""ticker"": ""BCS"", ""relevance_score"": ""0.104683"", ""ticker_sentiment_score"": ""0.0"", ""ticker_sentiment_label"": ""Neutral""}, {""ticker"": ""TSLA"", ""relevance_score"": ""0.207571"", ""ticker_sentiment_score"": ""0.519202"", ""ticker_sentiment_label"": ""Bullish""}, {""ticker"": ""FIX"", ""relevance_score"": ""0.207571"", ""ticker_sentiment_score"": ""0.507143"", ""ticker_sentiment_label"": ""Bullish""}, {""ticker"": ""COUR"", ""relevance_score"": ""0.207571"", ""ticker_sentiment_score"": ""0.472951"", ""ticker_sentiment_label"": ""Bullish""}, {""ticker"": ""SEM"", ""relevance_score"": ""0.207571"", ""ticker_sentiment_score"": ""0.0"", ""ticker_sentiment_label"": ""Neutral""}, {""ticker"": ""CHTR"", ""relevance_score"": ""0.207571"", ""ticker_sentiment_score"": ""0.367846"", ""ticker_sentiment_label"": ""Bullish""}, {""ticker"": ""HONE"", ""relevance_score"": ""0.306963"", ""ticker_sentiment_score"": ""0.41443"", ""ticker_sentiment_label"": ""Bullish""}, {""ticker"": ""VRSN"", ""relevance_score"": ""0.401331"", ""ticker_sentiment_score"": ""0.356625"", ""ticker_sentiment_label"": ""Bullish""}, {""ticker"": ""CRYPTO:BTC"", ""relevance_score"": ""0.104683"", ""ticker_sentiment_score"": ""0.14027"", ""ticker_sentiment_label"": ""Neutral""}]"
2025-04-25,"Closing out TOKEN2049 Dubai, the party will be hosted at Be Beach, delivering a state-of-the-art audio and visual production experience",Benzinga,https://www.benzinga.com/pressreleases/25/04/n45013031/seth-troxler-and-monkey-safari-to-headline-after-2049-official-token2049-dubai-closing-party,0.102231,https://www.benzinga.com/pressreleases/25/04/n45013031/seth-troxler-and-monkey-safari-to-headline-after-2049-official-token2049-dubai-closing-party,"Seth Troxler and Monkey Safari to Headline AFTER 2049, Official TOKEN2049 Dubai Closing Party",PRNewswire,https://mma.prnewswire.com/media/2673451/AFTER_2049_Dubai.jpg,www.benzinga.com,"Blockchain,Financial Markets,Manufacturing",0.30792,Somewhat-Bullish,"[{""ticker"": ""NVDA"", ""relevance_score"": ""0.051221"", ""ticker_sentiment_score"": ""0.135678"", ""ticker_sentiment_label"": ""Neutral""}, {""ticker"": ""CRYPTO:BTC"", ""relevance_score"": ""0.102231"", ""ticker_sentiment_score"": ""0.146715"", ""ticker_sentiment_label"": ""Neutral""}]"
2025-04-25,"""Bitcoin and the Nasdaq have seen a strengthening positive correlation since the start of the year, which is now above 50%,"" an analyst told Decrypt.",Decrypt.co,https://decrypt.co/316455/bitcoin-etf-flows-seventh-trading-day-market-rebound,0.716023,https://decrypt.co/316455/bitcoin-etf-flows-seventh-trading-day-market-rebound,Bitcoin ETF Flows Positive for Seventh Straight Day as Market Continues Rebound,Simon Chandler,https://cdn.decrypt.co/resize/1024/height/512/wp-content/uploads/2024/10/bitcoin-btc-closeup-gID_7.png,decrypt.co,"Economy - Monetary,Blockchain,Financial Markets",0.122485,Neutral,"[{""ticker"": ""FOREX:USD"", ""relevance_score"": ""0.195287"", ""ticker_sentiment_score"": ""-0.047431"", ""ticker_sentiment_label"": ""Neutral""}, {""ticker"": ""CRYPTO:BTC"", ""relevance_score"": ""0.716023"", ""ticker_sentiment_score"": ""0.233002"", ""ticker_sentiment_label"": ""Somewhat-Bullish""}]"
2025-04-25,When will GameStop buy Bitcoin after raising $1.5 billion for the move? Strive CEO Matt Cole says there's still internal debate.,Decrypt.co,https://decrypt.co/316483/gamestop-stakeholders-bitcoin-strategy-strive-ceo,0.703655,https://decrypt.co/316483/gamestop-stakeholders-bitcoin-strategy-strive-ceo,GameStop Stakeholders Are Not Aligned on Bitcoin Strategy: Strive CEO,André Beganski,https://cdn.decrypt.co/resize/1024/height/512/wp-content/uploads/2024/06/gamestop-gID_7.png,decrypt.co,"Economy - Monetary,Retail & Wholesale,Financial Markets,Earnings,Technology",0.183386,Somewhat-Bullish,"[{""ticker"": ""MSTR"", ""relevance_score"": ""0.075635"", ""ticker_sentiment_score"": ""0.05652"", ""ticker_sentiment_label"": ""Neutral""}, {""ticker"": ""RDDT"", ""relevance_score"": ""0.075635"", ""ticker_sentiment_score"": ""0.064989"", ""ticker_sentiment_label"": ""Neutral""}, {""ticker"": ""GME"", ""relevance_score"": ""0.745397"", ""ticker_sentiment_score"": ""0.318365"", ""ticker_sentiment_label"": ""Somewhat-Bullish""}, {""ticker"": ""FOREX:USD"", ""relevance_score"": ""0.075635"", ""ticker_sentiment_score"": ""0.155807"", ""ticker_sentiment_label"": ""Somewhat-Bullish""}, {""ticker"": ""CRYPTO:BTC"", ""relevance_score"": ""0.703655"", ""ticker_sentiment_score"": ""0.261122"", ""ticker_sentiment_label"": ""Somewhat-Bullish""}]"
2025-04-25,"What is a Bitcoin flash crash? A Bitcoin flash crash is a sudden, sharp plunge in the market price of BTC that only lasts a short period of time before prices start to normalize. The appearance of unique market conditions causes a jolt in the leading cryptocurrency's market price.",Cointelegraph,https://cointelegraph.com/explained/what-is-a-flash-crash-in-bitcoin-and-why-does-it-matter,0.554172,https://cointelegraph.com/explained/what-is-a-flash-crash-in-bitcoin-and-why-does-it-matter,Cointelegraph Bitcoin & Ethereum Blockchain News,,https://s3.cointelegraph.com/storage/uploads/view/4ec915b3a8e49f5fbe3613f2c2078127.jpg,cointelegraph.com,"Financial Markets,Manufacturing,Finance,Blockchain",-0.247864,Somewhat-Bearish,"[{""ticker"": ""NVDA"", ""relevance_score"": ""0.030408"", ""ticker_sentiment_score"": ""0.036724"", ""ticker_sentiment_label"": ""Neutral""}, {""ticker"": ""COIN"", ""relevance_score"": ""0.030408"", ""ticker_sentiment_score"": ""-0.102043"", ""ticker_sentiment_label"": ""Neutral""}, {""ticker"": ""TSLA"", ""relevance_score"": ""0.030408"", ""ticker_sentiment_score"": ""0.036724"", ""ticker_sentiment_label"": ""Neutral""}, {""ticker"": ""CRYPTO:BTC"", ""relevance_score"": ""0.554172"", ""ticker_sentiment_score"": ""-0.342658"", ""ticker_sentiment_label"": ""Somewhat-Bearish""}]"
2025-04-25,"Key points:Bitcoin is witnessing a tussle between buy and sell volume as BTC/USD hits its highest levels since the start of March.BTC price action is making traders increasingly wary due to the pace of recent gains.$100,000 is likely to remain out of reach for the short term, multiple ...",Cointelegraph,https://cointelegraph.com/news/bitcoin-spikes-to-7-week-highs-analyst-doubts-chances-100k-rebound,0.871234,https://cointelegraph.com/news/bitcoin-spikes-to-7-week-highs-analyst-doubts-chances-100k-rebound,Bitcoin spikes to 7-week highs as analyst doubts chances of $100K rebound,William Suberg,https://s3.cointelegraph.com/uploads/2025-04/01966d5d-3429-71f4-88ad-540c0d239f43,cointelegraph.com,Financial Markets,-0.050648,Neutral,"[{""ticker"": ""CRYPTO:BTC"", ""relevance_score"": ""0.871234"", ""ticker_sentiment_score"": ""0.103912"", ""ticker_sentiment_label"": ""Neutral""}]"
2025-04-25,"Bitcoin soared above $95,000 per coin on Friday morning-the first time it has topped that mark in two months.",Decrypt.co,https://decrypt.co/316459/bitcoin-tops-95k-first-time-months,0.711131,https://decrypt.co/316459/bitcoin-tops-95k-first-time-months,Bitcoin Tops $95K for the First Time in Months as Stocks Remain Flat,Mat Di Salvo,https://cdn.decrypt.co/resize/1024/height/512/wp-content/uploads/2023/05/bitcoin-up-gID_7.jpg,decrypt.co,"Blockchain,Financial Markets",0.098388,Neutral,"[{""ticker"": ""CRYPTO:BTC"", ""relevance_score"": ""0.711131"", ""ticker_sentiment_score"": ""0.203072"", ""ticker_sentiment_label"": ""Somewhat-Bullish""}, {""ticker"": ""CRYPTO:ETH"", ""relevance_score"": ""0.238133"", ""ticker_sentiment_score"": ""0.0"", ""ticker_sentiment_label"": ""Neutral""}, {""ticker"": ""CRYPTO:DOGE"", ""relevance_score"": ""0.238133"", ""ticker_sentiment_score"": ""0.0"", ""ticker_sentiment_label"": ""Neutral""}]"
2025-04-25,"Dogecoin mining is quite the shift for biotech firm Coeptis Therapeutics, and shareholders don't appear thrilled with the proposed move.",Decrypt.co,https://decrypt.co/316484/biotech-firm-shares-plummet-dogecoin-mining,0.095899,https://decrypt.co/316484/biotech-firm-shares-plummet-dogecoin-mining,Biotech Firm's Shares Plummet Amid Planned Pivot to Dogecoin Mining,Logan Hitchcock,https://cdn.decrypt.co/resize/1024/height/512/wp-content/uploads/2022/04/dogecoin-price-trading-gID_7.jpeg,decrypt.co,"Blockchain,Financial Markets",0.25495,Somewhat-Bullish,"[{""ticker"": ""COEP"", ""relevance_score"": ""0.095899"", ""ticker_sentiment_score"": ""0.0"", ""ticker_sentiment_label"": ""Neutral""}, {""ticker"": ""NPPTF"", ""relevance_score"": ""0.095899"", ""ticker_sentiment_score"": ""0.086129"", ""ticker_sentiment_label"": ""Neutral""}, {""ticker"": ""CRYPTO:BTC"", ""relevance_score"": ""0.095899"", ""ticker_sentiment_score"": ""0.086129"", ""ticker_sentiment_label"": ""Neutral""}, {""ticker"": ""CRYPTO:DOGE"", ""relevance_score"": ""0.851762"", ""ticker_sentiment_score"": ""0.494228"", ""ticker_sentiment_label"": ""Bullish""}, {""ticker"": ""CRYPTO:LTC"", ""relevance_score"": ""0.190417"", ""ticker_sentiment_score"": ""0.237973"", ""ticker_sentiment_label"": ""Somewhat-Bullish""}]"
2025-04-25,"New York City, April 25, 2025 ( GLOBE NEWSWIRE ) -- Big Dollar Casino has reigned supreme as the go-to choice for newcomers in online casino gaming. This is unsurprising, as the casino has raised the bar since its debut in 2006.",Benzinga,https://www.benzinga.com/pressreleases/25/04/g45021153/new-online-casinos-in-the-usa-2025-big-dollar-casino-best-for-new-players,0.033751,https://www.benzinga.com/pressreleases/25/04/g45021153/new-online-casinos-in-the-usa-2025-big-dollar-casino-best-for-new-players,New Online Casinos in the USA 2025: Big Dollar Casino Best for New Players,Globe Newswire,https://smallfarmtoday.com/wp-content/uploads/2025/04/Big-Dollar-Casino.jpg,www.benzinga.com,Blockchain,0.37705,Bullish,"[{""ticker"": ""CRYPTO:BTC"", ""relevance_score"": ""0.033751"", ""ticker_sentiment_score"": ""0.289218"", ""ticker_sentiment_label"": ""Somewhat-Bullish""}]"
2025-04-25,"Nasdaq has urged the US Securities and Exchange Commission ( SEC ) to hold digital assets to the same regulatory standards as securities if they constitute ""stocks by any other name,"" according to an April 25 comment letter.",Cointelegraph,https://cointelegraph.com/news/nasdaq-urges-sec-to-treat-certain-cryptocurrencies-as-stocks-by-any-other-name,0.179121,https://cointelegraph.com/news/nasdaq-urges-sec-to-treat-certain-cryptocurrencies-as-stocks-by-any-other-name,Nasdaq urges SEC to treat certain digital assets as 'stocks by any other name',Alex O’Donnell,https://s3.cointelegraph.com/uploads/2025-04/01966e35-02e1-7076-948d-de920703fed2,cointelegraph.com,"Blockchain,Financial Markets",0.201896,Somewhat-Bullish,"[{""ticker"": ""FOREX:USD"", ""relevance_score"": ""0.090134"", ""ticker_sentiment_score"": ""-0.115148"", ""ticker_sentiment_label"": ""Neutral""}, {""ticker"": ""CRYPTO:BTC"", ""relevance_score"": ""0.179121"", ""ticker_sentiment_score"": ""0.185353"", ""ticker_sentiment_label"": ""Somewhat-Bullish""}, {""ticker"": ""CRYPTO:ETH"", ""relevance_score"": ""0.090134"", ""ticker_sentiment_score"": ""-0.257582"", ""ticker_sentiment_label"": ""Somewhat-Bearish""}]"
2025-04-25,"Medical device company Semler Scientific-which trades on the Nasdaq-now holds 3,303 Bitcoin after its latest buy.",Decrypt.co,https://decrypt.co/316441/semler-scientific-boosts-bitcoin-stash,0.977547,https://decrypt.co/316441/semler-scientific-boosts-bitcoin-stash,Semler Scientific Boosts Bitcoin Stash to $314M as Chairman Says Doubters Can Sell Stock,Mat Di Salvo,https://cdn.decrypt.co/resize/1024/height/512/wp-content/uploads/2025/02/nasdaq-bitcoin-gID_7.png,decrypt.co,"Life Sciences,Technology,Blockchain,Economy - Monetary,Financial Markets,Manufacturing,Real Estate & Construction",0.073598,Neutral,"[{""ticker"": ""MSTR"", ""relevance_score"": ""0.129516"", ""ticker_sentiment_score"": ""0.124299"", ""ticker_sentiment_label"": ""Neutral""}, {""ticker"": ""COSM"", ""relevance_score"": ""0.129516"", ""ticker_sentiment_score"": ""0.0"", ""ticker_sentiment_label"": ""Neutral""}, {""ticker"": ""WKSP"", ""relevance_score"": ""0.129516"", ""ticker_sentiment_score"": ""0.0"", ""ticker_sentiment_label"": ""Neutral""}, {""ticker"": ""SMLR"", ""relevance_score"": ""0.485711"", ""ticker_sentiment_score"": ""0.168772"", ""ticker_sentiment_label"": ""Somewhat-Bullish""}, {""ticker"": ""CRYPTO:BTC"", ""relevance_score"": ""0.977547"", ""ticker_sentiment_score"": ""0.145576"", ""ticker_sentiment_label"": ""Neutral""}]"
2025-04-25,"An official of the Swiss National Bank dismissed calls for the institution to add Bitcoin to its reserves as a hedge against the ongoing macroeconomic turmoil.According to an April 25 Reuters report, Swiss National Bank Chairman Martin Schlegel said that ""cryptocurrency cannot currently fulfil ...",Cointelegraph,https://cointelegraph.com/news/swiss-national-bank-official-dismisses-bitcoin-reserve-calls,0.817578,https://cointelegraph.com/news/swiss-national-bank-official-dismisses-bitcoin-reserve-calls,Swiss National Bank chief dismisses Bitcoin reserve calls,Adrian Zmudzinski,https://s3.cointelegraph.com/uploads/2025-04/01966d42-31cb-7ae8-928d-42b97f1ee814,cointelegraph.com,"Economy - Monetary,Blockchain",-0.018994,Neutral,"[{""ticker"": ""FOREX:EUR"", ""relevance_score"": ""0.088472"", ""ticker_sentiment_score"": ""-0.073256"", ""ticker_sentiment_label"": ""Neutral""}, {""ticker"": ""FOREX:USD"", ""relevance_score"": ""0.088472"", ""ticker_sentiment_score"": ""-0.073256"", ""ticker_sentiment_label"": ""Neutral""}, {""ticker"": ""CRYPTO:BTC"", ""relevance_score"": ""0.817578"", ""ticker_sentiment_score"": ""-0.064871"", ""ticker_sentiment_label"": ""Neutral""}, {""ticker"": ""CRYPTO:ETH"", ""relevance_score"": ""0.088472"", ""ticker_sentiment_score"": ""0.0"", ""ticker_sentiment_label"": ""Neutral""}]"
2025-04-25,"US President Donald Trump's first 90 days in office have been miserable for Bitcoin ( BTC ) and the broader cryptocurrency industry. Despite positive regulatory developments, culminating in the first-ever White House crypto summit on March 7, digital asset prices have been dragged down by the ...",Cointelegraph,https://cointelegraph.com/news/crypto-biz-cantor-fitzgerald-crypto-etf-inflows-industry-sentiment-shift,0.741276,https://cointelegraph.com/news/crypto-biz-cantor-fitzgerald-crypto-etf-inflows-industry-sentiment-shift,"Crypto Biz: Cantor Fitzgerald crypto play, ETF inflows highlight industry's big sentiment shift",Sam Bourgi,https://s3.cointelegraph.com/uploads/2025-04/0196696f-930a-74ec-8281-0c3c489a8b69,cointelegraph.com,"Financial Markets,Manufacturing,Earnings,Technology,Finance,Blockchain",0.094799,Neutral,"[{""ticker"": ""TSLA"", ""relevance_score"": ""0.112269"", ""ticker_sentiment_score"": ""0.143628"", ""ticker_sentiment_label"": ""Neutral""}, {""ticker"": ""COIN"", ""relevance_score"": ""0.222327"", ""ticker_sentiment_score"": ""0.156005"", ""ticker_sentiment_label"": ""Somewhat-Bullish""}, {""ticker"": ""DJT"", ""relevance_score"": ""0.056275"", ""ticker_sentiment_score"": ""0.081114"", ""ticker_sentiment_label"": ""Neutral""}, {""ticker"": ""SFTBF"", ""relevance_score"": ""0.112269"", ""ticker_sentiment_score"": ""0.0"", ""ticker_sentiment_label"": ""Neutral""}, {""ticker"": ""CRYPTO:BTC"", ""relevance_score"": ""0.741276"", ""ticker_sentiment_score"": ""0.15521"", ""ticker_sentiment_label"": ""Somewhat-Bullish""}]"
2025-04-25,"LONDON, UK , April 25, 2025 ( GLOBE NEWSWIRE ) -- Amid ongoing volatility in global markets and the cryptocurrency sector, Hartcoin, an AI-powered cloud mining platform, is drawing worldwide attention by providing one of the most profitable and accessible methods to earn digital assets in 2025.",Benzinga,https://www.benzinga.com/pressreleases/25/04/g45022014/hartcoin-launches-most-profitable-ai-powered-cloud-mining-platform-of-2025-amid-market-uncertainty,0.220809,https://www.benzinga.com/pressreleases/25/04/g45022014/hartcoin-launches-most-profitable-ai-powered-cloud-mining-platform-of-2025-amid-market-uncertainty,Hartcoin Launches Most Profitable AI-Powered Cloud Mining Platform of 2025 Amid Market Uncertainty,Globe Newswire,https://ml.globenewswire.com/media/6e3d410c-ae35-4461-a752-c10d5b2bee37/small/chandos-png.png,www.benzinga.com,"Earnings,Blockchain,Financial Markets",0.436906,Bullish,"[{""ticker"": ""CRYPTO:BTC"", ""relevance_score"": ""0.220809"", ""ticker_sentiment_score"": ""0.225152"", ""ticker_sentiment_label"": ""Somewhat-Bullish""}, {""ticker"": ""CRYPTO:ETH"", ""relevance_score"": ""0.148273"", ""ticker_sentiment_score"": ""-0.048202"", ""ticker_sentiment_label"": ""Neutral""}, {""ticker"": ""CRYPTO:DOGE"", ""relevance_score"": ""0.07446"", ""ticker_sentiment_score"": ""0.357329"", ""ticker_sentiment_label"": ""Bullish""}, {""ticker"": ""CRYPTO:LTC"", ""relevance_score"": ""0.148273"", ""ticker_sentiment_score"": ""-0.048202"", ""ticker_sentiment_label"": ""Neutral""}]"
2025-04-25,"Bitcoin ( CRYPTO: BTC ) has been on fire this week, rising 12% over the past seven days as of 2 p.m. ET on Friday. Investors have been in ""risk on"" mode this week as trade tensions between the U.S. and nearly every country in the world seem to be easing, for now.That helped companies downstream ...",Motley Fool,https://www.fool.com/investing/2025/04/25/bitcoin-miners-soared-this-week/,0.985854,https://www.fool.com/investing/2025/04/25/bitcoin-miners-soared-this-week/,Why Bitcoin Miners Soared This Week,Travis Hoium,https://g.foolcdn.com/editorial/images/816094/bitcoin-in-1-and-0.jpg,www.fool.com,"Life Sciences,Earnings,Finance,Blockchain",0.149798,Neutral,"[{""ticker"": ""WULF"", ""relevance_score"": ""0.262052"", ""ticker_sentiment_score"": ""0.045953"", ""ticker_sentiment_label"": ""Neutral""}, {""ticker"": ""COIN"", ""relevance_score"": ""0.262052"", ""ticker_sentiment_score"": ""0.196736"", ""ticker_sentiment_label"": ""Somewhat-Bullish""}, {""ticker"": ""RIOT"", ""relevance_score"": ""0.344473"", ""ticker_sentiment_score"": ""0.126285"", ""ticker_sentiment_label"": ""Neutral""}, {""ticker"": ""CRYPTO:BTC"", ""relevance_score"": ""0.985854"", ""ticker_sentiment_score"": ""0.249956"", ""ticker_sentiment_label"": ""Somewhat-Bullish""}]"
2025-04-25,Bitcoin hit a two-month peak Friday as investors mulled Donald Trump's purported progress on trade negotiations with China.,Decrypt.co,https://decrypt.co/316497/bitcoin-rising-china-tariffs-stocks,0.080728,https://decrypt.co/316497/bitcoin-rising-china-tariffs-stocks,Bitcoin on the Rise as China Tariff Exemptions Give Stocks Relief,André Beganski,https://cdn.decrypt.co/resize/1024/height/512/wp-content/uploads/2023/11/China-Chips-shutterstock_1914117646-16x9-1-gID_7.jpg,decrypt.co,"Economy - Monetary,Financial Markets,Manufacturing,Blockchain",-0.064951,Neutral,"[{""ticker"": ""NYT"", ""relevance_score"": ""0.080728"", ""ticker_sentiment_score"": ""-0.017553"", ""ticker_sentiment_label"": ""Neutral""}, {""ticker"": ""WBD"", ""relevance_score"": ""0.080728"", ""ticker_sentiment_score"": ""-0.21867"", ""ticker_sentiment_label"": ""Somewhat-Bearish""}, {""ticker"": ""CRYPTO:BTC"", ""relevance_score"": ""0.080728"", ""ticker_sentiment_score"": ""0.062692"", ""ticker_sentiment_label"": ""Neutral""}, {""ticker"": ""CRYPTO:ETH"", ""relevance_score"": ""0.080728"", ""ticker_sentiment_score"": ""0.032072"", ""ticker_sentiment_label"": ""Neutral""}, {""ticker"": ""CRYPTO:XRP"", ""relevance_score"": ""0.080728"", ""ticker_sentiment_score"": ""0.032072"", ""ticker_sentiment_label"": ""Neutral""}]"
2025-04-25,"The stock market is in full-blown risk-off mode this week, and Ross Gerber, co-founder and CEO of Gerber Kawasaki Wealth & Investment Management, is not holding back. ""Safe to say the stock market doesn't like any of these 'moves' - it seems like dumb and dumber,"" Gerber wrote on X on Monday ...",Benzinga,https://www.benzinga.com/news/25/04/45022815/seems-like-dumb-and-dumber-ross-gerber-says-the-stock-market-isnt-buying-any-of-these-moves,0.137278,https://www.benzinga.com/news/25/04/45022815/seems-like-dumb-and-dumber-ross-gerber-says-the-stock-market-isnt-buying-any-of-these-moves,'Seems Like Dumb And Dumber'-Ross Gerber Says The Stock Market Isn't Buying Any Of These 'Moves',Adrian Volenik,https://cdn.benzinga.com/files/images/story/2025/04/25/Checklist-Business-Performance-Monitorin.jpeg?width=1200&height=800&fit=crop,www.benzinga.com,"Economy - Monetary,IPO,Retail & Wholesale,Financial Markets,Manufacturing,Economy - Macro",0.064067,Neutral,"[{""ticker"": ""HAS"", ""relevance_score"": ""0.068896"", ""ticker_sentiment_score"": ""0.269749"", ""ticker_sentiment_label"": ""Somewhat-Bullish""}, {""ticker"": ""WMT"", ""relevance_score"": ""0.068896"", ""ticker_sentiment_score"": ""0.282902"", ""ticker_sentiment_label"": ""Somewhat-Bullish""}, {""ticker"": ""FOREX:USD"", ""relevance_score"": ""0.204647"", ""ticker_sentiment_score"": ""0.003469"", ""ticker_sentiment_label"": ""Neutral""}, {""ticker"": ""CRYPTO:BTC"", ""relevance_score"": ""0.137278"", ""ticker_sentiment_score"": ""0.194703"", ""ticker_sentiment_label"": ""Somewhat-Bullish""}]"
2025-04-25,"Twenty One Capital has huge Bitcoin treasury plans, there's a new XRP futures issuer entering the chat, and SOL revived this little-known company.",Decrypt.co,https://decrypt.co/316518/public-keys-twenty-one-bitcoin-xrp-futures-investors-solana-treasury,0.838901,https://decrypt.co/316518/public-keys-twenty-one-bitcoin-xrp-futures-investors-solana-treasury,"Public Keys: Twenty One's Bitcoin Play, XRP Futures Competition, and Investors Love Solana Treasury Companies",Stacy Elliott,https://img.decrypt.co/insecure/rs:fit:3840:0:0:0/plain/https://cdn.decrypt.co/wp-content/uploads/2025/04/Screenshot-2025-04-25-at-3.39.23 PM.png@webp,decrypt.co,"Life Sciences,IPO,Financial Markets,Mergers & Acquisitions,Finance,Blockchain",0.22589,Somewhat-Bullish,"[{""ticker"": ""SMLR"", ""relevance_score"": ""0.082677"", ""ticker_sentiment_score"": ""0.07221"", ""ticker_sentiment_label"": ""Neutral""}, {""ticker"": ""SFTBF"", ""relevance_score"": ""0.082677"", ""ticker_sentiment_score"": ""0.0729"", ""ticker_sentiment_label"": ""Neutral""}, {""ticker"": ""CME"", ""relevance_score"": ""0.204763"", ""ticker_sentiment_score"": ""0.153691"", ""ticker_sentiment_label"": ""Somewhat-Bullish""}, {""ticker"": ""RIOT"", ""relevance_score"": ""0.041394"", ""ticker_sentiment_score"": ""0.068923"", ""ticker_sentiment_label"": ""Neutral""}, {""ticker"": ""UPXI"", ""relevance_score"": ""0.123738"", ""ticker_sentiment_score"": ""0.098276"", ""ticker_sentiment_label"": ""Neutral""}, {""ticker"": ""COIN"", ""relevance_score"": ""0.204763"", ""ticker_sentiment_score"": ""0.103153"", ""ticker_sentiment_label"": ""Neutral""}, {""ticker"": ""CEP"", ""relevance_score"": ""0.082677"", ""ticker_sentiment_score"": ""0.0"", ""ticker_sentiment_label"": ""Neutral""}, {""ticker"": ""CRYPTO:BTC"", ""relevance_score"": ""0.838901"", ""ticker_sentiment_score"": ""0.367127"", ""ticker_sentiment_label"": ""Bullish""}]"
2025-04-25,"Semler Scientific has bought approximately $10 million worth of Bitcoin since Feb. 14, the healthcare technology company said in an April 25 statement. The company purchased 111 Bitcoin ( BTC ) for $10 million at an average price of roughly $90,000 per coin, Semler said.",Cointelegraph,https://cointelegraph.com/news/semler-scientific-buys-another-10-million-bitcoin,0.991069,https://cointelegraph.com/news/semler-scientific-buys-another-10-million-bitcoin,Semler Scientific buys another $10M worth of BTC,Alex O’Donnell,https://s3.cointelegraph.com/uploads/2025-04/01966e68-92a2-7e9c-bbbe-c3912f49a775,cointelegraph.com,"Life Sciences,Technology,Financial Markets",0.145931,Neutral,"[{""ticker"": ""MSTR"", ""relevance_score"": ""0.109455"", ""ticker_sentiment_score"": ""0.231852"", ""ticker_sentiment_label"": ""Somewhat-Bullish""}, {""ticker"": ""SMLR"", ""relevance_score"": ""0.417995"", ""ticker_sentiment_score"": ""0.061154"", ""ticker_sentiment_label"": ""Neutral""}, {""ticker"": ""CRYPTO:BTC"", ""relevance_score"": ""0.991069"", ""ticker_sentiment_score"": ""0.263018"", ""ticker_sentiment_label"": ""Somewhat-Bullish""}]"
2025-04-25,"Stripe, a global payments platform, is building a new US dollar stablecoin product for companies based outside the United States, the United Kingdom and Europe in a move that may further expand the footprint of the dollar around the world.Stripe CEO Patrick Collison confirmed the product on X, ...",Cointelegraph,https://cointelegraph.com/news/stripe-opens-testing-new-stablecoin-product-bridge-acquisition,0.337811,https://cointelegraph.com/news/stripe-opens-testing-new-stablecoin-product-bridge-acquisition,Stripe opens testing for new stablecoin product following Bridge acquisition,Christopher Tepedino,https://s3.cointelegraph.com/uploads/2025-04/01966eba-16ac-7b8e-858b-46a44e81d472,cointelegraph.com,"Economy - Monetary,Finance,Blockchain",0.268028,Somewhat-Bullish,"[{""ticker"": ""PYPL"", ""relevance_score"": ""0.115787"", ""ticker_sentiment_score"": ""0.244581"", ""ticker_sentiment_label"": ""Somewhat-Bullish""}, {""ticker"": ""COIN"", ""relevance_score"": ""0.229149"", ""ticker_sentiment_score"": ""0.044622"", ""ticker_sentiment_label"": ""Neutral""}, {""ticker"": ""FOREX:USD"", ""relevance_score"": ""0.337811"", ""ticker_sentiment_score"": ""0.457993"", ""ticker_sentiment_label"": ""Bullish""}, {""ticker"": ""CRYPTO:BTC"", ""relevance_score"": ""0.337811"", ""ticker_sentiment_score"": ""0.007336"", ""ticker_sentiment_label"": ""Neutral""}]"
2025-04-25,"After launching Bitcoin and Ethereum ETFs, the crypto asset manager is expanding its focus-now to Near Protocol.",Decrypt.co,https://decrypt.co/316472/near-etf-next-bitwise-seeks-approval,0.152499,https://decrypt.co/316472/near-etf-next-bitwise-seeks-approval,"Near ETF Next? Bitwise Seeks Approval Alongside Solana, XRP and Dogecoin Filings",Mat Di Salvo,https://cdn.decrypt.co/resize/1024/height/512/wp-content/uploads/2021/12/near-protocol-update-gID_7.jpg,decrypt.co,"Blockchain,Financial Markets",0.347662,Somewhat-Bullish,"[{""ticker"": ""CRYPTO:BTC"", ""relevance_score"": ""0.152499"", ""ticker_sentiment_score"": ""0.322828"", ""ticker_sentiment_label"": ""Somewhat-Bullish""}, {""ticker"": ""CRYPTO:ETH"", ""relevance_score"": ""0.299478"", ""ticker_sentiment_score"": ""0.274132"", ""ticker_sentiment_label"": ""Somewhat-Bullish""}, {""ticker"": ""CRYPTO:DOGE"", ""relevance_score"": ""0.152499"", ""ticker_sentiment_score"": ""0.358004"", ""ticker_sentiment_label"": ""Bullish""}]"
2025-04-25,Ark Invest sees a path for Bitcoin to reach $2.4 million per coin by 2030. Here's why Cathie Wood's firm thinks it could surge so high.,Decrypt.co,https://decrypt.co/316463/cathie-wood-ark-invest-bullish-bitcoin-prediction,0.749166,https://decrypt.co/316463/cathie-wood-ark-invest-bullish-bitcoin-prediction,Cathie Wood's Ark Invest Makes Boldly Bullish Bitcoin Price Prediction,Logan Hitchcock,https://img.decrypt.co/insecure/rs:fit:3840:0:0:0/plain/https://cdn.decrypt.co/wp-content/uploads/2025/04/ARK-Invest-Bitcoin-2030-Charts-07.png@webp,decrypt.co,"Finance,Blockchain",0.246585,Somewhat-Bullish,"[{""ticker"": ""COIN"", ""relevance_score"": ""0.114137"", ""ticker_sentiment_score"": ""0.19049"", ""ticker_sentiment_label"": ""Somewhat-Bullish""}, {""ticker"": ""CRYPTO:BTC"", ""relevance_score"": ""0.749166"", ""ticker_sentiment_score"": ""0.422804"", ""ticker_sentiment_label"": ""Bullish""}]"
2025-04-25,"Key points:Bitcoin price pushed above $95,000, increasing the chance of a rally to $100,000.Institutional investor demand is back, suggesting that the bearish trend could be over.Select altcoins could break above their respective overhead resistance levels if Bitcoin remains strongBitcoin ( BTC ...",Cointelegraph,https://cointelegraph.com/news/price-predictions-4-25-btc-eth-xrp-bnb-sol-doge-ada-sui-link-avax,0.410402,https://cointelegraph.com/news/price-predictions-4-25-btc-eth-xrp-bnb-sol-doge-ada-sui-link-avax,"Price predictions 4/25: BTC, ETH, XRP, BNB, SOL, DOGE, ADA, SUI, LINK, AVAX",Rakesh Upadhyay,https://s3.cointelegraph.com/uploads/2025-04/01966deb-9c3f-7672-8f2b-905a1761b0d4,cointelegraph.com,"Economy - Monetary,Financial Markets,Finance,Blockchain",0.033741,Neutral,"[{""ticker"": ""COIN"", ""relevance_score"": ""0.033098"", ""ticker_sentiment_score"": ""0.003923"", ""ticker_sentiment_label"": ""Neutral""}, {""ticker"": ""CRYPTO:BTC"", ""relevance_score"": ""0.410402"", ""ticker_sentiment_score"": ""0.076334"", ""ticker_sentiment_label"": ""Neutral""}, {""ticker"": ""CRYPTO:DOGE"", ""relevance_score"": ""0.099066"", ""ticker_sentiment_score"": ""0.091268"", ""ticker_sentiment_label"": ""Neutral""}, {""ticker"": ""CRYPTO:LINK"", ""relevance_score"": ""0.099066"", ""ticker_sentiment_score"": ""-0.004427"", ""ticker_sentiment_label"": ""Neutral""}, {""ticker"": ""CRYPTO:ADA"", ""relevance_score"": ""0.099066"", ""ticker_sentiment_score"": ""0.046198"", ""ticker_sentiment_label"": ""Neutral""}]"
2025-04-25,"Global cryptocurrency market capitalization is trading 2.5% higher to $2.99 trillion. One trader predicts the weekend to be choppy, with a push higher predicted for next week. Don't face extreme market conditions unprepared.",Benzinga,https://www.benzinga.com/markets/cryptocurrency/25/04/45020090/bitcoin-ethereum-xrp-dogecoin-surging-but-choppy-weekend-could-precede-the-next-push,0.733479,https://www.benzinga.com/markets/cryptocurrency/25/04/45020090/bitcoin-ethereum-xrp-dogecoin-surging-but-choppy-weekend-could-precede-the-next-push,"Bitcoin, Ethereum, XRP, Dogecoin Surging, But 'Choppy' Weekend Could Precede The Next Push",Khyathi Dalal,https://cdn.benzinga.com/files/images/story/2025/04/25/Bitcoin-Btc-Cryptocurrency-Coin-With-Alt_3.jpeg?width=1200&height=800&fit=crop,www.benzinga.com,"Blockchain,Financial Markets",0.22788,Somewhat-Bullish,"[{""ticker"": ""SCBFF"", ""relevance_score"": ""0.080458"", ""ticker_sentiment_score"": ""0.0"", ""ticker_sentiment_label"": ""Neutral""}, {""ticker"": ""CRYPTO:BTC"", ""relevance_score"": ""0.733479"", ""ticker_sentiment_score"": ""0.338831"", ""ticker_sentiment_label"": ""Somewhat-Bullish""}]"
2025-04-25,"The crypto industry is bracing for a significant shift in regulatory tone following Paul Atkins' swearing-in as chair of the US Securities and Exchange Commission on April 21. A former SEC commissioner with deep roots in deregulatory philosophy, Atkins replaces Gary Gensler, whose combative ...",Cointelegraph,https://cointelegraph.com/news/atkins-sec-era-sparks-massive-industry-optimism-crypto-execs-speak-out,0.104683,https://cointelegraph.com/news/atkins-sec-era-sparks-massive-industry-optimism-crypto-execs-speak-out,"Atkins SEC era sparks massive industry optimism, crypto execs speak out",Savannah Fortis,"https://images.cointelegraph.com/cdn-cgi/image/format=auto,onerror=redirect,quality=90,width=1200/https://s3.cointelegraph.com/uploads/2025-04/0195fbff-d113-7809-8003-e44bda161d3e",cointelegraph.com,"Technology,Financial Markets",0.183143,Somewhat-Bullish,"[{""ticker"": ""FTS"", ""relevance_score"": ""0.104683"", ""ticker_sentiment_score"": ""0.026627"", ""ticker_sentiment_label"": ""Neutral""}, {""ticker"": ""CRYPTO:BTC"", ""relevance_score"": ""0.104683"", ""ticker_sentiment_score"": ""0.197944"", ""ticker_sentiment_label"": ""Somewhat-Bullish""}]"
2025-04-25,"SINGAPORE, April 25, 2025 ( GLOBE NEWSWIRE ) -- BexBack, a rapidly expanding cryptocurrency derivatives platform, is setting new standards in the crypto trading industry. Since its launch in May 2024, BexBack has attracted over 500,000 registered users worldwide by offering features that appeal ...",Benzinga,https://www.benzinga.com/pressreleases/25/04/g45009240/bexback-revolutionizes-crypto-trading-with-100x-leverage-no-kyc-and-exclusive-bonuses,0.058615,https://www.benzinga.com/pressreleases/25/04/g45009240/bexback-revolutionizes-crypto-trading-with-100x-leverage-no-kyc-and-exclusive-bonuses,"BexBack Revolutionizes Crypto Trading with 100x Leverage, No KYC, and Exclusive Bonuses",Globe Newswire,https://ml.globenewswire.com/Resource/Download/777151c3-1d82-4a51-908c-73307ede7db7/bexback.jpeg,www.benzinga.com,"Blockchain,Financial Markets",0.369071,Bullish,"[{""ticker"": ""CRYPTO:BTC"", ""relevance_score"": ""0.058615"", ""ticker_sentiment_score"": ""0.264063"", ""ticker_sentiment_label"": ""Somewhat-Bullish""}]"
2025-04-25,The Federal Reserve revoked its guidance for banks that required them to inform the regulator before engaging in any cryptocurrency-related activity on Thursday.,Benzinga,https://www.benzinga.com/25/04/45002836/michael-saylor-says-banks-free-to-support-bitcoin-as-federal-reserve-withdraws-crypto-guidance,0.379051,https://www.benzinga.com/25/04/45002836/michael-saylor-says-banks-free-to-support-bitcoin-as-federal-reserve-withdraws-crypto-guidance,MSTR's Michael Saylor Says Banks Are 'Free' To Support Bitcoin As Federal Reserve Withdraws Crypto Guidance - Strategy  ( NASDAQ:MSTR ) ,Aniket Verma,https://cdn.benzinga.com/files/images/story/2025/04/25/Golden-Bitcoin-Lies-On-The-Banknotes-new.jpeg?width=1200&height=800&fit=crop,www.benzinga.com,"Economy - Monetary,Blockchain,Financial Markets",0.388849,Bullish,"[{""ticker"": ""CRYPTO:BTC"", ""relevance_score"": ""0.379051"", ""ticker_sentiment_score"": ""0.587719"", ""ticker_sentiment_label"": ""Bullish""}]"
2025-04-25,"The SEC has delayed a decision on rules changes for ETFs based on Hedera and Polkadot, plus a fund based on Ethereum and Bitcoin.",Decrypt.co,https://decrypt.co/316370/sec-punts-hedera-polkadot-etfs,0.671304,https://decrypt.co/316370/sec-punts-hedera-polkadot-etfs,"SEC Needs More Time to Decide on Polkadot, Hedera ETFs",James Rubin,https://cdn.decrypt.co/resize/1024/height/512/wp-content/uploads/2024/04/crypto-etf-gID_7.jpg,decrypt.co,"Blockchain,Financial Markets",0.132756,Neutral,"[{""ticker"": ""CRYPTO:BTC"", ""relevance_score"": ""0.671304"", ""ticker_sentiment_score"": ""0.281223"", ""ticker_sentiment_label"": ""Somewhat-Bullish""}, {""ticker"": ""CRYPTO:ETH"", ""relevance_score"": ""0.324495"", ""ticker_sentiment_score"": ""0.108435"", ""ticker_sentiment_label"": ""Neutral""}, {""ticker"": ""CRYPTO:DOGE"", ""relevance_score"": ""0.219809"", ""ticker_sentiment_score"": ""0.016973"", ""ticker_sentiment_label"": ""Neutral""}, {""ticker"": ""CRYPTO:LTC"", ""relevance_score"": ""0.110973"", ""ticker_sentiment_score"": ""0.0111"", ""ticker_sentiment_label"": ""Neutral""}, {""ticker"": ""CRYPTO:ADA"", ""relevance_score"": ""0.110973"", ""ticker_sentiment_score"": ""0.0111"", ""ticker_sentiment_label"": ""Neutral""}]"
2025-04-25,"Leading cryptocurrencies held steady Thursday as the market warmed up to a Bitcoin re-accumulation trend. What Happened: Bitcoin dived to $91,700 early morning on profit-taking but regained the $93,000 by the afternoon. Overnight momentum lifted it briefly past $94,000.",Benzinga,https://www.benzinga.com/25/04/44999660/bitcoin-ethereum-move-sideways-dogecoin-gains-analyst-highlights-btc-re-accumulation-as-exchange-outflows-surge,0.593715,https://www.benzinga.com/25/04/44999660/bitcoin-ethereum-move-sideways-dogecoin-gains-analyst-highlights-btc-re-accumulation-as-exchange-outflows-surge,"Bitcoin, Ethereum Flat, Dogecoin Dips As Accumulation Gains Momentum: Path To $120,000 'Wide Open' For BTC, Says Analyst - Grayscale Bitcoin Mini Trust  ( BTC )  Common units of fractional undivided beneficial interest  ( ARCA:BTC ) ",Aniket Verma,https://cdn.benzinga.com/files/images/story/2025/04/24/Bitcoin-Cryptocurrency-Stock-Market-Conc_0.jpeg?width=1200&height=800&fit=crop,www.benzinga.com,"Blockchain,Financial Markets,Manufacturing",0.156158,Somewhat-Bullish,"[{""ticker"": ""NVDA"", ""relevance_score"": ""0.164468"", ""ticker_sentiment_score"": ""0.398358"", ""ticker_sentiment_label"": ""Bullish""}, {""ticker"": ""TSLA"", ""relevance_score"": ""0.164468"", ""ticker_sentiment_score"": ""0.398358"", ""ticker_sentiment_label"": ""Bullish""}, {""ticker"": ""CRYPTO:BTC"", ""relevance_score"": ""0.593715"", ""ticker_sentiment_score"": ""0.148013"", ""ticker_sentiment_label"": ""Neutral""}, {""ticker"": ""CRYPTO:ETH"", ""relevance_score"": ""0.082677"", ""ticker_sentiment_score"": ""-0.041189"", ""ticker_sentiment_label"": ""Neutral""}]"
2025-04-25,"Billion-dollar asset manager ARK Invest has raised its ""bull case"" Bitcoin price target from $1.5 million to $2.4 million by the end of 2030, driven largely by institutional investors and Bitcoin's increasing acceptance as ""digital gold.""ARK's ""bear"" and ""base"" case scenarios for the price of ...",Cointelegraph,https://cointelegraph.com/news/ark-invest-predicts-bitcoin-could-rise-to-over-2-million-by-2030,0.912924,https://cointelegraph.com/news/ark-invest-predicts-bitcoin-could-rise-to-over-2-million-by-2030,ARK Invest ups its 2030 Bitcoin bull case prediction to $2.4M,Brayden Lindrea,https://s3.cointelegraph.com/uploads/2025-04/01966a8e-9501-79e5-9fb9-b8f3515bd9ef,cointelegraph.com,Economy - Monetary,0.18953,Somewhat-Bullish,"[{""ticker"": ""CRYPTO:BTC"", ""relevance_score"": ""0.912924"", ""ticker_sentiment_score"": ""0.386205"", ""ticker_sentiment_label"": ""Bullish""}, {""ticker"": ""CRYPTO:ETH"", ""relevance_score"": ""0.090816"", ""ticker_sentiment_score"": ""0.0"", ""ticker_sentiment_label"": ""Neutral""}]"
2025-04-25,"Key takeaways:Crypto market sentiment hit a two-month high with the Crypto Fear & Greed Index returning to ""Greed"" territory on April 23. Despite Bitcoin's price hold, the sentiment score is gradually declining, and analysts are expressing doubt over the rally's sustainability.The crypto market ...",Cointelegraph,https://cointelegraph.com/news/bitcoin-price-90k-hold-crypto-market-sentiment-slipping-analyst-doubts,0.841282,https://cointelegraph.com/news/bitcoin-price-90k-hold-crypto-market-sentiment-slipping-analyst-doubts,"Bitcoin is holding above $90K, so why is 'greed' sentiment slipping?",Ciaran Lyons,https://s3.cointelegraph.com/uploads/2025-04/01966af0-c656-71c6-9d59-14f7c489597e,cointelegraph.com,"Blockchain,Financial Markets",-0.057386,Neutral,"[{""ticker"": ""CRYPTO:BTC"", ""relevance_score"": ""0.841282"", ""ticker_sentiment_score"": ""-0.210587"", ""ticker_sentiment_label"": ""Somewhat-Bearish""}]"
2025-04-25,"A widely followed cryptocurrency trader predicted Thursday that Dogecoin's DOGE/USD bullish momentum will sustain, forecasting a potential breakout above $0.1850.",Benzinga,https://www.benzinga.com/25/04/45000805/dogecoin-price-prediction-analyst-foresees-breakout-above-01850-in-next-leg-up-but,0.117486,https://www.benzinga.com/25/04/45000805/dogecoin-price-prediction-analyst-foresees-breakout-above-01850-in-next-leg-up-but,"Dogecoin Price Prediction: Memecoin Likely Heading Toward A 'Fresh Breakout,' Above $0.185: Key Risks To Consider",Aniket Verma,https://cdn.benzinga.com/files/images/story/2025/04/25/Dogecoin-Golden-Cryptocurrency-And-Blue-.jpeg?width=1200&height=800&fit=crop,www.benzinga.com,"Blockchain,Financial Markets",0.327146,Somewhat-Bullish,"[{""ticker"": ""CRYPTO:BTC"", ""relevance_score"": ""0.117486"", ""ticker_sentiment_score"": ""0.0"", ""ticker_sentiment_label"": ""Neutral""}, {""ticker"": ""CRYPTO:DOGE"", ""relevance_score"": ""0.540042"", ""ticker_sentiment_score"": ""0.37877"", ""ticker_sentiment_label"": ""Bullish""}]"
2025-04-25,"MIDDLESEX, United Kingdom, April 25, 2025 ( GLOBE NEWSWIRE ) -- ZA Miner, a leading cloud mining service provider, is proud to announce the launch of its new no-cost cloud mining platform, designed to make cryptocurrency mining more accessible than ever.",Benzinga,https://www.benzinga.com/pressreleases/25/04/g45001044/za-miner-launches-free-cloud-mining-service-opening-doors-to-bitcoin-and-dogecoin-mining-for-all,0.259037,https://www.benzinga.com/pressreleases/25/04/g45001044/za-miner-launches-free-cloud-mining-service-opening-doors-to-bitcoin-and-dogecoin-mining-for-all,"ZA Miner Launches Free Cloud Mining Service, Opening Doors to Bitcoin and Dogecoin Mining for All",Globe Newswire,https://ml.globenewswire.com/Resource/Download/f49bfc42-5f77-432e-8d1d-a9e0bcbf6359/image2.jpg,www.benzinga.com,"Earnings,Blockchain,Financial Markets",0.445726,Bullish,"[{""ticker"": ""CRYPTO:BTC"", ""relevance_score"": ""0.259037"", ""ticker_sentiment_score"": ""0.146641"", ""ticker_sentiment_label"": ""Neutral""}, {""ticker"": ""CRYPTO:DOGE"", ""relevance_score"": ""0.259037"", ""ticker_sentiment_score"": ""0.146641"", ""ticker_sentiment_label"": ""Neutral""}, {""ticker"": ""CRYPTO:LTC"", ""relevance_score"": ""0.131284"", ""ticker_sentiment_score"": ""0.148186"", ""ticker_sentiment_label"": ""Neutral""}]"
2025-04-25,"Key TakeawaysBitcoin Standard author Saifedean Ammous says that even if one entity owned a huge amount of Bitcoin, it wouldn't hurt the protocolAmmous reiterated major companies like BlackRock and Strategy don't own the Bitcoin they hold since it belongs to the investorsAmmous said if these ...",Cointelegraph,https://cointelegraph.com/news/michael-saylor-strategy-10-million-bitcoin-hold-no-risks-bitcoin-standard-author,0.943396,https://cointelegraph.com/news/michael-saylor-strategy-10-million-bitcoin-hold-no-risks-bitcoin-standard-author,"Saylor holding 10M BTC won't 'threaten the protocol,' says author",Ciaran Lyons,https://s3.cointelegraph.com/uploads/2025-04/01966b87-73c1-7d3c-9e9d-cca5a051d68c,cointelegraph.com,Financial Markets,0.047657,Neutral,"[{""ticker"": ""SFTBF"", ""relevance_score"": ""0.079921"", ""ticker_sentiment_score"": ""0.169327"", ""ticker_sentiment_label"": ""Somewhat-Bullish""}, {""ticker"": ""CRYPTO:BTC"", ""relevance_score"": ""0.943396"", ""ticker_sentiment_score"": ""0.098042"", ""ticker_sentiment_label"": ""Neutral""}]"
2025-04-25,Bill Miller IV's investment firm has seen significant losses in its fourth-quarter portfolio additions as market uncertainties persist. What Happened: According to U.S.,Benzinga,https://www.benzinga.com/markets/equities/25/04/45001550/bill-millers-q4-portfolio-moves-backfire-as-market-volatility-and-legal-troubles-drag-down-new-p,0.166169,https://www.benzinga.com/markets/equities/25/04/45001550/bill-millers-q4-portfolio-moves-backfire-as-market-volatility-and-legal-troubles-drag-down-new-p,"Bill Miller's Q4 Additions Struggle Amid Market Uncertainty, What Else Is Dragging Them Down? - First Trust RBA American Industrial Renaissance ETF  ( NASDAQ:AIRR ) ",Kaustubh Bagalkote,https://cdn.benzinga.com/files/images/story/2025/04/25/Successful-Of-Trader-Use-Phone-And-Lapto.jpeg?width=1200&height=800&fit=crop,www.benzinga.com,"Life Sciences,Financial Markets,Manufacturing",0.170931,Somewhat-Bullish,"[{""ticker"": ""ATKR"", ""relevance_score"": ""0.166169"", ""ticker_sentiment_score"": ""0.116792"", ""ticker_sentiment_label"": ""Neutral""}, {""ticker"": ""SMLR"", ""relevance_score"": ""0.325208"", ""ticker_sentiment_score"": ""0.146404"", ""ticker_sentiment_label"": ""Neutral""}, {""ticker"": ""VPGLF"", ""relevance_score"": ""0.246999"", ""ticker_sentiment_score"": ""0.11579"", ""ticker_sentiment_label"": ""Neutral""}, {""ticker"": ""CRYPTO:BTC"", ""relevance_score"": ""0.166169"", ""ticker_sentiment_score"": ""0.258178"", ""ticker_sentiment_label"": ""Somewhat-Bullish""}]"
2025-04-25,"The planning commission of Vilonia, Arkansas, unanimously rejected a proposal to establish a cryptocurrency mining facility within the city limits, following strong opposition from residents.According to local reports, the decision came after weeks of community pushback, where citizens voiced ...",Cointelegraph,https://cointelegraph.com/news/arkansas-city-rejects-crypto-mining-after-community-pushback,0.078354,https://cointelegraph.com/news/arkansas-city-rejects-crypto-mining-after-community-pushback,Arkansas city rejects crypto mining proposal after community pushback,Amin Haqshanas,"https://images.cointelegraph.com/cdn-cgi/image/format=auto,onerror=redirect,quality=90,width=1200/https://s3.cointelegraph.com/uploads/2025-04/01966c0a-06d3-7551-9d62-e17d14ae95a1",cointelegraph.com,"Real Estate & Construction,Technology,Blockchain",-0.218499,Somewhat-Bearish,"[{""ticker"": ""MARA"", ""relevance_score"": ""0.078354"", ""ticker_sentiment_score"": ""-0.153393"", ""ticker_sentiment_label"": ""Somewhat-Bearish""}, {""ticker"": ""GOOG"", ""relevance_score"": ""0.078354"", ""ticker_sentiment_score"": ""-0.145231"", ""ticker_sentiment_label"": ""Neutral""}, {""ticker"": ""CRYPTO:BTC"", ""relevance_score"": ""0.078354"", ""ticker_sentiment_score"": ""0.028645"", ""ticker_sentiment_label"": ""Neutral""}]"
2025-04-25,"Official Trump's TRUMP/USD dramatic climb this week has refocused attention on political meme coins, but Bitcoin BTC/USD purist Max Keiser believes the token's hype will eventually fade versus the apex cryptocurrency.",Benzinga,https://www.benzinga.com/25/04/45002242/as-trump-memecoin-skyrockets-heres-a-look-back-at-the-doom-prediction-made-by-bitcoin-bull-max-keiser-months-ago,0.584328,https://www.benzinga.com/25/04/45002242/as-trump-memecoin-skyrockets-heres-a-look-back-at-the-doom-prediction-made-by-bitcoin-bull-max-keiser-months-ago,"As TRUMP Memecoin Skyrockets, Here's A Look Back At The Doom Prediction Made By Bitcoin Bull Max Keiser Months Ago",Aniket Verma,https://cdn.benzinga.com/files/images/story/2025/04/25/New-York-Ny-Nov-12-2019-Donald-Trump-Coi.jpeg?width=1200&height=800&fit=crop,www.benzinga.com,"Economy - Monetary,Blockchain,Financial Markets",0.2755,Somewhat-Bullish,"[{""ticker"": ""FOREX:UGX"", ""relevance_score"": ""0.183895"", ""ticker_sentiment_score"": ""0.285109"", ""ticker_sentiment_label"": ""Somewhat-Bullish""}, {""ticker"": ""CRYPTO:BTC"", ""relevance_score"": ""0.584328"", ""ticker_sentiment_score"": ""0.287037"", ""ticker_sentiment_label"": ""Somewhat-Bullish""}, {""ticker"": ""CRYPTO:SOL"", ""relevance_score"": ""0.092569"", ""ticker_sentiment_score"": ""0.124193"", ""ticker_sentiment_label"": ""Neutral""}]"
2025-04-25,"Back in 2020, the U.S. Securities and Exchange Commission ( SEC ) sued a company called Ripple, alleging it was in breach of financial securities laws for the way it distributed its XRP ( CRYPTO: XRP ) cryptocurrency. The case weighed on the price of XRP for years, but the token has soared by ...",Motley Fool,https://www.fool.com/investing/2025/04/25/xrp-ripple-investors-received-great-news-from-sec/,0.142847,https://www.fool.com/investing/2025/04/25/xrp-ripple-investors-received-great-news-from-sec/,XRP  ( Ripple )  Investors Just Received More Great News From the Securities and Exchange Commission,Anthony Di Pizio,https://g.foolcdn.com/image/?url=https%3A%2F%2Fg.foolcdn.com%2Feditorial%2Fimages%2F815567%2Fan-investor-looking-at-a-chart-on-their-computer-screen-while-holding-a-smartphone.jpg&op=resize&w=700,www.fool.com,"Finance,Blockchain,Financial Markets",0.158337,Somewhat-Bullish,"[{""ticker"": ""COIN"", ""relevance_score"": ""0.047844"", ""ticker_sentiment_score"": ""0.154655"", ""ticker_sentiment_label"": ""Somewhat-Bullish""}, {""ticker"": ""AMBK"", ""relevance_score"": ""0.047844"", ""ticker_sentiment_score"": ""0.0"", ""ticker_sentiment_label"": ""Neutral""}, {""ticker"": ""CRYPTO:BTC"", ""relevance_score"": ""0.142847"", ""ticker_sentiment_score"": ""0.041404"", ""ticker_sentiment_label"": ""Neutral""}, {""ticker"": ""CRYPTO:SHIB"", ""relevance_score"": ""0.047844"", ""ticker_sentiment_score"": ""0.176743"", ""ticker_sentiment_label"": ""Somewhat-Bullish""}, {""ticker"": ""CRYPTO:DOGE"", ""relevance_score"": ""0.047844"", ""ticker_sentiment_score"": ""0.176743"", ""ticker_sentiment_label"": ""Somewhat-Bullish""}]"
2025-04-25,"LAS VEGAS, April 25, 2025 ( GLOBE NEWSWIRE ) -- Tired of limits and exclusions? Maybe you want to use a credit card, or even crypto? Non-GamStop casinos like 1RED Casino offer total freedom to play without restrictions - fast payouts, massive bonuses, and nonstop action whenever you want!",Benzinga,https://www.benzinga.com/pressreleases/25/04/g45008492/best-non-gamstop-casino-non-uk-casino-1red-tested,0.049629,https://www.benzinga.com/pressreleases/25/04/g45008492/best-non-gamstop-casino-non-uk-casino-1red-tested,Best Non-GamStop Casino: Non-UK Casino 1RED Tested,Globe Newswire,https://ml.globenewswire.com/Resource/Download/4c31ac1b-3407-4e11-b079-42c5a32adfb0/1red-tested.jpg,www.benzinga.com,Blockchain,0.455593,Bullish,"[{""ticker"": ""MA"", ""relevance_score"": ""0.016552"", ""ticker_sentiment_score"": ""0.169556"", ""ticker_sentiment_label"": ""Somewhat-Bullish""}, {""ticker"": ""PYPL"", ""relevance_score"": ""0.016552"", ""ticker_sentiment_score"": ""0.0"", ""ticker_sentiment_label"": ""Neutral""}, {""ticker"": ""CRYPTO:BTC"", ""relevance_score"": ""0.049629"", ""ticker_sentiment_score"": ""0.093999"", ""ticker_sentiment_label"": ""Neutral""}, {""ticker"": ""CRYPTO:ETH"", ""relevance_score"": ""0.049629"", ""ticker_sentiment_score"": ""0.093999"", ""ticker_sentiment_label"": ""Neutral""}, {""ticker"": ""CRYPTO:LTC"", ""relevance_score"": ""0.049629"", ""ticker_sentiment_score"": ""0.093999"", ""ticker_sentiment_label"": ""Neutral""}]"
2025-04-25,"Bitcoin ( CRYPTO: BTC ) may be the biggest cryptocurrency by market cap, weighing in at $1.85 trillion on April 24, but that doesn't mean it's the leader across every metric. In fact, it's one of the absolute laggards for one data point in particular -- and it happens to be the heartbeat of many ...",Motley Fool,https://www.fool.com/investing/2025/04/25/bitcoin-performs-the-worst-among-major-cryptos/,0.497126,https://www.fool.com/investing/2025/04/25/bitcoin-performs-the-worst-among-major-cryptos/,Bitcoin Performs the Worst By Far Among All Major Cryptocurrencies on This 1 Metric. Here's Why It's Still a Buy.,Alex Carchidi,https://media.ycharts.com/charts/964e45f2673cb2204958ab5a6666978f.png,www.fool.com,"Blockchain,Financial Markets",0.119425,Neutral,"[{""ticker"": ""CRYPTO:BTC"", ""relevance_score"": ""0.497126"", ""ticker_sentiment_score"": ""0.127244"", ""ticker_sentiment_label"": ""Neutral""}, {""ticker"": ""CRYPTO:ETH"", ""relevance_score"": ""0.118354"", ""ticker_sentiment_score"": ""0.015938"", ""ticker_sentiment_label"": ""Neutral""}, {""ticker"": ""CRYPTO:ADA"", ""relevance_score"": ""0.118354"", ""ticker_sentiment_score"": ""0.015938"", ""ticker_sentiment_label"": ""Neutral""}]"
2025-04-25,"The tide of capital once destined for raw spot Bitcoin has begun to flow through institutional canals, spot exchange-traded funds ( ETFs ) , structured products and wrapped exposure, and while the water is rising fast, the waves aren't quite the same.",Cointelegraph,https://cointelegraph.com/news/sentiment-engine-bitcoin-etfs-rewiring-market-structure,0.577718,https://cointelegraph.com/news/sentiment-engine-bitcoin-etfs-rewiring-market-structure,The sentiment engine of Bitcoin ETFs is rewiring market structure,Michael Tabone,https://s3.cointelegraph.com/uploads/2025-04/01966c2b-d696-72f4-8a79-42b0403cac71,cointelegraph.com,"Economy - Monetary,Financial Markets,Finance,Blockchain",0.14923,Neutral,"[{""ticker"": ""COIN"", ""relevance_score"": ""0.049221"", ""ticker_sentiment_score"": ""0.05197"", ""ticker_sentiment_label"": ""Neutral""}, {""ticker"": ""CRYPTO:BTC"", ""relevance_score"": ""0.577718"", ""ticker_sentiment_score"": ""0.199116"", ""ticker_sentiment_label"": ""Somewhat-Bullish""}, {""ticker"": ""CRYPTO:ETH"", ""relevance_score"": ""0.146916"", ""ticker_sentiment_score"": ""0.034867"", ""ticker_sentiment_label"": ""Neutral""}, {""ticker"": ""CRYPTO:UNI"", ""relevance_score"": ""0.049221"", ""ticker_sentiment_score"": ""0.05197"", ""ticker_sentiment_label"": ""Neutral""}]"
2025-04-25,"ARK's $300,000 forecast excludes active supply discounts, which, if included, could raise targets by about 40% over current estimates. Even under conservative growth assumptions, ARK suggests Bitcoin's role as a financial asset class will continue to strengthen by 2030.",Benzinga,https://www.benzinga.com/markets/cryptocurrency/25/04/45003759/arks-bitcoin-bear-case-is-300000-by-2030-whats-the-bull-case,0.437082,https://www.benzinga.com/markets/cryptocurrency/25/04/45003759/arks-bitcoin-bear-case-is-300000-by-2030-whats-the-bull-case,"ARK's Bitcoin 'Bear Case' Is $300,000 By 2030-What's The Bull Case?",Murtuza J Merchant,https://cdn.benzinga.com/files/images/story/2025/04/25/Bitcoin.jpeg?width=1200&height=800&fit=crop,www.benzinga.com,"Economy - Monetary,Financial Markets",0.197726,Somewhat-Bullish,"[{""ticker"": ""AWON"", ""relevance_score"": ""0.065866"", ""ticker_sentiment_score"": ""0.065079"", ""ticker_sentiment_label"": ""Neutral""}, {""ticker"": ""CRYPTO:BTC"", ""relevance_score"": ""0.437082"", ""ticker_sentiment_score"": ""0.140983"", ""ticker_sentiment_label"": ""Neutral""}, {""ticker"": ""CRYPTO:WBTC"", ""relevance_score"": ""0.131284"", ""ticker_sentiment_score"": ""0.123937"", ""ticker_sentiment_label"": ""Neutral""}]"
2025-04-25,"Tariffs have had a colossal negative impact on the crypto market. Nearly every major cryptocurrency is now down for the year, and some are down as much as 50%.However, if you only focus on the past 30 days, a different picture emerges.",Motley Fool,https://www.fool.com/investing/2025/04/25/cryptocurrencies-to-buy-after-trump-tariffs/,0.503757,https://www.fool.com/investing/2025/04/25/cryptocurrencies-to-buy-after-trump-tariffs/,3 Cryptocurrencies to Buy in the Wake of Trump's Latest Wave of Tariffs,Dominic Basulto,https://g.foolcdn.com/image/?url=https%3A%2F%2Fg.foolcdn.com%2Feditorial%2Fimages%2F815563%2Fai-chip.jpg&op=resize&w=700,www.fool.com,"Economy - Monetary,Blockchain,Financial Markets",0.097717,Neutral,"[{""ticker"": ""CRYPTO:BTC"", ""relevance_score"": ""0.503757"", ""ticker_sentiment_score"": ""0.148289"", ""ticker_sentiment_label"": ""Neutral""}, {""ticker"": ""CRYPTO:ETH"", ""relevance_score"": ""0.334978"", ""ticker_sentiment_score"": ""0.120916"", ""ticker_sentiment_label"": ""Neutral""}]"
2025-04-25,Genius Group to Release Full Year 2024 Results and Host Investor Webcast on April ...,Business Insider,https://markets.businessinsider.com/news/stocks/genius-group-to-release-full-year-2024-results-and-host-investor-webcast-on-april-30-2025-1034625873,0.255641,https://markets.businessinsider.com/news/stocks/genius-group-to-release-full-year-2024-results-and-host-investor-webcast-on-april-30-2025-1034625873,"Genius Group to Release Full Year 2024 Results and Host Investor Webcast on April 30, 2025",markets.businessinsider.com,https://ml.globenewswire.com/media/YzFlMTZiYjQtMmY4NC00MTczLWE2ZGEtN2Q4NGI3OTVkYWJhLTUwMDExMzI3Ni0yMDI1LTA0LTI1LWVu/tiny/Genius-Group-Limited.png,markets.businessinsider.com,Financial Markets,0.223691,Somewhat-Bullish,"[{""ticker"": ""CRYPTO:BTC"", ""relevance_score"": ""0.255641"", ""ticker_sentiment_score"": ""0.404963"", ""ticker_sentiment_label"": ""Bullish""}]"
2025-04-25,"Roger Ver has hired Trump confidant Roger Stone to lobby against the U.S. ""exit tax"" tied to his federal tax evasion charges.",Decrypt.co,https://decrypt.co/316387/bitcoin-jesus-pays-trump-ally-roger-stone-600000-to-lobby-against-exit-tax,0.170075,https://decrypt.co/316387/bitcoin-jesus-pays-trump-ally-roger-stone-600000-to-lobby-against-exit-tax,"'Bitcoin Jesus' Pays Trump Ally Roger Stone $600,000 to Lobby Against Exit Tax",Vismaya V,https://cdn.decrypt.co/resize/1024/height/512/wp-content/uploads/2025/04/roger-ver-roger-stone-gID_7.jpg,decrypt.co,Manufacturing,-0.059007,Neutral,"[{""ticker"": ""NYT"", ""relevance_score"": ""0.057079"", ""ticker_sentiment_score"": ""0.199997"", ""ticker_sentiment_label"": ""Somewhat-Bullish""}, {""ticker"": ""TSLA"", ""relevance_score"": ""0.057079"", ""ticker_sentiment_score"": ""0.032307"", ""ticker_sentiment_label"": ""Neutral""}, {""ticker"": ""CRYPTO:BTC"", ""relevance_score"": ""0.170075"", ""ticker_sentiment_score"": ""-0.066058"", ""ticker_sentiment_label"": ""Neutral""}]"
2025-04-25,"LARNACA, Cyprus, April 25, 2025 ( GLOBE NEWSWIRE ) -- Crypto casinos will thrive in 2025, but not every platform will deliver the same experience. After evaluating dozens of online casino sites, JACKBIT rises above the rest with its generous bonuses, cutting-edge games, lightning-fast ...",Benzinga,https://www.benzinga.com/pressreleases/25/04/g45004183/best-crypto-casinos-2025-jackbit-rated-as-best-bitcoin-casino-without-verification-fast-payout,0.069798,https://www.benzinga.com/pressreleases/25/04/g45004183/best-crypto-casinos-2025-jackbit-rated-as-best-bitcoin-casino-without-verification-fast-payout,"Best Crypto Casinos 2025: JACKBIT, Rated as Best Bitcoin Casino Without Verification & Fast Payout",Globe Newswire,https://ml.globenewswire.com/Resource/Download/56744353-5ea8-4e4a-92b6-514796bc963a/jackbit.jpg,www.benzinga.com,Blockchain,0.401122,Bullish,"[{""ticker"": ""MA"", ""relevance_score"": ""0.017471"", ""ticker_sentiment_score"": ""0.0"", ""ticker_sentiment_label"": ""Neutral""}, {""ticker"": ""CRYPTO:BTC"", ""relevance_score"": ""0.069798"", ""ticker_sentiment_score"": ""0.181033"", ""ticker_sentiment_label"": ""Somewhat-Bullish""}, {""ticker"": ""CRYPTO:MATIC"", ""relevance_score"": ""0.017471"", ""ticker_sentiment_score"": ""0.0"", ""ticker_sentiment_label"": ""Neutral""}, {""ticker"": ""CRYPTO:VPN"", ""relevance_score"": ""0.034933"", ""ticker_sentiment_score"": ""-0.049423"", ""ticker_sentiment_label"": ""Neutral""}, {""ticker"": ""CRYPTO:BNB"", ""relevance_score"": ""0.017471"", ""ticker_sentiment_score"": ""0.0"", ""ticker_sentiment_label"": ""Neutral""}, {""ticker"": ""CRYPTO:XRP"", ""relevance_score"": ""0.017471"", ""ticker_sentiment_score"": ""0.0"", ""ticker_sentiment_label"": ""Neutral""}, {""ticker"": ""CRYPTO:USDT"", ""relevance_score"": ""0.034933"", ""ticker_sentiment_score"": ""0.134177"", ""ticker_sentiment_label"": ""Neutral""}, {""ticker"": ""CRYPTO:LTC"", ""relevance_score"": ""0.017471"", ""ticker_sentiment_score"": ""0.0"", ""ticker_sentiment_label"": ""Neutral""}, {""ticker"": ""CRYPTO:BUSD"", ""relevance_score"": ""0.017471"", ""ticker_sentiment_score"": ""0.0"", ""ticker_sentiment_label"": ""Neutral""}, {""ticker"": ""CRYPTO:TRX"", ""relevance_score"": ""0.017471"", ""ticker_sentiment_score"": ""0.0"", ""ticker_sentiment_label"": ""Neutral""}, {""ticker"": ""CRYPTO:XMR"", ""relevance_score"": ""0.017471"", ""ticker_sentiment_score"": ""0.0"", ""ticker_sentiment_label"": ""Neutral""}, {""ticker"": ""CRYPTO:ADA"", ""relevance_score"": ""0.017471"", ""ticker_sentiment_score"": ""0.0"", ""ticker_sentiment_label"": ""Neutral""}]"
2025-04-25,"VICTORIA, Seychelles, April 25, 2025 ( GLOBE NEWSWIRE ) -- Bridgeless DeFi is becoming reality. Tunnl, a next-generation decentralized finance protocol, has announced that it will officially launch and roll out its TUN token in May 2025.",Benzinga,https://www.benzinga.com/pressreleases/25/04/g45004529/tunnl-sets-may-2025-mainnet-launch-for-bridgeless-interchain-defi-protocol,0.268589,https://www.benzinga.com/pressreleases/25/04/g45004529/tunnl-sets-may-2025-mainnet-launch-for-bridgeless-interchain-defi-protocol,Tunnl Sets May 2025 Mainnet Launch for Bridgeless Interchain DeFi Protocol,Globe Newswire,https://ml.globenewswire.com/Resource/Download/25159c74-c056-4fa4-a9d2-58f098d0fe41/tunnl-exchange.jpg,www.benzinga.com,"Blockchain,Financial Markets",0.150351,Somewhat-Bullish,"[{""ticker"": ""CRYPTO:BTC"", ""relevance_score"": ""0.268589"", ""ticker_sentiment_score"": ""0.036235"", ""ticker_sentiment_label"": ""Neutral""}, {""ticker"": ""CRYPTO:ETH"", ""relevance_score"": ""0.216376"", ""ticker_sentiment_score"": ""0.030449"", ""ticker_sentiment_label"": ""Neutral""}, {""ticker"": ""CRYPTO:USDT"", ""relevance_score"": ""0.054732"", ""ticker_sentiment_score"": ""0.064019"", ""ticker_sentiment_label"": ""Neutral""}, {""ticker"": ""CRYPTO:AVAX"", ""relevance_score"": ""0.054732"", ""ticker_sentiment_score"": ""0.064019"", ""ticker_sentiment_label"": ""Neutral""}]"
2025-04-25,"PORTLAND, Ore., April 25, 2025 ( GLOBE NEWSWIRE ) -- Whether you are looking for luck-based games like slots or skill-based games like poker, 7Bit Casino delivers the best.",Benzinga,https://www.benzinga.com/pressreleases/25/04/g45004553/best-online-casinos-canada-why-7bit-casino-is-ranked-as-top-canadian-online-casino,0.182506,https://www.benzinga.com/pressreleases/25/04/g45004553/best-online-casinos-canada-why-7bit-casino-is-ranked-as-top-canadian-online-casino,Best Online Casinos Canada: Why 7Bit Casino Is Ranked As Top Canadian Online Casino,Globe Newswire,https://ml.globenewswire.com/Resource/Download/26c8297c-4df1-47b1-9448-a50bdd966987/7bit-casino.jpg,www.benzinga.com,Blockchain,0.488628,Bullish,"[{""ticker"": ""MA"", ""relevance_score"": ""0.03944"", ""ticker_sentiment_score"": ""0.192688"", ""ticker_sentiment_label"": ""Somewhat-Bullish""}, {""ticker"": ""CRYPTO:BTC"", ""relevance_score"": ""0.182506"", ""ticker_sentiment_score"": ""0.441608"", ""ticker_sentiment_label"": ""Bullish""}, {""ticker"": ""CRYPTO:ETH"", ""relevance_score"": ""0.03944"", ""ticker_sentiment_score"": ""0.113505"", ""ticker_sentiment_label"": ""Neutral""}, {""ticker"": ""CRYPTO:DOGE"", ""relevance_score"": ""0.026299"", ""ticker_sentiment_score"": ""0.0"", ""ticker_sentiment_label"": ""Neutral""}, {""ticker"": ""CRYPTO:LTC"", ""relevance_score"": ""0.03944"", ""ticker_sentiment_score"": ""0.113505"", ""ticker_sentiment_label"": ""Neutral""}, {""ticker"": ""CRYPTO:BCH"", ""relevance_score"": ""0.026299"", ""ticker_sentiment_score"": ""0.0"", ""ticker_sentiment_label"": ""Neutral""}]"
2025-04-25,"Fartcoin's impressive price surge has become one of the most discussed topics in the cryptocurrency world, as many are still adjusting to its unconventional branding and strong performance despite macroeconomic challenges.",Benzinga,https://www.benzinga.com/markets/cryptocurrency/25/04/45004739/fartcoin-might-capture-the-meme-coin-spotlight-in-2025-but-these-gold-backed-cryptocurrenc,0.27432,https://www.benzinga.com/markets/cryptocurrency/25/04/45004739/fartcoin-might-capture-the-meme-coin-spotlight-in-2025-but-these-gold-backed-cryptocurrenc,"Fartcoin Might Capture The Meme Coin Spotlight In 2025, But These Gold-Backed Cryptocurrencies Have Outpaced Its Growth In Recent Trends - Emeren Group  ( NYSE:SOL ) ",Aniket Verma,https://cdn.benzinga.com/files/images/story/2025/04/25/Bitcoin-Btc-Cryptocurrency-Coin-With-Alt.jpeg?width=1200&height=800&fit=crop,www.benzinga.com,"Blockchain,Financial Markets",0.338106,Somewhat-Bullish,"[{""ticker"": ""CRYPTO:BTC"", ""relevance_score"": ""0.27432"", ""ticker_sentiment_score"": ""0.201004"", ""ticker_sentiment_label"": ""Somewhat-Bullish""}]"
2025-04-25,"Central banks, particularly China, may start to shift away from US Treasurys, exploring alternatives such as gold and Bitcoin, according to Jay Jacobs, BlackRock's head of thematics and active ETFs.In a recent interview with CNBC, Jacobs said that geopolitical tensions and rising global ...",Cointelegraph,https://cointelegraph.com/news/china-shift-us-treasuries-gold-bitcoin-blackrock-jay-jacobs,0.710888,https://cointelegraph.com/news/china-shift-us-treasuries-gold-bitcoin-blackrock-jay-jacobs,"China may shift from US Treasurys toward gold, crypto - BlackRock exec",Amin Haqshanas,https://s3.cointelegraph.com/uploads/2025-04/01966ca3-5e2b-7dcb-bc1b-c2a3961bce59,cointelegraph.com,"Economy - Monetary,Financial Markets,Technology,Blockchain,Economy - Macro",0.097664,Neutral,"[{""ticker"": ""GOOG"", ""relevance_score"": ""0.084423"", ""ticker_sentiment_score"": ""0.0"", ""ticker_sentiment_label"": ""Neutral""}, {""ticker"": ""CRYPTO:BTC"", ""relevance_score"": ""0.710888"", ""ticker_sentiment_score"": ""0.261063"", ""ticker_sentiment_label"": ""Somewhat-Bullish""}, {""ticker"": ""CRYPTO:ETH"", ""relevance_score"": ""0.084423"", ""ticker_sentiment_score"": ""-0.254414"", ""ticker_sentiment_label"": ""Somewhat-Bearish""}]"
2025-04-25,"Two stocks that could benefit from President Donald Trump's popularity this year are Trump Media & Technology Group ( NASDAQ: DJT ) and Newsmax ( NYSE: NMAX ) . The former was launched by Trump in 2021 when he created the Truth Social platform, while the latter features a conservative cable ...",Motley Fool,https://www.fool.com/investing/2025/04/25/newsmax-vs-trump-media-which-stock-will-be-the-bet/,0.069294,https://www.fool.com/investing/2025/04/25/newsmax-vs-trump-media-which-stock-will-be-the-bet/,Newsmax vs Trump Media: Which Stock Will Be the Better Buy This Year?,David Jagielski,https://g.foolcdn.com/editorial/images/815346/multiple-people-looking-at-something-on-a-cell-phone.jpg,www.fool.com,"IPO,Financial Markets,Earnings,Technology",0.235734,Somewhat-Bullish,"[{""ticker"": ""FOX"", ""relevance_score"": ""0.069294"", ""ticker_sentiment_score"": ""0.220423"", ""ticker_sentiment_label"": ""Somewhat-Bullish""}, {""ticker"": ""DJT"", ""relevance_score"": ""0.138066"", ""ticker_sentiment_score"": ""0.239074"", ""ticker_sentiment_label"": ""Somewhat-Bullish""}, {""ticker"": ""CRYPTO:BTC"", ""relevance_score"": ""0.069294"", ""ticker_sentiment_score"": ""0.10169"", ""ticker_sentiment_label"": ""Neutral""}, {""ticker"": ""CRYPTO:XBC"", ""relevance_score"": ""0.069294"", ""ticker_sentiment_score"": ""0.10169"", ""ticker_sentiment_label"": ""Neutral""}]"
2025-04-25,"Key Takeaways:BTC liquidation levels, onchain data, and chart setups converge at the $100K target.Profitability has surged, suggesting a rebound in market confidence.BTC breakout patterns point to $100K as a short-squeeze and euphoria magnet.Bitcoin ( BTC ) is flashing multiple technical and ...",Cointelegraph,https://cointelegraph.com/news/5-bitcoin-charts-predicting-100k-btc-price-by-may,0.724687,https://cointelegraph.com/news/5-bitcoin-charts-predicting-100k-btc-price-by-may,5 Bitcoin charts predicting BTC price rally toward $100K by May,Yashu Gola,https://s3.cointelegraph.com/uploads/2025-04/01966c4c-1374-7baf-bf00-4759ca793c81,cointelegraph.com,,0.219095,Somewhat-Bullish,"[{""ticker"": ""CRYPTO:BTC"", ""relevance_score"": ""0.724687"", ""ticker_sentiment_score"": ""0.279585"", ""ticker_sentiment_label"": ""Somewhat-Bullish""}]"
2025-04-25,Will lower interest rates once again lead to higher crypto prices?,Motley Fool,https://www.fool.com/investing/2025/04/25/interest-rate-cut-on-the-horizon-affect-crypto/,0.374714,https://www.fool.com/investing/2025/04/25/interest-rate-cut-on-the-horizon-affect-crypto/,There Could Be an Interest Rate Cut on the Horizon. Here's How That Might Affect Cryptocurrency Prices.,Dominic Basulto,https://g.foolcdn.com/image/?url=https%3A%2F%2Fg.foolcdn.com%2Feditorial%2Fimages%2F815424%2Ffederal-reserve-building.jpg&op=resize&w=700,www.fool.com,"Economy - Monetary,Blockchain",0.170496,Somewhat-Bullish,"[{""ticker"": ""CRCW"", ""relevance_score"": ""0.055621"", ""ticker_sentiment_score"": ""0.25399"", ""ticker_sentiment_label"": ""Somewhat-Bullish""}, {""ticker"": ""CRYPTO:BTC"", ""relevance_score"": ""0.374714"", ""ticker_sentiment_score"": ""0.260445"", ""ticker_sentiment_label"": ""Somewhat-Bullish""}, {""ticker"": ""CRYPTO:ETH"", ""relevance_score"": ""0.110973"", ""ticker_sentiment_score"": ""0.070694"", ""ticker_sentiment_label"": ""Neutral""}, {""ticker"": ""CRYPTO:ADA"", ""relevance_score"": ""0.110973"", ""ticker_sentiment_score"": ""0.070694"", ""ticker_sentiment_label"": ""Neutral""}]"
2025-04-25,"Twelve years ago, I took the first step toward building Gate.io, driven by curiosity and a deep fascination for the world of crypto. Today, I'm honored to announce that Gate.io has reached its 12th anniversary. With this milestone, we are officially introducing our new Chinese brand name: ""Damen"" ...",Business Insider,https://markets.businessinsider.com/news/stocks/an-open-letter-from-the-founder-of-gate-io-twelve-years-of-gate-io-opening-the-future-of-crypto-1034626019,0.04111,https://markets.businessinsider.com/news/stocks/an-open-letter-from-the-founder-of-gate-io-twelve-years-of-gate-io-opening-the-future-of-crypto-1034626019,"An Open Letter from the Founder of Gate.io: Twelve Years of Gate.io, Opening the Future of Crypto",PRESS RELEASE ACCESS NEWSWIRE,https://app.accessnewswire.com/imagelibrary/7d00ddd1-4ab4-41ca-8f1a-cdd094e13745/1019463/picture4.png,markets.businessinsider.com,"Blockchain,Financial Markets",0.403704,Bullish,"[{""ticker"": ""CRYPTO:BTC"", ""relevance_score"": ""0.04111"", ""ticker_sentiment_score"": ""0.100561"", ""ticker_sentiment_label"": ""Neutral""}]"
2025-04-25,"Bitcoin adoption among United States financial institutions could see a major boost after the US Federal Reserve withdrew its guidance discouraging banks from engaging with cryptocurrency.On April 24, the Fed withdrew its 2022 supervisory letter that served as guidance to deter banks from ...",Cointelegraph,https://cointelegraph.com/news/bitcoin-adoption-us-federal-reserve-guidance-withdrawal-2025-saylor,0.573651,https://cointelegraph.com/news/bitcoin-adoption-us-federal-reserve-guidance-withdrawal-2025-saylor,US banks are 'free to begin supporting Bitcoin' - Michael Saylor,Zoltan Vardai,https://s3.cointelegraph.com/uploads/2025-04/01966cd9-b897-7625-b236-86596f60cd6b,cointelegraph.com,"Economy - Monetary,Finance,Blockchain",0.239715,Somewhat-Bullish,"[{""ticker"": ""COIN"", ""relevance_score"": ""0.179788"", ""ticker_sentiment_score"": ""0.163983"", ""ticker_sentiment_label"": ""Somewhat-Bullish""}, {""ticker"": ""CRYPTO:BTC"", ""relevance_score"": ""0.573651"", ""ticker_sentiment_score"": ""0.393883"", ""ticker_sentiment_label"": ""Bullish""}]"
2025-04-25,"When gold hit a new all-time-high of $3,500 on Tuesday it put the spotlight on gold-backed tokens - a discrete class of cryptocurrencies that's quickly capturing interest. Last week the total market cap of gold-backed cryptocurrencies reached $2 billion, up from about $12.85 million in 2020.",Benzinga,https://www.benzinga.com/markets/cryptocurrency/25/04/45007506/with-gold-backed-tokens-crossing-2b-has-cryptos-elusive-safe-haven-arrived,0.298567,https://www.benzinga.com/markets/cryptocurrency/25/04/45007506/with-gold-backed-tokens-crossing-2b-has-cryptos-elusive-safe-haven-arrived,"With Gold-backed Tokens Crossing $2B, Has Crypto's Elusive Safe Haven Arrived?",Mark de Wolf,https://contributor-assets.benzinga.com/wp-content/uploads/2025/04/25051700/Ledn-Bitcoin_v_-Gold_210-24-1024x717.png,www.benzinga.com,"Economy - Monetary,Financial Markets,Finance,Blockchain",0.126536,Neutral,"[{""ticker"": ""GS"", ""relevance_score"": ""0.038223"", ""ticker_sentiment_score"": ""0.074992"", ""ticker_sentiment_label"": ""Neutral""}, {""ticker"": ""FOREX:USD"", ""relevance_score"": ""0.076358"", ""ticker_sentiment_score"": ""-0.050527"", ""ticker_sentiment_label"": ""Neutral""}, {""ticker"": ""CRYPTO:BTC"", ""relevance_score"": ""0.298567"", ""ticker_sentiment_score"": ""0.121216"", ""ticker_sentiment_label"": ""Neutral""}, {""ticker"": ""CRYPTO:UNI"", ""relevance_score"": ""0.038223"", ""ticker_sentiment_score"": ""0.012833"", ""ticker_sentiment_label"": ""Neutral""}]"
2025-04-25,Bitcoin's appeal to sovereign entities stems from moves away from dollar reliance and toward more independent asset reserves. The rise of Bitcoin as a reserve asset reflects broader shifts in how central banks manage exposure to global volatility. Don't face extreme market conditions unprepared.,Benzinga,https://www.benzinga.com/markets/cryptocurrency/25/04/45008113/bitcoin-fundamentally-decoupled-from-us-tech-stocks-blackrocks-jay-jacobs-says,0.686288,https://www.benzinga.com/markets/cryptocurrency/25/04/45008113/bitcoin-fundamentally-decoupled-from-us-tech-stocks-blackrocks-jay-jacobs-says,"Bitcoin Fundamentally Decoupled From US Tech Stocks, BlackRock's Jay Jacobs Says",Murtuza J Merchant,https://cdn.benzinga.com/files/images/story/2025/04/25/Golden-Bitcoin-Lies-On-The-Banknotes-new_0.jpeg?width=1200&height=800&fit=crop,www.benzinga.com,"Economy - Monetary,Financial Markets",0.04804,Neutral,"[{""ticker"": ""FOREX:USD"", ""relevance_score"": ""0.17715"", ""ticker_sentiment_score"": ""-0.107566"", ""ticker_sentiment_label"": ""Neutral""}, {""ticker"": ""CRYPTO:BTC"", ""relevance_score"": ""0.686288"", ""ticker_sentiment_score"": ""0.056793"", ""ticker_sentiment_label"": ""Neutral""}]"
2025-04-25,"LAS VEGAS, April 25, 2025 ( GLOBE NEWSWIRE ) -- Online casino Canada players demand trustworthy, top-quality gaming experiences. But with so many casino sites popping up, how do you know which ones truly deliver and which ones falter?",Benzinga,https://www.benzinga.com/pressreleases/25/04/g45008439/best-online-casino-canada-complaints-investigated-2025-user-reviews-tested-verified,0.027464,https://www.benzinga.com/pressreleases/25/04/g45008439/best-online-casino-canada-complaints-investigated-2025-user-reviews-tested-verified,Best Online Casino Canada:  ( Complaints Investigated )  2025 User Reviews Tested & Verified,Globe Newswire,https://ml.globenewswire.com/Resource/Download/0ef2a00c-081b-44a4-a9fa-ce82e842cee6/boho-casino.jpg,www.benzinga.com,Blockchain,0.435438,Bullish,"[{""ticker"": ""CURN"", ""relevance_score"": ""0.005494"", ""ticker_sentiment_score"": ""-0.005706"", ""ticker_sentiment_label"": ""Neutral""}, {""ticker"": ""WYCC"", ""relevance_score"": ""0.005494"", ""ticker_sentiment_score"": ""0.312259"", ""ticker_sentiment_label"": ""Somewhat-Bullish""}, {""ticker"": ""MA"", ""relevance_score"": ""0.01648"", ""ticker_sentiment_score"": ""0.149809"", ""ticker_sentiment_label"": ""Neutral""}, {""ticker"": ""RDDT"", ""relevance_score"": ""0.005494"", ""ticker_sentiment_score"": ""0.113247"", ""ticker_sentiment_label"": ""Neutral""}, {""ticker"": ""PYTCF"", ""relevance_score"": ""0.032953"", ""ticker_sentiment_score"": ""0.181725"", ""ticker_sentiment_label"": ""Somewhat-Bullish""}, {""ticker"": ""CRYPTO:BTC"", ""relevance_score"": ""0.027464"", ""ticker_sentiment_score"": ""0.126938"", ""ticker_sentiment_label"": ""Neutral""}, {""ticker"": ""CRYPTO:ETH"", ""relevance_score"": ""0.010987"", ""ticker_sentiment_score"": ""0.114909"", ""ticker_sentiment_label"": ""Neutral""}, {""ticker"": ""CRYPTO:DOGE"", ""relevance_score"": ""0.010987"", ""ticker_sentiment_score"": ""0.114909"", ""ticker_sentiment_label"": ""Neutral""}, {""ticker"": ""CRYPTO:USDT"", ""relevance_score"": ""0.010987"", ""ticker_sentiment_score"": ""0.114909"", ""ticker_sentiment_label"": ""Neutral""}, {""ticker"": ""CRYPTO:LTC"", ""relevance_score"": ""0.010987"", ""ticker_sentiment_score"": ""0.114909"", ""ticker_sentiment_label"": ""Neutral""}, {""ticker"": ""CRYPTO:XRP"", ""relevance_score"": ""0.005494"", ""ticker_sentiment_score"": ""0.080201"", ""ticker_sentiment_label"": ""Neutral""}]"
2025-04-26,"Crypto investor sentiment has seen a significant recovery from global tariff concerns, but analysts warn that the market's structural weaknesses may still result in downside momentum during periods of weekend illiquidity.Risk appetite appeared to return among crypto investors this week after US ...",Cointelegraph,https://cointelegraph.com/news/crypto-market-structural-weekend-risks-tariff-calm,0.413425,https://cointelegraph.com/news/crypto-market-structural-weekend-risks-tariff-calm,"Crypto sentiment recovers, but weekend liquidity risks remain",Zoltan Vardai,https://s3.cointelegraph.com/uploads/2025-04/0196724e-8544-757b-bb05-0b9d1ae32206,cointelegraph.com,"Economy - Monetary,Financial Markets,Blockchain,Economy - Macro",-0.022178,Neutral,"[{""ticker"": ""FOREX:USD"", ""relevance_score"": ""0.072217"", ""ticker_sentiment_score"": ""-0.107438"", ""ticker_sentiment_label"": ""Neutral""}, {""ticker"": ""CRYPTO:BTC"", ""relevance_score"": ""0.413425"", ""ticker_sentiment_score"": ""-0.078361"", ""ticker_sentiment_label"": ""Neutral""}]"
2025-04-26,"Bitcoin has surged since last year's halving, but it's been a disappointment compared to the coin's previous post-halving cycles.",Decrypt.co,https://decrypt.co/316359/bitcoin-post-halving-performance-worst-why,0.702434,https://decrypt.co/316359/bitcoin-post-halving-performance-worst-why,Bitcoin Post-Halving Price Performance Is the Worst on Record. Why?,Mat Di Salvo,https://cdn.decrypt.co/resize/1024/height/512/wp-content/uploads/2024/04/bitcoin-halving-btc-network-gID_7.jpeg,decrypt.co,"Economy - Monetary,Blockchain,Financial Markets",0.089008,Neutral,"[{""ticker"": ""CRYPTO:BTC"", ""relevance_score"": ""0.702434"", ""ticker_sentiment_score"": ""0.145829"", ""ticker_sentiment_label"": ""Neutral""}]"
2025-04-26,"Opinion by: Raullen Chai, co-founder and CEO of IoTeXThe United States and other superpowers are on the brink of a financial evolution. With President Donald Trump's recent executive order establishing a Strategic Bitcoin Reserve ( SBR ) and a US Digital Asset Stockpile ( DAS ) , the conversation ...",Cointelegraph,https://cointelegraph.com/news/countries-must-add-de-pin-tokens,0.18645,https://cointelegraph.com/news/countries-must-add-de-pin-tokens,Countries must add DePIN tokens to their digital asset stockpiles,Raullen Chai,"https://images.cointelegraph.com/cdn-cgi/image/format=auto,onerror=redirect,quality=90,width=1200/https://s3.cointelegraph.com/uploads/2025-03/0195d771-b6f4-73ea-b902-8afd465e57ad",cointelegraph.com,"Economy - Monetary,Blockchain,Financial Markets",0.249993,Somewhat-Bullish,"[{""ticker"": ""CRYPTO:BTC"", ""relevance_score"": ""0.18645"", ""ticker_sentiment_score"": ""0.13623"", ""ticker_sentiment_label"": ""Neutral""}, {""ticker"": ""CRYPTO:IOTX"", ""relevance_score"": ""0.075161"", ""ticker_sentiment_score"": ""0.0"", ""ticker_sentiment_label"": ""Neutral""}]"
2025-04-26,"DeFi Development Corp ( formerly Janover ) aims to raise over $1 billion worth of capital to invest in Solana, the industry's sixth-largest cryptocurrency by market capitalization.The Nasdaq-listed firm, previously a real estate financing platform connecting commercial property lenders and ...",Cointelegraph,https://cointelegraph.com/news/defi-development-offer-1-b-securities-solana-acquisition,0.279813,https://cointelegraph.com/news/defi-development-offer-1-b-securities-solana-acquisition,"DeFi Development seeks $1B to boost Solana investments, expand treasury",Zoltan Vardai,https://s3.cointelegraph.com/uploads/2025-04/019671bb-851a-7d7e-a927-8c8f4f137ab3,cointelegraph.com,"Blockchain,Financial Markets",0.224512,Somewhat-Bullish,"[{""ticker"": ""CRYPTO:BTC"", ""relevance_score"": ""0.279813"", ""ticker_sentiment_score"": ""0.344061"", ""ticker_sentiment_label"": ""Somewhat-Bullish""}]"
2025-04-26,"Economist and gold advocate Peter Schiff is warning about what could come after Jerome Powell's term as Federal Reserve chair ends. In a post that has sparked a debate on X, Schiff said he expects President Donald Trump to pick someone extremely dovish to replace Powell.",Benzinga,https://www.benzinga.com/news/25/04/45027556/after-powell-trumps-fed-nominee-will-be-a-loyal-soldier-says-peter-schiff-willing-to-sacrifice-the-dollar-cr,0.105836,https://www.benzinga.com/news/25/04/45027556/after-powell-trumps-fed-nominee-will-be-a-loyal-soldier-says-peter-schiff-willing-to-sacrifice-the-dollar-cr,"After Powell, Trump's Fed Nominee 'Will Be A Loyal Soldier,' Says Peter Schiff-'Willing To Sacrifice The Dollar, Create Inflation As Needed'",Adrian Volenik,https://cdn.benzinga.com/files/images/story/2025/04/26/Washington-D-c-march-17--2019-Two-Securi.jpeg?width=1200&height=800&fit=crop,www.benzinga.com,"Economy - Monetary,IPO,Retail & Wholesale,Financial Markets,Manufacturing",0.069774,Neutral,"[{""ticker"": ""ABNB"", ""relevance_score"": ""0.053035"", ""ticker_sentiment_score"": ""0.285885"", ""ticker_sentiment_label"": ""Somewhat-Bullish""}, {""ticker"": ""HAS"", ""relevance_score"": ""0.053035"", ""ticker_sentiment_score"": ""0.267854"", ""ticker_sentiment_label"": ""Somewhat-Bullish""}, {""ticker"": ""UBER"", ""relevance_score"": ""0.053035"", ""ticker_sentiment_score"": ""0.285885"", ""ticker_sentiment_label"": ""Somewhat-Bullish""}, {""ticker"": ""WMT"", ""relevance_score"": ""0.053035"", ""ticker_sentiment_score"": ""0.280877"", ""ticker_sentiment_label"": ""Somewhat-Bullish""}, {""ticker"": ""FOREX:EUR"", ""relevance_score"": ""0.053035"", ""ticker_sentiment_score"": ""-0.140117"", ""ticker_sentiment_label"": ""Neutral""}, {""ticker"": ""FOREX:USD"", ""relevance_score"": ""0.260559"", ""ticker_sentiment_score"": ""-0.045245"", ""ticker_sentiment_label"": ""Neutral""}, {""ticker"": ""CRYPTO:BTC"", ""relevance_score"": ""0.105836"", ""ticker_sentiment_score"": ""0.154683"", ""ticker_sentiment_label"": ""Somewhat-Bullish""}]"
2025-04-26,Efforts in Congress to create a legislative framework for crypto were chief among the Commission's reasons for pulling back against Coinbase.,Decrypt.co,https://decrypt.co/316564/why-alabama-dropped-coinbase-case,0.049629,https://decrypt.co/316564/why-alabama-dropped-coinbase-case,Why Alabama's Securities Commissioner Dropped Its Case Against Coinbase,Liz Napolitano,https://cdn.decrypt.co/resize/1024/height/512/wp-content/uploads/2025/04/alabama-us-flags-gID_7.png,decrypt.co,"Finance,Blockchain,Financial Markets",-0.007225,Neutral,"[{""ticker"": ""COIN"", ""relevance_score"": ""0.581559"", ""ticker_sentiment_score"": ""0.076803"", ""ticker_sentiment_label"": ""Neutral""}, {""ticker"": ""CRYPTO:BTC"", ""relevance_score"": ""0.049629"", ""ticker_sentiment_score"": ""-0.280393"", ""ticker_sentiment_label"": ""Somewhat-Bearish""}]"
2025-04-26,"New Securities and Exchange Commission Chair Paul Atkins indicated a friendlier approach toward cryptocurrency during his tenure on Friday, highlighting the need for a clear regulatory policy to help the industry thrive in the U.S.",Benzinga,https://www.benzinga.com/government/regulations/25/04/45027836/sec-chair-paul-atkins-says-crypto-deserves-clear-regulatory-rules-praises-crypto-mom-heste,0.241684,https://www.benzinga.com/government/regulations/25/04/45027836/sec-chair-paul-atkins-says-crypto-deserves-clear-regulatory-rules-praises-crypto-mom-heste,"SEC Chair Paul Atkins Says Crypto Deserves Clear Regulatory Rules, Praises 'Crypto Mom' Hester Peirce's Efforts SEC Chair Paul Atkins Says Crypto Deserves Clear Regulatory Rules, Praises 'Crypto Mom' Hester Peirce's Efforts - Strategy  ( NASDAQ:MSTR ) ",Aniket Verma,https://cdn.benzinga.com/files/images/story/2025/04/26/Solana-Golden-Cryptocurrency-In-Close-up.jpeg?width=1200&height=800&fit=crop,www.benzinga.com,"Blockchain,Financial Markets",0.294507,Somewhat-Bullish,"[{""ticker"": ""CRYPTO:BTC"", ""relevance_score"": ""0.241684"", ""ticker_sentiment_score"": ""0.385132"", ""ticker_sentiment_label"": ""Bullish""}]"
2025-04-26,"SINGAPORE, April 26, 2025 ( GLOBE NEWSWIRE ) -- With Bitcoin's price fluctuating below $100,000, many analysts predict a prolonged period of high volatility in the crypto market. Holding spot positions may struggle to generate short-term profits in such conditions.",Benzinga,https://www.benzinga.com/pressreleases/25/04/g45027462/no-kyc-100x-leverage-50-welcome-bonus-crypto-futures-trading-made-easy-on-bexback,0.407844,https://www.benzinga.com/pressreleases/25/04/g45027462/no-kyc-100x-leverage-50-welcome-bonus-crypto-futures-trading-made-easy-on-bexback,No KYC. 100x Leverage. $50 Welcome Bonus. Crypto Futures Trading Made Easy on BexBack.,Globe Newswire,https://ml.globenewswire.com/Resource/Download/0df8a76a-4c2b-4397-b465-8bf1abbcf0ea/bexback.jpeg,www.benzinga.com,"Blockchain,Financial Markets",0.358251,Bullish,"[{""ticker"": ""CRYPTO:BTC"", ""relevance_score"": ""0.407844"", ""ticker_sentiment_score"": ""0.480217"", ""ticker_sentiment_label"": ""Bullish""}]"
2025-04-26,"Bitcoin ( CRYPTO: BTC ) hit a value of more than $100,000 last year, for the first time ever. Did the fourth Bitcoin halving event prove to be a positive catalyst for the cryptocurrency and its valuation? Or has its rapid rise in value had more to do with other factors?Bitcoin's big selling point ...",Motley Fool,https://www.fool.com/investing/2025/04/26/was-the-bitcoin-halving-1-year-ago-a-catalyst/,0.730535,https://www.fool.com/investing/2025/04/26/was-the-bitcoin-halving-1-year-ago-a-catalyst/,A Bitcoin Halving Happened 1 Year Ago. Was It a Catalyst for the Leading Crypto?,David Jagielski,https://g.foolcdn.com/editorial/images/815344/an-image-of-bitcoin-on-a-phone.jpg,www.fool.com,"Blockchain,Financial Markets",0.213931,Somewhat-Bullish,"[{""ticker"": ""CRYPTO:BTC"", ""relevance_score"": ""0.730535"", ""ticker_sentiment_score"": ""0.336273"", ""ticker_sentiment_label"": ""Somewhat-Bullish""}]"
2025-04-26,"Strike CEO Jack Mallers said his new role as CEO of Bitcoin treasury firm Twenty One Capital won't distract him from heading Strike, revealing the platform processed over $6 billion in volume in 2024.""This is not a shift in my commitment.",Cointelegraph,https://cointelegraph.com/news/strike-ceo-jack-mallers-bitcoin-stance-commitment-twenty-one-capital,0.918873,https://cointelegraph.com/news/strike-ceo-jack-mallers-bitcoin-stance-commitment-twenty-one-capital,"Bitcoiner Jack Mallers assures Strike investors, Twenty One won't distract",Ciaran Lyons,https://s3.cointelegraph.com/uploads/2025-04/01966fd3-68de-795c-9fff-456d825f2a52,cointelegraph.com,Earnings,0.251713,Somewhat-Bullish,"[{""ticker"": ""SFTBF"", ""relevance_score"": ""0.092569"", ""ticker_sentiment_score"": ""0.054093"", ""ticker_sentiment_label"": ""Neutral""}, {""ticker"": ""CRYPTO:BTC"", ""relevance_score"": ""0.918873"", ""ticker_sentiment_score"": ""0.611484"", ""ticker_sentiment_label"": ""Bullish""}]"
2025-04-26,"LARNACA, Cyprus, April 26, 2025 ( GLOBE NEWSWIRE ) -- The UK online gambling scene is thriving in 2025, with players seeking platforms that offer security, variety, and fast payouts. Amidst a sea of options, JACKBIT Casino stands out as the best online casino UK has to offer, earning a stellar ...",Benzinga,https://www.benzinga.com/pressreleases/25/04/g45026967/best-online-casinos-uk-2025-jackbit-rated-as-top-uk-casino-site,0.041287,https://www.benzinga.com/pressreleases/25/04/g45026967/best-online-casinos-uk-2025-jackbit-rated-as-top-uk-casino-site,Best Online Casinos UK 2025: JACKBIT Rated As Top UK Casino Site,Globe Newswire,https://ml.globenewswire.com/Resource/Download/44a272fd-3055-44b6-a3dc-a649b2557bdb/jackbit.jpg,www.benzinga.com,"Technology,Blockchain,Financial Markets",0.514549,Bullish,"[{""ticker"": ""MA"", ""relevance_score"": ""0.041287"", ""ticker_sentiment_score"": ""0.222462"", ""ticker_sentiment_label"": ""Somewhat-Bullish""}, {""ticker"": ""RDDT"", ""relevance_score"": ""0.010326"", ""ticker_sentiment_score"": ""0.411604"", ""ticker_sentiment_label"": ""Bullish""}, {""ticker"": ""GOOG"", ""relevance_score"": ""0.030971"", ""ticker_sentiment_score"": ""0.15837"", ""ticker_sentiment_label"": ""Somewhat-Bullish""}, {""ticker"": ""CRYPTO:BTC"", ""relevance_score"": ""0.041287"", ""ticker_sentiment_score"": ""0.1282"", ""ticker_sentiment_label"": ""Neutral""}, {""ticker"": ""CRYPTO:ETH"", ""relevance_score"": ""0.030971"", ""ticker_sentiment_score"": ""0.109999"", ""ticker_sentiment_label"": ""Neutral""}, {""ticker"": ""CRYPTO:DOGE"", ""relevance_score"": ""0.010326"", ""ticker_sentiment_score"": ""0.046434"", ""ticker_sentiment_label"": ""Neutral""}, {""ticker"": ""CRYPTO:LTC"", ""relevance_score"": ""0.02065"", ""ticker_sentiment_score"": ""0.013838"", ""ticker_sentiment_label"": ""Neutral""}, {""ticker"": ""CRYPTO:ADA"", ""relevance_score"": ""0.010326"", ""ticker_sentiment_score"": ""0.046434"", ""ticker_sentiment_label"": ""Neutral""}]"
2025-04-26,The dominant cryptocurrency could find a lot of new buyers in this investment environment.,Motley Fool,https://www.fool.com/investing/2025/04/26/3-reasons-bitcoin-could-outperform-xrp-ripple-and/,0.824238,https://www.fool.com/investing/2025/04/26/3-reasons-bitcoin-could-outperform-xrp-ripple-and/,3 Reasons Bitcoin Could Outperform XRP  ( Ripple )  and Ethereum Over the Next Year,Adam Levy,https://g.foolcdn.com/image/?url=https%3A%2F%2Fg.foolcdn.com%2Feditorial%2Fimages%2F815429%2Fgetty-images-gold-coin-with-bitcoin-symbol-on-it-cryptocurrency-btc-2128x1409-3b482f4.jpeg&op=resize&w=700,www.fool.com,"Economy - Monetary,Financial Markets,Blockchain,Economy - Macro",0.068636,Neutral,"[{""ticker"": ""FOREX:USD"", ""relevance_score"": ""0.224383"", ""ticker_sentiment_score"": ""-0.031458"", ""ticker_sentiment_label"": ""Neutral""}, {""ticker"": ""CRYPTO:BTC"", ""relevance_score"": ""0.824238"", ""ticker_sentiment_score"": ""0.155948"", ""ticker_sentiment_label"": ""Somewhat-Bullish""}, {""ticker"": ""CRYPTO:ETH"", ""relevance_score"": ""0.169279"", ""ticker_sentiment_score"": ""0.12779"", ""ticker_sentiment_label"": ""Neutral""}, {""ticker"": ""CRYPTO:XRP"", ""relevance_score"": ""0.169279"", ""ticker_sentiment_score"": ""0.12779"", ""ticker_sentiment_label"": ""Neutral""}]"
2025-04-26,"What are reciprocal tariffs? Reciprocal tariffs might sound like textbook trade jargon, but the idea is pretty straightforward: If one country slaps tariffs on your goods, you hit back with the same. Think of it as a tit-for-tat strategy in global trade - a way for governments to say, ""If you're ...",Cointelegraph,https://cointelegraph.com/explained/what-are-reciprocal-tariffs-and-what-do-they-mean-for-the-crypto-industry,0.183198,https://cointelegraph.com/explained/what-are-reciprocal-tariffs-and-what-do-they-mean-for-the-crypto-industry,Cointelegraph Bitcoin & Ethereum Blockchain News,,https://s3.cointelegraph.com/storage/uploads/view/c468fdaf15247aa4f375b4348f7191aa.jpg,cointelegraph.com,"Economy - Monetary,Blockchain,Manufacturing",-0.021658,Neutral,"[{""ticker"": ""BA"", ""relevance_score"": ""0.030799"", ""ticker_sentiment_score"": ""-0.013284"", ""ticker_sentiment_label"": ""Neutral""}, {""ticker"": ""CRYPTO:BTC"", ""relevance_score"": ""0.183198"", ""ticker_sentiment_score"": ""0.013899"", ""ticker_sentiment_label"": ""Neutral""}, {""ticker"": ""CRYPTO:ETH"", ""relevance_score"": ""0.092213"", ""ticker_sentiment_score"": ""0.00969"", ""ticker_sentiment_label"": ""Neutral""}]"
2025-04-26,"Over $4 trillion worth of real estate could be tokenized on blockchain networks during the next decade, potentially offering investors greater access to property ownership opportunities, according to a new report.The Deloitte Center for Financial Services predicts that over $4 trillion worth of ...",Cointelegraph,https://cointelegraph.com/news/real-estate-tokenization-forecast-4-trillion-2035,0.077845,https://cointelegraph.com/news/real-estate-tokenization-forecast-4-trillion-2035,Deloitte predicts $4T tokenized real estate on blockchain by 2035,Zoltan Vardai,https://s3.cointelegraph.com/uploads/2025-04/0196714c-695e-77b5-a53f-b25e707315f6,cointelegraph.com,Blockchain,0.28608,Somewhat-Bullish,"[{""ticker"": ""CRYPTO:BTC"", ""relevance_score"": ""0.077845"", ""ticker_sentiment_score"": ""0.416775"", ""ticker_sentiment_label"": ""Bullish""}]"
2025-04-26,"With so many different forces affecting its value at all times, it's remarkable that Bitcoin's ( CRYPTO: BTC ) price isn't even more volatile. So when there's significant purchasing action by a large holder that claims to want to hold on to its hoard of the coin forever, like there has been over ...",Motley Fool,https://www.fool.com/investing/2025/04/26/is-this-1-new-reason-to-buy-bitcoin-or-1-new-reaso/,0.487751,https://www.fool.com/investing/2025/04/26/is-this-1-new-reason-to-buy-bitcoin-or-1-new-reaso/,"Is This 1 New Reason to Buy Bitcoin, or 1 New Reason to Be Cautious?",Alex Carchidi,https://g.foolcdn.com/editorial/images/814882/investor-talks-with-two-coworkers.jpg,www.fool.com,"Technology,Financial Markets",0.219062,Somewhat-Bullish,"[{""ticker"": ""MSTR"", ""relevance_score"": ""0.115787"", ""ticker_sentiment_score"": ""0.048924"", ""ticker_sentiment_label"": ""Neutral""}, {""ticker"": ""CRYPTO:BTC"", ""relevance_score"": ""0.487751"", ""ticker_sentiment_score"": ""0.318635"", ""ticker_sentiment_label"": ""Somewhat-Bullish""}]"
2025-04-26,"United States Senator Cynthia Lummis suggests the crypto industry may be celebrating too soon over the US Federal Reserve softening its crypto guidance for banks.""The Fed withdrawing crypto guidance is just noise, not real progress,"" Lummis said in an April 25 X post.",Cointelegraph,https://cointelegraph.com/news/crypto-banking-guidance-united-states-federal-reserve-cynthia-lummis-doubts,0.384397,https://cointelegraph.com/news/crypto-banking-guidance-united-states-federal-reserve-cynthia-lummis-doubts,Crypto banking rule withdrawal by Fed 'not real progress' - Senator Lummis,Ciaran Lyons,https://s3.cointelegraph.com/uploads/2025-04/01967127-f2da-74f1-a446-23decad83ac2,cointelegraph.com,"Economy - Monetary,Blockchain",0.098751,Neutral,"[{""ticker"": ""CRYPTO:BTC"", ""relevance_score"": ""0.384397"", ""ticker_sentiment_score"": ""0.319202"", ""ticker_sentiment_label"": ""Somewhat-Bullish""}, {""ticker"": ""CRYPTO:ETH"", ""relevance_score"": ""0.09989"", ""ticker_sentiment_score"": ""-0.264095"", ""ticker_sentiment_label"": ""Somewhat-Bearish""}]"
2025-04-26,"Bitcoin ( CRYPTO: BTC ) is the world's largest cryptocurrency. It has a market capitalization of $1.8 trillion as of this writing, representing more than half of the total value of all coins and tokens in circulation across the industry, which currently stands at $2.9 trillion.",Motley Fool,https://www.fool.com/investing/2025/04/26/1-cryptocurrency-could-soar-13800-michael-saylor/,0.654165,https://www.fool.com/investing/2025/04/26/1-cryptocurrency-could-soar-13800-michael-saylor/,"1 Unstoppable Cryptocurrency That Could Soar by 13,800%, According to MicroStrategy's Michael Saylor",Anthony Di Pizio,https://g.foolcdn.com/image/?url=https%3A%2F%2Fg.foolcdn.com%2Feditorial%2Fimages%2F815758%2Fa-gold-coin-with-the-bitcoin-symbol-on-its-face.jpg&op=resize&w=700,www.fool.com,"Financial Markets,Technology,Blockchain,Economy - Macro",0.232324,Somewhat-Bullish,"[{""ticker"": ""MSTR"", ""relevance_score"": ""0.175539"", ""ticker_sentiment_score"": ""0.250991"", ""ticker_sentiment_label"": ""Somewhat-Bullish""}, {""ticker"": ""FOREX:EUR"", ""relevance_score"": ""0.088309"", ""ticker_sentiment_score"": ""0.008541"", ""ticker_sentiment_label"": ""Neutral""}, {""ticker"": ""CRYPTO:BTC"", ""relevance_score"": ""0.654165"", ""ticker_sentiment_score"": ""0.42312"", ""ticker_sentiment_label"": ""Bullish""}]"
2025-04-26,"WARWICK, United Kingdom, April 26, 2025 ( GLOBE NEWSWIRE ) -- In the past 24 hours, Ripple ( XRP ) has become one of the focus assets in the crypto market. After CME Group officially announced that it will launch XRP cash-settled futures contracts, the market has greatly increased confidence in ...",Benzinga,https://www.benzinga.com/pressreleases/25/04/g45026531/from-holding-to-adding-value-new-strategies-for-xrp-investors-and-ja-minings-cloud-solutions,0.138066,https://www.benzinga.com/pressreleases/25/04/g45026531/from-holding-to-adding-value-new-strategies-for-xrp-investors-and-ja-minings-cloud-solutions,From Holding to Adding Value: New Strategies for XRP Investors and JA Mining's Cloud Solutions,Globe Newswire,https://ml.globenewswire.com/Resource/Download/c846bf38-3d5f-4c76-9061-ba4a4f526a36/image1.png,www.benzinga.com,"Financial Markets,Earnings,Finance,Blockchain",0.278346,Somewhat-Bullish,"[{""ticker"": ""CME"", ""relevance_score"": ""0.069294"", ""ticker_sentiment_score"": ""0.154737"", ""ticker_sentiment_label"": ""Somewhat-Bullish""}, {""ticker"": ""CRYPTO:BTC"", ""relevance_score"": ""0.138066"", ""ticker_sentiment_score"": ""0.018672"", ""ticker_sentiment_label"": ""Neutral""}, {""ticker"": ""CRYPTO:USDT"", ""relevance_score"": ""0.138066"", ""ticker_sentiment_score"": ""0.018672"", ""ticker_sentiment_label"": ""Neutral""}, {""ticker"": ""CRYPTO:XRP"", ""relevance_score"": ""0.661191"", ""ticker_sentiment_score"": ""0.358233"", ""ticker_sentiment_label"": ""Bullish""}]"
2025-04-26,"Spot Bitcoin exchange-traded funds ( ETF ) in the United States saw over $3 billion in inflows this week, marking the first full week of consecutive inflows in five weeks.On April 25, the 11 spot Bitcoin ( BTC ) ETFs saw $380 million in inflows, bringing the total for the week to around $3.06 ...",Cointelegraph,https://cointelegraph.com/news/us-spot-bitcoin-etfs-consecutive-inflow-week-significant-inflows,0.900148,https://cointelegraph.com/news/us-spot-bitcoin-etfs-consecutive-inflow-week-significant-inflows,"Bitcoin ETFs on $3B 'bender,' notch first full inflow week in 5 weeks",Ciaran Lyons,https://s3.cointelegraph.com/uploads/2025-04/0196708c-dfb0-7742-bf35-2cef3043bb84,cointelegraph.com,Financial Markets,0.14861,Neutral,"[{""ticker"": ""CRYPTO:BTC"", ""relevance_score"": ""0.900148"", ""ticker_sentiment_score"": ""0.160871"", ""ticker_sentiment_label"": ""Somewhat-Bullish""}]"
2025-04-26,"World Liberty Financial ( WLFI ) , the crypto firm associated with the family of US President Donald Trump, made waves when it debuted late last year.WLFI caused a stir when it launched ahead of the president's inauguration.",Cointelegraph,https://cointelegraph.com/news/trump-wlfi-crypto-investments-arent-paying-off,0.074115,https://cointelegraph.com/news/trump-wlfi-crypto-investments-arent-paying-off,Trump's WLFI crypto investments aren't paying off,Aaron Wood,https://s3.cointelegraph.com/uploads/2025-04/01966d79-6088-7604-8466-3c9880d2440f,cointelegraph.com,"Financial Markets,Mergers & Acquisitions,Finance,Blockchain",0.155308,Somewhat-Bullish,"[{""ticker"": ""COIN"", ""relevance_score"": ""0.147592"", ""ticker_sentiment_score"": ""0.01637"", ""ticker_sentiment_label"": ""Neutral""}, {""ticker"": ""CRYPTO:BTC"", ""relevance_score"": ""0.074115"", ""ticker_sentiment_score"": ""0.14945"", ""ticker_sentiment_label"": ""Neutral""}, {""ticker"": ""CRYPTO:ETH"", ""relevance_score"": ""0.391089"", ""ticker_sentiment_score"": ""0.040285"", ""ticker_sentiment_label"": ""Neutral""}, {""ticker"": ""CRYPTO:AAVE"", ""relevance_score"": ""0.074115"", ""ticker_sentiment_score"": ""0.101871"", ""ticker_sentiment_label"": ""Neutral""}, {""ticker"": ""CRYPTO:USDT"", ""relevance_score"": ""0.037098"", ""ticker_sentiment_score"": ""0.0"", ""ticker_sentiment_label"": ""Neutral""}, {""ticker"": ""CRYPTO:AVAX"", ""relevance_score"": ""0.074115"", ""ticker_sentiment_score"": ""0.120079"", ""ticker_sentiment_label"": ""Neutral""}, {""ticker"": ""CRYPTO:WBTC"", ""relevance_score"": ""0.183895"", ""ticker_sentiment_score"": ""0.135071"", ""ticker_sentiment_label"": ""Neutral""}]"
2025-04-27,"Crypto analyst predicts a 100% surge for memecoin Pepe, drawing parallels to its 2024 boom. Pepe's current market behavior mirrors past trends, sparking bullish expectations among investors. Feel unsure about the market's next move?",Benzinga,https://www.benzinga.com/markets/cryptocurrency/25/04/45029372/forget-dogecoin-and-shiba-inu-crypto-analyst-sees-this-coin-surging-100,0.090474,https://www.benzinga.com/markets/cryptocurrency/25/04/45029372/forget-dogecoin-and-shiba-inu-crypto-analyst-sees-this-coin-surging-100,Forget Dogecoin And Shiba Inu - Crypto Analyst Sees This Coin Surging 100%,Bibhu Pattnaik,https://cdn.benzinga.com/files/images/story/2025/04/27/Images-Of-The-Pepe-Logo-On-A-Digital-Bac.jpeg?width=1200&height=800&fit=crop,www.benzinga.com,"Blockchain,Financial Markets",0.24991,Somewhat-Bullish,"[{""ticker"": ""CRYPTO:BTC"", ""relevance_score"": ""0.090474"", ""ticker_sentiment_score"": ""0.384102"", ""ticker_sentiment_label"": ""Bullish""}, {""ticker"": ""CRYPTO:SHIB"", ""relevance_score"": ""0.179788"", ""ticker_sentiment_score"": ""0.124305"", ""ticker_sentiment_label"": ""Neutral""}, {""ticker"": ""CRYPTO:DOGE"", ""relevance_score"": ""0.179788"", ""ticker_sentiment_score"": ""0.124305"", ""ticker_sentiment_label"": ""Neutral""}]"
2025-04-27,Economist Peter Schiff says that President Donald Trump's Bitcoin BTC/USD-centric policy contradicts his aim of correcting the U.S. trade imbalance with the world.,Benzinga,https://www.benzinga.com/markets/cryptocurrency/25/04/45029413/peter-schiff-questions-trumps-bitcoin-ambition-amid-trade-deficit-concerns-resources-are-j,0.885652,https://www.benzinga.com/markets/cryptocurrency/25/04/45029413/peter-schiff-questions-trumps-bitcoin-ambition-amid-trade-deficit-concerns-resources-are-j,Peter Schiff Questions Trump's Bitcoin Ambition Amid Trade Deficit Concerns: 'Resources Are Just Wasted' Peter Schiff Questions Trump's Bitcoin Ambition Amid Trade Deficit Concerns: 'Resources Are Just Wasted',Aniket Verma,https://cdn.benzinga.com/files/images/story/2025/04/27/Bitcoin-Trump.jpeg?width=1200&height=800&fit=crop,www.benzinga.com,"Blockchain,Financial Markets",0.113969,Neutral,"[{""ticker"": ""FOREX:USD"", ""relevance_score"": ""0.207571"", ""ticker_sentiment_score"": ""-0.096033"", ""ticker_sentiment_label"": ""Neutral""}, {""ticker"": ""CRYPTO:BTC"", ""relevance_score"": ""0.885652"", ""ticker_sentiment_score"": ""0.093058"", ""ticker_sentiment_label"": ""Neutral""}]"
2025-04-27,"Looking for the latest on crypto games, including new releases, token launches and airdrops, and more? Here's what you need to know.",Decrypt.co,https://decrypt.co/315962/this-week-crypto-games-ubisoft-might-magic-peaky-blinders,0.052685,https://decrypt.co/315962/this-week-crypto-games-ubisoft-might-magic-peaky-blinders,"This Week in Crypto Games: Ubisoft's 'Might & Magic', 'Peaky Blinders' in Development",Andrew Hayward,https://cdn.decrypt.co/resize/1024/height/512/wp-content/uploads/2025/04/ubisoft-mm-fates-gID_7.jpeg,decrypt.co,Blockchain,0.059786,Neutral,"[{""ticker"": ""NFLX"", ""relevance_score"": ""0.052685"", ""ticker_sentiment_score"": ""-0.037999"", ""ticker_sentiment_label"": ""Neutral""}, {""ticker"": ""CRYPTO:BTC"", ""relevance_score"": ""0.052685"", ""ticker_sentiment_score"": ""-0.029994"", ""ticker_sentiment_label"": ""Neutral""}, {""ticker"": ""CRYPTO:ETH"", ""relevance_score"": ""0.105141"", ""ticker_sentiment_score"": ""-0.01871"", ""ticker_sentiment_label"": ""Neutral""}, {""ticker"": ""CRYPTO:B3"", ""relevance_score"": ""0.052685"", ""ticker_sentiment_score"": ""-0.029994"", ""ticker_sentiment_label"": ""Neutral""}, {""ticker"": ""CRYPTO:BNB"", ""relevance_score"": ""0.052685"", ""ticker_sentiment_score"": ""-0.037999"", ""ticker_sentiment_label"": ""Neutral""}]"
2025-04-27,An influential cryptocurrency analyst flagged Bitcoin's BTC/USD next resistance level and a potential bearish signal amid the apex cryptocurrency's resurgence this week.,Benzinga,https://www.benzinga.com/markets/cryptocurrency/25/04/45029645/analyst-weighs-in-bitcoin-soared-nearly-11-last-week-but-wheres-the-next-resistance-coming,0.792937,https://www.benzinga.com/markets/cryptocurrency/25/04/45029645/analyst-weighs-in-bitcoin-soared-nearly-11-last-week-but-wheres-the-next-resistance-coming,"Analyst Weighs In: Bitcoin Soared Nearly 11% Last Week, But Where's the Next Resistance Coming? Analyst Weighs In: Bitcoin Soared Nearly 11% Last Week, But Where's the Next Resistance Coming?",Aniket Verma,https://cdn.benzinga.com/files/images/story/2025/04/27/Crypto-Prices-Rise-Up-Positive--Bitcoin-_0.jpeg?width=1200&height=800&fit=crop,www.benzinga.com,"Blockchain,Financial Markets",0.148569,Neutral,"[{""ticker"": ""SCBFF"", ""relevance_score"": ""0.111488"", ""ticker_sentiment_score"": ""0.247834"", ""ticker_sentiment_label"": ""Somewhat-Bullish""}, {""ticker"": ""CRYPTO:BTC"", ""relevance_score"": ""0.792937"", ""ticker_sentiment_score"": ""-0.29956"", ""ticker_sentiment_label"": ""Somewhat-Bearish""}]"
2025-04-27,"Key takeaways: Norges Bank lost $40 billion in Q1 2025 as US tech stocks fell, exposing the risk of concentrated positions.The bank's indirect Bitcoin exposure via stocks reached $356 million, raising sell pressure risk amid a global trade war and recession concerns.Abu Dhabi's $437 million spot ...",Cointelegraph,https://cointelegraph.com/news/norway-s-sovereign-wealth-fund-lost-40-b-in-q1-will-it-hedge-risk-by-increasing-bitcoin-exposure,0.779861,https://cointelegraph.com/news/norway-s-sovereign-wealth-fund-lost-40-b-in-q1-will-it-hedge-risk-by-increasing-bitcoin-exposure,Norway's sovereign wealth fund lost $40B in Q1- Will it hedge risk by increasing Bitcoin exposure?,Marcel Pechman,https://s3.cointelegraph.com/uploads/2025-04/01966dbd-0215-73e4-a3d7-a87eeb914e82,cointelegraph.com,"Economy - Monetary,Life Sciences,Financial Markets,Finance,Blockchain",-0.038939,Neutral,"[{""ticker"": ""COIN"", ""relevance_score"": ""0.06515"", ""ticker_sentiment_score"": ""0.068064"", ""ticker_sentiment_label"": ""Neutral""}, {""ticker"": ""RIOT"", ""relevance_score"": ""0.06515"", ""ticker_sentiment_score"": ""0.068064"", ""ticker_sentiment_label"": ""Neutral""}, {""ticker"": ""CRYPTO:BTC"", ""relevance_score"": ""0.779861"", ""ticker_sentiment_score"": ""-0.252887"", ""ticker_sentiment_label"": ""Somewhat-Bearish""}]"
2025-04-27,"World Network ( WLD ) outperformed some of the market's most valued cryptocurrencies after soaring more than 50% over the week. What happened: WLD, the native currency of the decentralized identity verification project, jumped 57.48% in the last seven days, becoming the sixth-largest market ...",Benzinga,https://www.benzinga.com/trading-ideas/movers/25/04/45029805/what-caused-sam-altman-founded-world-network-token-to-soar-57-in-a-week,0.220809,https://www.benzinga.com/trading-ideas/movers/25/04/45029805/what-caused-sam-altman-founded-world-network-token-to-soar-57-in-a-week,What Caused Sam Altman-Founded World Network Token To Soar 57% in a Week? What Caused Sam Altman-Founded World Network Token To Soar 57% in a Week?,Aniket Verma,https://cdn.benzinga.com/files/images/story/2025/04/27/Openai-Ceo-Sam-Altman-Attends-The-Artifi.jpeg?width=1200&height=800&fit=crop,www.benzinga.com,"Blockchain,Financial Markets",0.253338,Somewhat-Bullish,"[{""ticker"": ""CRYPTO:BTC"", ""relevance_score"": ""0.220809"", ""ticker_sentiment_score"": ""0.196634"", ""ticker_sentiment_label"": ""Somewhat-Bullish""}, {""ticker"": ""CRYPTO:ETH"", ""relevance_score"": ""0.42503"", ""ticker_sentiment_score"": ""0.136195"", ""ticker_sentiment_label"": ""Neutral""}, {""ticker"": ""CRYPTO:WDC"", ""relevance_score"": ""0.111488"", ""ticker_sentiment_score"": ""0.0"", ""ticker_sentiment_label"": ""Neutral""}]"
2025-04-27,"Michael Saylor's Strategy is ""synthetically halving Bitcoin"" ( BTC ) by purchasing half or more of the newly minted supply from miners every single month, according to Adam Livingston, a BTC analyst and author of ""The Bitcoin Age and The Great Harvest.""Livingston said miners currently produce ...",Cointelegraph,https://cointelegraph.com/news/strategy-synthetically-halving-bitcoin,0.997183,https://cointelegraph.com/news/strategy-synthetically-halving-bitcoin,'Strategy is synthetically halving Bitcoin' - Author and analyst,Vince Quill,https://s3.cointelegraph.com/uploads/2025-04/01967937-65d3-79ec-a297-8be0d06bb11f,cointelegraph.com,Blockchain,-0.018948,Neutral,"[{""ticker"": ""CRYPTO:BTC"", ""relevance_score"": ""0.997183"", ""ticker_sentiment_score"": ""-0.038895"", ""ticker_sentiment_label"": ""Neutral""}]"
2025-04-27,PEGA shares increased significantly after reporting better-than-expected first-quarter financial results. Bitdeer Technologies stock gained amid a rise in the price of Bitcoin. Feel unsure about the market's next move? Copy trade alerts from Matt Maley-a Wall Street veteran who consistently ...,Benzinga,https://www.benzinga.com/news/mid-cap/25/04/45029326/bitdeer-tech-and-tempus-ai-are-among-top-18-mid-cap-gainers-last-week-apr-21-apr-25-are-the-others-i,0.306963,https://www.benzinga.com/news/mid-cap/25/04/45029326/bitdeer-tech-and-tempus-ai-are-among-top-18-mid-cap-gainers-last-week-apr-21-apr-25-are-the-others-i,"Bitdeer Tech And Tempus AI Are Among Top 18 Mid-Cap Gainers Last Week  ( Apr 21-Apr 25 ) : Are The Others In Your Portfolio? - Tempus AI  ( NASDAQ:TEM ) , Bitdeer Technologies  ( NASDAQ:BTDR ) ",Lekha Gupta,https://cdn.benzinga.com/files/images/story/2025/04/27/TempusKonskie--Poland---July-26--2018-Te.jpeg?width=1200&height=800&fit=crop,www.benzinga.com,"Technology,Financial Markets",0.472027,Bullish,"[{""ticker"": ""BTDR"", ""relevance_score"": ""0.306963"", ""ticker_sentiment_score"": ""0.429492"", ""ticker_sentiment_label"": ""Bullish""}, {""ticker"": ""CRYPTO:BTC"", ""relevance_score"": ""0.306963"", ""ticker_sentiment_score"": ""0.429492"", ""ticker_sentiment_label"": ""Bullish""}]"
2025-04-27,The SEC charges Ramil Palafox with running a fraudulent investment scheme that collected nearly $198 million from investors. The SEC alleges that Palafox diverted over $57 million to finance an extravagant lifestyle. Don't face extreme market conditions unprepared.,Benzinga,https://www.benzinga.com/news/legal/25/04/45029644/financial-crime-weekly-man-charged-with-operating-198-million-crypto-ponzi-scheme,0.186738,https://www.benzinga.com/news/legal/25/04/45029644/financial-crime-weekly-man-charged-with-operating-198-million-crypto-ponzi-scheme,Financial Crime Weekly: Man Charged With Operating $198 Million Crypto Ponzi Scheme,Erica Kollmann,https://cdn.benzinga.com/files/images/story/2025/04/27/xrdDAE9HpS4rJc10773-j4769715029944364054_0.jpeg?width=1200&height=800&fit=crop,www.benzinga.com,"Blockchain,Financial Markets",-0.102542,Neutral,"[{""ticker"": ""CRYPTO:BTC"", ""relevance_score"": ""0.186738"", ""ticker_sentiment_score"": ""-0.056796"", ""ticker_sentiment_label"": ""Neutral""}]"
2025-04-27,"Dogecoin's price appears to be near a bottom, and history shows what could happen next.",Motley Fool,https://www.fool.com/investing/2025/04/27/history-suggests-that-dogecoin-could-be-set-up-for/,0.080458,https://www.fool.com/investing/2025/04/27/history-suggests-that-dogecoin-could-be-set-up-for/,History Suggests That Dogecoin Could Be Set Up for a Big Move. Is Now the Time to Buy?,Adam Spatacco,https://media.ycharts.com/charts/07d43f45146594d0cdfb5960091ed7c8.png,www.fool.com,"Economy - Fiscal,Blockchain,Manufacturing",0.125596,Neutral,"[{""ticker"": ""TSLA"", ""relevance_score"": ""0.080458"", ""ticker_sentiment_score"": ""0.172699"", ""ticker_sentiment_label"": ""Somewhat-Bullish""}, {""ticker"": ""CRYPTO:BTC"", ""relevance_score"": ""0.080458"", ""ticker_sentiment_score"": ""0.258695"", ""ticker_sentiment_label"": ""Somewhat-Bullish""}, {""ticker"": ""CRYPTO:DOGE"", ""relevance_score"": ""0.966096"", ""ticker_sentiment_score"": ""0.276374"", ""ticker_sentiment_label"": ""Somewhat-Bullish""}]"
2025-04-27,Key points:Bitcoin booked a 10% gain in the past week and technical indicators remain bullish going into a new week.Analysts expect Bitcoin to gain an additional 40% by the end of the yearSelect altcoins are showing a positive bias on improving crypto sentiment.Bitcoin ( BTC ) rose more than 10% ...,Cointelegraph,https://cointelegraph.com/news/bitcoin-price-chart-looks-set-for-100-k-sui-avax-trump-and-tao-expected-to-follow,0.487546,https://cointelegraph.com/news/bitcoin-price-chart-looks-set-for-100-k-sui-avax-trump-and-tao-expected-to-follow,"Bitcoin price chart looks set for $100K, SUI, AVAX, TRUMP and TAO expected to follow",Rakesh Upadhyay,https://s3.cointelegraph.com/uploads/2025-04/0196793f-fcab-7f98-819b-421767be531f,cointelegraph.com,"Blockchain,Financial Markets",0.02425,Neutral,"[{""ticker"": ""CRYPTO:BTC"", ""relevance_score"": ""0.487546"", ""ticker_sentiment_score"": ""0.260095"", ""ticker_sentiment_label"": ""Somewhat-Bullish""}]"
2025-04-27,"After hitting an all-time high of $109,000 in January, Bitcoin ( CRYPTO: BTC ) has exhibited a downward trend. Perhaps the uncertainty characterizing the economic backdrop has led investors to avoid what they view as riskier assets.",Motley Fool,https://www.fool.com/investing/2025/04/27/should-you-buy-bitcoin-while-its-under-95000/,0.692191,https://www.fool.com/investing/2025/04/27/should-you-buy-bitcoin-while-its-under-95000/,"Should You Buy Bitcoin While It's Under $95,000?",Neil Patel,https://g.foolcdn.com/editorial/images/815990/gold-coin-with-bitcoin-symbol-on-it-cryptocurrency-btc-1201x795-11e462d.jpg,www.fool.com,"Economy - Monetary,Financial Markets,Blockchain,Economy - Macro",0.195481,Somewhat-Bullish,"[{""ticker"": ""CRYPTO:BTC"", ""relevance_score"": ""0.692191"", ""ticker_sentiment_score"": ""0.249253"", ""ticker_sentiment_label"": ""Somewhat-Bullish""}]"
2025-04-27,"Whales and large institutions continue their aggressive Bitcoin accumulation, with Strategy hinting at another Bitcoin investment that may be announced on Monday.Strategy co-founder Michael Saylor hinted at another imminent Bitcoin ( BTC ) investment on April 27, a week after the firm acquired ...",Cointelegraph,https://cointelegraph.com/news/michael-saylor-hints-bitcoin-purchase-whales-stack-aggressively,0.972323,https://cointelegraph.com/news/michael-saylor-hints-bitcoin-purchase-whales-stack-aggressively,Michael Saylor hints at Bitcoin purchase as whales stack aggressively,Zoltan Vardai,https://s3.cointelegraph.com/uploads/2025-04/01967790-3ce0-7fd1-9adb-578243861c55,cointelegraph.com,"Blockchain,Financial Markets",0.169236,Somewhat-Bullish,"[{""ticker"": ""CRYPTO:BTC"", ""relevance_score"": ""0.972323"", ""ticker_sentiment_score"": ""0.308165"", ""ticker_sentiment_label"": ""Somewhat-Bullish""}]"
2025-04-27,Wall Street's skeptics see reason to doubt that Wall Street's history of quick resurrections will repeat.,South China Morning Post,https://www.scmp.com/business/banking-finance/article/3308073/not-going-away-90-days-wall-street-skeptics-sit-out-rebound-trade-data-shows-toll,0.039878,https://www.scmp.com/business/banking-finance/article/3308073/not-going-away-90-days-wall-street-skeptics-sit-out-rebound-trade-data-shows-toll,Wall Street's data-crunching skeptics sit out the turnaround trade,Bloomberg,"https://img.i-scmp.com/cdn-cgi/image/fit=contain,width=1024,format=auto/sites/default/files/d8/images/canvas/2025/04/27/9241a720-11c8-4532-afb4-9ab0082d41d1_a8f80ecf.jpg",www.scmp.com,"Economy - Monetary,Financial Markets,Earnings,Finance",-0.104781,Neutral,"[{""ticker"": ""APOS"", ""relevance_score"": ""0.039878"", ""ticker_sentiment_score"": ""-0.014965"", ""ticker_sentiment_label"": ""Neutral""}, {""ticker"": ""FOREX:USD"", ""relevance_score"": ""0.039878"", ""ticker_sentiment_score"": ""-0.052997"", ""ticker_sentiment_label"": ""Neutral""}, {""ticker"": ""CRYPTO:BTC"", ""relevance_score"": ""0.039878"", ""ticker_sentiment_score"": ""0.13608"", ""ticker_sentiment_label"": ""Neutral""}]"
2025-04-27,"Key takeaways: Based on power curve trends, Bitcoin may hit $200,000 in Q4 2025.Bitcoin follows gold's price trend with a 100-150 day lag.Bitcoin's ( BTC ) price has rallied 11% this week, its best weekly return in 2025 and its highest seven-day growth since early November 2024.",Cointelegraph,https://cointelegraph.com/news/bitcoin-power-law-model-forecasts-200-k-btc-price-in-2025,0.98461,https://cointelegraph.com/news/bitcoin-power-law-model-forecasts-200-k-btc-price-in-2025,Bitcoin 'power law' model forecasts $200K BTC price in 2025,Biraajmaan Tamuly,https://s3.cointelegraph.com/uploads/2025-04/01966db4-f1b0-72a8-b4bd-eff668b8ad35,cointelegraph.com,"Blockchain,Economy - Macro",0.225689,Somewhat-Bullish,"[{""ticker"": ""FOREX:USD"", ""relevance_score"": ""0.09186"", ""ticker_sentiment_score"": ""-0.00649"", ""ticker_sentiment_label"": ""Neutral""}, {""ticker"": ""CRYPTO:BTC"", ""relevance_score"": ""0.98461"", ""ticker_sentiment_score"": ""0.394781"", ""ticker_sentiment_label"": ""Bullish""}]"
2025-04-27,"Comedian and actor TJ Miller says it only takes a little over two full days to get the average person up to speed on Bitcoin. However, when asked why more celebrities aren't Bitcoiners, he says most people simply refuse to ever sit down and study again.""It is really hard to get people to study ...",Cointelegraph,https://cointelegraph.com/news/bitcoiner-tj-miller-why-more-hollywood-celebrities-not-bitcoiners,0.88837,https://cointelegraph.com/news/bitcoiner-tj-miller-why-more-hollywood-celebrities-not-bitcoiners,Bitcoiner TJ Miller says '50-hour' rule is why celebs stay off orange pill,Ciaran Lyons,https://s3.cointelegraph.com/uploads/2025-04/01967630-8701-7401-8076-16908c242e1d,cointelegraph.com,,0.166817,Somewhat-Bullish,"[{""ticker"": ""NFLX"", ""relevance_score"": ""0.090474"", ""ticker_sentiment_score"": ""-0.026884"", ""ticker_sentiment_label"": ""Neutral""}, {""ticker"": ""CRYPTO:BTC"", ""relevance_score"": ""0.88837"", ""ticker_sentiment_score"": ""0.297208"", ""ticker_sentiment_label"": ""Somewhat-Bullish""}]"
2025-04-27,"Dogecoin ( CRYPTO: DOGE ) is one of the most popular meme coins in the crypto world, often getting a boost from Tesla Chief Executive Officer Elon Musk, who pumps up the digital currency either directly or indirectly, normally via social media.",Motley Fool,https://www.fool.com/investing/2025/04/27/since-doge-was-created-this-is-how-much-dogecoin-h/,0.128822,https://www.fool.com/investing/2025/04/27/since-doge-was-created-this-is-how-much-dogecoin-h/,"Since DOGE Was Created, This Is How Much Dogecoin Has Crashed",David Jagielski,https://g.foolcdn.com/editorial/images/815343/a-person-looking-at-a-chart-on-their-laptop.jpg,www.fool.com,"Blockchain,Financial Markets,Manufacturing",-0.004921,Neutral,"[{""ticker"": ""TSLA"", ""relevance_score"": ""0.128822"", ""ticker_sentiment_score"": ""0.028316"", ""ticker_sentiment_label"": ""Neutral""}, {""ticker"": ""CRYPTO:BTC"", ""relevance_score"": ""0.128822"", ""ticker_sentiment_score"": ""-0.011461"", ""ticker_sentiment_label"": ""Neutral""}, {""ticker"": ""CRYPTO:DOGE"", ""relevance_score"": ""0.876571"", ""ticker_sentiment_score"": ""-0.10981"", ""ticker_sentiment_label"": ""Neutral""}]"
2025-04-27,"Key takeaways: Data suggests that Bitcoin currently trades at a 40% discount. Over 36,000 Bitcoin were withdrawn from Coinbase and Binance on April 25. Bitcoin's fractal pattern from Q4 2024 could propel prices above $100,000 in April.",Cointelegraph,https://cointelegraph.com/news/bitcoin-trades-at-40-discount-as-spot-btc-etf-buying-soars-to-3-b-in-one-week,0.977473,https://cointelegraph.com/news/bitcoin-trades-at-40-discount-as-spot-btc-etf-buying-soars-to-3-b-in-one-week,Bitcoin trades at '40% discount' as spot BTC ETF buying soars to $3B in one week,Biraajmaan Tamuly,https://s3.cointelegraph.com/uploads/2025-04/019670fd-9a49-75f7-b187-36c5466eebf7,cointelegraph.com,"Finance,Financial Markets",0.066592,Neutral,"[{""ticker"": ""COIN"", ""relevance_score"": ""0.267804"", ""ticker_sentiment_score"": ""-0.081331"", ""ticker_sentiment_label"": ""Neutral""}, {""ticker"": ""CRYPTO:BTC"", ""relevance_score"": ""0.977473"", ""ticker_sentiment_score"": ""0.120138"", ""ticker_sentiment_label"": ""Neutral""}]"
2025-04-27,"With Bitcoin ( CRYPTO: BTC ) looking as if it's regaining momentum, there's reason to believe there's a new tailwind helping it along, as well as potential catalysts on the horizon.Let's take a look at both of those factors because they're both related to China and its Bitcoin policies.Despite ...",Motley Fool,https://www.fool.com/investing/2025/04/27/with-1-new-tailwind-already-blustering-1-huge-new/,0.631445,https://www.fool.com/investing/2025/04/27/with-1-new-tailwind-already-blustering-1-huge-new/,"With 1 New Tailwind Already Blowing, 1 Huge New Catalyst Could Be Coming for Bitcoin Soon",Alex Carchidi,https://g.foolcdn.com/editorial/images/815782/group-of-investors-stand-in-an-office.jpg,www.fool.com,Blockchain,0.205929,Somewhat-Bullish,"[{""ticker"": ""CRYPTO:BTC"", ""relevance_score"": ""0.631445"", ""ticker_sentiment_score"": ""0.246584"", ""ticker_sentiment_label"": ""Somewhat-Bullish""}]"
2025-04-27,"The past week was a roller coaster ride for the cryptocurrency market. Major cryptocurrencies like Bitcoin BTC/USD, Ethereum ETH/USD, XRP XRP/USD, and Dogecoin DOGE/USD experienced significant surges, hinting at a potential bullish momentum.",Benzinga,https://www.benzinga.com/25/04/45028954/cryptocurrencies-surge-bitcoin-mining-costs-soar-sec-chair-calls-for-clear-crypto-regulations-this-week-in-crypto,0.674691,https://www.benzinga.com/25/04/45028954/cryptocurrencies-surge-bitcoin-mining-costs-soar-sec-chair-calls-for-clear-crypto-regulations-this-week-in-crypto,"Cryptocurrencies Surge, Bitcoin Mining Costs Soar, SEC Chair Calls For Clear Crypto Regulations: This Week In Crypto - Grayscale Bitcoin Mini Trust  ( BTC )  Common units of fractional undivided beneficial interest  ( ARCA:BTC ) ",Rounak Jain,https://cdn.benzinga.com/files/images/story/2025/04/27/Crypto-Prices-Rise-Up-Positive--Bitcoin-.jpeg?width=1200&height=800&fit=crop,www.benzinga.com,"Blockchain,Financial Markets",0.321607,Somewhat-Bullish,"[{""ticker"": ""CRYPTO:BTC"", ""relevance_score"": ""0.674691"", ""ticker_sentiment_score"": ""0.357793"", ""ticker_sentiment_label"": ""Bullish""}, {""ticker"": ""CRYPTO:ETH"", ""relevance_score"": ""0.194242"", ""ticker_sentiment_score"": ""0.243859"", ""ticker_sentiment_label"": ""Somewhat-Bullish""}, {""ticker"": ""CRYPTO:DOGE"", ""relevance_score"": ""0.194242"", ""ticker_sentiment_score"": ""0.243859"", ""ticker_sentiment_label"": ""Somewhat-Bullish""}]"
2025-04-27,"Creditors of defunct crypto lender Celsius argued ahead of his upcoming sentencing that founder Alex Mashinsky ""devastated lives."" ...",Decrypt.co,https://decrypt.co/316461/celsius-victims-demand-life-sentence-mashinsky,0.077593,https://decrypt.co/316461/celsius-victims-demand-life-sentence-mashinsky,"Celsius Crypto Victims Demand Life Sentence for Alex Mashinsky, Saying He 'Devastated Lives'",Stacy Elliott,https://cdn.decrypt.co/resize/1024/height/512/wp-content/uploads/2022/08/alex-mashinsky-celsius-gID_7.jpeg,decrypt.co,,-0.194128,Somewhat-Bearish,"[{""ticker"": ""CRYPTO:BTC"", ""relevance_score"": ""0.077593"", ""ticker_sentiment_score"": ""-0.134881"", ""ticker_sentiment_label"": ""Neutral""}]"
2025-04-27,"El Salvador, the world's first country to adopt Bitcoin as legal tender, is still acquiring Bitcoin despite comments from the International Monetary Fund ( IMF ) appearing to claim the opposite.The treasury of El Salvador acquired 7 Bitcoin ( BTC ) worth over $650,000 in the seven days leading ...",Cointelegraph,https://cointelegraph.com/news/el-salvador-continues-bitcoin-purchases-despite-imf-agreement,0.901057,https://cointelegraph.com/news/el-salvador-continues-bitcoin-purchases-despite-imf-agreement,"El Salvador adds Bitcoin, but is complying with IMF deal - Director",Zoltan Vardai,https://s3.cointelegraph.com/uploads/2025-04/0196775d-779b-7ed7-befb-9b9d3750abdb,cointelegraph.com,"Economy - Monetary,Blockchain,Financial Markets",0.238083,Somewhat-Bullish,"[{""ticker"": ""CRYPTO:BTC"", ""relevance_score"": ""0.901057"", ""ticker_sentiment_score"": ""0.327085"", ""ticker_sentiment_label"": ""Somewhat-Bullish""}]"
2025-04-27,"Investment firms with Bitcoin-focused treasuries are front-running global Bitcoin adoption, which may see the world's first cryptocurrency soar to a $200 trillion market capitalization in the coming decade.Institutions and governments worldwide are starting to recognize the unique monetary ...",Cointelegraph,https://cointelegraph.com/news/bitcoin-treasury-firms-front-running-200-t-hyperbitcoinization-adam-back,0.95106,https://cointelegraph.com/news/bitcoin-treasury-firms-front-running-200-t-hyperbitcoinization-adam-back,Bitcoin treasury firms driving $200T hyperbitcoinization - Adam Back,Zoltan Vardai,https://s3.cointelegraph.com/uploads/2025-04/01967694-b58f-79e8-83c6-30105c974900,cointelegraph.com,"Economy - Monetary,Financial Markets,Technology,Blockchain",0.247589,Somewhat-Bullish,"[{""ticker"": ""MSTR"", ""relevance_score"": ""0.183198"", ""ticker_sentiment_score"": ""0.04909"", ""ticker_sentiment_label"": ""Neutral""}, {""ticker"": ""CRYPTO:BTC"", ""relevance_score"": ""0.95106"", ""ticker_sentiment_score"": ""0.39658"", ""ticker_sentiment_label"": ""Bullish""}]"
2025-04-28,"EASTON, Md., April 28, 2025 ( GLOBE NEWSWIRE ) -- TeraWulf Inc.",Benzinga,https://www.benzinga.com/pressreleases/25/04/g45046293/terawulf-schedules-conference-call-for-first-quarter-2025-financial-results,0.172713,https://www.benzinga.com/pressreleases/25/04/g45046293/terawulf-schedules-conference-call-for-first-quarter-2025-financial-results,TeraWulf Schedules Conference Call for First Quarter 2025 Financial Results - TeraWulf  ( NASDAQ:WULF ) ,Globe Newswire,https://www.benzinga.com/next-assets/images/schema-image-default.png,www.benzinga.com,"Life Sciences,Financial Markets,Earnings,Blockchain",0.052631,Neutral,"[{""ticker"": ""WULF"", ""relevance_score"": ""0.376509"", ""ticker_sentiment_score"": ""0.026596"", ""ticker_sentiment_label"": ""Neutral""}, {""ticker"": ""NRGT"", ""relevance_score"": ""0.043499"", ""ticker_sentiment_score"": ""0.061509"", ""ticker_sentiment_label"": ""Neutral""}, {""ticker"": ""CRBO"", ""relevance_score"": ""0.08687"", ""ticker_sentiment_score"": ""0.117446"", ""ticker_sentiment_label"": ""Neutral""}, {""ticker"": ""CRYPTO:BTC"", ""relevance_score"": ""0.172713"", ""ticker_sentiment_score"": ""0.007308"", ""ticker_sentiment_label"": ""Neutral""}]"
2025-04-28,What's behind Monero's big price jump today? Spoiler alert: It's not great news for its owners and investors.,Motley Fool,https://www.fool.com/investing/2025/04/28/why-the-monero-cryptocurrency-is-up-14-today/,0.490323,https://www.fool.com/investing/2025/04/28/why-the-monero-cryptocurrency-is-up-14-today/,Why the Monero Cryptocurrency Is Up 14% Today,Anders Bylund,https://g.foolcdn.com/editorial/images/816351/crypto-keyboard-1310284828.jpg,www.fool.com,"Blockchain,Financial Markets",-0.021899,Neutral,"[{""ticker"": ""CRYPTO:BTC"", ""relevance_score"": ""0.490323"", ""ticker_sentiment_score"": ""-0.16888"", ""ticker_sentiment_label"": ""Somewhat-Bearish""}, {""ticker"": ""CRYPTO:XMR"", ""relevance_score"": ""0.812724"", ""ticker_sentiment_score"": ""-0.085922"", ""ticker_sentiment_label"": ""Neutral""}]"
2025-04-28,"Key Takeaways:Bitcoin price dropped alongside falling Treasury yields, signaling investors' flight to safer assets.Strategy's $4.28B Bitcoin purchases and stock market strength have supported BTC above $90,000.A true breakout toward $100,000 will require Bitcoin to decouple from equities and ...",Cointelegraph,https://cointelegraph.com/news/bitcoin-price-cools-off-amid-worrying-macroeconomic-data-will-95-k-hold-this-week,0.640683,https://cointelegraph.com/news/bitcoin-price-cools-off-amid-worrying-macroeconomic-data-will-95-k-hold-this-week,Bitcoin price cools off amid worrying macroeconomic data - Will $95K hold this week?,Marcel Pechman,https://s3.cointelegraph.com/uploads/2025-04/01967d6b-8e24-703a-b833-430f4af8b644,cointelegraph.com,"Economy - Monetary,Financial Markets,Earnings,Blockchain",0.136545,Neutral,"[{""ticker"": ""CRYPTO:BTC"", ""relevance_score"": ""0.640683"", ""ticker_sentiment_score"": ""0.417055"", ""ticker_sentiment_label"": ""Bullish""}]"
2025-04-28,"Nuvve launches a subsidiary focused on crypto and blockchain assets. Portfolio will allocate 50% to Bitcoin, rest to top cryptocurrencies. Today's manic market swings are creating the perfect setup for Matt's next volatility trade. Get his next trade alert for free, right here. Nuvve Holding ...",Benzinga,https://www.benzinga.com/news/25/04/45046313/nuvve-expands-beyond-evs-with-bold-bitcoin-crypto-investment-arm,0.524949,https://www.benzinga.com/news/25/04/45046313/nuvve-expands-beyond-evs-with-bold-bitcoin-crypto-investment-arm,"Nuvve Expands Beyond EVs With Bold Bitcoin, Crypto Investment Arm - Nuvve Holding  ( NASDAQ:NVVE ) ",Shivani Kumaresan,https://cdn.benzinga.com/files/images/story/2025/04/28/Electric-Vehicle-EV.jpeg?width=1200&height=800&fit=crop,www.benzinga.com,"Blockchain,Financial Markets,Manufacturing",0.262399,Somewhat-Bullish,"[{""ticker"": ""RENI"", ""relevance_score"": ""0.094762"", ""ticker_sentiment_score"": ""0.162906"", ""ticker_sentiment_label"": ""Somewhat-Bullish""}, {""ticker"": ""NVVE"", ""relevance_score"": ""0.524949"", ""ticker_sentiment_score"": ""0.388728"", ""ticker_sentiment_label"": ""Bullish""}, {""ticker"": ""TRMND"", ""relevance_score"": ""0.094762"", ""ticker_sentiment_score"": ""0.165022"", ""ticker_sentiment_label"": ""Somewhat-Bullish""}, {""ticker"": ""CRYPTO:BTC"", ""relevance_score"": ""0.524949"", ""ticker_sentiment_score"": ""0.152483"", ""ticker_sentiment_label"": ""Somewhat-Bullish""}, {""ticker"": ""CRYPTO:ETH"", ""relevance_score"": ""0.094762"", ""ticker_sentiment_score"": ""0.0"", ""ticker_sentiment_label"": ""Neutral""}, {""ticker"": ""CRYPTO:AAVE"", ""relevance_score"": ""0.094762"", ""ticker_sentiment_score"": ""0.0"", ""ticker_sentiment_label"": ""Neutral""}, {""ticker"": ""CRYPTO:LINK"", ""relevance_score"": ""0.094762"", ""ticker_sentiment_score"": ""0.0"", ""ticker_sentiment_label"": ""Neutral""}]"
2025-04-28,"Earnings Call Set for Friday, May 9 at 8:00 a.m. ET Earnings Call Set for Friday, May 9 at 8:00 a.m. ET ...",GlobeNewswire,https://www.globenewswire.com/news-release/2025/04/28/3069527/0/en/TeraWulf-Schedules-Conference-Call-for-First-Quarter-2025-Financial-Results.html,0.185662,https://www.globenewswire.com/news-release/2025/04/28/3069527/0/en/TeraWulf-Schedules-Conference-Call-for-First-Quarter-2025-Financial-Results.html,TeraWulf Schedules Conference Call for First Quarter 2025 Financial Results,Terawulf Inc.,https://ml.globenewswire.com/Resource/Download/6c3313b8-becc-419c-918e-1f19edf5b4fa,www.globenewswire.com,"Life Sciences,Financial Markets,Earnings,Blockchain",0.033595,Neutral,"[{""ticker"": ""WULF"", ""relevance_score"": ""0.402761"", ""ticker_sentiment_score"": ""0.027953"", ""ticker_sentiment_label"": ""Neutral""}, {""ticker"": ""NRGT"", ""relevance_score"": ""0.046816"", ""ticker_sentiment_score"": ""0.066981"", ""ticker_sentiment_label"": ""Neutral""}, {""ticker"": ""CRBO"", ""relevance_score"": ""0.09347"", ""ticker_sentiment_score"": ""0.123412"", ""ticker_sentiment_label"": ""Neutral""}, {""ticker"": ""CRYPTO:BTC"", ""relevance_score"": ""0.185662"", ""ticker_sentiment_score"": ""0.009263"", ""ticker_sentiment_label"": ""Neutral""}]"
2025-04-28,"SINGAPORE, April 28, 2025 ( GLOBE NEWSWIRE ) -- As Bitcoin has surged to new highs, reaching $95,000, BexBack, a fast-growing cryptocurrency derivatives platform, is positioning itself to help traders capitalize on market opportunities.",Benzinga,https://www.benzinga.com/pressreleases/25/04/g45040947/bexback-introduces-100x-leverage-no-kyc-and-exclusive-bonuses-amid-crypto-market-volatility,0.324139,https://www.benzinga.com/pressreleases/25/04/g45040947/bexback-introduces-100x-leverage-no-kyc-and-exclusive-bonuses-amid-crypto-market-volatility,"BexBack Introduces 100x Leverage, No KYC, and Exclusive Bonuses Amid Crypto Market Volatility",Globe Newswire,https://ml.globenewswire.com/Resource/Download/b4b71c86-c6be-4be1-9564-7a837253637d/bexback.jpeg,www.benzinga.com,"Blockchain,Financial Markets",0.242726,Somewhat-Bullish,"[{""ticker"": ""CRYPTO:BTC"", ""relevance_score"": ""0.324139"", ""ticker_sentiment_score"": ""0.378201"", ""ticker_sentiment_label"": ""Bullish""}, {""ticker"": ""CRYPTO:ETH"", ""relevance_score"": ""0.083251"", ""ticker_sentiment_score"": ""0.162612"", ""ticker_sentiment_label"": ""Somewhat-Bullish""}, {""ticker"": ""CRYPTO:ADA"", ""relevance_score"": ""0.083251"", ""ticker_sentiment_score"": ""0.162612"", ""ticker_sentiment_label"": ""Somewhat-Bullish""}]"
2025-04-28,"What to know:Altcoins have lagged Bitcoin year-to-date, but BNB price shows relative resilience, trading only 10% lower than the previous cycle's all-time high.BNB Chain shows a robust activity, consistently ranking third in daily transactions, active addresses, and TVL, while leading in the ...",Cointelegraph,https://cointelegraph.com/news/bnb-chain-price-among-most-resilient-altcoins-of-the-bull-market-here-s-why,0.19871,https://cointelegraph.com/news/bnb-chain-price-among-most-resilient-altcoins-of-the-bull-market-here-s-why,BNB Chain price among 'most resilient' altcoins of the bull market - Here's why,Marie Poteriaieva,https://s3.cointelegraph.com/uploads/2025-04/01967c2a-4b18-7148-94b4-825f90249569,cointelegraph.com,"Economy - Monetary,Financial Markets,Earnings,Blockchain",0.25489,Somewhat-Bullish,"[{""ticker"": ""CRYPTO:BTC"", ""relevance_score"": ""0.19871"", ""ticker_sentiment_score"": ""0.197389"", ""ticker_sentiment_label"": ""Somewhat-Bullish""}, {""ticker"": ""CRYPTO:ETH"", ""relevance_score"": ""0.42021"", ""ticker_sentiment_score"": ""0.200442"", ""ticker_sentiment_label"": ""Somewhat-Bullish""}, {""ticker"": ""CRYPTO:USDT"", ""relevance_score"": ""0.040145"", ""ticker_sentiment_score"": ""0.188037"", ""ticker_sentiment_label"": ""Somewhat-Bullish""}, {""ticker"": ""CRYPTO:TRX"", ""relevance_score"": ""0.159569"", ""ticker_sentiment_score"": ""0.064377"", ""ticker_sentiment_label"": ""Neutral""}, {""ticker"": ""CRYPTO:BNB"", ""relevance_score"": ""0.791749"", ""ticker_sentiment_score"": ""0.464177"", ""ticker_sentiment_label"": ""Bullish""}, {""ticker"": ""CRYPTO:XRP"", ""relevance_score"": ""0.31282"", ""ticker_sentiment_score"": ""0.162252"", ""ticker_sentiment_label"": ""Somewhat-Bullish""}]"
2025-04-28,"Shares of Cantor Equity Partners have soared 202% over the past week. The stock has been fueled by news of a merger with newly formed Bitcoin-focused firm Twenty One. Today's manic market swings are creating the perfect setup for Matt's next volatility trade. Get his next trade alert for free, ...",Benzinga,https://www.benzinga.com/news/25/04/45043857/why-cantor-equity-partners-cep-stock-is-up-200-over-the-past-week,0.646507,https://www.benzinga.com/news/25/04/45043857/why-cantor-equity-partners-cep-stock-is-up-200-over-the-past-week,Why Cantor Equity Partners  ( CEP )  Stock Is Up 200% Over The Past Week - Cantor Equity Partners  ( NASDAQ:CEP ) ,Henry Khederian,https://cdn.benzinga.com/files/images/story/2025/04/28/cryptocurrency-3435863.jpeg?width=1200&height=800&fit=crop,www.benzinga.com,Financial Markets,0.284529,Somewhat-Bullish,"[{""ticker"": ""CEP"", ""relevance_score"": ""0.463792"", ""ticker_sentiment_score"": ""0.286505"", ""ticker_sentiment_label"": ""Somewhat-Bullish""}, {""ticker"": ""SFTBF"", ""relevance_score"": ""0.082111"", ""ticker_sentiment_score"": ""0.088734"", ""ticker_sentiment_label"": ""Neutral""}, {""ticker"": ""CRYPTO:BTC"", ""relevance_score"": ""0.646507"", ""ticker_sentiment_score"": ""0.384207"", ""ticker_sentiment_label"": ""Bullish""}]"
2025-04-28,Strategy has sold around $20.9 billion worth of common shares since it established an at-the-money equity offering program in October.,Decrypt.co,https://decrypt.co/316664/strategy-buys-1-4b-bitcoin-nears-limit-equity-offering-program,0.749166,https://decrypt.co/316664/strategy-buys-1-4b-bitcoin-nears-limit-equity-offering-program,"Strategy Adds $1.4B in Bitcoin, Nears Limit of Equity Offering Program",André Beganski,https://cdn.decrypt.co/resize/1024/height/512/wp-content/uploads/2025/01/saylor-gID_7.png,decrypt.co,"Technology,Blockchain,Financial Markets",0.208426,Somewhat-Bullish,"[{""ticker"": ""MSTR"", ""relevance_score"": ""0.114137"", ""ticker_sentiment_score"": ""0.124401"", ""ticker_sentiment_label"": ""Neutral""}, {""ticker"": ""SFTBF"", ""relevance_score"": ""0.114137"", ""ticker_sentiment_score"": ""0.0"", ""ticker_sentiment_label"": ""Neutral""}, {""ticker"": ""CRYPTO:BTC"", ""relevance_score"": ""0.749166"", ""ticker_sentiment_score"": ""0.261133"", ""ticker_sentiment_label"": ""Somewhat-Bullish""}]"
2025-04-28,"Institutional investors appeared to take a back seat to individuals, CoinShares' Head of Research said.",Decrypt.co,https://decrypt.co/316735/bitcoin-ethereum-etfs-add-3-4-billion-comeback-week,0.393462,https://decrypt.co/316735/bitcoin-ethereum-etfs-add-3-4-billion-comeback-week,"Bitcoin, Ethereum ETFs Add $3.4 Billion in Major Comeback Week",André Beganski,https://cdn.decrypt.co/resize/1024/height/512/wp-content/uploads/2024/09/bitcoin-market-gID_7.jpg,decrypt.co,"Blockchain,Financial Markets",0.238652,Somewhat-Bullish,"[{""ticker"": ""CRYPTO:BTC"", ""relevance_score"": ""0.393462"", ""ticker_sentiment_score"": ""0.250907"", ""ticker_sentiment_label"": ""Somewhat-Bullish""}, {""ticker"": ""CRYPTO:ETH"", ""relevance_score"": ""0.203215"", ""ticker_sentiment_score"": ""0.251033"", ""ticker_sentiment_label"": ""Somewhat-Bullish""}]"
2025-04-28,"MicroStrategy remains the largest corporate Bitcoin holder globally, reinforcing its long-term strategy of BTC accumulation. MicroStrategy's aggressive Bitcoin acquisition strategy showcases rising corporate interest in Bitcoin as a non-sovereign store of value. Don't face extreme market ...",Benzinga,https://www.benzinga.com/markets/cryptocurrency/25/04/45039399/strategy-buys-15355-bitcoin-for-142-billion-year-to-date-btc-yield-hits-137,0.941343,https://www.benzinga.com/markets/cryptocurrency/25/04/45039399/strategy-buys-15355-bitcoin-for-142-billion-year-to-date-btc-yield-hits-137,"Strategy Buys 15,355 Bitcoin For $1.42 Billion, Year-To-Date BTC Yield Hits 13.7% - Strategy  ( NASDAQ:MSTR ) ",Murtuza J Merchant,https://cdn.benzinga.com/files/images/story/2025/04/28/Mclean--Va---April-20--2019-Microstrateg.jpeg?width=1200&height=800&fit=crop,www.benzinga.com,"Technology,Financial Markets",0.121244,Neutral,"[{""ticker"": ""MSTR"", ""relevance_score"": ""0.294682"", ""ticker_sentiment_score"": ""0.113341"", ""ticker_sentiment_label"": ""Neutral""}, {""ticker"": ""CRYPTO:BTC"", ""relevance_score"": ""0.941343"", ""ticker_sentiment_score"": ""0.259253"", ""ticker_sentiment_label"": ""Somewhat-Bullish""}]"
2025-04-28,"That's been our basic thesis since early this month. Big market participants ( such as Bill Ackman ) thought Trump's tariffs were a negotiating tack or a bluff. Ergo, the extent of them wasn't priced in, and when it was, we would go lower. Whether it makes sense to balance trade is a separate ...",Benzinga,https://www.benzinga.com/markets/cryptocurrency/25/04/45045606/navigating-a-roller-coaster-market,0.42503,https://www.benzinga.com/markets/cryptocurrency/25/04/45045606/navigating-a-roller-coaster-market,"Navigating A Roller Coaster Market - Apple  ( NASDAQ:AAPL ) , Celestica  ( NYSE:CLS ) ",David Pinsen,https://contributor-assets.benzinga.com/wp-content/uploads/2025/04/26071043/Roller-Coaster-1024x582.jpg,www.benzinga.com,"Life Sciences,Financial Markets,Manufacturing,Technology,Finance",0.108084,Neutral,"[{""ticker"": ""NVDA"", ""relevance_score"": ""0.220809"", ""ticker_sentiment_score"": ""-0.043065"", ""ticker_sentiment_label"": ""Neutral""}, {""ticker"": ""AAPL"", ""relevance_score"": ""0.055881"", ""ticker_sentiment_score"": ""-0.079214"", ""ticker_sentiment_label"": ""Neutral""}, {""ticker"": ""CLS"", ""relevance_score"": ""0.111488"", ""ticker_sentiment_score"": ""0.124155"", ""ticker_sentiment_label"": ""Neutral""}, {""ticker"": ""IVZ"", ""relevance_score"": ""0.055881"", ""ticker_sentiment_score"": ""0.052004"", ""ticker_sentiment_label"": ""Neutral""}, {""ticker"": ""SMLR"", ""relevance_score"": ""0.111488"", ""ticker_sentiment_score"": ""-0.192177"", ""ticker_sentiment_label"": ""Somewhat-Bearish""}, {""ticker"": ""CRYPTO:BTC"", ""relevance_score"": ""0.42503"", ""ticker_sentiment_score"": ""0.297483"", ""ticker_sentiment_label"": ""Somewhat-Bullish""}, {""ticker"": ""CRYPTO:ETH"", ""relevance_score"": ""0.166551"", ""ticker_sentiment_score"": ""0.198119"", ""ticker_sentiment_label"": ""Somewhat-Bullish""}]"
2025-04-28,"Key takeaways: US Treasury funds saw $19 billion inflows, the highest since March 2023, as the 30-year yield fell 30 basis points.Foreign central banks cut US Treasury holdings to 23%, a 22-year low, as gold reserves hit 18%.Bitcoin soared in 2020 from $9,000 to $60,000 amid similar trends, ...",Cointelegraph,https://cointelegraph.com/news/global-central-bank-gold-rush-could-spark-bitcoin-price-run-to-new-all-time-highs,0.64741,https://cointelegraph.com/news/global-central-bank-gold-rush-could-spark-bitcoin-price-run-to-new-all-time-highs,Global central bank gold rush could spark Bitcoin price run to new all-time highs,Biraajmaan Tamuly,https://s3.cointelegraph.com/uploads/2025-04/01967cd7-509f-75a7-ad45-7a865d0a2340,cointelegraph.com,"Economy - Monetary,Technology,Financial Markets",0.119033,Neutral,"[{""ticker"": ""GOOG"", ""relevance_score"": ""0.134214"", ""ticker_sentiment_score"": ""-0.098929"", ""ticker_sentiment_label"": ""Neutral""}, {""ticker"": ""SEMR"", ""relevance_score"": ""0.067347"", ""ticker_sentiment_score"": ""0.07707"", ""ticker_sentiment_label"": ""Neutral""}, {""ticker"": ""FOREX:USD"", ""relevance_score"": ""0.067347"", ""ticker_sentiment_score"": ""0.155203"", ""ticker_sentiment_label"": ""Somewhat-Bullish""}, {""ticker"": ""CRYPTO:BTC"", ""relevance_score"": ""0.64741"", ""ticker_sentiment_score"": ""0.155785"", ""ticker_sentiment_label"": ""Somewhat-Bullish""}]"
2025-04-28,"Key Takeaways:Bitcoin's year-over-year return and realized price metric signal strong long-term support from holders and suggest that BTC is currently undervalued. Standard Chartered estimates a Bitcoin price target in the $110,000-$120,000 zone by Q2 2025.Positive funding rates point to a ...",Cointelegraph,https://cointelegraph.com/news/bitcoin-price-pullback-to-91-k-possible-but-onchain-data-highlights-healthy-market-fundamentals,0.694564,https://cointelegraph.com/news/bitcoin-price-pullback-to-91-k-possible-but-onchain-data-highlights-healthy-market-fundamentals,"Bitcoin price pullback to $91K possible, but onchain data highlights 'healthy' market fundamentals",Biraajmaan Tamuly,https://s3.cointelegraph.com/uploads/2025-04/01967d55-a3f4-7a7d-a075-426a63dcf27b,cointelegraph.com,Financial Markets,0.118498,Neutral,"[{""ticker"": ""SCBFF"", ""relevance_score"": ""0.07423"", ""ticker_sentiment_score"": ""0.147444"", ""ticker_sentiment_label"": ""Neutral""}, {""ticker"": ""CRYPTO:BTC"", ""relevance_score"": ""0.694564"", ""ticker_sentiment_score"": ""0.357408"", ""ticker_sentiment_label"": ""Bullish""}]"
2025-04-28,"Houston, TX, April 28, 2025 ( GLOBE NEWSWIRE ) -- It's highly important for an online casino to payout quickly and reliably these days.",Benzinga,https://www.benzinga.com/pressreleases/25/04/g45048466/best-online-casinos-that-payout-ignition-casino-picked-as-the-top-casino-in-the-u-s,0.043711,https://www.benzinga.com/pressreleases/25/04/g45048466/best-online-casinos-that-payout-ignition-casino-picked-as-the-top-casino-in-the-u-s,Best Online Casinos That Payout: Ignition Casino Picked as the Top Casino in the U.S.,Globe Newswire,https://ml.globenewswire.com/Resource/Download/6ae8a3e4-8798-4eda-b392-6eb57d2a6661/casino-ignition.jpg,www.benzinga.com,"Economy - Monetary,Blockchain",0.306898,Somewhat-Bullish,"[{""ticker"": ""MA"", ""relevance_score"": ""0.029149"", ""ticker_sentiment_score"": ""0.033768"", ""ticker_sentiment_label"": ""Neutral""}, {""ticker"": ""PYPL"", ""relevance_score"": ""0.014577"", ""ticker_sentiment_score"": ""0.113789"", ""ticker_sentiment_label"": ""Neutral""}, {""ticker"": ""CRYPTO:BTC"", ""relevance_score"": ""0.043711"", ""ticker_sentiment_score"": ""0.193483"", ""ticker_sentiment_label"": ""Somewhat-Bullish""}]"
2025-04-28,"LOS ANGELES, April 28, 2025 ( GLOBE NEWSWIRE ) -- Three years ago, Lightspark started with a simple conviction: The way money moves should match the speed, openness, and intelligence of the Internet itself. Since then, the world has responded to a new kind of value - digital, borderless, and ...",Benzinga,https://www.benzinga.com/pressreleases/25/04/g45048623/lightspark-built-for-the-next-century-of-money,0.127456,https://www.benzinga.com/pressreleases/25/04/g45048623/lightspark-built-for-the-next-century-of-money,Lightspark: Built for the Next Century of Money,Globe Newswire,https://www.benzinga.com/next-assets/images/schema-image-default.png,www.benzinga.com,Blockchain,0.319049,Somewhat-Bullish,"[{""ticker"": ""CRYPTO:BTC"", ""relevance_score"": ""0.127456"", ""ticker_sentiment_score"": ""0.14796"", ""ticker_sentiment_label"": ""Neutral""}]"
2025-04-28,"Key points:Bitcoin continues to face resistance at $95,000, but the possibility of an upside breakout remains high.Solid spot Bitcoin ETF inflows do not always signal a short-term top.Select altcoins are showing early signs of a short-term trend change.Bitcoin ( BTC ) pierced the $95,000 ...",Cointelegraph,https://cointelegraph.com/news/price-predictions-4-28-spx-dxy-btc-eth-xrp-bnb-sol-doge-ada-sui,0.387875,https://cointelegraph.com/news/price-predictions-4-28-spx-dxy-btc-eth-xrp-bnb-sol-doge-ada-sui,"Price predictions 4/28: SPX, DXY, BTC, ETH, XRP, BNB, SOL, DOGE, ADA, SUI",Rakesh Upadhyay,https://s3.cointelegraph.com/uploads/2025-04/01967d76-5a65-7626-a3c0-fdc10e1ffe4a,cointelegraph.com,"Economy - Monetary,Financial Markets,Blockchain,Economy - Macro",0.019386,Neutral,"[{""ticker"": ""FOREX:USD"", ""relevance_score"": ""0.033703"", ""ticker_sentiment_score"": ""0.003906"", ""ticker_sentiment_label"": ""Neutral""}, {""ticker"": ""CRYPTO:BTC"", ""relevance_score"": ""0.387875"", ""ticker_sentiment_score"": ""-0.002739"", ""ticker_sentiment_label"": ""Neutral""}, {""ticker"": ""CRYPTO:ETH"", ""relevance_score"": ""0.134214"", ""ticker_sentiment_score"": ""-0.029707"", ""ticker_sentiment_label"": ""Neutral""}, {""ticker"": ""CRYPTO:DOGE"", ""relevance_score"": ""0.10087"", ""ticker_sentiment_score"": ""0.020411"", ""ticker_sentiment_label"": ""Neutral""}, {""ticker"": ""CRYPTO:ADA"", ""relevance_score"": ""0.10087"", ""ticker_sentiment_score"": ""0.158486"", ""ticker_sentiment_label"": ""Somewhat-Bullish""}]"
2025-04-28,The declining exchange balances and increasing fund inflows points to a renewed phase of accumulation.,Decrypt.co,https://decrypt.co/316734/bitcoin-exchange-supply-reaches-7-year-low-as-traders-hunker-down,0.682689,https://decrypt.co/316734/bitcoin-exchange-supply-reaches-7-year-low-as-traders-hunker-down,Bitcoin Exchange Supply Reaches 7-Year Low as Traders Hunker Down,Simon Chandler,https://img.decrypt.co/insecure/rs:fit:3840:0:0:0/plain/https://cdn.decrypt.co/wp-content/uploads/2025/04/bitcoin-gold-trading-view-chart.png@webp,decrypt.co,,0.031166,Neutral,"[{""ticker"": ""CRYPTO:BTC"", ""relevance_score"": ""0.682689"", ""ticker_sentiment_score"": ""0.064289"", ""ticker_sentiment_label"": ""Neutral""}]"
2025-04-28,The bank continues to be bullish on the price of the asset.,Decrypt.co,https://decrypt.co/316688/bitcoin-still-on-track-all-time-high-this-quarter-as-investors-reallocate-assets-standard-chartered,0.89979,https://decrypt.co/316688/bitcoin-still-on-track-all-time-high-this-quarter-as-investors-reallocate-assets-standard-chartered,Bitcoin on Track for Record Price This Quarter as Investors Reallocate Assets: Standard Chartered,Mat Di Salvo,https://cdn.decrypt.co/resize/1024/height/512/wp-content/uploads/2023/12/bitcoin-btc-cash-usd-dollars-price-gID_7.jpg,decrypt.co,"Blockchain,Financial Markets",0.16533,Somewhat-Bullish,"[{""ticker"": ""SCBFF"", ""relevance_score"": ""0.108958"", ""ticker_sentiment_score"": ""0.072979"", ""ticker_sentiment_label"": ""Neutral""}, {""ticker"": ""CRYPTO:BTC"", ""relevance_score"": ""0.89979"", ""ticker_sentiment_score"": ""0.287646"", ""ticker_sentiment_label"": ""Somewhat-Bullish""}]"
2025-04-28,"Global cryptocurrency market capitalization is down 1.7% to $3.05 trillion. Traders anticipate Bitcoin to remain in a range between $90,000 and $100,000 for the next days. Don't face extreme market conditions unprepared.",Benzinga,https://www.benzinga.com/markets/cryptocurrency/25/04/45051183/bitcoin-ethereum-xrp-dogecoin-hold-firm-after-last-weeks-rally-whats-next,0.713572,https://www.benzinga.com/markets/cryptocurrency/25/04/45051183/bitcoin-ethereum-xrp-dogecoin-hold-firm-after-last-weeks-rally-whats-next,Bitcoin Ethereum XRP Dogecoin Hold Firm After Last Week's Rally: What's Next,Ivan Crnogatić,https://cdn.benzinga.com/files/images/story/2025/04/28/Bitcoin-Btc-Cryptocurrency-Coin-With-Alt.jpeg?width=1200&height=800&fit=crop,www.benzinga.com,"Blockchain,Financial Markets",0.22996,Somewhat-Bullish,"[{""ticker"": ""CRYPTO:BTC"", ""relevance_score"": ""0.713572"", ""ticker_sentiment_score"": ""0.252619"", ""ticker_sentiment_label"": ""Somewhat-Bullish""}, {""ticker"": ""CRYPTO:SHIB"", ""relevance_score"": ""0.121037"", ""ticker_sentiment_score"": ""0.473223"", ""ticker_sentiment_label"": ""Bullish""}, {""ticker"": ""CRYPTO:DOGE"", ""relevance_score"": ""0.121037"", ""ticker_sentiment_score"": ""0.473223"", ""ticker_sentiment_label"": ""Bullish""}, {""ticker"": ""CRYPTO:XRP"", ""relevance_score"": ""0.352223"", ""ticker_sentiment_score"": ""0.458562"", ""ticker_sentiment_label"": ""Bullish""}]"
2025-04-28,"Gold-backed cryptocurrencies have spiked in value amid the global trade war unleashed by US President Donald Trump's April 2 tariffs.Tether Gold ( XAUT ) and Paxos Gold ( PAXG ) reached all-time highs on April 22, with Tether Gold touching $3,529 and Paxos Gold recording a peak of $3,520, ...",Cointelegraph,https://cointelegraph.com/news/tether-gold-reaches-ath-amid-global-economic-uncertainty,0.199037,https://cointelegraph.com/news/tether-gold-reaches-ath-amid-global-economic-uncertainty,Gold-backed cryptocurrencies spike amid global trade uncertainty,Christopher Tepedino,https://s3.cointelegraph.com/uploads/2025-04/01967d66-8742-7822-897c-8dcf03a01c5e,cointelegraph.com,"Economy - Monetary,Blockchain,Financial Markets",0.298838,Somewhat-Bullish,"[{""ticker"": ""CRYPTO:BTC"", ""relevance_score"": ""0.199037"", ""ticker_sentiment_score"": ""-0.029238"", ""ticker_sentiment_label"": ""Neutral""}]"
2025-04-28,"Lawmakers in the Arizona House of Representatives have voted to pass two bills that could allow the state to adopt a reserve using Bitcoin ( BTC ) or other cryptocurrencies.In a third reading on April 28 of the Senate Bill 1025 ( SB1025 ) , a proposal to amend Arizona's statutes to allow for a ...",Cointelegraph,https://cointelegraph.com/news/arizona-legislature-bitcoin-reserve-bill-third-reading,0.850133,https://cointelegraph.com/news/arizona-legislature-bitcoin-reserve-bill-third-reading,Arizona legislature moves forward with Bitcoin reserve bills,Turner Wright,https://s3.cointelegraph.com/uploads/2025-04/01967e2c-f991-77ed-a5f9-213f3a6949f7,cointelegraph.com,Blockchain,0.169909,Somewhat-Bullish,"[{""ticker"": ""CRYPTO:BTC"", ""relevance_score"": ""0.850133"", ""ticker_sentiment_score"": ""0.291354"", ""ticker_sentiment_label"": ""Somewhat-Bullish""}]"
2025-04-28,Investors want to know how the threat of Trump's tariffs are affecting inflation and the labor market.,Decrypt.co,https://decrypt.co/316784/bitcoin-stalls-ahead-busy-macro-week-potential-trade-deals,0.219477,https://decrypt.co/316784/bitcoin-stalls-ahead-busy-macro-week-potential-trade-deals,"Bitcoin Momentum Stalls Ahead of Busy Macro Week, Potential Trade Deals",André Beganski,https://cdn.decrypt.co/resize/1024/height/512/wp-content/uploads/2024/07/bitcoin-american-flag-u.s.-united-states-gID_7.jpg,decrypt.co,"Economy - Monetary,Financial Markets,Technology,Blockchain",0.085863,Neutral,"[{""ticker"": ""FOX"", ""relevance_score"": ""0.074001"", ""ticker_sentiment_score"": ""0.132209"", ""ticker_sentiment_label"": ""Neutral""}, {""ticker"": ""FOREX:USD"", ""relevance_score"": ""0.074001"", ""ticker_sentiment_score"": ""0.013359"", ""ticker_sentiment_label"": ""Neutral""}, {""ticker"": ""CRYPTO:BTC"", ""relevance_score"": ""0.219477"", ""ticker_sentiment_score"": ""0.048668"", ""ticker_sentiment_label"": ""Neutral""}, {""ticker"": ""CRYPTO:ETH"", ""relevance_score"": ""0.074001"", ""ticker_sentiment_score"": ""0.048786"", ""ticker_sentiment_label"": ""Neutral""}]"
2025-04-28,"Despite growing competition from emerging issuers, the stablecoin market remains largely dominated by a few key players. According to data from Web3 research firm Nansen, Tether's USDt continues to lead among US dollar-pegged stablecoins, even as competition intensifies.As of April 25, Tether ( ...",Cointelegraph,https://cointelegraph.com/news/tether-still-dominant-despite-competition-nansen,0.087185,https://cointelegraph.com/news/tether-still-dominant-despite-competition-nansen,Tether still dominates stablecoins despite competition - Nansen,Alex O’Donnell,https://s3.cointelegraph.com/uploads/2025-04/01967e18-9d4b-7e6e-85d5-b248a755823d,cointelegraph.com,"Blockchain,Financial Markets",0.280715,Somewhat-Bullish,"[{""ticker"": ""PYPL"", ""relevance_score"": ""0.087185"", ""ticker_sentiment_score"": ""0.134105"", ""ticker_sentiment_label"": ""Neutral""}, {""ticker"": ""FOREX:USD"", ""relevance_score"": ""0.173333"", ""ticker_sentiment_score"": ""0.134155"", ""ticker_sentiment_label"": ""Neutral""}, {""ticker"": ""CRYPTO:BTC"", ""relevance_score"": ""0.087185"", ""ticker_sentiment_score"": ""-0.246489"", ""ticker_sentiment_label"": ""Somewhat-Bearish""}, {""ticker"": ""CRYPTO:UNI"", ""relevance_score"": ""0.087185"", ""ticker_sentiment_score"": ""0.0"", ""ticker_sentiment_label"": ""Neutral""}]"
2025-04-28,"Wallet provider MetaMask is launching a crypto payments card that will allow users to spend self-custodied funds, offering crypto holders additional ways to use their tokens.The new card is backed by Mastercard and is being developed in partnership with CompoSecure and Baanx, according to the ...",Cointelegraph,https://cointelegraph.com/news/meta-mask-self-custody-crypto-card-mastercard,0.379051,https://cointelegraph.com/news/meta-mask-self-custody-crypto-card-mastercard,MetaMask to launch self-custody crypto card with Mastercard,Christopher Tepedino,"https://images.cointelegraph.com/cdn-cgi/image/format=auto,onerror=redirect,quality=90,width=1200/https://s3.cointelegraph.com/uploads/2025-04/01967e41-58c6-72c0-a989-8c375cbb18b3",cointelegraph.com,"Finance,Blockchain",0.143614,Neutral,"[{""ticker"": ""MA"", ""relevance_score"": ""0.130926"", ""ticker_sentiment_score"": ""0.128515"", ""ticker_sentiment_label"": ""Neutral""}, {""ticker"": ""CMPOV"", ""relevance_score"": ""0.130926"", ""ticker_sentiment_score"": ""0.128515"", ""ticker_sentiment_label"": ""Neutral""}, {""ticker"": ""COIN"", ""relevance_score"": ""0.130926"", ""ticker_sentiment_score"": ""0.23066"", ""ticker_sentiment_label"": ""Somewhat-Bullish""}, {""ticker"": ""CRYPTO:BTC"", ""relevance_score"": ""0.379051"", ""ticker_sentiment_score"": ""0.13888"", ""ticker_sentiment_label"": ""Neutral""}, {""ticker"": ""CRYPTO:ETH"", ""relevance_score"": ""0.258351"", ""ticker_sentiment_score"": ""0.119143"", ""ticker_sentiment_label"": ""Neutral""}]"
2025-04-28,"Matt Kaufman, senior vice president and head of ETFs at Calamos Investments, was recently a guest on Benzinga's All-Access. Calamos Investments is a 45-year-old risk management firm and one of the largest convertible bond managers in the U.S.",Benzinga,https://www.benzinga.com/partner/cryptocurrency/25/04/45039398/bitcoin-exposure-with-the-risk-mitigated-through-calamos-investments-structured-etfs,0.524949,https://www.benzinga.com/partner/cryptocurrency/25/04/45039398/bitcoin-exposure-with-the-risk-mitigated-through-calamos-investments-structured-etfs,Bitcoin Exposure With The Risk Mitigated Through Calamos Investments Structured ETFs,Meg Flippin,https://cdn.benzinga.com/files/images/story/2025/04/28/Screenshot-2025-04-28-at-7-32-45PM.png?width=1200&height=800&fit=crop,www.benzinga.com,Financial Markets,0.185897,Somewhat-Bullish,"[{""ticker"": ""CRYPTO:BTC"", ""relevance_score"": ""0.524949"", ""ticker_sentiment_score"": ""0.307361"", ""ticker_sentiment_label"": ""Somewhat-Bullish""}]"
2025-04-28,"Bitcoin closes above bull market support band, but analyst Cowen warns next two weeks crucial for confirming breakout sustainability. Low retail interest in crypto persists despite price gains, mirroring 2019 conditions, with altcoins underperforming. Don't face extreme market conditions ...",Benzinga,https://www.benzinga.com/markets/cryptocurrency/25/04/45048427/watch-this-bitcoin-indicator-to-know-if-a-run-to-100000-is-coming,0.536866,https://www.benzinga.com/markets/cryptocurrency/25/04/45048427/watch-this-bitcoin-indicator-to-know-if-a-run-to-100000-is-coming,"Watch This Bitcoin Indicator To Know If A Run To $100,000 Is Coming",Ivan Crnogatić,https://cdn.benzinga.com/files/images/story/2025/04/28/Antalya--Turkey---December-4--2024-Bitco_2.jpeg?width=1200&height=800&fit=crop,www.benzinga.com,"Economy - Monetary,Financial Markets,Technology,Blockchain",0.165747,Somewhat-Bullish,"[{""ticker"": ""GOOG"", ""relevance_score"": ""0.064973"", ""ticker_sentiment_score"": ""-0.149248"", ""ticker_sentiment_label"": ""Neutral""}, {""ticker"": ""CRYPTO:BTC"", ""relevance_score"": ""0.536866"", ""ticker_sentiment_score"": ""0.179226"", ""ticker_sentiment_label"": ""Somewhat-Bullish""}]"
2025-04-28,"Korean retail traders, historically strong XRP supporters, could re-enter the market as momentum and trading volumes increase. 10x Research advises that now appears to be an attractive window to accumulate XRP before the CME futures launch. Feel unsure about the market's next move?",Benzinga,https://www.benzinga.com/markets/cryptocurrency/25/04/45039243/xrp-is-the-top-altcoin-bet-10x-research,0.351807,https://www.benzinga.com/markets/cryptocurrency/25/04/45039243/xrp-is-the-top-altcoin-bet-10x-research,XRP Is The Top Altcoin Bet: 10x Research,Murtuza J Merchant,https://cdn.benzinga.com/files/images/story/2025/04/28/Golden-Xrp-Coins-Are-Displayed-In-Front-_0.jpeg?width=1200&height=800&fit=crop,www.benzinga.com,"Finance,Blockchain,Financial Markets",0.275864,Somewhat-Bullish,"[{""ticker"": ""CME"", ""relevance_score"": ""0.351807"", ""ticker_sentiment_score"": ""0.315491"", ""ticker_sentiment_label"": ""Somewhat-Bullish""}, {""ticker"": ""COIN"", ""relevance_score"": ""0.18046"", ""ticker_sentiment_score"": ""0.143309"", ""ticker_sentiment_label"": ""Neutral""}, {""ticker"": ""CRYPTO:BTC"", ""relevance_score"": ""0.351807"", ""ticker_sentiment_score"": ""0.157304"", ""ticker_sentiment_label"": ""Somewhat-Bullish""}]"
2025-04-28,"Key takeaways: A week full of US macroeconomic reports could impact Bitcoin traders' sentiment. Bitcoin's rally could stall if there's a sharp reduction in spot buy volumes.If PCE, the ISM PMI, and jobs data align with market expectations, BTC could rally.",Cointelegraph,https://cointelegraph.com/news/bitcoin-price-consolidation-likely-as-us-core-pce-manufacturing-and-jobs-reports-print-this-week,0.816694,https://cointelegraph.com/news/bitcoin-price-consolidation-likely-as-us-core-pce-manufacturing-and-jobs-reports-print-this-week,"Bitcoin price consolidation likely as US Core PCE, manufacturing, and jobs reports print this week",Big Smokey,https://s3.cointelegraph.com/uploads/2025-04/01967e08-20b9-7fb6-88b0-12107cec1f73,cointelegraph.com,"Economy - Monetary,Finance",-0.076244,Neutral,"[{""ticker"": ""COIN"", ""relevance_score"": ""0.096283"", ""ticker_sentiment_score"": ""0.051541"", ""ticker_sentiment_label"": ""Neutral""}, {""ticker"": ""CRYPTO:BTC"", ""relevance_score"": ""0.816694"", ""ticker_sentiment_score"": ""-0.085253"", ""ticker_sentiment_label"": ""Neutral""}]"
2025-04-28,"When Donald Trump was running for president, he pledged to build 10 new US cities, dubbed ""freedom cities,"" from scratch, designed to improve the quality of life for Americans. These new high-tech communities were to be created on public land, and they were going to be free of the ""nightmare of ...",Cointelegraph,https://cointelegraph.com/news/why-crypto-bros-like-freedom-cities,0.041538,https://cointelegraph.com/news/why-crypto-bros-like-freedom-cities,Why do crypto bros like freedom cities?,Andrew Singer,https://s3.cointelegraph.com/uploads/2025-04/01966d66-7a67-74c4-b010-68336caae618,cointelegraph.com,"Financial Markets,Manufacturing,Finance,Blockchain",0.260515,Somewhat-Bullish,"[{""ticker"": ""MFCSF"", ""relevance_score"": ""0.020776"", ""ticker_sentiment_score"": ""-0.056852"", ""ticker_sentiment_label"": ""Neutral""}, {""ticker"": ""NYT"", ""relevance_score"": ""0.041538"", ""ticker_sentiment_score"": ""-0.109269"", ""ticker_sentiment_label"": ""Neutral""}, {""ticker"": ""PYPL"", ""relevance_score"": ""0.020776"", ""ticker_sentiment_score"": ""0.197663"", ""ticker_sentiment_label"": ""Somewhat-Bullish""}, {""ticker"": ""COIN"", ""relevance_score"": ""0.020776"", ""ticker_sentiment_score"": ""0.1765"", ""ticker_sentiment_label"": ""Somewhat-Bullish""}, {""ticker"": ""CRYPTO:BTC"", ""relevance_score"": ""0.041538"", ""ticker_sentiment_score"": ""0.054308"", ""ticker_sentiment_label"": ""Neutral""}]"
2025-04-28,"Dogecoin DOGE/USD ""millionaire"" Glauber Contessoto took to X on Sunday to spotlight the remarkable performance of Floki FLOKI/USD, noting its 33% rise over the past week.",Benzinga,https://www.benzinga.com/markets/cryptocurrency/25/04/45030998/dogecoin-millionaire-says-give-a-serious-thought-to-floki-as-memecoin-makes-impressive-30-,0.401331,https://www.benzinga.com/markets/cryptocurrency/25/04/45030998/dogecoin-millionaire-says-give-a-serious-thought-to-floki-as-memecoin-makes-impressive-30-,"Dogecoin 'Millionaire' Says Give A 'Serious' Thought To Floki As Memecoin Makes Impressive 30% Gains Over 7 Days, Asks Followers To 'Strap In'",Shivdeep Dhaliwal,https://cdn.benzinga.com/files/images/story/2025/04/27/An-Image-Of-The-Floki-Coin-Virtual-Curre.jpeg?width=1200&height=800&fit=crop,www.benzinga.com,"Blockchain,Financial Markets",0.205769,Somewhat-Bullish,"[{""ticker"": ""CRYPTO:BTC"", ""relevance_score"": ""0.401331"", ""ticker_sentiment_score"": ""0.073987"", ""ticker_sentiment_label"": ""Neutral""}, {""ticker"": ""CRYPTO:ETH"", ""relevance_score"": ""0.600271"", ""ticker_sentiment_score"": ""0.084249"", ""ticker_sentiment_label"": ""Neutral""}, {""ticker"": ""CRYPTO:SHIB"", ""relevance_score"": ""0.247838"", ""ticker_sentiment_score"": ""0.140254"", ""ticker_sentiment_label"": ""Neutral""}, {""ticker"": ""CRYPTO:DOGE"", ""relevance_score"": ""0.326283"", ""ticker_sentiment_score"": ""0.20508"", ""ticker_sentiment_label"": ""Somewhat-Bullish""}]"
2025-04-28,"Despite heavy outflows since January 2024, GBTC's 1.5% fee still generates $268 million a year, outpacing rivals' combined $211 million.",Decrypt.co,https://decrypt.co/316619/grayscale-still-tops-all-spot-bitcoin-etfs-in-revenue,0.670305,https://decrypt.co/316619/grayscale-still-tops-all-spot-bitcoin-etfs-in-revenue,Grayscale Still Tops All US Spot Bitcoin ETFs in Revenue,Vince Dioquino,https://cdn.decrypt.co/resize/1024/height/512/wp-content/uploads/2025/01/Shutterstock_2253092361-gID_7.jpg,decrypt.co,"Earnings,Financial Markets",0.234558,Somewhat-Bullish,"[{""ticker"": ""CRYPTO:BTC"", ""relevance_score"": ""0.670305"", ""ticker_sentiment_score"": ""0.419762"", ""ticker_sentiment_label"": ""Bullish""}]"
2025-04-28,"Bitcoin is starting to act as a store of value during times of ""US-risk-off"" sentiment, marking a potential shift in its relationship with traditional assets, according to the New York Digital Investment Group.Bitcoin ( BTC ) felt ""noticeably different"" over the trading week ended April 25, ...",Cointelegraph,https://cointelegraph.com/news/bitcoin-acts-store-of-value-amid-trump-policy-chaos-nydig,0.690822,https://cointelegraph.com/news/bitcoin-acts-store-of-value-amid-trump-policy-chaos-nydig,Bitcoin acts like 'store of value that it is' amid Trump policy chaos: NYDIG,Martin Young,https://s3.cointelegraph.com/uploads/2025-04/01967a6f-c7a9-7efa-b732-97cd8434f5bb,cointelegraph.com,"Economy - Monetary,Blockchain,Financial Markets",0.169657,Somewhat-Bullish,"[{""ticker"": ""FOREX:CHF"", ""relevance_score"": ""0.101154"", ""ticker_sentiment_score"": ""0.386999"", ""ticker_sentiment_label"": ""Bullish""}, {""ticker"": ""FOREX:USD"", ""relevance_score"": ""0.101154"", ""ticker_sentiment_score"": ""0.088419"", ""ticker_sentiment_label"": ""Neutral""}, {""ticker"": ""CRYPTO:BTC"", ""relevance_score"": ""0.690822"", ""ticker_sentiment_score"": ""0.421071"", ""ticker_sentiment_label"": ""Bullish""}]"
2025-04-28,"The global cryptocurrency market capitalization stands at $2.93 trillion, showing a 1.04% decrease over the last day. Bitcoin's BTC/USD market dominance currently sits at 63.39%, reflecting a slight 0.01% daily decline.",Benzinga,https://www.benzinga.com/markets/cryptocurrency/25/04/45031324/bitcoin-ethereum-dogecoin-drop-as-stock-futures-slide-willy-woo-says-all-dips-are-for-buyi,0.361626,https://www.benzinga.com/markets/cryptocurrency/25/04/45031324/bitcoin-ethereum-dogecoin-drop-as-stock-futures-slide-willy-woo-says-all-dips-are-for-buyi,"Bitcoin, Ethereum, Dogecoin Drop As Stock Futures Slide: Willy Woo Says 'All Dips Are For Buying' With BTC Eyeing 'All-Time Highs - Grayscale Bitcoin Mini Trust  ( BTC )  Common units of fractional undivided beneficial interest  ( ARCA:BTC ) ",Kaustubh Bagalkote,https://cdn.benzinga.com/files/images/story/2025/04/28/Antalya--Turkey---December-4--2024-Bitco.jpeg?width=1200&height=800&fit=crop,www.benzinga.com,"Economy - Monetary,Financial Markets,Earnings,Technology,Finance,Blockchain",0.175349,Somewhat-Bullish,"[{""ticker"": ""MSFT"", ""relevance_score"": ""0.124486"", ""ticker_sentiment_score"": ""0.0654"", ""ticker_sentiment_label"": ""Neutral""}, {""ticker"": ""META"", ""relevance_score"": ""0.124486"", ""ticker_sentiment_score"": ""0.0654"", ""ticker_sentiment_label"": ""Neutral""}, {""ticker"": ""AAPL"", ""relevance_score"": ""0.124486"", ""ticker_sentiment_score"": ""0.0654"", ""ticker_sentiment_label"": ""Neutral""}, {""ticker"": ""IVZ"", ""relevance_score"": ""0.062434"", ""ticker_sentiment_score"": ""0.160107"", ""ticker_sentiment_label"": ""Somewhat-Bullish""}, {""ticker"": ""CRYPTO:BTC"", ""relevance_score"": ""0.361626"", ""ticker_sentiment_score"": ""0.421167"", ""ticker_sentiment_label"": ""Bullish""}]"
2025-04-28,"Peter Chung, head of research at quantitative trading firm Presto, has repeated his prediction that Bitcoin ( BTC ) will reach $210,000 by the end of 2025.In an April 28 interview with CNBC, Chung cited institutional adoption and global liquidity expansion as the primary drivers behind his ...",Cointelegraph,https://cointelegraph.com/news/peter-chung-bitcoin-210k-prediction-institutional-adoption-2025,0.913524,https://cointelegraph.com/news/peter-chung-bitcoin-210k-prediction-institutional-adoption-2025,"Bitcoin could hit $210K in 2025, says Presto research head",Amin Haqshanas,https://s3.cointelegraph.com/uploads/2025-04/01967c62-91a6-704c-982a-e193944f568b,cointelegraph.com,"Technology,Financial Markets",0.125613,Neutral,"[{""ticker"": ""GOOG"", ""relevance_score"": ""0.085324"", ""ticker_sentiment_score"": ""-0.051219"", ""ticker_sentiment_label"": ""Neutral""}, {""ticker"": ""SCBFF"", ""relevance_score"": ""0.085324"", ""ticker_sentiment_score"": ""-0.157372"", ""ticker_sentiment_label"": ""Somewhat-Bearish""}, {""ticker"": ""FOREX:USD"", ""relevance_score"": ""0.085324"", ""ticker_sentiment_score"": ""-0.008392"", ""ticker_sentiment_label"": ""Neutral""}, {""ticker"": ""CRYPTO:BTC"", ""relevance_score"": ""0.913524"", ""ticker_sentiment_score"": ""0.143386"", ""ticker_sentiment_label"": ""Neutral""}, {""ticker"": ""CRYPTO:ETH"", ""relevance_score"": ""0.252114"", ""ticker_sentiment_score"": ""0.381876"", ""ticker_sentiment_label"": ""Bullish""}]"
2025-04-28,"TORONTO, April 28, 2025 ( GLOBE NEWSWIRE ) -- We tried a lot of online casinos in Ontario, but most didn't give the bonuses we were hoping for. Then, a few locals recommended MIRAX Casino, so we decided to check it out. Right away, it felt different.",Benzinga,https://www.benzinga.com/pressreleases/25/04/g45031971/best-online-casinos-ontario-mirax-casino-ranked-as-top-paying-casino-in-2025,0.126533,https://www.benzinga.com/pressreleases/25/04/g45031971/best-online-casinos-ontario-mirax-casino-ranked-as-top-paying-casino-in-2025,"Best Online Casinos Ontario: MIRAX Casino, Ranked as Top Paying Casino in 2025",Globe Newswire,https://ml.globenewswire.com/Resource/Download/ef1ee3d6-09b1-4497-b33c-ae6134bb8e8e/mirax-casino.jpg,www.benzinga.com,Blockchain,0.546427,Bullish,"[{""ticker"": ""MA"", ""relevance_score"": ""0.031759"", ""ticker_sentiment_score"": ""0.037155"", ""ticker_sentiment_label"": ""Neutral""}, {""ticker"": ""TRTPF"", ""relevance_score"": ""0.015883"", ""ticker_sentiment_score"": ""0.246596"", ""ticker_sentiment_label"": ""Somewhat-Bullish""}, {""ticker"": ""CRYPTO:BTC"", ""relevance_score"": ""0.126533"", ""ticker_sentiment_score"": ""0.283182"", ""ticker_sentiment_label"": ""Somewhat-Bullish""}, {""ticker"": ""CRYPTO:VPN"", ""relevance_score"": ""0.015883"", ""ticker_sentiment_score"": ""-0.156695"", ""ticker_sentiment_label"": ""Somewhat-Bearish""}, {""ticker"": ""CRYPTO:BNB"", ""relevance_score"": ""0.031759"", ""ticker_sentiment_score"": ""0.104585"", ""ticker_sentiment_label"": ""Neutral""}, {""ticker"": ""CRYPTO:XRP"", ""relevance_score"": ""0.015883"", ""ticker_sentiment_score"": ""-0.126178"", ""ticker_sentiment_label"": ""Neutral""}, {""ticker"": ""CRYPTO:ETH"", ""relevance_score"": ""0.063467"", ""ticker_sentiment_score"": ""0.228976"", ""ticker_sentiment_label"": ""Somewhat-Bullish""}, {""ticker"": ""CRYPTO:DOGE"", ""relevance_score"": ""0.031759"", ""ticker_sentiment_score"": ""0.104585"", ""ticker_sentiment_label"": ""Neutral""}, {""ticker"": ""CRYPTO:USDT"", ""relevance_score"": ""0.015883"", ""ticker_sentiment_score"": ""-0.126178"", ""ticker_sentiment_label"": ""Neutral""}, {""ticker"": ""CRYPTO:LTC"", ""relevance_score"": ""0.047622"", ""ticker_sentiment_score"": ""0.226591"", ""ticker_sentiment_label"": ""Somewhat-Bullish""}, {""ticker"": ""CRYPTO:TRX"", ""relevance_score"": ""0.015883"", ""ticker_sentiment_score"": ""-0.126178"", ""ticker_sentiment_label"": ""Neutral""}, {""ticker"": ""CRYPTO:ADA"", ""relevance_score"": ""0.031759"", ""ticker_sentiment_score"": ""0.104585"", ""ticker_sentiment_label"": ""Neutral""}]"
2025-04-28,"PERTH, Australia, April 28, 2025 ( GLOBE NEWSWIRE ) -- As the online gambling sector continues to grow, finding a safe haven to gamble is getting harder than ever, especially considering the sheer number of establishments in the industry.",Benzinga,https://www.benzinga.com/pressreleases/25/04/g45032149/best-online-casinos-australia-mirax-picked-as-the-best-real-money-online-casino-for-aussie-gambler,0.175859,https://www.benzinga.com/pressreleases/25/04/g45032149/best-online-casinos-australia-mirax-picked-as-the-best-real-money-online-casino-for-aussie-gambler,Best Online Casinos Australia: MIRAX Picked as the Best Real Money Online Casino for Aussie Gamblers,Globe Newswire,https://ml.globenewswire.com/Resource/Download/5877a478-db7b-4890-b414-b02ca3007e3e/mirax-casino.jpg,www.benzinga.com,"Blockchain,Financial Markets",0.32753,Somewhat-Bullish,"[{""ticker"": ""MA"", ""relevance_score"": ""0.013638"", ""ticker_sentiment_score"": ""-0.047075"", ""ticker_sentiment_label"": ""Neutral""}, {""ticker"": ""CRYPTO:BTC"", ""relevance_score"": ""0.175859"", ""ticker_sentiment_score"": ""0.262769"", ""ticker_sentiment_label"": ""Somewhat-Bullish""}]"
2025-04-28,"PORTLAND, Ore., April 28, 2025 ( GLOBE NEWSWIRE ) -- The online gambling world is growing rapidly, making it tough to choose the best online casino from so many options. Players everywhere want secure, rewarding, and diverse gaming experiences, but the number of choices can be confusing.",Benzinga,https://www.benzinga.com/pressreleases/25/04/g45032165/best-online-casinos-2025-7bit-casino-rated-as-top-real-money-casino,0.278463,https://www.benzinga.com/pressreleases/25/04/g45032165/best-online-casinos-2025-7bit-casino-rated-as-top-real-money-casino,Best Online Casinos 2025: 7Bit Casino Rated As Top Real Money Casino,Globe Newswire,https://ml.globenewswire.com/Resource/Download/c2b1b32c-15fa-44db-8e7f-2136c3a99b3b/7bit-casino.jpg,www.benzinga.com,Blockchain,0.502573,Bullish,"[{""ticker"": ""MA"", ""relevance_score"": ""0.037078"", ""ticker_sentiment_score"": ""0.137625"", ""ticker_sentiment_label"": ""Neutral""}, {""ticker"": ""CRYPTO:BTC"", ""relevance_score"": ""0.278463"", ""ticker_sentiment_score"": ""0.51867"", ""ticker_sentiment_label"": ""Bullish""}, {""ticker"": ""CRYPTO:VPN"", ""relevance_score"": ""0.024724"", ""ticker_sentiment_score"": ""0.030099"", ""ticker_sentiment_label"": ""Neutral""}, {""ticker"": ""CRYPTO:XRP"", ""relevance_score"": ""0.024724"", ""ticker_sentiment_score"": ""-0.014803"", ""ticker_sentiment_label"": ""Neutral""}, {""ticker"": ""CRYPTO:ETH"", ""relevance_score"": ""0.086378"", ""ticker_sentiment_score"": ""0.132489"", ""ticker_sentiment_label"": ""Neutral""}, {""ticker"": ""CRYPTO:DOGE"", ""relevance_score"": ""0.049424"", ""ticker_sentiment_score"": ""0.052951"", ""ticker_sentiment_label"": ""Neutral""}, {""ticker"": ""CRYPTO:USDT"", ""relevance_score"": ""0.024724"", ""ticker_sentiment_score"": ""-0.014803"", ""ticker_sentiment_label"": ""Neutral""}, {""ticker"": ""CRYPTO:LTC"", ""relevance_score"": ""0.061758"", ""ticker_sentiment_score"": ""0.068217"", ""ticker_sentiment_label"": ""Neutral""}]"
2025-04-28,"WELLINGTON, New Zealand, April 28, 2025 ( GLOBE NEWSWIRE ) -- After spending some time exploring various online casinos in New Zealand, it became clear that most just didn't deliver when it came to bonuses or overall experience. That's when a few local players in New Zealand pointed us toward ...",Benzinga,https://www.benzinga.com/pressreleases/25/04/g45032171/best-online-casinos-new-zealand-7bit-casino-picked-as-top-casino-for-nz-players,0.101207,https://www.benzinga.com/pressreleases/25/04/g45032171/best-online-casinos-new-zealand-7bit-casino-picked-as-top-casino-for-nz-players,Best Online Casinos New Zealand: 7Bit Casino Picked as Top Casino for NZ Players,Globe Newswire,https://ml.globenewswire.com/Resource/Download/10718a9c-846b-4181-8c60-cf087632b3f1/7bit-casino.jpg,www.benzinga.com,Blockchain,0.545083,Bullish,"[{""ticker"": ""MA"", ""relevance_score"": ""0.03804"", ""ticker_sentiment_score"": ""0.188451"", ""ticker_sentiment_label"": ""Somewhat-Bullish""}, {""ticker"": ""CRYPTO:BTC"", ""relevance_score"": ""0.101207"", ""ticker_sentiment_score"": ""0.342045"", ""ticker_sentiment_label"": ""Somewhat-Bullish""}, {""ticker"": ""CRYPTO:BNB"", ""relevance_score"": ""0.025366"", ""ticker_sentiment_score"": ""0.430738"", ""ticker_sentiment_label"": ""Bullish""}, {""ticker"": ""CRYPTO:XRP"", ""relevance_score"": ""0.012684"", ""ticker_sentiment_score"": ""0.370035"", ""ticker_sentiment_label"": ""Bullish""}, {""ticker"": ""CRYPTO:ETH"", ""relevance_score"": ""0.075995"", ""ticker_sentiment_score"": ""0.363918"", ""ticker_sentiment_label"": ""Bullish""}, {""ticker"": ""CRYPTO:DOGE"", ""relevance_score"": ""0.050706"", ""ticker_sentiment_score"": ""0.443127"", ""ticker_sentiment_label"": ""Bullish""}, {""ticker"": ""CRYPTO:USDT"", ""relevance_score"": ""0.012684"", ""ticker_sentiment_score"": ""0.439954"", ""ticker_sentiment_label"": ""Bullish""}, {""ticker"": ""CRYPTO:LTC"", ""relevance_score"": ""0.075995"", ""ticker_sentiment_score"": ""0.343261"", ""ticker_sentiment_label"": ""Somewhat-Bullish""}]"
2025-04-28,"Bitcoin ( BTC ) is bracing for a major US macro data week as crypto market participants warn of serious volatility next.Bitcoin retests $92,000 after a promising weekly close, but traders still see a deeper BTC price correction to come.A bumper week of US macro data comes with the Federal ...",Cointelegraph,https://cointelegraph.com/news/local-top-88k-retest-5-things-bitcoin-this-week,0.486283,https://cointelegraph.com/news/local-top-88k-retest-5-things-bitcoin-this-week,A 'local top' and $88K retest? 5 things to know in Bitcoin this week,William Suberg,https://s3.cointelegraph.com/uploads/2025-04/01967b32-5c9a-7235-9d7d-f3d51afeb4e1,cointelegraph.com,"Earnings,Economy - Monetary,Financial Markets",0.045661,Neutral,"[{""ticker"": ""CRYPTO:BTC"", ""relevance_score"": ""0.486283"", ""ticker_sentiment_score"": ""0.234676"", ""ticker_sentiment_label"": ""Somewhat-Bullish""}]"
2025-04-28,"Spar's Bitcoin expansion marks one of Switzerland's first major retail integrations of crypto payments, following trials in two locations.",Decrypt.co,https://decrypt.co/316625/major-supermarket-chain-spar-to-launch-bitcoin-payments-across-switzerland,0.895116,https://decrypt.co/316625/major-supermarket-chain-spar-to-launch-bitcoin-payments-across-switzerland,Major Supermarket Chain Spar to Launch Bitcoin Payments Across Switzerland,Vismaya V,https://cdn.decrypt.co/resize/1024/height/512/wp-content/uploads/2024/09/switzerland-crypto-gID_7.jpg,decrypt.co,"Economy - Monetary,Blockchain",0.083897,Neutral,"[{""ticker"": ""CRYPTO:BTC"", ""relevance_score"": ""0.895116"", ""ticker_sentiment_score"": ""0.172694"", ""ticker_sentiment_label"": ""Somewhat-Bullish""}, {""ticker"": ""CRYPTO:ETH"", ""relevance_score"": ""0.183198"", ""ticker_sentiment_score"": ""-0.066477"", ""ticker_sentiment_label"": ""Neutral""}, {""ticker"": ""CRYPTO:USDT"", ""relevance_score"": ""0.092213"", ""ticker_sentiment_score"": ""0.127233"", ""ticker_sentiment_label"": ""Neutral""}]"
2025-04-28,"Bitcoin has been an unbelievable investment. In the past decade, the price has skyrocketed 37,000% ( as of April 22 ) . That monster gain is lightyears ahead of what the S&P 500 index was able to produce during the same time.Investors looking to gain exposure to one of the world's best-performing ...",Motley Fool,https://www.fool.com/investing/2025/04/28/1-bitcoin-etf-to-buy-now-with-100-and-hold-forever/,0.779232,https://www.fool.com/investing/2025/04/28/1-bitcoin-etf-to-buy-now-with-100-and-hold-forever/,1 Bitcoin ETF to Buy Now With $100 and Hold Forever,Neil Patel,https://g.foolcdn.com/editorial/images/815657/hands-laptop-and-etf-1200x800-5b2df79.jpg,www.fool.com,"Blockchain,Financial Markets",0.390704,Bullish,"[{""ticker"": ""CRYPTO:BTC"", ""relevance_score"": ""0.779232"", ""ticker_sentiment_score"": ""0.538709"", ""ticker_sentiment_label"": ""Bullish""}]"
2025-04-28,"The team behind the Official Melania Meme ( MELANIA ) token sold more than $1.5 million of tokens over the past three days, suggesting a programmatic selling strategy that may add downside pressure to the token.The team behind the Melania memecoin sold another $930,000 worth of tokens on April ...",Cointelegraph,https://cointelegraph.com/news/melania-memecoin-team-sells-1-5m-tokens-price-pumps-21,0.098659,https://cointelegraph.com/news/melania-memecoin-team-sells-1-5m-tokens-price-pumps-21,Melania memecoin team sells $1.5M tokens as price pumps 21%,Zoltan Vardai,https://s3.cointelegraph.com/uploads/2025-04/01967b64-0600-7b7c-944c-e8cf80ebf283,cointelegraph.com,"Blockchain,Financial Markets",0.095019,Neutral,"[{""ticker"": ""CRYPTO:BTC"", ""relevance_score"": ""0.098659"", ""ticker_sentiment_score"": ""0.0"", ""ticker_sentiment_label"": ""Neutral""}]"
2025-04-28,"Tech giants roared, adding to strong market gains last week. Tariff fears cooled a bit amid prevailing uncertainty.",Zacks Commentary,https://www.zacks.com/stock/news/2456418/tech-rally-boosted-wall-street-last-week-winning-etfs-in-focus,0.116914,https://www.zacks.com/stock/news/2456418/tech-rally-boosted-wall-street-last-week-winning-etfs-in-focus,Tech Rally Boosted Wall Street Last Week: Winning ETFs in Focus,Sanghamitra Saha,https://staticx-tuner.zacks.com/images/articles/main/93/1042.jpg,www.zacks.com,"Financial Markets,Manufacturing,Earnings,Technology,Finance,Blockchain",0.233842,Somewhat-Bullish,"[{""ticker"": ""MSFT"", ""relevance_score"": ""0.058615"", ""ticker_sentiment_score"": ""0.113994"", ""ticker_sentiment_label"": ""Neutral""}, {""ticker"": ""GOOG"", ""relevance_score"": ""0.058615"", ""ticker_sentiment_score"": ""0.208012"", ""ticker_sentiment_label"": ""Somewhat-Bullish""}, {""ticker"": ""META"", ""relevance_score"": ""0.116914"", ""ticker_sentiment_score"": ""0.234184"", ""ticker_sentiment_label"": ""Somewhat-Bullish""}, {""ticker"": ""NVDA"", ""relevance_score"": ""0.174587"", ""ticker_sentiment_score"": ""0.339516"", ""ticker_sentiment_label"": ""Somewhat-Bullish""}, {""ticker"": ""TSLA"", ""relevance_score"": ""0.174587"", ""ticker_sentiment_score"": ""0.339516"", ""ticker_sentiment_label"": ""Somewhat-Bullish""}, {""ticker"": ""IVZ"", ""relevance_score"": ""0.058615"", ""ticker_sentiment_score"": ""0.0"", ""ticker_sentiment_label"": ""Neutral""}, {""ticker"": ""CRYPTO:BTC"", ""relevance_score"": ""0.116914"", ""ticker_sentiment_score"": ""0.271039"", ""ticker_sentiment_label"": ""Somewhat-Bullish""}]"
2025-04-28,"Key takeaways:Heavy liquidations played a role in Bitcoin's return to $95,000.Bitcoin's weakening correlation with stocks highlights its growing independence as an asset.Bullish institutional investor positioning contrasts with retail traders' caution, supporting a rally above $100,000.Bitcoin ( ...",Cointelegraph,https://cointelegraph.com/news/new-bitcoin-price-all-time-highs-could-occur-in-may-here-is-why,0.806597,https://cointelegraph.com/news/new-bitcoin-price-all-time-highs-could-occur-in-may-here-is-why,New Bitcoin price all-time highs could occur in May - Here is why,Marcel Pechman,https://s3.cointelegraph.com/uploads/2025-04/019679ae-9fb6-7df4-8776-62e5a8841fa0,cointelegraph.com,"Earnings,Financial Markets",0.234044,Somewhat-Bullish,"[{""ticker"": ""CRYPTO:BTC"", ""relevance_score"": ""0.806597"", ""ticker_sentiment_score"": ""0.282926"", ""ticker_sentiment_label"": ""Somewhat-Bullish""}]"
2025-04-28,"Key points:High Bitcoin ETF inflows don't always signal a price top as historical data is mixed. Spot Bitcoin inflows often precede short-term price rises, not reversals.Bitcoin may hit $100K but faces resistance.Bitcoin's ( BTC ) price recovery may be stalled at $100,000 as questions emerge ...",Cointelegraph,https://cointelegraph.com/news/bitcoin-upside-stop-100k-despite-etf-3b-inflows,0.859085,https://cointelegraph.com/news/bitcoin-upside-stop-100k-despite-etf-3b-inflows,Bitcoin upside could stop at $100K despite $3B in ETF inflows,Nancy Lubale,https://s3.cointelegraph.com/uploads/2025-04/01967b94-6a90-7fb3-8dbd-4f425690acbc,cointelegraph.com,Financial Markets,0.143605,Neutral,"[{""ticker"": ""CRYPTO:BTC"", ""relevance_score"": ""0.859085"", ""ticker_sentiment_score"": ""0.188004"", ""ticker_sentiment_label"": ""Somewhat-Bullish""}]"
2025-04-28,"Michael Saylor's Strategy added to its massive Bitcoin stash last week as the cryptocurrency surged above $90,000.In an April 28 announcement, Strategy reported acquiring 15,355 Bitcoin ( BTC ) between April 21 and 27.The latest purchases cost Strategy $1.42 billion at an average price of ...",Cointelegraph,https://cointelegraph.com/news/strategy-buys-15-355-bitcoin-price-surges-90-k,0.999968,https://cointelegraph.com/news/strategy-buys-15-355-bitcoin-price-surges-90-k,"Strategy added 15,355 Bitcoin for $1.42B as price surged above $90K",Helen Partz,https://s3.cointelegraph.com/uploads/2025-04/01967c5c-537b-7fec-9ffa-f5538b41757f,cointelegraph.com,"Blockchain,Financial Markets",0.069118,Neutral,"[{""ticker"": ""CRYPTO:BTC"", ""relevance_score"": ""0.999968"", ""ticker_sentiment_score"": ""0.127085"", ""ticker_sentiment_label"": ""Neutral""}]"
2025-04-28,"""I want you to stay in it,"" Cramer on Arm. Today's manic market swings are creating the perfect setup for Matt's next volatility trade. Get his next trade alert for free, right here. On CNBC's ""Mad Money Lightning Round,"" Jim Cramer said he likes BHP Group Limited BHP. ""I think you got a good ...",Benzinga,https://www.benzinga.com/25/04/45037091/jim-cramer-likes-bhp-group-recommends-not-selling-this-tech-stock,0.52759,https://www.benzinga.com/25/04/45037091/jim-cramer-likes-bhp-group-recommends-not-selling-this-tech-stock,"Jim Cramer Likes BHP Group, Recommends Not Selling This Tech Stock - ARM Holdings  ( NASDAQ:ARM ) ",Avi Kapoor,https://cdn.benzinga.com/files/images/story/2025/04/28/Stuttgart--Germany---03-06-2021-Person-H.jpeg?width=1200&height=800&fit=crop,www.benzinga.com,"Energy & Transportation,Technology,Financial Markets",0.285003,Somewhat-Bullish,"[{""ticker"": ""ARM"", ""relevance_score"": ""0.280615"", ""ticker_sentiment_score"": ""0.514213"", ""ticker_sentiment_label"": ""Bullish""}, {""ticker"": ""BHP"", ""relevance_score"": ""0.52759"", ""ticker_sentiment_score"": ""-0.023609"", ""ticker_sentiment_label"": ""Neutral""}, {""ticker"": ""CRYPTO:BTC"", ""relevance_score"": ""0.52759"", ""ticker_sentiment_score"": ""0.039262"", ""ticker_sentiment_label"": ""Neutral""}]"
2025-04-28,"El Salvador's Bitcoin stash grows to 6,161 BTC, as the IMF begins its first program review tied to economic and fiscal reforms.",Decrypt.co,https://decrypt.co/316650/el-salvador-is-buying-bitcoin-despite-imf-compliance-how,0.908999,https://decrypt.co/316650/el-salvador-is-buying-bitcoin-despite-imf-compliance-how,El Salvador is Buying Bitcoin Despite IMF Compliance: How?,Vismaya V,https://cdn.decrypt.co/resize/1024/height/512/wp-content/uploads/2022/11/El-Salvador-shutterstock_1135534091-16x9-1-gID_7.jpg,decrypt.co,"Economy - Monetary,Financial Markets",0.303166,Somewhat-Bullish,"[{""ticker"": ""CRYPTO:BTC"", ""relevance_score"": ""0.908999"", ""ticker_sentiment_score"": ""0.41872"", ""ticker_sentiment_label"": ""Bullish""}]"
2025-04-28,"Cryptocurrency services platform Nexo announced that it is reentering the US market after facing previous regulatory challenges.According to an April 28 announcement, Nexo's reentry event featured Donald Trump Jr., who said that he thinks ""crypto is the future of finance,"" adding:""We see the ...",Cointelegraph,https://cointelegraph.com/news/nexo-is-back-in-the-united-states-trump-jr-comments-on-the-event,0.223866,https://cointelegraph.com/news/nexo-is-back-in-the-united-states-trump-jr-comments-on-the-event,Nexo back in the United States as Trump Jr. attends exclusive event,Adrian Zmudzinski,https://s3.cointelegraph.com/uploads/2025-04/01967b65-aa9f-713f-93f2-b916e72a7f37,cointelegraph.com,"Technology,Blockchain,Financial Markets",0.116396,Neutral,"[{""ticker"": ""MSTR"", ""relevance_score"": ""0.113062"", ""ticker_sentiment_score"": ""0.220012"", ""ticker_sentiment_label"": ""Somewhat-Bullish""}, {""ticker"": ""CRYPTO:BTC"", ""relevance_score"": ""0.223866"", ""ticker_sentiment_score"": ""0.315296"", ""ticker_sentiment_label"": ""Somewhat-Bullish""}]"
2025-04-28,"Only a handful of cryptocurrencies, such as Bitcoin ( CRYPTO: BTC ) and XRP ( CRYPTO: XRP ) , have been able to avoid the worst of the declines in response to President Donald Trump's new tariffs.Most top cryptocurrencies are down at least 20% for the year, with two major categories of ...",Motley Fool,https://www.fool.com/investing/2025/04/28/2-types-of-cryptocurrencies-getting-slammed-by-pre/,0.263942,https://www.fool.com/investing/2025/04/28/2-types-of-cryptocurrencies-getting-slammed-by-pre/,2 Types of Cryptocurrencies Getting Slammed by President Trump's New Tariffs,Dominic Basulto,https://g.foolcdn.com/image/?url=https%3A%2F%2Fg.foolcdn.com%2Feditorial%2Fimages%2F815947%2Fdisappointed-investor.jpg&op=resize&w=700,www.fool.com,"Economy - Monetary,Blockchain,Financial Markets",-0.004912,Neutral,"[{""ticker"": ""CRCW"", ""relevance_score"": ""0.053749"", ""ticker_sentiment_score"": ""0.238871"", ""ticker_sentiment_label"": ""Somewhat-Bullish""}, {""ticker"": ""CRYPTO:BTC"", ""relevance_score"": ""0.263942"", ""ticker_sentiment_score"": ""-0.199911"", ""ticker_sentiment_label"": ""Somewhat-Bearish""}, {""ticker"": ""CRYPTO:ETH"", ""relevance_score"": ""0.541654"", ""ticker_sentiment_score"": ""0.163677"", ""ticker_sentiment_label"": ""Somewhat-Bullish""}, {""ticker"": ""CRYPTO:SHIB"", ""relevance_score"": ""0.160277"", ""ticker_sentiment_score"": ""-0.022709"", ""ticker_sentiment_label"": ""Neutral""}, {""ticker"": ""CRYPTO:DOGE"", ""relevance_score"": ""0.160277"", ""ticker_sentiment_score"": ""-0.022709"", ""ticker_sentiment_label"": ""Neutral""}, {""ticker"": ""CRYPTO:ADA"", ""relevance_score"": ""0.160277"", ""ticker_sentiment_score"": ""-0.164418"", ""ticker_sentiment_label"": ""Somewhat-Bearish""}]"
2025-04-28,"The Stacks Asia DLT Foundation has become the first Bitcoin-based organization to establish an official presence in the Middle East, aiming to promote institutional Bitcoin adoption through expanded educational initiatives.Stacks Asia has partnered with the Abu Dhabi Global Market ( ADGM ) - one ...",Cointelegraph,https://cointelegraph.com/news/stacks-asia-adgm-partnership-boosts-bitcoin-adoption-middle-east,0.926714,https://cointelegraph.com/news/stacks-asia-adgm-partnership-boosts-bitcoin-adoption-middle-east,Stacks Asia expands Bitcoin initiatives with Abu Dhabi partnership,Zoltan Vardai,https://s3.cointelegraph.com/uploads/2025-04/01967bc3-5a49-72fa-9e86-958cca17c91b,cointelegraph.com,Blockchain,0.371465,Bullish,"[{""ticker"": ""CRYPTO:BTC"", ""relevance_score"": ""0.926714"", ""ticker_sentiment_score"": ""0.613973"", ""ticker_sentiment_label"": ""Bullish""}, {""ticker"": ""CRYPTO:DLT"", ""relevance_score"": ""0.17715"", ""ticker_sentiment_score"": ""0.237466"", ""ticker_sentiment_label"": ""Somewhat-Bullish""}]"
2025-04-28,"Coinbase, the world's third-largest cryptocurrency exchange by volume, is launching the Coinbase Bitcoin Yield Fund on May 1, aiming to offer Bitcoin ( BTC ) exposure for institutional investors outside the US.The fund targets an annual net return of 4% to 8% on Bitcoin holdings, according to an ...",Cointelegraph,https://cointelegraph.com/news/coinbase-to-launch-yield-bearing-bitcoin-fund-for-institutions,0.877669,https://cointelegraph.com/news/coinbase-to-launch-yield-bearing-bitcoin-fund-for-institutions,Coinbase to launch yield-bearing Bitcoin fund for institutions,Zoltan Vardai,https://s3.cointelegraph.com/uploads/2025-04/01967c46-938c-7086-bff9-5254e37b72d5,cointelegraph.com,"Finance,Blockchain,Financial Markets",0.162042,Somewhat-Bullish,"[{""ticker"": ""ASPD"", ""relevance_score"": ""0.102449"", ""ticker_sentiment_score"": ""0.162029"", ""ticker_sentiment_label"": ""Somewhat-Bullish""}, {""ticker"": ""COIN"", ""relevance_score"": ""0.632565"", ""ticker_sentiment_score"": ""0.151614"", ""ticker_sentiment_label"": ""Somewhat-Bullish""}, {""ticker"": ""CRYPTO:BTC"", ""relevance_score"": ""0.877669"", ""ticker_sentiment_score"": ""0.107653"", ""ticker_sentiment_label"": ""Neutral""}, {""ticker"": ""CRYPTO:ETH"", ""relevance_score"": ""0.203215"", ""ticker_sentiment_score"": ""-0.190736"", ""ticker_sentiment_label"": ""Somewhat-Bearish""}]"
2025-04-28,"Cryptocurrency exchange-traded products ( ETPs ) bounced back with their third-largest inflows on record last week, according to CoinShares.Global crypto ETPs collectively posted $3.4 billion of inflows in the trading week of April 21-25, marking the highest level since December 2024, CoinShares ...",Cointelegraph,https://cointelegraph.com/news/crypto-etp-3-4-billion-inflows-weakening-dollar,0.411848,https://cointelegraph.com/news/crypto-etp-3-4-billion-inflows-weakening-dollar,Crypto ETPs hit 3rd-largest inflows on record at $3.4B - CoinShares,Helen Partz,https://s3.cointelegraph.com/uploads/2025-04/01967bd8-1164-7069-a258-81420fbd3acb,cointelegraph.com,"Earnings,Blockchain,Financial Markets",0.066472,Neutral,"[{""ticker"": ""FOREX:USD"", ""relevance_score"": ""0.086245"", ""ticker_sentiment_score"": ""-0.056273"", ""ticker_sentiment_label"": ""Neutral""}, {""ticker"": ""CRYPTO:BTC"", ""relevance_score"": ""0.411848"", ""ticker_sentiment_score"": ""0.316897"", ""ticker_sentiment_label"": ""Somewhat-Bullish""}, {""ticker"": ""CRYPTO:ETH"", ""relevance_score"": ""0.254751"", ""ticker_sentiment_score"": ""-0.269084"", ""ticker_sentiment_label"": ""Somewhat-Bearish""}]"
2025-04-28,"Kendrick reaffirmed his year-end Bitcoin price target of $200,000, following a projected breakout this quarter. Growing geopolitical uncertainty and inflation risks are likely strengthening Bitcoin's appeal as a non-sovereign asset.",Benzinga,https://www.benzinga.com/markets/cryptocurrency/25/04/45034209/bitcoin-could-hit-120000-in-q2-says-standard-chartereds-geoff-kendrick,0.832645,https://www.benzinga.com/markets/cryptocurrency/25/04/45034209/bitcoin-could-hit-120000-in-q2-says-standard-chartereds-geoff-kendrick,"Bitcoin Could Hit $120,000 In Q2, Says Standard Chartered's Geoff Kendrick",Murtuza J Merchant,https://cdn.benzinga.com/files/images/story/2025/04/28/Crypto-Prices-Rise-Up-Positive--Bitcoin-_0.jpeg?width=1200&height=800&fit=crop,www.benzinga.com,"Economy - Monetary,Financial Markets",0.181598,Somewhat-Bullish,"[{""ticker"": ""SCBFF"", ""relevance_score"": ""0.198221"", ""ticker_sentiment_score"": ""0.139699"", ""ticker_sentiment_label"": ""Neutral""}, {""ticker"": ""CRYPTO:BTC"", ""relevance_score"": ""0.832645"", ""ticker_sentiment_score"": ""0.263351"", ""ticker_sentiment_label"": ""Somewhat-Bullish""}]"
2025-04-28,"Onchain sleuth ZachXBT has flagged a suspicious transfer involving 3,520 Bitcoin ( BTC ) ( valued at $330.7 million ) that may indicate a major theft. The transaction, reported on April 28, saw funds moved from a potential victim's wallet to the address bc1qcry...vz55g.Following the transfer, the ...",Cointelegraph,https://cointelegraph.com/news/zachxbt-330m-btc-heist-xmr-surge-chainalysis-privacy-crypto,0.323078,https://cointelegraph.com/news/zachxbt-330m-btc-heist-xmr-surge-chainalysis-privacy-crypto,ZachXBT flags suspicious $330M Bitcoin transfer triggering Monero surge,Amin Haqshanas,https://s3.cointelegraph.com/uploads/2025-04/01967ba6-dc1d-749e-8125-1853feab13f6,cointelegraph.com,Blockchain,-0.040998,Neutral,"[{""ticker"": ""CRYPTO:BTC"", ""relevance_score"": ""0.323078"", ""ticker_sentiment_score"": ""-0.307225"", ""ticker_sentiment_label"": ""Somewhat-Bearish""}, {""ticker"": ""CRYPTO:ETH"", ""relevance_score"": ""0.082963"", ""ticker_sentiment_score"": ""-0.257824"", ""ticker_sentiment_label"": ""Somewhat-Bearish""}, {""ticker"": ""CRYPTO:XMR"", ""relevance_score"": ""0.748136"", ""ticker_sentiment_score"": ""-0.074777"", ""ticker_sentiment_label"": ""Neutral""}]"
2025-04-28,"Monero's XMR token spiked on Monday, with investigators suspecting the network was used to launder $333 million worth of stolen Bitcoin.",Decrypt.co,https://decrypt.co/316640/monero-jumps-51-after-suspicious-transfer-of-333m-in-bitcoin,0.414559,https://decrypt.co/316640/monero-jumps-51-after-suspicious-transfer-of-333m-in-bitcoin,Monero Jumps 51% After 'Suspicious Transfer' of $333M in Bitcoin,Ryan S. Gladwin,https://cdn.decrypt.co/resize/1024/height/512/wp-content/uploads/2021/05/monero-price-up-gID_7.jpg,decrypt.co,Blockchain,-0.134105,Neutral,"[{""ticker"": ""CRYPTO:BTC"", ""relevance_score"": ""0.414559"", ""ticker_sentiment_score"": ""-0.270999"", ""ticker_sentiment_label"": ""Somewhat-Bearish""}, {""ticker"": ""CRYPTO:ETH"", ""relevance_score"": ""0.08687"", ""ticker_sentiment_score"": ""0.035817"", ""ticker_sentiment_label"": ""Neutral""}, {""ticker"": ""CRYPTO:XMR"", ""relevance_score"": ""0.898236"", ""ticker_sentiment_score"": ""-0.202506"", ""ticker_sentiment_label"": ""Somewhat-Bearish""}]"
2025-04-28,"Caitlin Long, founder and CEO of Custodia Bank, has criticized the US Federal Reserve for quietly maintaining a key anti-crypto policy that favors big-bank-issued stablecoins, despite relaxing crypto partnership rules for banks.In an April 27 thread on X, Long explained that while the Fed ...",Cointelegraph,https://cointelegraph.com/news/fed-anti-crypto-policy-favors-bank-backed-stablecoins-caitlin-long,0.437512,https://cointelegraph.com/news/fed-anti-crypto-policy-favors-bank-backed-stablecoins-caitlin-long,Caitlin Long slams US Fed over stablecoin policy favoring big banks,Amin Haqshanas,https://s3.cointelegraph.com/uploads/2025-04/01967b72-0c16-7e33-be8b-19ed8c78590c,cointelegraph.com,"Economy - Monetary,Blockchain",0.147734,Neutral,"[{""ticker"": ""CRYPTO:BTC"", ""relevance_score"": ""0.437512"", ""ticker_sentiment_score"": ""0.450361"", ""ticker_sentiment_label"": ""Bullish""}, {""ticker"": ""CRYPTO:ETH"", ""relevance_score"": ""0.183198"", ""ticker_sentiment_score"": ""0.028093"", ""ticker_sentiment_label"": ""Neutral""}]"
2025-04-28,"TORONTO, April 28, 2025 ( GLOBE NEWSWIRE ) -- Matador Technologies Inc. ( ""Matador"" or the ""Company"" ) ( TSXV: MATA, OTCQB: MATAF ) , a Bitcoin Ecosystem company, is pleased to announce that the Company's stock ticker symbol on the OTCQB Venture Market ( the ""OTCQB"" ) will change from ""MTDTF"" to ...",GlobeNewswire,https://www.globenewswire.com/news-release/2025/04/28/3069035/0/en/Matador-Technologies-Inc-Announces-Symbol-Change-and-DTC-Eligibility-of-its-Common-Shares.html,0.28387,https://www.globenewswire.com/news-release/2025/04/28/3069035/0/en/Matador-Technologies-Inc-Announces-Symbol-Change-and-DTC-Eligibility-of-its-Common-Shares.html,Matador Technologies Inc. Announces Symbol Change and DTC Eligibility of its Common Shares,Matador Technologies Inc.,,www.globenewswire.com,"Blockchain,Financial Markets",0.374648,Bullish,"[{""ticker"": ""CRYPTO:BTC"", ""relevance_score"": ""0.28387"", ""ticker_sentiment_score"": ""0.158331"", ""ticker_sentiment_label"": ""Somewhat-Bullish""}]"
2025-04-29,"Europe's second-largest neobank, Bunq, is expanding into cryptocurrency, citing growing retail investor demand for digital assets worldwide.The Amsterdam-based neobank announced the launch of Bunq Crypto on April 29, a new offering enabling its users to invest in over 300 cryptocurrencies, ...",Cointelegraph,https://cointelegraph.com/news/bunq-europe-second-largest-neobank-expands-crypto,0.197413,https://cointelegraph.com/news/bunq-europe-second-largest-neobank-expands-crypto,"Bunq, Europe's second-largest neobank, expands into crypto",Zoltan Vardai,"https://images.cointelegraph.com/cdn-cgi/image/format=auto,onerror=redirect,quality=90,width=1200/https://s3.cointelegraph.com/uploads/2025-03/0195d753-9450-794c-ad79-ae2cf97ccec6",cointelegraph.com,"Finance,Blockchain,Financial Markets",0.198611,Somewhat-Bullish,"[{""ticker"": ""COIN"", ""relevance_score"": ""0.099476"", ""ticker_sentiment_score"": ""0.0"", ""ticker_sentiment_label"": ""Neutral""}, {""ticker"": ""CRYPTO:BTC"", ""relevance_score"": ""0.197413"", ""ticker_sentiment_score"": ""0.0"", ""ticker_sentiment_label"": ""Neutral""}, {""ticker"": ""CRYPTO:ETH"", ""relevance_score"": ""0.29234"", ""ticker_sentiment_score"": ""-0.169223"", ""ticker_sentiment_label"": ""Somewhat-Bearish""}]"
2025-04-29,"Analyst Kevin says Wednesday's Core PCE data could trigger a breakout past Bitcoin's key resistance at $95,000. The $88,000-$90,000 zone is identified as critical support in the event of a pullback. Today's manic market swings are creating the perfect setup for Matt's next volatility trade.",Benzinga,https://www.benzinga.com/markets/cryptocurrency/25/04/45079322/bitcoin-glued-to-95000-but-wednesday-inflation-data-could-spur-a-breakout,0.434763,https://www.benzinga.com/markets/cryptocurrency/25/04/45079322/bitcoin-glued-to-95000-but-wednesday-inflation-data-could-spur-a-breakout,"Bitcoin Glued To $95,000 But Wednesday Inflation Data Could Spur A Breakout",Khyathi Dalal,https://cdn.benzinga.com/files/images/story/2025/04/29/Piles-Of-Golden-Bitcoin-Coin--Popular-Di_3.jpeg?width=1200&height=800&fit=crop,www.benzinga.com,"Economy - Monetary,Blockchain,Financial Markets",0.187562,Somewhat-Bullish,"[{""ticker"": ""CRYPTO:BTC"", ""relevance_score"": ""0.434763"", ""ticker_sentiment_score"": ""-0.050173"", ""ticker_sentiment_label"": ""Neutral""}, {""ticker"": ""CRYPTO:USDT"", ""relevance_score"": ""0.152018"", ""ticker_sentiment_score"": ""0.203489"", ""ticker_sentiment_label"": ""Somewhat-Bullish""}]"
2025-04-29,Key Takeaways: Fidelity Digital Assets' report said that multiple Ethereum onchain metrics suggest ETH trades at a discount.The BTC/ETH market cap ratio is at mid-2020 levels. Ethereum's layer-2 active addresses hit new highs at 13.6 million.,Cointelegraph,https://cointelegraph.com/news/ethereum-s-capitulation-suggests-eth-price-is-undervalued-fidelity-report,0.238913,https://cointelegraph.com/news/ethereum-s-capitulation-suggests-eth-price-is-undervalued-fidelity-report,Ethereum's 'capitulation' suggests ETH price is undervalued: Fidelity report,Biraajmaan Tamuly,https://s3.cointelegraph.com/uploads/2025-04/01968230-6e39-7f48-b3c6-ec5269d6658f,cointelegraph.com,"Economy - Monetary,Blockchain",0.085616,Neutral,"[{""ticker"": ""CRYPTO:BTC"", ""relevance_score"": ""0.238913"", ""ticker_sentiment_score"": ""-0.009368"", ""ticker_sentiment_label"": ""Neutral""}, {""ticker"": ""CRYPTO:ETH"", ""relevance_score"": ""0.735092"", ""ticker_sentiment_score"": ""0.179952"", ""ticker_sentiment_label"": ""Somewhat-Bullish""}, {""ticker"": ""CRYPTO:UNI"", ""relevance_score"": ""0.080728"", ""ticker_sentiment_score"": ""0.320708"", ""ticker_sentiment_label"": ""Somewhat-Bullish""}]"
2025-04-29,"LOS ANGELES, April 29, 2025 ( GLOBE NEWSWIRE ) -- Today, Lightspark is launching Spark. It started as a small experiment inside the Lightspark offices. But very quickly, it became the thing the team couldn't stop thinking about.",Benzinga,https://www.benzinga.com/pressreleases/25/04/g45078233/spark-beta-is-live,0.894489,https://www.benzinga.com/pressreleases/25/04/g45078233/spark-beta-is-live,Spark  ( Beta )  is Live,Globe Newswire,https://www.benzinga.com/next-assets/images/schema-image-default.png,www.benzinga.com,Blockchain,0.363023,Bullish,"[{""ticker"": ""CRYPTO:BTC"", ""relevance_score"": ""0.894489"", ""ticker_sentiment_score"": ""0.50925"", ""ticker_sentiment_label"": ""Bullish""}]"
2025-04-29,"The United States exchange Nasdaq has asked regulators for permission to list a 21Shares exchange-traded fund ( ETF ) holding the popular memcoin Dogecoin, regulatory filings show. The move follows 21Shares' April 10 filing of its initial proposal to launch its Dogecoin ETF, shortly after similar ...",Cointelegraph,https://cointelegraph.com/news/nasdaq-files-list-21-shares-dogecoin-etf,0.202366,https://cointelegraph.com/news/nasdaq-files-list-21-shares-dogecoin-etf,Nasdaq files to list 21Shares Dogecoin ETF,Alex O’Donnell,https://s3.cointelegraph.com/uploads/2025-04/01968274-ac9b-760f-bcef-c0f3e89cbc12,cointelegraph.com,"Blockchain,Financial Markets",0.314626,Somewhat-Bullish,"[{""ticker"": ""CRYPTO:BTC"", ""relevance_score"": ""0.202366"", ""ticker_sentiment_score"": ""0.402072"", ""ticker_sentiment_label"": ""Bullish""}, {""ticker"": ""CRYPTO:DOGE"", ""relevance_score"": ""0.751437"", ""ticker_sentiment_score"": ""0.453075"", ""ticker_sentiment_label"": ""Bullish""}]"
2025-04-29,"The United Kingdom's Treasury and Chancellor of the Exchequer, Rachel Reeves, have proposed new crypto rules aimed at ""support[ing] innovation while cracking down on fraudsters.""In an April 29 notice, the UK government announced draft rules for cryptocurrencies, including Bitcoin ( BTC ) and ...",Cointelegraph,https://cointelegraph.com/news/uk-government-crypto-rules-consumer-protection,0.509589,https://cointelegraph.com/news/uk-government-crypto-rules-consumer-protection,UK gov't proposes crypto rules in response to scams,Turner Wright,"https://images.cointelegraph.com/cdn-cgi/image/format=auto,onerror=redirect,quality=90,width=1200/https://s3.cointelegraph.com/uploads/2024-11/01936347-5640-712c-8ed2-7904e478efbd",cointelegraph.com,"Blockchain,Financial Markets",-0.03464,Neutral,"[{""ticker"": ""CRYPTO:BTC"", ""relevance_score"": ""0.509589"", ""ticker_sentiment_score"": ""-0.047892"", ""ticker_sentiment_label"": ""Neutral""}, {""ticker"": ""CRYPTO:ETH"", ""relevance_score"": ""0.509589"", ""ticker_sentiment_score"": ""-0.047892"", ""ticker_sentiment_label"": ""Neutral""}]"
2025-04-29,"Investors with a lot of money to spend have taken a bullish stance on MARA Holdings MARA. We noticed this today when the trades showed up on publicly available options history that we track here at Benzinga. Whether these are institutions or just wealthy individuals, we don't know.",Benzinga,https://www.benzinga.com/insights/options/25/04/45076408/smart-money-is-betting-big-in-mara-options,0.067158,https://www.benzinga.com/insights/options/25/04/45076408/smart-money-is-betting-big-in-mara-options,Smart Money Is Betting Big In MARA Options - MARA Holdings  ( NASDAQ:MARA ) ,Benzinga Insights,https://www.benzinga.com/next-assets/images/schema-image-default.png,www.benzinga.com,"Earnings,Blockchain,Financial Markets",0.286647,Somewhat-Bullish,"[{""ticker"": ""PLSQF"", ""relevance_score"": ""0.067158"", ""ticker_sentiment_score"": ""0.144484"", ""ticker_sentiment_label"": ""Neutral""}, {""ticker"": ""CRYPTO:BTC"", ""relevance_score"": ""0.067158"", ""ticker_sentiment_score"": ""0.352188"", ""ticker_sentiment_label"": ""Bullish""}]"
2025-04-29,"WARWICK, United Kingdom, April 29, 2025 ( GLOBE NEWSWIRE ) -- After a brief period of consolidation, Bitcoin once again sparked enthusiasm in the global market. In the past 24 hours, the price of Bitcoin once surged to $95,533, setting a new high in recent stages, and the trading volume surged to ...",Benzinga,https://www.benzinga.com/pressreleases/25/04/g45075291/bitcoin-users-unlock-passive-income-with-ja-minings-cloud-based-solutions,0.593896,https://www.benzinga.com/pressreleases/25/04/g45075291/bitcoin-users-unlock-passive-income-with-ja-minings-cloud-based-solutions,Bitcoin Users: Unlock Passive Income with JA Mining's Cloud-Based Solutions,Globe Newswire,https://www.benzinga.com/next-assets/images/schema-image-default.png,www.benzinga.com,"Earnings,Blockchain,Financial Markets",0.415397,Bullish,"[{""ticker"": ""CRYPTO:BTC"", ""relevance_score"": ""0.593896"", ""ticker_sentiment_score"": ""0.523222"", ""ticker_sentiment_label"": ""Bullish""}]"
2025-04-29,Bitwise and Grayscale have also applied for ETFs tracking Dogecoin.,Decrypt.co,https://decrypt.co/316889/nasdaq-files-for-rule-change-to-list-21shares-dogecoin-etf,0.101582,https://decrypt.co/316889/nasdaq-files-for-rule-change-to-list-21shares-dogecoin-etf,Nasdaq Files for Rule Change to List 21Shares Dogecoin ETF,André Beganski,https://cdn.decrypt.co/resize/1024/height/512/wp-content/uploads/2021/05/Hello-Pal-dogecoin-gID_7.jpg,decrypt.co,"Blockchain,Financial Markets",0.251611,Somewhat-Bullish,"[{""ticker"": ""CRYPTO:BTC"", ""relevance_score"": ""0.101582"", ""ticker_sentiment_score"": ""0.281585"", ""ticker_sentiment_label"": ""Somewhat-Bullish""}, {""ticker"": ""CRYPTO:ETH"", ""relevance_score"": ""0.101582"", ""ticker_sentiment_score"": ""0.281585"", ""ticker_sentiment_label"": ""Somewhat-Bullish""}, {""ticker"": ""CRYPTO:DOGE"", ""relevance_score"": ""0.9261"", ""ticker_sentiment_score"": ""0.464165"", ""ticker_sentiment_label"": ""Bullish""}]"
2025-04-29,"Ethereum's new dual-leadership model aims to accelerate ecosystem growth and could act as a long-term price catalyst. Traders see current price levels as a key accumulation zone, with Q2 rally potential building. Don't face extreme market conditions unprepared.",Benzinga,https://www.benzinga.com/markets/cryptocurrency/25/04/45074007/ethereum-stuck-around-1800-why-is-eth-not-moving,0.235062,https://www.benzinga.com/markets/cryptocurrency/25/04/45074007/ethereum-stuck-around-1800-why-is-eth-not-moving,"Ethereum Stuck Around $1,800: Why Is ETH Not Moving?",Khyathi Dalal,https://cdn.benzinga.com/files/images/story/2025/04/29/Ethereum-Virtual-Currency-On-Black-Scree.jpeg?width=1200&height=800&fit=crop,www.benzinga.com,"Economy - Macro,Financial Markets",0.185399,Somewhat-Bullish,"[{""ticker"": ""CRYPTO:BTC"", ""relevance_score"": ""0.235062"", ""ticker_sentiment_score"": ""-0.030784"", ""ticker_sentiment_label"": ""Neutral""}, {""ticker"": ""CRYPTO:ETH"", ""relevance_score"": ""0.837089"", ""ticker_sentiment_score"": ""0.207764"", ""ticker_sentiment_label"": ""Somewhat-Bullish""}]"
2025-04-29,Shares of Cantor Equity Partners have surged 139% over the past week. The stock skyrocketed following the announcement of a merger with Bitcoin-focused startup Twenty One. Don't face extreme market conditions unprepared.,Benzinga,https://www.benzinga.com/news/25/04/45073239/cantor-equity-cep-stock-surges-over-130-on-bitcoin-merger-with-twenty-one-whats-going-on,0.781409,https://www.benzinga.com/news/25/04/45073239/cantor-equity-cep-stock-surges-over-130-on-bitcoin-merger-with-twenty-one-whats-going-on,Cantor Equity  ( CEP )  Stock Surges Over 130% On Bitcoin Merger with Twenty One: What's Going On? - Cantor Equity Partners  ( NASDAQ:CEP ) ,Henry Khederian,https://cdn.benzinga.com/files/images/story/2025/04/29/bitcoin-3089728.jpeg?width=1200&height=800&fit=crop,www.benzinga.com,Financial Markets,0.244777,Somewhat-Bullish,"[{""ticker"": ""CEP"", ""relevance_score"": ""0.429845"", ""ticker_sentiment_score"": ""0.278416"", ""ticker_sentiment_label"": ""Somewhat-Bullish""}, {""ticker"": ""SFTBF"", ""relevance_score"": ""0.075397"", ""ticker_sentiment_score"": ""0.040536"", ""ticker_sentiment_label"": ""Neutral""}, {""ticker"": ""CRYPTO:BTC"", ""relevance_score"": ""0.781409"", ""ticker_sentiment_score"": ""0.412951"", ""ticker_sentiment_label"": ""Bullish""}]"
2025-04-29,"Key takeaways:Bitcoin tends to rally significantly when low leverage meets stronger-than-expected retail sales and hawkish Federal Reserve signals.In three separate 7-week periods, Bitcoin rose 50% to 84%.Upcoming speeches from Fed Chair Jerome Powell could benefit Bitcoin price.Bitcoin ( BTC ) ...",Cointelegraph,https://cointelegraph.com/news/bitcoin-price-always-rallies-at-least-50-after-these-two-patterns-emerge,0.668128,https://cointelegraph.com/news/bitcoin-price-always-rallies-at-least-50-after-these-two-patterns-emerge,Bitcoin price always rallies at least 50% after these two patterns emerge,Marcel Pechman,https://s3.cointelegraph.com/uploads/2025-04/0196828e-2d4b-71f0-93d5-8f1ff35d6d4f,cointelegraph.com,Economy - Monetary,0.038646,Neutral,"[{""ticker"": ""CRYPTO:BTC"", ""relevance_score"": ""0.668128"", ""ticker_sentiment_score"": ""0.200936"", ""ticker_sentiment_label"": ""Somewhat-Bullish""}]"
2025-04-29,"HELSINKI, Finland, April 29, 2025 ( GLOBE NEWSWIRE ) -- LocalBitcoins.com, a peer-to-peer cryptocurrency trading platform, has ceased its operations. Users who have previously maintained accounts on the platform are strongly advised to promptly check their account balances.",Benzinga,https://www.benzinga.com/pressreleases/25/04/g45077301/immediate-attention-required-for-localbitcoins-com-users,0.139265,https://www.benzinga.com/pressreleases/25/04/g45077301/immediate-attention-required-for-localbitcoins-com-users,Immediate attention required for LocalBitcoins.com users,Globe Newswire,https://www.benzinga.com/next-assets/images/schema-image-default.png,www.benzinga.com,"Blockchain,Financial Markets",0.147715,Neutral,"[{""ticker"": ""CRYPTO:BTC"", ""relevance_score"": ""0.139265"", ""ticker_sentiment_score"": ""0.093545"", ""ticker_sentiment_label"": ""Neutral""}]"
2025-04-29,"Former Bank of England governor Mark Carney, a Bitcoin critic, will continue to be Canada's Prime Minister after winning Monday's election.",Decrypt.co,https://decrypt.co/316888/bitcoin-critic-mark-carney-wins-canadian-election,0.363388,https://decrypt.co/316888/bitcoin-critic-mark-carney-wins-canadian-election,"Bitcoin Critic Mark Carney Wins Canadian Election, Beating Pierre Poilievre",Mat Di Salvo,https://cdn.decrypt.co/resize/1024/height/512/wp-content/uploads/2025/04/mark-carney-canada-gID_7.png,decrypt.co,"Economy - Monetary,Blockchain,Manufacturing",0.348988,Somewhat-Bullish,"[{""ticker"": ""TSLA"", ""relevance_score"": ""0.09402"", ""ticker_sentiment_score"": ""0.361898"", ""ticker_sentiment_label"": ""Bullish""}, {""ticker"": ""CRYPTO:BTC"", ""relevance_score"": ""0.363388"", ""ticker_sentiment_score"": ""0.240864"", ""ticker_sentiment_label"": ""Somewhat-Bullish""}]"
2025-04-29,"The Bank of Italy identified Bitcoin and other digital assets as emerging risk factors in a recent report, citing concerns for both investors and the financial system.In its April 2025 Financial Stability Report, the Bank of Italy flags crypto volatility and rising integration with the broader ...",Cointelegraph,https://cointelegraph.com/news/crypto-risks-investors-financial-stability-bank-of-italy,0.53784,https://cointelegraph.com/news/crypto-risks-investors-financial-stability-bank-of-italy,"Growth of crypto poses risks to investors, financial stability - Bank of Italy",Christopher Tepedino,https://s3.cointelegraph.com/uploads/2025-04/01968342-6e75-789e-81ef-7b76f6905794,cointelegraph.com,"Life Sciences,Retail & Wholesale,Technology,Blockchain",0.096367,Neutral,"[{""ticker"": ""MSTR"", ""relevance_score"": ""0.116914"", ""ticker_sentiment_score"": ""0.21946"", ""ticker_sentiment_label"": ""Somewhat-Bullish""}, {""ticker"": ""GME"", ""relevance_score"": ""0.116914"", ""ticker_sentiment_score"": ""0.21946"", ""ticker_sentiment_label"": ""Somewhat-Bullish""}, {""ticker"": ""SMLR"", ""relevance_score"": ""0.116914"", ""ticker_sentiment_score"": ""0.21946"", ""ticker_sentiment_label"": ""Somewhat-Bullish""}, {""ticker"": ""FOREX:EUR"", ""relevance_score"": ""0.116914"", ""ticker_sentiment_score"": ""0.199074"", ""ticker_sentiment_label"": ""Somewhat-Bullish""}, {""ticker"": ""FOREX:USD"", ""relevance_score"": ""0.116914"", ""ticker_sentiment_score"": ""-0.040748"", ""ticker_sentiment_label"": ""Neutral""}, {""ticker"": ""CRYPTO:BTC"", ""relevance_score"": ""0.53784"", ""ticker_sentiment_score"": ""0.272522"", ""ticker_sentiment_label"": ""Somewhat-Bullish""}]"
2025-04-29,"PORTLAND, Ore., April 29, 2025 ( GLOBE NEWSWIRE ) -- In early 2025, our team set out to identify the ultimate fast payout and instant withdrawal casinos.",Benzinga,https://www.benzinga.com/pressreleases/25/04/g45081992/fast-payout-and-instant-withdrawal-casinos-7bit-casino-rated-top-for-speedy-cashouts-in-2025,0.12392,https://www.benzinga.com/pressreleases/25/04/g45081992/fast-payout-and-instant-withdrawal-casinos-7bit-casino-rated-top-for-speedy-cashouts-in-2025,Fast Payout and Instant Withdrawal Casinos: 7Bit Casino Rated Top for Speedy Cashouts in 2025,Globe Newswire,https://www.benzinga.com/next-assets/images/schema-image-default.png,www.benzinga.com,Blockchain,0.61315,Bullish,"[{""ticker"": ""MA"", ""relevance_score"": ""0.011849"", ""ticker_sentiment_score"": ""0.126584"", ""ticker_sentiment_label"": ""Neutral""}, {""ticker"": ""RDDT"", ""relevance_score"": ""0.005925"", ""ticker_sentiment_score"": ""0.190663"", ""ticker_sentiment_label"": ""Somewhat-Bullish""}, {""ticker"": ""TRTPF"", ""relevance_score"": ""0.005925"", ""ticker_sentiment_score"": ""0.190663"", ""ticker_sentiment_label"": ""Somewhat-Bullish""}, {""ticker"": ""CRYPTO:BTC"", ""relevance_score"": ""0.12392"", ""ticker_sentiment_score"": ""0.34088"", ""ticker_sentiment_label"": ""Somewhat-Bullish""}, {""ticker"": ""CRYPTO:VPN"", ""relevance_score"": ""0.005925"", ""ticker_sentiment_score"": ""0.194244"", ""ticker_sentiment_label"": ""Somewhat-Bullish""}, {""ticker"": ""CRYPTO:BNB"", ""relevance_score"": ""0.017773"", ""ticker_sentiment_score"": ""0.146628"", ""ticker_sentiment_label"": ""Neutral""}, {""ticker"": ""CRYPTO:XRP"", ""relevance_score"": ""0.011849"", ""ticker_sentiment_score"": ""0.205219"", ""ticker_sentiment_label"": ""Somewhat-Bullish""}, {""ticker"": ""CRYPTO:ETH"", ""relevance_score"": ""0.035538"", ""ticker_sentiment_score"": ""0.193041"", ""ticker_sentiment_label"": ""Somewhat-Bullish""}, {""ticker"": ""CRYPTO:DOGE"", ""relevance_score"": ""0.023696"", ""ticker_sentiment_score"": ""0.181914"", ""ticker_sentiment_label"": ""Somewhat-Bullish""}, {""ticker"": ""CRYPTO:USDT"", ""relevance_score"": ""0.011849"", ""ticker_sentiment_score"": ""0.205219"", ""ticker_sentiment_label"": ""Somewhat-Bullish""}, {""ticker"": ""CRYPTO:LTC"", ""relevance_score"": ""0.029618"", ""ticker_sentiment_score"": ""0.187795"", ""ticker_sentiment_label"": ""Somewhat-Bullish""}]"
2025-04-29,The president is scheduled to speak at a Michigan rally Tuesday evening.,Decrypt.co,https://decrypt.co/316930/bitcoin-edges-higher-trump-hints-india-trade-deal,0.346884,https://decrypt.co/316930/bitcoin-edges-higher-trump-hints-india-trade-deal,Bitcoin Edges Higher as Trump Hints at India Trade Deal,André Beganski,https://cdn.decrypt.co/resize/1024/height/512/wp-content/uploads/2019/11/naveed-ahmed-9dt4wutvwds-unspl1-gID_7.jpg,decrypt.co,"Economy - Monetary,Blockchain",0.244906,Somewhat-Bullish,"[{""ticker"": ""CRYPTO:BTC"", ""relevance_score"": ""0.346884"", ""ticker_sentiment_score"": ""0.089737"", ""ticker_sentiment_label"": ""Neutral""}, {""ticker"": ""CRYPTO:ETH"", ""relevance_score"": ""0.089462"", ""ticker_sentiment_score"": ""0.215242"", ""ticker_sentiment_label"": ""Somewhat-Bullish""}]"
2025-04-29,BetUS was honored as the best sportsbook in a recent bookmakers' ranking of top online sportsbooks in 2025. This recognition comes after the sportsbook consistently earned high ratings from reputable sources throughout the previous year.,Benzinga,https://www.benzinga.com/pressreleases/25/04/g45084813/best-sportsbook-promos-and-bonuses-betus-voted-top-welcome-bonus,0.057837,https://www.benzinga.com/pressreleases/25/04/g45084813/best-sportsbook-promos-and-bonuses-betus-voted-top-welcome-bonus,Best Sportsbook Promos and Bonuses: BetUS Voted Top Welcome Bonus,Globe Newswire,https://www.benzinga.com/next-assets/images/schema-image-default.png,www.benzinga.com,"Earnings,Blockchain",0.455066,Bullish,"[{""ticker"": ""CRYPTO:BTC"", ""relevance_score"": ""0.057837"", ""ticker_sentiment_score"": ""0.238268"", ""ticker_sentiment_label"": ""Somewhat-Bullish""}, {""ticker"": ""CRYPTO:ETH"", ""relevance_score"": ""0.028937"", ""ticker_sentiment_score"": ""0.229573"", ""ticker_sentiment_label"": ""Somewhat-Bullish""}, {""ticker"": ""CRYPTO:LTC"", ""relevance_score"": ""0.028937"", ""ticker_sentiment_score"": ""0.229573"", ""ticker_sentiment_label"": ""Somewhat-Bullish""}, {""ticker"": ""CRYPTO:BCH"", ""relevance_score"": ""0.028937"", ""ticker_sentiment_score"": ""0.229573"", ""ticker_sentiment_label"": ""Somewhat-Bullish""}]"
2025-04-29,"The US Securities and Exchange Commission ( SEC ) has postponed deciding on whether to greenlight two proposed cryptocurrency exchange-traded funds ( ETFs ) holding Dogecoin and XRP, filings show. The US regulator has delayed its deadline for ruling on the proposed ETF listings until June, ...",Cointelegraph,https://cointelegraph.com/news/sec-punts-decision-on-bitwise-xrp-doge-etfs,0.194242,https://cointelegraph.com/news/sec-punts-decision-on-bitwise-xrp-doge-etfs,"SEC punts decisions on XRP, DOGE ETFs",Alex O’Donnell,https://s3.cointelegraph.com/uploads/2025-04/01968331-52bf-702c-aad6-23837188cf93,cointelegraph.com,"Blockchain,Financial Markets",0.021193,Neutral,"[{""ticker"": ""CRYPTO:BTC"", ""relevance_score"": ""0.194242"", ""ticker_sentiment_score"": ""-0.215983"", ""ticker_sentiment_label"": ""Somewhat-Bearish""}, {""ticker"": ""CRYPTO:ETH"", ""relevance_score"": ""0.377142"", ""ticker_sentiment_score"": ""-0.345117"", ""ticker_sentiment_label"": ""Somewhat-Bearish""}, {""ticker"": ""CRYPTO:DOGE"", ""relevance_score"": ""0.461283"", ""ticker_sentiment_score"": ""0.068238"", ""ticker_sentiment_label"": ""Neutral""}, {""ticker"": ""CRYPTO:LTC"", ""relevance_score"": ""0.097854"", ""ticker_sentiment_score"": ""0.043184"", ""ticker_sentiment_label"": ""Neutral""}]"
2025-04-29,Will U.S. authorities continue pressing ahead with the controversial coin mixing case?,Decrypt.co,https://decrypt.co/316925/bitcoin-mixer-founders-may-get-reprieve-as-doj-weighs-dropping-case,0.199037,https://decrypt.co/316925/bitcoin-mixer-founders-may-get-reprieve-as-doj-weighs-dropping-case,Bitcoin Mixer Founders May Get Reprieve as DOJ Weighs Dropping Case,Mat Di Salvo,https://cdn.decrypt.co/resize/1024/height/512/wp-content/uploads/2024/04/Samourai-Wallet-SDNY-scaled-gID_7.jpg,decrypt.co,"Finance,Blockchain,Financial Markets",-0.094195,Neutral,"[{""ticker"": ""COIN"", ""relevance_score"": ""0.100308"", ""ticker_sentiment_score"": ""-0.13885"", ""ticker_sentiment_label"": ""Neutral""}, {""ticker"": ""CRYPTO:BTC"", ""relevance_score"": ""0.199037"", ""ticker_sentiment_score"": ""-0.11079"", ""ticker_sentiment_label"": ""Neutral""}, {""ticker"": ""CRYPTO:ETH"", ""relevance_score"": ""0.100308"", ""ticker_sentiment_score"": ""0.0"", ""ticker_sentiment_label"": ""Neutral""}]"
2025-04-29,Early winners from the latest bull run are making a comeback as the AI and crypto narrative regains steam amid Bitcoin's rebound.,Decrypt.co,https://decrypt.co/316948/ai-tokens-surging-bitcoin-recovers,0.28442,https://decrypt.co/316948/ai-tokens-surging-bitcoin-recovers,AI Tokens Are Surging Again as Bitcoin Leads Crypto Market Recovery,Logan Hitchcock,https://img.decrypt.co/insecure/rs:fit:3840:0:0:0/plain/https://cdn.decrypt.co/wp-content/uploads/2025/04/Screenshot-2025-04-29-at-2.56.02 PM.png@webp,decrypt.co,Blockchain,0.216855,Somewhat-Bullish,"[{""ticker"": ""CRYPTO:BTC"", ""relevance_score"": ""0.28442"", ""ticker_sentiment_score"": ""0.142005"", ""ticker_sentiment_label"": ""Neutral""}, {""ticker"": ""CRYPTO:ETH"", ""relevance_score"": ""0.096671"", ""ticker_sentiment_score"": ""0.195648"", ""ticker_sentiment_label"": ""Somewhat-Bullish""}]"
2025-04-29,"Key Takeaways:Fidelity Digital Assets says Bitcoin is undervalued and the firm holds an optimistic mid-term outlook.The JOLTS report shows a sharp drop in open US jobs, raising investors' hope for Fed interest rate cuts. According to Fidelity Digital Assets, Bitcoin's ( BTC ) mid-term outlook ...",Cointelegraph,https://cointelegraph.com/news/bitcoin-price-still-in-bargain-zone-as-us-jobs-report-sparks-rate-cut-hopes,0.769861,https://cointelegraph.com/news/bitcoin-price-still-in-bargain-zone-as-us-jobs-report-sparks-rate-cut-hopes,Bitcoin price still in bargain zone as US jobs report sparks rate cut hopes,Biraajmaan Tamuly,https://s3.cointelegraph.com/uploads/2025-04/019682b7-dc89-7f0a-872f-adb32fe08299,cointelegraph.com,"Economy - Monetary,Financial Markets,Earnings,Blockchain",0.115069,Neutral,"[{""ticker"": ""FOREX:USD"", ""relevance_score"": ""0.073546"", ""ticker_sentiment_score"": ""-0.065079"", ""ticker_sentiment_label"": ""Neutral""}, {""ticker"": ""CRYPTO:BTC"", ""relevance_score"": ""0.769861"", ""ticker_sentiment_score"": ""0.31873"", ""ticker_sentiment_label"": ""Somewhat-Bullish""}]"
2025-04-29,The SEC said it will wait until June to decide next steps for the Bitwise Dogecoin ETF and Franklin Templeton's proposed XRP product.,Decrypt.co,https://decrypt.co/316935/sec-punts-dogecoin-xrp-etf-approvals,0.295867,https://decrypt.co/316935/sec-punts-dogecoin-xrp-etf-approvals,SEC Punts on Dogecoin and XRP ETF Approvals,Mat Di Salvo,https://cdn.decrypt.co/resize/1024/height/512/wp-content/uploads/2024/12/bitcoin-dogecoin-xrp-gID_7.png,decrypt.co,"Blockchain,Financial Markets",0.318079,Somewhat-Bullish,"[{""ticker"": ""CRYPTO:BTC"", ""relevance_score"": ""0.295867"", ""ticker_sentiment_score"": ""0.425746"", ""ticker_sentiment_label"": ""Bullish""}, {""ticker"": ""CRYPTO:ETH"", ""relevance_score"": ""0.150592"", ""ticker_sentiment_score"": ""0.106448"", ""ticker_sentiment_label"": ""Neutral""}, {""ticker"": ""CRYPTO:DOGE"", ""relevance_score"": ""0.552443"", ""ticker_sentiment_score"": ""0.340856"", ""ticker_sentiment_label"": ""Somewhat-Bullish""}, {""ticker"": ""CRYPTO:LTC"", ""relevance_score"": ""0.150592"", ""ticker_sentiment_score"": ""0.069765"", ""ticker_sentiment_label"": ""Neutral""}, {""ticker"": ""CRYPTO:ADA"", ""relevance_score"": ""0.150592"", ""ticker_sentiment_score"": ""0.069765"", ""ticker_sentiment_label"": ""Neutral""}]"
2025-04-29,"Bettors on prediction platforms Polymarket and Kalshi are flipping bearish on the US economy. As of April 29, both platforms are predicting that the US will log an economic contraction during the first quarter of 2025 in an upcoming economic data release.",Cointelegraph,https://cointelegraph.com/news/betting-markets-q1-us-gdp-forecast-flips-negative-amid-tariff-turmoil,0.099066,https://cointelegraph.com/news/betting-markets-q1-us-gdp-forecast-flips-negative-amid-tariff-turmoil,Betting markets' Q1 US GDP forecast flips negative amid tariff turmoil,Alex O’Donnell,https://s3.cointelegraph.com/uploads/2025-04/0196838c-5d9c-725f-af5c-fcd72126f2c5,cointelegraph.com,Economy - Monetary,-0.009747,Neutral,"[{""ticker"": ""CRYPTO:BTC"", ""relevance_score"": ""0.099066"", ""ticker_sentiment_score"": ""-0.146582"", ""ticker_sentiment_label"": ""Neutral""}]"
2025-04-29,Here's a look at what President Trump has done for the crypto industry in his whirlwind early months back in the White House.,Decrypt.co,https://decrypt.co/316959/trump-first-100-days-crypto-president,0.338913,https://decrypt.co/316959/trump-first-100-days-crypto-president,Trump's First 100 Days as Crypto President: From Bitcoin Reserve to SEC Shakeup,Liz Napolitano,https://cdn.decrypt.co/resize/1024/height/512/wp-content/uploads/2025/04/trump-white-house-gID_7.png,decrypt.co,"Economy - Monetary,Blockchain,Financial Markets",0.238593,Somewhat-Bullish,"[{""ticker"": ""CRYPTO:BTC"", ""relevance_score"": ""0.338913"", ""ticker_sentiment_score"": ""0.294954"", ""ticker_sentiment_label"": ""Somewhat-Bullish""}]"
2025-04-29,"Key points:Weak labor and consumer data often precede Bitcoin rallies, leading some analysts to anticipate future economic stimulus programs.Job openings fell to 7.2 million in March versus the 7.5 million forecast and consumer confidence hit its lowest level since January 2021.If past patterns ...",Cointelegraph,https://cointelegraph.com/news/labor-pain-crypto-gain-how-weak-jolts-data-sets-path-for-bitcoin-price-to-rally,0.616089,https://cointelegraph.com/news/labor-pain-crypto-gain-how-weak-jolts-data-sets-path-for-bitcoin-price-to-rally,"Labor pain, crypto gain - How weak JOLTS data sets path for Bitcoin price to rally",Marcel Pechman,https://s3.cointelegraph.com/uploads/2025-04/01968359-ae64-7041-9243-1e01183e8832,cointelegraph.com,"Economy - Monetary,Economy - Fiscal,Blockchain",0.109173,Neutral,"[{""ticker"": ""CRYPTO:BTC"", ""relevance_score"": ""0.616089"", ""ticker_sentiment_score"": ""0.14492"", ""ticker_sentiment_label"": ""Neutral""}]"
2025-04-29,"Trump Media and Technology Group, the social media conglomerate backed by US President Donald Trump, is considering integrating a crypto token and wallet into its video streaming site, Truth+.""We're exploring the introduction of a utility token within a Truth digital wallet that can initially be ...",Cointelegraph,https://cointelegraph.com/news/trump-media-exploring-crypto-token-digital-wallet,0.192694,https://cointelegraph.com/news/trump-media-exploring-crypto-token-digital-wallet,Trump Media considers crypto token and wallet for streaming arm,Brayden Lindrea,https://s3.cointelegraph.com/uploads/2025-04/019683eb-95cc-7d88-9de8-52f797541d0a,cointelegraph.com,"Financial Markets,Technology,Finance,Blockchain",0.297967,Somewhat-Bullish,"[{""ticker"": ""SCHW"", ""relevance_score"": ""0.097062"", ""ticker_sentiment_score"": ""0.091679"", ""ticker_sentiment_label"": ""Neutral""}, {""ticker"": ""DJT"", ""relevance_score"": ""0.097062"", ""ticker_sentiment_score"": ""0.277041"", ""ticker_sentiment_label"": ""Somewhat-Bullish""}, {""ticker"": ""CRYPTO:BTC"", ""relevance_score"": ""0.192694"", ""ticker_sentiment_score"": ""0.130749"", ""ticker_sentiment_label"": ""Neutral""}]"
2025-04-29,"Hunts Point, WA April 29, 2025 -- ( PR.com ) -- WinnerMining says that Bitcoin is decoupling from the U.S. stock market and starting to trade more like precious metals, which once again shows the growing role of Bitcoin as a safe-haven asset in response to global economic turmoil.",Benzinga,https://www.benzinga.com/pressreleases/25/04/r45071648/winnermining-simplifies-the-cloud-mining-process-for-beginners-and-provides-daily-income-potential,0.239305,https://www.benzinga.com/pressreleases/25/04/r45071648/winnermining-simplifies-the-cloud-mining-process-for-beginners-and-provides-daily-income-potential,WinnerMining Simplifies the Cloud Mining Process for Beginners and Provides Daily Income Potential,PR.com,https://www.benzinga.com/next-assets/images/schema-image-default.png,www.benzinga.com,"Blockchain,Financial Markets",0.302359,Somewhat-Bullish,"[{""ticker"": ""CRYPTO:BTC"", ""relevance_score"": ""0.239305"", ""ticker_sentiment_score"": ""0.186614"", ""ticker_sentiment_label"": ""Somewhat-Bullish""}]"
2025-04-29,"Bitget, a cryptocurrency exchange with 100 million users, has announced a partnership with Avalanche to support community initiatives across India, one of the fastest-growing areas for crypto and Web3 developers.The partnership will see at least $10 million doled out in mini-grants, ...",Cointelegraph,https://cointelegraph.com/news/bitget-avalanche-form-partnership-to-boost-crypto-in-india,0.25168,https://cointelegraph.com/news/bitget-avalanche-form-partnership-to-boost-crypto-in-india,"Bitget, Avalanche form crypto partnership in India",Christopher Tepedino,"https://images.cointelegraph.com/cdn-cgi/image/format=auto,onerror=redirect,quality=90,width=1200/https://s3.cointelegraph.com/uploads/2025-04/019682a1-c32b-7151-8c1c-dc9798106cf3",cointelegraph.com,"Finance,Blockchain,Financial Markets",0.21401,Somewhat-Bullish,"[{""ticker"": ""COIN"", ""relevance_score"": ""0.127456"", ""ticker_sentiment_score"": ""0.151477"", ""ticker_sentiment_label"": ""Somewhat-Bullish""}, {""ticker"": ""CRYPTO:BTC"", ""relevance_score"": ""0.25168"", ""ticker_sentiment_score"": ""0.266576"", ""ticker_sentiment_label"": ""Somewhat-Bullish""}, {""ticker"": ""CRYPTO:ETH"", ""relevance_score"": ""0.25168"", ""ticker_sentiment_score"": ""0.266576"", ""ticker_sentiment_label"": ""Somewhat-Bullish""}, {""ticker"": ""CRYPTO:SHIB"", ""relevance_score"": ""0.25168"", ""ticker_sentiment_score"": ""0.266576"", ""ticker_sentiment_label"": ""Somewhat-Bullish""}, {""ticker"": ""CRYPTO:DOGE"", ""relevance_score"": ""0.25168"", ""ticker_sentiment_score"": ""0.266576"", ""ticker_sentiment_label"": ""Somewhat-Bullish""}]"
2025-04-29,"VILNIUS, Lithuania, April 29, 2025 ( GLOBE NEWSWIRE ) -- BTCC, the world's longest-serving crypto exchange, has redefined charitable giving at the Red Eagle Foundation's Legends Golf Day by enabling, for the first time in the foundation's history, Bitcoin donations that bypassed traditional ...",Benzinga,https://www.benzinga.com/pressreleases/25/04/g45071146/btcc-exchange-pioneers-bitcoin-donations-at-successful-legends-golf-day-charity-event-hosted-by-re,0.236588,https://www.benzinga.com/pressreleases/25/04/g45071146/btcc-exchange-pioneers-bitcoin-donations-at-successful-legends-golf-day-charity-event-hosted-by-re,BTCC Exchange Pioneers Bitcoin Donations at Successful Legends Golf Day Charity Event Hosted by Red Eagle Foundation,Globe Newswire,https://www.benzinga.com/next-assets/images/schema-image-default.png,www.benzinga.com,"Blockchain,Financial Markets",0.419898,Bullish,"[{""ticker"": ""CRYPTO:BTC"", ""relevance_score"": ""0.236588"", ""ticker_sentiment_score"": ""0.204165"", ""ticker_sentiment_label"": ""Somewhat-Bullish""}]"
2025-04-29,"The Ethereum Foundation, which backs the development of the Ethereum blockchain, has overhauled its leadership structure to separate the responsibilities of its management team and board of directors.The board will act as the ""security council to protect the heart and soul"" of the foundation and ...",Cointelegraph,https://cointelegraph.com/news/ethereum-foundation-shuffles-leadership-with-board-and-management-split,0.169081,https://cointelegraph.com/news/ethereum-foundation-shuffles-leadership-with-board-and-management-split,"Ethereum Foundation shuffles leadership, splits board and management",Brayden Lindrea,https://s3.cointelegraph.com/uploads/2025-04/01967f06-000a-7932-bd65-2ecab0bb0361,cointelegraph.com,Blockchain,0.144696,Neutral,"[{""ticker"": ""CRYPTO:BTC"", ""relevance_score"": ""0.169081"", ""ticker_sentiment_score"": ""-0.111105"", ""ticker_sentiment_label"": ""Neutral""}, {""ticker"": ""CRYPTO:ETH"", ""relevance_score"": ""0.930468"", ""ticker_sentiment_score"": ""0.320332"", ""ticker_sentiment_label"": ""Somewhat-Bullish""}]"
2025-04-29,"SINGAPORE, April 29, 2025 ( GLOBE NEWSWIRE ) -- With Bitcoin's price fluctuating below $100,000, many analysts predict a prolonged period of high volatility in the crypto market. Holding spot positions may struggle to generate short-term profits in such conditions.",Benzinga,https://www.benzinga.com/pressreleases/25/04/g45070415/bexback-launches-double-deposit-bonus-50-welcome-bonus-and-100x-leverage-crypto-trading-no-kyc,0.540042,https://www.benzinga.com/pressreleases/25/04/g45070415/bexback-launches-double-deposit-bonus-50-welcome-bonus-and-100x-leverage-crypto-trading-no-kyc,"BexBack Launches Double Deposit Bonus, $50 Welcome Bonus and 100x Leverage Crypto Trading No KYC",Globe Newswire,https://www.benzinga.com/next-assets/images/schema-image-default.png,www.benzinga.com,"Blockchain,Financial Markets",0.413901,Bullish,"[{""ticker"": ""CRYPTO:BTC"", ""relevance_score"": ""0.540042"", ""ticker_sentiment_score"": ""0.573955"", ""ticker_sentiment_label"": ""Bullish""}, {""ticker"": ""CRYPTO:XRP"", ""relevance_score"": ""0.058903"", ""ticker_sentiment_score"": ""0.211171"", ""ticker_sentiment_label"": ""Somewhat-Bullish""}]"
2025-04-29,"Key points:Bitcoin's most recently-moved supply segment is increasing as higher prices see an influx of ""speculative capital.""""Hot supply"" has doubled in just five weeks versus local lows in March.Active address numbers have yet to mimic a classic bull market comeback.Bitcoin ( BTC ) short-term ...",Cointelegraph,https://cointelegraph.com/news/bitcoin-hot-supply-nears-40b-new-investors-flood-in-at-95k,0.514619,https://cointelegraph.com/news/bitcoin-hot-supply-nears-40b-new-investors-flood-in-at-95k,Bitcoin 'hot supply' nears $40B as new investors flood in at $95K,William Suberg,https://s3.cointelegraph.com/uploads/2025-04/019681d5-a518-76c2-829c-c842823747ab,cointelegraph.com,,0.193653,Somewhat-Bullish,"[{""ticker"": ""CRYPTO:BTC"", ""relevance_score"": ""0.514619"", ""ticker_sentiment_score"": ""-0.055739"", ""ticker_sentiment_label"": ""Neutral""}]"
2025-04-29,"On Monday, Cathie Wood's Ark Invest executed several significant trades, including the sale of shares in Palantir Technologies Inc. PLTR, Robinhood Markets Inc. HOOD and Meta Platforms Inc. META, while also acquiring shares in Advanced Micro Devices Inc. AMD and Baidu Inc.",Benzinga,https://www.benzinga.com/25/04/45057303/cathie-wood-chops-palantir-ark-invest-dumps-9-1-million-worth-of-stock-also-sells-meta-and-robinhood-shares,0.074926,https://www.benzinga.com/25/04/45057303/cathie-wood-chops-palantir-ark-invest-dumps-9-1-million-worth-of-stock-also-sells-meta-and-robinhood-shares,"Cathie Wood Chops Palantir: Ark Invest Dumps $9.1 Million Worth Of Stock, Also Sells Meta And Robinhood Shares - Advanced Micro Devices  ( NASDAQ:AMD ) , ARK Innovation ETF  ( BATS:ARKK ) ",Shivdeep Dhaliwal,https://cdn.benzinga.com/files/images/story/2025/04/28/Russia-Moscow-24-06-2021-Logo-Of-Financi.jpeg?width=1200&height=800&fit=crop,www.benzinga.com,"Life Sciences,Financial Markets,Manufacturing,Earnings,Technology,Finance",0.318374,Somewhat-Bullish,"[{""ticker"": ""BABA"", ""relevance_score"": ""0.074926"", ""ticker_sentiment_score"": ""0.146215"", ""ticker_sentiment_label"": ""Neutral""}, {""ticker"": ""SHOP"", ""relevance_score"": ""0.149192"", ""ticker_sentiment_score"": ""0.302603"", ""ticker_sentiment_label"": ""Somewhat-Bullish""}, {""ticker"": ""META"", ""relevance_score"": ""0.222157"", ""ticker_sentiment_score"": ""0.162202"", ""ticker_sentiment_label"": ""Somewhat-Bullish""}, {""ticker"": ""BIDU"", ""relevance_score"": ""0.293214"", ""ticker_sentiment_score"": ""0.292144"", ""ticker_sentiment_label"": ""Somewhat-Bullish""}, {""ticker"": ""AMD"", ""relevance_score"": ""0.293214"", ""ticker_sentiment_score"": ""0.243524"", ""ticker_sentiment_label"": ""Somewhat-Bullish""}, {""ticker"": ""RBLX"", ""relevance_score"": ""0.149192"", ""ticker_sentiment_score"": ""0.302603"", ""ticker_sentiment_label"": ""Somewhat-Bullish""}, {""ticker"": ""SDGR"", ""relevance_score"": ""0.149192"", ""ticker_sentiment_score"": ""0.302603"", ""ticker_sentiment_label"": ""Somewhat-Bullish""}, {""ticker"": ""ABNB"", ""relevance_score"": ""0.149192"", ""ticker_sentiment_score"": ""0.302603"", ""ticker_sentiment_label"": ""Somewhat-Bullish""}, {""ticker"": ""HOOD"", ""relevance_score"": ""0.293214"", ""ticker_sentiment_score"": ""0.283749"", ""ticker_sentiment_label"": ""Somewhat-Bullish""}, {""ticker"": ""PLTR"", ""relevance_score"": ""0.149192"", ""ticker_sentiment_score"": ""0.169749"", ""ticker_sentiment_label"": ""Somewhat-Bullish""}, {""ticker"": ""CRYPTO:BTC"", ""relevance_score"": ""0.074926"", ""ticker_sentiment_score"": ""0.168892"", ""ticker_sentiment_label"": ""Somewhat-Bullish""}]"
2025-04-29,"Leading cryptocurrencies spiked on Monday, as a research group projected a new all-time high for Bitcoin in the second quarter. What Happened: The cryptocurrency touched an intraday high of $95,598.49 early morning before dipping below $93,000. BTC reclaimed $95,000 overnight.",Benzinga,https://www.benzinga.com/25/04/45057490/bitcoin-ethereum-dogecoin-mirror-stocks-rise-amid-120000-btc-prediction-for-q2-eth-needs-daily-close-above-1950-f,0.349575,https://www.benzinga.com/25/04/45057490/bitcoin-ethereum-dogecoin-mirror-stocks-rise-amid-120000-btc-prediction-for-q2-eth-needs-daily-close-above-1950-f,"Bitcoin, Ethereum, Dogecoin Mirror Stocks, Rise Amid $120,000 BTC Prediction In Q2: ETH Needs Daily Close Above $1,950 For Bullish Bias, Says Analyst - Grayscale Bitcoin Mini Trust  ( BTC )  Common units of fractional undivided beneficial interest  ( ARCA:BTC ) ",Aniket Verma,https://cdn.benzinga.com/files/images/story/2025/04/28/Bitcoin-Cryptocurrency-Stock-Market-Conc.jpeg?width=1200&height=800&fit=crop,www.benzinga.com,"Financial Markets,Earnings,Technology,Blockchain",0.149481,Neutral,"[{""ticker"": ""MSFT"", ""relevance_score"": ""0.143843"", ""ticker_sentiment_score"": ""0.0"", ""ticker_sentiment_label"": ""Neutral""}, {""ticker"": ""SCBFF"", ""relevance_score"": ""0.072217"", ""ticker_sentiment_score"": ""0.066962"", ""ticker_sentiment_label"": ""Neutral""}, {""ticker"": ""CRYPTO:BTC"", ""relevance_score"": ""0.349575"", ""ticker_sentiment_score"": ""0.125562"", ""ticker_sentiment_label"": ""Neutral""}, {""ticker"": ""CRYPTO:ETH"", ""relevance_score"": ""0.28305"", ""ticker_sentiment_score"": ""0.03331"", ""ticker_sentiment_label"": ""Neutral""}]"
2025-04-29,"Mastercard says it will allow merchants across its network to be paid with stablecoins in a partnership with payment processor Nuvei and stablecoin issuers Circle and Paxos. Through the venture, 150 million merchants across the Mastercard network will now have the option to receive payments in ...",Cointelegraph,https://cointelegraph.com/news/mastercard-partners-circle-paxos-expand-stablecoin-support-merchants,0.106541,https://cointelegraph.com/news/mastercard-partners-circle-paxos-expand-stablecoin-support-merchants,"Mastercard links with Circle, Paxos for merchant stablecoin payments",Stephen Katte,https://s3.cointelegraph.com/uploads/2025-04/01967f30-071f-7d5a-86e2-b8a6a0a48856,cointelegraph.com,"Finance,Blockchain",0.250155,Somewhat-Bullish,"[{""ticker"": ""MA"", ""relevance_score"": ""0.771935"", ""ticker_sentiment_score"": ""0.379344"", ""ticker_sentiment_label"": ""Bullish""}, {""ticker"": ""C"", ""relevance_score"": ""0.106541"", ""ticker_sentiment_score"": ""0.144339"", ""ticker_sentiment_label"": ""Neutral""}, {""ticker"": ""CRYPTO:BTC"", ""relevance_score"": ""0.106541"", ""ticker_sentiment_score"": ""-0.259382"", ""ticker_sentiment_label"": ""Somewhat-Bearish""}, {""ticker"": ""CRYPTO:USDT"", ""relevance_score"": ""0.106541"", ""ticker_sentiment_score"": ""0.14273"", ""ticker_sentiment_label"": ""Neutral""}]"
2025-04-29,"Legendary investor Ray Dalio has said the world is ""on the brink"" of the global monetary order breaking down, which is being accelerated by the Trump administration's tariff disruptions.The trade tensions are fracturing the monetary, political and international world orders by fueling ...",Cointelegraph,https://cointelegraph.com/news/ray-dalio-global-monetary-order-on-brink-breakdown,0.325924,https://cointelegraph.com/news/ray-dalio-global-monetary-order-on-brink-breakdown,Ray Dalio says global monetary order 'on the brink' of breakdown,Brayden Lindrea,https://s3.cointelegraph.com/uploads/2025-04/01967f7a-bcbf-7601-bd59-3c82a9c04a46,cointelegraph.com,Economy - Monetary,-0.026731,Neutral,"[{""ticker"": ""CRYPTO:BTC"", ""relevance_score"": ""0.325924"", ""ticker_sentiment_score"": ""0.229341"", ""ticker_sentiment_label"": ""Somewhat-Bullish""}]"
2025-04-29,"If approved by the governor, Arizona could become the first state to solidify the regulation of crypto and digital assets on the frontier.",Decrypt.co,https://decrypt.co/316830/arizona-lawmakers-approve-complementary-bitcoin-crypto-bills,0.641573,https://decrypt.co/316830/arizona-lawmakers-approve-complementary-bitcoin-crypto-bills,"Arizona Lawmakers Approve Complementary Bitcoin, Crypto Bills",Vince Dioquino,https://cdn.decrypt.co/resize/1024/height/512/wp-content/uploads/2023/01/bitcoin-arizona-gID_7.jpg,decrypt.co,"Blockchain,Financial Markets",0.099378,Neutral,"[{""ticker"": ""CRYPTO:BTC"", ""relevance_score"": ""0.641573"", ""ticker_sentiment_score"": ""0.446096"", ""ticker_sentiment_label"": ""Bullish""}]"
2025-04-29,"OpenAI has added shopping, trending search suggestions, and citation improvements to ChatGPT, bumping against Google's ad-driven business.",Decrypt.co,https://decrypt.co/316837/openai-upgrades-chatgpt-search-online-shopping,0.066047,https://decrypt.co/316837/openai-upgrades-chatgpt-search-online-shopping,"OpenAI Rolls Out Upgrades for ChatGPT Search, Online Shopping",Vismaya V,https://cdn.decrypt.co/resize/1024/height/512/wp-content/uploads/2024/09/openai-logo-mobile-phone-gID_7.jpg,decrypt.co,Technology,0.125766,Neutral,"[{""ticker"": ""GOOG"", ""relevance_score"": ""0.196344"", ""ticker_sentiment_score"": ""0.108172"", ""ticker_sentiment_label"": ""Neutral""}, {""ticker"": ""CRYPTO:BTC"", ""relevance_score"": ""0.066047"", ""ticker_sentiment_score"": ""0.138295"", ""ticker_sentiment_label"": ""Neutral""}]"
2025-04-29,"The Arizona House of Representatives greenlit two bills on Monday that could establish a Bitcoin BTC/USD or other cryptocurrency reserves in the state. What Happened: Senate Bill 1025, called the Arizona Strategic Bitcoin Reserve Act, secured 31 votes in favor and 25 against.",Benzinga,https://www.benzinga.com/markets/cryptocurrency/25/04/45058619/arizona-moving-to-convert-up-to-10-of-its-treasury-to-bitcoin-legislature-clears-bills-pav,0.937588,https://www.benzinga.com/markets/cryptocurrency/25/04/45058619/arizona-moving-to-convert-up-to-10-of-its-treasury-to-bitcoin-legislature-clears-bills-pav,Arizona Moving To Convert Up to 10% Of Its Treasury To Bitcoin: Legislature Clears Bills Paving Way For Strategic Crypto Reserve,Aniket Verma,https://cdn.benzinga.com/files/images/story/2025/04/29/Piles-Of-Golden-Bitcoin-Coin--Popular-Di.jpeg?width=1200&height=800&fit=crop,www.benzinga.com,"Blockchain,Financial Markets",0.246593,Somewhat-Bullish,"[{""ticker"": ""CRYPTO:BTC"", ""relevance_score"": ""0.937588"", ""ticker_sentiment_score"": ""0.278952"", ""ticker_sentiment_label"": ""Somewhat-Bullish""}]"
2025-04-29,Ark Invest founder Cathie Wood remains extremely bullish on the world's top cryptocurrency.,Motley Fool,https://www.fool.com/investing/2025/04/29/could-bitcoin-soar-nearly-1500-in-5-years/,0.61103,https://www.fool.com/investing/2025/04/29/could-bitcoin-soar-nearly-1500-in-5-years/,"Bitcoin Could Soar by Nearly 1,500% in 5 Years, According to This Growth Investor",Leo Sun,https://g.foolcdn.com/image/?url=https%3A%2F%2Fg.foolcdn.com%2Feditorial%2Fimages%2F816216%2Fa-bitcoin-on-a-screen.jpg&op=resize&w=700,www.fool.com,"Economy - Monetary,Blockchain,Financial Markets",0.156244,Somewhat-Bullish,"[{""ticker"": ""CRYPTO:BTC"", ""relevance_score"": ""0.61103"", ""ticker_sentiment_score"": ""0.181234"", ""ticker_sentiment_label"": ""Somewhat-Bullish""}]"
2025-04-29,"Tech investor Chamath Palihapitiya highlighted the rising dominance of stablecoins in the global financial system Tuesday, deeming them one of the hottest cryptocurrency narratives besides Bitcoin BTC/USD.",Benzinga,https://www.benzinga.com/markets/cryptocurrency/25/04/45060051/chamath-palihapitiya-says-stablecoins-are-cryptos-second-killer-app-after-bitcoin-as-volum,0.273807,https://www.benzinga.com/markets/cryptocurrency/25/04/45060051/chamath-palihapitiya-says-stablecoins-are-cryptos-second-killer-app-after-bitcoin-as-volum,"Chamath Palihapitiya Says Stablecoins Are Crypto's 'Second Killer App' After Bitcoin, As Volumes Surpass Visa - Grayscale Bitcoin Mini Trust  ( BTC )  Common units of fractional undivided beneficial interest  ( ARCA:BTC ) ",Aniket Verma,https://editorial-assets.benzinga.com/wp-content/uploads/2025/04/29032855/Screenshot-2025-04-29-125817.png,www.benzinga.com,"Blockchain,Financial Markets",0.284961,Somewhat-Bullish,"[{""ticker"": ""V"", ""relevance_score"": ""0.440549"", ""ticker_sentiment_score"": ""0.325791"", ""ticker_sentiment_label"": ""Somewhat-Bullish""}, {""ticker"": ""SCBFF"", ""relevance_score"": ""0.092927"", ""ticker_sentiment_score"": ""0.120084"", ""ticker_sentiment_label"": ""Neutral""}, {""ticker"": ""FOREX:USD"", ""relevance_score"": ""0.440549"", ""ticker_sentiment_score"": ""0.261624"", ""ticker_sentiment_label"": ""Somewhat-Bullish""}, {""ticker"": ""CRYPTO:BTC"", ""relevance_score"": ""0.273807"", ""ticker_sentiment_score"": ""0.178072"", ""ticker_sentiment_label"": ""Somewhat-Bullish""}, {""ticker"": ""CRYPTO:USDT"", ""relevance_score"": ""0.092927"", ""ticker_sentiment_score"": ""-0.017456"", ""ticker_sentiment_label"": ""Neutral""}]"
2025-04-29,"Key points:Bitcoin has beaten out three key resistance levels in a single weekly candle.The weekly close defended the 2025 yearly open, but a subsequent dip below it is making analysis question the strength of the BTC price breakout.BTC/USD remains in a ""critical zone"" pending fresh support ...",Cointelegraph,https://cointelegraph.com/news/bitcoin-in-critical-zone-triple-breakout-93-5-k-support-battle,0.871234,https://cointelegraph.com/news/bitcoin-in-critical-zone-triple-breakout-93-5-k-support-battle,Bitcoin in 'critical zone' as triple breakout meets $93.5K support battle,William Suberg,https://s3.cointelegraph.com/uploads/2025-04/019680a3-2c96-79cf-b86d-ccd972778b1b,cointelegraph.com,Technology,0.031658,Neutral,"[{""ticker"": ""GOOG"", ""relevance_score"": ""0.100729"", ""ticker_sentiment_score"": ""-0.020693"", ""ticker_sentiment_label"": ""Neutral""}, {""ticker"": ""CRYPTO:BTC"", ""relevance_score"": ""0.871234"", ""ticker_sentiment_score"": ""0.129748"", ""ticker_sentiment_label"": ""Neutral""}]"
2025-04-29,"DUBAI, United Arab Emirates, April 29, 2025 ( GLOBE NEWSWIRE ) -- Bitget, the leading cryptocurrency exchange and Web3 company, is set to make a major impact at TOKEN2049 Dubai as a Gold Sponsor of this year's landmark event.",Benzinga,https://www.benzinga.com/pressreleases/25/04/g45060213/bitget-becomes-gold-sponsor-at-token2049-dubai-ceo-gracy-chen-to-share-vision-for-cryptos-next-cha,0.050359,https://www.benzinga.com/pressreleases/25/04/g45060213/bitget-becomes-gold-sponsor-at-token2049-dubai-ceo-gracy-chen-to-share-vision-for-cryptos-next-cha,Bitget Becomes Gold Sponsor at Token2049 Dubai: CEO Gracy Chen to Share Vision for Crypto's Next Chapter,Globe Newswire,https://ml-eu.globenewswire.com/Resource/Download/dca116ce-6d79-4bfa-8ef8-9b1e72215f89/picture1.jpg,www.benzinga.com,"Blockchain,Financial Markets",0.334237,Somewhat-Bullish,"[{""ticker"": ""CRYPTO:BTC"", ""relevance_score"": ""0.050359"", ""ticker_sentiment_score"": ""0.151269"", ""ticker_sentiment_label"": ""Somewhat-Bullish""}, {""ticker"": ""CRYPTO:ETH"", ""relevance_score"": ""0.050359"", ""ticker_sentiment_score"": ""0.151269"", ""ticker_sentiment_label"": ""Somewhat-Bullish""}]"
2025-04-29,"A bear market is one of the best opportunities to invest in crypto, with one key caveat: You need to choose your investments very carefully. Bear markets tend to separate the crypto contenders from the pretenders.",Motley Fool,https://www.fool.com/investing/2025/04/29/3-cryptocurrencies-to-buy-in-a-bear-market/,0.602879,https://www.fool.com/investing/2025/04/29/3-cryptocurrencies-to-buy-in-a-bear-market/,3 Cryptocurrencies to Buy in a Bear Market,Lyle Daly,https://media.ycharts.com/charts/fa3311835d612378aa3f9e03f157a69e.png,www.fool.com,"Economy - Monetary,Blockchain,Financial Markets",0.158587,Somewhat-Bullish,"[{""ticker"": ""CRYPTO:BTC"", ""relevance_score"": ""0.602879"", ""ticker_sentiment_score"": ""0.193123"", ""ticker_sentiment_label"": ""Somewhat-Bullish""}, {""ticker"": ""CRYPTO:ETH"", ""relevance_score"": ""0.143987"", ""ticker_sentiment_score"": ""0.169457"", ""ticker_sentiment_label"": ""Somewhat-Bullish""}, {""ticker"": ""CRYPTO:XMR"", ""relevance_score"": ""0.413803"", ""ticker_sentiment_score"": ""0.321738"", ""ticker_sentiment_label"": ""Somewhat-Bullish""}]"
2025-04-29,"Key takeaways:Bitcoin supply in profit has climbed back above 85%, nearing the classic euphoric area.Onchain data shows strong accumulation from new and momentum buyers with minimal profit-taking.Bitcoin could rally toward $110,000-$115,000 helped by a ""max buying"" zone.Bitcoin ( BTC ) is ...",Cointelegraph,https://cointelegraph.com/news/bitcoin-price-targets-115k-btc-supply-euphoric-zone,0.691568,https://cointelegraph.com/news/bitcoin-price-targets-115k-btc-supply-euphoric-zone,Bitcoin targets $115K as BTC supply metric nears 'historic euphoria' zone,Yashu Gola,https://s3.cointelegraph.com/uploads/2025-04/0196809f-a334-76a5-937e-b08e6775b1ff,cointelegraph.com,Blockchain,0.376254,Bullish,"[{""ticker"": ""CRYPTO:BTC"", ""relevance_score"": ""0.691568"", ""ticker_sentiment_score"": ""0.627992"", ""ticker_sentiment_label"": ""Bullish""}]"
2025-04-29,"South Korea's People Power Party has pledged crypto reforms, including ETF approval and banking rule repeal, ahead of the June election.",Decrypt.co,https://decrypt.co/316839/south-koreas-ruling-party-spot-crypto-etfs-key-banking-rule,0.154455,https://decrypt.co/316839/south-koreas-ruling-party-spot-crypto-etfs-key-banking-rule,"South Korea's Ruling Party Vows to Approve Spot Crypto ETFs, Scrap Key Banking Rule",Vismaya V,https://cdn.decrypt.co/resize/1024/height/512/wp-content/uploads/2021/06/south-korea-crypto-taxes-gID_7.png,decrypt.co,"Finance,Blockchain,Financial Markets",0.144492,Neutral,"[{""ticker"": ""AFG"", ""relevance_score"": ""0.077593"", ""ticker_sentiment_score"": ""0.049569"", ""ticker_sentiment_label"": ""Neutral""}, {""ticker"": ""CRYPTO:BTC"", ""relevance_score"": ""0.154455"", ""ticker_sentiment_score"": ""0.077499"", ""ticker_sentiment_label"": ""Neutral""}]"
2025-04-29,"Key takeaways:Bitcoin's price consolidates as the market awaits President Trump's 100-day speech.Over $4.7 billion in BTC has been withdrawn from exchanges since April 22, reducing supply and boosting price sensitivity to demand.Trump's crypto policy clarity could spark a BTC surge, but tariffs ...",Cointelegraph,https://cointelegraph.com/news/will-trump-100-day-speech-end-bitcoin-compressing-range,0.824879,https://cointelegraph.com/news/will-trump-100-day-speech-end-bitcoin-compressing-range,Will Trump's 100-day speech end Bitcoin's 'compressing' range?,Nancy Lubale,https://s3.cointelegraph.com/uploads/2025-04/019680f6-6de9-70fe-b528-7a9546629f92,cointelegraph.com,Blockchain,0.104979,Neutral,"[{""ticker"": ""CRYPTO:BTC"", ""relevance_score"": ""0.824879"", ""ticker_sentiment_score"": ""0.125527"", ""ticker_sentiment_label"": ""Neutral""}]"
2025-04-29,"BlackRock's exchange-traded fund ( ETF ) bought nearly $1 billion worth of Bitcoin on behalf of its clients on April 28, with continued inflows providing ""structural support"" for Bitcoin's price appreciation, according to market analysts.BlackRock's iShares Bitcoin Trust ( IBIT ) ETF bought $970 ...",Cointelegraph,https://cointelegraph.com/news/blackrock-ibit-etf-second-largest-inflow-970-m,0.914646,https://cointelegraph.com/news/blackrock-ibit-etf-second-largest-inflow-970-m,"BlackRock Bitcoin ETF buys $970M in BTC as inflows surge, boost market",Zoltan Vardai,https://s3.cointelegraph.com/uploads/2025-04/0196809e-1230-7d08-a9a5-f25da868e69d,cointelegraph.com,"Blockchain,Financial Markets",0.257621,Somewhat-Bullish,"[{""ticker"": ""CRYPTO:BTC"", ""relevance_score"": ""0.914646"", ""ticker_sentiment_score"": ""0.330134"", ""ticker_sentiment_label"": ""Somewhat-Bullish""}]"
2025-04-29,"Let us examine some software stocks, such as AFRM, XYZ, BILL and TEAM, which are poised to beat earnings estimates this season.",Zacks Commentary,https://www.zacks.com/stock/news/2457827/4-software-stocks-likely-to-beat-earnings-estimates-this-season,0.032469,https://www.zacks.com/stock/news/2457827/4-software-stocks-likely-to-beat-earnings-estimates-this-season,4 Software Stocks Likely to Beat Earnings Estimates This Season,Anirudha Bhagat,https://staticx-tuner.zacks.com/images/articles/main/18/100236.jpg,www.zacks.com,"Earnings,Technology",0.246991,Somewhat-Bullish,"[{""ticker"": ""BILL"", ""relevance_score"": ""0.224309"", ""ticker_sentiment_score"": ""0.17385"", ""ticker_sentiment_label"": ""Somewhat-Bullish""}, {""ticker"": ""TEAM"", ""relevance_score"": ""0.097193"", ""ticker_sentiment_score"": ""0.063919"", ""ticker_sentiment_label"": ""Neutral""}, {""ticker"": ""AFRM"", ""relevance_score"": ""0.19295"", ""ticker_sentiment_score"": ""0.215647"", ""ticker_sentiment_label"": ""Somewhat-Bullish""}, {""ticker"": ""BSQKZ"", ""relevance_score"": ""0.064885"", ""ticker_sentiment_score"": ""0.0"", ""ticker_sentiment_label"": ""Neutral""}, {""ticker"": ""CRYPTO:BTC"", ""relevance_score"": ""0.032469"", ""ticker_sentiment_score"": ""0.26747"", ""ticker_sentiment_label"": ""Somewhat-Bullish""}]"
2025-04-29,"Looking beyond Wall Street's top -and-bottom-line estimate forecasts for Block (XYZ), delve into some of its key metrics to gain a deeper insight into the company's potential performance for the quarter ended March 2025.",Zacks Commentary,https://www.zacks.com/stock/news/2457709/ahead-of-block-xyz-q1-earnings-get-ready-with-wall-street-estimates-for-key-metrics,0.148273,https://www.zacks.com/stock/news/2457709/ahead-of-block-xyz-q1-earnings-get-ready-with-wall-street-estimates-for-key-metrics,Ahead of Block  ( XYZ )  Q1 Earnings: Get Ready With Wall Street Estimates for Key Metrics,Zacks Equity Research,https://staticx-tuner.zacks.com/images/default_article_images/default176.jpg,www.zacks.com,"Earnings,Financial Markets",0.063169,Neutral,"[{""ticker"": ""CRYPTO:BTC"", ""relevance_score"": ""0.148273"", ""ticker_sentiment_score"": ""0.076698"", ""ticker_sentiment_label"": ""Neutral""}]"
2025-04-29,"U.S. spot Bitcoin ETFs see $591.3M net inflows, led by BlackRock's IBIT. Arizona House approves bills for state Bitcoin reserve, allocating up to 10% of treasury funds to crypto. Today's manic market swings are creating the perfect setup for Matt's next volatility trade.",Benzinga,https://www.benzinga.com/markets/cryptocurrency/25/04/45066492/bitcoin-steady-at-95000-as-us-bitcoin-etfs-record-591-million-net-inflows,0.740902,https://www.benzinga.com/markets/cryptocurrency/25/04/45066492/bitcoin-steady-at-95000-as-us-bitcoin-etfs-record-591-million-net-inflows,"Bitcoin Steady At $95,000 As US Bitcoin ETFs Record $591 Million Net Inflows",Ivan Crnogatić,https://cdn.benzinga.com/files/images/story/2025/04/29/Bitcoin-ETFs.jpeg?width=1200&height=800&fit=crop,www.benzinga.com,"Blockchain,Financial Markets",0.300842,Somewhat-Bullish,"[{""ticker"": ""CRYPTO:BTC"", ""relevance_score"": ""0.740902"", ""ticker_sentiment_score"": ""0.380519"", ""ticker_sentiment_label"": ""Bullish""}, {""ticker"": ""CRYPTO:ETH"", ""relevance_score"": ""0.149192"", ""ticker_sentiment_score"": ""0.211686"", ""ticker_sentiment_label"": ""Somewhat-Bullish""}]"
2025-04-29,"The gap between Bitcoin ETF and gold ETF flows has reached $4 billion, the largest it's been since the the U.S. presidential election in November.",Decrypt.co,https://decrypt.co/316868/bitcoin-etfs-gold-hedge-us-assets,0.659949,https://decrypt.co/316868/bitcoin-etfs-gold-hedge-us-assets,Bitcoin ETFs Outstrip Gold as Investors Turn to 'Better Hedge' Against US Assets,Simon Chandler,https://cdn.decrypt.co/resize/1024/height/512/wp-content/uploads/2024/04/a_row_of_gold_photorealistic_bitcoins_on_the_ri-gID_7.jpg,decrypt.co,"Finance,Blockchain,Financial Markets",0.028973,Neutral,"[{""ticker"": ""STT"", ""relevance_score"": ""0.084423"", ""ticker_sentiment_score"": ""-0.030656"", ""ticker_sentiment_label"": ""Neutral""}, {""ticker"": ""SCBFF"", ""relevance_score"": ""0.249531"", ""ticker_sentiment_score"": ""-0.018936"", ""ticker_sentiment_label"": ""Neutral""}, {""ticker"": ""CRYPTO:BTC"", ""relevance_score"": ""0.659949"", ""ticker_sentiment_score"": ""0.007541"", ""ticker_sentiment_label"": ""Neutral""}]"
2025-04-29,"The first 100 days of the administration of US President Donald Trump have deeply impacted the crypto industry, starting with his own memecoin and culminating in a Bitcoin reserve and a spate of blockchain policymaking.",Cointelegraph,https://cointelegraph.com/news/trump-first-100-days-worst-in-history-despite-crypto-promises,0.305532,https://cointelegraph.com/news/trump-first-100-days-worst-in-history-despite-crypto-promises,Trump's first 100 days 'worst in history' despite crypto promises,Aaron Wood,https://s3.cointelegraph.com/uploads/2025-04/0196815c-798e-718a-a693-fffa1106b578,cointelegraph.com,"Economy - Monetary,Blockchain,Financial Markets",0.1016,Neutral,"[{""ticker"": ""SFTBF"", ""relevance_score"": ""0.019586"", ""ticker_sentiment_score"": ""0.143205"", ""ticker_sentiment_label"": ""Neutral""}, {""ticker"": ""FOREX:USD"", ""relevance_score"": ""0.019586"", ""ticker_sentiment_score"": ""0.147903"", ""ticker_sentiment_label"": ""Neutral""}, {""ticker"": ""CRYPTO:BTC"", ""relevance_score"": ""0.305532"", ""ticker_sentiment_score"": ""-0.05293"", ""ticker_sentiment_label"": ""Neutral""}, {""ticker"": ""CRYPTO:ETH"", ""relevance_score"": ""0.058711"", ""ticker_sentiment_score"": ""0.149"", ""ticker_sentiment_label"": ""Neutral""}, {""ticker"": ""CRYPTO:LINK"", ""relevance_score"": ""0.019586"", ""ticker_sentiment_score"": ""0.203221"", ""ticker_sentiment_label"": ""Somewhat-Bullish""}, {""ticker"": ""CRYPTO:ADA"", ""relevance_score"": ""0.058711"", ""ticker_sentiment_score"": ""0.061982"", ""ticker_sentiment_label"": ""Neutral""}]"
2025-04-29,The stock market is riding the waves of fear and optimism related to President Donald Trump's tariff plans. Further downside may be in the cards in the short term as well as in the long term if the tariffs bring on a recession or exacerbate inflation.But Bitcoin ( CRYPTO: BTC ) is showing some ...,Motley Fool,https://www.fool.com/investing/2025/04/29/bitcoin-isnt-doing-1-key-thing-right-now-heres-why/,0.469587,https://www.fool.com/investing/2025/04/29/bitcoin-isnt-doing-1-key-thing-right-now-heres-why/,Bitcoin Isn't Doing 1 Key Thing Right Now. Here's Why You Should Be Buying It.,Alex Carchidi,https://media.ycharts.com/charts/0fbf3c2b38effc2cafe2d92c8415a58e.png,www.fool.com,"Economy - Monetary,Financial Markets",0.026868,Neutral,"[{""ticker"": ""CRYPTO:BTC"", ""relevance_score"": ""0.469587"", ""ticker_sentiment_score"": ""0.053115"", ""ticker_sentiment_label"": ""Neutral""}]"
2025-04-29,"Heading into 2025, artificial intelligence ( AI ) was supposed to be one of the biggest investment trends of the year for the crypto sector. Until recently, that hadn't been the case, with many top AI cryptos down big for the year.But, over the past 30 days, some of the most popular AI cryptos ...",Motley Fool,https://www.fool.com/investing/2025/04/29/ai-cryptocurrencies-surging-which-ones-to-buy/,0.04882,https://www.fool.com/investing/2025/04/29/ai-cryptocurrencies-surging-which-ones-to-buy/,AI Cryptocurrencies Are Surging. Which Ones Should You Buy?,Dominic Basulto,https://g.foolcdn.com/image/?url=https%3A%2F%2Fg.foolcdn.com%2Feditorial%2Fimages%2F815781%2Fai-neural-network.jpg&op=resize&w=700,www.fool.com,"Financial Markets,Manufacturing,Finance,Blockchain",0.128959,Neutral,"[{""ticker"": ""NVDA"", ""relevance_score"": ""0.04882"", ""ticker_sentiment_score"": ""0.130966"", ""ticker_sentiment_label"": ""Neutral""}, {""ticker"": ""COIN"", ""relevance_score"": ""0.04882"", ""ticker_sentiment_score"": ""0.062572"", ""ticker_sentiment_label"": ""Neutral""}, {""ticker"": ""CRYPTO:BTC"", ""relevance_score"": ""0.04882"", ""ticker_sentiment_score"": ""0.0"", ""ticker_sentiment_label"": ""Neutral""}]"
2025-04-29,"PORTLAND, Ore., April 29, 2025 ( GLOBE NEWSWIRE ) -- We played through plenty of online casinos across Canada, hoping to find great bonuses and a good time, but most fell short. After talking to a few local players, one name kept popping up, so we decided to check it out.",Benzinga,https://www.benzinga.com/pressreleases/25/04/g45063797/best-online-casinos-canada-2025-7bit-casino-recognized-as-the-best-overall-choice,0.175494,https://www.benzinga.com/pressreleases/25/04/g45063797/best-online-casinos-canada-2025-7bit-casino-recognized-as-the-best-overall-choice,Best Online Casinos Canada 2025: 7Bit Casino Recognized as the Best Overall Choice,Globe Newswire,https://www.benzinga.com/next-assets/images/schema-image-default.png,www.benzinga.com,"Technology,Blockchain",0.586375,Bullish,"[{""ticker"": ""MA"", ""relevance_score"": ""0.012638"", ""ticker_sentiment_score"": ""0.229846"", ""ticker_sentiment_label"": ""Somewhat-Bullish""}, {""ticker"": ""PSFE"", ""relevance_score"": ""0.012638"", ""ticker_sentiment_score"": ""0.256051"", ""ticker_sentiment_label"": ""Somewhat-Bullish""}, {""ticker"": ""CRYPTO:BTC"", ""relevance_score"": ""0.175494"", ""ticker_sentiment_score"": ""0.293937"", ""ticker_sentiment_label"": ""Somewhat-Bullish""}, {""ticker"": ""CRYPTO:BCH"", ""relevance_score"": ""0.025272"", ""ticker_sentiment_score"": ""0.258015"", ""ticker_sentiment_label"": ""Somewhat-Bullish""}, {""ticker"": ""CRYPTO:BNB"", ""relevance_score"": ""0.025272"", ""ticker_sentiment_score"": ""0.430644"", ""ticker_sentiment_label"": ""Bullish""}, {""ticker"": ""CRYPTO:XRP"", ""relevance_score"": ""0.012638"", ""ticker_sentiment_score"": ""0.256051"", ""ticker_sentiment_label"": ""Somewhat-Bullish""}, {""ticker"": ""CRYPTO:ETH"", ""relevance_score"": ""0.050519"", ""ticker_sentiment_score"": ""0.154977"", ""ticker_sentiment_label"": ""Somewhat-Bullish""}, {""ticker"": ""CRYPTO:DOGE"", ""relevance_score"": ""0.025272"", ""ticker_sentiment_score"": ""0.344216"", ""ticker_sentiment_label"": ""Somewhat-Bullish""}, {""ticker"": ""CRYPTO:USDT"", ""relevance_score"": ""0.012638"", ""ticker_sentiment_score"": ""0.439887"", ""ticker_sentiment_label"": ""Bullish""}, {""ticker"": ""CRYPTO:LTC"", ""relevance_score"": ""0.0379"", ""ticker_sentiment_score"": ""-0.029869"", ""ticker_sentiment_label"": ""Neutral""}, {""ticker"": ""CRYPTO:TRX"", ""relevance_score"": ""0.012638"", ""ticker_sentiment_score"": ""0.256051"", ""ticker_sentiment_label"": ""Somewhat-Bullish""}, {""ticker"": ""CRYPTO:ADA"", ""relevance_score"": ""0.0379"", ""ticker_sentiment_score"": ""0.143338"", ""ticker_sentiment_label"": ""Neutral""}]"
2025-04-29,"USDC stablecoin issuer Circle has received in-principle approval ( IPA ) from the Financial Services Regulatory Authority ( FSRA ) of the Abu Dhabi Global Market ( ADGM ) , the company announced on April 29.The approval moves Circle closer to obtaining a full Financial Services Permission ( FSP ...",Cointelegraph,https://cointelegraph.com/news/circle-abu-dhabi-adgm-approval-middle-east-expansion,0.091509,https://cointelegraph.com/news/circle-abu-dhabi-adgm-approval-middle-east-expansion,Circle gets Abu Dhabi regulatory nod to expand in Middle East,Amin Haqshanas,https://s3.cointelegraph.com/uploads/2025-04/01968144-d0dc-7209-8f4d-b418aea28dc5,cointelegraph.com,"Blockchain,Financial Markets",0.353939,Bullish,"[{""ticker"": ""SBHGF"", ""relevance_score"": ""0.181819"", ""ticker_sentiment_score"": ""0.165713"", ""ticker_sentiment_label"": ""Somewhat-Bullish""}, {""ticker"": ""CRYPTO:BTC"", ""relevance_score"": ""0.091509"", ""ticker_sentiment_score"": ""0.0"", ""ticker_sentiment_label"": ""Neutral""}]"
2025-04-29,"PERTH, Australia, April 29, 2025 ( GLOBE NEWSWIRE ) -- After trying out tons of online casinos in Australia, most just didn't live up to the hype, especially when it came to bonuses. While chatting with a few local players, one name kept coming up: 7Bit casino. So, we decided to check it out.",Benzinga,https://www.benzinga.com/pressreleases/25/04/g45063757/best-online-casinos-australia-7bit-casino-ranked-top-choice-for-aussie-players-in-2025,0.053911,https://www.benzinga.com/pressreleases/25/04/g45063757/best-online-casinos-australia-7bit-casino-ranked-top-choice-for-aussie-players-in-2025,Best Online Casinos Australia: 7Bit Casino Ranked Top Choice for Aussie Players in 2025,Globe Newswire,https://www.benzinga.com/next-assets/images/schema-image-default.png,www.benzinga.com,Blockchain,0.516288,Bullish,"[{""ticker"": ""MA"", ""relevance_score"": ""0.017982"", ""ticker_sentiment_score"": ""0.321682"", ""ticker_sentiment_label"": ""Somewhat-Bullish""}, {""ticker"": ""CRYPTO:BTC"", ""relevance_score"": ""0.053911"", ""ticker_sentiment_score"": ""0.272932"", ""ticker_sentiment_label"": ""Somewhat-Bullish""}, {""ticker"": ""CRYPTO:ETH"", ""relevance_score"": ""0.035956"", ""ticker_sentiment_score"": ""0.267648"", ""ticker_sentiment_label"": ""Somewhat-Bullish""}, {""ticker"": ""CRYPTO:LTC"", ""relevance_score"": ""0.017982"", ""ticker_sentiment_score"": ""0.0"", ""ticker_sentiment_label"": ""Neutral""}]"
2025-04-29,"Bitcoin mining firm Phoenix Group announced the addition of 52 megawatts ( MW ) worth of mining capacity to its capabilities in Ethiopia.According to an April 29 announcement, with this latest addition, Phoenix's Bitcoin mining capacity in Ethiopia reaches 132 MW. The firm's global capacity now ...",Cointelegraph,https://cointelegraph.com/news/bitcoin-miner-phoenix-group-adds-52-megawatts-of-mining-capacity-in-ethiopia,0.615462,https://cointelegraph.com/news/bitcoin-miner-phoenix-group-adds-52-megawatts-of-mining-capacity-in-ethiopia,Bitcoin miner Phoenix Group adds 52 MW of mining capacity in Ethiopia,Adrian Zmudzinski,https://s3.cointelegraph.com/uploads/2025-04/0196813c-3472-779f-83b5-3d9d18546b1d,cointelegraph.com,"IPO,Blockchain,Financial Markets",0.196614,Somewhat-Bullish,"[{""ticker"": ""FOREX:AED"", ""relevance_score"": ""0.086556"", ""ticker_sentiment_score"": ""0.043111"", ""ticker_sentiment_label"": ""Neutral""}, {""ticker"": ""CRYPTO:BTC"", ""relevance_score"": ""0.615462"", ""ticker_sentiment_score"": ""0.235905"", ""ticker_sentiment_label"": ""Somewhat-Bullish""}]"
2025-04-29,"Tech giants roared, adding to strong market gains last week. Tariff fears cooled a bit, though uncertainty remains.",Zacks Commentary,https://www.zacks.com/stock/news/2457458/inside-best-performing-leveraged-etfs-of-last-week,0.060541,https://www.zacks.com/stock/news/2457458/inside-best-performing-leveraged-etfs-of-last-week,Inside Best-Performing Leveraged ETFs of Last Week,Sanghamitra Saha,https://staticx-tuner.zacks.com/images/articles/main/ad/591.jpg,www.zacks.com,"Financial Markets,Manufacturing,Earnings,Technology,Blockchain",0.265999,Somewhat-Bullish,"[{""ticker"": ""MSFT"", ""relevance_score"": ""0.060541"", ""ticker_sentiment_score"": ""0.114006"", ""ticker_sentiment_label"": ""Neutral""}, {""ticker"": ""GOOG"", ""relevance_score"": ""0.060541"", ""ticker_sentiment_score"": ""0.192062"", ""ticker_sentiment_label"": ""Somewhat-Bullish""}, {""ticker"": ""META"", ""relevance_score"": ""0.120733"", ""ticker_sentiment_score"": ""0.218923"", ""ticker_sentiment_label"": ""Somewhat-Bullish""}, {""ticker"": ""NVDA"", ""relevance_score"": ""0.180236"", ""ticker_sentiment_score"": ""0.325879"", ""ticker_sentiment_label"": ""Somewhat-Bullish""}, {""ticker"": ""TSLA"", ""relevance_score"": ""0.180236"", ""ticker_sentiment_score"": ""0.325879"", ""ticker_sentiment_label"": ""Somewhat-Bullish""}, {""ticker"": ""CRYPTO:BTC"", ""relevance_score"": ""0.060541"", ""ticker_sentiment_score"": ""0.247359"", ""ticker_sentiment_label"": ""Somewhat-Bullish""}]"
2025-04-29,"LARNACA, Cyprus, April 29, 2025 ( GLOBE NEWSWIRE ) -- No KYC casinos are ruling the gambling landscape recently. With numerous available options, it might be overwhelming for players to choose the best No KYC casino for better and safer iGaming.",Benzinga,https://www.benzinga.com/pressreleases/25/04/g45063896/best-no-kyc-casinos-jackbit-is-ranked-top-no-verification-casino-with-exclusive-bonuses,0.057628,https://www.benzinga.com/pressreleases/25/04/g45063896/best-no-kyc-casinos-jackbit-is-ranked-top-no-verification-casino-with-exclusive-bonuses,Best No KYC Casinos: JACKBIT Is Ranked Top No Verification Casino With Exclusive Bonuses,Globe Newswire,https://www.benzinga.com/next-assets/images/schema-image-default.png,www.benzinga.com,"Technology,Blockchain,Financial Markets",0.398668,Bullish,"[{""ticker"": ""MA"", ""relevance_score"": ""0.028833"", ""ticker_sentiment_score"": ""-0.046599"", ""ticker_sentiment_label"": ""Neutral""}, {""ticker"": ""GOOG"", ""relevance_score"": ""0.028833"", ""ticker_sentiment_score"": ""-0.046599"", ""ticker_sentiment_label"": ""Neutral""}, {""ticker"": ""CRYPTO:BTC"", ""relevance_score"": ""0.057628"", ""ticker_sentiment_score"": ""0.171046"", ""ticker_sentiment_label"": ""Somewhat-Bullish""}, {""ticker"": ""CRYPTO:ETH"", ""relevance_score"": ""0.014419"", ""ticker_sentiment_score"": ""0.120394"", ""ticker_sentiment_label"": ""Neutral""}, {""ticker"": ""CRYPTO:LTC"", ""relevance_score"": ""0.014419"", ""ticker_sentiment_score"": ""0.120394"", ""ticker_sentiment_label"": ""Neutral""}, {""ticker"": ""CRYPTO:BCH"", ""relevance_score"": ""0.014419"", ""ticker_sentiment_score"": ""0.120394"", ""ticker_sentiment_label"": ""Neutral""}]"
2025-04-30,"Asset manager Grayscale launched the Grayscale Bitcoin Adopters exchange-traded fund ( ETF ) , an investment vehicle that tracks companies employing a Bitcoin ( BTC ) treasury, or holding strategy.According to the April 30 announcement, the ETF will provide exposure to companies across seven ...",Cointelegraph,https://cointelegraph.com/news/grayscale-launches-grayscale-bitcoin-adopters-etf,0.99685,https://cointelegraph.com/news/grayscale-launches-grayscale-bitcoin-adopters-etf,Grayscale launches Bitcoin adopters exchange-traded fund,Vince Quill,https://s3.cointelegraph.com/uploads/2025-04/01968788-7d5e-7f55-8424-6a102f5ea7d8,cointelegraph.com,"Economy - Monetary,Financial Markets,Manufacturing,Finance,Blockchain",0.193631,Somewhat-Bullish,"[{""ticker"": ""COIN"", ""relevance_score"": ""0.09402"", ""ticker_sentiment_score"": ""0.0"", ""ticker_sentiment_label"": ""Neutral""}, {""ticker"": ""TSLA"", ""relevance_score"": ""0.09402"", ""ticker_sentiment_score"": ""0.127792"", ""ticker_sentiment_label"": ""Neutral""}, {""ticker"": ""CRYPTO:BTC"", ""relevance_score"": ""0.99685"", ""ticker_sentiment_score"": ""0.335954"", ""ticker_sentiment_label"": ""Somewhat-Bullish""}]"
2025-04-30,"Key points: US GDP shrank in Q1, raising recession alarms while also prompting calls for Fed rate cuts.Bitcoin dropped to $92,910 as GDP figures were released, but sustained buy-side demand could provide support. Today's crypto derisking is likely transitory.",Cointelegraph,https://cointelegraph.com/news/bitcoin-drops-under-93-k-after-us-gdp-data-shows-shrinking-economy-raising-recession-alarm,0.915764,https://cointelegraph.com/news/bitcoin-drops-under-93-k-after-us-gdp-data-shows-shrinking-economy-raising-recession-alarm,"Bitcoin drops under $93K after US GDP data shows shrinking economy, raising recession alarms",Big Smokey,https://s3.cointelegraph.com/uploads/2025-04/01968796-ea89-78d7-9b66-e30d58b324f3,cointelegraph.com,"Economy - Monetary,Financial Markets,Technology,Finance",-0.05307,Neutral,"[{""ticker"": ""MSTR"", ""relevance_score"": ""0.085936"", ""ticker_sentiment_score"": ""0.027733"", ""ticker_sentiment_label"": ""Neutral""}, {""ticker"": ""COIN"", ""relevance_score"": ""0.085936"", ""ticker_sentiment_score"": ""0.027733"", ""ticker_sentiment_label"": ""Neutral""}, {""ticker"": ""SFTBF"", ""relevance_score"": ""0.085936"", ""ticker_sentiment_score"": ""0.027733"", ""ticker_sentiment_label"": ""Neutral""}, {""ticker"": ""CRYPTO:BTC"", ""relevance_score"": ""0.915764"", ""ticker_sentiment_score"": ""-0.076644"", ""ticker_sentiment_label"": ""Neutral""}]"
2025-04-30,"Central banks, led by the U.S., will increase liquidity through a ""printing festival"" by September. AI trading agents are engaging with DYDX, signaling DeFi's potential for innovative trading tools. Today's manic market swings are creating the perfect setup for Matt's next volatility trade.",Benzinga,https://www.benzinga.com/markets/cryptocurrency/25/04/45109304/bitcoin-to-hit-150000-by-october-says-dydxs-charles-dhaussy,0.366961,https://www.benzinga.com/markets/cryptocurrency/25/04/45109304/bitcoin-to-hit-150000-by-october-says-dydxs-charles-dhaussy,"Bitcoin To Hit $150,000 By October, Says DYDX's Charles d'Haussy",Murtuza J Merchant,https://cdn.benzinga.com/files/images/story/2025/04/30/Crypto-Prices-Rise-Up-Positive--Bitcoin-.jpeg?width=1200&height=800&fit=crop,www.benzinga.com,"Economy - Monetary,Blockchain,Financial Markets",0.363258,Bullish,"[{""ticker"": ""CRYPTO:BTC"", ""relevance_score"": ""0.366961"", ""ticker_sentiment_score"": ""0.327985"", ""ticker_sentiment_label"": ""Somewhat-Bullish""}, {""ticker"": ""CRYPTO:ETH"", ""relevance_score"": ""0.249744"", ""ticker_sentiment_score"": ""0.191937"", ""ticker_sentiment_label"": ""Somewhat-Bullish""}, {""ticker"": ""CRYPTO:AAVE"", ""relevance_score"": ""0.12645"", ""ticker_sentiment_score"": ""0.264306"", ""ticker_sentiment_label"": ""Somewhat-Bullish""}, {""ticker"": ""CRYPTO:SOL"", ""relevance_score"": ""0.063425"", ""ticker_sentiment_score"": ""0.078039"", ""ticker_sentiment_label"": ""Neutral""}, {""ticker"": ""CRYPTO:UNI"", ""relevance_score"": ""0.12645"", ""ticker_sentiment_score"": ""0.264306"", ""ticker_sentiment_label"": ""Somewhat-Bullish""}]"
2025-04-30,"""With one of the world's largest economies holding Bitcoin, or making a crypto reserve, other countries are forced to do it,"" Zhao said.",Decrypt.co,https://decrypt.co/317137/changpeng-cz-zhao-advising-countries-crypto-reserves,0.262994,https://decrypt.co/317137/changpeng-cz-zhao-advising-countries-crypto-reserves,Changpeng 'CZ' Zhao Is Advising Countries on How to Start Crypto Strategic Reserves,Stacy Elliott,https://cdn.decrypt.co/resize/1024/height/512/wp-content/uploads/2023/11/changpeng-zhao-cz-gID_7.jpg,decrypt.co,Blockchain,0.062063,Neutral,"[{""ticker"": ""CRYPTO:BTC"", ""relevance_score"": ""0.262994"", ""ticker_sentiment_score"": ""0.043769"", ""ticker_sentiment_label"": ""Neutral""}, {""ticker"": ""CRYPTO:ETH"", ""relevance_score"": ""0.089129"", ""ticker_sentiment_score"": ""0.072322"", ""ticker_sentiment_label"": ""Neutral""}, {""ticker"": ""CRYPTO:BNB"", ""relevance_score"": ""0.089129"", ""ticker_sentiment_score"": ""0.072322"", ""ticker_sentiment_label"": ""Neutral""}]"
2025-04-30,"Sydney, Australia, April 30, 2025 ( GLOBE NEWSWIRE ) -- Digital currency mining has evolved significantly from its early days of using massive, power-hungry machines at home. By 2025, cloud mining is set to dominate, offering easier access to the crypto community.",Benzinga,https://www.benzinga.com/pressreleases/25/04/g45108339/best-trusted-cloud-mining-platforms-in-2025-a-complete-guide-to-secure-crypto-investment,0.288408,https://www.benzinga.com/pressreleases/25/04/g45108339/best-trusted-cloud-mining-platforms-in-2025-a-complete-guide-to-secure-crypto-investment,Best Trusted Cloud Mining Platforms in 2025: A Complete Guide to Secure Crypto Investment,Globe Newswire,https://www.benzinga.com/next-assets/images/schema-image-default.png,www.benzinga.com,"Economy - Monetary,Financial Markets,Earnings,Blockchain",0.444383,Bullish,"[{""ticker"": ""CRYPTO:BTC"", ""relevance_score"": ""0.288408"", ""ticker_sentiment_score"": ""0.402944"", ""ticker_sentiment_label"": ""Bullish""}, {""ticker"": ""CRYPTO:ETH"", ""relevance_score"": ""0.125898"", ""ticker_sentiment_score"": ""0.200342"", ""ticker_sentiment_label"": ""Somewhat-Bullish""}, {""ticker"": ""CRYPTO:DOGE"", ""relevance_score"": ""0.125898"", ""ticker_sentiment_score"": ""0.200342"", ""ticker_sentiment_label"": ""Somewhat-Bullish""}, {""ticker"": ""CRYPTO:LTC"", ""relevance_score"": ""0.125898"", ""ticker_sentiment_score"": ""0.200342"", ""ticker_sentiment_label"": ""Somewhat-Bullish""}, {""ticker"": ""CRYPTO:BNB"", ""relevance_score"": ""0.125898"", ""ticker_sentiment_score"": ""0.200342"", ""ticker_sentiment_label"": ""Somewhat-Bullish""}]"
2025-04-30,Crypto token XRP ( CRYPTO: XRP ) is falling on Wednesday. The price had fallen 5.3% in the last 24 hours as of 11:20 a.m. ET. The move comes as the S&P 500 lost 1.2% and the Nasdaq Composite lost 1.6%.Crypto investors were disappointed to learn that the Securities and Exchange Commission ( SEC ) ...,Motley Fool,https://www.fool.com/investing/2025/04/30/why-xrp-ripple-is-dropping-today/,0.154455,https://www.fool.com/investing/2025/04/30/why-xrp-ripple-is-dropping-today/,Why XRP  ( Ripple )  Is Dropping Today,Johnny Rice,https://g.foolcdn.com/editorial/images/816650/xrp-2025-sec.jpg,www.fool.com,Financial Markets,0.007293,Neutral,"[{""ticker"": ""CRYPTO:BTC"", ""relevance_score"": ""0.154455"", ""ticker_sentiment_score"": ""0.142239"", ""ticker_sentiment_label"": ""Neutral""}]"
2025-04-30,"RICHMOND, Surrey, April 30, 2025 ( GLOBE NEWSWIRE ) -- As global markets face increasing uncertainty, digital assets continue to attract attention from investors seeking alternative income streams.",Benzinga,https://www.benzinga.com/pressreleases/25/04/g45100952/make-every-day-your-payday-earn-passive-income-effortlessly-with-pairminers-new-ai-powered-mining-,0.089129,https://www.benzinga.com/pressreleases/25/04/g45100952/make-every-day-your-payday-earn-passive-income-effortlessly-with-pairminers-new-ai-powered-mining-,Make Every Day Your Payday: Earn Passive Income Effortlessly with PAIRMiner's New AI-Powered Mining Optimization,Globe Newswire,https://www.benzinga.com/next-assets/images/schema-image-default.png,www.benzinga.com,"Earnings,Blockchain",0.438458,Bullish,"[{""ticker"": ""CRYPTO:BTC"", ""relevance_score"": ""0.089129"", ""ticker_sentiment_score"": ""0.207875"", ""ticker_sentiment_label"": ""Somewhat-Bullish""}, {""ticker"": ""CRYPTO:DOGE"", ""relevance_score"": ""0.089129"", ""ticker_sentiment_score"": ""0.207875"", ""ticker_sentiment_label"": ""Somewhat-Bullish""}, {""ticker"": ""CRYPTO:LTC"", ""relevance_score"": ""0.089129"", ""ticker_sentiment_score"": ""0.207875"", ""ticker_sentiment_label"": ""Somewhat-Bullish""}]"
2025-04-30,"He may have co-invented the RSA cryptographic standard, but Adi Shamir isn't impressed with how cryptocurrencies have evolved so far.",Decrypt.co,https://decrypt.co/317115/cryptography-pioneer-adi-shamir-world-would-be-better-without-cryptocurrencies,0.169676,https://decrypt.co/317115/cryptography-pioneer-adi-shamir-world-would-be-better-without-cryptocurrencies,Cryptography Pioneer Adi Shamir: World 'Would Be Better' Without Cryptocurrencies,Vince Dioquino,https://cdn.decrypt.co/resize/1024/height/512/wp-content/uploads/2025/04/adi-shamir-rsa-gID_7.jpg,decrypt.co,Blockchain,0.16704,Somewhat-Bullish,"[{""ticker"": ""CRYPTO:BTC"", ""relevance_score"": ""0.169676"", ""ticker_sentiment_score"": ""0.071335"", ""ticker_sentiment_label"": ""Neutral""}, {""ticker"": ""CRYPTO:ETH"", ""relevance_score"": ""0.085324"", ""ticker_sentiment_score"": ""0.087197"", ""ticker_sentiment_label"": ""Neutral""}]"
2025-04-30,"Whales with a lot of money to spend have taken a noticeably bearish stance on Strategy. Looking at options history for Strategy MSTR we detected 38 trades. If we consider the specifics of each trade, it is accurate to state that 34% of the investors opened trades with bullish expectations and ...",Benzinga,https://www.benzinga.com/insights/options/25/04/45103903/a-closer-look-at-strategys-options-market-dynamics,0.07913,https://www.benzinga.com/insights/options/25/04/45103903/a-closer-look-at-strategys-options-market-dynamics,A Closer Look at Strategy's Options Market Dynamics - Strategy  ( NASDAQ:MSTR ) ,Benzinga Insights,https://www.benzinga.com/next-assets/images/schema-image-default.png,www.benzinga.com,"Earnings,Financial Markets",0.181263,Somewhat-Bullish,"[{""ticker"": ""PLSQF"", ""relevance_score"": ""0.07913"", ""ticker_sentiment_score"": ""0.147493"", ""ticker_sentiment_label"": ""Neutral""}, {""ticker"": ""CRYPTO:BTC"", ""relevance_score"": ""0.07913"", ""ticker_sentiment_score"": ""0.144386"", ""ticker_sentiment_label"": ""Neutral""}]"
2025-04-30,"April 2025 witnessed crypto markets rocked by more tariffs at the direction of US President Donald Trump - controversial policies that could have influenced the outcome of Canada's elections on April 28. On April 2, Trump levied ""discounted reciprocal tariffs"" on 185 countries and territories.",Cointelegraph,https://cointelegraph.com/news/bitcoin-price-recovers-ethereum-rwa-value-up-april-2025,0.154455,https://cointelegraph.com/news/bitcoin-price-recovers-ethereum-rwa-value-up-april-2025,"Bitcoin price recovers, Ethereum RWA value up 20%: April in charts",Aaron Wood,https://s3.cointelegraph.com/uploads/2025-04/01968711-91d7-701f-b968-bcc16afb665e,cointelegraph.com,"Economy - Monetary,Blockchain,Financial Markets",0.167699,Somewhat-Bullish,"[{""ticker"": ""PYPL"", ""relevance_score"": ""0.031079"", ""ticker_sentiment_score"": ""0.005698"", ""ticker_sentiment_label"": ""Neutral""}, {""ticker"": ""CRYPTO:BTC"", ""relevance_score"": ""0.154455"", ""ticker_sentiment_score"": ""-0.008151"", ""ticker_sentiment_label"": ""Neutral""}, {""ticker"": ""CRYPTO:ETH"", ""relevance_score"": ""0.154455"", ""ticker_sentiment_score"": ""0.152538"", ""ticker_sentiment_label"": ""Somewhat-Bullish""}]"
2025-04-30,"SINGAPORE, April 30, 2025 ( GLOBE NEWSWIRE ) -- As Bitcoin prices return to around $95,000,, many analysts believe that it will enter a long-term high-volatility market. Holding spot positions may not continue to generate profits in the short term.",Benzinga,https://www.benzinga.com/pressreleases/25/04/g45100963/bexback-launches-double-deposit-bonus-and-100x-leverage-crypto-futures-trading-no-kyc,0.601325,https://www.benzinga.com/pressreleases/25/04/g45100963/bexback-launches-double-deposit-bonus-and-100x-leverage-crypto-futures-trading-no-kyc,BexBack Launches Double Deposit Bonus and 100x Leverage Crypto Futures Trading No KYC,Globe Newswire,https://www.benzinga.com/next-assets/images/schema-image-default.png,www.benzinga.com,"Blockchain,Financial Markets",0.440262,Bullish,"[{""ticker"": ""CRYPTO:BTC"", ""relevance_score"": ""0.601325"", ""ticker_sentiment_score"": ""0.635036"", ""ticker_sentiment_label"": ""Bullish""}, {""ticker"": ""CRYPTO:USDT"", ""relevance_score"": ""0.061159"", ""ticker_sentiment_score"": ""0.274297"", ""ticker_sentiment_label"": ""Somewhat-Bullish""}]"
2025-04-30,"Changpeng ""CZ"" Zhao, the former CEO of crypto exchange Binance, said most European countries were moving ""nowhere"" in terms of the adoption of digital currencies.Speaking at the Token2049 conference in Dubai on April 30, Zhao said that areas of the United Arab Emirates were ""extremely ...",Cointelegraph,https://cointelegraph.com/news/changpeng-zhao-europe-over-crypto-adoption,0.380012,https://cointelegraph.com/news/changpeng-zhao-europe-over-crypto-adoption,Ex-Binance CEO chides Europe over crypto adoption,Turner Wright,"https://images.cointelegraph.com/cdn-cgi/image/format=auto,onerror=redirect,quality=90,width=1200/https://s3.cointelegraph.com/uploads/2025-04/01968797-76e5-71d2-b9ca-0ff881cf95b6",cointelegraph.com,Blockchain,-0.011864,Neutral,"[{""ticker"": ""CRYPTO:BTC"", ""relevance_score"": ""0.380012"", ""ticker_sentiment_score"": ""0.184053"", ""ticker_sentiment_label"": ""Somewhat-Bullish""}, {""ticker"": ""CRYPTO:ETH"", ""relevance_score"": ""0.380012"", ""ticker_sentiment_score"": ""0.184053"", ""ticker_sentiment_label"": ""Somewhat-Bullish""}]"
2025-04-30,"Hines emphasizes blockchain's transparency and privacy, rejecting claims of widespread illicit crypto use. The administration's three-phase plan seeks to integrate blockchain into U.S. financial systems. Today's manic market swings are creating the perfect setup for Matt's next volatility trade.",Benzinga,https://www.benzinga.com/markets/cryptocurrency/25/04/45106306/inside-donald-trumps-plan-to-become-the-bitcoin-superpower,0.636698,https://www.benzinga.com/markets/cryptocurrency/25/04/45106306/inside-donald-trumps-plan-to-become-the-bitcoin-superpower,Inside Donald Trump's Plan To Become The 'Bitcoin Superpower',Murtuza J Merchant,https://cdn.benzinga.com/files/images/story/2025/04/30/bitcoin-ai.png?width=1200&height=800&fit=crop,www.benzinga.com,"Blockchain,Financial Markets",0.24468,Somewhat-Bullish,"[{""ticker"": ""CRYPTO:BTC"", ""relevance_score"": ""0.636698"", ""ticker_sentiment_score"": ""0.252661"", ""ticker_sentiment_label"": ""Somewhat-Bullish""}]"
2025-04-30,"U.S. regulatory fragmentation hinders crypto banks, necessitating federal-level licensing for growth. Seamus Rocca urges crypto banks to promote Bitcoin as a reserve currency amid tariff-driven instability. Feel unsure about the market's next move?",Benzinga,https://www.benzinga.com/markets/cryptocurrency/25/04/45110966/bitcoin-betters-stocks-in-uncertain-world-says-xapo-bank-ceo-nobody-can-print-more-of-it,0.599092,https://www.benzinga.com/markets/cryptocurrency/25/04/45110966/bitcoin-betters-stocks-in-uncertain-world-says-xapo-bank-ceo-nobody-can-print-more-of-it,"Bitcoin Betters Stocks In Uncertain World, Says Xapo Bank CEO: 'Nobody Can Print More Of It'",Murtuza J Merchant,https://cdn.benzinga.com/files/images/story/2025/04/30/Golden-Bitcoin-Lies-On-The-Banknotes-new.jpeg?width=1200&height=800&fit=crop,www.benzinga.com,"Blockchain,Financial Markets",0.170154,Somewhat-Bullish,"[{""ticker"": ""CRYPTO:BTC"", ""relevance_score"": ""0.599092"", ""ticker_sentiment_score"": ""0.298848"", ""ticker_sentiment_label"": ""Somewhat-Bullish""}]"
2025-04-30,"Robinhood reported $927 million in revenue for Q1 of 2025, bringing in $252 million in crypto revenue amid geopolitical uncertainty.",Decrypt.co,https://decrypt.co/317217/robinhood-crypto-rebound-beat-q1-estimates,0.091162,https://decrypt.co/317217/robinhood-crypto-rebound-beat-q1-estimates,Robinhood Rides Crypto Rebound to Beat Q1 Estimates,Liz Napolitano,https://cdn.decrypt.co/resize/1024/height/512/wp-content/uploads/2025/03/robinhood-hood-gID_7.jpg,decrypt.co,"Earnings,Economy - Monetary,Financial Markets",0.14679,Neutral,"[{""ticker"": ""CRYPTO:BTC"", ""relevance_score"": ""0.091162"", ""ticker_sentiment_score"": ""-0.10184"", ""ticker_sentiment_label"": ""Neutral""}]"
2025-04-30,"Key Takeaways:US GDP shrank -0.3% in Q1, far below +0.3% forecasts, sparking recession fears.Bitcoin faces selling pressure with its spot volume delta dropping $300 million in 3 days.Whales are accumulating BTC, but smaller holders are selling, hinting at profit-taking.Bitcoin's ( BTC ) price ...",Cointelegraph,https://cointelegraph.com/news/bitcoin-selling-at-95-k-is-profit-taking-pressure-test-but-btc-whales-are-still-buying,0.810464,https://cointelegraph.com/news/bitcoin-selling-at-95-k-is-profit-taking-pressure-test-but-btc-whales-are-still-buying,Bitcoin selling at $95K is 'profit-taking pressure test' but BTC whales are still buying,Biraajmaan Tamuly,https://s3.cointelegraph.com/uploads/2025-04/01968728-2b62-7225-8b6d-0daf96a9fc55,cointelegraph.com,"Economy - Monetary,Economy - Fiscal",-0.245125,Somewhat-Bearish,"[{""ticker"": ""CRYPTO:BTC"", ""relevance_score"": ""0.810464"", ""ticker_sentiment_score"": ""-0.433843"", ""ticker_sentiment_label"": ""Bearish""}]"
2025-04-30,"Key takeaways:Traders remain cautious about ETH's price action, but optimistic sentiment is beginning to return.The May 7, Ethereum Pectra upgrade could boost investor sentiment, but ETH's price action shows investors are still hesitant to open new positions.Ether ( ETH ) has been trading below ...",Cointelegraph,https://cointelegraph.com/news/ethereum-bulls-show-interest-as-traders-confidence-in-eth-s-1-8-k-level-improves,0.176717,https://cointelegraph.com/news/ethereum-bulls-show-interest-as-traders-confidence-in-eth-s-1-8-k-level-improves,Ethereum bulls show interest as traders' confidence in ETH's $1.8K level improves,Marcel Pechman,https://s3.cointelegraph.com/uploads/2025-04/01968918-38a0-739b-a4fd-7bd513d1797e,cointelegraph.com,"Blockchain,Financial Markets",0.085708,Neutral,"[{""ticker"": ""CRYPTO:BTC"", ""relevance_score"": ""0.176717"", ""ticker_sentiment_score"": ""0.077387"", ""ticker_sentiment_label"": ""Neutral""}, {""ticker"": ""CRYPTO:ETH"", ""relevance_score"": ""0.735845"", ""ticker_sentiment_score"": ""0.134526"", ""ticker_sentiment_label"": ""Neutral""}, {""ticker"": ""CRYPTO:ADA"", ""relevance_score"": ""0.118354"", ""ticker_sentiment_score"": ""0.092224"", ""ticker_sentiment_label"": ""Neutral""}]"
2025-04-30,"The Trump Organization's executive vice president, described the SWIFT international payments network as an ""absolute disaster."" ...",Decrypt.co,https://decrypt.co/317105/eric-trump-anti-crypto-banks-extinct,0.099066,https://decrypt.co/317105/eric-trump-anti-crypto-banks-extinct,Eric Trump: Anti-Crypto Banks Will Be 'Extinct in 10 Years',Connor Sephton,https://cdn.decrypt.co/resize/1024/height/512/wp-content/uploads/2024/08/eric-trump-gID_7.jpg,decrypt.co,"Technology,Blockchain,Financial Markets",0.051392,Neutral,"[{""ticker"": ""HUT"", ""relevance_score"": ""0.099066"", ""ticker_sentiment_score"": ""0.188339"", ""ticker_sentiment_label"": ""Somewhat-Bullish""}, {""ticker"": ""CRYPTO:BTC"", ""relevance_score"": ""0.099066"", ""ticker_sentiment_score"": ""0.188339"", ""ticker_sentiment_label"": ""Somewhat-Bullish""}]"
2025-04-30,"The crypto industry has seen a significant shift toward regulatory compliance since its early days, according to James Smith, co-founder of Elliptic, a crypto compliance firm established in 2013.""In the early days, only a few companies approached compliance in a serious way,"" Smith told ...",Cointelegraph,https://cointelegraph.com/news/huge-shift-crypto-firms-compliance-mindset-elliptic,0.275867,https://cointelegraph.com/news/huge-shift-crypto-firms-compliance-mindset-elliptic,"'Huge Shift' in crypto firms' compliance mindset, says Elliptic co-founder",Christopher Tepedino,https://s3.cointelegraph.com/uploads/2025-04/01968871-a28e-7a9c-b7a6-50cb8a212dcd,cointelegraph.com,"Finance,Blockchain",0.111495,Neutral,"[{""ticker"": ""COIN"", ""relevance_score"": ""0.093653"", ""ticker_sentiment_score"": ""-0.026036"", ""ticker_sentiment_label"": ""Neutral""}, {""ticker"": ""CRYPTO:BTC"", ""relevance_score"": ""0.275867"", ""ticker_sentiment_score"": ""0.139903"", ""ticker_sentiment_label"": ""Neutral""}, {""ticker"": ""CRYPTO:ETH"", ""relevance_score"": ""0.18602"", ""ticker_sentiment_score"": ""0.139131"", ""ticker_sentiment_label"": ""Neutral""}]"
2025-04-30,"Binance co-founder and former CEO Changpeng ""CZ"" Zhao took the stage at Token2049 in Dubai, United Arab Emirates ( UAE ) , where he told the audience that his investment in social media platform X was aimed at protecting freedom of speech.The former Binance executive joined a fireside panel with ...",Cointelegraph,https://cointelegraph.com/news/to-have-freedom-money-you-need-free-speech-cz,0.128135,https://cointelegraph.com/news/to-have-freedom-money-you-need-free-speech-cz,"'To have freedom of money, you have to have freedom of speech' - CZ",Vince Quill,https://s3.cointelegraph.com/uploads/2025-04/019688b9-a46a-7058-bc24-ab594559e7b9,cointelegraph.com,"Technology,Blockchain,Financial Markets",-0.002462,Neutral,"[{""ticker"": ""MSTR"", ""relevance_score"": ""0.128135"", ""ticker_sentiment_score"": ""0.0"", ""ticker_sentiment_label"": ""Neutral""}, {""ticker"": ""MEIUF"", ""relevance_score"": ""0.128135"", ""ticker_sentiment_score"": ""0.0"", ""ticker_sentiment_label"": ""Neutral""}, {""ticker"": ""CRYPTO:BTC"", ""relevance_score"": ""0.128135"", ""ticker_sentiment_score"": ""0.0"", ""ticker_sentiment_label"": ""Neutral""}, {""ticker"": ""CRYPTO:ETH"", ""relevance_score"": ""0.128135"", ""ticker_sentiment_score"": ""0.0"", ""ticker_sentiment_label"": ""Neutral""}]"
2025-04-30,"Key takeaways: Bitcoin bulls are attacking the $95,000 level again after today's brief US GDP-induced sell-off. Traders are semi-agnostic to negative US economic data as they expect the Federal Reserve to resume easing and rate cuts at some point in the future.",Cointelegraph,https://cointelegraph.com/news/bitcoin-rebounds-from-bearish-us-gdp-data-as-dip-buyers-push-btc-price-back-toward-95-k,0.682689,https://cointelegraph.com/news/bitcoin-rebounds-from-bearish-us-gdp-data-as-dip-buyers-push-btc-price-back-toward-95-k,Bitcoin rebounds from bearish US GDP data as dip buyers push BTC price back toward $95K,Big Smokey,https://s3.cointelegraph.com/uploads/2025-04/019688b0-84b8-783d-83ef-f74093cf44e0,cointelegraph.com,"Economy - Monetary,Economy - Fiscal,Financial Markets,Blockchain",0.081947,Neutral,"[{""ticker"": ""CRYPTO:BTC"", ""relevance_score"": ""0.682689"", ""ticker_sentiment_score"": ""0.136759"", ""ticker_sentiment_label"": ""Neutral""}]"
2025-04-30,"Semler Scientific bolstered its Bitcoin treasury to 3,467 BTC, just days after the Nasdaq-traded firm made its latest purchase.",Decrypt.co,https://decrypt.co/317211/publicly-traded-semler-scientific-buys-more-bitcoin,0.99037,https://decrypt.co/317211/publicly-traded-semler-scientific-buys-more-bitcoin,Publicly Traded Semler Scientific Buys Millions More in Bitcoin,Logan Hitchcock,https://cdn.decrypt.co/resize/1024/height/512/wp-content/uploads/2024/10/bitcoin-closeup-coin-btc-gID_7.png,decrypt.co,"Life Sciences,Financial Markets,Technology,Blockchain",0.171895,Somewhat-Bullish,"[{""ticker"": ""MSTR"", ""relevance_score"": ""0.121037"", ""ticker_sentiment_score"": ""0.114215"", ""ticker_sentiment_label"": ""Neutral""}, {""ticker"": ""SMLR"", ""relevance_score"": ""0.457566"", ""ticker_sentiment_score"": ""0.062859"", ""ticker_sentiment_label"": ""Neutral""}, {""ticker"": ""CRYPTO:BTC"", ""relevance_score"": ""0.99037"", ""ticker_sentiment_score"": ""0.280008"", ""ticker_sentiment_label"": ""Somewhat-Bullish""}]"
2025-04-30,"Bitcoin will benefit from a U.S. recession if the Federal Reserve slashes borrowing costs and the greenback weakens, André Dragosch said.",Decrypt.co,https://decrypt.co/317145/us-recession-a-tailwind-for-bitcoin-bitwise-analyst,0.566143,https://decrypt.co/317145/us-recession-a-tailwind-for-bitcoin-bitwise-analyst,US Recession 'Turning Into a Tailwind' for Bitcoin: Bitwise Analyst,André Beganski,https://cdn.decrypt.co/resize/1024/height/512/wp-content/uploads/2020/09/we-are-closed-gID_7.jpg,decrypt.co,"Economy - Monetary,Financial Markets,Blockchain,Economy - Macro",-0.014934,Neutral,"[{""ticker"": ""FOREX:USD"", ""relevance_score"": ""0.33628"", ""ticker_sentiment_score"": ""0.177666"", ""ticker_sentiment_label"": ""Somewhat-Bullish""}, {""ticker"": ""CRYPTO:BTC"", ""relevance_score"": ""0.566143"", ""ticker_sentiment_score"": ""-0.07771"", ""ticker_sentiment_label"": ""Neutral""}]"
2025-04-30,"Key takeaways:Bitcoin's price increased by sixfold each time its age increased by 40%.If the pattern holds, Bitcoin could rally to $351,046 in 2025.New data highlights a historical pattern that results in Bitcoin ( BTC ) price increasing by sixfold.",Cointelegraph,https://cointelegraph.com/news/bitcoin-aging-chart-projects-sixfold-btc-price-rally-above-350-k,0.733479,https://cointelegraph.com/news/bitcoin-aging-chart-projects-sixfold-btc-price-rally-above-350-k,Bitcoin 'aging' chart projects sixfold BTC price rally above $350K,Biraajmaan Tamuly,https://s3.cointelegraph.com/uploads/2025-04/01968620-7b30-7c7a-a7b8-1c95ac83bad1,cointelegraph.com,,0.155829,Somewhat-Bullish,"[{""ticker"": ""CRYPTO:BTC"", ""relevance_score"": ""0.733479"", ""ticker_sentiment_score"": ""0.143735"", ""ticker_sentiment_label"": ""Neutral""}]"
2025-04-30,"Black Lotus, a top-tier online destination for casual and seasoned punters, has topped the real money casinos category awards in 2025. Operating under TD Investments Ltd., Black Lotus has worked diligently to build trust with its players and software developers, becoming a top choice for real ...",Benzinga,https://www.benzinga.com/pressreleases/25/04/g45115350/best-online-casinos-usa-2025-black-lotus-tops-real-money-casinos,0.034039,https://www.benzinga.com/pressreleases/25/04/g45115350/best-online-casinos-usa-2025-black-lotus-tops-real-money-casinos,Best Online Casinos USA 2025: Black Lotus Tops Real Money Casinos,Globe Newswire,https://www.benzinga.com/next-assets/images/schema-image-default.png,www.benzinga.com,Financial Markets,0.395396,Bullish,"[{""ticker"": ""CRYPTO:BTC"", ""relevance_score"": ""0.034039"", ""ticker_sentiment_score"": ""0.30651"", ""ticker_sentiment_label"": ""Somewhat-Bullish""}]"
2025-04-30,"Black Lotus Casino, a well-established name in online gambling, has been recognized as the best online roulette site in the United States for 2025. Well-known for its unique offerings that make it stand out from the rest of the roulette sites in the U.S., the casino has taken the lead as the ...",Benzinga,https://www.benzinga.com/pressreleases/25/04/g45115340/best-roulette-sites-in-the-u-s-a-2025-black-lotus-casino-best-for-online-roulette,0.033562,https://www.benzinga.com/pressreleases/25/04/g45115340/best-roulette-sites-in-the-u-s-a-2025-black-lotus-casino-best-for-online-roulette,Best Roulette Sites in the U.S.A. 2025: Black Lotus Casino Best for Online Roulette,Globe Newswire,https://www.benzinga.com/next-assets/images/schema-image-default.png,www.benzinga.com,Blockchain,0.383765,Bullish,"[{""ticker"": ""CRYPTO:BTC"", ""relevance_score"": ""0.033562"", ""ticker_sentiment_score"": ""0.160881"", ""ticker_sentiment_label"": ""Somewhat-Bullish""}, {""ticker"": ""CRYPTO:ETH"", ""relevance_score"": ""0.033562"", ""ticker_sentiment_score"": ""0.160881"", ""ticker_sentiment_label"": ""Somewhat-Bullish""}]"
2025-04-30,"Global cryptocurrency market capitalization is trading 1.6% lower to $2.9 trillion. One trader sees Bitcoin is still stick in a consolidation mode, while another predicts no clear direction until a breakout. Don't face extreme market conditions unprepared.",Benzinga,https://www.benzinga.com/markets/cryptocurrency/25/04/45115005/bitcoin-ethereum-xrp-dogecoin-slide-into-red-as-q1-gdp-slides-into-contraction,0.608634,https://www.benzinga.com/markets/cryptocurrency/25/04/45115005/bitcoin-ethereum-xrp-dogecoin-slide-into-red-as-q1-gdp-slides-into-contraction,"Bitcoin, Ethereum, XRP, Dogecoin Slide Into Red As Q1 GDP Slides Into Contraction",Khyathi Dalal,https://cdn.benzinga.com/files/images/story/2025/04/30/Solana-Golden-Cryptocurrency-In-Close-up_0.jpeg?width=1200&height=800&fit=crop,www.benzinga.com,"Finance,Blockchain,Financial Markets",0.141034,Neutral,"[{""ticker"": ""PYPL"", ""relevance_score"": ""0.075874"", ""ticker_sentiment_score"": ""0.211878"", ""ticker_sentiment_label"": ""Somewhat-Bullish""}, {""ticker"": ""COIN"", ""relevance_score"": ""0.075874"", ""ticker_sentiment_score"": ""0.211878"", ""ticker_sentiment_label"": ""Somewhat-Bullish""}, {""ticker"": ""CRYPTO:BTC"", ""relevance_score"": ""0.608634"", ""ticker_sentiment_score"": ""0.109244"", ""ticker_sentiment_label"": ""Neutral""}]"
2025-04-30,"An L.A. production company will tell the story of James Howells, who believes his hard drive with $750 million in Bitcoin is buried in a landfill.",Decrypt.co,https://decrypt.co/317143/welsh-man-bitcoin-landfill-hollywood,0.194242,https://decrypt.co/317143/welsh-man-bitcoin-landfill-hollywood,Story of Man Who Lost $750 Million Worth of Bitcoin in Landfill Headed to Hollywood,Sander Lutz,https://cdn.decrypt.co/resize/1024/height/512/wp-content/uploads/2025/02/James-Howells--gID_7.jpg,decrypt.co,,0.081445,Neutral,"[{""ticker"": ""CRYPTO:BTC"", ""relevance_score"": ""0.194242"", ""ticker_sentiment_score"": ""0.131018"", ""ticker_sentiment_label"": ""Neutral""}]"
2025-04-30,"Key points:Bitcoin's 7-day volatility is the lowest in 563 days, signaling an impending range expansion.Bitcoin's breakout above $95,000 could swiftly take it to $100,000 and above.Although the probability is low, traders should remain cautious about a pullback in the near term.Bitcoin ( BTC ) ...",Cointelegraph,https://cointelegraph.com/news/price-predictions-4-30-btc-eth-xrp-bnb-sol-doge-ada-sui-link-avax,0.169676,https://cointelegraph.com/news/price-predictions-4-30-btc-eth-xrp-bnb-sol-doge-ada-sui-link-avax,"Price predictions 4/30: BTC, ETH, XRP, BNB, SOL, DOGE, ADA, SUI, LINK, AVAX",Rakesh Upadhyay,https://s3.cointelegraph.com/uploads/2025-04/0196879f-6c2e-7a27-b055-003ea9281bce,cointelegraph.com,Blockchain,-0.045986,Neutral,"[{""ticker"": ""CRYPTO:BTC"", ""relevance_score"": ""0.169676"", ""ticker_sentiment_score"": ""0.002917"", ""ticker_sentiment_label"": ""Neutral""}, {""ticker"": ""CRYPTO:AVAX"", ""relevance_score"": ""0.068306"", ""ticker_sentiment_score"": ""0.055562"", ""ticker_sentiment_label"": ""Neutral""}, {""ticker"": ""CRYPTO:BNB"", ""relevance_score"": ""0.102303"", ""ticker_sentiment_score"": ""0.0"", ""ticker_sentiment_label"": ""Neutral""}, {""ticker"": ""CRYPTO:XRP"", ""relevance_score"": ""0.102303"", ""ticker_sentiment_score"": ""-0.094679"", ""ticker_sentiment_label"": ""Neutral""}, {""ticker"": ""CRYPTO:ETH"", ""relevance_score"": ""0.102303"", ""ticker_sentiment_score"": ""-0.061817"", ""ticker_sentiment_label"": ""Neutral""}, {""ticker"": ""CRYPTO:DOGE"", ""relevance_score"": ""0.102303"", ""ticker_sentiment_score"": ""0.038461"", ""ticker_sentiment_label"": ""Neutral""}, {""ticker"": ""CRYPTO:LINK"", ""relevance_score"": ""0.102303"", ""ticker_sentiment_score"": ""-0.021228"", ""ticker_sentiment_label"": ""Neutral""}, {""ticker"": ""CRYPTO:USDT"", ""relevance_score"": ""0.331765"", ""ticker_sentiment_score"": ""0.043744"", ""ticker_sentiment_label"": ""Neutral""}, {""ticker"": ""CRYPTO:ADA"", ""relevance_score"": ""0.102303"", ""ticker_sentiment_score"": ""0.131741"", ""ticker_sentiment_label"": ""Neutral""}]"
2025-04-30,"Coin Bureau CEO says the ""Sell in May"" strategy doesn't apply to crypto in 2025, citing several bullish catalysts. He noted that macro risks are just minor headwinds for the industry. Today's manic market swings are creating the perfect setup for Matt's next volatility trade.",Benzinga,https://www.benzinga.com/markets/cryptocurrency/25/04/45112881/sell-bitcoin-ethereum-xrp-in-may-and-go-away-dont-be-so-sure-in-2025-expert-says,0.558244,https://www.benzinga.com/markets/cryptocurrency/25/04/45112881/sell-bitcoin-ethereum-xrp-in-may-and-go-away-dont-be-so-sure-in-2025-expert-says,"Sell Bitcoin, Ethereum, XRP In May And Go Away? Don't Be So Sure In 2025, Expert Says",Khyathi Dalal,https://cdn.benzinga.com/files/images/story/2025/04/30/Bitcoin-Cryptocurrency-Gold-Coins-In-Bla.jpeg?width=1200&height=800&fit=crop,www.benzinga.com,Financial Markets,0.142842,Neutral,"[{""ticker"": ""CRYPTO:BTC"", ""relevance_score"": ""0.558244"", ""ticker_sentiment_score"": ""-0.116268"", ""ticker_sentiment_label"": ""Neutral""}]"
2025-04-30,"Tether plans to launch a stablecoin product in the United States as soon as this year, the stablecoin issuer's CEO, Paul Ardoino, said in an April 30 CNBC interview. Tether's flagship stablecoin, USDT ( USDT ) , is already the US dollar's top ""exporter,"" Ardoino told CNBC. It has a market ...",Cointelegraph,https://cointelegraph.com/news/tether-plans-us-stablecoin-launch-as-soon-as-this-year-cnbc,0.110462,https://cointelegraph.com/news/tether-plans-us-stablecoin-launch-as-soon-as-this-year-cnbc,Tether plans US stablecoin launch as soon as this year - CNBC,Alex O’Donnell,https://s3.cointelegraph.com/uploads/2025-04/0196880f-b777-765c-8667-64f81a7dba5f,cointelegraph.com,"Earnings,Blockchain,Financial Markets",0.300201,Somewhat-Bullish,"[{""ticker"": ""FOREX:USD"", ""relevance_score"": ""0.110462"", ""ticker_sentiment_score"": ""0.310246"", ""ticker_sentiment_label"": ""Somewhat-Bullish""}, {""ticker"": ""CRYPTO:BTC"", ""relevance_score"": ""0.110462"", ""ticker_sentiment_score"": ""-0.262561"", ""ticker_sentiment_label"": ""Somewhat-Bearish""}]"
2025-04-30,"Chinese artificial intelligence development company DeepSeek has released a new open-weight large language model ( LLM ) .DeepSeek uploaded its newest model, Prover V2, to the hosting service Hugging Face on April 30.",Cointelegraph,https://cointelegraph.com/news/china-s-deep-seek-launches-new-open-source-ai-after-its-r1-took-on-open-ai,0.054114,https://cointelegraph.com/news/china-s-deep-seek-launches-new-open-source-ai-after-its-r1-took-on-open-ai,China's DeepSeek launches new open-source AI after R1 took on OpenAI,Adrian Zmudzinski,https://s3.cointelegraph.com/uploads/2025-04/01968665-f973-7569-8f5a-d0da36671961,cointelegraph.com,,0.063942,Neutral,"[{""ticker"": ""CRYPTO:BTC"", ""relevance_score"": ""0.054114"", ""ticker_sentiment_score"": ""-0.332994"", ""ticker_sentiment_label"": ""Somewhat-Bearish""}]"
2025-04-30,Strategic partnership accelerates growth of MB's tokenized financial assets in Latin America and beyond,Benzinga,https://www.benzinga.com/pressreleases/25/04/n45106056/mercado-bitcoin-and-wormhole-form-exclusive-partnership-to-scale-200m-tokenized-asset-platform-glo,0.13347,https://www.benzinga.com/pressreleases/25/04/n45106056/mercado-bitcoin-and-wormhole-form-exclusive-partnership-to-scale-200m-tokenized-asset-platform-glo,Mercado Bitcoin and Wormhole Form Exclusive Partnership to Scale $200M+ Tokenized Asset Platform Globally,PRNewswire,https://www.benzinga.com/next-assets/images/schema-image-default.png,www.benzinga.com,"Blockchain,Financial Markets",0.285498,Somewhat-Bullish,"[{""ticker"": ""CRYPTO:BTC"", ""relevance_score"": ""0.13347"", ""ticker_sentiment_score"": ""0.142933"", ""ticker_sentiment_label"": ""Neutral""}, {""ticker"": ""CRYPTO:UNI"", ""relevance_score"": ""0.06697"", ""ticker_sentiment_score"": ""0.121301"", ""ticker_sentiment_label"": ""Neutral""}]"
2025-04-30,"The U.S. stock market suffers its worst performance in the first 100 days of any presidential term. Here, we present a few ETF winners and losers.",Zacks Commentary,https://www.zacks.com/stock/news/2458881/a-glimpse-at-trumps-100-days-in-office-etf-winners-losers,0.078226,https://www.zacks.com/stock/news/2458881/a-glimpse-at-trumps-100-days-in-office-etf-winners-losers,A Glimpse at Trump's 100 Days in Office: ETF Winners & Losers,Sweta Killa,https://staticx-tuner.zacks.com/images/articles/main/dd/71705.jpg,www.zacks.com,"Technology,Blockchain,Economy - Monetary,Economy - Fiscal,Retail & Wholesale,Financial Markets,Manufacturing,Earnings",-0.126656,Neutral,"[{""ticker"": ""NVDA"", ""relevance_score"": ""0.078226"", ""ticker_sentiment_score"": ""-0.011452"", ""ticker_sentiment_label"": ""Neutral""}, {""ticker"": ""AAPL"", ""relevance_score"": ""0.078226"", ""ticker_sentiment_score"": ""-0.011452"", ""ticker_sentiment_label"": ""Neutral""}, {""ticker"": ""TSLA"", ""relevance_score"": ""0.078226"", ""ticker_sentiment_score"": ""-0.011452"", ""ticker_sentiment_label"": ""Neutral""}, {""ticker"": ""NYT"", ""relevance_score"": ""0.03916"", ""ticker_sentiment_score"": ""0.098079"", ""ticker_sentiment_label"": ""Neutral""}, {""ticker"": ""WBD"", ""relevance_score"": ""0.03916"", ""ticker_sentiment_score"": ""0.098079"", ""ticker_sentiment_label"": ""Neutral""}, {""ticker"": ""AMZN"", ""relevance_score"": ""0.078226"", ""ticker_sentiment_score"": ""-0.011452"", ""ticker_sentiment_label"": ""Neutral""}, {""ticker"": ""FOX"", ""relevance_score"": ""0.03916"", ""ticker_sentiment_score"": ""0.098079"", ""ticker_sentiment_label"": ""Neutral""}, {""ticker"": ""CRYPTO:BTC"", ""relevance_score"": ""0.078226"", ""ticker_sentiment_score"": ""0.018634"", ""ticker_sentiment_label"": ""Neutral""}, {""ticker"": ""CRYPTO:ETH"", ""relevance_score"": ""0.078226"", ""ticker_sentiment_score"": ""-0.05921"", ""ticker_sentiment_label"": ""Neutral""}]"
2025-04-30,"Affirm Holdings, Block, BILL Holdings and Atlassian are included in this Analyst Blog.",Zacks Commentary,https://www.zacks.com/stock/news/2458557/the-zacks-analyst-blog-highlights-affirm-holdings-block-bill-holdings-and-atlassian,0.030369,https://www.zacks.com/stock/news/2458557/the-zacks-analyst-blog-highlights-affirm-holdings-block-bill-holdings-and-atlassian,"The Zacks Analyst Blog Highlights Affirm Holdings, Block, BILL Holdings and Atlassian",Zacks Investment Research,https://staticx-tuner.zacks.com/images/articles/main/18/2156.jpg,www.zacks.com,"Earnings,Technology,Financial Markets",0.239986,Somewhat-Bullish,"[{""ticker"": ""BILL"", ""relevance_score"": ""0.239305"", ""ticker_sentiment_score"": ""0.1303"", ""ticker_sentiment_label"": ""Neutral""}, {""ticker"": ""TEAM"", ""relevance_score"": ""0.210144"", ""ticker_sentiment_score"": ""0.079289"", ""ticker_sentiment_label"": ""Neutral""}, {""ticker"": ""AFRM"", ""relevance_score"": ""0.210144"", ""ticker_sentiment_score"": ""0.175214"", ""ticker_sentiment_label"": ""Somewhat-Bullish""}, {""ticker"": ""BSQKZ"", ""relevance_score"": ""0.060694"", ""ticker_sentiment_score"": ""0.0"", ""ticker_sentiment_label"": ""Neutral""}, {""ticker"": ""CRYPTO:BTC"", ""relevance_score"": ""0.030369"", ""ticker_sentiment_score"": ""0.266247"", ""ticker_sentiment_label"": ""Somewhat-Bullish""}]"
2025-04-30,"Donald Trump, dubbed the ""crypto president,"" has completed 100 days in office since taking the oath on Jan. 20. Delivering on the pre-election promise, he established a Bitcoin BTC/USD Strategic Reserve, but it has not been enough to reverse the apex cryptocurrency's decline throughout his tenure.",Benzinga,https://www.benzinga.com/25/04/45092876/bitcoin-sinks-13-in-trumps-first-100-days-but-do-you-remember-how-the-apex-crypto-fared-during-bidens-presidency,0.756001,https://www.benzinga.com/25/04/45092876/bitcoin-sinks-13-in-trumps-first-100-days-but-do-you-remember-how-the-apex-crypto-fared-during-bidens-presidency,Bitcoin Falls 13% In First 100 Days Of 'Crypto President' Trump - How Did It Perform Under Biden?,Aniket Verma,https://cdn.benzinga.com/files/images/story/2025/04/30/Piles-Of-Golden-Bitcoin-Coin--Popular-Di.jpeg?width=1200&height=800&fit=crop,www.benzinga.com,"Economy - Monetary,Financial Markets",0.219961,Somewhat-Bullish,"[{""ticker"": ""CRYPTO:BTC"", ""relevance_score"": ""0.756001"", ""ticker_sentiment_score"": ""0.402737"", ""ticker_sentiment_label"": ""Bullish""}]"
2025-04-30,"Bitcoin ( CRYPTO: BTC ) is the world's largest cryptocurrency, with a market capitalization of $1.8 trillion, which represents more than half of the total value of all coins and tokens in circulation across the entire industry.",Motley Fool,https://www.fool.com/investing/2025/04/30/better-buy-in-2025-xrp-ripple-or-bitcoin/,0.497733,https://www.fool.com/investing/2025/04/30/better-buy-in-2025-xrp-ripple-or-bitcoin/,Better Buy in 2025: XRP  ( Ripple )  or Bitcoin?,Anthony Di Pizio,https://g.foolcdn.com/image/?url=https%3A%2F%2Fg.foolcdn.com%2Feditorial%2Fimages%2F816268%2Fa-gold-coin-with-the-bitcoin-symbol-on-its-face.jpg&op=resize&w=700,www.fool.com,"Blockchain,Financial Markets",0.262747,Somewhat-Bullish,"[{""ticker"": ""CRYPTO:BTC"", ""relevance_score"": ""0.497733"", ""ticker_sentiment_score"": ""0.333921"", ""ticker_sentiment_label"": ""Somewhat-Bullish""}]"
2025-04-30,"Eric Trump, executive vice president of the Trump Organization and son of US President Donald Trump, has delivered a warning to global banks regarding cryptocurrency adoption.Banks around the world will have to adopt cryptocurrency or go extinct in a decade, Trump predicted in an interview with ...",Cointelegraph,https://cointelegraph.com/news/bank-must-adopt-crypto-or-be-extinct-eric-trump,0.339356,https://cointelegraph.com/news/bank-must-adopt-crypto-or-be-extinct-eric-trump,"Banks must adopt crypto or be extinct in 10 years, Eric Trump says",Helen Partz,"https://images.cointelegraph.com/cdn-cgi/image/format=auto,onerror=redirect,quality=90,width=1200/https://s3.cointelegraph.com/uploads/2025-04/01968577-2685-7f06-b96b-40da48e1d6e3",cointelegraph.com,Blockchain,0.143724,Neutral,"[{""ticker"": ""CRYPTO:BTC"", ""relevance_score"": ""0.339356"", ""ticker_sentiment_score"": ""0.23163"", ""ticker_sentiment_label"": ""Somewhat-Bullish""}]"
2025-04-30,"Fintech giant PayPal Holdings Inc. PYPL said Tuesday it was committed to boosting cryptocurrency adoption, with a particular emphasis on its PayPal USD PYUSD/USD stablecoin.",Benzinga,https://www.benzinga.com/25/04/45091619/paypal-says-its-moving-quickly-on-crypto-stablecoinfintech-giant-partners-with-coinbase-to-boost-pyusd,0.177802,https://www.benzinga.com/25/04/45091619/paypal-says-its-moving-quickly-on-crypto-stablecoinfintech-giant-partners-with-coinbase-to-boost-pyusd,"PayPal CEO Says 'Moving Quickly' To Bring Crypto, Stablecoin Benefits To Users - Fintech Giant Partners With Coinbase To Boost Solana-based PYUSD",Aniket Verma,https://cdn.benzinga.com/files/images/story/2025/04/30/Paypal-Logo-And-Sign-In-Front-Of-Paypal-.jpeg?width=1200&height=800&fit=crop,www.benzinga.com,"Financial Markets,Earnings,Finance,Blockchain",0.3024,Somewhat-Bullish,"[{""ticker"": ""PYPL"", ""relevance_score"": ""0.688096"", ""ticker_sentiment_score"": ""0.491588"", ""ticker_sentiment_label"": ""Bullish""}, {""ticker"": ""COIN"", ""relevance_score"": ""0.177802"", ""ticker_sentiment_score"": ""0.42926"", ""ticker_sentiment_label"": ""Bullish""}, {""ticker"": ""V"", ""relevance_score"": ""0.089462"", ""ticker_sentiment_score"": ""0.069263"", ""ticker_sentiment_label"": ""Neutral""}, {""ticker"": ""CRYPTO:BTC"", ""relevance_score"": ""0.177802"", ""ticker_sentiment_score"": ""0.119064"", ""ticker_sentiment_label"": ""Neutral""}, {""ticker"": ""CRYPTO:ETH"", ""relevance_score"": ""0.177802"", ""ticker_sentiment_score"": ""0.119064"", ""ticker_sentiment_label"": ""Neutral""}, {""ticker"": ""CRYPTO:SOL"", ""relevance_score"": ""0.089462"", ""ticker_sentiment_score"": ""0.049577"", ""ticker_sentiment_label"": ""Neutral""}]"
2025-04-30,"Key takeawaysApproving staking for spot Ether exchange-traded funds ( ETFs ) in the US may have a minimal impact on inflows unless Ether sees a sustained rally, says Eric BalchunasETH dropped significantly in price after the launch of the ETFs last year, unlike spot Bitcoin ETFs, which saw new ...",Cointelegraph,https://cointelegraph.com/news/ether-etf-staking-impact-on-inflows-little-price-rally-eric-balchunas,0.328455,https://cointelegraph.com/news/ether-etf-staking-impact-on-inflows-little-price-rally-eric-balchunas,Ethereum ETF staking will have little impact without multimonth rally: Analyst,Ciaran Lyons,https://s3.cointelegraph.com/uploads/2025-04/01968535-c413-7c35-831d-f24dcf8cc5c7,cointelegraph.com,Financial Markets,0.138032,Neutral,"[{""ticker"": ""CRYPTO:BTC"", ""relevance_score"": ""0.328455"", ""ticker_sentiment_score"": ""0.153175"", ""ticker_sentiment_label"": ""Somewhat-Bullish""}, {""ticker"": ""CRYPTO:ETH"", ""relevance_score"": ""0.888189"", ""ticker_sentiment_score"": ""0.240326"", ""ticker_sentiment_label"": ""Somewhat-Bullish""}]"
2025-04-30,"Anthony Scaramucci, founder and managing partner of SkyBridge Capital, is a widely known Bitcoin BTC/USD advocate who routinely uses his social reach and public platforms to promote the leading cryptocurrency. However, he was not drawn to Bitcoin from the get-go.",Benzinga,https://www.benzinga.com/markets/cryptocurrency/25/04/45093574/anthony-scaramucci-wasnt-keen-on-bitcoin-initially-but-the-eureka-moment-came-during-his-s,0.943189,https://www.benzinga.com/markets/cryptocurrency/25/04/45093574/anthony-scaramucci-wasnt-keen-on-bitcoin-initially-but-the-eureka-moment-came-during-his-s,"Anthony Scaramucci Wasn't Keen On Bitcoin Initially, But The Eureka Moment Came During His Short White House Tenure Under Trump",Aniket Verma,https://cdn.benzinga.com/files/images/story/2025/04/30/Washington--Dc---usa---April-26--2018-An.jpeg?width=1200&height=800&fit=crop,www.benzinga.com,"Economy - Monetary,Blockchain,Financial Markets",0.241069,Somewhat-Bullish,"[{""ticker"": ""CRYPTO:BTC"", ""relevance_score"": ""0.943189"", ""ticker_sentiment_score"": ""0.337997"", ""ticker_sentiment_label"": ""Somewhat-Bullish""}]"
2025-04-30,Key takeaways:Richard Byworth says Michael Saylor's Strategy could ramp up its Bitcoin buys by acquiring cash-rich companies and converting their cash into Bitcoin.He says that Strategy should consider accelerating purchases as the Bitcoin supply on exchanges continues to decline.Byworth argues ...,Cointelegraph,https://cointelegraph.com/news/michael-saylor-strategy-bitcoin-buying-approach-super-careless-idea-richard-byworth,0.910869,https://cointelegraph.com/news/michael-saylor-strategy-bitcoin-buying-approach-super-careless-idea-richard-byworth,Strategy's Bitcoin buys should be 'super careless' to pump price - Exec,Ciaran Lyons,https://s3.cointelegraph.com/uploads/2025-04/019684bd-1a82-71ad-b5ac-461eeabd7671,cointelegraph.com,"Mergers & Acquisitions,Blockchain,Financial Markets",0.088017,Neutral,"[{""ticker"": ""CRYPTO:BTC"", ""relevance_score"": ""0.910869"", ""ticker_sentiment_score"": ""0.179628"", ""ticker_sentiment_label"": ""Somewhat-Bullish""}]"
2025-04-30,"Trump Media and Technology Group Corp. DJT said Tuesday it was contemplating the launch of a utility token for users accessing its Truth Social ecosystem. What Happened: In a shareholder letter, TMTG outlined its key products and near-term roadmap, focusing on the Truth Social and Truth+ video ...",Benzinga,https://www.benzinga.com/markets/cryptocurrency/25/04/45090007/trump-media-says-its-exploring-utility-token-within-truth-digital-wallet-as-part-of-reward,0.236972,https://www.benzinga.com/markets/cryptocurrency/25/04/45090007/trump-media-says-its-exploring-utility-token-within-truth-digital-wallet-as-part-of-reward,Trump Media Says Its Exploring Utility Token Within Truth Digital Wallet As Part Of Rewards Program - Grayscale Bitcoin Mini Trust  ( BTC )  Common units of fractional undivided beneficial interest  ( ARCA:BTC ) ,Aniket Verma,https://cdn.benzinga.com/files/images/story/2025/04/29/Vilnius--Lithuania---2021-November-2-Tru.jpeg?width=1200&height=800&fit=crop,www.benzinga.com,"Technology,Blockchain,Financial Markets",0.241464,Somewhat-Bullish,"[{""ticker"": ""DJT"", ""relevance_score"": ""0.348919"", ""ticker_sentiment_score"": ""0.084555"", ""ticker_sentiment_label"": ""Neutral""}, {""ticker"": ""CRYPTO:BTC"", ""relevance_score"": ""0.236972"", ""ticker_sentiment_score"": ""0.374869"", ""ticker_sentiment_label"": ""Bullish""}]"
2025-04-30,"VANCOUVER, British Columbia, April 29, 2025 ( GLOBE NEWSWIRE ) -- DMG Blockchain Solutions Inc.",Benzinga,https://www.benzinga.com/pressreleases/25/04/g45090002/dmg-blockchain-solutions-inc-announces-purchase-of-two-megawatts-of-ai-data-center-infrastructure,0.246469,https://www.benzinga.com/pressreleases/25/04/g45090002/dmg-blockchain-solutions-inc-announces-purchase-of-two-megawatts-of-ai-data-center-infrastructure,DMG Blockchain Solutions Inc. Announces Purchase of Two Megawatts of AI Data Center Infrastructure - DMG Blockchain Solutions  ( OTC:DMGGF ) ,Globe Newswire,https://www.benzinga.com/next-assets/images/schema-image-default.png,www.benzinga.com,"Economy - Monetary,Financial Markets,Earnings,Technology,Blockchain",0.157102,Somewhat-Bullish,"[{""ticker"": ""GOOG"", ""relevance_score"": ""0.022772"", ""ticker_sentiment_score"": ""0.076731"", ""ticker_sentiment_label"": ""Neutral""}, {""ticker"": ""CRYPTO:BTC"", ""relevance_score"": ""0.246469"", ""ticker_sentiment_score"": ""0.052712"", ""ticker_sentiment_label"": ""Neutral""}, {""ticker"": ""CRYPTO:XCP"", ""relevance_score"": ""0.045525"", ""ticker_sentiment_score"": ""0.077648"", ""ticker_sentiment_label"": ""Neutral""}]"
2025-04-30,"VANCOUVER, British Columbia, April 29, 2025 ( GLOBE NEWSWIRE ) -- DMG Blockchain Solutions Inc. ( TSX-V: DMGI ) ( OTCQB: DMGGF ) ( FRANKFURT: 6AX ) ( ""DMG"" or the ""Company"" ) , a vertically integrated blockchain and data center technology company, announces it has signed a purchase and sale ...",GlobeNewswire,https://www.globenewswire.com/news-release/2025/04/30/3070926/0/en/DMG-Blockchain-Solutions-Inc-Announces-Purchase-of-Two-Megawatts-of-AI-Data-Center-Infrastructure.html,0.252987,https://www.globenewswire.com/news-release/2025/04/30/3070926/0/en/DMG-Blockchain-Solutions-Inc-Announces-Purchase-of-Two-Megawatts-of-AI-Data-Center-Infrastructure.html,DMG Blockchain Solutions Inc. Announces Purchase of Two Megawatts of AI Data Center Infrastructure,DMG Blockchain Solutions Inc.,https://ml.globenewswire.com/Resource/Download/7d0c7dc2-5e69-4f76-9752-b1fe62cf95cf,www.globenewswire.com,"Economy - Monetary,Earnings,Technology,Blockchain",0.154858,Somewhat-Bullish,"[{""ticker"": ""GOOG"", ""relevance_score"": ""0.023395"", ""ticker_sentiment_score"": ""0.0"", ""ticker_sentiment_label"": ""Neutral""}, {""ticker"": ""CRYPTO:BTC"", ""relevance_score"": ""0.252987"", ""ticker_sentiment_score"": ""0.053815"", ""ticker_sentiment_label"": ""Neutral""}, {""ticker"": ""CRYPTO:XCP"", ""relevance_score"": ""0.04677"", ""ticker_sentiment_score"": ""0.083817"", ""ticker_sentiment_label"": ""Neutral""}]"
2025-04-30,The Bank of Italy has cautioned against crypto's growing systemic threat and the Trump administration's cozy relationship with the sector.,Decrypt.co,https://decrypt.co/317024/bank-italy-warns-systemic-crypto-risks-concentration-power-trump,0.288893,https://decrypt.co/317024/bank-italy-warns-systemic-crypto-risks-concentration-power-trump,"Bank of Italy Warns of Systemic Crypto Risks, Concentration of Power Under Trump",Callan Quinn,https://cdn.decrypt.co/resize/1024/height/512/wp-content/uploads/2025/04/Banca-dItalia-gID_7.jpg,decrypt.co,"Economy - Monetary,Blockchain,Financial Markets",0.004848,Neutral,"[{""ticker"": ""FOREX:USD"", ""relevance_score"": ""0.059049"", ""ticker_sentiment_score"": ""0.077991"", ""ticker_sentiment_label"": ""Neutral""}, {""ticker"": ""CRYPTO:BTC"", ""relevance_score"": ""0.288893"", ""ticker_sentiment_score"": ""0.134216"", ""ticker_sentiment_label"": ""Neutral""}, {""ticker"": ""CRYPTO:USDT"", ""relevance_score"": ""0.059049"", ""ticker_sentiment_score"": ""-0.152001"", ""ticker_sentiment_label"": ""Somewhat-Bearish""}]"
2025-04-30,"Leading cryptocurrencies were muffled on Tuesday, but stocks rallied on indications that the United States was nearing a deal with a key trading partner. What Happened: Bitcoin continued to face resistance around $95,500 as trading volume dipped nearly 15% in the last 24 hours.",Benzinga,https://www.benzinga.com/trading-ideas/movers/25/04/45089581/bitcoin-ethereum-flat-dogecoin-dips-amid-trade-deal-hopes-analyst-says-btc-price-holding-str,0.367412,https://www.benzinga.com/trading-ideas/movers/25/04/45089581/bitcoin-ethereum-flat-dogecoin-dips-amid-trade-deal-hopes-analyst-says-btc-price-holding-str,"Bitcoin, Ethereum Flat, Dogecoin Dips Amid Trade Deal Hopes: Analyst Says BTC Price 'Holding Strong' And Setup Clean For Push To $98,300 - Grayscale Bitcoin Mini Trust  ( BTC )  Common units of fractional undivided beneficial interest  ( ARCA:BTC ) ",Aniket Verma,https://cdn.benzinga.com/files/images/story/2025/04/29/Altcoins-Over-Dark-Surface-In-Neon-Light.jpeg?width=1200&height=800&fit=crop,www.benzinga.com,"Earnings,Blockchain,Financial Markets",0.151374,Somewhat-Bullish,"[{""ticker"": ""CRYPTO:BTC"", ""relevance_score"": ""0.367412"", ""ticker_sentiment_score"": ""-0.069653"", ""ticker_sentiment_label"": ""Neutral""}, {""ticker"": ""CRYPTO:ETH"", ""relevance_score"": ""0.095138"", ""ticker_sentiment_score"": ""-0.127095"", ""ticker_sentiment_label"": ""Neutral""}]"
2025-04-30,Economists fear Trump's tariffs will weigh on economic growth while adding to inflation.,Decrypt.co,https://decrypt.co/317101/bitcoin-falls-as-u-s-economy-contracts-first-time-in-3-three-years,0.366061,https://decrypt.co/317101/bitcoin-falls-as-u-s-economy-contracts-first-time-in-3-three-years,Bitcoin Falls as US Economy Contracts for First Time in 3 Three Years,André Beganski,https://cdn.decrypt.co/resize/1024/height/512/wp-content/uploads/2022/10/crypto-stocks-economy-gID_7.jpg,decrypt.co,"Economy - Monetary,Financial Markets,Technology,Blockchain",0.009699,Neutral,"[{""ticker"": ""FOX"", ""relevance_score"": ""0.094762"", ""ticker_sentiment_score"": ""0.170315"", ""ticker_sentiment_label"": ""Somewhat-Bullish""}, {""ticker"": ""CRYPTO:BTC"", ""relevance_score"": ""0.366061"", ""ticker_sentiment_score"": ""-0.227344"", ""ticker_sentiment_label"": ""Somewhat-Bearish""}, {""ticker"": ""CRYPTO:ETH"", ""relevance_score"": ""0.094762"", ""ticker_sentiment_score"": ""-0.022448"", ""ticker_sentiment_label"": ""Neutral""}]"
2025-04-30,"The Trump family continues to lean into crypto, expanding its global footprint with advisory roles, digital asset endorsements, and payments.",Decrypt.co,https://decrypt.co/317039/trump-dubai-tower-project-crypto-payments,0.084127,https://decrypt.co/317039/trump-dubai-tower-project-crypto-payments,Trump's $1B Dubai Tower Project to Accept Crypto Payments for Luxury Apartments,Callan Quinn,https://cdn.decrypt.co/resize/1024/height/512/wp-content/uploads/2025/04/Trump-Tower-gID_7.jpg,decrypt.co,,0.13861,Neutral,"[{""ticker"": ""CRYPTO:BTC"", ""relevance_score"": ""0.084127"", ""ticker_sentiment_score"": ""0.285395"", ""ticker_sentiment_label"": ""Somewhat-Bullish""}]"
2025-04-30,"A proposal to ditch data storage limits sparked heated debate among Bitcoin devs, with some arguing it could alter Bitcoin's core purpose.",Decrypt.co,https://decrypt.co/317071/bitcoin-community-split-over-key-proposal-to-add-data,0.922387,https://decrypt.co/317071/bitcoin-community-split-over-key-proposal-to-add-data,Bitcoin Community Split Over Key Proposal To Add Data,Vince Dioquino,https://cdn.decrypt.co/resize/1024/height/512/wp-content/uploads/2025/03/bitcoin-gpu-btc-miner-gID_7.jpg,decrypt.co,"Technology,Blockchain",-0.12345,Neutral,"[{""ticker"": ""DTST"", ""relevance_score"": ""0.093653"", ""ticker_sentiment_score"": ""0.0"", ""ticker_sentiment_label"": ""Neutral""}, {""ticker"": ""CRYPTO:BTC"", ""relevance_score"": ""0.922387"", ""ticker_sentiment_score"": ""-0.131285"", ""ticker_sentiment_label"": ""Neutral""}]"
2025-04-30,"In four of the past five years, Bitcoin ( CRYPTO: BTC ) has been the top-performing asset in the world, and it hasn't even been close. In 2020, 2023, and 2024, Bitcoin delivered triple-digit returns to investors. Over the past five years, Bitcoin is now up a head-spinning 956%.It might seem ...",Motley Fool,https://www.fool.com/investing/2025/04/30/better-buy-bitcoin-vs-strategy-microstrategy/,0.997354,https://www.fool.com/investing/2025/04/30/better-buy-bitcoin-vs-strategy-microstrategy/,Better Buy: Bitcoin vs. Strategy  ( MicroStrategy ) ,Dominic Basulto,https://s3.tradingview.com/snapshots/a/AZjwzjqx.png,www.fool.com,"Technology,Blockchain,Financial Markets",0.178387,Somewhat-Bullish,"[{""ticker"": ""MSTR"", ""relevance_score"": ""0.097655"", ""ticker_sentiment_score"": ""0.085934"", ""ticker_sentiment_label"": ""Neutral""}, {""ticker"": ""CRYPTO:BTC"", ""relevance_score"": ""0.997354"", ""ticker_sentiment_score"": ""0.321199"", ""ticker_sentiment_label"": ""Somewhat-Bullish""}]"
2025-04-30,"Crypto prices have collapsed as President Donald Trump's trade war has expanded. Across the board, crypto prices are down for the year, and many show little sign of recovery anytime soon.Against a backdrop of escalating tariffs, investors are moving from risky assets to less risky assets, and ...",Motley Fool,https://www.fool.com/investing/2025/04/30/the-trade-war-has-crushed-crypto-1-cryptocurrency/,0.905186,https://www.fool.com/investing/2025/04/30/the-trade-war-has-crushed-crypto-1-cryptocurrency/,The Trade War Has Crushed Crypto: 1 Cryptocurrency That Could Still Win,Dominic Basulto,https://g.foolcdn.com/image/?url=https%3A%2F%2Fg.foolcdn.com%2Feditorial%2Fimages%2F816380%2Fbitcoin-bouncing-higher.jpg&op=resize&w=700,www.fool.com,"Blockchain,Financial Markets",0.134537,Neutral,"[{""ticker"": ""FOREX:USD"", ""relevance_score"": ""0.219312"", ""ticker_sentiment_score"": ""-0.029491"", ""ticker_sentiment_label"": ""Neutral""}, {""ticker"": ""CRYPTO:BTC"", ""relevance_score"": ""0.905186"", ""ticker_sentiment_score"": ""0.303759"", ""ticker_sentiment_label"": ""Somewhat-Bullish""}]"
2025-04-30,"An elderly US individual is reportedly the victim of a devastating $330 million Bitcoin heist, now ranked as the fifth-largest crypto hack in history.The attacker used advanced social engineering tactics to gain access to the victim's wallet, onchain investigator ZachXBT said in an April 30 ...",Cointelegraph,https://cointelegraph.com/news/elderly-us-victim-loses-330m-bitcoin-in-social-engineering-theft,0.630142,https://cointelegraph.com/news/elderly-us-victim-loses-330m-bitcoin-in-social-engineering-theft,$330M Bitcoin social engineering theft victim is elderly US citizen,Amin Haqshanas,https://s3.cointelegraph.com/uploads/2025-04/01968692-b764-7830-8819-817a3f9a0b83,cointelegraph.com,"Blockchain,Financial Markets",-0.163157,Somewhat-Bearish,"[{""ticker"": ""CRYPTO:BTC"", ""relevance_score"": ""0.630142"", ""ticker_sentiment_score"": ""-0.44254"", ""ticker_sentiment_label"": ""Bearish""}, {""ticker"": ""CRYPTO:ETH"", ""relevance_score"": ""0.064973"", ""ticker_sentiment_score"": ""-0.191412"", ""ticker_sentiment_label"": ""Somewhat-Bearish""}, {""ticker"": ""CRYPTO:XMR"", ""relevance_score"": ""0.255641"", ""ticker_sentiment_score"": ""-0.006006"", ""ticker_sentiment_label"": ""Neutral""}]"
2025-04-30,"Bitcoin is showing signs of maturity as a global financial asset, with price volatility dropping to its lowest level in more than 500 days, according to new research.Volatility refers to the degree of variation of a trading price over time, which indicates the uncertainty about the size of ...",Cointelegraph,https://cointelegraph.com/news/bitcoin-volatility-563-day-low-hayes-predicts-1-m-btc-2028,0.874135,https://cointelegraph.com/news/bitcoin-volatility-563-day-low-hayes-predicts-1-m-btc-2028,"Bitcoin volatility lowest in 563 days, Hayes predicts $1M BTC by 2028",Zoltan Vardai,https://s3.cointelegraph.com/uploads/2025-04/019685e9-2f6d-7afd-90d2-a8677781a6f1,cointelegraph.com,"Economy - Monetary,Financial Markets",0.138086,Neutral,"[{""ticker"": ""CRYPTO:BTC"", ""relevance_score"": ""0.874135"", ""ticker_sentiment_score"": ""0.209639"", ""ticker_sentiment_label"": ""Somewhat-Bullish""}]"
2025-04-30,"Crypto was born from an open-source ethos, where code was shared publicly, accessible for review and shaped by community contributions. Transparency and verifiability are foundational principles that enable trust in Bitcoin.But as the space matured, some disadvantages of open source surfaced.",Cointelegraph,https://cointelegraph.com/news/open-source-debate-crypto-losing-soul,0.040691,https://cointelegraph.com/news/open-source-debate-crypto-losing-soul,The open source debate: Is crypto losing its soul?,Yohan Yun,https://s3.cointelegraph.com/uploads/2025-04/019686bb-ea69-7dd3-9d6f-90416cff40f0,cointelegraph.com,"Blockchain,Financial Markets",0.004944,Neutral,"[{""ticker"": ""CRYPTO:BTC"", ""relevance_score"": ""0.040691"", ""ticker_sentiment_score"": ""0.212224"", ""ticker_sentiment_label"": ""Somewhat-Bullish""}, {""ticker"": ""CRYPTO:ETH"", ""relevance_score"": ""0.081276"", ""ticker_sentiment_score"": ""-0.011552"", ""ticker_sentiment_label"": ""Neutral""}, {""ticker"": ""CRYPTO:UNI"", ""relevance_score"": ""0.081276"", ""ticker_sentiment_score"": ""0.046099"", ""ticker_sentiment_label"": ""Neutral""}]"
2025-04-30,"STAMFORD, Conn., April 30, 2025 ( GLOBE NEWSWIRE ) -- Grayscale, the world's largest crypto-native asset manager, today announced the launch of Grayscale® Bitcoin Adopters ETF BCOR ( the ""Fund"" ) .",Benzinga,https://www.benzinga.com/pressreleases/25/04/g45099078/grayscale-launches-grayscale-bitcoin-adopters-etf-ticker-bcor,0.888822,https://www.benzinga.com/pressreleases/25/04/g45099078/grayscale-launches-grayscale-bitcoin-adopters-etf-ticker-bcor,Grayscale Launches Grayscale® Bitcoin Adopters ETF  ( Ticker: BCOR )  - Grayscale Bitcoin Trust  ( BTC )  Common Units of fractional undivided beneficial interest  ( ARCA:GBTC ) ,Globe Newswire,https://www.benzinga.com/next-assets/images/schema-image-default.png,www.benzinga.com,"Economy - Monetary,Financial Markets",0.187585,Somewhat-Bullish,"[{""ticker"": ""CRYPTO:BTC"", ""relevance_score"": ""0.888822"", ""ticker_sentiment_score"": ""0.280289"", ""ticker_sentiment_label"": ""Somewhat-Bullish""}]"
2025-04-30,"After months of struggling to gain any sort of momentum, Bitcoin ( CRYPTO: BTC ) has seemingly turned it around. It recently hit a price of $95,000 -- the first time it has done that since February 25. Bitcoin is now up nearly 15% over the past 30 days, and appears ready to retake the $100,000 ...",Motley Fool,https://www.fool.com/investing/2025/04/30/bitcoin-just-hit-its-highest-price-in-60-days-3-re/,0.996677,https://www.fool.com/investing/2025/04/30/bitcoin-just-hit-its-highest-price-in-60-days-3-re/,Bitcoin Just Hit Its Highest Price in 60 Days. 3 Reasons Behind the Rally.,Dominic Basulto,https://g.foolcdn.com/image/?url=https%3A%2F%2Fg.foolcdn.com%2Feditorial%2Fimages%2F816460%2Fgold-bitcoin-pile.jpg&op=resize&w=700,www.fool.com,"Economy - Monetary,Blockchain,Financial Markets",0.052443,Neutral,"[{""ticker"": ""CRYPTO:BTC"", ""relevance_score"": ""0.996677"", ""ticker_sentiment_score"": ""0.095184"", ""ticker_sentiment_label"": ""Neutral""}]"
2025-04-30,"Key takeaways:Macro Chain Index issues first buy signal since 2022, hinting at a new Bitcoin bull run.RSI crossover on the MCI aligns with past cycle bottoms that preceded 500%+ BTC rallies.Bitcoin price recovers from $74K to $95K amid rising open interest and positive funding rates.A key ...",Cointelegraph,https://cointelegraph.com/news/bitcoin-macro-indicator-predicted-2022-bottom-flashes-buy,0.759885,https://cointelegraph.com/news/bitcoin-macro-indicator-predicted-2022-bottom-flashes-buy,Bitcoin macro indicator that predicted 2022 bottom flashes 'buy signal',Yashu Gola,https://s3.cointelegraph.com/uploads/2025-04/01968637-5ba6-7d48-90f1-a8c788093491,cointelegraph.com,"Blockchain,Financial Markets",0.133678,Neutral,"[{""ticker"": ""CRYPTO:BTC"", ""relevance_score"": ""0.759885"", ""ticker_sentiment_score"": ""0.122234"", ""ticker_sentiment_label"": ""Neutral""}]"
2025-04-30,"EarnMining is trusted and supported by users in more than 180 countries. Los Angeles, CA April 30, 2025 -- ( PR.com ) -- In the context of global energy transformation, EarnMining provides a sustainable transformation solution for the cryptocurrency mining industry.",Benzinga,https://www.benzinga.com/pressreleases/25/04/r45096941/earnmining-provides-renewable-energy-mining-services-to-users-around-the-world,0.085629,https://www.benzinga.com/pressreleases/25/04/r45096941/earnmining-provides-renewable-energy-mining-services-to-users-around-the-world,EarnMining Provides Renewable Energy Mining Services to Users Around the World,PR.com,https://www.benzinga.com/next-assets/images/schema-image-default.png,www.benzinga.com,Blockchain,0.558734,Bullish,"[{""ticker"": ""PUPOF"", ""relevance_score"": ""0.085629"", ""ticker_sentiment_score"": ""0.207713"", ""ticker_sentiment_label"": ""Somewhat-Bullish""}, {""ticker"": ""CRYPTO:BTC"", ""relevance_score"": ""0.085629"", ""ticker_sentiment_score"": ""0.138847"", ""ticker_sentiment_label"": ""Neutral""}, {""ticker"": ""CRYPTO:USDT"", ""relevance_score"": ""0.170275"", ""ticker_sentiment_score"": ""0.185904"", ""ticker_sentiment_label"": ""Somewhat-Bullish""}, {""ticker"": ""CRYPTO:LTC"", ""relevance_score"": ""0.085629"", ""ticker_sentiment_score"": ""0.138847"", ""ticker_sentiment_label"": ""Neutral""}, {""ticker"": ""CRYPTO:XRP"", ""relevance_score"": ""0.085629"", ""ticker_sentiment_score"": ""0.138847"", ""ticker_sentiment_label"": ""Neutral""}]"
2025-04-30,Newest ETF from Grayscale Invests in Firms That Have Adopted Bitcoin as a Treasury Reserve Asset Newest ETF from Grayscale Invests in Firms That Have Adopted Bitcoin as a Treasury Reserve Asset ...,GlobeNewswire,https://www.globenewswire.com/news-release/2025/04/30/3071376/0/en/Grayscale-Launches-Grayscale-Bitcoin-Adopters-ETF-Ticker-BCOR.html,0.865306,https://www.globenewswire.com/news-release/2025/04/30/3071376/0/en/Grayscale-Launches-Grayscale-Bitcoin-Adopters-ETF-Ticker-BCOR.html,Grayscale Launches Grayscale® Bitcoin Adopters ETF  ( Ticker: BCOR ) ,Grayscale Investments,https://ml.globenewswire.com/Resource/Download/4b944bce-637f-4386-ac51-330819cae5f3,www.globenewswire.com,"Economy - Monetary,Financial Markets",0.185133,Somewhat-Bullish,"[{""ticker"": ""CRYPTO:BTC"", ""relevance_score"": ""0.865306"", ""ticker_sentiment_score"": ""0.289446"", ""ticker_sentiment_label"": ""Somewhat-Bullish""}]"
2025-04-30,"TORONTO, April 30, 2025 /CNW/ - Global X Investments Canada Inc. ( ""Global X"" or the ""Manager"" ) is launching eleven new ETFs ( the ""New ETFs"" ) , including a defence sector index ETF and two Bitcoin-focused covered call funds that offer twice monthly distributions to Canadians - the first ETFs ...",Benzinga,https://www.benzinga.com/pressreleases/25/04/n45096469/global-x-launches-11-new-etfs-including-international-defence-industry-etf-semi-monthly-distributi,0.068268,https://www.benzinga.com/pressreleases/25/04/n45096469/global-x-launches-11-new-etfs-including-international-defence-industry-etf-semi-monthly-distributi,"GLOBAL X LAUNCHES 11 NEW ETFs, INCLUDING INTERNATIONAL DEFENCE INDUSTRY ETF & SEMI-MONTHLY DISTRIBUTION BITCOIN FUNDS",PRNewswire,https://www.benzinga.com/next-assets/images/schema-image-default.png,www.benzinga.com,"Blockchain,Financial Markets",0.160842,Somewhat-Bullish,"[{""ticker"": ""LDNXF"", ""relevance_score"": ""0.01367"", ""ticker_sentiment_score"": ""0.001682"", ""ticker_sentiment_label"": ""Neutral""}, {""ticker"": ""PLSQF"", ""relevance_score"": ""0.01367"", ""ticker_sentiment_score"": ""0.127848"", ""ticker_sentiment_label"": ""Neutral""}, {""ticker"": ""CRYPTO:BTC"", ""relevance_score"": ""0.068268"", ""ticker_sentiment_score"": ""0.038313"", ""ticker_sentiment_label"": ""Neutral""}]"
2025-04-30,"President Trump's Gulf visit strengthens ties with UAE's innovation-driven economy. Crypto's growth faces hurdles like regulation, but its potential threatens banking's future. Feel unsure about the market's next move? Copy trade alerts from Matt Maley-a Wall Street veteran who consistently ...",Benzinga,https://www.benzinga.com/markets/cryptocurrency/25/04/45096202/eric-trump-advocates-for-crypto-says-banks-need-to-evolve-or-face-irrelevance,0.194242,https://www.benzinga.com/markets/cryptocurrency/25/04/45096202/eric-trump-advocates-for-crypto-says-banks-need-to-evolve-or-face-irrelevance,"Eric Trump Advocates For Crypto, Says Banks Need To Evolve Or Face Irrelevance",Murtuza J Merchant,https://cdn.benzinga.com/files/images/story/2025/04/30/Eric-Trump-shutterstock-2519822947.jpeg?width=1200&height=800&fit=crop,www.benzinga.com,"Blockchain,Financial Markets",0.302003,Somewhat-Bullish,"[{""ticker"": ""FOREX:USD"", ""relevance_score"": ""0.130217"", ""ticker_sentiment_score"": ""0.20755"", ""ticker_sentiment_label"": ""Somewhat-Bullish""}, {""ticker"": ""CRYPTO:BTC"", ""relevance_score"": ""0.194242"", ""ticker_sentiment_score"": ""0.318104"", ""ticker_sentiment_label"": ""Somewhat-Bullish""}]"
2025-04-30,"Key points:Bitcoin consolidates after upside momentum stalls, but traders are confident that upside breakout will result.Major risk-asset volatility is expected as US macro data precedes the monthly candle close.April BTC price performance is on track to be the best since 2020.Bitcoin ( BTC ) ...",Cointelegraph,https://cointelegraph.com/news/bitcoin-traders-predict-btc-price-gains-ahead-of-96k-liquidity-clash,0.861079,https://cointelegraph.com/news/bitcoin-traders-predict-btc-price-gains-ahead-of-96k-liquidity-clash,Bitcoin traders predict BTC price gains ahead of $96K liquidity clash,William Suberg,https://s3.cointelegraph.com/uploads/2025-04/0196864e-d065-7cfd-818e-525f74695f61,cointelegraph.com,"Economy - Monetary,Financial Markets",0.172774,Somewhat-Bullish,"[{""ticker"": ""CRYPTO:BTC"", ""relevance_score"": ""0.861079"", ""ticker_sentiment_score"": ""0.415809"", ""ticker_sentiment_label"": ""Bullish""}]"
2025-04-30,"MIDDLESEX, United Kingdom, April 30, 2025 ( GLOBE NEWSWIRE ) -- ZA Miner, a UK-based cloud mining platform operated by ZA FUNDINGS LTD, has shared valuable insights into earning passive income through cryptocurrency activities, particularly Bitcoin cloud mining.",Benzinga,https://www.benzinga.com/pressreleases/25/04/g45096053/zaminer-bitcoin-insights-on-how-to-easily-earn-passive-income-every-day,0.26042,https://www.benzinga.com/pressreleases/25/04/g45096053/zaminer-bitcoin-insights-on-how-to-easily-earn-passive-income-every-day,ZAMiner Bitcoin Insights on How to Easily Earn Passive Income Every Day,Globe Newswire,https://www.benzinga.com/next-assets/images/schema-image-default.png,www.benzinga.com,"Blockchain,Manufacturing",0.409953,Bullish,"[{""ticker"": ""NVDA"", ""relevance_score"": ""0.06623"", ""ticker_sentiment_score"": ""0.19559"", ""ticker_sentiment_label"": ""Somewhat-Bullish""}, {""ticker"": ""CRYPTO:BTC"", ""relevance_score"": ""0.26042"", ""ticker_sentiment_score"": ""0.306541"", ""ticker_sentiment_label"": ""Somewhat-Bullish""}]"
2025-04-30,"Is XRP a bargain under $2.50, or just another risky crypto bet? Here's what you need to know.",Motley Fool,https://www.fool.com/investing/2025/04/30/should-you-buy-xrp-ripple-while-its-under-250/,0.184598,https://www.fool.com/investing/2025/04/30/should-you-buy-xrp-ripple-while-its-under-250/,Should You Buy XRP  ( Ripple )  While It's Under $2.50?,Anders Bylund,https://g.foolcdn.com/editorial/images/816413/question-mark-standing-over-a-financial-graph-1344293307.jpg,www.fool.com,"Blockchain,Financial Markets",0.080313,Neutral,"[{""ticker"": ""CRYPTO:BTC"", ""relevance_score"": ""0.184598"", ""ticker_sentiment_score"": ""-0.053214"", ""ticker_sentiment_label"": ""Neutral""}, {""ticker"": ""CRYPTO:ETH"", ""relevance_score"": ""0.046543"", ""ticker_sentiment_score"": ""0.029979"", ""ticker_sentiment_label"": ""Neutral""}, {""ticker"": ""CRYPTO:SHIB"", ""relevance_score"": ""0.046543"", ""ticker_sentiment_score"": ""0.109873"", ""ticker_sentiment_label"": ""Neutral""}, {""ticker"": ""CRYPTO:DOGE"", ""relevance_score"": ""0.046543"", ""ticker_sentiment_score"": ""0.109873"", ""ticker_sentiment_label"": ""Neutral""}]"
2025-04-30,"The White House adviser said the administration aims to acquire as much Bitcoin as possible, emphasizing its ""intrinsic value."" ...",Decrypt.co,https://decrypt.co/317080/donald-trump-advisor-bo-hines-there-is-a-space-race-to-build-bitcoin-reserves,0.804375,https://decrypt.co/317080/donald-trump-advisor-bo-hines-there-is-a-space-race-to-build-bitcoin-reserves,Donald Trump Advisor Bo Hines: There Is a 'Space Race' to Build Bitcoin Reserves,Will McCurdy,https://cdn.decrypt.co/resize/1024/height/512/wp-content/uploads/2023/07/bitcoin-btc-on-american-flag-us-flag-gID_7.jpg,decrypt.co,Blockchain,0.250521,Somewhat-Bullish,"[{""ticker"": ""CRYPTO:BTC"", ""relevance_score"": ""0.804375"", ""ticker_sentiment_score"": ""0.411041"", ""ticker_sentiment_label"": ""Bullish""}, {""ticker"": ""CRYPTO:ADA"", ""relevance_score"": ""0.18602"", ""ticker_sentiment_score"": ""0.043063"", ""ticker_sentiment_label"": ""Neutral""}]"
2025-04-30,"Eric Trump, executive vice president of the Trump Organization and the younger son of President Donald Trump, criticized the current financial system as outdated and inefficient, suggesting that cryptocurrency offers a faster and more cost-effective alternative.",Benzinga,https://www.benzinga.com/markets/cryptocurrency/25/04/45096881/eric-trump-warns-banks-could-be-extinct-in-10-years-if-they-dont-watch-whats-coming-toutin,0.243701,https://www.benzinga.com/markets/cryptocurrency/25/04/45096881/eric-trump-warns-banks-could-be-extinct-in-10-years-if-they-dont-watch-whats-coming-toutin,"Eric Trump Warns Banks Could Be 'Extinct In 10 Years' If They 'Don't Watch What's Coming,' Touting Blockchain As 'Better' Alternative",Proiti Seal Acharya,https://cdn.benzinga.com/files/images/story/2025/04/30/Multi-Exposure-Of-Blockchain-Theme-Holog.jpeg?width=1200&height=800&fit=crop,www.benzinga.com,Blockchain,0.068274,Neutral,"[{""ticker"": ""BNXYF"", ""relevance_score"": ""0.163909"", ""ticker_sentiment_score"": ""0.060607"", ""ticker_sentiment_label"": ""Neutral""}, {""ticker"": ""CRYPTO:BTC"", ""relevance_score"": ""0.243701"", ""ticker_sentiment_score"": ""0.103382"", ""ticker_sentiment_label"": ""Neutral""}]"
2025-05-01,"- New private debt facility with a division of Macquarie Group for up to $300 million to fund initial HPC project development at Panther Creek, validating the attractiveness of Bitfarms' potential HPC data center development ...",GlobeNewswire,https://www.globenewswire.com/news-release/2025/05/01/3072215/0/en/Bitfarms-Provides-April-2025-Production-and-Operations-Update.html,0.235442,https://www.globenewswire.com/news-release/2025/05/01/3072215/0/en/Bitfarms-Provides-April-2025-Production-and-Operations-Update.html,Bitfarms Provides April 2025 Production and Operations Update,Bitfarms Ltd.,https://ml.globenewswire.com/Resource/Download/744ef46c-804d-4c5d-8ead-8050ee8bdc83,www.globenewswire.com,"Financial Markets,Earnings,Energy & Transportation,Technology,Blockchain",0.144222,Neutral,"[{""ticker"": ""MCQEF"", ""relevance_score"": ""0.138692"", ""ticker_sentiment_score"": ""0.066713"", ""ticker_sentiment_label"": ""Neutral""}, {""ticker"": ""CURN"", ""relevance_score"": ""0.019912"", ""ticker_sentiment_score"": ""0.001867"", ""ticker_sentiment_label"": ""Neutral""}, {""ticker"": ""BITF"", ""relevance_score"": ""0.36465"", ""ticker_sentiment_score"": ""0.071066"", ""ticker_sentiment_label"": ""Neutral""}, {""ticker"": ""USEG"", ""relevance_score"": ""0.019912"", ""ticker_sentiment_score"": ""0.094849"", ""ticker_sentiment_label"": ""Neutral""}, {""ticker"": ""CRYPTO:BTC"", ""relevance_score"": ""0.235442"", ""ticker_sentiment_score"": ""0.133434"", ""ticker_sentiment_label"": ""Neutral""}]"
2025-05-01,"Key points:Bitcoin traders wait for signals of US economic policy loosening as data forces the Federal Reserve into a corner.Recession is more likely than not, sources say, amid rising unemployment and resurgent inflation.Bitcoin and risk assets should ultimately gain from a recession ...",Cointelegraph,https://cointelegraph.com/news/bitcoin-gains-macro-data-makes-us-recession-2025-base-case,0.385286,https://cointelegraph.com/news/bitcoin-gains-macro-data-makes-us-recession-2025-base-case,Bitcoin eyes gains as macro data makes US recession 2025 'base case',William Suberg,https://s3.cointelegraph.com/uploads/2025-05/01968afb-61a8-7f95-8425-0bfe4530c746,cointelegraph.com,Economy - Monetary,-0.220032,Somewhat-Bearish,"[{""ticker"": ""CRYPTO:BTC"", ""relevance_score"": ""0.385286"", ""ticker_sentiment_score"": ""0.028293"", ""ticker_sentiment_label"": ""Neutral""}]"
2025-05-01,"Peter Schiff has been one of the most outspoken critics of Bitcoin BTC/USD, questioning the apex cryptocurrency's value proposition and investment rationale of those holding it. The dislike has been to such an extent that he once termed Dogecoin DOGE/USD, a meme-based cryptocurrency, as superior ...",Benzinga,https://www.benzinga.com/markets/cryptocurrency/25/05/45127948/peter-schiffs-bitcoin-rejection-is-no-surprise-but-the-economist-once-called-dogecoin-a-su,0.956402,https://www.benzinga.com/markets/cryptocurrency/25/05/45127948/peter-schiffs-bitcoin-rejection-is-no-surprise-but-the-economist-once-called-dogecoin-a-su,Peter Schiff's Bitcoin Rejection Is No Surprise-But The Economist Once Called Dogecoin A 'Superior' Cryptocurrency,Aniket Verma,https://cdn.benzinga.com/files/images/story/2025/05/01/Dogecoin-Doge-Group-Included-With-Crypto.jpeg?width=1200&height=800&fit=crop,www.benzinga.com,"Blockchain,Financial Markets",0.117958,Neutral,"[{""ticker"": ""BRPHF"", ""relevance_score"": ""0.107016"", ""ticker_sentiment_score"": ""-0.019873"", ""ticker_sentiment_label"": ""Neutral""}, {""ticker"": ""CRYPTO:BTC"", ""relevance_score"": ""0.956402"", ""ticker_sentiment_score"": ""0.069201"", ""ticker_sentiment_label"": ""Neutral""}, {""ticker"": ""CRYPTO:DOGE"", ""relevance_score"": ""0.774013"", ""ticker_sentiment_score"": ""0.107946"", ""ticker_sentiment_label"": ""Neutral""}]"
2025-05-01,"Specialized chains like Solana and Base are gaining traction, but fewer than 10% of users frequently interact with Layer-2s. Seventy percent of users feel secure using crypto, but understanding of advanced features and interoperability remains limited.",Benzinga,https://www.benzinga.com/markets/cryptocurrency/25/05/45128841/crypto-wallet-fragmentation-grows-62-of-users-manage-multiple-wallets-report-says,0.085324,https://www.benzinga.com/markets/cryptocurrency/25/05/45128841/crypto-wallet-fragmentation-grows-62-of-users-manage-multiple-wallets-report-says,"Crypto Wallet Fragmentation Grows: 62% Of Users Manage Multiple Wallets, Report Says",Murtuza J Merchant,https://cdn.benzinga.com/files/images/story/2025/05/01/Digital-Wallet--Woman-Hand-Using-Mobile-.jpeg?width=1200&height=800&fit=crop,www.benzinga.com,"Blockchain,Financial Markets",0.225102,Somewhat-Bullish,"[{""ticker"": ""YUGVF"", ""relevance_score"": ""0.085324"", ""ticker_sentiment_score"": ""0.051219"", ""ticker_sentiment_label"": ""Neutral""}, {""ticker"": ""CRYPTO:BTC"", ""relevance_score"": ""0.085324"", ""ticker_sentiment_score"": ""0.0"", ""ticker_sentiment_label"": ""Neutral""}, {""ticker"": ""CRYPTO:SOL"", ""relevance_score"": ""0.085324"", ""ticker_sentiment_score"": ""-0.21644"", ""ticker_sentiment_label"": ""Somewhat-Bearish""}]"
2025-05-01,"Key takeaways:Bitcoin holds $95,000 as Fed rate cut odds rise to 60% for June 18 as US economy slumps.Breaking $95,000 could push BTC price toward $100,000, while dropping below $93,000 may bring the $84,000 back into the picture.Key Bitcoin levels to watch remain around the long-term holders' ...",Cointelegraph,https://cointelegraph.com/news/bitcoin-price-blast-higher-fed-rate-cut-odds-60,0.915107,https://cointelegraph.com/news/bitcoin-price-blast-higher-fed-rate-cut-odds-60,Bitcoin price about to 'blast' higher as Fed rate cut odds jump to 60%,Nancy Lubale,https://s3.cointelegraph.com/uploads/2025-05/01968b5d-8d1a-70fc-8c85-42c18dd54f44,cointelegraph.com,Economy - Monetary,0.064303,Neutral,"[{""ticker"": ""CRYPTO:BTC"", ""relevance_score"": ""0.915107"", ""ticker_sentiment_score"": ""0.109643"", ""ticker_sentiment_label"": ""Neutral""}]"
2025-05-01,"Most of these losses relate to a single incident-with 3,520 BTC stolen from an elderly U.S. citizen following a phishing attack.",Decrypt.co,https://decrypt.co/317262/364-million-lost-in-april-to-crypto-hacks-scams-certik,0.101154,https://decrypt.co/317262/364-million-lost-in-april-to-crypto-hacks-scams-certik,"$364 Million Lost in April to Crypto Hacks, Scams: CertiK",Connor Sephton,https://cdn.decrypt.co/resize/1024/height/512/wp-content/uploads/2022/09/crypto-hack-exploit-gID_7.png,decrypt.co,Blockchain,-0.304813,Somewhat-Bearish,"[{""ticker"": ""CRYPTO:BTC"", ""relevance_score"": ""0.101154"", ""ticker_sentiment_score"": ""-0.01616"", ""ticker_sentiment_label"": ""Neutral""}, {""ticker"": ""CRYPTO:ETH"", ""relevance_score"": ""0.200688"", ""ticker_sentiment_score"": ""-0.344393"", ""ticker_sentiment_label"": ""Somewhat-Bearish""}, {""ticker"": ""CRYPTO:XMR"", ""relevance_score"": ""0.101154"", ""ticker_sentiment_score"": ""0.0"", ""ticker_sentiment_label"": ""Neutral""}]"
2025-05-01,"Exclusively Crypto. Universally Rewarding - Match Bonuses All May Long! PANAMA CITY, Panama, May 1, 2025 /PRNewswire/ -- CryptoSlots, a leading cryptocurrency casino, is celebrating its 7th birthday this May with exciting new game launches and player rewards.",Benzinga,https://www.benzinga.com/pressreleases/25/05/n45129624/cryptoslots-celebrates-7-years-with-new-safari-sunsets-slot-and-big-bonuses,0.125789,https://www.benzinga.com/pressreleases/25/05/n45129624/cryptoslots-celebrates-7-years-with-new-safari-sunsets-slot-and-big-bonuses,CryptoSlots Celebrates 7 Years with New Safari Sunsets Slot and Big Bonuses,PRNewswire,https://www.benzinga.com/next-assets/images/schema-image-default.png,www.benzinga.com,Blockchain,0.467354,Bullish,"[{""ticker"": ""TRTPF"", ""relevance_score"": ""0.063091"", ""ticker_sentiment_score"": ""0.201256"", ""ticker_sentiment_label"": ""Somewhat-Bullish""}, {""ticker"": ""CRYPTO:BTC"", ""relevance_score"": ""0.125789"", ""ticker_sentiment_score"": ""0.231049"", ""ticker_sentiment_label"": ""Somewhat-Bullish""}, {""ticker"": ""CRYPTO:ETH"", ""relevance_score"": ""0.063091"", ""ticker_sentiment_score"": ""0.139103"", ""ticker_sentiment_label"": ""Neutral""}, {""ticker"": ""CRYPTO:USDT"", ""relevance_score"": ""0.063091"", ""ticker_sentiment_score"": ""0.139103"", ""ticker_sentiment_label"": ""Neutral""}, {""ticker"": ""CRYPTO:LTC"", ""relevance_score"": ""0.063091"", ""ticker_sentiment_score"": ""0.139103"", ""ticker_sentiment_label"": ""Neutral""}, {""ticker"": ""CRYPTO:XMR"", ""relevance_score"": ""0.063091"", ""ticker_sentiment_score"": ""0.139103"", ""ticker_sentiment_label"": ""Neutral""}]"
2025-05-01,"- New private debt facility with a division of Macquarie Group for up to $300 million to fund initial HPC project development at Panther Creek, validating the attractiveness of Bitfarms' potential HPC data center development pipeline- --Operational hashrate of 19.5 EHuM and fleet efficiency of 19 ...",Benzinga,https://www.benzinga.com/pressreleases/25/05/g45129619/bitfarms-provides-april-2025-production-and-operations-update,0.223522,https://www.benzinga.com/pressreleases/25/05/g45129619/bitfarms-provides-april-2025-production-and-operations-update,Bitfarms Provides April 2025 Production and Operations Update - Bitfarms  ( NASDAQ:BITF ) ,Globe Newswire,https://www.benzinga.com/next-assets/images/schema-image-default.png,www.benzinga.com,"Financial Markets,Earnings,Energy & Transportation,Technology,Blockchain",0.151106,Somewhat-Bullish,"[{""ticker"": ""MCQEF"", ""relevance_score"": ""0.13154"", ""ticker_sentiment_score"": ""0.064749"", ""ticker_sentiment_label"": ""Neutral""}, {""ticker"": ""CURN"", ""relevance_score"": ""0.018876"", ""ticker_sentiment_score"": ""0.001856"", ""ticker_sentiment_label"": ""Neutral""}, {""ticker"": ""BITF"", ""relevance_score"": ""0.380702"", ""ticker_sentiment_score"": ""0.073297"", ""ticker_sentiment_label"": ""Neutral""}, {""ticker"": ""USEG"", ""relevance_score"": ""0.018876"", ""ticker_sentiment_score"": ""0.148864"", ""ticker_sentiment_label"": ""Neutral""}, {""ticker"": ""CRYPTO:BTC"", ""relevance_score"": ""0.223522"", ""ticker_sentiment_score"": ""0.190159"", ""ticker_sentiment_label"": ""Somewhat-Bullish""}]"
2025-05-01,"Banking giant Morgan Stanley reportedly plans to list cryptocurrencies on its E*Trade investment brokerage and trading platform.According to a May 1 Bloomberg report, the firm intends to list crypto assets on E*Trade in 2026.",Cointelegraph,https://cointelegraph.com/news/morgan-stanley-etrade-crypto-trading-2026,0.277433,https://cointelegraph.com/news/morgan-stanley-etrade-crypto-trading-2026,Morgan Stanley eyes crypto rollout for E*Trade platform: Bloomberg,Adrian Zmudzinski,https://s3.cointelegraph.com/uploads/2025-05/01968b7b-c893-7495-95a9-12a49ad0763d,cointelegraph.com,"Finance,Blockchain,Financial Markets",0.259449,Somewhat-Bullish,"[{""ticker"": ""MS"", ""relevance_score"": ""0.277433"", ""ticker_sentiment_score"": ""0.114391"", ""ticker_sentiment_label"": ""Neutral""}, {""ticker"": ""CRYPTO:BTC"", ""relevance_score"": ""0.277433"", ""ticker_sentiment_score"": ""0.271994"", ""ticker_sentiment_label"": ""Somewhat-Bullish""}]"
2025-05-01,"TALLINN, Estonia, May 01, 2025 ( GLOBE NEWSWIRE ) -- Bitcoin is legendary, but even legends can be improved. As security threats and scalability challenges rise, the crypto community has been searching for a blockchain that delivers both safety and growth potential.",Benzinga,https://www.benzinga.com/pressreleases/25/05/g45133945/bitcoin-solaris-unveils-helios-security-system-safer-than-bitcoin-with-10x-growth-potential,0.77641,https://www.benzinga.com/pressreleases/25/05/g45133945/bitcoin-solaris-unveils-helios-security-system-safer-than-bitcoin-with-10x-growth-potential,Bitcoin Solaris Unveils Helios Security System: Safer Than Bitcoin with 10x Growth Potential,Globe Newswire,https://www.benzinga.com/next-assets/images/schema-image-default.png,www.benzinga.com,"Blockchain,Financial Markets",0.376928,Bullish,"[{""ticker"": ""CRYPTO:BTC"", ""relevance_score"": ""0.77641"", ""ticker_sentiment_score"": ""0.638799"", ""ticker_sentiment_label"": ""Bullish""}]"
2025-05-01,"A U.S.-specific stablecoin product is under consideration, pending regulatory clarity from U.S. lawmakers and financial agencies. Tether continues to diversify reserves, including gold, Bitcoin and land, and holds $20 billion more than total liabilities.",Benzinga,https://www.benzinga.com/markets/cryptocurrency/25/05/45132056/tether-ceo-says-big-four-accounting-firms-have-reversed-stance-now-pursuing-audit-talks,0.12165,https://www.benzinga.com/markets/cryptocurrency/25/05/45132056/tether-ceo-says-big-four-accounting-firms-have-reversed-stance-now-pursuing-audit-talks,"Tether CEO Says Big Four Accounting Firms Have Reversed Stance, Now Pursuing Audit Talks",Murtuza J Merchant,https://cdn.benzinga.com/files/images/story/2025/05/01/Tether-Usdt-Cryptocurrency-Physical-Coin.jpeg?width=1200&height=800&fit=crop,www.benzinga.com,"Blockchain,Financial Markets",0.194846,Somewhat-Bullish,"[{""ticker"": ""CRYPTO:BTC"", ""relevance_score"": ""0.12165"", ""ticker_sentiment_score"": ""0.098615"", ""ticker_sentiment_label"": ""Neutral""}, {""ticker"": ""CRYPTO:USDT"", ""relevance_score"": ""0.181591"", ""ticker_sentiment_score"": ""0.210106"", ""ticker_sentiment_label"": ""Somewhat-Bullish""}]"
2025-05-01,"SINGAPORE, May 01, 2025 ( GLOBE NEWSWIRE ) -- Bitdeer Technologies Group ( NASDAQ: BTDR ) ( ""Bitdeer"" or the ""Company"" ) , a world-leading technology company for Bitcoin mining, today announced that it has scheduled its first quarter 2025 earnings conference call and webcast for Thursday, May ...",GlobeNewswire,https://www.globenewswire.com/news-release/2025/05/01/3072293/0/en/Bitdeer-Announces-First-Quarter-2025-Earnings-Conference-Call-for-May-15-2025.html,0.328819,https://www.globenewswire.com/news-release/2025/05/01/3072293/0/en/Bitdeer-Announces-First-Quarter-2025-Earnings-Conference-Call-for-May-15-2025.html,"Bitdeer Announces First Quarter 2025 Earnings Conference Call for May 15, 2025",Bitdeer Technologies Group,https://ml.globenewswire.com/Resource/Download/8dcb3262-930d-4572-9bf7-a5d312e46bdf,www.globenewswire.com,"Earnings,Technology",0.198775,Somewhat-Bullish,"[{""ticker"": ""META"", ""relevance_score"": ""0.112532"", ""ticker_sentiment_score"": ""0.056129"", ""ticker_sentiment_label"": ""Neutral""}, {""ticker"": ""BTDR"", ""relevance_score"": ""0.222838"", ""ticker_sentiment_score"": ""0.0"", ""ticker_sentiment_label"": ""Neutral""}, {""ticker"": ""CRYPTO:BTC"", ""relevance_score"": ""0.328819"", ""ticker_sentiment_score"": ""0.112497"", ""ticker_sentiment_label"": ""Neutral""}]"
2025-05-01,"Amid the intensifying global race to tokenize real-world assets, the market is still too nascent for institutional adoption, according to Chris Yin, the co-founder and CEO of Galaxy-backed RWA platform Plume.Institutional capital is yet to enter the RWA market, and it will take some time for ...",Cointelegraph,https://cointelegraph.com/news/rwa-tokenization-no-need-institutions-yet-plume-ceo,0.201244,https://cointelegraph.com/news/rwa-tokenization-no-need-institutions-yet-plume-ceo,"Real-world assets do not need institutions yet, Plume CEO says",Helen Partz and Sam Bourgi,https://s3.cointelegraph.com/uploads/2025-05/01968b81-7a32-75aa-8916-bf9973e794e4,cointelegraph.com,"Blockchain,Financial Markets",0.108644,Neutral,"[{""ticker"": ""CRYPTO:BTC"", ""relevance_score"": ""0.201244"", ""ticker_sentiment_score"": ""0.132985"", ""ticker_sentiment_label"": ""Neutral""}, {""ticker"": ""CRYPTO:ETH"", ""relevance_score"": ""0.067727"", ""ticker_sentiment_score"": ""-0.248246"", ""ticker_sentiment_label"": ""Somewhat-Bearish""}]"
2025-05-01,The news comes as Malaysia contends with hundreds of millions of dollars in losses due to electricity theft from illegal Bitcoin mining.,Decrypt.co,https://decrypt.co/317323/malaysian-police-raid-8000-a-month-45-machine-bitcoin-mining-operation,0.604787,https://decrypt.co/317323/malaysian-police-raid-8000-a-month-45-machine-bitcoin-mining-operation,"Malaysian Police Raid $8,000-a-Month, 45-Machine Bitcoin Mining Operation",Will McCurdy,https://cdn.decrypt.co/resize/1024/height/512/wp-content/uploads/2022/09/crypto-mining-machines-gID_7.jpg,decrypt.co,,-0.125461,Neutral,"[{""ticker"": ""TNABF"", ""relevance_score"": ""0.191929"", ""ticker_sentiment_score"": ""0.092817"", ""ticker_sentiment_label"": ""Neutral""}, {""ticker"": ""CRYPTO:BTC"", ""relevance_score"": ""0.604787"", ""ticker_sentiment_score"": ""-0.293522"", ""ticker_sentiment_label"": ""Somewhat-Bearish""}]"
2025-05-01,"Opinion by: Amitej Gajjala, co-founder and CEO of Kernel DAOThe restaking narrative has moved fast - from side conversations in validator circles to the forefront of DeFi infrastructure discussions.It's not hard to see why.",Cointelegraph,https://cointelegraph.com/news/restaking-can-make-de-fi-more-secure,0.051999,https://cointelegraph.com/news/restaking-can-make-de-fi-more-secure,Restaking can make DeFi more secure for institutional traders,Amitej Gajjala,"https://images.cointelegraph.com/cdn-cgi/image/format=auto,onerror=redirect,quality=90,width=1200/https://s3.cointelegraph.com/uploads/2025-04/0196858e-479b-7189-b24a-ea9c11216d3f",cointelegraph.com,,0.002464,Neutral,"[{""ticker"": ""CRYPTO:BTC"", ""relevance_score"": ""0.051999"", ""ticker_sentiment_score"": ""0.0"", ""ticker_sentiment_label"": ""Neutral""}, {""ticker"": ""CRYPTO:ETH"", ""relevance_score"": ""0.103778"", ""ticker_sentiment_score"": ""0.189603"", ""ticker_sentiment_label"": ""Somewhat-Bullish""}]"
2025-05-01,"Notice is hereby given that the Annual General Meeting of CoinShares International Limited ( the ""Company"" ) will take place on Friday, 30 May 2025 at 14:00 BST in the form of a hybrid virtual event at 2 Hill Street, St Helier, Jersey, JE2 4UA.",GlobeNewswire,https://www.globenewswire.com/news-release/2025/05/01/3072410/0/en/NOTICE-OF-VIRTUAL-ANNUAL-GENERAL-MEETING-OF-COINSHARES-INTERNATIONAL-LIMITED-ON-30-MAY-2025.html,0.017835,https://www.globenewswire.com/news-release/2025/05/01/3072410/0/en/NOTICE-OF-VIRTUAL-ANNUAL-GENERAL-MEETING-OF-COINSHARES-INTERNATIONAL-LIMITED-ON-30-MAY-2025.html,NOTICE OF VIRTUAL ANNUAL GENERAL MEETING OF COINSHARES INTERNATIONAL LIMITED ON 30 MAY 2025,CoinShares International Limited,https://ml-eu.globenewswire.com/Resource/Download/8ff8acfa-148b-402b-b289-7bf6973541be,www.globenewswire.com,"Earnings,Blockchain,Financial Markets",0.222084,Somewhat-Bullish,"[{""ticker"": ""CRYPTO:BTC"", ""relevance_score"": ""0.017835"", ""ticker_sentiment_score"": ""0.114905"", ""ticker_sentiment_label"": ""Neutral""}]"
2025-05-01,"Stocks like NVDA, V, HIVE and ACN are likely to benefit once Bitcoin resumes its rally.",Zacks Commentary,https://www.zacks.com/stock/news/2460148/bitcoin-on-track-to-resume-rally-4-crypto-stocks-in-focus,0.211191,https://www.zacks.com/stock/news/2460148/bitcoin-on-track-to-resume-rally-4-crypto-stocks-in-focus,Bitcoin On Track to Resume Rally: 4 Crypto Stocks in Focus,Ritujay Ghosh,https://staticx-tuner.zacks.com/images/articles/main/f9/922.jpg,www.zacks.com,"Economy - Monetary,Financial Markets,Manufacturing,Earnings,Blockchain",0.220527,Somewhat-Bullish,"[{""ticker"": ""ACN"", ""relevance_score"": ""0.211191"", ""ticker_sentiment_score"": ""0.26145"", ""ticker_sentiment_label"": ""Somewhat-Bullish""}, {""ticker"": ""NVDA"", ""relevance_score"": ""0.26224"", ""ticker_sentiment_score"": ""0.342115"", ""ticker_sentiment_label"": ""Somewhat-Bullish""}, {""ticker"": ""V"", ""relevance_score"": ""0.360752"", ""ticker_sentiment_score"": ""0.361597"", ""ticker_sentiment_label"": ""Bullish""}, {""ticker"": ""CRYPTO:BTC"", ""relevance_score"": ""0.211191"", ""ticker_sentiment_score"": ""0.0"", ""ticker_sentiment_label"": ""Neutral""}, {""ticker"": ""CRYPTO:ETH"", ""relevance_score"": ""0.05339"", ""ticker_sentiment_score"": ""0.209789"", ""ticker_sentiment_label"": ""Somewhat-Bullish""}]"
2025-05-01,"LARNACA, Cyprus, May 01, 2025 ( GLOBE NEWSWIRE ) -- As the demand for online gambling for real money grows, players face a crowded market of options, making it challenging to identify the best online casinos that pay real money.",Benzinga,https://www.benzinga.com/pressreleases/25/05/g45134125/best-online-casinos-jackbit-rated-top-casino-site-in-2025,0.089395,https://www.benzinga.com/pressreleases/25/05/g45134125/best-online-casinos-jackbit-rated-top-casino-site-in-2025,Best Online Casinos: JACKBIT Rated Top Casino Site In 2025,Globe Newswire,https://www.benzinga.com/next-assets/images/schema-image-default.png,www.benzinga.com,"Blockchain,Financial Markets",0.495137,Bullish,"[{""ticker"": ""MA"", ""relevance_score"": ""0.035821"", ""ticker_sentiment_score"": ""0.113096"", ""ticker_sentiment_label"": ""Neutral""}, {""ticker"": ""TRTPF"", ""relevance_score"": ""0.017915"", ""ticker_sentiment_score"": ""0.213993"", ""ticker_sentiment_label"": ""Somewhat-Bullish""}, {""ticker"": ""CRYPTO:BTC"", ""relevance_score"": ""0.089395"", ""ticker_sentiment_score"": ""0.222543"", ""ticker_sentiment_label"": ""Somewhat-Bullish""}, {""ticker"": ""CRYPTO:ETH"", ""relevance_score"": ""0.035821"", ""ticker_sentiment_score"": ""0.185838"", ""ticker_sentiment_label"": ""Somewhat-Bullish""}]"
2025-05-01,"LARNACA, Cyprus, May 01, 2025 ( GLOBE NEWSWIRE ) -- Looking for the best crypto casino that actually delivers in 2025? JACKBIT has quickly earned a strong reputation among Bitcoin gamblers for its fast payouts, vast game selection, and fair bonuses.",Benzinga,https://www.benzinga.com/pressreleases/25/05/g45134182/best-crypto-casinos-2025-jackbit-ranked-as-top-bitcoin-casino-without-verification,0.20447,https://www.benzinga.com/pressreleases/25/05/g45134182/best-crypto-casinos-2025-jackbit-ranked-as-top-bitcoin-casino-without-verification,"Best Crypto Casinos 2025: JACKBIT, Ranked as Top Bitcoin Casino Without Verification",Globe Newswire,https://www.benzinga.com/next-assets/images/schema-image-default.png,www.benzinga.com,"Blockchain,Financial Markets",0.484854,Bullish,"[{""ticker"": ""CRYPTO:BTC"", ""relevance_score"": ""0.20447"", ""ticker_sentiment_score"": ""0.281629"", ""ticker_sentiment_label"": ""Somewhat-Bullish""}, {""ticker"": ""CRYPTO:BCH"", ""relevance_score"": ""0.063551"", ""ticker_sentiment_score"": ""0.0"", ""ticker_sentiment_label"": ""Neutral""}, {""ticker"": ""CRYPTO:BNB"", ""relevance_score"": ""0.063551"", ""ticker_sentiment_score"": ""0.0"", ""ticker_sentiment_label"": ""Neutral""}, {""ticker"": ""CRYPTO:ETH"", ""relevance_score"": ""0.110973"", ""ticker_sentiment_score"": ""0.174093"", ""ticker_sentiment_label"": ""Somewhat-Bullish""}, {""ticker"": ""CRYPTO:SHIB"", ""relevance_score"": ""0.031801"", ""ticker_sentiment_score"": ""0.0"", ""ticker_sentiment_label"": ""Neutral""}, {""ticker"": ""CRYPTO:DOGE"", ""relevance_score"": ""0.079392"", ""ticker_sentiment_score"": ""0.103624"", ""ticker_sentiment_label"": ""Neutral""}, {""ticker"": ""CRYPTO:LINK"", ""relevance_score"": ""0.063551"", ""ticker_sentiment_score"": ""0.0"", ""ticker_sentiment_label"": ""Neutral""}, {""ticker"": ""CRYPTO:LTC"", ""relevance_score"": ""0.095201"", ""ticker_sentiment_score"": ""0.147206"", ""ticker_sentiment_label"": ""Neutral""}, {""ticker"": ""CRYPTO:XMR"", ""relevance_score"": ""0.031801"", ""ticker_sentiment_score"": ""0.0"", ""ticker_sentiment_label"": ""Neutral""}]"
2025-05-01,"Strategy ( NASDAQ: MSTR ) just bought more than $1.4 billion of Bitcoin on April 28 ( CRYPTO: BTC ) , and it isn't the first time. With such a purchase, the company is sending an unambiguous signal that it thinks the coin's value is going to continue increasing.But that doesn't mean you should ...",Motley Fool,https://www.fool.com/investing/2025/05/01/this-company-just-bought-14-billion-of-bitcoin-sho/,0.634282,https://www.fool.com/investing/2025/05/01/this-company-just-bought-14-billion-of-bitcoin-sho/,This Company Just Bought $1.4 Billion of Bitcoin. Should You?,Alex Carchidi,https://g.foolcdn.com/editorial/images/816474/3-investors-gather-around-a-laptop.jpg,www.fool.com,"Economy - Monetary,Blockchain,Financial Markets",0.119704,Neutral,"[{""ticker"": ""CRYPTO:BTC"", ""relevance_score"": ""0.634282"", ""ticker_sentiment_score"": ""0.197817"", ""ticker_sentiment_label"": ""Somewhat-Bullish""}]"
2025-05-01,"Metaplanet - a Japanese company focused on accumulating Bitcoin - announced it will launch a United States-based subsidiary.In a May 1 X post, Metaplanet announced that the firm is launching a wholly owned subsidiary in Florida.",Cointelegraph,https://cointelegraph.com/news/metaplanet-to-open-us-subsidiary-plans-to-raise-250-m,0.947519,https://cointelegraph.com/news/metaplanet-to-open-us-subsidiary-plans-to-raise-250-m,"Metaplanet to open US arm, plans to raise $250M for Bitcoin strategy",Adrian Zmudzinski,https://s3.cointelegraph.com/uploads/2025-05/01968ae9-b0fe-7403-b0e0-5f7f237d9425,cointelegraph.com,"Technology,Blockchain,Financial Markets",0.240479,Somewhat-Bullish,"[{""ticker"": ""MSTR"", ""relevance_score"": ""0.090816"", ""ticker_sentiment_score"": ""0.180219"", ""ticker_sentiment_label"": ""Somewhat-Bullish""}, {""ticker"": ""FOREX:JPY"", ""relevance_score"": ""0.18046"", ""ticker_sentiment_score"": ""0.048557"", ""ticker_sentiment_label"": ""Neutral""}, {""ticker"": ""CRYPTO:BTC"", ""relevance_score"": ""0.947519"", ""ticker_sentiment_score"": ""0.380772"", ""ticker_sentiment_label"": ""Bullish""}]"
2025-05-01,"Key takeaways:Strategy's stock rose 32% in April, its biggest monthly gain since November.Speculation is building that Strategy will announce a major capital raise during its Q1 earnings call on May 1 as it continues to grow its Bitcoin holdings.Analysts expect a 1% year-on-year revenue bump to ...",Cointelegraph,https://cointelegraph.com/news/michael-saylor-strategy-mstr-stock-price-april-surge-earnings-call,0.689185,https://cointelegraph.com/news/michael-saylor-strategy-mstr-stock-price-april-surge-earnings-call,Strategy ends April up 32% in best month since November as Q1 earnings loom,Ciaran Lyons,https://s3.cointelegraph.com/uploads/2025-05/01968a71-80e2-7a18-b81e-94bb56127ea2,cointelegraph.com,"Financial Markets,Earnings,Mergers & Acquisitions,Technology",0.063959,Neutral,"[{""ticker"": ""MSTR"", ""relevance_score"": ""0.238913"", ""ticker_sentiment_score"": ""0.135068"", ""ticker_sentiment_label"": ""Neutral""}, {""ticker"": ""GOOG"", ""relevance_score"": ""0.080728"", ""ticker_sentiment_score"": ""0.077307"", ""ticker_sentiment_label"": ""Neutral""}, {""ticker"": ""CRYPTO:BTC"", ""relevance_score"": ""0.689185"", ""ticker_sentiment_score"": ""0.168499"", ""ticker_sentiment_label"": ""Somewhat-Bullish""}]"
2025-05-01,"Why do Ethereum upgrades matter? Ethereum upgrades are essential to scale, secure and evolve the network without compromising its decentralized foundation.Ethereum still stands as the heavyweight of smart contract platforms, but staying on top means relentless reinvention.",Cointelegraph,https://cointelegraph.com/explained/vitalik-buterins-vision-for-ethereum-pectra-glamsterdam-and-beyond,0.040899,https://cointelegraph.com/explained/vitalik-buterins-vision-for-ethereum-pectra-glamsterdam-and-beyond,Cointelegraph Bitcoin & Ethereum Blockchain News,,https://s3.cointelegraph.com/storage/uploads/view/7b2053af9f1d7fb0ec25ba4a603247e0.jpg,cointelegraph.com,Blockchain,0.162849,Somewhat-Bullish,"[{""ticker"": ""CRYPTO:BTC"", ""relevance_score"": ""0.040899"", ""ticker_sentiment_score"": ""0.075209"", ""ticker_sentiment_label"": ""Neutral""}, {""ticker"": ""CRYPTO:ETH"", ""relevance_score"": ""0.781591"", ""ticker_sentiment_score"": ""0.268866"", ""ticker_sentiment_label"": ""Somewhat-Bullish""}]"
2025-05-01,"PERTH, Australia, May 01, 2025 ( GLOBE NEWSWIRE ) -- With many online casinos available, choosing the right one can be challenging for Australian players.",Benzinga,https://www.benzinga.com/pressreleases/25/05/g45134207/best-online-casinos-australia-mirax-casino-ranked-1-for-real-money-pokies-for-aussie-players,0.170791,https://www.benzinga.com/pressreleases/25/05/g45134207/best-online-casinos-australia-mirax-casino-ranked-1-for-real-money-pokies-for-aussie-players,Best Online Casinos Australia: MIRAX Casino Ranked #1 for Real Money Pokies for Aussie Players,Globe Newswire,https://www.benzinga.com/next-assets/images/schema-image-default.png,www.benzinga.com,"Blockchain,Financial Markets",0.484883,Bullish,"[{""ticker"": ""MA"", ""relevance_score"": ""0.012294"", ""ticker_sentiment_score"": ""0.0"", ""ticker_sentiment_label"": ""Neutral""}, {""ticker"": ""SORHF"", ""relevance_score"": ""0.012294"", ""ticker_sentiment_score"": ""0.313908"", ""ticker_sentiment_label"": ""Somewhat-Bullish""}, {""ticker"": ""CRYPTO:BTC"", ""relevance_score"": ""0.170791"", ""ticker_sentiment_score"": ""0.519166"", ""ticker_sentiment_label"": ""Bullish""}, {""ticker"": ""CRYPTO:VPN"", ""relevance_score"": ""0.012294"", ""ticker_sentiment_score"": ""0.029928"", ""ticker_sentiment_label"": ""Neutral""}, {""ticker"": ""CRYPTO:BCH"", ""relevance_score"": ""0.024584"", ""ticker_sentiment_score"": ""0.07297"", ""ticker_sentiment_label"": ""Neutral""}, {""ticker"": ""CRYPTO:XRP"", ""relevance_score"": ""0.012294"", ""ticker_sentiment_score"": ""0.066878"", ""ticker_sentiment_label"": ""Neutral""}, {""ticker"": ""CRYPTO:ETH"", ""relevance_score"": ""0.036869"", ""ticker_sentiment_score"": ""0.116456"", ""ticker_sentiment_label"": ""Neutral""}, {""ticker"": ""CRYPTO:DOGE"", ""relevance_score"": ""0.024584"", ""ticker_sentiment_score"": ""0.07297"", ""ticker_sentiment_label"": ""Neutral""}, {""ticker"": ""CRYPTO:USDT"", ""relevance_score"": ""0.012294"", ""ticker_sentiment_score"": ""0.066878"", ""ticker_sentiment_label"": ""Neutral""}, {""ticker"": ""CRYPTO:LTC"", ""relevance_score"": ""0.036869"", ""ticker_sentiment_score"": ""0.116456"", ""ticker_sentiment_label"": ""Neutral""}, {""ticker"": ""CRYPTO:TRX"", ""relevance_score"": ""0.012294"", ""ticker_sentiment_score"": ""0.066878"", ""ticker_sentiment_label"": ""Neutral""}, {""ticker"": ""CRYPTO:ADA"", ""relevance_score"": ""0.024584"", ""ticker_sentiment_score"": ""0.07297"", ""ticker_sentiment_label"": ""Neutral""}]"
2025-05-01,"Trading platform Robinhood has still managed to beat Wall Street estimates as its first-quarter revenues fell and its crypto trading volume cooled from a record high in Q4.Robinhood's Q1 results shared on April 30 show revenues fell 8.6% from the previous quarter to $927 million, topping Zacks ...",Cointelegraph,https://cointelegraph.com/news/robinhood-beats-estimates-q1-revenue-dip,0.089129,https://cointelegraph.com/news/robinhood-beats-estimates-q1-revenue-dip,"Robinhood beats Q1 estimates despite revenue, crypto trading dip",Brayden Lindrea,https://s3.cointelegraph.com/uploads/2025-05/0196892b-5f76-7359-a531-5b362282e3b3,cointelegraph.com,"Financial Markets,Earnings,Technology,Blockchain",0.139554,Neutral,"[{""ticker"": ""GOOG"", ""relevance_score"": ""0.089129"", ""ticker_sentiment_score"": ""0.086841"", ""ticker_sentiment_label"": ""Neutral""}, {""ticker"": ""CRYPTO:BTC"", ""relevance_score"": ""0.089129"", ""ticker_sentiment_score"": ""0.0"", ""ticker_sentiment_label"": ""Neutral""}]"
2025-05-01,Pompliano is banking on his online clout to navigate a tough SPAC market and revive digital asset dealmaking on Wall Street.,Decrypt.co,https://decrypt.co/317236/pompliano-seeks-200m-spac-ipo-crypto-influence-public,0.097062,https://decrypt.co/317236/pompliano-seeks-200m-spac-ipo-crypto-influence-public,Pompliano Seeks $200M in SPAC IPO to Take Crypto Influence Public,Sebastian Sinclair,https://cdn.decrypt.co/resize/1024/height/512/wp-content/uploads/2022/12/spac-crypto-gID_7.png,decrypt.co,"IPO,Financial Markets,Technology,Finance",0.316312,Somewhat-Bullish,"[{""ticker"": ""META"", ""relevance_score"": ""0.097062"", ""ticker_sentiment_score"": ""0.151111"", ""ticker_sentiment_label"": ""Somewhat-Bullish""}, {""ticker"": ""COIN"", ""relevance_score"": ""0.097062"", ""ticker_sentiment_score"": ""0.0"", ""ticker_sentiment_label"": ""Neutral""}, {""ticker"": ""CRYPTO:BTC"", ""relevance_score"": ""0.097062"", ""ticker_sentiment_score"": ""0.064191"", ""ticker_sentiment_label"": ""Neutral""}]"
2025-05-01,BIGG Digital Assets Inc. Reports Audited Financial Results for ...,GlobeNewswire,https://www.globenewswire.com/news-release/2025/05/01/3072036/0/en/BIGG-Digital-Assets-Inc-Reports-Audited-Financial-Results-for-2024.html,0.040691,https://www.globenewswire.com/news-release/2025/05/01/3072036/0/en/BIGG-Digital-Assets-Inc-Reports-Audited-Financial-Results-for-2024.html,BIGG Digital Assets Inc. Reports Audited Financial Results for 2024,BIGG Digital Assets Inc.,https://ml.globenewswire.com/Resource/Download/89ef7b10-6e38-47e8-abde-094b50c79b92,www.globenewswire.com,"Financial Markets,Earnings,Technology,Blockchain",0.223167,Somewhat-Bullish,"[{""ticker"": ""RBLX"", ""relevance_score"": ""0.020352"", ""ticker_sentiment_score"": ""0.046667"", ""ticker_sentiment_label"": ""Neutral""}, {""ticker"": ""CRYPTO:BTC"", ""relevance_score"": ""0.040691"", ""ticker_sentiment_score"": ""0.107819"", ""ticker_sentiment_label"": ""Neutral""}]"
2025-05-01,"Metaplanet is following Strategy's playbook with a new Florida-based operation, after consistently buying up Bitcoin this year.",Decrypt.co,https://decrypt.co/317244/metaplanet-us-subsidiary-250m-bitcoin-strategy,0.930964,https://decrypt.co/317244/metaplanet-us-subsidiary-250m-bitcoin-strategy,"Metaplanet to Establish US Subsidiary, Seeks $250M to Boost Bitcoin Strategy",Vince Dioquino,https://cdn.decrypt.co/resize/1024/height/512/wp-content/uploads/2021/02/Webp.net-resizeimage16-gID_7.jpg,decrypt.co,Financial Markets,0.215234,Somewhat-Bullish,"[{""ticker"": ""CRYPTO:BTC"", ""relevance_score"": ""0.930964"", ""ticker_sentiment_score"": ""0.465352"", ""ticker_sentiment_label"": ""Bullish""}]"
2025-05-01,"Leading cryptocurrencies were muted on Wednesday even as negative GDP growth stoked recession concerns. What Happened: Bitcoin tumbled below $92,000 in the early trading hours on first-quarter GDP contraction but eventually recovered to the mid-$94,000s by evening.",Benzinga,https://www.benzinga.com/25/04/45124400/bitcoin-ethereum-muffled-dogecoin-dips-after-q1-gdp-contraction-analyst-foresees-btcs-rally-to-114000-if-it-break,0.469457,https://www.benzinga.com/25/04/45124400/bitcoin-ethereum-muffled-dogecoin-dips-after-q1-gdp-contraction-analyst-foresees-btcs-rally-to-114000-if-it-break,"Bitcoin, Ethereum Muted, Dogecoin Dips After Q1 GDP Contraction: Analyst Foresees BTC's Rally To $114,000 If It Breaks This Ceiling - Grayscale Bitcoin Mini Trust  ( BTC )  Common units of fractional undivided beneficial interest  ( ARCA:BTC ) ",Aniket Verma,https://cdn.benzinga.com/files/images/story/2025/04/30/A-Close-up-Image-Of-Cryptocurrency-Bitco.jpeg?width=1200&height=800&fit=crop,www.benzinga.com,"Blockchain,Financial Markets",-0.01705,Neutral,"[{""ticker"": ""CRYPTO:BTC"", ""relevance_score"": ""0.469457"", ""ticker_sentiment_score"": ""-0.021652"", ""ticker_sentiment_label"": ""Neutral""}, {""ticker"": ""CRYPTO:ETH"", ""relevance_score"": ""0.165598"", ""ticker_sentiment_score"": ""-0.002888"", ""ticker_sentiment_label"": ""Neutral""}]"
2025-05-01,"About one in four crypto tokens launched since 2021 have failed in the first quarter of this year amid a crypto market downturn and token creation becoming easier than ever, says crypto data platform CoinGecko.Since 2021, nearly 7 million cryptocurrencies have been listed on CoinGecko's token ...",Cointelegraph,https://cointelegraph.com/news/crypto-token-failures-soar-quarter-die-q1-coingecko,0.170878,https://cointelegraph.com/news/crypto-token-failures-soar-quarter-die-q1-coingecko,"Crypto token failures soar, with 1 in 4 launched since 2021 dying in Q1: CoinGecko",Stephen Katte,https://s3.cointelegraph.com/uploads/2025-05/01968990-91cd-7e30-bd33-f36b564d30a3,cointelegraph.com,"Blockchain,Financial Markets",-0.132725,Neutral,"[{""ticker"": ""CRYPTO:BTC"", ""relevance_score"": ""0.170878"", ""ticker_sentiment_score"": ""0.0"", ""ticker_sentiment_label"": ""Neutral""}]"
2025-05-01,Robinhood Markets Inc. HOOD reported a marked decline in its cryptocurrency revenue in the first quarter as compressed prices hampered trading activity.,Benzinga,https://www.benzinga.com/news/earnings/25/04/45124821/robinhoods-30-crypto-revenue-plunge-vlad-tenev-looking-to-diversify-wants-platform-less-reliant-on-,0.308246,https://www.benzinga.com/news/earnings/25/04/45124821/robinhoods-30-crypto-revenue-plunge-vlad-tenev-looking-to-diversify-wants-platform-less-reliant-on-,"Robinhood's 30% Crypto Revenue Plunge: Vlad Tenev Looking To Diversify, Wants Platform 'Less Reliant' On Transaction Volumes - Grayscale Bitcoin Mini Trust  ( BTC )  Common units of fractional undivided beneficial interest  ( ARCA:BTC ) ",Aniket Verma,https://cdn.benzinga.com/files/images/story/2025/04/30/Kazan--Russia---Oct-19--2021-Robinhood-M.jpeg?width=1200&height=800&fit=crop,www.benzinga.com,"Financial Markets,Earnings,Finance,Blockchain",0.192888,Somewhat-Bullish,"[{""ticker"": ""HOOD"", ""relevance_score"": ""0.208464"", ""ticker_sentiment_score"": ""-0.391173"", ""ticker_sentiment_label"": ""Bearish""}, {""ticker"": ""CRYPTO:BTC"", ""relevance_score"": ""0.308246"", ""ticker_sentiment_score"": ""0.02788"", ""ticker_sentiment_label"": ""Neutral""}, {""ticker"": ""CRYPTO:ETH"", ""relevance_score"": ""0.308246"", ""ticker_sentiment_score"": ""0.02788"", ""ticker_sentiment_label"": ""Neutral""}, {""ticker"": ""CRYPTO:DOGE"", ""relevance_score"": ""0.208464"", ""ticker_sentiment_score"": ""0.180184"", ""ticker_sentiment_label"": ""Somewhat-Bullish""}]"
2025-05-01,Nearly 30 crypto advocate groups led by the lobby group the Crypto Council for Innovation ( CCI ) have asked the Securities and Exchange Commission for clear regulatory guidance on crypto staking and staking services.The CCI's Proof of Stake Alliance ( POSA ) group argued in an April 30 letter ...,Cointelegraph,https://cointelegraph.com/news/us-crypto-groups-urge-sec-clarity-cryptostaking,0.089797,https://cointelegraph.com/news/us-crypto-groups-urge-sec-clarity-cryptostaking,US crypto groups urge SEC for clarity on staking,Martin Young,https://s3.cointelegraph.com/uploads/2025-05/019689d1-cc20-79db-b3b4-b98ab903ebc5,cointelegraph.com,"Blockchain,Financial Markets",0.144291,Neutral,"[{""ticker"": ""CRYPTO:BTC"", ""relevance_score"": ""0.089797"", ""ticker_sentiment_score"": ""0.0"", ""ticker_sentiment_label"": ""Neutral""}, {""ticker"": ""CRYPTO:ETH"", ""relevance_score"": ""0.264897"", ""ticker_sentiment_score"": ""0.001968"", ""ticker_sentiment_label"": ""Neutral""}]"
2025-05-01,"When it comes to Bitcoin ( CRYPTO: BTC ) price forecasts, the one investor who has my attention right now is Cathie Wood of Ark Invest. She is now predicting that Bitcoin will hit a price of $2.4 million by the year 2030.That's an eye-popping prediction, especially given Bitcoin's recent ...",Motley Fool,https://www.fool.com/investing/2025/05/01/bitcoin-could-soar-by-2426-over-the-next-5-years-a/,0.948699,https://www.fool.com/investing/2025/05/01/bitcoin-could-soar-by-2426-over-the-next-5-years-a/,"Bitcoin Could Soar by 2,426% Over the Next 5 Years, According to Cathie Wood of Ark Invest",Dominic Basulto,https://g.foolcdn.com/image/?url=https%3A%2F%2Fg.foolcdn.com%2Feditorial%2Fimages%2F816302%2Fbitcoin-charts-and-graphs.jpg&op=resize&w=700,www.fool.com,"Economy - Monetary,Blockchain",0.101064,Neutral,"[{""ticker"": ""AWON"", ""relevance_score"": ""0.055492"", ""ticker_sentiment_score"": ""0.099994"", ""ticker_sentiment_label"": ""Neutral""}, {""ticker"": ""CRYPTO:BTC"", ""relevance_score"": ""0.948699"", ""ticker_sentiment_score"": ""0.197298"", ""ticker_sentiment_label"": ""Somewhat-Bullish""}]"
2025-05-01,"Key takeaways:Galaxy Digital plans to begin trading on the Nasdaq on May 16, pending shareholder and Nasdaq approval.Nasdaq-listed crypto firms posted strong gains in April after a period of macroeconomic uncertainty.Galaxy CEO Mike Novogratz says the listing will broaden the company's investor ...",Cointelegraph,https://cointelegraph.com/news/galaxy-digital-nasdaq-listing-looms-crypto-stocks-rebound-april,0.273807,https://cointelegraph.com/news/galaxy-digital-nasdaq-listing-looms-crypto-stocks-rebound-april,Galaxy Digital plans Nasdaq listing as crypto stocks post strong rebound,Ciaran Lyons,https://s3.cointelegraph.com/uploads/2025-05/019689ef-786b-7b98-9d7b-a5627d9c4759,cointelegraph.com,"Financial Markets,Real Estate & Construction,Technology,Finance,Blockchain",0.166107,Somewhat-Bullish,"[{""ticker"": ""GOOG"", ""relevance_score"": ""0.184598"", ""ticker_sentiment_score"": ""-0.08873"", ""ticker_sentiment_label"": ""Neutral""}, {""ticker"": ""BRPHF"", ""relevance_score"": ""0.184598"", ""ticker_sentiment_score"": ""0.147116"", ""ticker_sentiment_label"": ""Neutral""}, {""ticker"": ""CLSK"", ""relevance_score"": ""0.184598"", ""ticker_sentiment_score"": ""0.0"", ""ticker_sentiment_label"": ""Neutral""}, {""ticker"": ""COIN"", ""relevance_score"": ""0.184598"", ""ticker_sentiment_score"": ""0.0"", ""ticker_sentiment_label"": ""Neutral""}, {""ticker"": ""CRYPTO:BTC"", ""relevance_score"": ""0.273807"", ""ticker_sentiment_score"": ""0.053599"", ""ticker_sentiment_label"": ""Neutral""}]"
2025-05-01,El Salvador's economy minister reiterated the country's resolve to hoard more Bitcoin BTC/USD Tuesday despite the International Monetary Fund's requirement to reduce exposure to the leading cryptocurrency.,Benzinga,https://www.benzinga.com/25/05/45125478/nayib-bukele-led-el-salvador-will-continue-to-buy-bitcoin-says-minister-on-imf-requirement,0.946216,https://www.benzinga.com/25/05/45125478/nayib-bukele-led-el-salvador-will-continue-to-buy-bitcoin-says-minister-on-imf-requirement,"El Salvador Committed To Buy Bitcoin Despite IMF Requirement, Says Minister- 'Important Project' Started By Nayib Bukele",Aniket Verma,https://cdn.benzinga.com/files/images/story/2025/05/01/Bitcoin-Representation-Coin-Placed-In-Fr.jpeg?width=1200&height=800&fit=crop,www.benzinga.com,"Economy - Monetary,Blockchain,Financial Markets",0.27819,Somewhat-Bullish,"[{""ticker"": ""CRYPTO:BTC"", ""relevance_score"": ""0.946216"", ""ticker_sentiment_score"": ""0.409273"", ""ticker_sentiment_label"": ""Bullish""}]"
2025-05-01,"The first decentralized finance ( DeFi ) company to launch a user-friendly suite of products on Bitcoin will ""win the entire market"" of the blockchain's 300 million users, one crypto founder says.Alexei Zamyatin, the co-founder of the Bitcoin layer 2 Build on Bitcoin, told Cointelegraph at ...",Cointelegraph,https://cointelegraph.com/news/bitcoin-defi-300-million-users-beating-ethereum-solana,0.950646,https://cointelegraph.com/news/bitcoin-defi-300-million-users-beating-ethereum-solana,"Bitcoin DeFi will have 300M users, beating Ethereum and Solana: Exec",Brayden Lindrea,https://s3.cointelegraph.com/uploads/2025-05/01968a34-dd30-7f4e-ab73-0c4ec3f95ba8,cointelegraph.com,"Finance,Blockchain,Financial Markets",0.189099,Somewhat-Bullish,"[{""ticker"": ""COIN"", ""relevance_score"": ""0.082393"", ""ticker_sentiment_score"": ""0.029048"", ""ticker_sentiment_label"": ""Neutral""}, {""ticker"": ""CRYPTO:BTC"", ""relevance_score"": ""0.950646"", ""ticker_sentiment_score"": ""0.452313"", ""ticker_sentiment_label"": ""Bullish""}, {""ticker"": ""CRYPTO:ETH"", ""relevance_score"": ""0.395012"", ""ticker_sentiment_score"": ""0.343524"", ""ticker_sentiment_label"": ""Somewhat-Bullish""}]"
2025-05-01,"Crypto losses spiked by 1,163% over April, with the lion's share of lost crypto coming from a single heist of an elderly US individual's wallet, says blockchain security firm CertiK.CertiK said in an April 30 X post that a total of $364 million was lost to exploits, hacks and scams in April, ...",Cointelegraph,https://cointelegraph.com/news/crypto-losses-spike-1000-percent-april-with-top-5-crypto-hack-certik,0.38588,https://cointelegraph.com/news/crypto-losses-spike-1000-percent-april-with-top-5-crypto-hack-certik,"Crypto losses spike 1,100% in April with 5th-largest-ever hack: CertiK",Stephen Katte,https://s3.cointelegraph.com/uploads/2025-05/01968a49-b067-7738-b4cc-9e89ece99773,cointelegraph.com,Blockchain,-0.41346,Bearish,"[{""ticker"": ""CRYPTO:BTC"", ""relevance_score"": ""0.38588"", ""ticker_sentiment_score"": ""-0.363607"", ""ticker_sentiment_label"": ""Bearish""}]"
2025-05-01,"OpenAI CEO Sam Altman's crypto-tied digital identity project World, formerly Worldcoin, has made its US debut in six cities. The project, which aims to verify humans in the age of artificial intelligence, is initially coming to what it calls the ""key innovation hubs"" of Atlanta, Austin, Los ...",Cointelegraph,https://cointelegraph.com/news/sam-altman-eye-scanning-crypto-project-worldcoin-launches-us,0.109956,https://cointelegraph.com/news/sam-altman-eye-scanning-crypto-project-worldcoin-launches-us,Sam Altman's eye-scanning crypto project World launches in US,Martin Young,https://s3.cointelegraph.com/uploads/2025-05/01968a6e-3f54-7fe4-9d69-a840b144eb31,cointelegraph.com,"Technology,Blockchain",0.007027,Neutral,"[{""ticker"": ""RDDT"", ""relevance_score"": ""0.109956"", ""ticker_sentiment_score"": ""-0.0201"", ""ticker_sentiment_label"": ""Neutral""}, {""ticker"": ""SHOP"", ""relevance_score"": ""0.109956"", ""ticker_sentiment_score"": ""-0.0201"", ""ticker_sentiment_label"": ""Neutral""}, {""ticker"": ""CRYPTO:BTC"", ""relevance_score"": ""0.109956"", ""ticker_sentiment_score"": ""0.0"", ""ticker_sentiment_label"": ""Neutral""}, {""ticker"": ""CRYPTO:WDC"", ""relevance_score"": ""0.321673"", ""ticker_sentiment_score"": ""-0.093882"", ""ticker_sentiment_label"": ""Neutral""}]"
2025-05-01,"HONG KONG, May 01, 2025 ( GLOBE NEWSWIRE ) -- CoinEx, a leading cryptocurrency exchange, has reaffirmed its commitment to transparency, security, and user trust with an updated proof of reserve as of April 29, 2025, at 07:00 ( UTC ) .",Benzinga,https://www.benzinga.com/pressreleases/25/05/g45126634/coinex-reinforces-transparency-with-updated-proof-of-reserves,0.074692,https://www.benzinga.com/pressreleases/25/05/g45126634/coinex-reinforces-transparency-with-updated-proof-of-reserves,CoinEx Reinforces Transparency with Updated Proof of Reserves,Globe Newswire,https://www.benzinga.com/next-assets/images/schema-image-default.png,www.benzinga.com,"Economy - Monetary,Financial Markets,Technology,Blockchain",0.359699,Bullish,"[{""ticker"": ""GOOG"", ""relevance_score"": ""0.074692"", ""ticker_sentiment_score"": ""0.0"", ""ticker_sentiment_label"": ""Neutral""}, {""ticker"": ""META"", ""relevance_score"": ""0.074692"", ""ticker_sentiment_score"": ""0.0"", ""ticker_sentiment_label"": ""Neutral""}, {""ticker"": ""CRYPTO:BTC"", ""relevance_score"": ""0.074692"", ""ticker_sentiment_score"": ""0.187125"", ""ticker_sentiment_label"": ""Somewhat-Bullish""}, {""ticker"": ""CRYPTO:USDT"", ""relevance_score"": ""0.074692"", ""ticker_sentiment_score"": ""0.187125"", ""ticker_sentiment_label"": ""Somewhat-Bullish""}]"
2025-05-01,"HONG KONG, May 01, 2025 ( GLOBE NEWSWIRE ) -- CoinEx, a leading global cryptocurrency exchange, made a strong return as a Platinum Sponsor at TOKEN2049 Dubai, one of the world's most influential Web3 and crypto conferences.",Benzinga,https://www.benzinga.com/pressreleases/25/05/g45126788/coinex-showcases-its-strength-as-platinum-sponsor-at-token2049-dubai-with-ceo-haipo-yang-attending,0.066598,https://www.benzinga.com/pressreleases/25/05/g45126788/coinex-showcases-its-strength-as-platinum-sponsor-at-token2049-dubai-with-ceo-haipo-yang-attending,"CoinEx Showcases Its Strength as Platinum Sponsor at TOKEN2049 Dubai, with CEO Haipo Yang Attending and Supporting the Exclusive Event ""DUBAI IN THE SKY""",Globe Newswire,https://www.benzinga.com/next-assets/images/schema-image-default.png,www.benzinga.com,"Technology,Blockchain,Financial Markets",0.324401,Somewhat-Bullish,"[{""ticker"": ""GOOG"", ""relevance_score"": ""0.066598"", ""ticker_sentiment_score"": ""0.0"", ""ticker_sentiment_label"": ""Neutral""}, {""ticker"": ""META"", ""relevance_score"": ""0.066598"", ""ticker_sentiment_score"": ""0.0"", ""ticker_sentiment_label"": ""Neutral""}, {""ticker"": ""CRYPTO:BTC"", ""relevance_score"": ""0.066598"", ""ticker_sentiment_score"": ""0.072119"", ""ticker_sentiment_label"": ""Neutral""}]"
2025-05-01,"Tesla CEO Elon Musk has lashed out at The Wall Street Journal ( WSJ ) , calling the publication's latest report ""an EXTREMELY BAD BREACH OF ETHICS,"" after it claimed the Tesla board was actively seeking his replacement as CEO.The report, published on April 30, alleged that the board had ...",Cointelegraph,https://cointelegraph.com/news/musk-joins-crypto-leaders-in-slamming-wsj-over-false-reporting,0.075874,https://cointelegraph.com/news/musk-joins-crypto-leaders-in-slamming-wsj-over-false-reporting,'Bad breach of ethics' - Musk echoes crypto execs in backlash against WSJ,Amin Haqshanas,https://s3.cointelegraph.com/uploads/2025-05/01968a9f-34d8-77da-99d4-1635bc9cb3ec,cointelegraph.com,Manufacturing,-0.111994,Neutral,"[{""ticker"": ""TSLA"", ""relevance_score"": ""0.366061"", ""ticker_sentiment_score"": ""0.078716"", ""ticker_sentiment_label"": ""Neutral""}, {""ticker"": ""CRYPTO:BTC"", ""relevance_score"": ""0.075874"", ""ticker_sentiment_score"": ""0.04482"", ""ticker_sentiment_label"": ""Neutral""}]"
2025-05-01,"Economist Mohamed A. El-Erian on Wednesday highlighted gains for Bitcoin BTC/USD and gold in April, contrasting with the declines in the stock market What Happened: El-Erian, the Chief Economic Advisor at Allianz, took to X detailing the year-to-date performance of major asset classes.",Benzinga,https://www.benzinga.com/25/05/45127052/el-erians-monthly-asset-performance-table-highlights-oils-20-loss-bitcoin-and-golds-gain,0.575055,https://www.benzinga.com/25/05/45127052/el-erians-monthly-asset-performance-table-highlights-oils-20-loss-bitcoin-and-golds-gain,"Bitcoin, Gold Shine In April While Stocks, Oil Suffer- Mohamed El-Erian Flags Diverging Market Trends",Aniket Verma,https://cdn.benzinga.com/files/images/story/2025/05/01/Search-For-Gold-Bars-In-A-Pile-Of-Gold.jpeg?width=1200&height=800&fit=crop,www.benzinga.com,"Blockchain,Financial Markets",0.112061,Neutral,"[{""ticker"": ""ALIZF"", ""relevance_score"": ""0.126784"", ""ticker_sentiment_score"": ""0.099707"", ""ticker_sentiment_label"": ""Neutral""}, {""ticker"": ""CRYPTO:BTC"", ""relevance_score"": ""0.575055"", ""ticker_sentiment_score"": ""0.322751"", ""ticker_sentiment_label"": ""Somewhat-Bullish""}]"
2025-05-01,"Fragmentation and complicated user experience remain two of the most significant obstacles to cryptocurrency's mainstream adoption, according to a new industry report. Most users now use at least two wallets to manage their cryptocurrency investments.The lack of interoperability across ...",Cointelegraph,https://cointelegraph.com/news/multi-wallet-usage-16-ai-address-crypto-fragmentation-gap,0.150592,https://cointelegraph.com/news/multi-wallet-usage-16-ai-address-crypto-fragmentation-gap,"Multi-wallet usage up 16%, but AI may address crypto fragmentation gap",Zoltan Vardai,https://s3.cointelegraph.com/uploads/2025-05/01968ad2-1d85-7620-a210-3fe120d31cbb,cointelegraph.com,Blockchain,0.031831,Neutral,"[{""ticker"": ""CRYPTO:BTC"", ""relevance_score"": ""0.150592"", ""ticker_sentiment_score"": ""-0.211472"", ""ticker_sentiment_label"": ""Somewhat-Bearish""}, {""ticker"": ""CRYPTO:ETH"", ""relevance_score"": ""0.075635"", ""ticker_sentiment_score"": ""-0.250562"", ""ticker_sentiment_label"": ""Somewhat-Bearish""}]"
2025-05-01,"North Carolina's House of Representatives has passed a bill allowing the state's treasurer to invest public funds in approved cryptocurrencies, which will now head to the Senate.The House passed the Digital Assets Investment Act, or House Bill 92, on its third reading on April 30 by a vote of 71 ...",Cointelegraph,https://cointelegraph.com/news/north-carolina-house-passes-state-crypto-investment-bill,0.128135,https://cointelegraph.com/news/north-carolina-house-passes-state-crypto-investment-bill,North Carolina House passes state crypto investment bill,Martin Young,https://s3.cointelegraph.com/uploads/2025-05/01968a18-f68d-77fc-9317-3d015e1c6998,cointelegraph.com,"Blockchain,Financial Markets",0.24355,Somewhat-Bullish,"[{""ticker"": ""CRYPTO:BTC"", ""relevance_score"": ""0.128135"", ""ticker_sentiment_score"": ""0.0"", ""ticker_sentiment_label"": ""Neutral""}]"
2025-05-01,"As Trump embraces crypto nationally, U.S. states are pushing for their own digital asset legislation politicians warms to the idea.",Decrypt.co,https://decrypt.co/317247/north-carolina-digital-assets-bill-passes-house,0.481177,https://decrypt.co/317247/north-carolina-digital-assets-bill-passes-house,"North Carolina Digital Assets Bill Passes House, Moves to Senate for Debate",Callan Quinn,https://cdn.decrypt.co/resize/1024/height/512/wp-content/uploads/2025/05/Raleigh-North-Carolina-USA-State-Capitol-Building.-gID_7.jpg,decrypt.co,"Blockchain,Financial Markets",0.16604,Somewhat-Bullish,"[{""ticker"": ""CRYPTO:BTC"", ""relevance_score"": ""0.481177"", ""ticker_sentiment_score"": ""0.345941"", ""ticker_sentiment_label"": ""Somewhat-Bullish""}]"
2025-05-01,"PORTLAND, Ore., May 01, 2025 ( GLOBE NEWSWIRE ) -- We tried a lot of online casinos across Canada, but most of them didn't really meet our expectations, especially when it came to bonuses. Then we came across MIRAX Casino, which was suggested by players there, and decided to give it a try.",Benzinga,https://www.benzinga.com/pressreleases/25/05/g45134478/best-online-casinos-canada-2025-mirax-ranked-as-top-online-casino-for-ca-players,0.033593,https://www.benzinga.com/pressreleases/25/05/g45134478/best-online-casinos-canada-2025-mirax-ranked-as-top-online-casino-for-ca-players,Best Online Casinos Canada 2025: MIRAX Ranked as Top Online Casino for CA Players,Globe Newswire,https://www.benzinga.com/next-assets/images/schema-image-default.png,www.benzinga.com,"Blockchain,Financial Markets",0.548597,Bullish,"[{""ticker"": ""MA"", ""relevance_score"": ""0.011201"", ""ticker_sentiment_score"": ""0.100908"", ""ticker_sentiment_label"": ""Neutral""}, {""ticker"": ""CRYPTO:BTC"", ""relevance_score"": ""0.033593"", ""ticker_sentiment_score"": ""0.137087"", ""ticker_sentiment_label"": ""Neutral""}, {""ticker"": ""CRYPTO:ETH"", ""relevance_score"": ""0.033593"", ""ticker_sentiment_score"": ""0.137087"", ""ticker_sentiment_label"": ""Neutral""}, {""ticker"": ""CRYPTO:LTC"", ""relevance_score"": ""0.011201"", ""ticker_sentiment_score"": ""0.100908"", ""ticker_sentiment_label"": ""Neutral""}]"
2025-05-01,"TAMPA, Fla., May 01, 2025 ( GLOBE NEWSWIRE ) -- SRx Health Solutions, Inc. ( NYSE American: SRXH ) ( the ""Company"" ) , a leading global health and wellness company, today announced that it will explore an initiative to allocate up to 10% of future cash flows and cash reserves into ...",GlobeNewswire,https://www.globenewswire.com/news-release/2025/05/01/3072491/0/en/SRx-Health-Solutions-to-Consider-Allocating-Up-to-10-of-Future-Cash-Flows-and-Cash-Reserves-to-Bitcoin-Solana-and-Gold.html,0.175221,https://www.globenewswire.com/news-release/2025/05/01/3072491/0/en/SRx-Health-Solutions-to-Consider-Allocating-Up-to-10-of-Future-Cash-Flows-and-Cash-Reserves-to-Bitcoin-Solana-and-Gold.html,"SRx Health Solutions to Consider Allocating Up to 10% of Future Cash Flows and Cash Reserves to Bitcoin, Solana and Gold","Inc.,SRx Health Solutions",https://ml.globenewswire.com/Resource/Download/768807fe-a29b-48f5-be44-977c8eaf49f0,www.globenewswire.com,"Life Sciences,Blockchain,Financial Markets",0.284888,Somewhat-Bullish,"[{""ticker"": ""HCSG"", ""relevance_score"": ""0.175221"", ""ticker_sentiment_score"": ""0.433441"", ""ticker_sentiment_label"": ""Bullish""}, {""ticker"": ""CRYPTO:BTC"", ""relevance_score"": ""0.175221"", ""ticker_sentiment_score"": ""0.295253"", ""ticker_sentiment_label"": ""Somewhat-Bullish""}]"
2025-05-01,"Global cryptocurrency market capitalization is trading 3.4% higher, crossing the $3 trillion mark. One trader predicts daily close above will open the door toward $99,000, while another highlighted April's strong close.",Benzinga,https://www.benzinga.com/markets/cryptocurrency/25/05/45149340/bitcoin-ethereum-xrp-dogecoin-gain-as-100000-threshold-grows-close,0.641573,https://www.benzinga.com/markets/cryptocurrency/25/05/45149340/bitcoin-ethereum-xrp-dogecoin-gain-as-100000-threshold-grows-close,"Bitcoin, Ethereum, XRP, Dogecoin Gain As $100,000 Threshold Grows Close",Khyathi Dalal,https://cdn.benzinga.com/files/images/story/2025/05/01/Dogecoin-Doge-Group-Included-With-Crypto_2.jpeg?width=1200&height=800&fit=crop,www.benzinga.com,"Economy - Monetary,Blockchain,Financial Markets",0.251665,Somewhat-Bullish,"[{""ticker"": ""CRYPTO:BTC"", ""relevance_score"": ""0.641573"", ""ticker_sentiment_score"": ""0.33732"", ""ticker_sentiment_label"": ""Somewhat-Bullish""}]"
2025-05-01,"Key takeaways:Bitcoin could reach $150,000 by August or September of this year if BTC breaks above the parabolic slope pattern. Bitcoin ( BTC ) price jumped to new quarterly highs at $96,700 on May 1, a day after the US GDP contracted -0.3% for the first time since Q2 2022.",Cointelegraph,https://cointelegraph.com/news/bitcoin-trader-says-btc-s-cycle-top-in-125-k-to-150-k-range-if-certain-conditions-are-met,0.908649,https://cointelegraph.com/news/bitcoin-trader-says-btc-s-cycle-top-in-125-k-to-150-k-range-if-certain-conditions-are-met,Bitcoin trader says BTC's cycle top in $125K to $150K range if certain conditions are met,Biraajmaan Tamuly,https://s3.cointelegraph.com/uploads/2025-05/01968c39-ee04-7e1e-9a00-a5af1fe7fef3,cointelegraph.com,Economy - Monetary,0.021616,Neutral,"[{""ticker"": ""CRYPTO:BTC"", ""relevance_score"": ""0.908649"", ""ticker_sentiment_score"": ""-0.016908"", ""ticker_sentiment_label"": ""Neutral""}]"
2025-05-01,The original cryptocurrency turned higher after Meta and Microsoft notched better-than-expected earnings results.,Decrypt.co,https://decrypt.co/317436/bitcoin-rises-magnificent-7-earnings-fuel-risk-taking,0.496597,https://decrypt.co/317436/bitcoin-rises-magnificent-7-earnings-fuel-risk-taking,Bitcoin Rises as 'Magnificent 7' Earnings Fuel Risk-Taking,André Beganski,https://cdn.decrypt.co/resize/1024/height/512/wp-content/uploads/2024/12/gary-bull-bitcoin-gID_7.jpg,decrypt.co,"Economy - Monetary,Manufacturing,Earnings,Technology,Blockchain",0.120437,Neutral,"[{""ticker"": ""MSFT"", ""relevance_score"": ""0.176502"", ""ticker_sentiment_score"": ""0.108181"", ""ticker_sentiment_label"": ""Neutral""}, {""ticker"": ""NVDA"", ""relevance_score"": ""0.262052"", ""ticker_sentiment_score"": ""0.096278"", ""ticker_sentiment_label"": ""Neutral""}, {""ticker"": ""CRYPTO:BTC"", ""relevance_score"": ""0.496597"", ""ticker_sentiment_score"": ""0.216359"", ""ticker_sentiment_label"": ""Somewhat-Bullish""}, {""ticker"": ""CRYPTO:ETH"", ""relevance_score"": ""0.088799"", ""ticker_sentiment_score"": ""0.21492"", ""ticker_sentiment_label"": ""Somewhat-Bullish""}, {""ticker"": ""CRYPTO:DOGE"", ""relevance_score"": ""0.088799"", ""ticker_sentiment_score"": ""0.21492"", ""ticker_sentiment_label"": ""Somewhat-Bullish""}]"
2025-05-01,"Follow what's happening on Myriad Markets' most popular prediction markets, from Strategy's Bitcoin buys to rate cuts and beyond.",Decrypt.co,https://decrypt.co/317434/myriad-moves-predictions-strategy-bitcoin-fed-pope-conclave,0.263129,https://decrypt.co/317434/myriad-moves-predictions-strategy-bitcoin-fed-pope-conclave,"Myriad Moves: Predictions on Strategy's Bitcoin, Fed Rate Cuts, Pope Conclave and More",Logan Hitchcock,https://cdn.decrypt.co/resize/1024/height/512/wp-content/uploads/2023/04/michael-saylor-bitcoin-lightning-gID_7.jpeg,decrypt.co,"Economy - Monetary,Technology",0.10431,Neutral,"[{""ticker"": ""MSTR"", ""relevance_score"": ""0.076479"", ""ticker_sentiment_score"": ""0.082573"", ""ticker_sentiment_label"": ""Neutral""}, {""ticker"": ""CRYPTO:BTC"", ""relevance_score"": ""0.263129"", ""ticker_sentiment_score"": ""0.172459"", ""ticker_sentiment_label"": ""Somewhat-Bullish""}]"
2025-05-01,"PHOENIX, May 01, 2025 ( GLOBE NEWSWIRE ) -- Fold Holdings, Inc. FLD ( ""Fold"" ) , the first publicly traded bitcoin financial services company, today announced that it will hold its earnings conference call and webcast for the first quarter ended March 31, 2025 on Thursday, May 15, 2025 at 5:00 PM ...",Benzinga,https://www.benzinga.com/pressreleases/25/05/g45151403/fold-to-release-first-quarter-2025-results-may-15th,0.704675,https://www.benzinga.com/pressreleases/25/05/g45151403/fold-to-release-first-quarter-2025-results-may-15th,Fold To Release First Quarter 2025 Results May 15th - Fold Holdings  ( NASDAQ:FLD ) ,Globe Newswire,https://www.benzinga.com/next-assets/images/schema-image-default.png,www.benzinga.com,"Earnings,Financial Markets",0.262655,Somewhat-Bullish,"[{""ticker"": ""FLD"", ""relevance_score"": ""0.883531"", ""ticker_sentiment_score"": ""0.354193"", ""ticker_sentiment_label"": ""Bullish""}, {""ticker"": ""CRYPTO:BTC"", ""relevance_score"": ""0.704675"", ""ticker_sentiment_score"": ""0.326142"", ""ticker_sentiment_label"": ""Somewhat-Bullish""}]"
2025-05-01,"Retail investors are running out of time to accumulate Bitcoin as institutional adoption accelerates, according to Sergej Kunz, co-founder of exchange aggregator 1inch. Bitcoin ( BTC ) is evolving into an alternative reserve currency, propelling institutional demand and potentially pricing out ...",Cointelegraph,https://cointelegraph.com/news/institutional-bitcoin-buying-may-soon-price-out-retail,0.941343,https://cointelegraph.com/news/institutional-bitcoin-buying-may-soon-price-out-retail,Institutional Bitcoin buying may soon price out retail - LONGITUDE panel,Alex O’Donnell,https://s3.cointelegraph.com/uploads/2025-05/01968d44-e1ba-75a8-a186-3262d6904179,cointelegraph.com,"Economy - Monetary,Blockchain,Financial Markets",0.124088,Neutral,"[{""ticker"": ""CRYPTO:BTC"", ""relevance_score"": ""0.941343"", ""ticker_sentiment_score"": ""0.219035"", ""ticker_sentiment_label"": ""Somewhat-Bullish""}]"
2025-05-01,"Strategy reports first-quarter revenue of $111.07 million, missing analyst estimates of $115.85 million. Strategy increases its 2025 ""BTC Yield"" target to 25%, up from 15%, and its 2025 ""BTC $ Gain"" target to $15 billion, up from $10 billion. Feel unsure about the market's next move?",Benzinga,https://www.benzinga.com/news/guidance/25/05/45152230/strategy-q1-earnings-bitcoin-treasury-company-raises-its-btc-yield-and-btc-gain-targets-for-2025,0.904419,https://www.benzinga.com/news/guidance/25/05/45152230/strategy-q1-earnings-bitcoin-treasury-company-raises-its-btc-yield-and-btc-gain-targets-for-2025,Strategy Q1 Earnings: Bitcoin Treasury Company Raises Its 'BTC Yield' And 'BTC $ Gain' Targets For 2025 - Strategy  ( NASDAQ:MSTR ) ,Adam Eckert,https://cdn.benzinga.com/files/images/story/2025/05/01/Piles-Of-Golden-Bitcoin-Coin--Popular-Di_0.jpeg?width=1200&height=800&fit=crop,www.benzinga.com,"Earnings,Financial Markets",0.200951,Somewhat-Bullish,"[{""ticker"": ""CRYPTO:BTC"", ""relevance_score"": ""0.904419"", ""ticker_sentiment_score"": ""0.440881"", ""ticker_sentiment_label"": ""Bullish""}]"
2025-05-01,"SAN JUAN, Puerto Rico, May 01, 2025 ( GLOBE NEWSWIRE ) -- Greenbot, a leader in AI News and technology, today announces a strategic collaboration between ""Best Cam Sites"" industry leaders.",Benzinga,https://www.benzinga.com/pressreleases/25/05/g45153277/best-cam-sites-for-live-shows-greenbot-announces-strategic-collaboration,0.097062,https://www.benzinga.com/pressreleases/25/05/g45153277/best-cam-sites-for-live-shows-greenbot-announces-strategic-collaboration,Best Cam Sites for Live Shows - Greenbot Announces Strategic Collaboration,Globe Newswire,https://www.benzinga.com/next-assets/images/schema-image-default.png,www.benzinga.com,Blockchain,0.492114,Bullish,"[{""ticker"": ""CRYPTO:BTC"", ""relevance_score"": ""0.097062"", ""ticker_sentiment_score"": ""0.0"", ""ticker_sentiment_label"": ""Neutral""}]"
2025-05-01,"The largest corporate Bitcoin owner is doubling down, with Strategy aiming to raise another $21 billion to buy BTC despite Q1 losses.",Decrypt.co,https://decrypt.co/317459/strategy-raise-another-21-billion-buy-bitcoin,0.897458,https://decrypt.co/317459/strategy-raise-another-21-billion-buy-bitcoin,Strategy Plans to Raise Another $21 Billion to Buy Bitcoin Following Q1 Loss,Decrypt Staff,https://cdn.decrypt.co/resize/1024/height/512/wp-content/uploads/2024/07/michael-saylor-bitcoin-nashville-gID_7.jpg,decrypt.co,"Technology,Financial Markets",0.173606,Somewhat-Bullish,"[{""ticker"": ""MSTR"", ""relevance_score"": ""0.16171"", ""ticker_sentiment_score"": ""0.107801"", ""ticker_sentiment_label"": ""Neutral""}, {""ticker"": ""CRYPTO:BTC"", ""relevance_score"": ""0.897458"", ""ticker_sentiment_score"": ""0.344677"", ""ticker_sentiment_label"": ""Somewhat-Bullish""}]"
2025-05-01,"If there's one thing that gamblers in Canada can unanimously nod their heads to - it's the thrill of chasing Lady Luck at the best Canadian gambling sites. However, there's a good chance that you're already overwhelmed by all the available options before you even start playing online.",Benzinga,https://www.benzinga.com/pressreleases/25/05/g45149279/best-online-gambling-sites-canada-betworthy-picks-playojo-as-the-best-canadian-gambling-site,0.049526,https://www.benzinga.com/pressreleases/25/05/g45149279/best-online-gambling-sites-canada-betworthy-picks-playojo-as-the-best-canadian-gambling-site,Best Online Gambling Sites Canada: Betworthy Picks PlayOJO as the Best Canadian Gambling Site,Globe Newswire,https://www.benzinga.com/next-assets/images/schema-image-default.png,www.benzinga.com,"Economy - Monetary,Blockchain",0.456258,Bullish,"[{""ticker"": ""MA"", ""relevance_score"": ""0.033029"", ""ticker_sentiment_score"": ""0.194034"", ""ticker_sentiment_label"": ""Somewhat-Bullish""}, {""ticker"": ""CRYPTO:BTC"", ""relevance_score"": ""0.049526"", ""ticker_sentiment_score"": ""0.176897"", ""ticker_sentiment_label"": ""Somewhat-Bullish""}, {""ticker"": ""CRYPTO:ETH"", ""relevance_score"": ""0.016518"", ""ticker_sentiment_score"": ""0.15731"", ""ticker_sentiment_label"": ""Somewhat-Bullish""}, {""ticker"": ""CRYPTO:LTC"", ""relevance_score"": ""0.016518"", ""ticker_sentiment_score"": ""0.15731"", ""ticker_sentiment_label"": ""Somewhat-Bullish""}]"
2025-05-01,"A Texas member of the US House of Representatives has proposed that government officials consider installing cryptocurrency ATMs in federal buildings across the country.In a May 1 letter to Stephen Ehikian, the acting administrator of the General Services Administration ( GSA ) - the entity ...",Cointelegraph,https://cointelegraph.com/news/representative-lance-gooden-crypto-atms-federal-buildings,0.101154,https://cointelegraph.com/news/representative-lance-gooden-crypto-atms-federal-buildings,US lawmaker proposes crypto ATMs in federal buildings,Turner Wright,https://s3.cointelegraph.com/uploads/2025-05/01968d51-1bcf-7878-adef-c27177ecbbc0,cointelegraph.com,"Finance,Blockchain,Financial Markets",0.06921,Neutral,"[{""ticker"": ""BTM"", ""relevance_score"": ""0.101154"", ""ticker_sentiment_score"": ""0.107272"", ""ticker_sentiment_label"": ""Neutral""}, {""ticker"": ""CRYPTO:BTC"", ""relevance_score"": ""0.101154"", ""ticker_sentiment_score"": ""0.107272"", ""ticker_sentiment_label"": ""Neutral""}]"
2025-05-01,"Looking for the best online casinos in Europe? According to a casino testing facility, Betworthy, MyStake takes the crown thanks to its huge game variety and smooth user experience. Keep reading to see why it stands out and find out more about European gambling.",Benzinga,https://www.benzinga.com/pressreleases/25/05/g45154508/best-online-casinos-europe-betworthy-picks-mystake-as-the-top-european-casino,0.082677,https://www.benzinga.com/pressreleases/25/05/g45154508/best-online-casinos-europe-betworthy-picks-mystake-as-the-top-european-casino,Best Online Casinos Europe: Betworthy Picks MyStake as the Top European Casino,Globe Newswire,https://www.benzinga.com/next-assets/images/schema-image-default.png,www.benzinga.com,"Economy - Monetary,Blockchain",0.406174,Bullish,"[{""ticker"": ""PYPL"", ""relevance_score"": ""0.020704"", ""ticker_sentiment_score"": ""0.091186"", ""ticker_sentiment_label"": ""Neutral""}, {""ticker"": ""FOREX:EUR"", ""relevance_score"": ""0.041394"", ""ticker_sentiment_score"": ""0.208543"", ""ticker_sentiment_label"": ""Somewhat-Bullish""}, {""ticker"": ""CRYPTO:BTC"", ""relevance_score"": ""0.082677"", ""ticker_sentiment_score"": ""0.213254"", ""ticker_sentiment_label"": ""Somewhat-Bullish""}, {""ticker"": ""CRYPTO:BCH"", ""relevance_score"": ""0.020704"", ""ticker_sentiment_score"": ""0.291952"", ""ticker_sentiment_label"": ""Somewhat-Bullish""}]"
2025-05-01,"Riot reports first-quarter revenue of $161.4 million, beating analyst estimates of $158.2 million. The Bitcoin miner produces 1,530 bitcoin in the first quarter, up from 1,364 in the first quarter of 2024. Feel unsure about the market's next move?",Benzinga,https://www.benzinga.com/trading-ideas/movers/25/05/45154528/bitcoin-miner-riot-platforms-reports-q1-results-shares-slide,0.597213,https://www.benzinga.com/trading-ideas/movers/25/05/45154528/bitcoin-miner-riot-platforms-reports-q1-results-shares-slide,"Bitcoin Miner Riot Platforms Reports Q1 Results, Shares Slide - Riot Platforms  ( NASDAQ:RIOT ) ",Adam Eckert,https://cdn.benzinga.com/files/images/story/2025/05/01/bitcoin-mining_0.jpeg?width=1200&height=800&fit=crop,www.benzinga.com,"Earnings,Life Sciences,Financial Markets",0.186006,Somewhat-Bullish,"[{""ticker"": ""RIOT"", ""relevance_score"": ""0.28008"", ""ticker_sentiment_score"": ""0.025396"", ""ticker_sentiment_label"": ""Neutral""}, {""ticker"": ""CRYPTO:BTC"", ""relevance_score"": ""0.597213"", ""ticker_sentiment_score"": ""0.203611"", ""ticker_sentiment_label"": ""Somewhat-Bullish""}]"
2025-05-01,"It's almost impossible to talk about the best Bitcoin casinos without mentioning Bitstarz. The casino has become synonymous to crypto gambling and it's considered one of the best destinations for crypto players. Research from Betworthy, a casino testing facility, believes that it is indeed the ...",Benzinga,https://www.benzinga.com/pressreleases/25/05/g45154826/best-bitcoin-casinos-betworthy-picks-bitstarz-as-the-top-crypto-casino-in-the-u-s,0.510442,https://www.benzinga.com/pressreleases/25/05/g45154826/best-bitcoin-casinos-betworthy-picks-bitstarz-as-the-top-crypto-casino-in-the-u-s,Best Bitcoin Casinos: Betworthy Picks Bitstarz as the Top Crypto Casino in the U.S.,Globe Newswire,https://www.benzinga.com/next-assets/images/schema-image-default.png,www.benzinga.com,"Economy - Monetary,Blockchain",0.414811,Bullish,"[{""ticker"": ""FOREX:USD"", ""relevance_score"": ""0.013447"", ""ticker_sentiment_score"": ""0.133224"", ""ticker_sentiment_label"": ""Neutral""}, {""ticker"": ""CRYPTO:BTC"", ""relevance_score"": ""0.510442"", ""ticker_sentiment_score"": ""0.49122"", ""ticker_sentiment_label"": ""Bullish""}, {""ticker"": ""CRYPTO:ETH"", ""relevance_score"": ""0.053749"", ""ticker_sentiment_score"": ""0.074999"", ""ticker_sentiment_label"": ""Neutral""}, {""ticker"": ""CRYPTO:DOGE"", ""relevance_score"": ""0.053749"", ""ticker_sentiment_score"": ""0.148018"", ""ticker_sentiment_label"": ""Neutral""}, {""ticker"": ""CRYPTO:USDT"", ""relevance_score"": ""0.02689"", ""ticker_sentiment_score"": ""0.14127"", ""ticker_sentiment_label"": ""Neutral""}, {""ticker"": ""CRYPTO:LTC"", ""relevance_score"": ""0.053749"", ""ticker_sentiment_score"": ""0.24488"", ""ticker_sentiment_label"": ""Somewhat-Bullish""}]"
2025-05-01,"Despite reports in February suggesting that 2 million pro-crypto voters could decide the outcome of this week's Australian Federal Election, crypto has barely rated a mention during the campaign.""I think it's a missed opportunity,"" Independent Reserve founder Adrian Przelozny told Cointelegraph. ...",Cointelegraph,https://cointelegraph.com/news/pro-crypto-legislation-australian-federal-election-guide,0.200688,https://cointelegraph.com/news/pro-crypto-legislation-australian-federal-election-guide,Australian election will bring pro-crypto laws either way,Andrew Fenton,https://s3.cointelegraph.com/uploads/2025-05/01968a01-ab81-7485-b5c6-5866a09db9ab,cointelegraph.com,"Finance,Blockchain,Financial Markets",0.17983,Somewhat-Bullish,"[{""ticker"": ""COIN"", ""relevance_score"": ""0.033799"", ""ticker_sentiment_score"": ""0.084223"", ""ticker_sentiment_label"": ""Neutral""}, {""ticker"": ""YUGVF"", ""relevance_score"": ""0.067536"", ""ticker_sentiment_score"": ""0.04019"", ""ticker_sentiment_label"": ""Neutral""}, {""ticker"": ""CRYPTO:BTC"", ""relevance_score"": ""0.200688"", ""ticker_sentiment_score"": ""0.23785"", ""ticker_sentiment_label"": ""Somewhat-Bullish""}]"
2025-05-01,"Animoca Brands is looking at trends in real-world tokenized assets, AI projects, and the gaming sector to invest in and develop, according to Omar Elissar, the company's managing director for the Middle East and the head of Global Strategic Partnerships.In an interview with Cointelegraph's Sam ...",Cointelegraph,https://cointelegraph.com/news/crypto-trends-animoca-brands-eyeing-this-year-token2049,0.126784,https://cointelegraph.com/news/crypto-trends-animoca-brands-eyeing-this-year-token2049,The crypto trends Animoca Brands is eyeing this year - Token2049,Vince Quill,https://s3.cointelegraph.com/uploads/2025-05/01968dab-ac71-748e-972f-247502d5b5c6,cointelegraph.com,"Economy - Monetary,Earnings,Blockchain",0.129457,Neutral,"[{""ticker"": ""SNEJF"", ""relevance_score"": ""0.126784"", ""ticker_sentiment_score"": ""0.0"", ""ticker_sentiment_label"": ""Neutral""}, {""ticker"": ""SCBFF"", ""relevance_score"": ""0.126784"", ""ticker_sentiment_score"": ""0.0"", ""ticker_sentiment_label"": ""Neutral""}, {""ticker"": ""FOREX:HKD"", ""relevance_score"": ""0.250386"", ""ticker_sentiment_score"": ""0.0"", ""ticker_sentiment_label"": ""Neutral""}, {""ticker"": ""CRYPTO:BTC"", ""relevance_score"": ""0.126784"", ""ticker_sentiment_score"": ""-0.163975"", ""ticker_sentiment_label"": ""Somewhat-Bearish""}]"
2025-05-01,"Key takeaways:Despite weak US manufacturing data, Federal Reserve liquidity plans and strong corporate earnings keep equities and crypto afloat.The total crypto market capitalization rose 8.5% since March.Cryptocurrency traders have frequently zoomed in on the need for crypto to show a clear ...",Cointelegraph,https://cointelegraph.com/news/crypto-decoupling-story-ends-as-stocks-follow-bitcoin-s-rally,0.186738,https://cointelegraph.com/news/crypto-decoupling-story-ends-as-stocks-follow-bitcoin-s-rally,Crypto 'decoupling' story ends as stocks follow Bitcoin's rally,Marcel Pechman,https://s3.cointelegraph.com/uploads/2025-05/01968d7a-8562-70f2-9d88-68e407eed669,cointelegraph.com,"Economy - Monetary,Financial Markets,Earnings,Technology,Blockchain",0.114538,Neutral,"[{""ticker"": ""MSFT"", ""relevance_score"": ""0.062761"", ""ticker_sentiment_score"": ""0.03356"", ""ticker_sentiment_label"": ""Neutral""}, {""ticker"": ""CRYPTO:BTC"", ""relevance_score"": ""0.186738"", ""ticker_sentiment_score"": ""-0.016813"", ""ticker_sentiment_label"": ""Neutral""}]"
2025-05-01,Trump Organization Executive VP Eric Trump said that his family being targeted by banks was what drove him to embrace cryptocurrency.,Decrypt.co,https://decrypt.co/317435/eric-trump-woke-cancel-culture-bitcoin-crypto,0.159922,https://decrypt.co/317435/eric-trump-woke-cancel-culture-bitcoin-crypto,"Eric Trump Says 'Woke Cancel Culture' Led Him to Bitcoin, Crypto",Ryan S. Gladwin,https://cdn.decrypt.co/resize/1024/height/512/wp-content/uploads/2025/05/eric-trump-token2049-2025-gID_7.png,decrypt.co,"IPO,Blockchain,Financial Markets",0.131883,Neutral,"[{""ticker"": ""FOREX:USD"", ""relevance_score"": ""0.107016"", ""ticker_sentiment_score"": ""0.184813"", ""ticker_sentiment_label"": ""Somewhat-Bullish""}, {""ticker"": ""CRYPTO:BTC"", ""relevance_score"": ""0.159922"", ""ticker_sentiment_score"": ""0.115502"", ""ticker_sentiment_label"": ""Neutral""}, {""ticker"": ""CRYPTO:ETH"", ""relevance_score"": ""0.107016"", ""ticker_sentiment_score"": ""0.152212"", ""ticker_sentiment_label"": ""Somewhat-Bullish""}]"
2025-05-01,"Canary Capital filed an S-1 with the SEC on Thursday, seeking approval for an ETF that would give investors SEI exposure.",Decrypt.co,https://decrypt.co/317432/canary-capital-sei-staking-etf,0.266828,https://decrypt.co/317432/canary-capital-sei-staking-etf,Canary Capital Seeks SEC Approval for First Sei ETF With Staking,Mat Di Salvo,https://cdn.decrypt.co/resize/1024/height/512/wp-content/uploads/2023/08/sei-network-token-gID_7.jpg,decrypt.co,"Blockchain,Financial Markets",0.285442,Somewhat-Bullish,"[{""ticker"": ""CRYPTO:BTC"", ""relevance_score"": ""0.266828"", ""ticker_sentiment_score"": ""0.300365"", ""ticker_sentiment_label"": ""Somewhat-Bullish""}, {""ticker"": ""CRYPTO:ETH"", ""relevance_score"": ""0.135347"", ""ticker_sentiment_score"": ""0.209151"", ""ticker_sentiment_label"": ""Somewhat-Bullish""}, {""ticker"": ""CRYPTO:DOGE"", ""relevance_score"": ""0.135347"", ""ticker_sentiment_score"": ""0.209151"", ""ticker_sentiment_label"": ""Somewhat-Bullish""}, {""ticker"": ""CRYPTO:LTC"", ""relevance_score"": ""0.135347"", ""ticker_sentiment_score"": ""0.098155"", ""ticker_sentiment_label"": ""Neutral""}]"
2025-05-01,"TAMPA, Fla., May 01, 2025 ( GLOBE NEWSWIRE ) -- SRx Health Solutions, Inc.",Benzinga,https://www.benzinga.com/pressreleases/25/05/g45135085/srx-health-solutions-to-consider-allocating-up-to-10-of-future-cash-flows-and-cash-reserves-to-bit,0.146916,https://www.benzinga.com/pressreleases/25/05/g45135085/srx-health-solutions-to-consider-allocating-up-to-10-of-future-cash-flows-and-cash-reserves-to-bit,"SRx Health Solutions to Consider Allocating Up to 10% of Future Cash Flows and Cash Reserves to Bitcoin, Solana and Gold - SRX HealthSolutions  ( AMEX:SRXH ) ",Globe Newswire,https://www.benzinga.com/next-assets/images/schema-image-default.png,www.benzinga.com,"Life Sciences,Blockchain,Financial Markets",0.293679,Somewhat-Bullish,"[{""ticker"": ""HCSG"", ""relevance_score"": ""0.146916"", ""ticker_sentiment_score"": ""0.391951"", ""ticker_sentiment_label"": ""Bullish""}, {""ticker"": ""CRYPTO:BTC"", ""relevance_score"": ""0.146916"", ""ticker_sentiment_score"": ""0.239996"", ""ticker_sentiment_label"": ""Somewhat-Bullish""}]"
2025-05-01,"Michael Saylot's tech firm Strategy has earned shareholders a Bitcoin yield of 13.7% in the year-to-date, the company said in its May 1 earnings report.That equates to a Bitcoin gain of more than 61,000 Bitcoin ( BTC ) , worth approximately $5.8 billion, according to the company.",Cointelegraph,https://cointelegraph.com/news/strategy-touts-13-7-ytd-bitcoin-yield-in-earnings-print,0.999624,https://cointelegraph.com/news/strategy-touts-13-7-ytd-bitcoin-yield-in-earnings-print,Strategy touts 13.7% YTD Bitcoin yield in earnings print,Alex O’Donnell,https://s3.cointelegraph.com/uploads/2025-05/01968dae-7837-7ff4-bf2b-dbc3bf676848,cointelegraph.com,"Earnings,Technology,Financial Markets",0.27917,Somewhat-Bullish,"[{""ticker"": ""GOOG"", ""relevance_score"": ""0.122894"", ""ticker_sentiment_score"": ""0.128234"", ""ticker_sentiment_label"": ""Neutral""}, {""ticker"": ""CRYPTO:BTC"", ""relevance_score"": ""0.999624"", ""ticker_sentiment_score"": ""0.486169"", ""ticker_sentiment_label"": ""Bullish""}]"
2025-05-01,Revolutionary digital asset has unique steps for making sure it blesses your heirs.,Zacks Commentary,https://www.zacks.com/stock/news/2460562/bitcoin-legacy-securing-your-block-of-generational-wealth,0.719416,https://www.zacks.com/stock/news/2460562/bitcoin-legacy-securing-your-block-of-generational-wealth,Bitcoin Legacy: Securing Your Block of Generational Wealth,Kevin Cook,https://staticx-tuner.zacks.com/images/articles/main/30/101803.jpg,www.zacks.com,"Technology,Finance,Blockchain,Economy - Monetary,IPO,Financial Markets,Manufacturing,Earnings",0.123114,Neutral,"[{""ticker"": ""GOOG"", ""relevance_score"": ""0.028221"", ""ticker_sentiment_score"": ""0.037009"", ""ticker_sentiment_label"": ""Neutral""}, {""ticker"": ""NVDA"", ""relevance_score"": ""0.014113"", ""ticker_sentiment_score"": ""-0.118329"", ""ticker_sentiment_label"": ""Neutral""}, {""ticker"": ""FGROF"", ""relevance_score"": ""0.014113"", ""ticker_sentiment_score"": ""0.130968"", ""ticker_sentiment_label"": ""Neutral""}, {""ticker"": ""SFTBF"", ""relevance_score"": ""0.042321"", ""ticker_sentiment_score"": ""0.032973"", ""ticker_sentiment_label"": ""Neutral""}, {""ticker"": ""NYT"", ""relevance_score"": ""0.014113"", ""ticker_sentiment_score"": ""0.045361"", ""ticker_sentiment_label"": ""Neutral""}, {""ticker"": ""GS"", ""relevance_score"": ""0.014113"", ""ticker_sentiment_score"": ""0.03704"", ""ticker_sentiment_label"": ""Neutral""}, {""ticker"": ""MET"", ""relevance_score"": ""0.014113"", ""ticker_sentiment_score"": ""0.03704"", ""ticker_sentiment_label"": ""Neutral""}, {""ticker"": ""COIN"", ""relevance_score"": ""0.028221"", ""ticker_sentiment_score"": ""0.083622"", ""ticker_sentiment_label"": ""Neutral""}, {""ticker"": ""CEP"", ""relevance_score"": ""0.070476"", ""ticker_sentiment_score"": ""0.091819"", ""ticker_sentiment_label"": ""Neutral""}, {""ticker"": ""FOREX:USD"", ""relevance_score"": ""0.028221"", ""ticker_sentiment_score"": ""0.046607"", ""ticker_sentiment_label"": ""Neutral""}, {""ticker"": ""CRYPTO:BTC"", ""relevance_score"": ""0.719416"", ""ticker_sentiment_score"": ""0.152571"", ""ticker_sentiment_label"": ""Somewhat-Bullish""}]"
2025-05-01,"Having been online for over a decade, Bovada Sportsbook has earned a reputation as an excellent hunting ground for bonus hunters. Research from Betworthy, a betting testing facility, believes that it has the answers regarding the best online sportsbooks - and it is exactly this site that sits at ...",Benzinga,https://www.benzinga.com/pressreleases/25/05/g45153912/best-online-sportsbooks-betworthy-picks-bovada-as-the-best-betting-site,0.277525,https://www.benzinga.com/pressreleases/25/05/g45153912/best-online-sportsbooks-betworthy-picks-bovada-as-the-best-betting-site,Best Online Sportsbooks: Betworthy Picks Bovada as the Best Betting Site,Globe Newswire,https://www.benzinga.com/next-assets/images/schema-image-default.png,www.benzinga.com,"Economy - Monetary,Blockchain",0.442706,Bullish,"[{""ticker"": ""MA"", ""relevance_score"": ""0.016668"", ""ticker_sentiment_score"": ""0.221282"", ""ticker_sentiment_label"": ""Somewhat-Bullish""}, {""ticker"": ""CRYPTO:BTC"", ""relevance_score"": ""0.277525"", ""ticker_sentiment_score"": ""0.203406"", ""ticker_sentiment_label"": ""Somewhat-Bullish""}, {""ticker"": ""CRYPTO:ETH"", ""relevance_score"": ""0.066598"", ""ticker_sentiment_score"": ""0.046063"", ""ticker_sentiment_label"": ""Neutral""}, {""ticker"": ""CRYPTO:USDT"", ""relevance_score"": ""0.033328"", ""ticker_sentiment_score"": ""0.0"", ""ticker_sentiment_label"": ""Neutral""}, {""ticker"": ""CRYPTO:LTC"", ""relevance_score"": ""0.049974"", ""ticker_sentiment_score"": ""0.066405"", ""ticker_sentiment_label"": ""Neutral""}, {""ticker"": ""CRYPTO:BSV"", ""relevance_score"": ""0.049974"", ""ticker_sentiment_score"": ""0.072374"", ""ticker_sentiment_label"": ""Neutral""}, {""ticker"": ""CRYPTO:BCH"", ""relevance_score"": ""0.083193"", ""ticker_sentiment_score"": ""0.053067"", ""ticker_sentiment_label"": ""Neutral""}]"
2025-05-01,The crypto investment firm's latest raise brings its assets under management to roughly $550 million.,Decrypt.co,https://decrypt.co/317425/dao5-closes-222-million-funding-round-to-shape-institutional-interest-in-crypto,0.28008,https://decrypt.co/317425/dao5-closes-222-million-funding-round-to-shape-institutional-interest-in-crypto,Dao5 Closes $222 Million Funding Round to Shape Institutional Interest in Crypto,Liz Napolitano,https://cdn.decrypt.co/resize/1024/height/512/wp-content/uploads/2024/08/bitcoin-money-fed-central-bank-gID_7.jpg,decrypt.co,"Finance,Blockchain,Financial Markets",0.23154,Somewhat-Bullish,"[{""ticker"": ""JNVR"", ""relevance_score"": ""0.095138"", ""ticker_sentiment_score"": ""0.128151"", ""ticker_sentiment_label"": ""Neutral""}, {""ticker"": ""CRYPTO:BTC"", ""relevance_score"": ""0.28008"", ""ticker_sentiment_score"": ""0.209912"", ""ticker_sentiment_label"": ""Somewhat-Bullish""}, {""ticker"": ""CRYPTO:ETH"", ""relevance_score"": ""0.095138"", ""ticker_sentiment_score"": ""0.063096"", ""ticker_sentiment_label"": ""Neutral""}]"
2025-05-01,"Forget the queues and noise at physical casinos - the best online blackjack sites offer everything you're looking for from the comfort of your home. Betworthy ranked Ignition Casino as the best blackjack site right now thanks to its variety of blackjack games, great bonuses, and fast payouts.",Benzinga,https://www.benzinga.com/pressreleases/25/05/g45148970/best-online-blackjack-sites-betworthy-picks-ignition-as-the-top-blackjack-casino-in-the-u-s,0.075737,https://www.benzinga.com/pressreleases/25/05/g45148970/best-online-blackjack-sites-betworthy-picks-ignition-as-the-top-blackjack-casino-in-the-u-s,Best Online Blackjack Sites: Betworthy Picks Ignition as the Top Blackjack Casino in the U.S.,Globe Newswire,https://www.benzinga.com/next-assets/images/schema-image-default.png,www.benzinga.com,"Economy - Monetary,Technology,Blockchain",0.458194,Bullish,"[{""ticker"": ""PYPL"", ""relevance_score"": ""0.010836"", ""ticker_sentiment_score"": ""-0.186998"", ""ticker_sentiment_label"": ""Somewhat-Bearish""}, {""ticker"": ""GOOG"", ""relevance_score"": ""0.010836"", ""ticker_sentiment_score"": ""0.115525"", ""ticker_sentiment_label"": ""Neutral""}, {""ticker"": ""TWOH"", ""relevance_score"": ""0.010836"", ""ticker_sentiment_score"": ""0.031577"", ""ticker_sentiment_label"": ""Neutral""}, {""ticker"": ""CRYPTO:BTC"", ""relevance_score"": ""0.075737"", ""ticker_sentiment_score"": ""0.229513"", ""ticker_sentiment_label"": ""Somewhat-Bullish""}, {""ticker"": ""CRYPTO:ETH"", ""relevance_score"": ""0.010836"", ""ticker_sentiment_score"": ""0.219806"", ""ticker_sentiment_label"": ""Somewhat-Bullish""}, {""ticker"": ""CRYPTO:USDT"", ""relevance_score"": ""0.010836"", ""ticker_sentiment_score"": ""0.219806"", ""ticker_sentiment_label"": ""Somewhat-Bullish""}, {""ticker"": ""CRYPTO:LTC"", ""relevance_score"": ""0.010836"", ""ticker_sentiment_score"": ""0.219806"", ""ticker_sentiment_label"": ""Somewhat-Bullish""}, {""ticker"": ""CRYPTO:BCH"", ""relevance_score"": ""0.010836"", ""ticker_sentiment_score"": ""0.219806"", ""ticker_sentiment_label"": ""Somewhat-Bullish""}]"
2025-05-01,"""Bitcoin's recent price appreciation is the result of long-term momentum rather than a temporary phenomenon,"" an analyst told Decrypt.",Decrypt.co,https://decrypt.co/317326/bitcoin-price-96k-first-time-february-correction,0.874135,https://decrypt.co/317326/bitcoin-price-96k-first-time-february-correction,Bitcoin Price Tops $96K for First Time Since February Correction,Vince Dioquino,https://cdn.decrypt.co/resize/1024/height/512/wp-content/uploads/2025/01/bitcoin-btc-coins-floating-gID_7.png,decrypt.co,Economy - Monetary,0.123682,Neutral,"[{""ticker"": ""CRYPTO:BTC"", ""relevance_score"": ""0.874135"", ""ticker_sentiment_score"": ""0.100114"", ""ticker_sentiment_label"": ""Neutral""}]"
2025-05-01,"Bitcoin, once consigned to speculative corner, has made a thunderous about-face in 2025. It's no longer just a decentralized anomaly it's evolving into a strategic asset in both institutional portfolios and country financial planning.",Benzinga,https://www.benzinga.com/markets/cryptocurrency/25/05/45135471/bitcoins-global-reawakening-how-institutional-changes-are-driving-the-2025-boom,0.702129,https://www.benzinga.com/markets/cryptocurrency/25/05/45135471/bitcoins-global-reawakening-how-institutional-changes-are-driving-the-2025-boom,Bitcoin's Global Reawakening: How Institutional Changes Are Driving The 2025 Boom,Michael Collins,https://www.benzinga.com/next-assets/images/schema-image-default.png,www.benzinga.com,"Economy - Monetary,Financial Markets",0.174142,Somewhat-Bullish,"[{""ticker"": ""CRYPTO:BTC"", ""relevance_score"": ""0.702129"", ""ticker_sentiment_score"": ""0.224009"", ""ticker_sentiment_label"": ""Somewhat-Bullish""}]"
2025-05-01,"The upcoming lstBTC product will enable liquid staking, enhancing capital efficiency while maintaining institutional-grade custody. Core's validator-backed model positions Bitcoin as productive collateral for broader integration into global financial markets.",Benzinga,https://www.benzinga.com/markets/cryptocurrency/25/05/45135540/staking-bitcoin-is-a-thing-yes-and-heres-how-you-can-do-it,0.944799,https://www.benzinga.com/markets/cryptocurrency/25/05/45135540/staking-bitcoin-is-a-thing-yes-and-heres-how-you-can-do-it,"Staking Bitcoin Is A Thing? Yes, And Here's How You Can Do It",Murtuza J Merchant,https://cdn.benzinga.com/files/images/story/2025/05/01/Bitcoin_0.jpeg?width=1200&height=800&fit=crop,www.benzinga.com,Financial Markets,0.274502,Somewhat-Bullish,"[{""ticker"": ""CRYPTO:BTC"", ""relevance_score"": ""0.944799"", ""ticker_sentiment_score"": ""0.359189"", ""ticker_sentiment_label"": ""Bullish""}]"
2025-05-01,"SINGAPORE, May 01, 2025 ( GLOBE NEWSWIRE ) -- As the cryptocurrency market experiences increased volatility, BexBack, a leading cryptocurrency derivatives platform, is offering traders unparalleled opportunities to maximize their profits.",Benzinga,https://www.benzinga.com/pressreleases/25/05/g45137839/bexback-launches-game-changing-100x-leverage-no-kyc-and-100-trading-bonus-for-new-traders,0.356438,https://www.benzinga.com/pressreleases/25/05/g45137839/bexback-launches-game-changing-100x-leverage-no-kyc-and-100-trading-bonus-for-new-traders,"BexBack Launches Game-Changing 100x Leverage, No KYC, and $100 Trading Bonus for New Traders",Globe Newswire,https://www.benzinga.com/next-assets/images/schema-image-default.png,www.benzinga.com,"Blockchain,Financial Markets",0.423782,Bullish,"[{""ticker"": ""AWON"", ""relevance_score"": ""0.061473"", ""ticker_sentiment_score"": ""0.07216"", ""ticker_sentiment_label"": ""Neutral""}, {""ticker"": ""CRYPTO:BTC"", ""relevance_score"": ""0.356438"", ""ticker_sentiment_score"": ""0.410211"", ""ticker_sentiment_label"": ""Bullish""}, {""ticker"": ""CRYPTO:USDT"", ""relevance_score"": ""0.061473"", ""ticker_sentiment_score"": ""0.156854"", ""ticker_sentiment_label"": ""Somewhat-Bullish""}, {""ticker"": ""CRYPTO:XRP"", ""relevance_score"": ""0.061473"", ""ticker_sentiment_score"": ""0.211428"", ""ticker_sentiment_label"": ""Somewhat-Bullish""}]"
2025-05-01,"The demand for yield-generating strategies around Bitcoin ( BTC ) is surging, especially from firms seeking liquidity without liquidating their BTC, according to Ryan Chow, co-founder and CEO of Solv Protocol.During a fireside chat at the Token2049 conference in Dubai on May 1, Chow said ...",Cointelegraph,https://cointelegraph.com/news/bitcoin-yield-demand-institutions-liquidity-defi,0.983039,https://cointelegraph.com/news/bitcoin-yield-demand-institutions-liquidity-defi,Bitcoin yield demand booming as institutions seek liquidity - Solv CEO,Amin Haqshanas,https://s3.cointelegraph.com/uploads/2025-05/01968c26-e7ae-7858-ab84-c5e676fa05ee,cointelegraph.com,"Financial Markets,Technology,Finance,Blockchain",0.182711,Somewhat-Bullish,"[{""ticker"": ""MSTR"", ""relevance_score"": ""0.164468"", ""ticker_sentiment_score"": ""0.357091"", ""ticker_sentiment_label"": ""Bullish""}, {""ticker"": ""COIN"", ""relevance_score"": ""0.082677"", ""ticker_sentiment_score"": ""0.0"", ""ticker_sentiment_label"": ""Neutral""}, {""ticker"": ""CRYPTO:BTC"", ""relevance_score"": ""0.983039"", ""ticker_sentiment_score"": ""0.343842"", ""ticker_sentiment_label"": ""Somewhat-Bullish""}, {""ticker"": ""CRYPTO:AAVE"", ""relevance_score"": ""0.082677"", ""ticker_sentiment_score"": ""0.0"", ""ticker_sentiment_label"": ""Neutral""}]"
2025-05-01,"Bitcoin's expanding institutional adoption may provide the ""structural"" inflows necessary to surpass gold's market capitalization and push its price beyond $1 million by 2029, according to Bitwise's head of European research, André Dragosch.""Our in-house prediction is $1 million by 2029.",Cointelegraph,https://cointelegraph.com/news/bitcoin-one-million-2029-etf-government-demand-bitwise,0.77735,https://cointelegraph.com/news/bitcoin-one-million-2029-etf-government-demand-bitwise,Bitcoin to $1M by 2029 fueled by ETF and gov't demand - Bitwise exec,Zoltan Vardai,https://s3.cointelegraph.com/uploads/2025-05/01968bfc-a74a-741c-ba16-103b03cf8316,cointelegraph.com,"Finance,Blockchain,Financial Markets",0.280462,Somewhat-Bullish,"[{""ticker"": ""MS"", ""relevance_score"": ""0.097062"", ""ticker_sentiment_score"": ""0.0"", ""ticker_sentiment_label"": ""Neutral""}, {""ticker"": ""CRYPTO:BTC"", ""relevance_score"": ""0.77735"", ""ticker_sentiment_score"": ""0.357254"", ""ticker_sentiment_label"": ""Bullish""}]"
2025-05-01,"Kevin noted Bitcoin has spent 8 days consolidating in the key golden pocket resistance zone between $94,410-$95,581. A potential pullback could find support in the $88,000-$90,000 range, while macro signals point to growing upside potential.",Benzinga,https://www.benzinga.com/markets/cryptocurrency/25/05/45139222/bitcoin-breaks-96000-ahead-of-pivotal-week,0.558244,https://www.benzinga.com/markets/cryptocurrency/25/05/45139222/bitcoin-breaks-96000-ahead-of-pivotal-week,"Bitcoin Breaks $96,000 Ahead Of 'Pivotal Week'",Khyathi Dalal,https://cdn.benzinga.com/files/images/story/2025/05/01/Crypto-Prices-Rise-Up-Positive--Bitcoin-.jpeg?width=1200&height=800&fit=crop,www.benzinga.com,"Economy - Monetary,Blockchain,Financial Markets",0.194716,Somewhat-Bullish,"[{""ticker"": ""NNAX"", ""relevance_score"": ""0.076602"", ""ticker_sentiment_score"": ""-0.092047"", ""ticker_sentiment_label"": ""Neutral""}, {""ticker"": ""CRYPTO:BTC"", ""relevance_score"": ""0.558244"", ""ticker_sentiment_score"": ""0.135637"", ""ticker_sentiment_label"": ""Neutral""}]"
2025-05-01,"Opinion by: Vikash Singh, Principal Investor at StillmarkThe Bybit hack resulted in the largest loss of funds to cyber hackers by a cryptocurrency exchange in history. It served as a wake-up call for those complacent about the state of security threats in the digital assets space.",Cointelegraph,https://cointelegraph.com/news/enterprise-grade-custody-solutions,0.253426,https://cointelegraph.com/news/enterprise-grade-custody-solutions,The case for enterprise-grade custody solutions,Vikash Singh,"https://images.cointelegraph.com/cdn-cgi/image/format=auto,onerror=redirect,quality=90,width=1200/https://s3.cointelegraph.com/uploads/2025-01/01944549-c272-7b8b-b98f-4ba9223b1be3",cointelegraph.com,Blockchain,0.014912,Neutral,"[{""ticker"": ""CRYPTO:BTC"", ""relevance_score"": ""0.253426"", ""ticker_sentiment_score"": ""0.199544"", ""ticker_sentiment_label"": ""Somewhat-Bullish""}, {""ticker"": ""CRYPTO:ETH"", ""relevance_score"": ""0.042953"", ""ticker_sentiment_score"": ""-0.030999"", ""ticker_sentiment_label"": ""Neutral""}]"
2025-05-01,"Bitcoin ( BTC ) gained 3% on May 1 as a new month saw shorts struggle to keep price pinned.BTC/USD 1-hour chart. Source: Cointelegraph/TradingViewBitcoin pressures shorts after 3% daily gainsData from Cointelegraph Markets Pro and TradingView showed BTC/USD reaching $96,955 on Bitstamp, its ...",Cointelegraph,https://cointelegraph.com/news/bitcoin-prep-97k-resistance-showdown-gold-dips-8-from-highs,0.680008,https://cointelegraph.com/news/bitcoin-prep-97k-resistance-showdown-gold-dips-8-from-highs,Bitcoin bulls prep $97K resistance showdown as gold dips 8% from highs,William Suberg,https://s3.cointelegraph.com/uploads/2025-05/01968c59-bd9b-78df-a5bf-74dbc1b40573,cointelegraph.com,"Economy - Monetary,Technology",0.009724,Neutral,"[{""ticker"": ""MSFT"", ""relevance_score"": ""0.131643"", ""ticker_sentiment_score"": ""0.11103"", ""ticker_sentiment_label"": ""Neutral""}, {""ticker"": ""CRYPTO:BTC"", ""relevance_score"": ""0.680008"", ""ticker_sentiment_score"": ""0.360602"", ""ticker_sentiment_label"": ""Bullish""}]"
2025-05-01,"Cardiff, UK, May 01, 2025 ( GLOBE NEWSWIRE ) -- On April 28, 2025, Bitcoin held steady following a surge fueled by strong buying activity in spot exchange-traded funds, which triggered a notable rebound over the past week. Despite this, the market remained cautious due to ongoing U.S.-China trade ...",Benzinga,https://www.benzinga.com/pressreleases/25/05/g45138130/hartcoin-is-helping-investors-to-earn-crypto-daily-over-8000-in-daily-passive-income,0.498376,https://www.benzinga.com/pressreleases/25/05/g45138130/hartcoin-is-helping-investors-to-earn-crypto-daily-over-8000-in-daily-passive-income,Hartcoin Is Helping Investors To Earn Crypto Daily: Over $8000 In Daily Passive Income,Globe Newswire,https://www.benzinga.com/next-assets/images/schema-image-default.png,www.benzinga.com,"Economy - Monetary,Financial Markets,Earnings,Blockchain",0.360496,Bullish,"[{""ticker"": ""AWON"", ""relevance_score"": ""0.031529"", ""ticker_sentiment_score"": ""0.170113"", ""ticker_sentiment_label"": ""Somewhat-Bullish""}, {""ticker"": ""CRYPTO:BTC"", ""relevance_score"": ""0.498376"", ""ticker_sentiment_score"": ""0.32523"", ""ticker_sentiment_label"": ""Somewhat-Bullish""}, {""ticker"": ""CRYPTO:ETH"", ""relevance_score"": ""0.063008"", ""ticker_sentiment_score"": ""0.192221"", ""ticker_sentiment_label"": ""Somewhat-Bullish""}, {""ticker"": ""CRYPTO:LTC"", ""relevance_score"": ""0.063008"", ""ticker_sentiment_score"": ""0.192221"", ""ticker_sentiment_label"": ""Somewhat-Bullish""}]"
2025-05-01,"Unlike its European counterpart, 21Shares' Sui ETF would not offer staking rewards in the U.S.",Decrypt.co,https://decrypt.co/317330/sui-price-pops-8-21shares-seeks-sec-approval-for-etf,0.109455,https://decrypt.co/317330/sui-price-pops-8-21shares-seeks-sec-approval-for-etf,Sui Price Pops 9% as 21Shares Seeks SEC Approval for ETF,André Beganski,https://cdn.decrypt.co/resize/1024/height/512/wp-content/uploads/2023/06/Sui-shutterstock_2323188031-16x9-1-gID_7.jpg,decrypt.co,"Finance,Blockchain,Financial Markets",0.138831,Neutral,"[{""ticker"": ""COIN"", ""relevance_score"": ""0.109455"", ""ticker_sentiment_score"": ""0.059954"", ""ticker_sentiment_label"": ""Neutral""}, {""ticker"": ""CRYPTO:BTC"", ""relevance_score"": ""0.109455"", ""ticker_sentiment_score"": ""0.04001"", ""ticker_sentiment_label"": ""Neutral""}, {""ticker"": ""CRYPTO:ETH"", ""relevance_score"": ""0.109455"", ""ticker_sentiment_score"": ""0.04001"", ""ticker_sentiment_label"": ""Neutral""}, {""ticker"": ""CRYPTO:DOGE"", ""relevance_score"": ""0.21686"", ""ticker_sentiment_score"": ""0.043609"", ""ticker_sentiment_label"": ""Neutral""}]"
2025-05-01,"To gain an edge, this is what you need to know today. Please click here for an enlarged chart of Invesco QQQ Trust Series 1 QQQ. Microsoft capital expenditures for the quarter came at $16.7B vs. $16.2B consensus, which was higher than $11B capex from a year ago.",Benzinga,https://www.benzinga.com/markets/equities/25/05/45143200/ai-helps-microsoft-and-meta-but-consumer-angst-hurts-mcdonalds,0.057907,https://www.benzinga.com/markets/equities/25/05/45143200/ai-helps-microsoft-and-meta-but-consumer-angst-hurts-mcdonalds,"AI Helps Microsoft And Meta, But Consumer Angst Hurts McDonald's - Invesco QQQ Trust, Series 1  ( NASDAQ:QQQ ) ",The Arora Report,https://www.benzinga.com/next-assets/images/schema-image-default.png,www.benzinga.com,"Economy - Monetary,Retail & Wholesale,Financial Markets,Manufacturing,Technology,Finance",0.270176,Somewhat-Bullish,"[{""ticker"": ""MSFT"", ""relevance_score"": ""0.172507"", ""ticker_sentiment_score"": ""0.081769"", ""ticker_sentiment_label"": ""Neutral""}, {""ticker"": ""GOOG"", ""relevance_score"": ""0.115509"", ""ticker_sentiment_score"": ""0.131715"", ""ticker_sentiment_label"": ""Neutral""}, {""ticker"": ""NVDA"", ""relevance_score"": ""0.115509"", ""ticker_sentiment_score"": ""0.131715"", ""ticker_sentiment_label"": ""Neutral""}, {""ticker"": ""AAPL"", ""relevance_score"": ""0.115509"", ""ticker_sentiment_score"": ""-0.30292"", ""ticker_sentiment_label"": ""Somewhat-Bearish""}, {""ticker"": ""TSLA"", ""relevance_score"": ""0.115509"", ""ticker_sentiment_score"": ""0.131715"", ""ticker_sentiment_label"": ""Neutral""}, {""ticker"": ""PLSQF"", ""relevance_score"": ""0.057907"", ""ticker_sentiment_score"": ""0.14325"", ""ticker_sentiment_label"": ""Neutral""}, {""ticker"": ""IVZ"", ""relevance_score"": ""0.057907"", ""ticker_sentiment_score"": ""0.318104"", ""ticker_sentiment_label"": ""Somewhat-Bullish""}, {""ticker"": ""AMZN"", ""relevance_score"": ""0.115509"", ""ticker_sentiment_score"": ""0.131715"", ""ticker_sentiment_label"": ""Neutral""}, {""ticker"": ""CRYPTO:BTC"", ""relevance_score"": ""0.057907"", ""ticker_sentiment_score"": ""0.0"", ""ticker_sentiment_label"": ""Neutral""}]"
2025-05-01,"Bitcoin surged 15% in April, but HPC miners like RIOT, WULF, IREN lagged for a third straight month. Profitability slipped again as hashrate soared; miner margins now 70% below pre-halving levels. Today's manic market swings are creating the perfect setup for Matt's next volatility trade.",Benzinga,https://www.benzinga.com/25/05/45143726/bitcoin-is-booming-but-miners-like-riot-iren-hut-8-terawulf-are-flatlining,0.524949,https://www.benzinga.com/25/05/45143726/bitcoin-is-booming-but-miners-like-riot-iren-hut-8-terawulf-are-flatlining,"Bitcoin Is Booming, But Miners Like Riot, Iren, Hut 8, TeraWulf Are Flatlining - IREN  ( NASDAQ:IREN ) , TeraWulf  ( NASDAQ:WULF ) , Hut 8  ( NASDAQ:HUT ) , Riot Platforms  ( NASDAQ:RIOT ) ",Surbhi Jain,https://cdn.benzinga.com/files/images/story/2025/05/01/Crypto-Prices-Rise-Up-Positive--Bitcoin-_0.jpeg?width=1200&height=800&fit=crop,www.benzinga.com,"Life Sciences,Technology,Financial Markets",0.246167,Somewhat-Bullish,"[{""ticker"": ""WULF"", ""relevance_score"": ""0.366061"", ""ticker_sentiment_score"": ""-0.099962"", ""ticker_sentiment_label"": ""Neutral""}, {""ticker"": ""RIOT"", ""relevance_score"": ""0.279015"", ""ticker_sentiment_score"": ""-0.080015"", ""ticker_sentiment_label"": ""Neutral""}, {""ticker"": ""HUT"", ""relevance_score"": ""0.279015"", ""ticker_sentiment_score"": ""-0.091767"", ""ticker_sentiment_label"": ""Neutral""}, {""ticker"": ""GREEL"", ""relevance_score"": ""0.094762"", ""ticker_sentiment_score"": ""0.183924"", ""ticker_sentiment_label"": ""Somewhat-Bullish""}, {""ticker"": ""CRYPTO:BTC"", ""relevance_score"": ""0.524949"", ""ticker_sentiment_score"": ""0.207016"", ""ticker_sentiment_label"": ""Somewhat-Bullish""}]"
2025-05-01,"S&P 500 heads for eighth straight gain, fully recovering post-tariff losses; Nasdaq 100 leads with strong tech earnings. Microsoft and Meta surge after earnings; Eli Lilly sinks 10% on 2025 guidance cut. Today's manic market swings are creating the perfect setup for Matt's next volatility trade.",Benzinga,https://www.benzinga.com/government/regulations/25/05/45146182/wall-street-eyes-8th-positive-day-as-sp-500-recoups-tariff-led-losses-bitcoin-rallies-to-9,0.084423,https://www.benzinga.com/government/regulations/25/05/45146182/wall-street-eyes-8th-positive-day-as-sp-500-recoups-tariff-led-losses-bitcoin-rallies-to-9,"Wall Street Eyes 8th Positive Day As S&P 500 Recoups Tariff-Led Losses, Bitcoin Rallies To $97,000: What's Driving Markets Thursday? - Apple  ( NASDAQ:AAPL ) ",Piero Cingari,https://cdn.benzinga.com/files/images/story/2025/05/01/Businesswomen-Use-Magnifier-Glass-Find-S.jpeg?width=1200&height=800&fit=crop,www.benzinga.com,"Life Sciences,Energy & Transportation,Technology,Finance,Retail & Wholesale,Financial Markets,Manufacturing,Earnings,Real Estate & Construction",0.186351,Somewhat-Bullish,"[{""ticker"": ""CVS"", ""relevance_score"": ""0.084423"", ""ticker_sentiment_score"": ""-0.015319"", ""ticker_sentiment_label"": ""Neutral""}, {""ticker"": ""AAPL"", ""relevance_score"": ""0.084423"", ""ticker_sentiment_score"": ""0.0"", ""ticker_sentiment_label"": ""Neutral""}, {""ticker"": ""IRM"", ""relevance_score"": ""0.084423"", ""ticker_sentiment_score"": ""-0.015319"", ""ticker_sentiment_label"": ""Neutral""}, {""ticker"": ""CPT"", ""relevance_score"": ""0.084423"", ""ticker_sentiment_score"": ""0.0"", ""ticker_sentiment_label"": ""Neutral""}, {""ticker"": ""PLD"", ""relevance_score"": ""0.084423"", ""ticker_sentiment_score"": ""-0.015319"", ""ticker_sentiment_label"": ""Neutral""}, {""ticker"": ""ABNB"", ""relevance_score"": ""0.084423"", ""ticker_sentiment_score"": ""0.0"", ""ticker_sentiment_label"": ""Neutral""}, {""ticker"": ""DLR"", ""relevance_score"": ""0.084423"", ""ticker_sentiment_score"": ""-0.015319"", ""ticker_sentiment_label"": ""Neutral""}, {""ticker"": ""IVZ"", ""relevance_score"": ""0.042271"", ""ticker_sentiment_score"": ""0.244956"", ""ticker_sentiment_label"": ""Somewhat-Bullish""}, {""ticker"": ""AMGN"", ""relevance_score"": ""0.084423"", ""ticker_sentiment_score"": ""0.0"", ""ticker_sentiment_label"": ""Neutral""}, {""ticker"": ""O"", ""relevance_score"": ""0.042271"", ""ticker_sentiment_score"": ""-0.014512"", ""ticker_sentiment_label"": ""Neutral""}, {""ticker"": ""MSFT"", ""relevance_score"": ""0.167904"", ""ticker_sentiment_score"": ""-0.005525"", ""ticker_sentiment_label"": ""Neutral""}, {""ticker"": ""MHK"", ""relevance_score"": ""0.084423"", ""ticker_sentiment_score"": ""0.0"", ""ticker_sentiment_label"": ""Neutral""}, {""ticker"": ""PRU"", ""relevance_score"": ""0.084423"", ""ticker_sentiment_score"": ""-0.015319"", ""ticker_sentiment_label"": ""Neutral""}, {""ticker"": ""GDDY"", ""relevance_score"": ""0.084423"", ""ticker_sentiment_score"": ""0.0"", ""ticker_sentiment_label"": ""Neutral""}, {""ticker"": ""MA"", ""relevance_score"": ""0.042271"", ""ticker_sentiment_score"": ""-0.014512"", ""ticker_sentiment_label"": ""Neutral""}, {""ticker"": ""AWK"", ""relevance_score"": ""0.084423"", ""ticker_sentiment_score"": ""-0.015319"", ""ticker_sentiment_label"": ""Neutral""}, {""ticker"": ""QCOM"", ""relevance_score"": ""0.084423"", ""ticker_sentiment_score"": ""-0.015319"", ""ticker_sentiment_label"": ""Neutral""}, {""ticker"": ""VTR"", ""relevance_score"": ""0.084423"", ""ticker_sentiment_score"": ""-0.015319"", ""ticker_sentiment_label"": ""Neutral""}, {""ticker"": ""LLY"", ""relevance_score"": ""0.209004"", ""ticker_sentiment_score"": ""-0.014911"", ""ticker_sentiment_label"": ""Neutral""}, {""ticker"": ""CTSH"", ""relevance_score"": ""0.084423"", ""ticker_sentiment_score"": ""-0.015319"", ""ticker_sentiment_label"": ""Neutral""}, {""ticker"": ""EOG"", ""relevance_score"": ""0.084423"", ""ticker_sentiment_score"": ""0.0"", ""ticker_sentiment_label"": ""Neutral""}, {""ticker"": ""DXCM"", ""relevance_score"": ""0.084423"", ""ticker_sentiment_score"": ""0.0"", ""ticker_sentiment_label"": ""Neutral""}, {""ticker"": ""AIG"", ""relevance_score"": ""0.084423"", ""ticker_sentiment_score"": ""0.0"", ""ticker_sentiment_label"": ""Neutral""}, {""ticker"": ""ED"", ""relevance_score"": ""0.084423"", ""ticker_sentiment_score"": ""0.0"", ""ticker_sentiment_label"": ""Neutral""}, {""ticker"": ""PSA"", ""relevance_score"": ""0.084423"", ""ticker_sentiment_score"": ""-0.015319"", ""ticker_sentiment_label"": ""Neutral""}, {""ticker"": ""AEE"", ""relevance_score"": ""0.084423"", ""ticker_sentiment_score"": ""0.0"", ""ticker_sentiment_label"": ""Neutral""}, {""ticker"": ""META"", ""relevance_score"": ""0.126339"", ""ticker_sentiment_score"": ""0.001159"", ""ticker_sentiment_label"": ""Neutral""}, {""ticker"": ""MSI"", ""relevance_score"": ""0.084423"", ""ticker_sentiment_score"": ""0.0"", ""ticker_sentiment_label"": ""Neutral""}, {""ticker"": ""UDR"", ""relevance_score"": ""0.084423"", ""ticker_sentiment_score"": ""-0.015319"", ""ticker_sentiment_label"": ""Neutral""}, {""ticker"": ""WELL"", ""relevance_score"": ""0.084423"", ""ticker_sentiment_score"": ""-0.015319"", ""ticker_sentiment_label"": ""Neutral""}, {""ticker"": ""AMT"", ""relevance_score"": ""0.084423"", ""ticker_sentiment_score"": ""-0.015319"", ""ticker_sentiment_label"": ""Neutral""}, {""ticker"": ""CCI"", ""relevance_score"": ""0.084423"", ""ticker_sentiment_score"": ""-0.015319"", ""ticker_sentiment_label"": ""Neutral""}, {""ticker"": ""LYV"", ""relevance_score"": ""0.084423"", ""ticker_sentiment_score"": ""0.0"", ""ticker_sentiment_label"": ""Neutral""}, {""ticker"": ""IR"", ""relevance_score"": ""0.084423"", ""ticker_sentiment_score"": ""0.0"", ""ticker_sentiment_label"": ""Neutral""}, {""ticker"": ""MAA"", ""relevance_score"": ""0.084423"", ""ticker_sentiment_score"": ""-0.015319"", ""ticker_sentiment_label"": ""Neutral""}, {""ticker"": ""AVB"", ""relevance_score"": ""0.084423"", ""ticker_sentiment_score"": ""-0.015319"", ""ticker_sentiment_label"": ""Neutral""}, {""ticker"": ""ES"", ""relevance_score"": ""0.084423"", ""ticker_sentiment_score"": ""0.0"", ""ticker_sentiment_label"": ""Neutral""}, {""ticker"": ""KIM"", ""relevance_score"": ""0.084423"", ""ticker_sentiment_score"": ""-0.015319"", ""ticker_sentiment_label"": ""Neutral""}, {""ticker"": ""APTV"", ""relevance_score"": ""0.084423"", ""ticker_sentiment_score"": ""-0.015319"", ""ticker_sentiment_label"": ""Neutral""}, {""ticker"": ""VICI"", ""relevance_score"": ""0.084423"", ""ticker_sentiment_score"": ""-0.015319"", ""ticker_sentiment_label"": ""Neutral""}, {""ticker"": ""HOLX"", ""relevance_score"": ""0.084423"", ""ticker_sentiment_score"": ""0.0"", ""ticker_sentiment_label"": ""Neutral""}, {""ticker"": ""ARE"", ""relevance_score"": ""0.042271"", ""ticker_sentiment_score"": ""-0.014512"", ""ticker_sentiment_label"": ""Neutral""}, {""ticker"": ""INVH"", ""relevance_score"": ""0.084423"", ""ticker_sentiment_score"": ""-0.015319"", ""ticker_sentiment_label"": ""Neutral""}, {""ticker"": ""PH"", ""relevance_score"": ""0.084423"", ""ticker_sentiment_score"": ""-0.015319"", ""ticker_sentiment_label"": ""Neutral""}, {""ticker"": ""EQIX"", ""relevance_score"": ""0.084423"", ""ticker_sentiment_score"": ""-0.015319"", ""ticker_sentiment_label"": ""Neutral""}, {""ticker"": ""MTD"", ""relevance_score"": ""0.084423"", ""ticker_sentiment_score"": ""0.0"", ""ticker_sentiment_label"": ""Neutral""}, {""ticker"": ""MET"", ""relevance_score"": ""0.084423"", ""ticker_sentiment_score"": ""-0.015319"", ""ticker_sentiment_label"": ""Neutral""}, {""ticker"": ""FOREX:USD"", ""relevance_score"": ""0.084423"", ""ticker_sentiment_score"": ""0.073697"", ""ticker_sentiment_label"": ""Neutral""}, {""ticker"": ""CRYPTO:BTC"", ""relevance_score"": ""0.084423"", ""ticker_sentiment_score"": ""0.0"", ""ticker_sentiment_label"": ""Neutral""}]"
2025-05-01,"Despite low exchange balances and rising institutional accumulation, Bitcoin has yet to break out. Swan says when demand overwhelms the market, the move will be sharp - and likely irreversible. Today's manic market swings are creating the perfect setup for Matt's next volatility trade.",Benzinga,https://www.benzinga.com/markets/cryptocurrency/25/05/45146378/bitcoin-breaks-97000-could-a-synthetic-halving-power-a-run-to-all-time-highs,0.775472,https://www.benzinga.com/markets/cryptocurrency/25/05/45146378/bitcoin-breaks-97000-could-a-synthetic-halving-power-a-run-to-all-time-highs,"Bitcoin Breaks $97,000: Could A 'Synthetic Halving' Power A Run To All-Time Highs?",Khyathi Dalal,https://cdn.benzinga.com/files/images/story/2025/05/01/Crypto-Prices-Rise-Up-Positive--Bitcoin-_1.jpeg?width=1200&height=800&fit=crop,www.benzinga.com,"Technology,Blockchain,Financial Markets",0.017291,Neutral,"[{""ticker"": ""MSTR"", ""relevance_score"": ""0.191929"", ""ticker_sentiment_score"": ""0.282004"", ""ticker_sentiment_label"": ""Somewhat-Bullish""}, {""ticker"": ""CRYPTO:BTC"", ""relevance_score"": ""0.775472"", ""ticker_sentiment_score"": ""-0.148058"", ""ticker_sentiment_label"": ""Neutral""}]"
2025-05-01,Stablecoin giant Tether says it now holds nearly $120 billion worth of direct and indirect exposure to U.S. Treasuries.,Decrypt.co,https://decrypt.co/317376/tether-1b-q1-2025-profit-down-bitcoin-yield,0.28305,https://decrypt.co/317376/tether-1b-q1-2025-profit-down-bitcoin-yield,"Tether Reports Q1 Profit Above $1 Billion, Down From 2024 Amid Bitcoin Yield Decline",Sander Lutz,https://cdn.decrypt.co/resize/1024/height/512/wp-content/uploads/2022/09/tether-logo-on-computer-circuitry-gID_7.jpg,decrypt.co,"Finance,Blockchain",0.304029,Somewhat-Bullish,"[{""ticker"": ""GS"", ""relevance_score"": ""0.072217"", ""ticker_sentiment_score"": ""0.238255"", ""ticker_sentiment_label"": ""Somewhat-Bullish""}, {""ticker"": ""FOREX:USD"", ""relevance_score"": ""0.143843"", ""ticker_sentiment_score"": ""0.188654"", ""ticker_sentiment_label"": ""Somewhat-Bullish""}, {""ticker"": ""CRYPTO:BTC"", ""relevance_score"": ""0.28305"", ""ticker_sentiment_score"": ""0.351589"", ""ticker_sentiment_label"": ""Bullish""}, {""ticker"": ""CRYPTO:USDT"", ""relevance_score"": ""0.143843"", ""ticker_sentiment_score"": ""0.086211"", ""ticker_sentiment_label"": ""Neutral""}]"
2025-05-01,"The Nasdaq-listed Strategy, formerly MicroStrategy, is on the rise ahead of reporting earnings-just as Bitcoin's price jumps.",Decrypt.co,https://decrypt.co/317377/strategy-stock-nears-2025-high-bitcoin-100k,0.854205,https://decrypt.co/317377/strategy-stock-nears-2025-high-bitcoin-100k,Strategy Stock Nears 2025 High as Bitcoin Inches Closer to $100K,Mat Di Salvo,https://cdn.decrypt.co/resize/1024/height/512/wp-content/uploads/2023/02/michael-saylor-microstrategy-gID_7.jpg,decrypt.co,"Economy - Monetary,Financial Markets,Earnings,Technology,Blockchain",0.0661,Neutral,"[{""ticker"": ""MSTR"", ""relevance_score"": ""0.414559"", ""ticker_sentiment_score"": ""0.053792"", ""ticker_sentiment_label"": ""Neutral""}, {""ticker"": ""CRYPTO:BTC"", ""relevance_score"": ""0.854205"", ""ticker_sentiment_score"": ""0.066025"", ""ticker_sentiment_label"": ""Neutral""}]"
2025-05-01,"Michael Ellis thinks Bitcoin and crypto is here to stay, calling the wider adoption of the crypto ""a great trend."" ...",Decrypt.co,https://decrypt.co/317363/cia-deputy-director-calls-bitcoin-another-tool-in-fight-china,0.601928,https://decrypt.co/317363/cia-deputy-director-calls-bitcoin-another-tool-in-fight-china,CIA Deputy Director Calls Bitcoin 'Another Tool' in Fight Against China,Mat Di Salvo,https://cdn.decrypt.co/resize/1024/height/512/wp-content/uploads/2021/12/CIA-flag-gID_7.png,decrypt.co,Blockchain,-0.009763,Neutral,"[{""ticker"": ""CRYPTO:BTC"", ""relevance_score"": ""0.601928"", ""ticker_sentiment_score"": ""0.146103"", ""ticker_sentiment_label"": ""Neutral""}]"
2025-05-01,"MSTR leads with strong bullish momentum, while RIOT lags behind BTC and peers despite recent buying pressure. All three - Riot, MicroStrategy ( Strategy ) and Block - report earnings today, setting the stage for sharp post-close moves.",Benzinga,https://www.benzinga.com/trading-ideas/technicals/25/05/45147802/riot-vs-microstrategy-strategy-vs-block-one-bull-one-bear-one-in-the-balance-ahead-of-q1,0.378285,https://www.benzinga.com/trading-ideas/technicals/25/05/45147802/riot-vs-microstrategy-strategy-vs-block-one-bull-one-bear-one-in-the-balance-ahead-of-q1,"Riot Vs. MicroStrategy  ( Strategy )  Vs. Block: One Bull, One Bear, One In The Balance Ahead Of Q1 Earnings - Strategy  ( NASDAQ:MSTR ) , Block  ( NYSE:XYZ ) , Riot Platforms  ( NASDAQ:RIOT ) ",Surbhi Jain,https://www.benzinga.com/next-assets/images/schema-image-default.png,www.benzinga.com,"Life Sciences,Financial Markets,Earnings,Technology",0.171457,Somewhat-Bullish,"[{""ticker"": ""MSTR"", ""relevance_score"": ""0.378285"", ""ticker_sentiment_score"": ""0.219292"", ""ticker_sentiment_label"": ""Somewhat-Bullish""}, {""ticker"": ""BSQKZ"", ""relevance_score"": ""0.078611"", ""ticker_sentiment_score"": ""0.059788"", ""ticker_sentiment_label"": ""Neutral""}, {""ticker"": ""RIOT"", ""relevance_score"": ""0.23281"", ""ticker_sentiment_score"": ""0.235894"", ""ticker_sentiment_label"": ""Somewhat-Bullish""}, {""ticker"": ""CRYPTO:BTC"", ""relevance_score"": ""0.378285"", ""ticker_sentiment_score"": ""0.337398"", ""ticker_sentiment_label"": ""Somewhat-Bullish""}]"
2025-05-01,"Dogecoin whales have accumulated over 100 million DOGE in the past week, signaling renewed interest. Traders expect a bullish breakout, with macro trends and technical setups aligning for potential upside. Feel unsure about the market's next move?",Benzinga,https://www.benzinga.com/markets/cryptocurrency/25/05/45140147/dogecoin-surges-5-what-is-going-on,0.181137,https://www.benzinga.com/markets/cryptocurrency/25/05/45140147/dogecoin-surges-5-what-is-going-on,Dogecoin Surges 5%: What Is Going On?,Khyathi Dalal,https://cdn.benzinga.com/files/images/story/2025/05/01/Dogecoin-Golden-Cryptocurrency-And-Blue-.jpeg?width=1200&height=800&fit=crop,www.benzinga.com,"Economy - Monetary,Blockchain,Financial Markets",0.333335,Somewhat-Bullish,"[{""ticker"": ""CRYPTO:BTC"", ""relevance_score"": ""0.181137"", ""ticker_sentiment_score"": ""0.263827"", ""ticker_sentiment_label"": ""Somewhat-Bullish""}, {""ticker"": ""CRYPTO:DOGE"", ""relevance_score"": ""0.792165"", ""ticker_sentiment_score"": ""0.501356"", ""ticker_sentiment_label"": ""Bullish""}]"
2025-05-01,"Paolo Ardoino, CEO of stablecoin issuer Tether, addressed criticism over the company's decision not to seek registration under the European Union's Markets in Crypto-Assets ( MiCA ) framework, arguing that the regulations were risky for stablecoins.Speaking to Cointelegraph at the Token2049 ...",Cointelegraph,https://cointelegraph.com/news/tether-ceo-defends-decision-to-skip-mi-ca-registration-for-usdt,0.395012,https://cointelegraph.com/news/tether-ceo-defends-decision-to-skip-mi-ca-registration-for-usdt,Tether CEO defends decision to skip MiCA registration for USDT,Turner Wright,"https://images.cointelegraph.com/cdn-cgi/image/format=auto,onerror=redirect,quality=90,width=1200/https://s3.cointelegraph.com/uploads/2025-05/01968c66-eba5-7f2f-8ff9-6ac4db947f69",cointelegraph.com,Blockchain,-0.091235,Neutral,"[{""ticker"": ""FOREX:USD"", ""relevance_score"": ""0.102888"", ""ticker_sentiment_score"": ""-0.052991"", ""ticker_sentiment_label"": ""Neutral""}, {""ticker"": ""CRYPTO:BTC"", ""relevance_score"": ""0.395012"", ""ticker_sentiment_score"": ""0.092517"", ""ticker_sentiment_label"": ""Neutral""}]"
2025-05-02,XYZ's first-quarter 2025 results suffer from an unfavorable change in consumer spending patterns.,Zacks Commentary,https://www.zacks.com/stock/news/2461308/block-q1-earnings-lag-estimates-revenues-down-yy-shares-drop,0.060236,https://www.zacks.com/stock/news/2461308/block-q1-earnings-lag-estimates-revenues-down-yy-shares-drop,"Block Q1 Earnings Lag Estimates, Revenues Down Y/Y, Shares Drop",Zacks Investment Research,https://staticx-tuner.zacks.com/images/articles/main/18/2156.jpg,www.zacks.com,"Earnings,Financial Markets",0.047535,Neutral,"[{""ticker"": ""CMPGF"", ""relevance_score"": ""0.179343"", ""ticker_sentiment_score"": ""0.08118"", ""ticker_sentiment_label"": ""Neutral""}, {""ticker"": ""AFRM"", ""relevance_score"": ""0.237551"", ""ticker_sentiment_score"": ""0.10085"", ""ticker_sentiment_label"": ""Neutral""}, {""ticker"": ""BSQKZ"", ""relevance_score"": ""0.12013"", ""ticker_sentiment_score"": ""0.0"", ""ticker_sentiment_label"": ""Neutral""}, {""ticker"": ""CRYPTO:BTC"", ""relevance_score"": ""0.060236"", ""ticker_sentiment_score"": ""-0.176034"", ""ticker_sentiment_label"": ""Somewhat-Bearish""}]"
2025-05-02,"Key points:Bitcoin trends toward $100,000. Will bears sell at this level?Altcoins are trading above their respective support levels, suggesting that an altcoin rally is brewing.Bitcoin's ( BTC ) tight consolidation resolved in favor of the bulls with a break above the $95,000 barrier on May 1.",Cointelegraph,https://cointelegraph.com/news/price-predictions-5-2-btc-eth-xrp-bnb-sol-doge-ada-sui-link-avax,0.194242,https://cointelegraph.com/news/price-predictions-5-2-btc-eth-xrp-bnb-sol-doge-ada-sui-link-avax,"Price predictions 5/2: BTC, ETH, XRP, BNB, SOL, DOGE, ADA, SUI, LINK, AVAX",Rakesh Upadhyay,https://s3.cointelegraph.com/uploads/2025-05/019691eb-f69a-7ab4-89a5-b05f2f6c7e98,cointelegraph.com,"Earnings,Blockchain",-0.00972,Neutral,"[{""ticker"": ""CRYPTO:BTC"", ""relevance_score"": ""0.194242"", ""ticker_sentiment_score"": ""0.110576"", ""ticker_sentiment_label"": ""Neutral""}, {""ticker"": ""CRYPTO:AVAX"", ""relevance_score"": ""0.065327"", ""ticker_sentiment_score"": ""-0.031089"", ""ticker_sentiment_label"": ""Neutral""}, {""ticker"": ""CRYPTO:BNB"", ""relevance_score"": ""0.097854"", ""ticker_sentiment_score"": ""-0.157198"", ""ticker_sentiment_label"": ""Somewhat-Bearish""}, {""ticker"": ""CRYPTO:XRP"", ""relevance_score"": ""0.097854"", ""ticker_sentiment_score"": ""-0.011093"", ""ticker_sentiment_label"": ""Neutral""}, {""ticker"": ""CRYPTO:DOGE"", ""relevance_score"": ""0.097854"", ""ticker_sentiment_score"": ""-0.031835"", ""ticker_sentiment_label"": ""Neutral""}, {""ticker"": ""CRYPTO:LINK"", ""relevance_score"": ""0.097854"", ""ticker_sentiment_score"": ""-0.082223"", ""ticker_sentiment_label"": ""Neutral""}, {""ticker"": ""CRYPTO:USDT"", ""relevance_score"": ""0.318074"", ""ticker_sentiment_score"": ""-0.016419"", ""ticker_sentiment_label"": ""Neutral""}, {""ticker"": ""CRYPTO:ADA"", ""relevance_score"": ""0.097854"", ""ticker_sentiment_score"": ""-0.06103"", ""ticker_sentiment_label"": ""Neutral""}]"
2025-05-02,"In the annals of financial history, few institutions have faced the tempests of competition with the steadfast resolve of Grayscale Bitcoin Trust ( GBTC ) . Born in 2013 as a private placement, GBTC pioneered regulated Bitcoin investment, granting investors access to Bitcoin's ( BTC ) meteoric ...",Cointelegraph,https://cointelegraph.com/news/why-grayscales-bitcoin-trust-still-dominates-etf-revenue-2025,0.580137,https://cointelegraph.com/news/why-grayscales-bitcoin-trust-still-dominates-etf-revenue-2025,Why Grayscale's Bitcoin Trust still dominates ETF revenue in 2025,Michael Tabone,https://s3.cointelegraph.com/uploads/2025-05/01969147-e89c-7ac9-af0f-e6868b9dbc47,cointelegraph.com,"Earnings,Finance,Financial Markets",0.163876,Somewhat-Bullish,"[{""ticker"": ""COIN"", ""relevance_score"": ""0.030641"", ""ticker_sentiment_score"": ""0.0"", ""ticker_sentiment_label"": ""Neutral""}, {""ticker"": ""MORN"", ""relevance_score"": ""0.030641"", ""ticker_sentiment_score"": ""0.02494"", ""ticker_sentiment_label"": ""Neutral""}, {""ticker"": ""CRYPTO:BTC"", ""relevance_score"": ""0.580137"", ""ticker_sentiment_score"": ""0.268253"", ""ticker_sentiment_label"": ""Somewhat-Bullish""}, {""ticker"": ""CRYPTO:ETH"", ""relevance_score"": ""0.030641"", ""ticker_sentiment_score"": ""0.169845"", ""ticker_sentiment_label"": ""Somewhat-Bullish""}]"
2025-05-02,"The US Central Intelligence Agency is increasingly incorporating Bitcoin ( BTC ) as a tool in its operations, and working with the cryptocurrency is a matter of national security, Michael Ellis, the agency's deputy director, told podcast host Anthony Pompliano.In an appearance on the market ...",Cointelegraph,https://cointelegraph.com/news/bitcoin-matter-national-security-deputy-cia-director,0.930197,https://cointelegraph.com/news/bitcoin-matter-national-security-deputy-cia-director,Bitcoin is a matter of national security - deputy CIA director,Vince Quill,https://s3.cointelegraph.com/uploads/2025-05/019691b1-c387-7ad0-a86f-10dc7eb04177,cointelegraph.com,Blockchain,0.280042,Somewhat-Bullish,"[{""ticker"": ""CRYPTO:BTC"", ""relevance_score"": ""0.930197"", ""ticker_sentiment_score"": ""0.504421"", ""ticker_sentiment_label"": ""Bullish""}]"
2025-05-02,"Key points:The US labor market is ""still holding up"" as nonfarm payrolls data comes in higher than expected.Bitcoin and stocks head higher as US President Donald Trump repeats calls for the Fed to lower interest rates.BTC price action may spark a ""liquidity grab"" above $97,000, a trader ...",Cointelegraph,https://cointelegraph.com/news/bitcoin-hits-10-week-high-trump-demands-rate-cut-on-us-jobs-beat,0.625544,https://cointelegraph.com/news/bitcoin-hits-10-week-high-trump-demands-rate-cut-on-us-jobs-beat,Bitcoin hits new 10-week high as Trump demands rate cut on US jobs beat,William Suberg,https://s3.cointelegraph.com/uploads/2025-05/01969170-0ee8-7e84-8e36-8de1747a6eeb,cointelegraph.com,Economy - Monetary,0.043012,Neutral,"[{""ticker"": ""CRYPTO:BTC"", ""relevance_score"": ""0.625544"", ""ticker_sentiment_score"": ""0.03926"", ""ticker_sentiment_label"": ""Neutral""}]"
2025-05-02,"As Ether's price has struggled in the first quarter of 2025, a US-based investment adviser firm, Two Prime, has dropped support for ETH and adopted a Bitcoin-only strategy.After lending $1.5 billion in loans both in Bitcoin ( BTC ) and Ether ( ETH ) over the past 15 months, Two Prime decided to ...",Cointelegraph,https://cointelegraph.com/news/ether-more-like-memecoin-two-prime-bitcoin-only,0.628843,https://cointelegraph.com/news/ether-more-like-memecoin-two-prime-bitcoin-only,"Ether more 'like a memecoin,' says trading firm as ETH drops 45% YTD",Helen Partz,https://s3.cointelegraph.com/uploads/2025-05/01969156-3b17-713f-a420-4769955e3eed,cointelegraph.com,"Blockchain,Financial Markets",-0.071867,Neutral,"[{""ticker"": ""WT"", ""relevance_score"": ""0.064797"", ""ticker_sentiment_score"": ""-0.007056"", ""ticker_sentiment_label"": ""Neutral""}, {""ticker"": ""CRYPTO:BTC"", ""relevance_score"": ""0.628843"", ""ticker_sentiment_score"": ""-0.087315"", ""ticker_sentiment_label"": ""Neutral""}, {""ticker"": ""CRYPTO:ETH"", ""relevance_score"": ""0.965469"", ""ticker_sentiment_score"": ""-0.128476"", ""ticker_sentiment_label"": ""Neutral""}]"
2025-05-02,"MicroStrategy continues to grow its Bitcoin holdings aggressively, now exceeding 553,000 BTC, and has raised its 2025 yield. The launch of a new leveraged ETF ( $MST ) and a raised price target by Canaccord Genuity are boosting investor interest.",Benzinga,https://www.benzinga.com/25/05/45172170/whats-going-on-with-microstrategy-shares,0.866386,https://www.benzinga.com/25/05/45172170/whats-going-on-with-microstrategy-shares,What's Going On With MicroStrategy Shares? - Strategy  ( NASDAQ:MSTR ) ,Vaishali Prayag,https://cdn.benzinga.com/files/images/story/2025/05/02/Mclean--Va---April-20--2019-Microstrateg.jpeg?width=1200&height=800&fit=crop,www.benzinga.com,"Earnings,Technology,Financial Markets",0.288144,Somewhat-Bullish,"[{""ticker"": ""CCORF"", ""relevance_score"": ""0.29234"", ""ticker_sentiment_score"": ""0.25709"", ""ticker_sentiment_label"": ""Somewhat-Bullish""}, {""ticker"": ""MSTR"", ""relevance_score"": ""0.739411"", ""ticker_sentiment_score"": ""0.335228"", ""ticker_sentiment_label"": ""Somewhat-Bullish""}, {""ticker"": ""CRYPTO:BTC"", ""relevance_score"": ""0.866386"", ""ticker_sentiment_score"": ""0.343317"", ""ticker_sentiment_label"": ""Somewhat-Bullish""}]"
2025-05-02,"Fartcoin gains 10% in seven days, outperforming Dogecoin and Shiba Inu. Traders eye $1.20 as key resistance, with some calling for a potential historic breakout. Feel unsure about the market's next move? Copy trade alerts from Matt Maley-a Wall Street veteran who consistently finds profits in ...",Benzinga,https://www.benzinga.com/markets/cryptocurrency/25/05/45171226/fartcoin-soars-10-in-a-week-outshining-dogecoin-shiba-inu,0.112532,https://www.benzinga.com/markets/cryptocurrency/25/05/45171226/fartcoin-soars-10-in-a-week-outshining-dogecoin-shiba-inu,"Fartcoin Soars 10% In A Week, Outshining Dogecoin, Shiba Inu",Khyathi Dalal,https://cdn.benzinga.com/files/images/story/2025/05/02/Various-Memecoin-Logos-On-Digital-Backgr.jpeg?width=1200&height=800&fit=crop,www.benzinga.com,Financial Markets,0.022166,Neutral,"[{""ticker"": ""CRYPTO:BTC"", ""relevance_score"": ""0.112532"", ""ticker_sentiment_score"": ""-0.139318"", ""ticker_sentiment_label"": ""Neutral""}, {""ticker"": ""CRYPTO:SHIB"", ""relevance_score"": ""0.328819"", ""ticker_sentiment_score"": ""0.324012"", ""ticker_sentiment_label"": ""Somewhat-Bullish""}, {""ticker"": ""CRYPTO:DOGE"", ""relevance_score"": ""0.328819"", ""ticker_sentiment_score"": ""0.324012"", ""ticker_sentiment_label"": ""Somewhat-Bullish""}]"
2025-05-02,"Bitcoin's rally to $97,000 shows weakness in on-chain metrics despite ETF inflows. Divergence between spot buying and derivatives sentiment raises caution, with potential for price to revisit $70,000s.",Benzinga,https://www.benzinga.com/25/05/45170022/bitcoin-hovers-around-97000-but-this-is-a-fragile-rally-analyst-warns,0.454174,https://www.benzinga.com/25/05/45170022/bitcoin-hovers-around-97000-but-this-is-a-fragile-rally-analyst-warns,"Bitcoin Hovers Around $97,000 But This Is A 'Fragile Rally,' Analyst Warns",Ivan Crnogatić,https://cdn.benzinga.com/files/images/story/2025/05/02/Piles-Of-Golden-Bitcoin-Coin--Popular-Di.jpeg?width=1200&height=800&fit=crop,www.benzinga.com,Financial Markets,0.123587,Neutral,"[{""ticker"": ""CRYPTO:BTC"", ""relevance_score"": ""0.454174"", ""ticker_sentiment_score"": ""-0.136745"", ""ticker_sentiment_label"": ""Neutral""}]"
2025-05-02,"Mizuho Securities remains optimistic about Robinhood's crypto business despite April volume drop. Analysts adjust outlooks post-earnings, noting strong net deposits and adoption of new products like futures and prediction markets.",Benzinga,https://www.benzinga.com/markets/cryptocurrency/25/05/45176212/robinhoods-april-crypto-volumes-fall-47-from-q1-average-but-analysts-see-3-reasons-to-stay,0.073321,https://www.benzinga.com/markets/cryptocurrency/25/05/45176212/robinhoods-april-crypto-volumes-fall-47-from-q1-average-but-analysts-see-3-reasons-to-stay,"Robinhood's April Crypto Volumes Fall 47% From Q1 Average, But Analysts See 3 Reasons To 'Stay Constructive' - Robinhood Markets  ( NASDAQ:HOOD ) ",Ivan Crnogatić,https://cdn.benzinga.com/files/images/story/2025/05/02/Kazan--Russia---Oct-19--2021-Robinhood-M.jpeg?width=1200&height=800&fit=crop,www.benzinga.com,"Earnings,Financial Markets",0.269834,Somewhat-Bullish,"[{""ticker"": ""CRYPTO:BTC"", ""relevance_score"": ""0.073321"", ""ticker_sentiment_score"": ""0.0"", ""ticker_sentiment_label"": ""Neutral""}]"
2025-05-02,"Sydney, Australia, May 02, 2025 ( GLOBE NEWSWIRE ) -- Modern users can acquire cryptocurrency through cloud mining, an effortless method that avoids buying expensive machines and electricity costs.",Benzinga,https://www.benzinga.com/pressreleases/25/05/g45172585/a-beginners-guide-to-fiobit-cloud-mining-in-2025-use-the-best-trusted-bitcoin-mining-sites-to-make,0.340915,https://www.benzinga.com/pressreleases/25/05/g45172585/a-beginners-guide-to-fiobit-cloud-mining-in-2025-use-the-best-trusted-bitcoin-mining-sites-to-make,A Beginner's Guide to FioBit Cloud Mining in 2025:Use the Best Trusted Bitcoin Mining Sites to Make Passive Crypto Income,Globe Newswire,https://www.benzinga.com/next-assets/images/schema-image-default.png,www.benzinga.com,"Earnings,Blockchain,Financial Markets",0.364649,Bullish,"[{""ticker"": ""CRYPTO:BTC"", ""relevance_score"": ""0.340915"", ""ticker_sentiment_score"": ""0.355468"", ""ticker_sentiment_label"": ""Bullish""}, {""ticker"": ""CRYPTO:ETH"", ""relevance_score"": ""0.116914"", ""ticker_sentiment_score"": ""0.0"", ""ticker_sentiment_label"": ""Neutral""}, {""ticker"": ""CRYPTO:DOGE"", ""relevance_score"": ""0.116914"", ""ticker_sentiment_score"": ""0.338151"", ""ticker_sentiment_label"": ""Somewhat-Bullish""}, {""ticker"": ""CRYPTO:LTC"", ""relevance_score"": ""0.116914"", ""ticker_sentiment_score"": ""0.0"", ""ticker_sentiment_label"": ""Neutral""}, {""ticker"": ""CRYPTO:BNB"", ""relevance_score"": ""0.116914"", ""ticker_sentiment_score"": ""0.163988"", ""ticker_sentiment_label"": ""Somewhat-Bullish""}]"
2025-05-02,"The Bitcoin miner slightly outperformed Wall Street's revenue expectations, but its shares still swung to a loss.",Decrypt.co,https://decrypt.co/317664/riot-platform-post-mixed-q1-results-effects-of-bitcoin-blockchains-halving-linger,0.7887,https://decrypt.co/317664/riot-platform-post-mixed-q1-results-effects-of-bitcoin-blockchains-halving-linger,Riot Platforms Posts Mixed Q1 Results as Effects of Bitcoin 'Halving' Linger,Liz Napolitano,https://cdn.decrypt.co/resize/1024/height/512/wp-content/uploads/2024/06/riot-platforms-bitcoin-miner-scaled-gID_7.jpg,decrypt.co,"Earnings,Life Sciences,Blockchain",-0.072542,Neutral,"[{""ticker"": ""RIOT"", ""relevance_score"": ""0.090474"", ""ticker_sentiment_score"": ""0.0"", ""ticker_sentiment_label"": ""Neutral""}, {""ticker"": ""CRYPTO:BTC"", ""relevance_score"": ""0.7887"", ""ticker_sentiment_score"": ""0.008077"", ""ticker_sentiment_label"": ""Neutral""}]"
2025-05-02,Research analysts from Benchmark and Bernstein reiterated buy ratings and set lofty price targets for Bitcoin reserve giant Strategy (MSTR).,Decrypt.co,https://decrypt.co/317710/analysts-upbeat-strategy-bitcoin-buying-plans,0.919042,https://decrypt.co/317710/analysts-upbeat-strategy-bitcoin-buying-plans,Analysts Remain Bullish on Strategy's Bitcoin Buying Plans,"James Rubin,Logan Hitchcock",https://cdn.decrypt.co/resize/1024/height/512/wp-content/uploads/2024/03/bitcoin-btc-gold-coins-bank-vault-el-salvador-gID_7.jpg,decrypt.co,"Earnings,Financial Markets",0.191932,Somewhat-Bullish,"[{""ticker"": ""CRYPTO:BTC"", ""relevance_score"": ""0.919042"", ""ticker_sentiment_score"": ""0.25391"", ""ticker_sentiment_label"": ""Somewhat-Bullish""}]"
2025-05-02,"Key Takeaways:Analyst predicts a low VIX ( Bitcoin network economist Timothy Peterson raised Bitcoin's ( BTC ) chances of hitting a new high in 100 days, and he maintains an optimistic outlook in 2025. In an analysis shared on X that ties BTC's price action to the CBOE Volatility Index ( VIX ) ...",Cointelegraph,https://cointelegraph.com/news/bitcoin-data-macroeconomic-charts-point-to-new-btc-all-time-high-in-100-days-analysts,0.699089,https://cointelegraph.com/news/bitcoin-data-macroeconomic-charts-point-to-new-btc-all-time-high-in-100-days-analysts,"Bitcoin data, macroeconomic charts point to new BTC all-time high 'in 100 days' - Analysts",Biraajmaan Tamuly,https://s3.cointelegraph.com/uploads/2025-05/0196918d-8944-7855-830a-511d2d162cb0,cointelegraph.com,"Economy - Monetary,Blockchain,Financial Markets",0.012178,Neutral,"[{""ticker"": ""CRYPTO:BTC"", ""relevance_score"": ""0.699089"", ""ticker_sentiment_score"": ""0.091855"", ""ticker_sentiment_label"": ""Neutral""}]"
2025-05-02,"Ben McKenzie, an actor known for his roles on television shows including Gotham and The OC, will make his directorial debut in a scathing documentary about cryptocurrency.According to an April 29 Deadline report, McKenzie wrote, directed, and produced the documentary Everyone Is Lying To You For ...",Cointelegraph,https://cointelegraph.com/news/ben-mckenzie-documentary-bankman-fried-mashinsky,0.33628,https://cointelegraph.com/news/ben-mckenzie-documentary-bankman-fried-mashinsky,"Crypto skeptic to release SBF, Mashinsky interviews in documentary",Turner Wright,https://s3.cointelegraph.com/uploads/2025-05/01969257-d918-79c9-9c4d-4925f65ee265,cointelegraph.com,Blockchain,-0.239075,Somewhat-Bearish,"[{""ticker"": ""WBD"", ""relevance_score"": ""0.115232"", ""ticker_sentiment_score"": ""-0.359813"", ""ticker_sentiment_label"": ""Bearish""}, {""ticker"": ""CRYPTO:BTC"", ""relevance_score"": ""0.33628"", ""ticker_sentiment_score"": ""0.054182"", ""ticker_sentiment_label"": ""Neutral""}]"
2025-05-02,"While U.S. stocks have recovered from Trump's unveiling of ""reciprocal"" tariffs, the greenback is still weaker.",Decrypt.co,https://decrypt.co/317686/bitcoin-rises-wall-street-cements-liberation-day-recovery-strong-jobs-report,0.381755,https://decrypt.co/317686/bitcoin-rises-wall-street-cements-liberation-day-recovery-strong-jobs-report,Bitcoin Rises as Wall Street Cements 'Liberation Day' Recovery on Strong Jobs Report,André Beganski,https://cdn.decrypt.co/resize/1024/height/512/wp-content/uploads/2019/11/indeed-bitcoin-crypto-blockchain-jobs-career-gID_7.jpg,decrypt.co,"Economy - Monetary,Financial Markets,Blockchain,Economy - Macro",-0.084115,Neutral,"[{""ticker"": ""ALIZF"", ""relevance_score"": ""0.079392"", ""ticker_sentiment_score"": ""-0.005212"", ""ticker_sentiment_label"": ""Neutral""}, {""ticker"": ""CRYPTO:BTC"", ""relevance_score"": ""0.381755"", ""ticker_sentiment_score"": ""-0.177308"", ""ticker_sentiment_label"": ""Somewhat-Bearish""}, {""ticker"": ""CRYPTO:XRP"", ""relevance_score"": ""0.079392"", ""ticker_sentiment_score"": ""0.049973"", ""ticker_sentiment_label"": ""Neutral""}]"
2025-05-02,"NEW YORK, May 02, 2025 ( GLOBE NEWSWIRE ) -- Cipher Mining Inc. ( NASDAQ:CIFR ) ( ""Cipher"" or the ""Company"" ) today released its unaudited production and operations update for April 2025.",GlobeNewswire,https://www.globenewswire.com/news-release/2025/05/02/3073542/0/en/Cipher-Mining-Announces-April-2025-Operational-Update.html,0.429293,https://www.globenewswire.com/news-release/2025/05/02/3073542/0/en/Cipher-Mining-Announces-April-2025-Operational-Update.html,Cipher Mining Announces April 2025 Operational Update,Cipher Mining Inc.,https://ml.globenewswire.com/Resource/Download/57a0c1ce-be78-4b73-a2f2-fe3e68b35711/image1.jpg,www.globenewswire.com,"Earnings,Financial Markets",0.122195,Neutral,"[{""ticker"": ""CRYPTO:BTC"", ""relevance_score"": ""0.429293"", ""ticker_sentiment_score"": ""0.109256"", ""ticker_sentiment_label"": ""Neutral""}]"
2025-05-02,"Merchants in Cannes, France, the site of the international Cannes Film Festival, are set to begin accepting crypto payments by summer this year in an effort to attract clientele with high disposable income by modernizing the city's commercial payment ecosystem.According to Artem Shaginyan, ...",Cointelegraph,https://cointelegraph.com/news/most-shops-cannes-accept-crypto-summer-2025,0.610896,https://cointelegraph.com/news/most-shops-cannes-accept-crypto-summer-2025,Most shops in Cannes to accept crypto by summer this year - Web3 exec,Vince Quill,https://s3.cointelegraph.com/uploads/2025-05/01969268-ba7a-7e8b-85f5-f44cc2df8ce8,cointelegraph.com,Blockchain,0.18954,Somewhat-Bullish,"[{""ticker"": ""FOREX:USD"", ""relevance_score"": ""0.114137"", ""ticker_sentiment_score"": ""0.0"", ""ticker_sentiment_label"": ""Neutral""}, {""ticker"": ""CRYPTO:BTC"", ""relevance_score"": ""0.610896"", ""ticker_sentiment_score"": ""0.213658"", ""ticker_sentiment_label"": ""Somewhat-Bullish""}, {""ticker"": ""CRYPTO:ETH"", ""relevance_score"": ""0.22595"", ""ticker_sentiment_score"": ""0.0"", ""ticker_sentiment_label"": ""Neutral""}, {""ticker"": ""CRYPTO:USDT"", ""relevance_score"": ""0.114137"", ""ticker_sentiment_score"": ""0.0"", ""ticker_sentiment_label"": ""Neutral""}]"
2025-05-02,"Riot produced 1,530 Bitcoin in Q1, with mining revenue up $71.5M year-over-year and average cost per Bitcoin at $43,808. Analyst sees easing SG&A costs after Rhodium litigation ends, unlocking 125MW capacity at Corsicana for future HPC use.",Benzinga,https://www.benzinga.com/analyst-ratings/analyst-color/25/05/45179098/riot-platforms-powers-up-analyst-gives-4-reasons-why-he-is-bullish,0.584328,https://www.benzinga.com/analyst-ratings/analyst-color/25/05/45179098/riot-platforms-powers-up-analyst-gives-4-reasons-why-he-is-bullish,Riot Platforms Powers Up: Analyst Gives 4 Reasons Why He Is Bullish - Riot Platforms  ( NASDAQ:RIOT ) ,Nabaparna Bhattacharya,https://cdn.benzinga.com/files/images/story/2025/05/02/Bitcoin-On-Corporate-Skyscrapers-And-Off.jpeg?width=1200&height=800&fit=crop,www.benzinga.com,"Earnings,Life Sciences,Financial Markets",0.155144,Somewhat-Bullish,"[{""ticker"": ""RIOT"", ""relevance_score"": ""0.272788"", ""ticker_sentiment_score"": ""-0.184409"", ""ticker_sentiment_label"": ""Somewhat-Bearish""}, {""ticker"": ""CRYPTO:BTC"", ""relevance_score"": ""0.584328"", ""ticker_sentiment_score"": ""-0.007007"", ""ticker_sentiment_label"": ""Neutral""}]"
2025-05-02,"Ethereum's relative dominance among layer-1 ( L1 ) blockchain networks has declined, resulting in an ""open race"" to become the leading Web3 platform, according to Alex Svanevik, CEO of data service Nansen.""If you'd asked me 3-4 years ago whether Ethereum would dominate crypto, I'd have said ...",Cointelegraph,https://cointelegraph.com/news/ethereum-no-longer-on-track-to-dominate-crypto-nansen-ceo,0.10607,https://cointelegraph.com/news/ethereum-no-longer-on-track-to-dominate-crypto-nansen-ceo,Ethereum's era of crypto dominance is over - LONGITUDE panel,Alex O’Donnell,https://s3.cointelegraph.com/uploads/2025-05/0196926b-feb3-7aeb-ad3f-f2b2a266c230,cointelegraph.com,"Blockchain,Financial Markets",0.28692,Somewhat-Bullish,"[{""ticker"": ""CRYPTO:BTC"", ""relevance_score"": ""0.10607"", ""ticker_sentiment_score"": ""0.231624"", ""ticker_sentiment_label"": ""Somewhat-Bullish""}, {""ticker"": ""CRYPTO:ETH"", ""relevance_score"": ""0.495015"", ""ticker_sentiment_score"": ""0.483736"", ""ticker_sentiment_label"": ""Bullish""}]"
2025-05-02,"MicroStrategy added 106K BTC in Q1 via stock offerings and a $2B zero-coupon note, boosting total holdings to 553,555 BTC. Analyst Vafi raised the price target to $464, calling MSTR a top S&P 500 performer and backing its bold Bitcoin treasury strategy.",Benzinga,https://www.benzinga.com/trading-ideas/movers/25/05/45179310/analyst-says-microstrategy-inc-s-bold-bitcoin-strategy-still-has-room-to-run,0.714306,https://www.benzinga.com/trading-ideas/movers/25/05/45179310/analyst-says-microstrategy-inc-s-bold-bitcoin-strategy-still-has-room-to-run,Analyst Says MicroStrategy Inc.'s Bold Bitcoin Strategy Still Has Room To Run - Strategy  ( NASDAQ:MSTR ) ,Nabaparna Bhattacharya,https://cdn.benzinga.com/files/images/story/2025/05/02/Analyst_0.jpeg?width=1200&height=800&fit=crop,www.benzinga.com,"Earnings,Technology,Financial Markets",0.302856,Somewhat-Bullish,"[{""ticker"": ""CCORF"", ""relevance_score"": ""0.085022"", ""ticker_sentiment_score"": ""0.0"", ""ticker_sentiment_label"": ""Neutral""}, {""ticker"": ""MSTR"", ""relevance_score"": ""0.478198"", ""ticker_sentiment_score"": ""0.311923"", ""ticker_sentiment_label"": ""Somewhat-Bullish""}, {""ticker"": ""PLSQF"", ""relevance_score"": ""0.085022"", ""ticker_sentiment_score"": ""0.14951"", ""ticker_sentiment_label"": ""Neutral""}, {""ticker"": ""CRYPTO:BTC"", ""relevance_score"": ""0.714306"", ""ticker_sentiment_score"": ""0.512946"", ""ticker_sentiment_label"": ""Bullish""}]"
2025-05-02,"Strategy goes full laser-eyes for Bitcoin while Cboe pats itself on the back for its ""really nice"" crypto ecosystem.",Decrypt.co,https://decrypt.co/317671/public-keys-strategy-bitcoin-robinhood-gold,0.596112,https://decrypt.co/317671/public-keys-strategy-bitcoin-robinhood-gold,"Public Keys: Strategy Doubles Down on Bitcoin Plans, Robinhood Glitters With Gold",Stacy Elliott,https://cdn.decrypt.co/resize/1024/height/512/wp-content/uploads/2023/05/michael-saylor-mstr-bitcoin2023-gID_7.jpg,decrypt.co,"Earnings,Life Sciences,Financial Markets",0.157604,Somewhat-Bullish,"[{""ticker"": ""RIOT"", ""relevance_score"": ""0.03916"", ""ticker_sentiment_score"": ""0.074205"", ""ticker_sentiment_label"": ""Neutral""}, {""ticker"": ""CRYPTO:BTC"", ""relevance_score"": ""0.596112"", ""ticker_sentiment_score"": ""0.330984"", ""ticker_sentiment_label"": ""Somewhat-Bullish""}, {""ticker"": ""CRYPTO:ETH"", ""relevance_score"": ""0.03916"", ""ticker_sentiment_score"": ""0.074205"", ""ticker_sentiment_label"": ""Neutral""}]"
2025-05-02,"Senator Cynthia Lummis and at least one other Republican in Congress are reportedly critical of US President Donald Trump for offering the top holders of his memecoin a dinner and White House tour. According to a May 2 CNBC report, Lummis said the idea that the US president was offering exclusive ...",Cointelegraph,https://cointelegraph.com/news/senator-cynthia-lummis-critical-trump-memecoin-dinner,0.256538,https://cointelegraph.com/news/senator-cynthia-lummis-critical-trump-memecoin-dinner,Pro-crypto senator pushes back on Trump's memecoin dinner - Report,Turner Wright,"https://images.cointelegraph.com/cdn-cgi/image/format=auto,onerror=redirect,quality=90,width=1200/https://s3.cointelegraph.com/uploads/2025-05/019692c4-22ca-7168-8642-821a9b58020a",cointelegraph.com,Manufacturing,0.228217,Somewhat-Bullish,"[{""ticker"": ""TSLA"", ""relevance_score"": ""0.08687"", ""ticker_sentiment_score"": ""0.137254"", ""ticker_sentiment_label"": ""Neutral""}, {""ticker"": ""CRYPTO:BTC"", ""relevance_score"": ""0.256538"", ""ticker_sentiment_score"": ""0.423636"", ""ticker_sentiment_label"": ""Bullish""}]"
2025-05-02,"Key takeaways:BTC hit $97,900 due to soaring institutional investor demand, but futures pricing shows traders aren't confident in a sustained rally.Macroeconomic risks and global trade tensions cap bullish sentiment despite $3.6 billion in spot BTC ETF inflows.BTC options lean bullish, ...",Cointelegraph,https://cointelegraph.com/news/stars-align-for-bitcoin-rally-to-100-k-but-futures-traders-exercise-caution-here-s-why,0.908999,https://cointelegraph.com/news/stars-align-for-bitcoin-rally-to-100-k-but-futures-traders-exercise-caution-here-s-why,"Stars align for Bitcoin rally to $100K, but futures traders exercise caution - Here's why",Marcel Pechman,https://s3.cointelegraph.com/uploads/2025-05/01969298-2620-782f-bd2a-3db592a6137c,cointelegraph.com,Financial Markets,0.060967,Neutral,"[{""ticker"": ""CRYPTO:BTC"", ""relevance_score"": ""0.908999"", ""ticker_sentiment_score"": ""0.10663"", ""ticker_sentiment_label"": ""Neutral""}]"
2025-05-02,"A crypto analyst highlights mining costs and long-term holder supply as key signals of an imminent bull run. The industry-average production cost, which has called six previous Bitcoin bottoms, is signaling bullish momentum. Feel unsure about the market's next move?",Benzinga,https://www.benzinga.com/markets/cryptocurrency/25/05/45168129/bitcoin-up-25-from-tariff-lows-heres-the-case-for-new-all-time-highs-soon,0.625937,https://www.benzinga.com/markets/cryptocurrency/25/05/45168129/bitcoin-up-25-from-tariff-lows-heres-the-case-for-new-all-time-highs-soon,Bitcoin Up 25% From Tariff Lows: Here's THe Case For New All-Time Highs Soon,Khyathi Dalal,https://cdn.benzinga.com/files/images/story/2025/05/02/Crypto-Prices-Rise-Up-Positive--Bitcoin-.jpeg?width=1200&height=800&fit=crop,www.benzinga.com,Financial Markets,0.26917,Somewhat-Bullish,"[{""ticker"": ""FOREX:USD"", ""relevance_score"": ""0.175859"", ""ticker_sentiment_score"": ""0.058958"", ""ticker_sentiment_label"": ""Neutral""}, {""ticker"": ""CRYPTO:BTC"", ""relevance_score"": ""0.625937"", ""ticker_sentiment_score"": ""0.33088"", ""ticker_sentiment_label"": ""Somewhat-Bullish""}]"
2025-05-02,"Global cryptocurrency market capitalization is trading relatively flat with 0.2% gains, holding on the $3 trillion mark. Traders split: some expect weekend volatility, others see bullish momentum returning.",Benzinga,https://www.benzinga.com/25/05/45176607/bitcoin-ethereum-xrp-dogecoin-relatively-flat-low-volume-weekend-can-change-things-but-well-see,0.731871,https://www.benzinga.com/25/05/45176607/bitcoin-ethereum-xrp-dogecoin-relatively-flat-low-volume-weekend-can-change-things-but-well-see,"Bitcoin, Ethereum, XRP, Dogecoin Hold Steady As Bulls Eye Further Gains",Khyathi Dalal,https://cdn.benzinga.com/files/images/story/2025/05/02/Bitcoin-Btc-Cryptocurrency-Coin-With-Alt.jpeg?width=1200&height=800&fit=crop,www.benzinga.com,"Life Sciences,Financial Markets,Earnings,Blockchain",0.192071,Somewhat-Bullish,"[{""ticker"": ""RIOT"", ""relevance_score"": ""0.080188"", ""ticker_sentiment_score"": ""0.244166"", ""ticker_sentiment_label"": ""Somewhat-Bullish""}, {""ticker"": ""CRYPTO:BTC"", ""relevance_score"": ""0.731871"", ""ticker_sentiment_score"": ""0.09786"", ""ticker_sentiment_label"": ""Neutral""}]"
2025-05-02,"BINGHAMTON, N.Y., May 02, 2025 ( GLOBE NEWSWIRE ) -- The surge in popularity of crypto gambling sites has transformed online gaming, offering players unparalleled privacy, lightning-fast transactions, and thrilling crypto opportunities.",Benzinga,https://www.benzinga.com/pressreleases/25/05/g45167475/best-crypto-casinos-jackbit-rated-top-bitcoin-casino-with-instant-withdrawal,0.151938,https://www.benzinga.com/pressreleases/25/05/g45167475/best-crypto-casinos-jackbit-rated-top-bitcoin-casino-with-instant-withdrawal,Best Crypto Casinos: JACKBIT Rated Top Bitcoin Casino With Instant Withdrawal,Globe Newswire,https://www.benzinga.com/next-assets/images/schema-image-default.png,www.benzinga.com,Blockchain,0.524181,Bullish,"[{""ticker"": ""MA"", ""relevance_score"": ""0.012738"", ""ticker_sentiment_score"": ""0.097595"", ""ticker_sentiment_label"": ""Neutral""}, {""ticker"": ""TRTPF"", ""relevance_score"": ""0.012738"", ""ticker_sentiment_score"": ""0.182375"", ""ticker_sentiment_label"": ""Somewhat-Bullish""}, {""ticker"": ""CRYPTO:BTC"", ""relevance_score"": ""0.151938"", ""ticker_sentiment_score"": ""0.379598"", ""ticker_sentiment_label"": ""Bullish""}, {""ticker"": ""CRYPTO:ETH"", ""relevance_score"": ""0.025474"", ""ticker_sentiment_score"": ""0.218697"", ""ticker_sentiment_label"": ""Somewhat-Bullish""}, {""ticker"": ""CRYPTO:BNB"", ""relevance_score"": ""0.012738"", ""ticker_sentiment_score"": ""0.137965"", ""ticker_sentiment_label"": ""Neutral""}]"
2025-05-02,"The cryptocurrency market continued its recovery in the past week as the total crypto market capitalization breached the $3 trillion mark for the first time since the beginning of March.Bitcoin ( BTC ) rose to an over two-month high of $97,300 last seen at the end of February, before the ...",Cointelegraph,https://cointelegraph.com/news/bitcoin-etfs-gov-t-adoption-btc-1-m-by-2029-finance-redefined,0.16709,https://cointelegraph.com/news/bitcoin-etfs-gov-t-adoption-btc-1-m-by-2029-finance-redefined,"Bitcoin ETFs, gov't adoption to drive BTC to $1M by 2029: Finance Redefined",Zoltan Vardai,https://s3.cointelegraph.com/uploads/2025-05/019690c7-72f3-7c63-96b4-961f4e74b346,cointelegraph.com,"Blockchain,Financial Markets",0.064785,Neutral,"[{""ticker"": ""FOREX:USD"", ""relevance_score"": ""0.067252"", ""ticker_sentiment_score"": ""0.317826"", ""ticker_sentiment_label"": ""Somewhat-Bullish""}, {""ticker"": ""CRYPTO:BTC"", ""relevance_score"": ""0.16709"", ""ticker_sentiment_score"": ""0.050515"", ""ticker_sentiment_label"": ""Neutral""}, {""ticker"": ""CRYPTO:ETH"", ""relevance_score"": ""0.16709"", ""ticker_sentiment_score"": ""0.241913"", ""ticker_sentiment_label"": ""Somewhat-Bullish""}]"
2025-05-02,"NVIDIA, Visa, HIVE Blockchain and Accenture are included in this Analyst Blog.",Zacks Commentary,https://www.zacks.com/stock/news/2461196/the-zacks-analyst-blog-highlights-nvidia-visa-hive-blockchain-and-accenture,0.18856,https://www.zacks.com/stock/news/2461196/the-zacks-analyst-blog-highlights-nvidia-visa-hive-blockchain-and-accenture,"The Zacks Analyst Blog Highlights NVIDIA, Visa, HIVE Blockchain and Accenture",Zacks Investment Research,https://staticx-tuner.zacks.com/images/articles/main/af/643.jpg,www.zacks.com,"Economy - Monetary,Financial Markets,Manufacturing,Earnings,Blockchain",0.21771,Somewhat-Bullish,"[{""ticker"": ""ACN"", ""relevance_score"": ""0.234458"", ""ticker_sentiment_score"": ""0.207787"", ""ticker_sentiment_label"": ""Somewhat-Bullish""}, {""ticker"": ""NVDA"", ""relevance_score"": ""0.279547"", ""ticker_sentiment_score"": ""0.2909"", ""ticker_sentiment_label"": ""Somewhat-Bullish""}, {""ticker"": ""V"", ""relevance_score"": ""0.366736"", ""ticker_sentiment_score"": ""0.285286"", ""ticker_sentiment_label"": ""Somewhat-Bullish""}, {""ticker"": ""CRYPTO:BTC"", ""relevance_score"": ""0.18856"", ""ticker_sentiment_score"": ""0.0"", ""ticker_sentiment_label"": ""Neutral""}, {""ticker"": ""CRYPTO:ETH"", ""relevance_score"": ""0.047559"", ""ticker_sentiment_score"": ""0.208706"", ""ticker_sentiment_label"": ""Somewhat-Bullish""}]"
2025-05-02,"Bitcoin's recovery to its all-time high may be threatened by rising recession fears, which could ease if the United States and China begin tariff negotiations this month, research analysts told Cointelegraph.Appetite for global risk assets such as Bitcoin ( BTC ) may take another hit, with ...",Cointelegraph,https://cointelegraph.com/news/bitcoin-uncertainty-recession-us-china-trade-talks,0.523784,https://cointelegraph.com/news/bitcoin-uncertainty-recession-us-china-trade-talks,"Bitcoin unsure as recession looms, US-China tariff talks kick off",Zoltan Vardai,https://s3.cointelegraph.com/uploads/2025-03/019584d8-27c8-7500-9086-06daefe725f8,cointelegraph.com,"Economy - Monetary,Financial Markets,Earnings,Finance,Blockchain",-0.037245,Neutral,"[{""ticker"": ""APOS"", ""relevance_score"": ""0.063091"", ""ticker_sentiment_score"": ""-0.166186"", ""ticker_sentiment_label"": ""Somewhat-Bearish""}, {""ticker"": ""CRYPTO:BTC"", ""relevance_score"": ""0.523784"", ""ticker_sentiment_score"": ""-0.175983"", ""ticker_sentiment_label"": ""Somewhat-Bearish""}]"
2025-05-02,"Leading cryptocurrencies rallied Thursday as investors turned to Bitcoin amid a weak financial climate. What Happened: Bitcoin reached an intraday high of $97,437.96 in the early trading hours, then fell to roughly $96,500 in the afternoon before making a fresh move past $97,000 overnight.",Benzinga,https://www.benzinga.com/25/05/45157129/bitcoin-ethereum-dogecoin-spike-alongside-stocks-trader-peter-brandt-projects-a-btc-bull-market-top-in-the-125000,0.351807,https://www.benzinga.com/25/05/45157129/bitcoin-ethereum-dogecoin-spike-alongside-stocks-trader-peter-brandt-projects-a-btc-bull-market-top-in-the-125000,"Bitcoin, Ethereum, Dogecoin Spike Alongside Stocks: Trader Peter Brandt Says BTC On Target To Reach Bull Market Top Of $125,000-$150,000 - Grayscale Bitcoin Mini Trust  ( BTC )  Common units of fractional undivided beneficial interest  ( ARCA:BTC ) ",Aniket Verma,https://cdn.benzinga.com/files/images/story/2025/05/01/Solana-Golden-Cryptocurrency-In-Close-up.jpeg?width=1200&height=800&fit=crop,www.benzinga.com,"Financial Markets,Earnings,Technology,Blockchain",0.164597,Somewhat-Bullish,"[{""ticker"": ""MSFT"", ""relevance_score"": ""0.18046"", ""ticker_sentiment_score"": ""0.391813"", ""ticker_sentiment_label"": ""Bullish""}, {""ticker"": ""META"", ""relevance_score"": ""0.18046"", ""ticker_sentiment_score"": ""0.391813"", ""ticker_sentiment_label"": ""Bullish""}, {""ticker"": ""CRYPTO:BTC"", ""relevance_score"": ""0.351807"", ""ticker_sentiment_score"": ""0.131494"", ""ticker_sentiment_label"": ""Neutral""}, {""ticker"": ""CRYPTO:ETH"", ""relevance_score"": ""0.18046"", ""ticker_sentiment_score"": ""0.190616"", ""ticker_sentiment_label"": ""Somewhat-Bullish""}]"
2025-05-02,"Wall Street experienced a positive momentum as the S&P 500 marked its eighth consecutive day of gains on Thursday, climbing 0.6% to 5,604.14. This rally helped the index recover from losses incurred due to trade tariffs announced by President Donald Trump.",Benzinga,https://www.benzinga.com/25/05/45157181/apple-amazon-reddit-strategy-block-why-these-5-stocks-are-on-investors-radars-today,0.145583,https://www.benzinga.com/25/05/45157181/apple-amazon-reddit-strategy-block-why-these-5-stocks-are-on-investors-radars-today,"AAPL, AMZN, RDDT, MSTR, XYZ: 5 Trending Stocks Today - Apple  ( NASDAQ:AAPL ) ",Shivdeep Dhaliwal,https://cdn.benzinga.com/files/images/story/2025/05/01/Investors-Analyze-Graph-Data-Stock-Marke.jpeg?width=1200&height=800&fit=crop,www.benzinga.com,"Retail & Wholesale,Financial Markets,Earnings,Technology,Blockchain",0.234724,Somewhat-Bullish,"[{""ticker"": ""AAPL"", ""relevance_score"": ""0.145583"", ""ticker_sentiment_score"": ""0.081028"", ""ticker_sentiment_label"": ""Neutral""}, {""ticker"": ""RDDT"", ""relevance_score"": ""0.145583"", ""ticker_sentiment_score"": ""0.163586"", ""ticker_sentiment_label"": ""Somewhat-Bullish""}, {""ticker"": ""AMZN"", ""relevance_score"": ""0.073098"", ""ticker_sentiment_score"": ""0.109311"", ""ticker_sentiment_label"": ""Neutral""}, {""ticker"": ""PLSQF"", ""relevance_score"": ""0.073098"", ""ticker_sentiment_score"": ""0.145787"", ""ticker_sentiment_label"": ""Neutral""}, {""ticker"": ""CRYPTO:BTC"", ""relevance_score"": ""0.145583"", ""ticker_sentiment_score"": ""0.022024"", ""ticker_sentiment_label"": ""Neutral""}]"
2025-05-02,Strategy Inc. MSTR executive chairman Michael Saylor expressed optimism about the growing adoption of the Bitcoin standard among businesses on Thursday.,Benzinga,https://www.benzinga.com/markets/cryptocurrency/25/05/45157469/michael-saylor-considers-competition-copying-strategys-bitcoin-playbook-mutually-beneficia,0.899125,https://www.benzinga.com/markets/cryptocurrency/25/05/45157469/michael-saylor-considers-competition-copying-strategys-bitcoin-playbook-mutually-beneficia,"Michael Saylor Considers Competition Copying Strategy's Bitcoin Playbook Mutually Beneficial: 'The More Companies That Join, The Better It Is' - MARA Holdings  ( NASDAQ:MARA ) ",Aniket Verma,https://cdn.benzinga.com/files/images/story/2025/05/01/Antalya--Turkey---December-4--2024-Bitco.jpeg?width=1200&height=800&fit=crop,www.benzinga.com,"Life Sciences,Financial Markets,Earnings,Technology,Blockchain",0.211169,Somewhat-Bullish,"[{""ticker"": ""MSTR"", ""relevance_score"": ""0.274834"", ""ticker_sentiment_score"": ""0.08218"", ""ticker_sentiment_label"": ""Neutral""}, {""ticker"": ""RIOT"", ""relevance_score"": ""0.185306"", ""ticker_sentiment_score"": ""-0.052383"", ""ticker_sentiment_label"": ""Neutral""}, {""ticker"": ""CRYPTO:BTC"", ""relevance_score"": ""0.899125"", ""ticker_sentiment_score"": ""0.382558"", ""ticker_sentiment_label"": ""Bullish""}]"
2025-05-02,"Jack Dorsey, CEO of Block Inc. XYZ, expressed excitement about the upcoming delivery of the firm's first Bitcoin BTC/USD mining hardware on Thursday, developed as part of its mining products suite, Proto.",Benzinga,https://www.benzinga.com/25/05/45158116/jack-dorsey-upbeat-on-blocks-bitcoin-mining-chip-delivery-in-h2-2025-as-industry-faces-disruptions-due-to-high-ch,0.606946,https://www.benzinga.com/25/05/45158116/jack-dorsey-upbeat-on-blocks-bitcoin-mining-chip-delivery-in-h2-2025-as-industry-faces-disruptions-due-to-high-ch,"Jack Dorsey Upbeat On Block's Bitcoin Mining Chip Delivery In H2 2025, Sees 'Huge Opportunity' As China Tariffs Disruption Looms - Core Scientific  ( NASDAQ:CORZ ) ",Aniket Verma,https://cdn.benzinga.com/files/images/story/2025/05/02/Paris--France-June-7th-2019--Ceo-Of-Twit.jpeg?width=1200&height=800&fit=crop,www.benzinga.com,"Earnings,Financial Markets",0.254298,Somewhat-Bullish,"[{""ticker"": ""CORZQ"", ""relevance_score"": ""0.085022"", ""ticker_sentiment_score"": ""0.038102"", ""ticker_sentiment_label"": ""Neutral""}, {""ticker"": ""BSQKZ"", ""relevance_score"": ""0.085022"", ""ticker_sentiment_score"": ""0.098468"", ""ticker_sentiment_label"": ""Neutral""}, {""ticker"": ""CRYPTO:BTC"", ""relevance_score"": ""0.606946"", ""ticker_sentiment_score"": ""0.472745"", ""ticker_sentiment_label"": ""Bullish""}]"
2025-05-02,"Bitcoin miner Riot Platforms has reported its highest-ever quarterly revenue, but still posted a loss as mining costs have nearly doubled compared to the same time last year and it moves to bolster its facilities.""We achieved a new record for quarterly revenue this quarter, at $161.4 million,"" ...",Cointelegraph,https://cointelegraph.com/news/riot-platforms-bitcoin-miner-revenue-earnings-report-q1-2025,0.879272,https://cointelegraph.com/news/riot-platforms-bitcoin-miner-revenue-earnings-report-q1-2025,"Riot Platforms posts Q1 loss, beats revenue estimates",Ciaran Lyons,https://s3.cointelegraph.com/uploads/2025-05/01968f63-3f6b-7f07-bbd8-95aff45f0e1d,cointelegraph.com,"Life Sciences,Financial Markets,Earnings,Technology,Finance,Blockchain",-0.050416,Neutral,"[{""ticker"": ""GOOG"", ""relevance_score"": ""0.136888"", ""ticker_sentiment_score"": ""0.154522"", ""ticker_sentiment_label"": ""Somewhat-Bullish""}, {""ticker"": ""COIN"", ""relevance_score"": ""0.136888"", ""ticker_sentiment_score"": ""0.049816"", ""ticker_sentiment_label"": ""Neutral""}, {""ticker"": ""RIOT"", ""relevance_score"": ""0.395012"", ""ticker_sentiment_score"": ""0.087066"", ""ticker_sentiment_label"": ""Neutral""}, {""ticker"": ""CRYPTO:BTC"", ""relevance_score"": ""0.879272"", ""ticker_sentiment_score"": ""-0.075545"", ""ticker_sentiment_label"": ""Neutral""}]"
2025-05-02,"Online discussions about memecoins have hit a year-to-date high, gaining considerable attention after sentiment cooled earlier in the year, according to onchain analytics platform Santiment. Two weeks ago, discussions around Bitcoin ( BTC ) and layer-1 protocols peaked during the market ...",Cointelegraph,https://cointelegraph.com/news/crypto-gamble-mindset-memecoin-discussions-ytd-high-santiment,0.345674,https://cointelegraph.com/news/crypto-gamble-mindset-memecoin-discussions-ytd-high-santiment,Crypto in 'gamble mindset' as memecoin mentions hit YTD high: Santiment,Stephen Katte,https://s3.cointelegraph.com/uploads/2025-05/01968f62-6896-747a-a9d6-dcaf72059c93,cointelegraph.com,Financial Markets,0.079098,Neutral,"[{""ticker"": ""CRYPTO:BTC"", ""relevance_score"": ""0.345674"", ""ticker_sentiment_score"": ""0.24202"", ""ticker_sentiment_label"": ""Somewhat-Bullish""}, {""ticker"": ""CRYPTO:DOGE"", ""relevance_score"": ""0.345674"", ""ticker_sentiment_score"": ""0.13713"", ""ticker_sentiment_label"": ""Neutral""}]"
2025-05-02,"MIAMI, May 02, 2025 ( GLOBE NEWSWIRE ) -- Defiance ETFs has launched the Defiance Leveraged Long + Income MSTR ETF ( MST ) , an innovative exchange-traded fund ( ETF ) that combines leveraged exposure to MicroStrategy Incorporated MSTR aiming for a unique weekly income payout feature.",Benzinga,https://www.benzinga.com/pressreleases/25/05/g45159195/defiance-etfs-unveils-mst-the-first-leveraged-microstrategy-etf-that-seeks-to-pay-income-weekly,0.160419,https://www.benzinga.com/pressreleases/25/05/g45159195/defiance-etfs-unveils-mst-the-first-leveraged-microstrategy-etf-that-seeks-to-pay-income-weekly,Defiance ETFs Unveils $MST: The First Leveraged MicroStrategy ETF that Seeks to Pay Income Weekly - Strategy  ( NASDAQ:MSTR ) ,Globe Newswire,https://www.benzinga.com/next-assets/images/schema-image-default.png,www.benzinga.com,"Technology,Blockchain,Financial Markets",0.104977,Neutral,"[{""ticker"": ""MSTR"", ""relevance_score"": ""0.648236"", ""ticker_sentiment_score"": ""0.152122"", ""ticker_sentiment_label"": ""Somewhat-Bullish""}, {""ticker"": ""CRYPTO:BTC"", ""relevance_score"": ""0.160419"", ""ticker_sentiment_score"": ""0.166998"", ""ticker_sentiment_label"": ""Somewhat-Bullish""}]"
2025-05-02,"What is AGI? When the lines blur between man and machine, you're looking at artificial general intelligence ( AGI ) . Unlike its counterpart, artificial narrow intelligence ( ANI ) , which is the use of AI for solving individual problem statements, AGI represents artificial intelligence that can ...",Cointelegraph,https://cointelegraph.com/explained/artificial-general-intelligence-agi-can-it-really-think-like-a-human,0.019978,https://cointelegraph.com/explained/artificial-general-intelligence-agi-can-it-really-think-like-a-human,Cointelegraph Bitcoin & Ethereum Blockchain News,,https://s3.cointelegraph.com/storage/uploads/view/905e01971c4c89f65881f97ec68755e2.jpg,cointelegraph.com,"Blockchain,Financial Markets",0.359248,Bullish,"[{""ticker"": ""CRYPTO:BTC"", ""relevance_score"": ""0.019978"", ""ticker_sentiment_score"": ""0.229582"", ""ticker_sentiment_label"": ""Somewhat-Bullish""}, {""ticker"": ""CRYPTO:ETH"", ""relevance_score"": ""0.039944"", ""ticker_sentiment_score"": ""0.242895"", ""ticker_sentiment_label"": ""Somewhat-Bullish""}, {""ticker"": ""CRYPTO:AGI"", ""relevance_score"": ""0.896414"", ""ticker_sentiment_score"": ""0.577811"", ""ticker_sentiment_label"": ""Bullish""}]"
2025-05-02,"Bitcoin ( CRYPTO: BTC ) has been picking up steam in recent weeks. It's back up to where it was around a few months ago, and it may not be long before it hits the $100,000 mark again -- the last time it breached that was in early February. It only needs to rise another 15% to hit a new all-time ...",Motley Fool,https://www.fool.com/investing/2025/05/02/1-bullish-trend-that-could-get-bitcoin-back-to-all/,0.672533,https://www.fool.com/investing/2025/05/02/1-bullish-trend-that-could-get-bitcoin-back-to-all/,1 Bullish Trend That Could Get Bitcoin Back to All-Time Highs,David Jagielski,https://g.foolcdn.com/editorial/images/816122/a-bull-in-front-of-a-bitcoin.jpg,www.fool.com,"Blockchain,Financial Markets",0.08212,Neutral,"[{""ticker"": ""CRYPTO:BTC"", ""relevance_score"": ""0.672533"", ""ticker_sentiment_score"": ""0.087087"", ""ticker_sentiment_label"": ""Neutral""}]"
2025-05-02,"Opinion by: Merav Ozair, PhDLately, stablecoins are everywhere - this time around, headed by ""traditional"" financial institutions. Bank of America and Standard Chartered are considering launching their own stablecoin, joining JPMorgan, which launched its stablecoin, JPM Coin - rebranded as ...",Cointelegraph,https://cointelegraph.com/news/stablecoins-depegging-fraudsters-decentralization,0.097721,https://cointelegraph.com/news/stablecoins-depegging-fraudsters-decentralization,"Stablecoins: Depegging, fraudsters and decentralization",Dr. Merav Ozair,"https://images.cointelegraph.com/cdn-cgi/image/format=auto,onerror=redirect,quality=90,width=1200/https://s3.cointelegraph.com/uploads/2025-05/01968f92-5b24-7d51-8e8a-fe2e6308f2a3",cointelegraph.com,"Economy - Monetary,Financial Markets,Finance,Blockchain",0.122035,Neutral,"[{""ticker"": ""ICE"", ""relevance_score"": ""0.065238"", ""ticker_sentiment_score"": ""0.037027"", ""ticker_sentiment_label"": ""Neutral""}, {""ticker"": ""SCBFF"", ""relevance_score"": ""0.032646"", ""ticker_sentiment_score"": ""0.062817"", ""ticker_sentiment_label"": ""Neutral""}, {""ticker"": ""BAC"", ""relevance_score"": ""0.032646"", ""ticker_sentiment_score"": ""0.062817"", ""ticker_sentiment_label"": ""Neutral""}, {""ticker"": ""MA"", ""relevance_score"": ""0.032646"", ""ticker_sentiment_score"": ""0.083798"", ""ticker_sentiment_label"": ""Neutral""}, {""ticker"": ""BRPHF"", ""relevance_score"": ""0.032646"", ""ticker_sentiment_score"": ""0.086522"", ""ticker_sentiment_label"": ""Neutral""}, {""ticker"": ""FOREX:USD"", ""relevance_score"": ""0.162145"", ""ticker_sentiment_score"": ""0.077807"", ""ticker_sentiment_label"": ""Neutral""}, {""ticker"": ""CRYPTO:BTC"", ""relevance_score"": ""0.097721"", ""ticker_sentiment_score"": ""0.11413"", ""ticker_sentiment_label"": ""Neutral""}, {""ticker"": ""CRYPTO:ETH"", ""relevance_score"": ""0.032646"", ""ticker_sentiment_score"": ""0.026978"", ""ticker_sentiment_label"": ""Neutral""}, {""ticker"": ""CRYPTO:UST"", ""relevance_score"": ""0.162145"", ""ticker_sentiment_score"": ""0.063305"", ""ticker_sentiment_label"": ""Neutral""}]"
2025-05-02,"Not everyone will have the same perspective, but Bitcoin ( CRYPTO: BTC ) continues to prove that it's a superior asset. As of this writing in the early afternoon of April 29, the world's oldest and most valuable cryptocurrency is up 3% in 2025.",Motley Fool,https://www.fool.com/investing/2025/05/02/5-must-know-risks-before-you-buy-bitcoin-in-may/,0.615462,https://www.fool.com/investing/2025/05/02/5-must-know-risks-before-you-buy-bitcoin-in-may/,5 Must-Know Risks Before You Buy Bitcoin in May,Neil Patel,https://g.foolcdn.com/editorial/images/816517/gold-coin-with-bitcoin-symbol-on-it-cryptocurrency-btc-1201x795-11e462d.jpg,www.fool.com,"Economy - Monetary,Blockchain",0.060998,Neutral,"[{""ticker"": ""FOREX:USD"", ""relevance_score"": ""0.057767"", ""ticker_sentiment_score"": ""-0.04002"", ""ticker_sentiment_label"": ""Neutral""}, {""ticker"": ""CRYPTO:BTC"", ""relevance_score"": ""0.615462"", ""ticker_sentiment_score"": ""0.154435"", ""ticker_sentiment_label"": ""Somewhat-Bullish""}, {""ticker"": ""CRYPTO:ETH"", ""relevance_score"": ""0.057767"", ""ticker_sentiment_score"": ""-0.131177"", ""ticker_sentiment_label"": ""Neutral""}]"
2025-05-02,"At the Token2049 cryptocurrency conference in Dubai on April 30, Arthur Hayes, the co-founder of the crypto exchange BitMEX, made a bold prediction about the future of Bitcoin ( CRYPTO: BTC ) .""Don't worry,"" Hayes said, ""Bitcoin is going to $1 million by 2028."" He isn't the only big figure in ...",Motley Fool,https://www.fool.com/investing/2025/05/02/could-bitcoin-hit-1000000-by-2028/,0.625937,https://www.fool.com/investing/2025/05/02/could-bitcoin-hit-1000000-by-2028/,"Could Bitcoin Hit $1,000,000 by 2028?",Alex Carchidi,https://g.foolcdn.com/editorial/images/816806/two-investors-look-at-figures.jpg,www.fool.com,"Blockchain,Financial Markets",0.166737,Somewhat-Bullish,"[{""ticker"": ""CRYPTO:BTC"", ""relevance_score"": ""0.625937"", ""ticker_sentiment_score"": ""0.23021"", ""ticker_sentiment_label"": ""Somewhat-Bullish""}]"
2025-05-02,S&P 500 ETFs like VOO led April inflows despite market turbulence and economic slowdown fears.,Zacks Commentary,https://www.zacks.com/stock/news/2460864/april-etf-asset-report-voo-short-term-bonds-lead-gains,0.20537,https://www.zacks.com/stock/news/2460864/april-etf-asset-report-voo-short-term-bonds-lead-gains,April ETF Asset Report: VOO & Short-Term Bonds Lead Gains,Sanghamitra Saha,https://staticx-tuner.zacks.com/images/articles/main/47/2952.jpg,www.zacks.com,"Economy - Monetary,Financial Markets,Manufacturing,Finance,Blockchain,Economy - Macro",0.122268,Neutral,"[{""ticker"": ""IVZ"", ""relevance_score"": ""0.103554"", ""ticker_sentiment_score"": ""0.013746"", ""ticker_sentiment_label"": ""Neutral""}, {""ticker"": ""NVDA"", ""relevance_score"": ""0.051886"", ""ticker_sentiment_score"": ""0.228637"", ""ticker_sentiment_label"": ""Somewhat-Bullish""}, {""ticker"": ""TSLA"", ""relevance_score"": ""0.051886"", ""ticker_sentiment_score"": ""0.228637"", ""ticker_sentiment_label"": ""Somewhat-Bullish""}, {""ticker"": ""FOREX:USD"", ""relevance_score"": ""0.051886"", ""ticker_sentiment_score"": ""-0.042155"", ""ticker_sentiment_label"": ""Neutral""}, {""ticker"": ""CRYPTO:BTC"", ""relevance_score"": ""0.20537"", ""ticker_sentiment_score"": ""0.316921"", ""ticker_sentiment_label"": ""Somewhat-Bullish""}]"
2025-05-02,"Stockholm, 2nd of May 2025 - Today Virtune announces that it has finalized its monthly rebalancing for Virtune Crypto Altcoin Index ETP, listed on Nasdaq Stockholm and Nasdaq Helsinki ( ISIN code SE0023260716 ) .In addition to the Virtune Crypto Altcoin Index ETP, Virtune's product portfolio ...",GlobeNewswire,https://www.globenewswire.com/news-release/2025/05/02/3073174/0/en/Virtune-AB-Publ-Virtune-has-completed-the-monthly-rebalancing-for-April-2025-of-its-Virtune-Crypto-Altcoin-Index-ETP.html,0.172713,https://www.globenewswire.com/news-release/2025/05/02/3073174/0/en/Virtune-AB-Publ-Virtune-has-completed-the-monthly-rebalancing-for-April-2025-of-its-Virtune-Crypto-Altcoin-Index-ETP.html,"Virtune AB  ( Publ )   ( ""Virtune"" )  has completed the monthly rebalancing for April 2025 of its Virtune Crypto Altcoin Index ETP",Virtune AB (Publ),https://ml-eu.globenewswire.com/Resource/Download/da0bec69-79eb-4618-87fd-d96aa395aaed,www.globenewswire.com,"Blockchain,Financial Markets",0.252194,Somewhat-Bullish,"[{""ticker"": ""CRYPTO:BTC"", ""relevance_score"": ""0.172713"", ""ticker_sentiment_score"": ""0.238955"", ""ticker_sentiment_label"": ""Somewhat-Bullish""}, {""ticker"": ""CRYPTO:ETH"", ""relevance_score"": ""0.172713"", ""ticker_sentiment_score"": ""0.238955"", ""ticker_sentiment_label"": ""Somewhat-Bullish""}, {""ticker"": ""CRYPTO:UNI"", ""relevance_score"": ""0.08687"", ""ticker_sentiment_score"": ""0.200941"", ""ticker_sentiment_label"": ""Somewhat-Bullish""}]"
2025-05-02,"TIEL, The Netherlands, May 02, 2025 ( GLOBE NEWSWIRE ) -- Noma Spin Casino is the best online casino in Netherlands that offers real money gambling, featuring a growing selection of games, attractive bonuses, and safe payment options for players.",Benzinga,https://www.benzinga.com/pressreleases/25/05/g45165456/best-online-casino-in-netherlands-real-money-2025-noma-spin,0.008918,https://www.benzinga.com/pressreleases/25/05/g45165456/best-online-casino-in-netherlands-real-money-2025-noma-spin,Best Online Casino In Netherlands Real Money 2025 - Noma Spin,Globe Newswire,https://www.benzinga.com/next-assets/images/schema-image-default.png,www.benzinga.com,Blockchain,0.547015,Bullish,"[{""ticker"": ""MA"", ""relevance_score"": ""0.008918"", ""ticker_sentiment_score"": ""0.23634"", ""ticker_sentiment_label"": ""Somewhat-Bullish""}, {""ticker"": ""CRYPTO:BTC"", ""relevance_score"": ""0.008918"", ""ticker_sentiment_score"": ""0.243079"", ""ticker_sentiment_label"": ""Somewhat-Bullish""}, {""ticker"": ""CRYPTO:ETH"", ""relevance_score"": ""0.008918"", ""ticker_sentiment_score"": ""0.243079"", ""ticker_sentiment_label"": ""Somewhat-Bullish""}]"
2025-05-02,"Key points:Bitcoin long-term holders are about to hit a level of unrealized profit, which has traditionally caused them to sell.That level coincides with the return to a six-figure BTC price.Order book data suggests that bulls may not succeed in keeping the upside going.Bitcoin ( BTC ) risks a ...",Cointelegraph,https://cointelegraph.com/news/bitcoin-hodler-unrealized-profits-near-350-100k-risks-sell-off,0.708432,https://cointelegraph.com/news/bitcoin-hodler-unrealized-profits-near-350-100k-risks-sell-off,Bitcoin hodler unrealized profits near 350% as $100K risks sell-off,William Suberg,https://s3.cointelegraph.com/uploads/2025-05/0196907c-af88-7fba-aea5-05fe119bf868,cointelegraph.com,Earnings,0.194867,Somewhat-Bullish,"[{""ticker"": ""CRYPTO:BTC"", ""relevance_score"": ""0.708432"", ""ticker_sentiment_score"": ""0.197413"", ""ticker_sentiment_label"": ""Somewhat-Bullish""}]"
2025-05-02,"On Wednesday, speaking from the White House, US President Donald Trump suggested that families scale back on gifts this year.Asked about his tariff program, the president remarked, ""Somebody said, 'Oh, the shelves are gonna be open.",Cointelegraph,https://cointelegraph.com/news/are-donald-trumps-tariffs-legal-house-of-cards,0.054545,https://cointelegraph.com/news/are-donald-trumps-tariffs-legal-house-of-cards,Are Donald Trump's tariffs a legal house of cards?,Aaron Brogan,https://s3.cointelegraph.com/uploads/2025-05/0196910b-3aa9-7691-bd75-5734d4a249ee,cointelegraph.com,"Economy - Fiscal,Blockchain,Financial Markets",0.014653,Neutral,"[{""ticker"": ""CRYPTO:BTC"", ""relevance_score"": ""0.054545"", ""ticker_sentiment_score"": ""0.090991"", ""ticker_sentiment_label"": ""Neutral""}]"
2025-05-02,"Santiment data shows XRP and Dogecoin sentiment surge as ETF approval odds climb. Bitcoin flips from fear to FOMO, while Ethereum remains under the radar despite bullish signs. Today's manic market swings are creating the perfect setup for Matt's next volatility trade.",Benzinga,https://www.benzinga.com/markets/cryptocurrency/25/05/45164011/bitcoin-ethereum-xrp-dogecoin-sentiment-rebounds-as-btc-hits-97000,0.240489,https://www.benzinga.com/markets/cryptocurrency/25/05/45164011/bitcoin-ethereum-xrp-dogecoin-sentiment-rebounds-as-btc-hits-97000,"Bitcoin, Ethereum, XRP, Dogecoin Sentiment Rebounds As BTC Hits $97,000",Khyathi Dalal,https://cdn.benzinga.com/files/images/story/2025/05/02/Dogecoin-Doge-Group-Included-With-Crypto_3.jpeg?width=1200&height=800&fit=crop,www.benzinga.com,"Blockchain,Financial Markets",0.321325,Somewhat-Bullish,"[{""ticker"": ""CRYPTO:BTC"", ""relevance_score"": ""0.240489"", ""ticker_sentiment_score"": ""-0.25692"", ""ticker_sentiment_label"": ""Somewhat-Bearish""}, {""ticker"": ""CRYPTO:ETH"", ""relevance_score"": ""0.181591"", ""ticker_sentiment_score"": ""-0.003204"", ""ticker_sentiment_label"": ""Neutral""}, {""ticker"": ""CRYPTO:DOGE"", ""relevance_score"": ""0.240489"", ""ticker_sentiment_score"": ""0.335845"", ""ticker_sentiment_label"": ""Somewhat-Bullish""}]"
2025-05-02,"Bitcoin dominance is up to 64.89%, up from around 57.9% at the start of the year, as its price inches closer to $100,000.",Decrypt.co,https://decrypt.co/317548/bitcoin-dominance-hits-four-year-high-as-btc-price-tops-97000,0.576977,https://decrypt.co/317548/bitcoin-dominance-hits-four-year-high-as-btc-price-tops-97000,"Bitcoin Dominance Hits Four-Year High As BTC Price Tops $97,000",Simon Chandler,https://cdn.decrypt.co/resize/1024/height/512/wp-content/uploads/2024/02/Bitcoin-Goes-Up-Shutterstock-gID_7.jpg,decrypt.co,"Blockchain,Financial Markets",0.336842,Somewhat-Bullish,"[{""ticker"": ""CRYPTO:BTC"", ""relevance_score"": ""0.576977"", ""ticker_sentiment_score"": ""0.389896"", ""ticker_sentiment_label"": ""Bullish""}, {""ticker"": ""CRYPTO:ETH"", ""relevance_score"": ""0.070935"", ""ticker_sentiment_score"": ""0.108584"", ""ticker_sentiment_label"": ""Neutral""}, {""ticker"": ""CRYPTO:DOGE"", ""relevance_score"": ""0.070935"", ""ticker_sentiment_score"": ""0.108584"", ""ticker_sentiment_label"": ""Neutral""}]"
2025-05-02,"SYDNEY, May 02, 2025 ( GLOBE NEWSWIRE ) -- IREN Limited IREN ( together with its subsidiaries, ""IREN"" ) today announced that it will release its financial results for the three and nine-months ended March 31, 2025, on Wednesday, May 14, 2025 and host a conference call beginning at 5:00 p.m.",Benzinga,https://www.benzinga.com/pressreleases/25/05/g45163355/iren-to-release-q3-fy25-results-on-may-14-2025,0.391923,https://www.benzinga.com/pressreleases/25/05/g45163355/iren-to-release-q3-fy25-results-on-may-14-2025,"IREN to Release Q3 FY25 Results on May 14, 2025 - IREN  ( NASDAQ:IREN ) ",Globe Newswire,https://www.benzinga.com/next-assets/images/schema-image-default.png,www.benzinga.com,"Financial Markets,Manufacturing",0.218087,Somewhat-Bullish,"[{""ticker"": ""NVDA"", ""relevance_score"": ""0.102013"", ""ticker_sentiment_score"": ""-0.214788"", ""ticker_sentiment_label"": ""Somewhat-Bearish""}, {""ticker"": ""CRYPTO:BTC"", ""relevance_score"": ""0.391923"", ""ticker_sentiment_score"": ""0.225642"", ""ticker_sentiment_label"": ""Somewhat-Bullish""}]"
2025-05-02,"L1 network Sui is in the flush of a bullish trend. Its native SUI token has delivered gains of more than 50% for the month-to-date, making it one of the best performers amongst top-10 tokens. In one 24-hour period this week, trading volumes surged by more than 30%. What's rekindled investor ...",Benzinga,https://www.benzinga.com/markets/cryptocurrency/25/05/45165409/sui-is-on-the-ascent-whats-driving-interest,0.047278,https://www.benzinga.com/markets/cryptocurrency/25/05/45165409/sui-is-on-the-ascent-whats-driving-interest,Sui Is On The Ascent. What's Driving Interest?,Mark de Wolf,https://www.benzinga.com/next-assets/images/schema-image-default.png,www.benzinga.com,"Blockchain,Financial Markets",0.247703,Somewhat-Bullish,"[{""ticker"": ""CRYPTO:BTC"", ""relevance_score"": ""0.047278"", ""ticker_sentiment_score"": ""0.180355"", ""ticker_sentiment_label"": ""Somewhat-Bullish""}]"
2025-05-02,"The algorithmic trading firm announced that it is dropping all exposure to Ethereum, calling it ""statistically broken."" ...",Decrypt.co,https://decrypt.co/317544/two-prime-ditches-ethereum-for-bitcoin-citing-meme-coin-behavior,0.49637,https://decrypt.co/317544/two-prime-ditches-ethereum-for-bitcoin-citing-meme-coin-behavior,"Two Prime Ditches Ethereum for Bitcoin, Citing 'Meme Coin' Behavior",Vismaya V,https://cdn.decrypt.co/resize/1024/height/512/wp-content/uploads/2024/05/ethereum-eth-stock-charts-ethereumetf-etf-gID_7.jpeg,decrypt.co,Financial Markets,-0.10083,Neutral,"[{""ticker"": ""CRYPTO:BTC"", ""relevance_score"": ""0.49637"", ""ticker_sentiment_score"": ""-0.185247"", ""ticker_sentiment_label"": ""Somewhat-Bearish""}, {""ticker"": ""CRYPTO:ETH"", ""relevance_score"": ""0.873652"", ""ticker_sentiment_score"": ""-0.252894"", ""ticker_sentiment_label"": ""Somewhat-Bearish""}]"
2025-05-02,"Los Angeles, CA May 02, 2025 -- ( PR.com ) -- As blockchain technology matures, cryptocurrency is becoming an important part of the new generation of global value circulation system.",Benzinga,https://www.benzinga.com/pressreleases/25/05/r45163280/the-encryption-world-is-changing-and-ja-mining-is-a-channel-for-ordinary-users-to-enter-the-blockc,0.123526,https://www.benzinga.com/pressreleases/25/05/r45163280/the-encryption-world-is-changing-and-ja-mining-is-a-channel-for-ordinary-users-to-enter-the-blockc,"The Encryption World is Changing, and JA Mining is a Channel for Ordinary Users to Enter the Blockchain",PR.com,https://www.benzinga.com/next-assets/images/schema-image-default.png,www.benzinga.com,Blockchain,0.41916,Bullish,"[{""ticker"": ""CRYPTO:BTC"", ""relevance_score"": ""0.123526"", ""ticker_sentiment_score"": ""0.186353"", ""ticker_sentiment_label"": ""Somewhat-Bullish""}, {""ticker"": ""CRYPTO:XRP"", ""relevance_score"": ""0.123526"", ""ticker_sentiment_score"": ""0.186353"", ""ticker_sentiment_label"": ""Somewhat-Bullish""}]"
2025-05-02,"Donald Trump is turning up the heat in the crypto space, taking his involvement beyond public statements and into direct digital action. His meme coin, $TRUMP, has recently sparked major attention, shooting up 30% in value on April 24 after news broke of an exclusive gala for top investors.",Benzinga,https://www.benzinga.com/pressreleases/25/05/g45163020/trumpcoin-trump-surged-30-in-april-as-the-buzz-around-cloud-mining-grew-investors-seeking-daily-pr,0.16849,https://www.benzinga.com/pressreleases/25/05/g45163020/trumpcoin-trump-surged-30-in-april-as-the-buzz-around-cloud-mining-grew-investors-seeking-daily-pr,Trumpcoin  ( $TRUMP )  Surged 30% In April As The Buzz Around Cloud Mining Grew; Investors Seeking Daily Profits With ZA Miner,Globe Newswire,https://www.benzinga.com/next-assets/images/schema-image-default.png,www.benzinga.com,"Earnings,Blockchain,Financial Markets",0.452681,Bullish,"[{""ticker"": ""CRYPTO:BTC"", ""relevance_score"": ""0.16849"", ""ticker_sentiment_score"": ""0.233966"", ""ticker_sentiment_label"": ""Somewhat-Bullish""}, {""ticker"": ""CRYPTO:ETH"", ""relevance_score"": ""0.05654"", ""ticker_sentiment_score"": ""0.249"", ""ticker_sentiment_label"": ""Somewhat-Bullish""}, {""ticker"": ""CRYPTO:DOGE"", ""relevance_score"": ""0.05654"", ""ticker_sentiment_score"": ""0.249"", ""ticker_sentiment_label"": ""Somewhat-Bullish""}, {""ticker"": ""CRYPTO:USDT"", ""relevance_score"": ""0.05654"", ""ticker_sentiment_score"": ""0.249"", ""ticker_sentiment_label"": ""Somewhat-Bullish""}, {""ticker"": ""CRYPTO:LTC"", ""relevance_score"": ""0.05654"", ""ticker_sentiment_score"": ""0.249"", ""ticker_sentiment_label"": ""Somewhat-Bullish""}, {""ticker"": ""CRYPTO:BNB"", ""relevance_score"": ""0.05654"", ""ticker_sentiment_score"": ""0.249"", ""ticker_sentiment_label"": ""Somewhat-Bullish""}]"
2025-05-02,"SINGAPORE, May 1, 2025 /PRNewswire/ -- Blockchain technology company BTC Digital Ltd. ( ""BTC Digital"" or the ""Company"" ) BTCT today announced that it has signed a Litecoin ( LTC ) miner hosting agreement with a major client.",Benzinga,https://www.benzinga.com/pressreleases/25/05/n45156036/btc-digital-ltd-announces-signing-of-litecoin-miner-hosting-agreement,0.620415,https://www.benzinga.com/pressreleases/25/05/n45156036/btc-digital-ltd-announces-signing-of-litecoin-miner-hosting-agreement,BTC Digital Ltd. Announces Signing of Litecoin Miner Hosting Agreement - BTC Digital  ( NASDAQ:BTCT ) ,PRNewswire,https://www.benzinga.com/next-assets/images/schema-image-default.png,www.benzinga.com,"Blockchain,Financial Markets",0.374938,Bullish,"[{""ticker"": ""BTCT"", ""relevance_score"": ""0.620415"", ""ticker_sentiment_score"": ""0.465322"", ""ticker_sentiment_label"": ""Bullish""}, {""ticker"": ""CRYPTO:BTC"", ""relevance_score"": ""0.620415"", ""ticker_sentiment_score"": ""0.465322"", ""ticker_sentiment_label"": ""Bullish""}, {""ticker"": ""CRYPTO:LTC"", ""relevance_score"": ""0.469744"", ""ticker_sentiment_score"": ""0.420661"", ""ticker_sentiment_label"": ""Bullish""}]"
2025-05-02,"SYDNEY, May 02, 2025 ( GLOBE NEWSWIRE ) -- IREN Limited ( NASDAQ: IREN ) ( together with its subsidiaries, ""IREN"" ) today announced that it will release its financial results for the three and nine-months ended March 31, 2025, on Wednesday, May 14, 2025 and host a conference call beginning at ...",GlobeNewswire,https://www.globenewswire.com/news-release/2025/05/02/3073219/0/en/IREN-to-Release-Q3-FY25-Results-on-May-14-2025.html,0.373378,https://www.globenewswire.com/news-release/2025/05/02/3073219/0/en/IREN-to-Release-Q3-FY25-Results-on-May-14-2025.html,"IREN to Release Q3 FY25 Results on May 14, 2025",IREN Limited,https://ml.globenewswire.com/Resource/Download/21eaa957-63b1-4e8e-ac88-ee562c8f0827,www.globenewswire.com,,0.187668,Somewhat-Bullish,"[{""ticker"": ""CRYPTO:BTC"", ""relevance_score"": ""0.373378"", ""ticker_sentiment_score"": ""0.278653"", ""ticker_sentiment_label"": ""Somewhat-Bullish""}]"
2025-05-03,"RICHMOND, Surrey, May 03, 2025 ( GLOBE NEWSWIRE ) -- PAIRMiner a Cutting-Edge Platform Providing Mining Hashrate Services. As global demand for stable crypto yield products continues to rise, Coinbase has announced the launch of its Coinbase Bitcoin Yield Fund, offering non-U.S. institutional ...",Benzinga,https://www.benzinga.com/pressreleases/25/05/g45183980/in-2025-easily-earn-passive-income-by-choosing-pairminer-crypto-cloud-mining-with-daily-returns,0.269776,https://www.benzinga.com/pressreleases/25/05/g45183980/in-2025-easily-earn-passive-income-by-choosing-pairminer-crypto-cloud-mining-with-daily-returns,"In 2025, Easily Earn Passive Income By Choosing PairMiner Crypto Cloud Mining With Daily Returns",Globe Newswire,https://www.benzinga.com/next-assets/images/schema-image-default.png,www.benzinga.com,"Financial Markets,Earnings,Finance,Blockchain",0.459893,Bullish,"[{""ticker"": ""COIN"", ""relevance_score"": ""0.181819"", ""ticker_sentiment_score"": ""0.296772"", ""ticker_sentiment_label"": ""Somewhat-Bullish""}, {""ticker"": ""CRYPTO:BTC"", ""relevance_score"": ""0.269776"", ""ticker_sentiment_score"": ""0.393312"", ""ticker_sentiment_label"": ""Bullish""}]"
2025-05-03,"Warren Buffett, the CEO of publicly traded investment company Berkshire Hathaway, announced at the company's annual shareholder meeting that he will step down by the end of 2025, and his chosen successor will take over as CEO, pending approval from Berkshire's board of directors.According to ...",Cointelegraph,https://cointelegraph.com/news/warren-buffett-step-down-berkshire-ceo-year-end,0.82082,https://cointelegraph.com/news/warren-buffett-step-down-berkshire-ceo-year-end,Warren Buffett to step down as Berkshire Hathaway CEO by year's end,Vince Quill,https://s3.cointelegraph.com/uploads/2025-05/019697fd-2f78-7790-b5c1-72783e9b1ff9,cointelegraph.com,"Finance,Blockchain,Financial Markets",-0.06749,Neutral,"[{""ticker"": ""BRK-A"", ""relevance_score"": ""0.449503"", ""ticker_sentiment_score"": ""0.217869"", ""ticker_sentiment_label"": ""Somewhat-Bullish""}, {""ticker"": ""CRYPTO:BTC"", ""relevance_score"": ""0.82082"", ""ticker_sentiment_score"": ""-0.162729"", ""ticker_sentiment_label"": ""Somewhat-Bearish""}]"
2025-05-03,"Bitcoin ( BTC ) mining firms should hold their mined Bitcoin and use it as collateral for fiat-denominated loans to pay operating expenses instead of selling BTC and losing the upside of an asset that miners expect to surge in price, according to John Glover, chief investment officer at Bitcoin ...",Cointelegraph,https://cointelegraph.com/news/bitcoin-miners-pay-costs-depreciating-currency-ledn,0.917988,https://cointelegraph.com/news/bitcoin-miners-pay-costs-depreciating-currency-ledn,Bitcoin miners should pay costs in depreciating currency - Ledn exec,Vince Quill,https://s3.cointelegraph.com/uploads/2025-05/0196979c-d530-7ac3-9057-0d1dd1278f1f,cointelegraph.com,Financial Markets,-0.068398,Neutral,"[{""ticker"": ""ASCCF"", ""relevance_score"": ""0.115232"", ""ticker_sentiment_score"": ""-0.059809"", ""ticker_sentiment_label"": ""Neutral""}, {""ticker"": ""CRYPTO:BTC"", ""relevance_score"": ""0.917988"", ""ticker_sentiment_score"": ""0.110889"", ""ticker_sentiment_label"": ""Neutral""}]"
2025-05-03,"Ethereum's Ether ( ETH ) token is approaching a critical price zone against Bitcoin ( BTC ) , which historically marked the beginning of a massive rebound.ETH price fractal from 2019 hints at bottom The ETH/BTC pair, currently trading near 0.019 BTC, is edging closer to 0.016 BTC - the exact ...",Cointelegraph,https://cointelegraph.com/news/ethereum-nears-key-bitcoin-price-level-last-time-450-gains,0.853391,https://cointelegraph.com/news/ethereum-nears-key-bitcoin-price-level-last-time-450-gains,Ethereum nears key Bitcoin price level that last time sparked 450% gains,Yashu Gola,https://s3.cointelegraph.com/uploads/2025-05/019696d3-1f94-7cf3-bab8-57c3c894f816,cointelegraph.com,,-0.058693,Neutral,"[{""ticker"": ""CRYPTO:BTC"", ""relevance_score"": ""0.853391"", ""ticker_sentiment_score"": ""-0.201646"", ""ticker_sentiment_label"": ""Somewhat-Bearish""}, {""ticker"": ""CRYPTO:ETH"", ""relevance_score"": ""0.909649"", ""ticker_sentiment_score"": ""-0.140578"", ""ticker_sentiment_label"": ""Neutral""}]"
2025-05-03,"Tokenized gold carries several benefits over other forms of paper gold, including gold exchange-traded funds ( ETFs ) , according to Melissa Song and Dustin Becker, representatives of Gold DAO, a decentralized autonomous organization that facilitates investor access to tokenized gold.In an ...",Cointelegraph,https://cointelegraph.com/news/tokenized-gold-beats-paper-alternatives-gold-dao,0.393462,https://cointelegraph.com/news/tokenized-gold-beats-paper-alternatives-gold-dao,Why tokenized gold beats other paper alternatives - Gold DAO,Vince Quill,https://s3.cointelegraph.com/uploads/2025-05/0196971f-baa1-740b-8db5-407bd64ef0d1,cointelegraph.com,"Economy - Monetary,Blockchain,Financial Markets",0.157913,Somewhat-Bullish,"[{""ticker"": ""FOREX:USD"", ""relevance_score"": ""0.203215"", ""ticker_sentiment_score"": ""0.121512"", ""ticker_sentiment_label"": ""Neutral""}, {""ticker"": ""CRYPTO:BTC"", ""relevance_score"": ""0.393462"", ""ticker_sentiment_score"": ""-0.193818"", ""ticker_sentiment_label"": ""Somewhat-Bearish""}]"
2025-05-03,"""The O.C."" star Ben McKenzie's directorial debut aims to expose the crypto world, with the documentary debuting at SXSW London in June.",Decrypt.co,https://decrypt.co/317713/actor-ben-mckenzie-crypto-documentary,0.141726,https://decrypt.co/317713/actor-ben-mckenzie-crypto-documentary,Actor Ben McKenzie Reveals Crypto Documentary 'Everyone Is Lying to You for Money',Jason Nelson,https://cdn.decrypt.co/resize/1024/height/512/wp-content/uploads/2025/05/ben-mckenzie-gID_7.png,decrypt.co,Blockchain,-0.225456,Somewhat-Bearish,"[{""ticker"": ""CRYPTO:BTC"", ""relevance_score"": ""0.141726"", ""ticker_sentiment_score"": ""0.100614"", ""ticker_sentiment_label"": ""Neutral""}]"
2025-05-03,"SINGAPORE, May 03, 2025 ( GLOBE NEWSWIRE ) -- With the price of Bitcoin surpassing the $95,000 mark, many analysts believe that Bitcoin will enter a long-term high volatility market. Holding spot positions may not be consistently profitable in the short term.",Benzinga,https://www.benzinga.com/pressreleases/25/05/g45184086/no-kyc-double-deposit-bonus-50-welcome-bonus-and-100x-leverage-crypto-trading-on-bexback,0.639128,https://www.benzinga.com/pressreleases/25/05/g45184086/no-kyc-double-deposit-bonus-50-welcome-bonus-and-100x-leverage-crypto-trading-on-bexback,"No KYC, Double Deposit Bonus, $50 Welcome Bonus, and 100x Leverage Crypto Trading on BexBack",Globe Newswire,https://www.benzinga.com/next-assets/images/schema-image-default.png,www.benzinga.com,"Blockchain,Financial Markets",0.417824,Bullish,"[{""ticker"": ""CRYPTO:BTC"", ""relevance_score"": ""0.639128"", ""ticker_sentiment_score"": ""0.583701"", ""ticker_sentiment_label"": ""Bullish""}, {""ticker"": ""CRYPTO:USDT"", ""relevance_score"": ""0.060694"", ""ticker_sentiment_score"": ""0.274246"", ""ticker_sentiment_label"": ""Somewhat-Bullish""}]"
2025-05-03,"Opinion by: Fakhul Miah, managing director of GoMining InstitutionalThe Bitcoin ( BTC ) mining industry has never been more attractive to institutional investors. Fintech giants are investing in Bitcoin mining rather than just accumulating the asset, all thanks to the favorable regulatory ...",Cointelegraph,https://cointelegraph.com/news/bitcoin-mining-institutions-boost-investments,0.828712,https://cointelegraph.com/news/bitcoin-mining-institutions-boost-investments,Bitcoin mining - Institutions boost investments amid favorable US climate,Fakhul Miah,"https://images.cointelegraph.com/cdn-cgi/image/format=auto,onerror=redirect,quality=90,width=1200/https://s3.cointelegraph.com/uploads/2025-01/01948824-d412-7f19-89db-fc25f0880ce7",cointelegraph.com,"Life Sciences,Technology,Finance,Blockchain,IPO,Financial Markets,Manufacturing,Earnings",0.293316,Somewhat-Bullish,"[{""ticker"": ""MCQEF"", ""relevance_score"": ""0.038969"", ""ticker_sentiment_score"": ""0.182516"", ""ticker_sentiment_label"": ""Somewhat-Bullish""}, {""ticker"": ""CRWV"", ""relevance_score"": ""0.077845"", ""ticker_sentiment_score"": ""0.142527"", ""ticker_sentiment_label"": ""Neutral""}, {""ticker"": ""NVDA"", ""relevance_score"": ""0.038969"", ""ticker_sentiment_score"": ""0.178542"", ""ticker_sentiment_label"": ""Somewhat-Bullish""}, {""ticker"": ""RIOT"", ""relevance_score"": ""0.038969"", ""ticker_sentiment_score"": ""0.098711"", ""ticker_sentiment_label"": ""Neutral""}, {""ticker"": ""BITF"", ""relevance_score"": ""0.038969"", ""ticker_sentiment_score"": ""0.182516"", ""ticker_sentiment_label"": ""Somewhat-Bullish""}, {""ticker"": ""COIN"", ""relevance_score"": ""0.038969"", ""ticker_sentiment_score"": ""0.098711"", ""ticker_sentiment_label"": ""Neutral""}, {""ticker"": ""CRYPTO:BTC"", ""relevance_score"": ""0.828712"", ""ticker_sentiment_score"": ""0.413912"", ""ticker_sentiment_label"": ""Bullish""}]"
2025-05-03,This company copies Strategy without the unnecessary burden of an actual business.,Motley Fool,https://www.fool.com/investing/2025/05/03/investors-are-piling-into-this-hot-new-spac-stock/,0.908999,https://www.fool.com/investing/2025/05/03/investors-are-piling-into-this-hot-new-spac-stock/,Investors Are Piling Into This Hot New SPAC Stock Taking on MicroStrategy. Should You Follow Their Lead?,Adam Levy,https://g.foolcdn.com/image/?url=https%3A%2F%2Fg.foolcdn.com%2Feditorial%2Fimages%2F816542%2Fgettyimages-bitcoin-symbol-on-coins-in-front-of-chart.jpeg&op=resize&w=700,www.fool.com,"IPO,Financial Markets,Technology,Blockchain",0.333024,Somewhat-Bullish,"[{""ticker"": ""MSTR"", ""relevance_score"": ""0.221819"", ""ticker_sentiment_score"": ""0.17219"", ""ticker_sentiment_label"": ""Somewhat-Bullish""}, {""ticker"": ""CEP"", ""relevance_score"": ""0.056143"", ""ticker_sentiment_score"": ""0.192968"", ""ticker_sentiment_label"": ""Somewhat-Bullish""}, {""ticker"": ""SFTBF"", ""relevance_score"": ""0.112008"", ""ticker_sentiment_score"": ""0.075769"", ""ticker_sentiment_label"": ""Neutral""}, {""ticker"": ""CRYPTO:BTC"", ""relevance_score"": ""0.908999"", ""ticker_sentiment_score"": ""0.487516"", ""ticker_sentiment_label"": ""Bullish""}]"
2025-05-03,Rhode Island-based Ivy League institution Brown University is now holding exposure to Bitcoin via BlackRock's ETF.,Decrypt.co,https://decrypt.co/317714/brown-university-bitcoin-blackrock-etf,0.778186,https://decrypt.co/317714/brown-university-bitcoin-blackrock-etf,Brown University Bets on Bitcoin With Millions Worth of BlackRock ETF Shares,Logan Hitchcock,https://cdn.decrypt.co/resize/1024/height/512/wp-content/uploads/2025/05/brown-university-gID_7.png,decrypt.co,"Finance,Blockchain,Financial Markets",0.281918,Somewhat-Bullish,"[{""ticker"": ""COIN"", ""relevance_score"": ""0.107978"", ""ticker_sentiment_score"": ""0.250612"", ""ticker_sentiment_label"": ""Somewhat-Bullish""}, {""ticker"": ""CRYPTO:BTC"", ""relevance_score"": ""0.778186"", ""ticker_sentiment_score"": ""0.42539"", ""ticker_sentiment_label"": ""Bullish""}]"
2025-05-03,"BitMEX co-founder Arthur Hayes says the United States is unlikely to add more Bitcoin to its reserves beyond what it has already seized due to the country's high debt levels and the stereotype behind ""Bitcoin bros.""""I'm not really into the whole Strategic Reserve situation,"" Hayes said in a May ...",Cointelegraph,https://cointelegraph.com/news/arthur-hayes-bitmex-us-strategic-reseve-plans-doubts-bitcoin-bros,0.943546,https://cointelegraph.com/news/arthur-hayes-bitmex-us-strategic-reseve-plans-doubts-bitcoin-bros,Bitcoin bros at 'the club' may stop US gov't from buying BTC - Arthur Hayes,Ciaran Lyons,https://s3.cointelegraph.com/uploads/2025-05/01969421-6abc-7eb6-ac71-20d4c2186bca,cointelegraph.com,Blockchain,0.055084,Neutral,"[{""ticker"": ""CRYPTO:BTC"", ""relevance_score"": ""0.943546"", ""ticker_sentiment_score"": ""0.144536"", ""ticker_sentiment_label"": ""Neutral""}]"
2025-05-03,"If Bitcoin at $100,000 seems improbable, what about Bitcoin at $10 million?",Motley Fool,https://www.fool.com/investing/2025/05/03/is-bitcoins-rebound-just-the-beginning/,0.962235,https://www.fool.com/investing/2025/05/03/is-bitcoins-rebound-just-the-beginning/,Is Bitcoin's Rebound Just the Beginning?,Dominic Basulto,https://g.foolcdn.com/image/?url=https%3A%2F%2Fg.foolcdn.com%2Feditorial%2Fimages%2F816602%2Fgolden-bitcoin-coin-representing-the-electronic-currency.jpg&op=resize&w=700,www.fool.com,"Technology,Financial Markets",0.162386,Somewhat-Bullish,"[{""ticker"": ""MSTR"", ""relevance_score"": ""0.097259"", ""ticker_sentiment_score"": ""-0.005323"", ""ticker_sentiment_label"": ""Neutral""}, {""ticker"": ""CRYPTO:BTC"", ""relevance_score"": ""0.962235"", ""ticker_sentiment_score"": ""0.292669"", ""ticker_sentiment_label"": ""Somewhat-Bullish""}]"
2025-05-03,"Bitcoin's ( CRYPTO: BTC ) price is up almost 40% in the past six months, and it might be going even higher soon. This trend is not simply random fluctuation in the asset's price.There are at least three things that are driving the coin's surge.",Motley Fool,https://www.fool.com/investing/2025/05/03/3-reasons-bitcoin-is-surging/,0.521151,https://www.fool.com/investing/2025/05/03/3-reasons-bitcoin-is-surging/,3 Reasons Bitcoin Is Surging,Alex Carchidi,https://g.foolcdn.com/editorial/images/816360/investors-smile-while-gesturing-at-computer.jpg,www.fool.com,"Blockchain,Financial Markets,Manufacturing",0.179402,Somewhat-Bullish,"[{""ticker"": ""TSLA"", ""relevance_score"": ""0.05133"", ""ticker_sentiment_score"": ""0.101931"", ""ticker_sentiment_label"": ""Neutral""}, {""ticker"": ""CRYPTO:BTC"", ""relevance_score"": ""0.521151"", ""ticker_sentiment_score"": ""0.27136"", ""ticker_sentiment_label"": ""Somewhat-Bullish""}]"
2025-05-03,"Deribit, the world's largest crypto options exchange, is weighing an entry into the US market, encouraged by what it sees as a friendlier regulatory climate under President Donald Trump's administration, according to a recent Financial Times report.The Dubai-based exchange, which processed $1.3 ...",Cointelegraph,https://cointelegraph.com/news/deribit-us-expansion-trump-crypto-regulation,0.097062,https://cointelegraph.com/news/deribit-us-expansion-trump-crypto-regulation,Deribit eyes US expansion under crypto-friendly Trump admin: FT,Amin Haqshanas,https://s3.cointelegraph.com/uploads/2025-05/019695b2-7bc6-78b2-94a3-fedb0a90a42f,cointelegraph.com,"Finance,Blockchain",0.212281,Somewhat-Bullish,"[{""ticker"": ""COIN"", ""relevance_score"": ""0.192694"", ""ticker_sentiment_score"": ""0.117198"", ""ticker_sentiment_label"": ""Neutral""}, {""ticker"": ""CRYPTO:BTC"", ""relevance_score"": ""0.097062"", ""ticker_sentiment_score"": ""0.225738"", ""ticker_sentiment_label"": ""Somewhat-Bullish""}]"
2025-05-03,"It's been just over a year since Bitcoin's ( CRYPTO: BTC ) last halving, which happened on April 20, 2024. The next halving isn't estimated to occur until mid-April 2028.But I'm already looking forward to it for at least three reasons, and I'm already preparing for it.",Motley Fool,https://www.fool.com/investing/2025/05/03/3-reasons-im-still-looking-forward-to-bitcoins-nex/,0.502693,https://www.fool.com/investing/2025/05/03/3-reasons-im-still-looking-forward-to-bitcoins-nex/,3 Reasons I'm Still Looking Forward to Bitcoin's Next Halving,Alex Carchidi,https://media.ycharts.com/charts/4adfbe1cf859650e6c01726e26a82af3.png,www.fool.com,"Blockchain,Financial Markets",0.196264,Somewhat-Bullish,"[{""ticker"": ""CRYPTO:BTC"", ""relevance_score"": ""0.502693"", ""ticker_sentiment_score"": ""0.222901"", ""ticker_sentiment_label"": ""Somewhat-Bullish""}]"
2025-05-03,"Arizona Governor Katie Hobbs has vetoed a bill that would have allowed the state to hold Bitcoin as part of its official reserves, effectively ending efforts to make Arizona the first US state to adopt such a policy.The Digital Assets Strategic Reserve bill, which would have permitted Arizona to ...",Cointelegraph,https://cointelegraph.com/news/arizona-bitcoin-reserve-bill-vetoed-by-governor,0.709611,https://cointelegraph.com/news/arizona-bitcoin-reserve-bill-vetoed-by-governor,Arizona governor vetoes bill to make Bitcoin part of state reserves,Amin Haqshanas,https://s3.cointelegraph.com/uploads/2025-05/0196956b-84af-71fb-acb4-d408845c18e8,cointelegraph.com,"Blockchain,Financial Markets",0.118307,Neutral,"[{""ticker"": ""CRYPTO:BTC"", ""relevance_score"": ""0.709611"", ""ticker_sentiment_score"": ""0.31346"", ""ticker_sentiment_label"": ""Somewhat-Bullish""}]"
2025-05-03,"It's been a wild ride for the market this year, especially in April, largely due to the volatility caused by President Donald Trump's tariffs. No asset has been spared, including the world's largest cryptocurrency Bitcoin ( CRYPTO: BTC ) , which bounced as low as $75,000 in early April but has ...",Motley Fool,https://www.fool.com/investing/2025/05/03/1-top-cryptocurrency-to-buy-before-it-soars-13616/,0.816498,https://www.fool.com/investing/2025/05/03/1-top-cryptocurrency-to-buy-before-it-soars-13616/,"1 Top Cryptocurrency to Buy Before It Soars 13,616%, According to MicroStrategy Co-Founder Michael Saylor",Bram Berkowitz,https://media.ycharts.com/charts/4177d79f6471848de0a0e655abbb49ce.png,www.fool.com,"Economy - Monetary,Technology,Blockchain",0.204284,Somewhat-Bullish,"[{""ticker"": ""MSTR"", ""relevance_score"": ""0.232439"", ""ticker_sentiment_score"": ""0.17196"", ""ticker_sentiment_label"": ""Somewhat-Bullish""}, {""ticker"": ""FOREX:USD"", ""relevance_score"": ""0.117486"", ""ticker_sentiment_score"": ""-0.031038"", ""ticker_sentiment_label"": ""Neutral""}, {""ticker"": ""CRYPTO:BTC"", ""relevance_score"": ""0.816498"", ""ticker_sentiment_score"": ""0.288402"", ""ticker_sentiment_label"": ""Somewhat-Bullish""}]"
2025-05-03,"Ethereum co-founder Vitalik Buterin called for simplifying Ethereum's base protocol, aiming to make the network more efficient, secure and accessible, drawing inspiration from Bitcoin's minimalist design.In a blog post titled ""Simplifying the L1,"" published on May 3, Buterin laid out a vision to ...",Cointelegraph,https://cointelegraph.com/news/vitalikbuterin-ethereum-simplification-bitcoin-inspired-redesign,0.134214,https://cointelegraph.com/news/vitalikbuterin-ethereum-simplification-bitcoin-inspired-redesign,Vitalik wants to make Ethereum 'as simple as Bitcoin' in 5 years,Amin Haqshanas,https://s3.cointelegraph.com/uploads/2025-05/01969528-08c1-7142-8153-81cc909312ce,cointelegraph.com,Blockchain,0.232783,Somewhat-Bullish,"[{""ticker"": ""CRYPTO:BTC"", ""relevance_score"": ""0.134214"", ""ticker_sentiment_score"": ""-0.008597"", ""ticker_sentiment_label"": ""Neutral""}, {""ticker"": ""CRYPTO:ETH"", ""relevance_score"": ""0.553082"", ""ticker_sentiment_score"": ""0.278654"", ""ticker_sentiment_label"": ""Somewhat-Bullish""}]"
2025-05-03,"The cryptocurrency market is currently worth about $3 trillion. Th market produced a total return of 72% ( about 20% annually ) during the past three years. Morningstar analysts expect the market to reach $7.8 trillion by the end of 2034, a sensible estimate that implies a total return of 160% in ...",Motley Fool,https://www.fool.com/investing/2025/05/03/xrp-ripple-will-be-worth-this-much-in-10-years/,0.130217,https://www.fool.com/investing/2025/05/03/xrp-ripple-will-be-worth-this-much-in-10-years/,Prediction: XRP  ( Ripple )  Will Be Worth This Much in 10 Years,Trevor Jennewine,https://g.foolcdn.com/image/?url=https%3A%2F%2Fg.foolcdn.com%2Feditorial%2Fimages%2F816811%2Fripple.jpg&op=resize&w=700,www.fool.com,"Finance,Blockchain,Financial Markets",0.175119,Somewhat-Bullish,"[{""ticker"": ""COIN"", ""relevance_score"": ""0.065327"", ""ticker_sentiment_score"": ""0.040188"", ""ticker_sentiment_label"": ""Neutral""}, {""ticker"": ""MORN"", ""relevance_score"": ""0.065327"", ""ticker_sentiment_score"": ""0.102137"", ""ticker_sentiment_label"": ""Neutral""}, {""ticker"": ""CRYPTO:BTC"", ""relevance_score"": ""0.130217"", ""ticker_sentiment_score"": ""0.265551"", ""ticker_sentiment_label"": ""Somewhat-Bullish""}]"
2025-05-03,"EDMONTON, Alberta, May 03, 2025 ( GLOBE NEWSWIRE ) -- After using several online casinos in our quest for the ultimate gaming platform, we ended up at 7Bit Casino, and its bonuses and rewards were mindblowing. The welcome package, offering up to C$10,800 and 250 free spins, set an incredibly high ...",Benzinga,https://www.benzinga.com/pressreleases/25/05/g45183191/best-online-casinos-canada-expert-picks-7bit-as-the-top-casino-for-canadian-players,0.127832,https://www.benzinga.com/pressreleases/25/05/g45183191/best-online-casinos-canada-expert-picks-7bit-as-the-top-casino-for-canadian-players,Best Online Casinos Canada: Expert Picks 7Bit as the Top Casino for Canadian Players,Globe Newswire,https://www.benzinga.com/next-assets/images/schema-image-default.png,www.benzinga.com,Blockchain,0.471699,Bullish,"[{""ticker"": ""MA"", ""relevance_score"": ""0.014264"", ""ticker_sentiment_score"": ""0.147692"", ""ticker_sentiment_label"": ""Neutral""}, {""ticker"": ""FOREX:AUD"", ""relevance_score"": ""0.028524"", ""ticker_sentiment_score"": ""0.0"", ""ticker_sentiment_label"": ""Neutral""}, {""ticker"": ""FOREX:NZD"", ""relevance_score"": ""0.028524"", ""ticker_sentiment_score"": ""0.0"", ""ticker_sentiment_label"": ""Neutral""}, {""ticker"": ""FOREX:NOK"", ""relevance_score"": ""0.028524"", ""ticker_sentiment_score"": ""0.0"", ""ticker_sentiment_label"": ""Neutral""}, {""ticker"": ""FOREX:PLN"", ""relevance_score"": ""0.028524"", ""ticker_sentiment_score"": ""0.0"", ""ticker_sentiment_label"": ""Neutral""}, {""ticker"": ""FOREX:CAD"", ""relevance_score"": ""0.099594"", ""ticker_sentiment_score"": ""0.326297"", ""ticker_sentiment_label"": ""Somewhat-Bullish""}, {""ticker"": ""FOREX:USD"", ""relevance_score"": ""0.028524"", ""ticker_sentiment_score"": ""0.0"", ""ticker_sentiment_label"": ""Neutral""}, {""ticker"": ""CRYPTO:BTC"", ""relevance_score"": ""0.127832"", ""ticker_sentiment_score"": ""0.144597"", ""ticker_sentiment_label"": ""Neutral""}, {""ticker"": ""CRYPTO:ETH"", ""relevance_score"": ""0.07123"", ""ticker_sentiment_score"": ""0.104752"", ""ticker_sentiment_label"": ""Neutral""}, {""ticker"": ""CRYPTO:DOGE"", ""relevance_score"": ""0.028524"", ""ticker_sentiment_score"": ""0.0"", ""ticker_sentiment_label"": ""Neutral""}, {""ticker"": ""CRYPTO:LTC"", ""relevance_score"": ""0.028524"", ""ticker_sentiment_score"": ""0.0"", ""ticker_sentiment_label"": ""Neutral""}, {""ticker"": ""CRYPTO:BCH"", ""relevance_score"": ""0.028524"", ""ticker_sentiment_score"": ""0.0"", ""ticker_sentiment_label"": ""Neutral""}]"
2025-05-03,"Onchain social network Zora has built a reputation as a popular tool for artists, musicians and other creatives to monetize their content onchain, but the recent launch of its eponymous ZORA token has left many users confused and dissatisfied.The token's price tanked shortly after launch, with ...",Cointelegraph,https://cointelegraph.com/news/zora-airdrop-whats-next-web3-creator-economy,0.031822,https://cointelegraph.com/news/zora-airdrop-whats-next-web3-creator-economy,"After Zora airdrop goes awry, what's next for Web3 creator economy?",Jonathan DeYoung,https://s3.cointelegraph.com/uploads/2025-05/01969518-43e7-7ad7-9a3e-8607aa08deac,cointelegraph.com,"Blockchain,Financial Markets",0.126653,Neutral,"[{""ticker"": ""CRYPTO:BTC"", ""relevance_score"": ""0.031822"", ""ticker_sentiment_score"": ""0.016991"", ""ticker_sentiment_label"": ""Neutral""}]"
2025-05-04,"Opinion by: Markus Bopp, CEO of TAP ProtocolNot long ago, the idea of Bitcoin as a government-backed reserve asset seemed like a stretch. The US Federal Reserve's move to establish a Strategic Bitcoin Reserve marks a clear turning point.",Cointelegraph,https://cointelegraph.com/news/is-this-the-end-of-bitcoin-de-fi,0.859085,https://cointelegraph.com/news/is-this-the-end-of-bitcoin-de-fi,Is this the end of Bitcoin DeFi?,Markus Bopp,"https://images.cointelegraph.com/cdn-cgi/image/format=auto,onerror=redirect,quality=90,width=1200/https://s3.cointelegraph.com/uploads/2024-11/0193195b-0d49-70b8-8383-bc795b6543f5",cointelegraph.com,"Economy - Monetary,Blockchain,Financial Markets",0.277962,Somewhat-Bullish,"[{""ticker"": ""TRMND"", ""relevance_score"": ""0.048919"", ""ticker_sentiment_score"": ""0.245133"", ""ticker_sentiment_label"": ""Somewhat-Bullish""}, {""ticker"": ""CRYPTO:BTC"", ""relevance_score"": ""0.859085"", ""ticker_sentiment_score"": ""0.481035"", ""ticker_sentiment_label"": ""Bullish""}]"
2025-05-04,"Arthur Hayes predicts a $1 million Bitcoin price by 2028, fueled by US monetary policy shifts. Hayes' bold forecast aligns with Bitcoin's rising global acceptance and the narrative of financial hedging.",Benzinga,https://www.benzinga.com/markets/cryptocurrency/25/05/45186028/arthur-hayes-foresees-bitcoins-leap-to-1-million-says-bitcoin-does-best-when-money-is-prin,0.716023,https://www.benzinga.com/markets/cryptocurrency/25/05/45186028/arthur-hayes-foresees-bitcoins-leap-to-1-million-says-bitcoin-does-best-when-money-is-prin,"Arthur Hayes Foresees Bitcoin's Leap To $1 Million, Says Bitcoin Does Best When Money Is Printed",Bibhu Pattnaik,https://cdn.benzinga.com/files/images/story/2025/05/04/Piles-Of-Golden-Bitcoin-Coin--Popular-Di_1.jpeg?width=1200&height=800&fit=crop,www.benzinga.com,"Economy - Monetary,Economy - Fiscal,Financial Markets,Blockchain",0.240436,Somewhat-Bullish,"[{""ticker"": ""CRYPTO:BTC"", ""relevance_score"": ""0.716023"", ""ticker_sentiment_score"": ""0.372041"", ""ticker_sentiment_label"": ""Bullish""}]"
2025-05-04,"Strategy co-founder Michael Saylor hinted at an impending Bitcoin ( BTC ) purchase, marking the fourth consecutive week of purchases by the BTC treasury company.The company's most recent acquisition occurred on April 28 when Strategy purchased 15,355 BTC, valued at over $1.4 billion at the time, ...",Cointelegraph,https://cointelegraph.com/news/michael-saylor-signals-bitcoin-purchase-following-earnings-call,0.994602,https://cointelegraph.com/news/michael-saylor-signals-bitcoin-purchase-following-earnings-call,Saylor signals impending Bitcoin purchase following Q1 earnings call,Vince Quill,https://s3.cointelegraph.com/uploads/2025-05/01969c28-c200-73c4-862f-33cc344d6cc0,cointelegraph.com,"Earnings,Financial Markets",0.163938,Somewhat-Bullish,"[{""ticker"": ""CRYPTO:BTC"", ""relevance_score"": ""0.994602"", ""ticker_sentiment_score"": ""0.357146"", ""ticker_sentiment_label"": ""Bullish""}]"
2025-05-04,Key takeawaysBitcoin and crypto traders can rely on automated orders on their trading platform to limit losses and secure gains.Stop-loss orders in Bitcoin trading started as manual risk management in the early 2010s.,Cointelegraph,https://cointelegraph.com/news/how-to-set-up-stop-loss-and-take-profit-orders,0.666527,https://cointelegraph.com/news/how-to-set-up-stop-loss-and-take-profit-orders,How to set up stop-loss and take-profit orders,Emi Lacapra,https://s3.cointelegraph.com/uploads/2025-05/01969be0-a34e-7e91-8292-54603051a6c8,cointelegraph.com,"Economy - Monetary,Financial Markets,Finance,Blockchain",-0.064042,Neutral,"[{""ticker"": ""COIN"", ""relevance_score"": ""0.014839"", ""ticker_sentiment_score"": ""0.098233"", ""ticker_sentiment_label"": ""Neutral""}, {""ticker"": ""CRYPTO:BTC"", ""relevance_score"": ""0.666527"", ""ticker_sentiment_score"": ""-0.117538"", ""ticker_sentiment_label"": ""Neutral""}]"
2025-05-04,"The Trezor Safe 5 is a safe and simple-to-use crypto wallet that's ideal for beginners, but secure and supported enough for seasoned traders.",Decrypt.co,https://decrypt.co/317598/trezor-safe-5-review-hardware-crypto-wallet,0.026299,https://decrypt.co/317598/trezor-safe-5-review-hardware-crypto-wallet,Trezor Safe 5 Review: A Flagship Hardware Crypto Wallet With Haptic Touchscreen Smarts,Luke Edwards,https://img.decrypt.co/insecure/rs:fit:3840:0:0:0/plain/https://cdn.decrypt.co/wp-content/uploads/2025/05/trezor-safe-5-review-main.jpg@webp,decrypt.co,"Blockchain,Financial Markets",0.356286,Bullish,"[{""ticker"": ""CRYPTO:BTC"", ""relevance_score"": ""0.026299"", ""ticker_sentiment_score"": ""0.272939"", ""ticker_sentiment_label"": ""Somewhat-Bullish""}, {""ticker"": ""CRYPTO:ETH"", ""relevance_score"": ""0.05257"", ""ticker_sentiment_score"": ""0.28985"", ""ticker_sentiment_label"": ""Somewhat-Bullish""}, {""ticker"": ""CRYPTO:DOGE"", ""relevance_score"": ""0.026299"", ""ticker_sentiment_score"": ""0.272939"", ""ticker_sentiment_label"": ""Somewhat-Bullish""}, {""ticker"": ""CRYPTO:ADA"", ""relevance_score"": ""0.026299"", ""ticker_sentiment_score"": ""0.272939"", ""ticker_sentiment_label"": ""Somewhat-Bullish""}]"
2025-05-04,"Key points:Bitcoin attacks liquidity clustered close to spot price into the weekly close.Market commentators eye significant BTC price levels below $95,000. The Fed's upcoming interest rate decision is the key macro event to watch next week.Bitcoin ( BTC ) fell toward $95,000 into the May 4 ...",Cointelegraph,https://cointelegraph.com/news/bitcoin-95k-retest-traders-brace-for-fed-rate-cut-volatility,0.703874,https://cointelegraph.com/news/bitcoin-95k-retest-traders-brace-for-fed-rate-cut-volatility,Bitcoin eyes $95K retest as traders brace for Fed rate cut volatility,William Suberg,https://s3.cointelegraph.com/uploads/2025-05/01969b61-4d33-71a2-bb48-12fda5ea0a1f,cointelegraph.com,"Economy - Monetary,Blockchain",-0.028968,Neutral,"[{""ticker"": ""CRYPTO:BTC"", ""relevance_score"": ""0.703874"", ""ticker_sentiment_score"": ""0.182303"", ""ticker_sentiment_label"": ""Somewhat-Bullish""}]"
2025-05-04,"Bitcoiners and United States government officials have criticized Arizona Governor Katie Hobbs's decision to veto a bill that would have allowed the state to hold Bitcoin as part of its official reserves.""This will age poorly,"" Casa co-founder and cypherpunk Jameson Lopp said in a May 3 X post.",Cointelegraph,https://cointelegraph.com/news/arizona-governor-katie-hobbs-veto-bitcoin-bill-bitcoiners-react,0.939207,https://cointelegraph.com/news/arizona-governor-katie-hobbs-veto-bitcoin-bill-bitcoiners-react,Bitcoiners blast Arizona governor's 'ignorance' after Bitcoin bill veto,Ciaran Lyons,https://s3.cointelegraph.com/uploads/2025-05/019699de-9492-75c5-af0c-52e54c96472e,cointelegraph.com,"Blockchain,Financial Markets",-0.035424,Neutral,"[{""ticker"": ""CRYPTO:BTC"", ""relevance_score"": ""0.939207"", ""ticker_sentiment_score"": ""0.046557"", ""ticker_sentiment_label"": ""Neutral""}]"
2025-05-04,Stablecoin growth translates to increased mainstream crypto adoption.,Motley Fool,https://www.fool.com/investing/2025/05/04/heres-how-the-coinbase-paypal-stablecoin-deal-coul/,0.152499,https://www.fool.com/investing/2025/05/04/heres-how-the-coinbase-paypal-stablecoin-deal-coul/,Here's How the Coinbase-PayPal Stablecoin Deal Could Rock Crypto,Emma Newbery,https://g.foolcdn.com/editorial/images/816487/gettyimages-2168332924.jpg,www.fool.com,"Finance,Blockchain,Financial Markets",0.188854,Somewhat-Bullish,"[{""ticker"": ""PYPL"", ""relevance_score"": ""0.595343"", ""ticker_sentiment_score"": ""0.35912"", ""ticker_sentiment_label"": ""Bullish""}, {""ticker"": ""MA"", ""relevance_score"": ""0.051111"", ""ticker_sentiment_score"": ""0.219497"", ""ticker_sentiment_label"": ""Somewhat-Bullish""}, {""ticker"": ""COIN"", ""relevance_score"": ""0.391923"", ""ticker_sentiment_score"": ""0.290229"", ""ticker_sentiment_label"": ""Somewhat-Bullish""}, {""ticker"": ""V"", ""relevance_score"": ""0.051111"", ""ticker_sentiment_score"": ""0.219497"", ""ticker_sentiment_label"": ""Somewhat-Bullish""}, {""ticker"": ""FOREX:USD"", ""relevance_score"": ""0.25142"", ""ticker_sentiment_score"": ""0.046355"", ""ticker_sentiment_label"": ""Neutral""}, {""ticker"": ""CRYPTO:BTC"", ""relevance_score"": ""0.152499"", ""ticker_sentiment_score"": ""-0.097015"", ""ticker_sentiment_label"": ""Neutral""}, {""ticker"": ""CRYPTO:ETH"", ""relevance_score"": ""0.102013"", ""ticker_sentiment_score"": ""-0.080594"", ""ticker_sentiment_label"": ""Neutral""}, {""ticker"": ""CRYPTO:UST"", ""relevance_score"": ""0.051111"", ""ticker_sentiment_score"": ""0.13692"", ""ticker_sentiment_label"": ""Neutral""}]"
2025-05-04,"Binance has signed a memorandum of understanding ( MOU ) with Kyrgyzstan's National Agency for Investments to introduce crypto payment infrastructure and blockchain education in the country.The MoU was formalized during the inaugural meeting of the Council for the Development of Digital Assets, ...",Cointelegraph,https://cointelegraph.com/news/binance-launches-crypto-payments-kyrgyzstan-partnership,0.255641,https://cointelegraph.com/news/binance-launches-crypto-payments-kyrgyzstan-partnership,Binance to launch crypto payments in Kyrgyzstan with new partnership,Amin Haqshanas,https://s3.cointelegraph.com/uploads/2025-05/01969a92-7d24-7ef4-bf33-5ddc63fa8084,cointelegraph.com,"Economy - Monetary,Blockchain,Financial Markets",0.188144,Somewhat-Bullish,"[{""ticker"": ""FOREX:UZS"", ""relevance_score"": ""0.086556"", ""ticker_sentiment_score"": ""0.210751"", ""ticker_sentiment_label"": ""Somewhat-Bullish""}, {""ticker"": ""CRYPTO:BTC"", ""relevance_score"": ""0.255641"", ""ticker_sentiment_score"": ""0.061944"", ""ticker_sentiment_label"": ""Neutral""}]"
2025-05-04,"Most cryptocurrencies haven't escaped unscathed from the market's chaos and economic disruptions of 2025 so far. But, at least up until now, Bitcoin ( CRYPTO: BTC ) is holding together reasonably well.And that's just one of the ways that it is proving that it has staying power.",Motley Fool,https://www.fool.com/investing/2025/05/04/3-ways-bitcoin-has-proved-it-has-staying-power-in/,0.608634,https://www.fool.com/investing/2025/05/04/3-ways-bitcoin-has-proved-it-has-staying-power-in/,3 Ways Bitcoin Has Proved It Has Staying Power in 2025,Alex Carchidi,https://media.ycharts.com/charts/05bbb6213d6a20cf8b738946e8d807f4.png,www.fool.com,"Blockchain,Financial Markets,Manufacturing",0.07944,Neutral,"[{""ticker"": ""TSLA"", ""relevance_score"": ""0.113597"", ""ticker_sentiment_score"": ""0.136458"", ""ticker_sentiment_label"": ""Neutral""}, {""ticker"": ""CRYPTO:BTC"", ""relevance_score"": ""0.608634"", ""ticker_sentiment_score"": ""0.125101"", ""ticker_sentiment_label"": ""Neutral""}]"
2025-05-04,Bitcoin is back. But is it all the way back?,Motley Fool,https://www.fool.com/investing/2025/05/04/bitcoin-is-back-up-is-the-leading-cryptocurrencys/,0.96745,https://www.fool.com/investing/2025/05/04/bitcoin-is-back-up-is-the-leading-cryptocurrencys/,Bitcoin Is Back Up. Is the Leading Cryptocurrency's Slump Over?,Dominic Basulto,https://g.foolcdn.com/image/?url=https%3A%2F%2Fg.foolcdn.com%2Feditorial%2Fimages%2F816647%2Finvestor-in-suit-holding-smartphone.jpg&op=resize&w=700,www.fool.com,Financial Markets,0.063105,Neutral,"[{""ticker"": ""CRYPTO:BTC"", ""relevance_score"": ""0.96745"", ""ticker_sentiment_score"": ""0.121283"", ""ticker_sentiment_label"": ""Neutral""}]"
2025-05-04,"A group of US Senate Democrats known for supporting the crypto industry have said they would oppose a Republican-led stablecoin bill if it moves forward in its current form.The move threatens to stall legislation that could establish the first US regulatory framework for stablecoins, according ...",Cointelegraph,https://cointelegraph.com/news/democrats-pull-support-gop-stablecoin-bill,0.082393,https://cointelegraph.com/news/democrats-pull-support-gop-stablecoin-bill,Pro-crypto Democrats pull support for stablecoin bill in last minute,Amin Haqshanas,https://s3.cointelegraph.com/uploads/2025-05/01969a40-911c-756f-b0dd-9f3e5418527e,cointelegraph.com,"Economy - Monetary,Blockchain",0.133531,Neutral,"[{""ticker"": ""CRYPTO:BTC"", ""relevance_score"": ""0.082393"", ""ticker_sentiment_score"": ""0.484248"", ""ticker_sentiment_label"": ""Bullish""}]"
2025-05-04,"The weekend was a whirlwind of activity in the financial world, with a particular focus on cryptocurrencies. From Peter Schiff's surprising preference for Dogecoin over Bitcoin to Riot Platforms' Q1 results, there was no shortage of intriguing developments. Let's dive into the top stories.",Benzinga,https://www.benzinga.com/markets/cryptocurrency/25/05/45185243/world-libertys-stablecoin-in-2-billion-deal-sofi-reintroduces-crypto-and-riot-platforms-q1,0.555911,https://www.benzinga.com/markets/cryptocurrency/25/05/45185243/world-libertys-stablecoin-in-2-billion-deal-sofi-reintroduces-crypto-and-riot-platforms-q1,"World Liberty's Stablecoin In $2 Billion Deal, SoFi Reintroduces Crypto And Riot Platforms' Q1 Results: This Week In Crypto - Riot Platforms  ( NASDAQ:RIOT ) ",Benzinga Neuro,https://cdn.benzinga.com/files/images/story/2025/05/04/Dogecoin-Doge-Group-Included-With-Crypto.jpeg?width=1200&height=800&fit=crop,www.benzinga.com,"Life Sciences,Financial Markets,Earnings,Real Estate & Construction,Blockchain",0.273241,Somewhat-Bullish,"[{""ticker"": ""SOFI"", ""relevance_score"": ""0.240489"", ""ticker_sentiment_score"": ""0.068082"", ""ticker_sentiment_label"": ""Neutral""}, {""ticker"": ""RIOT"", ""relevance_score"": ""0.353898"", ""ticker_sentiment_score"": ""0.387234"", ""ticker_sentiment_label"": ""Bullish""}, {""ticker"": ""KIDZ"", ""relevance_score"": ""0.12165"", ""ticker_sentiment_score"": ""0.32065"", ""ticker_sentiment_label"": ""Somewhat-Bullish""}, {""ticker"": ""CRYPTO:BTC"", ""relevance_score"": ""0.555911"", ""ticker_sentiment_score"": ""0.299861"", ""ticker_sentiment_label"": ""Somewhat-Bullish""}, {""ticker"": ""CRYPTO:DOGE"", ""relevance_score"": ""0.240489"", ""ticker_sentiment_score"": ""0.123415"", ""ticker_sentiment_label"": ""Neutral""}]"
2025-05-05,"London, UK, May 05, 2025 ( GLOBE NEWSWIRE ) -- The cryptocurrency sector is advancing quickly, and free cloud mining is playing a key role in driving this transformation.",Benzinga,https://www.benzinga.com/pressreleases/25/05/g45201561/is-bitcoin-mining-still-profitable-in-2025-hartcoin-cloud-mining-platform-launches-a-bitcoin-minin,0.376624,https://www.benzinga.com/pressreleases/25/05/g45201561/is-bitcoin-mining-still-profitable-in-2025-hartcoin-cloud-mining-platform-launches-a-bitcoin-minin,"Is Bitcoin Mining Still Profitable In 2025? Hartcoin Cloud Mining Platform Launches A Bitcoin Mining Contract, Paying Daily Profits",Globe Newswire,https://www.benzinga.com/next-assets/images/schema-image-default.png,www.benzinga.com,"Earnings,Blockchain,Financial Markets",0.467923,Bullish,"[{""ticker"": ""CRYPTO:BTC"", ""relevance_score"": ""0.376624"", ""ticker_sentiment_score"": ""0.5489"", ""ticker_sentiment_label"": ""Bullish""}, {""ticker"": ""CRYPTO:ETH"", ""relevance_score"": ""0.071145"", ""ticker_sentiment_score"": ""0.210614"", ""ticker_sentiment_label"": ""Somewhat-Bullish""}, {""ticker"": ""CRYPTO:LTC"", ""relevance_score"": ""0.071145"", ""ticker_sentiment_score"": ""0.210614"", ""ticker_sentiment_label"": ""Somewhat-Bullish""}]"
2025-05-05,Stablecoin giant Tether's dive into AI promises Bitcoin-integrated apps and decentralized tech. Here's what we know so far.,Decrypt.co,https://decrypt.co/317890/tether-ai-open-source-bitcoin-usdt-payments,0.428632,https://decrypt.co/317890/tether-ai-open-source-bitcoin-usdt-payments,"Tether Jumps Into AI Race With Open-Source Platform, Planned Bitcoin and USDT Payments",Jose Antonio Lanz,https://cdn.decrypt.co/resize/1024/height/512/wp-content/uploads/2022/09/tether-logo-on-computer-circuitry-gID_7.jpg,decrypt.co,"Real Estate & Construction,Blockchain",0.130536,Neutral,"[{""ticker"": ""APG"", ""relevance_score"": ""0.056407"", ""ticker_sentiment_score"": ""-0.07291"", ""ticker_sentiment_label"": ""Neutral""}, {""ticker"": ""CRYPTO:BTC"", ""relevance_score"": ""0.428632"", ""ticker_sentiment_score"": ""0.042529"", ""ticker_sentiment_label"": ""Neutral""}, {""ticker"": ""CRYPTO:USDT"", ""relevance_score"": ""0.222838"", ""ticker_sentiment_score"": ""0.049091"", ""ticker_sentiment_label"": ""Neutral""}]"
2025-05-05,"Key takeaways: Bitcoin has historically outperformed gold, more recently by sixfold.Gold's climb toward $5,000 could set the stage for significant Bitcoin gains.Weakening US dollar and rising global liquidity remain key drivers for both assets.Gold's march toward $5,000 per ounce and beyond has ...",Cointelegraph,https://cointelegraph.com/news/what-will-bitcoin-price-be-if-gold-hits-5k,0.791876,https://cointelegraph.com/news/what-will-bitcoin-price-be-if-gold-hits-5k,What will Bitcoin price be if gold hits $5K?,Yashu Gola,https://s3.cointelegraph.com/uploads/2025-05/01969fe8-4de7-7f03-bb24-5008ae7f3160,cointelegraph.com,Economy - Monetary,0.244931,Somewhat-Bullish,"[{""ticker"": ""FOREX:USD"", ""relevance_score"": ""0.166169"", ""ticker_sentiment_score"": ""0.279694"", ""ticker_sentiment_label"": ""Somewhat-Bullish""}, {""ticker"": ""CRYPTO:BTC"", ""relevance_score"": ""0.791876"", ""ticker_sentiment_score"": ""0.479531"", ""ticker_sentiment_label"": ""Bullish""}]"
2025-05-05,"In a crypto market driven by speculation, social sentiment, and macro headlines, using on-chain data offers something refreshingly different: verifiable charting, transparency, and tamper-proof insights directly from the blockchain.",Benzinga,https://www.benzinga.com/markets/cryptocurrency/25/05/45198817/how-to-use-on-chain-data-to-improve-your-trading-strategy,0.538782,https://www.benzinga.com/markets/cryptocurrency/25/05/45198817/how-to-use-on-chain-data-to-improve-your-trading-strategy,How To Use On-Chain Data To Improve Your Trading Strategy,Michael Collins,https://www.benzinga.com/next-assets/images/schema-image-default.png,www.benzinga.com,"Earnings,Blockchain,Financial Markets",0.159282,Somewhat-Bullish,"[{""ticker"": ""CRYPTO:BTC"", ""relevance_score"": ""0.538782"", ""ticker_sentiment_score"": ""-0.050353"", ""ticker_sentiment_label"": ""Neutral""}]"
2025-05-05,"Bitcoin production fell 13% in April, prompting concerns about Riot's short-term operational performance. Riot sold all mined Bitcoin for $38.8 million, shifting away from its holding strategy to fund operations. Feel unsure about the market's next move?",Benzinga,https://www.benzinga.com/trading-ideas/movers/25/05/45198219/riot-platforms-stock-falls-after-weaker-april-bitcoin-production-report-whats-going-on,0.797189,https://www.benzinga.com/trading-ideas/movers/25/05/45198219/riot-platforms-stock-falls-after-weaker-april-bitcoin-production-report-whats-going-on,Riot Platforms Stock Falls After Weaker April Bitcoin Production Report: What's Going On? - Riot Platforms  ( NASDAQ:RIOT ) ,Vaishali Prayag,https://cdn.benzinga.com/files/images/story/2025/05/05/25.png?width=1200&height=800&fit=crop,www.benzinga.com,"Life Sciences,Financial Markets",0.022082,Neutral,"[{""ticker"": ""RIOT"", ""relevance_score"": ""0.328819"", ""ticker_sentiment_score"": ""0.034758"", ""ticker_sentiment_label"": ""Neutral""}, {""ticker"": ""CRYPTO:BTC"", ""relevance_score"": ""0.797189"", ""ticker_sentiment_score"": ""-0.184654"", ""ticker_sentiment_label"": ""Somewhat-Bearish""}]"
2025-05-05,"TORONTO, May 05, 2025 ( GLOBE NEWSWIRE ) -- The online gambling scene in Ontario is rising, with players seeking platforms that blend excitement, security, and rewarding experiences. Among the best new online casinos in Ontario, MIRAX Casino stands out as the top choice for 2025.",Benzinga,https://www.benzinga.com/pressreleases/25/05/g45197966/best-online-casinos-ontario-mirax-casino-ranked-as-top-casino-site-for-ontario-players,0.00927,https://www.benzinga.com/pressreleases/25/05/g45197966/best-online-casinos-ontario-mirax-casino-ranked-as-top-casino-site-for-ontario-players,"Best Online Casinos Ontario: MIRAX Casino, Ranked as Top Casino Site for Ontario Players",Globe Newswire,https://www.benzinga.com/next-assets/images/schema-image-default.png,www.benzinga.com,Blockchain,0.535112,Bullish,"[{""ticker"": ""MA"", ""relevance_score"": ""0.00927"", ""ticker_sentiment_score"": ""0.111503"", ""ticker_sentiment_label"": ""Neutral""}, {""ticker"": ""TRTPF"", ""relevance_score"": ""0.018539"", ""ticker_sentiment_score"": ""0.109749"", ""ticker_sentiment_label"": ""Neutral""}, {""ticker"": ""CRYPTO:BTC"", ""relevance_score"": ""0.00927"", ""ticker_sentiment_score"": ""-0.040455"", ""ticker_sentiment_label"": ""Neutral""}, {""ticker"": ""CRYPTO:ETH"", ""relevance_score"": ""0.018539"", ""ticker_sentiment_score"": ""0.0"", ""ticker_sentiment_label"": ""Neutral""}, {""ticker"": ""CRYPTO:DOGE"", ""relevance_score"": ""0.018539"", ""ticker_sentiment_score"": ""0.0"", ""ticker_sentiment_label"": ""Neutral""}, {""ticker"": ""CRYPTO:LTC"", ""relevance_score"": ""0.018539"", ""ticker_sentiment_score"": ""0.0"", ""ticker_sentiment_label"": ""Neutral""}, {""ticker"": ""CRYPTO:VPN"", ""relevance_score"": ""0.00927"", ""ticker_sentiment_score"": ""0.178937"", ""ticker_sentiment_label"": ""Somewhat-Bullish""}, {""ticker"": ""CRYPTO:BNB"", ""relevance_score"": ""0.018539"", ""ticker_sentiment_score"": ""0.0"", ""ticker_sentiment_label"": ""Neutral""}]"
2025-05-05,"PERTH, Australia, May 05, 2025 ( GLOBE NEWSWIRE ) -- In the vibrant world of online gambling, players are constantly seeking platforms that offer the best online pokies Australia has to offer, combining thrilling gameplay with the chance to win real money online instantly.",Benzinga,https://www.benzinga.com/pressreleases/25/05/g45197734/best-online-pokies-australia-2025-7bit-casino-rated-top-for-real-money-pokies,0.093653,https://www.benzinga.com/pressreleases/25/05/g45197734/best-online-pokies-australia-2025-7bit-casino-rated-top-for-real-money-pokies,Best Online Pokies Australia 2025: 7Bit Casino Rated Top for Real Money Pokies,Globe Newswire,https://www.benzinga.com/next-assets/images/schema-image-default.png,www.benzinga.com,Blockchain,0.531375,Bullish,"[{""ticker"": ""MA"", ""relevance_score"": ""0.011733"", ""ticker_sentiment_score"": ""0.154333"", ""ticker_sentiment_label"": ""Somewhat-Bullish""}, {""ticker"": ""TRTPF"", ""relevance_score"": ""0.023464"", ""ticker_sentiment_score"": ""0.246315"", ""ticker_sentiment_label"": ""Somewhat-Bullish""}, {""ticker"": ""CRYPTO:BTC"", ""relevance_score"": ""0.093653"", ""ticker_sentiment_score"": ""0.377981"", ""ticker_sentiment_label"": ""Bullish""}, {""ticker"": ""CRYPTO:ETH"", ""relevance_score"": ""0.023464"", ""ticker_sentiment_score"": ""0.189654"", ""ticker_sentiment_label"": ""Somewhat-Bullish""}, {""ticker"": ""CRYPTO:LTC"", ""relevance_score"": ""0.011733"", ""ticker_sentiment_score"": ""0.127057"", ""ticker_sentiment_label"": ""Neutral""}]"
2025-05-05,"TORONTO, May 05, 2025 ( GLOBE NEWSWIRE ) -- As the entertainment industry keeps growing, online casinos are becoming more and more popular, particularly the online ones. Right now, there are over 2000 of them in the industry, making it almost impossible to find the best one.",Benzinga,https://www.benzinga.com/pressreleases/25/05/g45197694/best-online-casinos-ontario-7bit-casino-ranked-as-the-top-paying-casino-with-fast-payouts,0.019163,https://www.benzinga.com/pressreleases/25/05/g45197694/best-online-casinos-ontario-7bit-casino-ranked-as-the-top-paying-casino-with-fast-payouts,"Best Online Casinos Ontario: 7Bit Casino, Ranked as the Top Paying Casino with Fast Payouts",Globe Newswire,https://www.benzinga.com/next-assets/images/schema-image-default.png,www.benzinga.com,Blockchain,0.3668,Bullish,"[{""ticker"": ""BNXYF"", ""relevance_score"": ""0.019163"", ""ticker_sentiment_score"": ""-0.032592"", ""ticker_sentiment_label"": ""Neutral""}, {""ticker"": ""PYTCF"", ""relevance_score"": ""0.019163"", ""ticker_sentiment_score"": ""0.053557"", ""ticker_sentiment_label"": ""Neutral""}, {""ticker"": ""CRYPTO:BTC"", ""relevance_score"": ""0.019163"", ""ticker_sentiment_score"": ""0.359531"", ""ticker_sentiment_label"": ""Bullish""}, {""ticker"": ""CRYPTO:ETH"", ""relevance_score"": ""0.019163"", ""ticker_sentiment_score"": ""0.359531"", ""ticker_sentiment_label"": ""Bullish""}]"
2025-05-05,"Key Takeaways:88% of Bitcoin's supply is in profit below $95,000, indicating a reset in investor expectations. The current price range of $75,000-$95,000 may represent a structural bottom, aligning with market conditions from Q3 2024.The Market Value to Realized Value ( MVRV ) Ratio at 1.74 acts ...",Cointelegraph,https://cointelegraph.com/news/bitcoin-investors-expectations-evolve-as-88-of-held-btc-supply-is-in-profit,0.638519,https://cointelegraph.com/news/bitcoin-investors-expectations-evolve-as-88-of-held-btc-supply-is-in-profit,Bitcoin investors' expectations evolve as 88% of BTC supply is in profit,Biraajmaan Tamuly,https://s3.cointelegraph.com/uploads/2025-05/0196a0f8-d7f4-74f9-817b-7392bc152b93,cointelegraph.com,,0.264545,Somewhat-Bullish,"[{""ticker"": ""CRYPTO:BTC"", ""relevance_score"": ""0.638519"", ""ticker_sentiment_score"": ""0.283453"", ""ticker_sentiment_label"": ""Somewhat-Bullish""}]"
2025-05-05,The company upped its Bitcoin acquisition target to $84 billion last week.,Decrypt.co,https://decrypt.co/317872/strategy-adds-180-million-bitcoin-ahead-expanding-btc-push,0.834833,https://decrypt.co/317872/strategy-adds-180-million-bitcoin-ahead-expanding-btc-push,Strategy Adds $180 Million in Bitcoin Ahead of Expanding BTC Push,André Beganski,https://cdn.decrypt.co/resize/1024/height/512/wp-content/uploads/2025/03/DSCF9630-1-2-scaled-gID_7.jpg,decrypt.co,"Earnings,Technology,Financial Markets",0.148642,Neutral,"[{""ticker"": ""MSTR"", ""relevance_score"": ""0.251247"", ""ticker_sentiment_score"": ""0.067991"", ""ticker_sentiment_label"": ""Neutral""}, {""ticker"": ""CRYPTO:BTC"", ""relevance_score"": ""0.834833"", ""ticker_sentiment_score"": ""0.250519"", ""ticker_sentiment_label"": ""Somewhat-Bullish""}]"
2025-05-05,"BINGHAMTON, N.Y., May 05, 2025 ( GLOBE NEWSWIRE ) -- After using several online casinos, we ended up choosing JACKBIT because its bonuses and rewards were truly mind-blowing, and its no KYC policy offered unparalleled privacy.",Benzinga,https://www.benzinga.com/pressreleases/25/05/g45197623/best-no-kyc-casinos-jackbit-ranked-as-the-top-anonymous-crypto-casino-site-for-2025,0.064035,https://www.benzinga.com/pressreleases/25/05/g45197623/best-no-kyc-casinos-jackbit-ranked-as-the-top-anonymous-crypto-casino-site-for-2025,"Best No KYC Casinos: JACKBIT, Ranked as the Top Anonymous Crypto Casino Site for 2025",Globe Newswire,https://www.benzinga.com/next-assets/images/schema-image-default.png,www.benzinga.com,Blockchain,0.463465,Bullish,"[{""ticker"": ""MA"", ""relevance_score"": ""0.01282"", ""ticker_sentiment_score"": ""0.146272"", ""ticker_sentiment_label"": ""Neutral""}, {""ticker"": ""TRTPF"", ""relevance_score"": ""0.01282"", ""ticker_sentiment_score"": ""0.143523"", ""ticker_sentiment_label"": ""Neutral""}, {""ticker"": ""CRYPTO:BTC"", ""relevance_score"": ""0.064035"", ""ticker_sentiment_score"": ""0.177416"", ""ticker_sentiment_label"": ""Somewhat-Bullish""}, {""ticker"": ""CRYPTO:MATIC"", ""relevance_score"": ""0.01282"", ""ticker_sentiment_score"": ""0.0"", ""ticker_sentiment_label"": ""Neutral""}, {""ticker"": ""CRYPTO:BCH"", ""relevance_score"": ""0.025637"", ""ticker_sentiment_score"": ""0.0"", ""ticker_sentiment_label"": ""Neutral""}, {""ticker"": ""CRYPTO:BNB"", ""relevance_score"": ""0.025637"", ""ticker_sentiment_score"": ""0.0"", ""ticker_sentiment_label"": ""Neutral""}, {""ticker"": ""CRYPTO:ETH"", ""relevance_score"": ""0.076806"", ""ticker_sentiment_score"": ""0.179958"", ""ticker_sentiment_label"": ""Somewhat-Bullish""}, {""ticker"": ""CRYPTO:SHIB"", ""relevance_score"": ""0.025637"", ""ticker_sentiment_score"": ""0.0"", ""ticker_sentiment_label"": ""Neutral""}, {""ticker"": ""CRYPTO:DOGE"", ""relevance_score"": ""0.025637"", ""ticker_sentiment_score"": ""0.0"", ""ticker_sentiment_label"": ""Neutral""}, {""ticker"": ""CRYPTO:LINK"", ""relevance_score"": ""0.025637"", ""ticker_sentiment_score"": ""0.0"", ""ticker_sentiment_label"": ""Neutral""}, {""ticker"": ""CRYPTO:USDT"", ""relevance_score"": ""0.01282"", ""ticker_sentiment_score"": ""0.085359"", ""ticker_sentiment_label"": ""Neutral""}, {""ticker"": ""CRYPTO:LTC"", ""relevance_score"": ""0.051248"", ""ticker_sentiment_score"": ""0.05161"", ""ticker_sentiment_label"": ""Neutral""}, {""ticker"": ""CRYPTO:BUSD"", ""relevance_score"": ""0.025637"", ""ticker_sentiment_score"": ""0.0"", ""ticker_sentiment_label"": ""Neutral""}]"
2025-05-05,"To gain an edge, this is what you need to know today. Consider taking more partial profits on tactical positions that were started near the April lows. Please click here for an enlarged chart of Warren Buffett's company Berkshire Hathaway Inc Class B BRK",Benzinga,https://www.benzinga.com/markets/equities/25/05/45197282/book-more-profits-buffetts-company-reports-worst-earnings-drop-since-2020-opec-surprise,0.154785,https://www.benzinga.com/markets/equities/25/05/45197282/book-more-profits-buffetts-company-reports-worst-earnings-drop-since-2020-opec-surprise,"Book More Profits, Buffett's Company Reports Worst Earnings Drop Since 2020, OPEC+ Surprise",The Arora Report,https://cdn.benzinga.com/files/images/story/2025/05/05/2025-05-05-08h24-00.png?width=1200&height=800&fit=crop,www.benzinga.com,"Economy - Monetary,Financial Markets,Manufacturing,Earnings,Technology,Finance",0.199461,Somewhat-Bullish,"[{""ticker"": ""MSFT"", ""relevance_score"": ""0.103554"", ""ticker_sentiment_score"": ""-0.121412"", ""ticker_sentiment_label"": ""Neutral""}, {""ticker"": ""GOOG"", ""relevance_score"": ""0.103554"", ""ticker_sentiment_score"": ""-0.121412"", ""ticker_sentiment_label"": ""Neutral""}, {""ticker"": ""META"", ""relevance_score"": ""0.103554"", ""ticker_sentiment_score"": ""-0.121412"", ""ticker_sentiment_label"": ""Neutral""}, {""ticker"": ""NVDA"", ""relevance_score"": ""0.103554"", ""ticker_sentiment_score"": ""-0.121412"", ""ticker_sentiment_label"": ""Neutral""}, {""ticker"": ""AAPL"", ""relevance_score"": ""0.103554"", ""ticker_sentiment_score"": ""-0.121412"", ""ticker_sentiment_label"": ""Neutral""}, {""ticker"": ""TSLA"", ""relevance_score"": ""0.103554"", ""ticker_sentiment_score"": ""-0.121412"", ""ticker_sentiment_label"": ""Neutral""}, {""ticker"": ""BRK-A"", ""relevance_score"": ""0.051886"", ""ticker_sentiment_score"": ""-0.024052"", ""ticker_sentiment_label"": ""Neutral""}, {""ticker"": ""PLSQF"", ""relevance_score"": ""0.051886"", ""ticker_sentiment_score"": ""0.143001"", ""ticker_sentiment_label"": ""Neutral""}, {""ticker"": ""IVZ"", ""relevance_score"": ""0.051886"", ""ticker_sentiment_score"": ""0.08715"", ""ticker_sentiment_label"": ""Neutral""}, {""ticker"": ""CRYPTO:BTC"", ""relevance_score"": ""0.154785"", ""ticker_sentiment_score"": ""-0.403465"", ""ticker_sentiment_label"": ""Bearish""}]"
2025-05-05,"BINGHAMTON, N.Y., May 05, 2025 ( GLOBE NEWSWIRE ) -- After spending time exploring different online casinos, we quickly realized that many just didn't meet expectations. The bonuses felt small, the game selections were limited, and the overall experience wasn't very memorable.",Benzinga,https://www.benzinga.com/pressreleases/25/05/g45197570/fastest-payout-online-casinos-jackbit-picked-as-the-top-paying-casino-2025,0.085813,https://www.benzinga.com/pressreleases/25/05/g45197570/fastest-payout-online-casinos-jackbit-picked-as-the-top-paying-casino-2025,Fastest Payout Online Casinos: JACKBIT Picked as the Top Paying Casino 2025,Globe Newswire,https://www.benzinga.com/next-assets/images/schema-image-default.png,www.benzinga.com,"Technology,Blockchain",0.567049,Bullish,"[{""ticker"": ""MA"", ""relevance_score"": ""0.034381"", ""ticker_sentiment_score"": ""0.09537"", ""ticker_sentiment_label"": ""Neutral""}, {""ticker"": ""GOOG"", ""relevance_score"": ""0.017194"", ""ticker_sentiment_score"": ""0.037314"", ""ticker_sentiment_label"": ""Neutral""}, {""ticker"": ""CRYPTO:BTC"", ""relevance_score"": ""0.085813"", ""ticker_sentiment_score"": ""0.209573"", ""ticker_sentiment_label"": ""Somewhat-Bullish""}, {""ticker"": ""CRYPTO:BNB"", ""relevance_score"": ""0.034381"", ""ticker_sentiment_score"": ""0.0"", ""ticker_sentiment_label"": ""Neutral""}, {""ticker"": ""CRYPTO:ETH"", ""relevance_score"": ""0.119915"", ""ticker_sentiment_score"": ""0.206614"", ""ticker_sentiment_label"": ""Somewhat-Bullish""}, {""ticker"": ""CRYPTO:SHIB"", ""relevance_score"": ""0.034381"", ""ticker_sentiment_score"": ""0.0"", ""ticker_sentiment_label"": ""Neutral""}, {""ticker"": ""CRYPTO:DOGE"", ""relevance_score"": ""0.034381"", ""ticker_sentiment_score"": ""0.0"", ""ticker_sentiment_label"": ""Neutral""}, {""ticker"": ""CRYPTO:USDT"", ""relevance_score"": ""0.034381"", ""ticker_sentiment_score"": ""0.041467"", ""ticker_sentiment_label"": ""Neutral""}, {""ticker"": ""CRYPTO:LTC"", ""relevance_score"": ""0.051551"", ""ticker_sentiment_score"": ""0.236606"", ""ticker_sentiment_label"": ""Somewhat-Bullish""}, {""ticker"": ""CRYPTO:BUSD"", ""relevance_score"": ""0.034381"", ""ticker_sentiment_score"": ""0.0"", ""ticker_sentiment_label"": ""Neutral""}]"
2025-05-05,"SINGAPORE, May 05, 2025 ( GLOBE NEWSWIRE ) -- As the cryptocurrency market reaches new levels of global adoption, BexBack, a fast-growing digital asset derivatives exchange, is redefining the future of leveraged trading.",Benzinga,https://www.benzinga.com/pressreleases/25/05/g45197544/bexback-launches-high-leverage-crypto-trading-with-no-kyc-double-deposit-bonus-and-50-welcome-bonu,0.263231,https://www.benzinga.com/pressreleases/25/05/g45197544/bexback-launches-high-leverage-crypto-trading-with-no-kyc-double-deposit-bonus-and-50-welcome-bonu,"BexBack Launches High-Leverage Crypto Trading With No KYC, Double Deposit Bonus, and $50 Welcome Bonus",Globe Newswire,https://www.benzinga.com/next-assets/images/schema-image-default.png,www.benzinga.com,"Blockchain,Financial Markets",0.347067,Somewhat-Bullish,"[{""ticker"": ""CRYPTO:BTC"", ""relevance_score"": ""0.263231"", ""ticker_sentiment_score"": ""0.480503"", ""ticker_sentiment_label"": ""Bullish""}, {""ticker"": ""CRYPTO:USDT"", ""relevance_score"": ""0.13347"", ""ticker_sentiment_score"": ""0.262752"", ""ticker_sentiment_label"": ""Somewhat-Bullish""}, {""ticker"": ""CRYPTO:XRP"", ""relevance_score"": ""0.06697"", ""ticker_sentiment_score"": ""0.244051"", ""ticker_sentiment_label"": ""Somewhat-Bullish""}]"
2025-05-05,"Opinion by: Tracy Jin, Chief Operating Officer, MEXCMarket manipulation is everywhere and yet nowhere to be seen. It is an invisible threat affecting crypto and traditional markets, leaving ordinary traders counting the costs.",Cointelegraph,https://cointelegraph.com/news/crypto-market-manipulation-schemes,0.191473,https://cointelegraph.com/news/crypto-market-manipulation-schemes,Crypto market manipulation schemes are becoming increasingly coordinated,Tracy Jin,"https://images.cointelegraph.com/cdn-cgi/image/format=auto,onerror=redirect,quality=90,width=1200/https://s3.cointelegraph.com/uploads/2025-04/01961a63-567b-7f89-906a-0c8dc3038ff4",cointelegraph.com,"Blockchain,Financial Markets",-0.02938,Neutral,"[{""ticker"": ""THLEF"", ""relevance_score"": ""0.077218"", ""ticker_sentiment_score"": ""0.03391"", ""ticker_sentiment_label"": ""Neutral""}, {""ticker"": ""CRYPTO:BTC"", ""relevance_score"": ""0.191473"", ""ticker_sentiment_score"": ""-0.067585"", ""ticker_sentiment_label"": ""Neutral""}]"
2025-05-05,"PERTH, Australia, May 05, 2025 ( GLOBE NEWSWIRE ) -- The online gambling scene in Australia is booming, with a surge in players seeking the thrill of real money online casino Australia platforms. However, the abundance of options makes choosing the best online casino in Australia a challenge.",Benzinga,https://www.benzinga.com/pressreleases/25/05/g45197718/best-online-casinos-australia-7bit-casino-rated-as-top-real-money-casino-2025,0.106646,https://www.benzinga.com/pressreleases/25/05/g45197718/best-online-casinos-australia-7bit-casino-rated-as-top-real-money-casino-2025,Best Online Casinos Australia: 7Bit Casino Rated as Top Real Money Casino 2025,Globe Newswire,https://www.benzinga.com/next-assets/images/schema-image-default.png,www.benzinga.com,Blockchain,0.531603,Bullish,"[{""ticker"": ""MA"", ""relevance_score"": ""0.011885"", ""ticker_sentiment_score"": ""0.158174"", ""ticker_sentiment_label"": ""Somewhat-Bullish""}, {""ticker"": ""CRYPTO:BTC"", ""relevance_score"": ""0.106646"", ""ticker_sentiment_score"": ""0.332606"", ""ticker_sentiment_label"": ""Somewhat-Bullish""}, {""ticker"": ""CRYPTO:ETH"", ""relevance_score"": ""0.035643"", ""ticker_sentiment_score"": ""0.208554"", ""ticker_sentiment_label"": ""Somewhat-Bullish""}, {""ticker"": ""CRYPTO:DOGE"", ""relevance_score"": ""0.011885"", ""ticker_sentiment_score"": ""0.166491"", ""ticker_sentiment_label"": ""Somewhat-Bullish""}, {""ticker"": ""CRYPTO:LTC"", ""relevance_score"": ""0.011885"", ""ticker_sentiment_score"": ""0.166491"", ""ticker_sentiment_label"": ""Somewhat-Bullish""}, {""ticker"": ""CRYPTO:BNB"", ""relevance_score"": ""0.011885"", ""ticker_sentiment_score"": ""0.166491"", ""ticker_sentiment_label"": ""Somewhat-Bullish""}]"
2025-05-05,Analysts at the firm are predicting Strategy-MSTR-copycats to continue buying cryptocurrency.,Decrypt.co,https://decrypt.co/317906/corporate-treasuries-add-330b-bitcoin-2029-bernstein,0.899367,https://decrypt.co/317906/corporate-treasuries-add-330b-bitcoin-2029-bernstein,Corporate Treasuries Will Add $330 Billion in Bitcoin by 2029: Bernstein,Mat Di Salvo,https://cdn.decrypt.co/resize/1024/height/512/wp-content/uploads/2024/05/bitcoin-money-trading-gID_7.jpeg,decrypt.co,"Economy - Monetary,Life Sciences,Financial Markets,Blockchain",0.121246,Neutral,"[{""ticker"": ""SMLR"", ""relevance_score"": ""0.118647"", ""ticker_sentiment_score"": ""0.039271"", ""ticker_sentiment_label"": ""Neutral""}, {""ticker"": ""CRYPTO:BTC"", ""relevance_score"": ""0.899367"", ""ticker_sentiment_score"": ""0.183444"", ""ticker_sentiment_label"": ""Somewhat-Bullish""}]"
2025-05-05,"Crypto users are weighing in as Alex Mashinsky, the former CEO of Celsius Network, prepares to stand before a judge on May 8 to face sentencing for commodities fraud and a fraudulent scheme to manipulate the price of the platform's token.In a May 2 filing in the US District Court for the ...",Cointelegraph,https://cointelegraph.com/news/alex-mashinsky-celsius-prison-sentencing,0.146916,https://cointelegraph.com/news/alex-mashinsky-celsius-prison-sentencing,What do crypto users want to happen to Alex Mashinsky?,Turner Wright,https://s3.cointelegraph.com/uploads/2025-05/0196a186-9c5d-7052-9a6b-68a90f1165b9,cointelegraph.com,Financial Markets,-0.250079,Somewhat-Bearish,"[{""ticker"": ""CRYPTO:BTC"", ""relevance_score"": ""0.146916"", ""ticker_sentiment_score"": ""-0.210296"", ""ticker_sentiment_label"": ""Somewhat-Bearish""}]"
2025-05-05,"The Solana Foundation disclosed that validators quietly patched a major bug, avoiding a potentially catastrophic exploit.",Decrypt.co,https://decrypt.co/317894/solana-patches-bug-attackers-steal-tokens,0.068502,https://decrypt.co/317894/solana-patches-bug-attackers-steal-tokens,Solana Patches Bug That Could Have Allowed Attackers to Mint and Swipe Tokens,Logan Hitchcock,https://cdn.decrypt.co/resize/1024/height/512/wp-content/uploads/2024/04/solana-tech-gID_7.png,decrypt.co,Blockchain,-0.072029,Neutral,"[{""ticker"": ""CRYPTO:BTC"", ""relevance_score"": ""0.068502"", ""ticker_sentiment_score"": ""0.152199"", ""ticker_sentiment_label"": ""Somewhat-Bullish""}, {""ticker"": ""CRYPTO:ETH"", ""relevance_score"": ""0.2035"", ""ticker_sentiment_score"": ""0.04113"", ""ticker_sentiment_label"": ""Neutral""}, {""ticker"": ""CRYPTO:ZEC"", ""relevance_score"": ""0.068502"", ""ticker_sentiment_score"": ""0.152199"", ""ticker_sentiment_label"": ""Somewhat-Bullish""}]"
2025-05-05,"Storied investor Warren Buffett is also a prominent Bitcoin critic. As he prepares to step down, here are some of his top BTC slams.",Decrypt.co,https://decrypt.co/317945/bitcoin-hater-warren-buffett-retiring,0.687109,https://decrypt.co/317945/bitcoin-hater-warren-buffett-retiring,'Rat Poison Squared': Legendary Investor and Bitcoin Hater Warren Buffett Is Retiring,Mat Di Salvo,https://cdn.decrypt.co/resize/1024/height/512/wp-content/uploads/2019/06/shutterstock_4444837632-gID_7.jpg,decrypt.co,"Finance,Blockchain,Financial Markets",0.211342,Somewhat-Bullish,"[{""ticker"": ""BRK-A"", ""relevance_score"": ""0.073098"", ""ticker_sentiment_score"": ""0.076523"", ""ticker_sentiment_label"": ""Neutral""}, {""ticker"": ""CRYPTO:BTC"", ""relevance_score"": ""0.687109"", ""ticker_sentiment_score"": ""0.383861"", ""ticker_sentiment_label"": ""Bullish""}]"
2025-05-05,"The SEC held off on giving the green light to Canary Capital's application for a spot Litecoin ETF, following other altcoin fund delays.",Decrypt.co,https://decrypt.co/317967/sec-punts-canary-capital-litecoin-etf-approval,0.40348,https://decrypt.co/317967/sec-punts-canary-capital-litecoin-etf-approval,SEC Punts on Canary Capital Litecoin ETF Approval,Mat Di Salvo,https://cdn.decrypt.co/resize/1024/height/512/wp-content/uploads/2021/03/shutterstock_678427267-1-gID_7.jpg,decrypt.co,"Technology,Blockchain,Financial Markets",0.273962,Somewhat-Bullish,"[{""ticker"": ""GOOG"", ""relevance_score"": ""0.140076"", ""ticker_sentiment_score"": ""0.111002"", ""ticker_sentiment_label"": ""Neutral""}, {""ticker"": ""CRYPTO:BTC"", ""relevance_score"": ""0.40348"", ""ticker_sentiment_score"": ""0.312715"", ""ticker_sentiment_label"": ""Somewhat-Bullish""}, {""ticker"": ""CRYPTO:ETH"", ""relevance_score"": ""0.140076"", ""ticker_sentiment_score"": ""0.12649"", ""ticker_sentiment_label"": ""Neutral""}, {""ticker"": ""CRYPTO:DOGE"", ""relevance_score"": ""0.140076"", ""ticker_sentiment_score"": ""0.0"", ""ticker_sentiment_label"": ""Neutral""}, {""ticker"": ""CRYPTO:ADA"", ""relevance_score"": ""0.140076"", ""ticker_sentiment_score"": ""0.260733"", ""ticker_sentiment_label"": ""Somewhat-Bullish""}]"
2025-05-05,"The medical device company executed its third large Bitcoin buy in less than two weeks, bringing its BTC treasury's total value to $342 million.",Decrypt.co,https://decrypt.co/317891/semler-scientific-snaps-up-16-2-million-btc-ramps-up-bitcoin-spree,0.961451,https://decrypt.co/317891/semler-scientific-snaps-up-16-2-million-btc-ramps-up-bitcoin-spree,Semler Scientific Adds $16.2 Million of Bitcoin as It Ramps Up BTC Buying Spree,Liz Napolitano,https://cdn.decrypt.co/resize/1024/height/512/wp-content/uploads/2024/06/semler-scientific-bitcoin-1-gID_7.jpg,decrypt.co,"Life Sciences,Financial Markets",0.190931,Somewhat-Bullish,"[{""ticker"": ""SMLR"", ""relevance_score"": ""0.232439"", ""ticker_sentiment_score"": ""0.24562"", ""ticker_sentiment_label"": ""Somewhat-Bullish""}, {""ticker"": ""CRYPTO:BTC"", ""relevance_score"": ""0.961451"", ""ticker_sentiment_score"": ""0.336037"", ""ticker_sentiment_label"": ""Somewhat-Bullish""}]"
2025-05-05,"ChatGPT-maker OpenAI has abandoned plans to become a for-profit company and reaffirmed commitment to its nonprofit status. In a May 5 blog post, OpenAI confirmed plans to convert its for-profit business unit into a so-called Public Benefit Corporation ( PBC ) , which would remain under the ...",Cointelegraph,https://cointelegraph.com/news/open-ai-to-stay-nonprofit-scrap-conversion-plans,0.200688,https://cointelegraph.com/news/open-ai-to-stay-nonprofit-scrap-conversion-plans,"OpenAI to stay nonprofit, scrap proposed overhaul",Alex O’Donnell,https://s3.cointelegraph.com/uploads/2025-05/0196a209-5c86-75fc-b0b5-fcc55a4ab9d5,cointelegraph.com,"Earnings,Manufacturing",-0.04496,Neutral,"[{""ticker"": ""SFTBF"", ""relevance_score"": ""0.101154"", ""ticker_sentiment_score"": ""0.0"", ""ticker_sentiment_label"": ""Neutral""}, {""ticker"": ""TSLA"", ""relevance_score"": ""0.101154"", ""ticker_sentiment_score"": ""-0.109158"", ""ticker_sentiment_label"": ""Neutral""}, {""ticker"": ""CRYPTO:BTC"", ""relevance_score"": ""0.200688"", ""ticker_sentiment_score"": ""0.0"", ""ticker_sentiment_label"": ""Neutral""}]"
2025-05-05,The central bank is expected to hold its benchmark interest rate steady.,Decrypt.co,https://decrypt.co/317952/bitcoin-stumbles-as-trump-threatens-tariffs-ahead-of-fed-decision,0.179788,https://decrypt.co/317952/bitcoin-stumbles-as-trump-threatens-tariffs-ahead-of-fed-decision,Bitcoin Stumbles as Trump Threatens Tariffs Ahead of Fed Decision,André Beganski,https://cdn.decrypt.co/resize/1024/height/512/wp-content/uploads/2025/02/bitcoin-btc-logo-container-ship-trade-war-trump-tariffs-gID_7.png,decrypt.co,"Economy - Monetary,Blockchain,Financial Markets",-0.031292,Neutral,"[{""ticker"": ""CRYPTO:BTC"", ""relevance_score"": ""0.179788"", ""ticker_sentiment_score"": ""-0.091275"", ""ticker_sentiment_label"": ""Neutral""}, {""ticker"": ""CRYPTO:XRP"", ""relevance_score"": ""0.090474"", ""ticker_sentiment_score"": ""-0.135968"", ""ticker_sentiment_label"": ""Neutral""}]"
2025-05-05,"PHOENIX, May 05, 2025 ( GLOBE NEWSWIRE ) -- Fold Holdings, Inc. ( NASDAQ: FLD ) ( ""Fold"" or the ""Company"" ) , the first publicly traded bitcoin financial services company, announces the appointment of Matthew McManus as Chief Operating Officer, effective April 21, 2025.",GlobeNewswire,https://www.globenewswire.com/news-release/2025/05/05/3074576/0/en/Fold-Holdings-Appoints-Matthew-McManus-as-Chief-Operating-Officer.html,0.816498,https://www.globenewswire.com/news-release/2025/05/05/3074576/0/en/Fold-Holdings-Appoints-Matthew-McManus-as-Chief-Operating-Officer.html,Fold Holdings Appoints Matthew McManus as Chief Operating Officer,"Inc.,Fold",https://ml.globenewswire.com/Resource/Download/47fba756-5798-4af5-959c-62d913363c7e,www.globenewswire.com,,0.393054,Bullish,"[{""ticker"": ""FLD"", ""relevance_score"": ""0.923837"", ""ticker_sentiment_score"": ""0.640949"", ""ticker_sentiment_label"": ""Bullish""}, {""ticker"": ""CRYPTO:BTC"", ""relevance_score"": ""0.816498"", ""ticker_sentiment_score"": ""0.676026"", ""ticker_sentiment_label"": ""Bullish""}]"
2025-05-05,"PHOENIX, May 05, 2025 ( GLOBE NEWSWIRE ) -- Fold Holdings, Inc. FLD ( ""Fold"" or the ""Company"" ) , the first publicly traded bitcoin financial services company, announces the appointment of Matthew McManus as Chief Operating Officer, effective April 21, 2025.",Benzinga,https://www.benzinga.com/pressreleases/25/05/g45208355/fold-holdings-appoints-matthew-mcmanus-as-chief-operating-officer,0.714116,https://www.benzinga.com/pressreleases/25/05/g45208355/fold-holdings-appoints-matthew-mcmanus-as-chief-operating-officer,Fold Holdings Appoints Matthew McManus as Chief Operating Officer - Fold Holdings  ( NASDAQ:FLD ) ,Globe Newswire,https://www.benzinga.com/next-assets/images/schema-image-default.png,www.benzinga.com,Financial Markets,0.38999,Bullish,"[{""ticker"": ""FLD"", ""relevance_score"": ""0.903101"", ""ticker_sentiment_score"": ""0.627579"", ""ticker_sentiment_label"": ""Bullish""}, {""ticker"": ""CRYPTO:BTC"", ""relevance_score"": ""0.714116"", ""ticker_sentiment_score"": ""0.637973"", ""ticker_sentiment_label"": ""Bullish""}]"
2025-05-05,"Key takeaways:Bitcoin price slips, but BTC dominance is on the rise.Sizable purchases by Strategy and the spot BTC ETFs highlight institutional investors' appetite for Bitcoin.Bitcoin's ( BTC ) price has dropped by 4.3% in the last three days after nearly reaching $97,900 on May 2.",Cointelegraph,https://cointelegraph.com/news/bitcoin-sell-off-to-93-5-k-is-a-brief-hiccup-data-still-supports-new-btc-highs-in-2025,0.9545,https://cointelegraph.com/news/bitcoin-sell-off-to-93-5-k-is-a-brief-hiccup-data-still-supports-new-btc-highs-in-2025,Bitcoin sell-off to $93.5K is a brief hiccup - Data still supports new BTC highs in 2025,Marcel Pechman,https://s3.cointelegraph.com/uploads/2025-05/0196a1fa-3bbb-7d5b-ae2b-fdc6724737dd,cointelegraph.com,"Blockchain,Financial Markets",0.1364,Neutral,"[{""ticker"": ""CRYPTO:BTC"", ""relevance_score"": ""0.9545"", ""ticker_sentiment_score"": ""0.202309"", ""ticker_sentiment_label"": ""Somewhat-Bullish""}]"
2025-05-05,"· Daily returns from $100 with a potential to reach up to $1 million · A variety of currencies for mining including Bitcoin, Bitcoin Cash, Litecoin, and Dogecoin · Affiliate Programs to get a 5% commission on every referral · Opportunity to participate in a $100,000 incentive pool",Benzinga,https://www.benzinga.com/pressreleases/25/05/g45207120/dogecoin-whales-have-accumulated-about-100-million-doge-tokens-while-traders-eyes-are-on-paladinmi,0.366061,https://www.benzinga.com/pressreleases/25/05/g45207120/dogecoin-whales-have-accumulated-about-100-million-doge-tokens-while-traders-eyes-are-on-paladinmi,Dogecoin Whales have Accumulated about 100 million DOGE tokens While Trader's Eyes are on PaladinMining to Earn Massive Returns,Globe Newswire,https://www.benzinga.com/next-assets/images/schema-image-default.png,www.benzinga.com,"Blockchain,Financial Markets",0.457723,Bullish,"[{""ticker"": ""CRYPTO:BTC"", ""relevance_score"": ""0.366061"", ""ticker_sentiment_score"": ""0.347227"", ""ticker_sentiment_label"": ""Somewhat-Bullish""}, {""ticker"": ""CRYPTO:DOGE"", ""relevance_score"": ""0.366061"", ""ticker_sentiment_score"": ""0.69251"", ""ticker_sentiment_label"": ""Bullish""}, {""ticker"": ""CRYPTO:LTC"", ""relevance_score"": ""0.188193"", ""ticker_sentiment_score"": ""0.211092"", ""ticker_sentiment_label"": ""Somewhat-Bullish""}, {""ticker"": ""CRYPTO:BCH"", ""relevance_score"": ""0.188193"", ""ticker_sentiment_score"": ""0.211092"", ""ticker_sentiment_label"": ""Somewhat-Bullish""}]"
2025-05-05,VanEck's filing for a fund based on Binance Coin (BNB) comes as issuers seek approval for a widening array of altcoin-based ETFs.,Decrypt.co,https://decrypt.co/317927/bnb-etf-vaneck-applies-binance-coin-fund,0.204936,https://decrypt.co/317927/bnb-etf-vaneck-applies-binance-coin-fund,VanEck Seeks SEC Approval to Launch First BNB ETF in US,Liz Napolitano,https://cdn.decrypt.co/resize/1024/height/512/wp-content/uploads/2023/06/binance-bnb-token-gID_7.jpg,decrypt.co,"Blockchain,Financial Markets",0.159909,Somewhat-Bullish,"[{""ticker"": ""CRYPTO:BTC"", ""relevance_score"": ""0.204936"", ""ticker_sentiment_score"": ""0.238679"", ""ticker_sentiment_label"": ""Somewhat-Bullish""}, {""ticker"": ""CRYPTO:ETH"", ""relevance_score"": ""0.103331"", ""ticker_sentiment_score"": ""0.16353"", ""ticker_sentiment_label"": ""Somewhat-Bullish""}, {""ticker"": ""CRYPTO:DOGE"", ""relevance_score"": ""0.103331"", ""ticker_sentiment_score"": ""0.092824"", ""ticker_sentiment_label"": ""Neutral""}, {""ticker"": ""CRYPTO:BNB"", ""relevance_score"": ""0.701177"", ""ticker_sentiment_score"": ""0.15257"", ""ticker_sentiment_label"": ""Somewhat-Bullish""}]"
2025-05-05,"Shares of Mara Holdings ( NASDAQ: MARA ) are falling on Monday. The stock dropped 8.6% as of 3:14 p.m. ET and was down as much as 12% earlier in the day. The move comes as the S&P 500 and Nasdaq Composite slipped 0.3% and 0.4%, respectively.Mara, a Bitcoin mining company, released its April ...",Motley Fool,https://www.fool.com/investing/2025/05/05/why-mara-holdings-stock-plummeted-today/,0.824531,https://www.fool.com/investing/2025/05/05/why-mara-holdings-stock-plummeted-today/,Why Mara Holdings Stock Plummeted Today,Johnny Rice,https://g.foolcdn.com/image/?url=https%3A%2F%2Fg.foolcdn.com%2Feditorial%2Fimages%2F817250%2Fbtc-2025.jpg&op=resize&w=700,www.fool.com,"Blockchain,Financial Markets",0.053479,Neutral,"[{""ticker"": ""CRYPTO:BTC"", ""relevance_score"": ""0.824531"", ""ticker_sentiment_score"": ""0.008303"", ""ticker_sentiment_label"": ""Neutral""}]"
2025-05-05,"Sydney, Australia, May 05, 2025 ( GLOBE NEWSWIRE ) -- In Q1 2025, CoinMarketCap's ""Cryptocurrency Market Index"" reported an 18% year-on-year decline in trading volume across major digital assets like Bitcoin, Ethereum, and others.",Benzinga,https://www.benzinga.com/pressreleases/25/05/g45204861/fiobit-the-most-profitable-cloud-mining-platform-in-2025-use-fiobits-ai-mining-rigs-to-easily-earn,0.179343,https://www.benzinga.com/pressreleases/25/05/g45204861/fiobit-the-most-profitable-cloud-mining-platform-in-2025-use-fiobits-ai-mining-rigs-to-easily-earn,FioBit - The Most Profitable Cloud Mining Platform in 2025: Use FioBit's AI Mining Rigs to Easily Earn Passive Cryptocurrency Income,Globe Newswire,https://www.benzinga.com/next-assets/images/schema-image-default.png,www.benzinga.com,"Earnings,Blockchain,Financial Markets",0.34302,Somewhat-Bullish,"[{""ticker"": ""CRYPTO:BTC"", ""relevance_score"": ""0.179343"", ""ticker_sentiment_score"": ""-0.007779"", ""ticker_sentiment_label"": ""Neutral""}, {""ticker"": ""CRYPTO:ETH"", ""relevance_score"": ""0.179343"", ""ticker_sentiment_score"": ""-0.007779"", ""ticker_sentiment_label"": ""Neutral""}, {""ticker"": ""CRYPTO:LTC"", ""relevance_score"": ""0.12013"", ""ticker_sentiment_score"": ""0.2378"", ""ticker_sentiment_label"": ""Somewhat-Bullish""}]"
2025-05-05,Global cryptocurrency market capitalization is trading 0.87% lower to $2.94 trillion. One trader warns Bitcoin's failure to close above resistance last week may trigger a breakdown and bearish retest. Feel unsure about the market's next move?,Benzinga,https://www.benzinga.com/markets/cryptocurrency/25/05/45204836/bitcoin-ethereum-xrp-dogecoin-start-fomc-week-sluggish-dips-are-gifts-resume-up-only-trade,0.456884,https://www.benzinga.com/markets/cryptocurrency/25/05/45204836/bitcoin-ethereum-xrp-dogecoin-start-fomc-week-sluggish-dips-are-gifts-resume-up-only-trade,"Bitcoin, Ethereum, XRP, Dogecoin Start FOMC Week Sluggish: 'Dips Are Gifts, Resume Up Only,' Trader Says",Khyathi Dalal,https://cdn.benzinga.com/files/images/story/2025/05/05/Solana-Golden-Cryptocurrency-In-Close-up.jpeg?width=1200&height=800&fit=crop,www.benzinga.com,"Economy - Monetary,Blockchain,Financial Markets",-0.097826,Neutral,"[{""ticker"": ""CRYPTO:BTC"", ""relevance_score"": ""0.456884"", ""ticker_sentiment_score"": ""-0.100584"", ""ticker_sentiment_label"": ""Neutral""}]"
2025-05-05,"Whales with a lot of money to spend have taken a noticeably bearish stance on Strategy. Looking at options history for Strategy MSTR we detected 234 trades. If we consider the specifics of each trade, it is accurate to state that 37% of the investors opened trades with bullish expectations and ...",Benzinga,https://www.benzinga.com/insights/options/25/05/45204336/strategy-unusual-options-activity,0.068896,https://www.benzinga.com/insights/options/25/05/45204336/strategy-unusual-options-activity,Strategy Unusual Options Activity - Strategy  ( NASDAQ:MSTR ) ,Benzinga Insights,https://www.benzinga.com/next-assets/images/schema-image-default.png,www.benzinga.com,"Earnings,Finance,Financial Markets",0.206247,Somewhat-Bullish,"[{""ticker"": ""CCORF"", ""relevance_score"": ""0.068896"", ""ticker_sentiment_score"": ""-0.014086"", ""ticker_sentiment_label"": ""Neutral""}, {""ticker"": ""BCS"", ""relevance_score"": ""0.068896"", ""ticker_sentiment_score"": ""-0.014086"", ""ticker_sentiment_label"": ""Neutral""}, {""ticker"": ""PLSQF"", ""relevance_score"": ""0.068896"", ""ticker_sentiment_score"": ""0.144825"", ""ticker_sentiment_label"": ""Neutral""}, {""ticker"": ""CRYPTO:BTC"", ""relevance_score"": ""0.068896"", ""ticker_sentiment_score"": ""0.142601"", ""ticker_sentiment_label"": ""Neutral""}]"
2025-05-05,"Asset manager VanEck has asked US regulators for permission to list an exchange-traded fund ( ETF ) holding BNB, the native token of Binance's BNB Chain, regulatory filings show. The ETF is designed to accumulate spot BNB ( BNB ) tokens and ""may, from time to time, stake a portion of the [fund's] ...",Cointelegraph,https://cointelegraph.com/news/vaneck-files-bnb-etf-first-in-us,0.60415,https://cointelegraph.com/news/vaneck-files-bnb-etf-first-in-us,"VanEck files for BNB ETF, first in US",Alex O’Donnell,https://s3.cointelegraph.com/uploads/2025-05/0196a199-03c8-7848-a30a-6d89fef4bbe2,cointelegraph.com,"Blockchain,Financial Markets",0.27132,Somewhat-Bullish,"[{""ticker"": ""CRYPTO:BTC"", ""relevance_score"": ""0.60415"", ""ticker_sentiment_score"": ""0.50593"", ""ticker_sentiment_label"": ""Bullish""}, {""ticker"": ""CRYPTO:DOGE"", ""relevance_score"": ""0.222838"", ""ticker_sentiment_score"": ""0.168005"", ""ticker_sentiment_label"": ""Somewhat-Bullish""}]"
2025-05-05,"Key points:Bitcoin is witnessing a tough battle between the bulls and the bears at the $95,000 level.Solid buying by spot Bitcoin ETF investors last week signals a positive shift in investor sentiment. Select altcoins have held their support levels, increasing the likelihood of a short-term up ...",Cointelegraph,https://cointelegraph.com/news/price-predictions-5-5-spx-dxy-btc-eth-xrp-bnb-sol-doge-ada-sui,0.359802,https://cointelegraph.com/news/price-predictions-5-5-spx-dxy-btc-eth-xrp-bnb-sol-doge-ada-sui,"Price predictions 5/5: SPX, DXY, BTC, ETH, XRP, BNB, SOL, DOGE, ADA, SUI",Rakesh Upadhyay,https://s3.cointelegraph.com/uploads/2025-05/0196a160-825b-7cd8-b5ec-2355fbe71292,cointelegraph.com,"Blockchain,Financial Markets,Economy - Macro",0.043688,Neutral,"[{""ticker"": ""FOREX:USD"", ""relevance_score"": ""0.033894"", ""ticker_sentiment_score"": ""0.169919"", ""ticker_sentiment_label"": ""Somewhat-Bullish""}, {""ticker"": ""CRYPTO:BTC"", ""relevance_score"": ""0.359802"", ""ticker_sentiment_score"": ""0.169888"", ""ticker_sentiment_label"": ""Somewhat-Bullish""}, {""ticker"": ""CRYPTO:ETH"", ""relevance_score"": ""0.101439"", ""ticker_sentiment_score"": ""0.023163"", ""ticker_sentiment_label"": ""Neutral""}, {""ticker"": ""CRYPTO:DOGE"", ""relevance_score"": ""0.101439"", ""ticker_sentiment_score"": ""0.036457"", ""ticker_sentiment_label"": ""Neutral""}, {""ticker"": ""CRYPTO:ADA"", ""relevance_score"": ""0.101439"", ""ticker_sentiment_score"": ""0.033423"", ""ticker_sentiment_label"": ""Neutral""}]"
2025-05-05,"Raoul Pal says Bitcoin is entering phase two of the ""banana zone"": altcoin outperformance and heightened volatility. He warns of a 35% correction ahead but maintains a $450,000 price target if macro conditions continue to align. Today's manic market swings are creating the perfect setup for ...",Benzinga,https://www.benzinga.com/markets/cryptocurrency/25/05/45196732/bitcoin-could-hit-450000-raoul-pal-says-dont-screw-this-up,0.377142,https://www.benzinga.com/markets/cryptocurrency/25/05/45196732/bitcoin-could-hit-450000-raoul-pal-says-dont-screw-this-up,"Bitcoin Could Hit $450,000, Raoul Pal Says: 'Don't Screw This Up'",Khyathi Dalal,https://cdn.benzinga.com/files/images/story/2025/05/05/Crypto-Prices-Rise-Up-Positive--Bitcoin-.jpeg?width=1200&height=800&fit=crop,www.benzinga.com,"Blockchain,Financial Markets",0.130142,Neutral,"[{""ticker"": ""CRYPTO:BTC"", ""relevance_score"": ""0.377142"", ""ticker_sentiment_score"": ""0.03406"", ""ticker_sentiment_label"": ""Neutral""}]"
2025-05-05,"BINGHAMTON, N.Y., May 05, 2025 ( GLOBE NEWSWIRE ) -- The allure of spinning the reels and landing a massive jackpot has made real money slots a cornerstone of online casino entertainment.",Benzinga,https://www.benzinga.com/pressreleases/25/05/g45197600/best-slots-to-play-online-for-real-money-jackbit-crowned-1-destination-for-top-rated-slot-games,0.016796,https://www.benzinga.com/pressreleases/25/05/g45197600/best-slots-to-play-online-for-real-money-jackbit-crowned-1-destination-for-top-rated-slot-games,Best Slots to Play Online for Real Money - JACKBIT: Crowned #1 Destination for Top-Rated Slot Games,Globe Newswire,https://www.benzinga.com/next-assets/images/schema-image-default.png,www.benzinga.com,"Earnings,Blockchain,Financial Markets",0.563404,Bullish,"[{""ticker"": ""MA"", ""relevance_score"": ""0.016796"", ""ticker_sentiment_score"": ""0.30912"", ""ticker_sentiment_label"": ""Somewhat-Bullish""}, {""ticker"": ""PYPL"", ""relevance_score"": ""0.016796"", ""ticker_sentiment_score"": ""0.30912"", ""ticker_sentiment_label"": ""Somewhat-Bullish""}, {""ticker"": ""CRYPTO:BTC"", ""relevance_score"": ""0.016796"", ""ticker_sentiment_score"": ""0.30912"", ""ticker_sentiment_label"": ""Somewhat-Bullish""}, {""ticker"": ""CRYPTO:ETH"", ""relevance_score"": ""0.016796"", ""ticker_sentiment_score"": ""0.30912"", ""ticker_sentiment_label"": ""Somewhat-Bullish""}]"
2025-05-05,"$243M Bitcoin scam that led to kidnapping and chaos In one of the most bizarre crossovers between digital crime and real-world violence, a group of young cybercriminals stole almost $243 million in Bitcoin ( BTC ) . Within weeks, the fallout spilled from the blockchain into a quiet Connecticut ...",Cointelegraph,https://cointelegraph.com/explained/how-a-243-million-crypto-heist-led-to-a-real-world-kidnapping,0.143415,https://cointelegraph.com/explained/how-a-243-million-crypto-heist-led-to-a-real-world-kidnapping,Cointelegraph Bitcoin & Ethereum Blockchain News,,https://s3.cointelegraph.com/storage/uploads/view/03c00f92c6a3f0af6deb1411b2edc961.jpg,cointelegraph.com,"Technology,Blockchain",-0.103207,Neutral,"[{""ticker"": ""NFLX"", ""relevance_score"": ""0.028833"", ""ticker_sentiment_score"": ""-0.149551"", ""ticker_sentiment_label"": ""Neutral""}, {""ticker"": ""GOOG"", ""relevance_score"": ""0.028833"", ""ticker_sentiment_score"": ""-0.149551"", ""ticker_sentiment_label"": ""Neutral""}, {""ticker"": ""CRYPTO:BTC"", ""relevance_score"": ""0.143415"", ""ticker_sentiment_score"": ""-0.170002"", ""ticker_sentiment_label"": ""Somewhat-Bearish""}, {""ticker"": ""CRYPTO:VPN"", ""relevance_score"": ""0.028833"", ""ticker_sentiment_score"": ""-0.099407"", ""ticker_sentiment_label"": ""Neutral""}]"
2025-05-05,"Michael Saylor, co-founder and executive chairman of Strategy Inc. MSTR, hinted on Sunday that the firm's Bitcoin BTC/USD buying streak would continue in the new week. What happened: Saylor posted a chart that tracks the company's Bitcoin purchases on X, with the caption, ""Too much blue, not ...",Benzinga,https://www.benzinga.com/markets/cryptocurrency/25/05/45188974/michael-saylor-hints-more-btc-purchases-on-the-way-as-mstr-surges-47-in-a-month-too-much-b,0.956402,https://www.benzinga.com/markets/cryptocurrency/25/05/45188974/michael-saylor-hints-more-btc-purchases-on-the-way-as-mstr-surges-47-in-a-month-too-much-b,"Michael Saylor Hints More BTC Purchases On The Way As MSTR Surges 47% In A Month: 'Too Much Blue, Not Enough Orange'",Aniket Verma,https://cdn.benzinga.com/files/images/story/2025/05/05/Antalya--Turkey---December-4--2024-Bitco.jpeg?width=1200&height=800&fit=crop,www.benzinga.com,"Blockchain,Financial Markets",0.2289,Somewhat-Bullish,"[{""ticker"": ""CRYPTO:BTC"", ""relevance_score"": ""0.956402"", ""ticker_sentiment_score"": ""0.338107"", ""ticker_sentiment_label"": ""Somewhat-Bullish""}]"
2025-05-05,"Stockholm, 5th of May 2025 - Today Virtune announces that it has finalized its monthly rebalancing for Virtune Crypto Top 10 Index ETP, listed on Nasdaq Stockholm for both the SEK-denominated ( ISIN code SE0020052207, ticker name VIR10SEK ) and the EUR-denominated ( ISIN code SE0020052215, ...",GlobeNewswire,https://www.globenewswire.com/news-release/2025/05/05/3073840/0/en/Virtune-AB-Publ-Virtune-has-completed-the-monthly-rebalancing-for-April-2025-of-its-Virtune-Crypto-Top-10-Index-ETP-the-first-crypto-index-ETP-in-the-Nordics.html,0.083251,https://www.globenewswire.com/news-release/2025/05/05/3073840/0/en/Virtune-AB-Publ-Virtune-has-completed-the-monthly-rebalancing-for-April-2025-of-its-Virtune-Crypto-Top-10-Index-ETP-the-first-crypto-index-ETP-in-the-Nordics.html,"Virtune AB  ( Publ )   ( ""Virtune"" )  has completed the monthly rebalancing for April 2025 of its Virtune Crypto Top 10 Index ETP, the first crypto index ETP in the Nordics",Virtune AB (Publ),https://ml-eu.globenewswire.com/Resource/Download/da0bec69-79eb-4618-87fd-d96aa395aaed,www.globenewswire.com,"Blockchain,Financial Markets",0.257078,Somewhat-Bullish,"[{""ticker"": ""CRYPTO:BTC"", ""relevance_score"": ""0.083251"", ""ticker_sentiment_score"": ""0.058973"", ""ticker_sentiment_label"": ""Neutral""}, {""ticker"": ""CRYPTO:ETH"", ""relevance_score"": ""0.083251"", ""ticker_sentiment_score"": ""0.058973"", ""ticker_sentiment_label"": ""Neutral""}, {""ticker"": ""CRYPTO:UNI"", ""relevance_score"": ""0.083251"", ""ticker_sentiment_score"": ""0.058973"", ""ticker_sentiment_label"": ""Neutral""}]"
2025-05-05,"Increasing institutional interest and moves toward legal frameworks for stablecoins have seen the space grow, with five major projects slated to expand the market in the near future. In the EU, the Markets in Crypto-Assets ( MiCA ) regulatory package is in full force and has given stablecoin ...",Cointelegraph,https://cointelegraph.com/news/major-stablecoins-growing-crypto-adoption,0.043108,https://cointelegraph.com/news/major-stablecoins-growing-crypto-adoption,Stablecoin fever: 5 major stablecoins are growing crypto adoption,Aaron Wood,https://s3.cointelegraph.com/uploads/2025-04/01968711-a805-7eb2-adff-7f041be6a1e4,cointelegraph.com,"Economy - Monetary,Financial Markets,Technology,Finance,Blockchain",0.219777,Somewhat-Bullish,"[{""ticker"": ""FRBA"", ""relevance_score"": ""0.043108"", ""ticker_sentiment_score"": ""-0.067331"", ""ticker_sentiment_label"": ""Neutral""}, {""ticker"": ""AWON"", ""relevance_score"": ""0.043108"", ""ticker_sentiment_score"": ""0.104783"", ""ticker_sentiment_label"": ""Neutral""}, {""ticker"": ""MA"", ""relevance_score"": ""0.128822"", ""ticker_sentiment_score"": ""0.222993"", ""ticker_sentiment_label"": ""Somewhat-Bullish""}, {""ticker"": ""COIN"", ""relevance_score"": ""0.043108"", ""ticker_sentiment_score"": ""0.089972"", ""ticker_sentiment_label"": ""Neutral""}, {""ticker"": ""FOREX:USD"", ""relevance_score"": ""0.08609"", ""ticker_sentiment_score"": ""0.010331"", ""ticker_sentiment_label"": ""Neutral""}, {""ticker"": ""CRYPTO:BTC"", ""relevance_score"": ""0.043108"", ""ticker_sentiment_score"": ""0.123801"", ""ticker_sentiment_label"": ""Neutral""}, {""ticker"": ""CRYPTO:ETH"", ""relevance_score"": ""0.08609"", ""ticker_sentiment_score"": ""0.102602"", ""ticker_sentiment_label"": ""Neutral""}, {""ticker"": ""CRYPTO:USDT"", ""relevance_score"": ""0.043108"", ""ticker_sentiment_score"": ""0.0"", ""ticker_sentiment_label"": ""Neutral""}, {""ticker"": ""CRYPTO:BNB"", ""relevance_score"": ""0.043108"", ""ticker_sentiment_score"": ""0.213253"", ""ticker_sentiment_label"": ""Somewhat-Bullish""}, {""ticker"": ""CRYPTO:ERC"", ""relevance_score"": ""0.043108"", ""ticker_sentiment_score"": ""-0.065366"", ""ticker_sentiment_label"": ""Neutral""}]"
2025-05-05,"Something completely unexpected happened with Bitcoin ( CRYPTO: BTC ) in April. After falling precipitously in February and March, the cryptocurrency suddenly began surging and is now up 15% over the past 30 days.For Bitcoin investors, the big question is whether this mini-rally is going to last ...",Motley Fool,https://www.fool.com/investing/2025/05/05/as-markets-churned-bitcoin-surged-heres-what-could/,0.928707,https://www.fool.com/investing/2025/05/05/as-markets-churned-bitcoin-surged-heres-what-could/,"As Markets Churned, Bitcoin Surged. Here's What Could Happen Next.",Dominic Basulto,https://g.foolcdn.com/image/?url=https%3A%2F%2Fg.foolcdn.com%2Feditorial%2Fimages%2F816787%2Finvestor-staring-at-chart.jpg&op=resize&w=700,www.fool.com,"Economy - Monetary,Economy - Fiscal,Financial Markets,Blockchain",0.08645,Neutral,"[{""ticker"": ""FOREX:USD"", ""relevance_score"": ""0.04794"", ""ticker_sentiment_score"": ""0.040861"", ""ticker_sentiment_label"": ""Neutral""}, {""ticker"": ""CRYPTO:BTC"", ""relevance_score"": ""0.928707"", ""ticker_sentiment_score"": ""0.217876"", ""ticker_sentiment_label"": ""Somewhat-Bullish""}]"
2025-05-05,"A Litecoin LTC/USD spot exchange-traded fund due for a decision on Monday may be delayed by the SEC, an analyst said.",Benzinga,https://www.benzinga.com/trading-ideas/movers/25/05/45188301/litecoin-defies-bitcoin-ethereum-dip-ahead-of-sec-etf-decision-a-delay-is-more-likely-says-e,0.617765,https://www.benzinga.com/trading-ideas/movers/25/05/45188301/litecoin-defies-bitcoin-ethereum-dip-ahead-of-sec-etf-decision-a-delay-is-more-likely-says-e,"Litecoin Defies Bitcoin, Ethereum Dip Ahead Of SEC ETF Decision: 'A Delay Is More Likely,' Says Expert - LTC Properties  ( NYSE:LTC ) ",Aniket Verma,https://cdn.benzinga.com/files/images/story/2025/05/05/Closeup-Of-Litecoin-Cryptocurrency-With-.jpeg?width=1200&height=800&fit=crop,www.benzinga.com,"Blockchain,Financial Markets",0.223498,Somewhat-Bullish,"[{""ticker"": ""CRYPTO:BTC"", ""relevance_score"": ""0.617765"", ""ticker_sentiment_score"": ""0.361749"", ""ticker_sentiment_label"": ""Bullish""}, {""ticker"": ""CRYPTO:ETH"", ""relevance_score"": ""0.229149"", ""ticker_sentiment_score"": ""0.053791"", ""ticker_sentiment_label"": ""Neutral""}, {""ticker"": ""CRYPTO:LTC"", ""relevance_score"": ""0.756001"", ""ticker_sentiment_score"": ""0.190738"", ""ticker_sentiment_label"": ""Somewhat-Bullish""}]"
2025-05-05,The proposed shift in architecture could simplify Ethereum while enhancing its zero-knowledge capabilities.,Decrypt.co,https://decrypt.co/317816/vitalik-speed-up-ethereum-100x-simple-as-bitcoin,0.274834,https://decrypt.co/317816/vitalik-speed-up-ethereum-100x-simple-as-bitcoin,"Vitalik Wants To Speed Up Ethereum By 100x, Make it as 'Simple as Bitcoin'",Vince Dioquino,https://cdn.decrypt.co/resize/1024/height/512/wp-content/uploads/2019/04/vitalik-head-gID_7.jpeg,decrypt.co,,0.167703,Somewhat-Bullish,"[{""ticker"": ""CRYPTO:BTC"", ""relevance_score"": ""0.274834"", ""ticker_sentiment_score"": ""0.350536"", ""ticker_sentiment_label"": ""Bullish""}, {""ticker"": ""CRYPTO:ETH"", ""relevance_score"": ""0.758753"", ""ticker_sentiment_score"": ""0.268395"", ""ticker_sentiment_label"": ""Somewhat-Bullish""}]"
2025-05-05,"Early Bitcoin entrepreneur Charlie Shrem says he's working on bringing back the Bitcoin faucet - a website that hands out Bitcoin to whoever solves CAPTCHA tasks, normally used to distinguish humans from machines.Shrem shared his new Bitcoin ( BTC ) faucet website - 21million.com - in a May 4 X ...",Cointelegraph,https://cointelegraph.com/news/bitcoin-pioneer-felon-bringing-back-the-bitcoin-faucet,0.969672,https://cointelegraph.com/news/bitcoin-pioneer-felon-bringing-back-the-bitcoin-faucet,Bitcoin pioneer and felon says he's 'vibe coding' to restart the BTC faucet,Brayden Lindrea,https://s3.cointelegraph.com/uploads/2025-05/01969edd-4921-75bf-b3cf-d102c5e2efc7,cointelegraph.com,Blockchain,0.03113,Neutral,"[{""ticker"": ""CRYPTO:BTC"", ""relevance_score"": ""0.969672"", ""ticker_sentiment_score"": ""0.186772"", ""ticker_sentiment_label"": ""Somewhat-Bullish""}]"
2025-05-05,"The Australian crypto industry has called on the newly reelected Labor government to urgently make digital asset legislation a top priority to ensure Australia doesn't fall further behind global markets.The incumbent Australian Labor Party was returned in a landslide on May 3, picking up 54.9% ...",Cointelegraph,https://cointelegraph.com/news/industry-calls-urgent-crypto-law-reforms-after-australian-election,0.093653,https://cointelegraph.com/news/industry-calls-urgent-crypto-law-reforms-after-australian-election,Industry calls for urgent crypto law reforms after Australian election,Andrew Fenton,https://s3.cointelegraph.com/uploads/2025-05/01969ed2-0a21-7c82-84eb-261a2865ac32,cointelegraph.com,"Finance,Blockchain",0.297059,Somewhat-Bullish,"[{""ticker"": ""COIN"", ""relevance_score"": ""0.046907"", ""ticker_sentiment_score"": ""0.12774"", ""ticker_sentiment_label"": ""Neutral""}, {""ticker"": ""CRYPTO:BTC"", ""relevance_score"": ""0.093653"", ""ticker_sentiment_score"": ""0.231171"", ""ticker_sentiment_label"": ""Somewhat-Bullish""}]"
2025-05-05,"Spot Bitcoin exchange-traded funds ( ETFs ) in the United States bought up nearly six times as many Bitcoin as were produced by miners over the last week.The US-based Bitcoin ( BTC ) funds bought a whopping 18,644 Bitcoin over the past week when only 3,150 BTC were mined for the period, reported ...",Cointelegraph,https://cointelegraph.com/news/us-bitcoin-etfs-bought-6x-more-btc-than-produced-by-miners-last-week,0.858272,https://cointelegraph.com/news/us-bitcoin-etfs-bought-6x-more-btc-than-produced-by-miners-last-week,US Bitcoin ETFs bought 6x more than BTC miners produced last week,Martin Young,https://s3.cointelegraph.com/uploads/2025-05/01969ed1-ad95-7062-82e4-c50148d578bb,cointelegraph.com,Financial Markets,0.124122,Neutral,"[{""ticker"": ""CRYPTO:BTC"", ""relevance_score"": ""0.858272"", ""ticker_sentiment_score"": ""0.195435"", ""ticker_sentiment_label"": ""Somewhat-Bullish""}, {""ticker"": ""CRYPTO:LTC"", ""relevance_score"": ""0.375722"", ""ticker_sentiment_score"": ""0.192779"", ""ticker_sentiment_label"": ""Somewhat-Bullish""}]"
2025-05-05,Malicious actors appear to have infiltrated the New York Post's X account in an attempt to scam crypto users on the microblogging platform. Some X users from the crypto community have recently reported having received a private message from the New York Post's X account inviting them to feature ...,Cointelegraph,https://cointelegraph.com/news/hackers-accessed-new-york-post-x-account-scam-crypto-twitter,0.174587,https://cointelegraph.com/news/hackers-accessed-new-york-post-x-account-scam-crypto-twitter,"Hackers use New York Post's X account to send scam DMs, users report",Martin Young,https://s3.cointelegraph.com/uploads/2025-05/01969e6d-9a21-735a-8885-a42830c735a5,cointelegraph.com,Blockchain,-0.177341,Somewhat-Bearish,"[{""ticker"": ""CRYPTO:BTC"", ""relevance_score"": ""0.174587"", ""ticker_sentiment_score"": ""0.0"", ""ticker_sentiment_label"": ""Neutral""}]"
2025-05-05,"Leading cryptocurrencies dipped on Sunday ahead of the Federal Reserve's monetary policy meeting. What Happened: Bitcoin experienced sell-offs throughout the evening after peaking at $96,000 in the early morning hours.",Benzinga,https://www.benzinga.com/trading-ideas/movers/25/05/45187216/bitcoin-ethereum-dogecoin-slide-as-traders-turn-cautious-before-fed-meeting-analyst-foresees,0.431554,https://www.benzinga.com/trading-ideas/movers/25/05/45187216/bitcoin-ethereum-dogecoin-slide-as-traders-turn-cautious-before-fed-meeting-analyst-foresees,"Bitcoin, Ethereum, Dogecoin Slide As Traders Turn Cautious Before Fed Meeting: Analyst Foresees BTC 'Correction' To $86,000 - Grayscale Bitcoin Mini Trust  ( BTC )  Common units of fractional undivided beneficial interest  ( ARCA:BTC ) ",Aniket Verma,https://cdn.benzinga.com/files/images/story/2025/05/04/Planting-A-Gold-Bitcoin-Coins-Into-The-G.jpeg?width=1200&height=800&fit=crop,www.benzinga.com,"Economy - Monetary,Blockchain,Financial Markets",0.064962,Neutral,"[{""ticker"": ""CRYPTO:BTC"", ""relevance_score"": ""0.431554"", ""ticker_sentiment_score"": ""-0.068658"", ""ticker_sentiment_label"": ""Neutral""}, {""ticker"": ""CRYPTO:ETH"", ""relevance_score"": ""0.18046"", ""ticker_sentiment_score"": ""0.133256"", ""ticker_sentiment_label"": ""Neutral""}]"
2025-05-05,"Five suspects were arrested after severing a victim's finger in the latest ""wrench attack"" involving attempts at crypto extortion.",Decrypt.co,https://decrypt.co/317809/french-police-rescue-kidnapped-father-crypto-millionaire,0.275867,https://decrypt.co/317809/french-police-rescue-kidnapped-father-crypto-millionaire,French Police Rescue Kidnapped Father of Crypto Millionaire: Reports,Vince Dioquino,https://cdn.decrypt.co/resize/1024/height/512/wp-content/uploads/2020/04/shutterstock_7765051481-gID_7.jpg,decrypt.co,Blockchain,-0.141182,Neutral,"[{""ticker"": ""CRYPTO:BTC"", ""relevance_score"": ""0.275867"", ""ticker_sentiment_score"": ""0.057483"", ""ticker_sentiment_label"": ""Neutral""}]"
2025-05-05,Arizona's Governor has vetoed a bill that would have allowed public retirement funds to invest up to 10% in Bitcoin.,Decrypt.co,https://decrypt.co/317807/arizona-governor-nixes-bitcoin-bill,0.393462,https://decrypt.co/317807/arizona-governor-nixes-bitcoin-bill,"Arizona Governor Nixes Bitcoin Bill, Companion Crypto Fund Still in Limbo",Sebastian Sinclair,https://cdn.decrypt.co/resize/1024/height/512/wp-content/uploads/2025/01/bitcoin-btc-sitting-on-table-dark-lighting-gID_7.png,decrypt.co,Financial Markets,0.014372,Neutral,"[{""ticker"": ""CRYPTO:BTC"", ""relevance_score"": ""0.393462"", ""ticker_sentiment_score"": ""0.013653"", ""ticker_sentiment_label"": ""Neutral""}]"
2025-05-05,"Key points:Bitcoin's positive sentiment should remain intact if BTC price stays above the 20-day EMA near $92,000.Several altcoins show bullish chart patterns in the 4-hour and 1-day timeframes.Bitcoin ( BTC ) has given back some of the gains over the weekend, and the price has pulled back to ...",Cointelegraph,https://cointelegraph.com/news/bitcoin-price-cools-going-into-fed-rate-hike-week-hype-aave-rndr-fet-still-look-bullish,0.346157,https://cointelegraph.com/news/bitcoin-price-cools-going-into-fed-rate-hike-week-hype-aave-rndr-fet-still-look-bullish,"Bitcoin price cools going into Fed rate hike week, HYPE, AAVE, RNDR, FET still look bullish",Rakesh Upadhyay,https://s3.cointelegraph.com/uploads/2025-05/01969c43-3465-7fba-8171-5df0086851fc,cointelegraph.com,"Economy - Monetary,Blockchain",0.024169,Neutral,"[{""ticker"": ""CRYPTO:BTC"", ""relevance_score"": ""0.346157"", ""ticker_sentiment_score"": ""0.160318"", ""ticker_sentiment_label"": ""Somewhat-Bullish""}, {""ticker"": ""CRYPTO:AAVE"", ""relevance_score"": ""0.107016"", ""ticker_sentiment_score"": ""0.022455"", ""ticker_sentiment_label"": ""Neutral""}, {""ticker"": ""CRYPTO:USDT"", ""relevance_score"": ""0.17741"", ""ticker_sentiment_score"": ""0.023797"", ""ticker_sentiment_label"": ""Neutral""}]"
2025-05-05,"Miami, Florida, May 05, 2025 ( GLOBE NEWSWIRE ) -- As the price of Bitcoin ( BTC ) stabilizes around $96,362, the overall confidence in the crypto market has clearly rebounded. According to the latest data from CMC, the Fear and Greed Index has soared from 24 a month ago to 56.",Benzinga,https://www.benzinga.com/pressreleases/25/05/g45196434/the-price-of-bitcoin-stabilizes-at-96-362-and-the-market-will-usher-in-a-new-round-of-bull-market-,0.287537,https://www.benzinga.com/pressreleases/25/05/g45196434/the-price-of-bitcoin-stabilizes-at-96-362-and-the-market-will-usher-in-a-new-round-of-bull-market-,"The price of Bitcoin stabilizes at $96,362, and the market will usher in a new round of bull market. Teach you how to earn BTC quickly.",Globe Newswire,https://www.benzinga.com/next-assets/images/schema-image-default.png,www.benzinga.com,"Earnings,Blockchain,Financial Markets",0.43667,Bullish,"[{""ticker"": ""CRYPTO:BTC"", ""relevance_score"": ""0.287537"", ""ticker_sentiment_score"": ""0.221602"", ""ticker_sentiment_label"": ""Somewhat-Bullish""}, {""ticker"": ""CRYPTO:ETH"", ""relevance_score"": ""0.1172"", ""ticker_sentiment_score"": ""0.1697"", ""ticker_sentiment_label"": ""Somewhat-Bullish""}, {""ticker"": ""CRYPTO:FIL"", ""relevance_score"": ""0.058759"", ""ticker_sentiment_score"": ""0.235036"", ""ticker_sentiment_label"": ""Somewhat-Bullish""}, {""ticker"": ""CRYPTO:USDT"", ""relevance_score"": ""0.1172"", ""ticker_sentiment_score"": ""0.193601"", ""ticker_sentiment_label"": ""Somewhat-Bullish""}, {""ticker"": ""CRYPTO:LTC"", ""relevance_score"": ""0.1172"", ""ticker_sentiment_score"": ""0.1697"", ""ticker_sentiment_label"": ""Somewhat-Bullish""}, {""ticker"": ""CRYPTO:XRP"", ""relevance_score"": ""0.058759"", ""ticker_sentiment_score"": ""0.172002"", ""ticker_sentiment_label"": ""Somewhat-Bullish""}]"
2025-05-05,"Ethereum co-founder Vitalik Buterin explained when rollup-based layer-2 platforms should go decentralized, and why ""as soon as possible"" is not the correct answer.In a May 5 X post, Buterin said there is a right time for rollup-based scalability solutions to transition to a decentralized model.",Cointelegraph,https://cointelegraph.com/news/vitalik-buterin-rollups-decentralization-guidelines,0.066784,https://cointelegraph.com/news/vitalik-buterin-rollups-decentralization-guidelines,Vitalik Buterin says rollups must prove security before decentralizing,Adrian Zmudzinski,https://s3.cointelegraph.com/uploads/2025-05/01969fb1-6413-7084-bfff-22b9c959d1b4,cointelegraph.com,Blockchain,0.004951,Neutral,"[{""ticker"": ""CRYPTO:BTC"", ""relevance_score"": ""0.066784"", ""ticker_sentiment_score"": ""0.0"", ""ticker_sentiment_label"": ""Neutral""}, {""ticker"": ""CRYPTO:ETH"", ""relevance_score"": ""0.38489"", ""ticker_sentiment_score"": ""0.305296"", ""ticker_sentiment_label"": ""Somewhat-Bullish""}, {""ticker"": ""CRYPTO:LRC"", ""relevance_score"": ""0.066784"", ""ticker_sentiment_score"": ""0.09118"", ""ticker_sentiment_label"": ""Neutral""}, {""ticker"": ""CRYPTO:XTZ"", ""relevance_score"": ""0.066784"", ""ticker_sentiment_score"": ""0.097122"", ""ticker_sentiment_label"": ""Neutral""}]"
2025-05-05,"Tether AI, the upcoming artificial intelligence platform from the stablecoin giant Tether, will feature payments in major cryptocurrencies, including USDt and Bitcoin.Tether CEO Paolo Adroino took to X on May 5 to tease the soon-to-come launch of Tether AI, the company's new AI platform designed ...",Cointelegraph,https://cointelegraph.com/news/tether-ai-support-bitcoin-usdt-payments-paolo-ardoino,0.551622,https://cointelegraph.com/news/tether-ai-support-bitcoin-usdt-payments-paolo-ardoino,"Tether AI platform to support Bitcoin and USDT payments, CEO says",Helen Partz,https://s3.cointelegraph.com/uploads/2025-05/01969fec-1870-7e82-81c3-6d4c78f355fa,cointelegraph.com,"Real Estate & Construction,Blockchain",0.19021,Somewhat-Bullish,"[{""ticker"": ""APG"", ""relevance_score"": ""0.086245"", ""ticker_sentiment_score"": ""0.0"", ""ticker_sentiment_label"": ""Neutral""}, {""ticker"": ""PTOP"", ""relevance_score"": ""0.086245"", ""ticker_sentiment_score"": ""-0.078076"", ""ticker_sentiment_label"": ""Neutral""}, {""ticker"": ""CRYPTO:BTC"", ""relevance_score"": ""0.551622"", ""ticker_sentiment_score"": ""0.189495"", ""ticker_sentiment_label"": ""Somewhat-Bullish""}, {""ticker"": ""CRYPTO:USDT"", ""relevance_score"": ""0.086245"", ""ticker_sentiment_score"": ""0.076015"", ""ticker_sentiment_label"": ""Neutral""}]"
2025-05-05,"Bitcoin ( BTC ) starts the first full week of May with yearly open support in focus ahead of a key US economic policy decision.BTC price action attempts to hold the yearly open as support after some downside at the weekly close, but bullish perspectives remain intact.The US Federal Reserve ...",Cointelegraph,https://cointelegraph.com/news/btc-dominance-due-to-collapse-5-things-bitcoin-this-week,0.540358,https://cointelegraph.com/news/btc-dominance-due-to-collapse-5-things-bitcoin-this-week,BTC dominance due 'collapse' at 71%: 5 things to know in Bitcoin this week,William Suberg,https://s3.cointelegraph.com/uploads/2025-05/01969f2d-6f4b-7101-92f6-3bc6085e9dfe,cointelegraph.com,"Economy - Monetary,Financial Markets,Earnings,Finance,Blockchain",-0.031516,Neutral,"[{""ticker"": ""COIN"", ""relevance_score"": ""0.056143"", ""ticker_sentiment_score"": ""0.04609"", ""ticker_sentiment_label"": ""Neutral""}, {""ticker"": ""CRYPTO:BTC"", ""relevance_score"": ""0.540358"", ""ticker_sentiment_score"": ""0.104252"", ""ticker_sentiment_label"": ""Neutral""}, {""ticker"": ""CRYPTO:ETH"", ""relevance_score"": ""0.084127"", ""ticker_sentiment_score"": ""0.094555"", ""ticker_sentiment_label"": ""Neutral""}, {""ticker"": ""CRYPTO:AAVE"", ""relevance_score"": ""0.028089"", ""ticker_sentiment_score"": ""-0.054529"", ""ticker_sentiment_label"": ""Neutral""}]"
2025-05-05,"Key takeaways:Bitcoin failed to break the $98,000 resistance amid increased profit-taking.BTC price needs to close above $95,000 on the daily chart for a push to $100,000.Bitcoin's ( BTC ) price failed to break above resistance at $98,000 on May 3.",Cointelegraph,https://cointelegraph.com/news/watch-these-bitcoin-price-levels-btc-meets-decision-point,0.7931,https://cointelegraph.com/news/watch-these-bitcoin-price-levels-btc-meets-decision-point,Watch these Bitcoin price levels as BTC meets 'decision point',Nancy Lubale,https://s3.cointelegraph.com/uploads/2025-05/01969fab-3ddf-746c-95ef-7e1f481a46da,cointelegraph.com,Economy - Monetary,0.12264,Neutral,"[{""ticker"": ""CRYPTO:BTC"", ""relevance_score"": ""0.7931"", ""ticker_sentiment_score"": ""0.052862"", ""ticker_sentiment_label"": ""Neutral""}, {""ticker"": ""CRYPTO:AAVE"", ""relevance_score"": ""0.077343"", ""ticker_sentiment_score"": ""-0.058745"", ""ticker_sentiment_label"": ""Neutral""}]"
2025-05-05,"Whales with a lot of money to spend have taken a noticeably bearish stance on MARA Holdings. Looking at options history for MARA Holdings MARA we detected 14 trades. If we consider the specifics of each trade, it is accurate to state that 21% of the investors opened trades with bullish ...",Benzinga,https://www.benzinga.com/insights/options/25/05/45195096/unpacking-the-latest-options-trading-trends-in-mara-holdings,0.072655,https://www.benzinga.com/insights/options/25/05/45195096/unpacking-the-latest-options-trading-trends-in-mara-holdings,Unpacking the Latest Options Trading Trends in MARA Holdings - MARA Holdings  ( NASDAQ:MARA ) ,Benzinga Insights,https://www.benzinga.com/next-assets/images/schema-image-default.png,www.benzinga.com,"Earnings,Blockchain,Financial Markets",0.300505,Somewhat-Bullish,"[{""ticker"": ""PLSQF"", ""relevance_score"": ""0.072655"", ""ticker_sentiment_score"": ""0.145677"", ""ticker_sentiment_label"": ""Neutral""}, {""ticker"": ""CRYPTO:BTC"", ""relevance_score"": ""0.072655"", ""ticker_sentiment_score"": ""0.354401"", ""ticker_sentiment_label"": ""Bullish""}]"
2025-05-05,Company Highlights Strategic Transition to Artificial Intelligence Data Centers and Reports Growth in Certain Business Units Company Highlights Strategic Transition to Artificial Intelligence Data Centers and Reports Growth in Certain Business Units ...,GlobeNewswire,https://www.globenewswire.com/news-release/2025/05/05/3073886/0/en/Hyperscale-Data-Announces-Preliminary-25-Million-in-Revenue-for-Q1-2025-Provides-Full-Year-Guidance-of-115-125-Million.html,0.046907,https://www.globenewswire.com/news-release/2025/05/05/3073886/0/en/Hyperscale-Data-Announces-Preliminary-25-Million-in-Revenue-for-Q1-2025-Provides-Full-Year-Guidance-of-115-125-Million.html,"Hyperscale Data Announces Preliminary $25 Million in Revenue for Q1 2025, Provides Full-Year Guidance of $115-$125 Million","Hyperscale Data,Inc.",https://ml.globenewswire.com/Resource/Download/f92f0a80-b58d-4a9a-9c93-7af8334c16c2,www.globenewswire.com,"Earnings,Financial Markets",0.22529,Somewhat-Bullish,"[{""ticker"": ""AVLPQ"", ""relevance_score"": ""0.046907"", ""ticker_sentiment_score"": ""0.186503"", ""ticker_sentiment_label"": ""Somewhat-Bullish""}, {""ticker"": ""TOGI"", ""relevance_score"": ""0.046907"", ""ticker_sentiment_score"": ""0.0769"", ""ticker_sentiment_label"": ""Neutral""}, {""ticker"": ""CRYPTO:BTC"", ""relevance_score"": ""0.046907"", ""ticker_sentiment_score"": ""0.092773"", ""ticker_sentiment_label"": ""Neutral""}]"
2025-05-05,"In this podcast, Motley Fool analyst Jason Moser and host Ricky Mulvey discuss:Then, Motley Fool personal finance expert Robert Brokamp joins Ricky to discuss how to diversify your savings.To catch full episodes of all The Motley Fool's free podcasts, check out our podcast center.",Motley Fool,https://www.fool.com/investing/2025/05/05/a-steady-business-during-uncertain-times/,0.020958,https://www.fool.com/investing/2025/05/05/a-steady-business-during-uncertain-times/,A Steady Business During Uncertain Times,Motley Fool Staff,https://g.foolcdn.com/editorial/images/816728/a-steady-business-during-uncertain-times.jpg,www.fool.com,"Technology,Finance,Economy - Monetary,Retail & Wholesale,Financial Markets,Manufacturing,Earnings",0.109907,Neutral,"[{""ticker"": ""MFCSF"", ""relevance_score"": ""0.006987"", ""ticker_sentiment_score"": ""0.023023"", ""ticker_sentiment_label"": ""Neutral""}, {""ticker"": ""NFLX"", ""relevance_score"": ""0.013973"", ""ticker_sentiment_score"": ""0.056264"", ""ticker_sentiment_label"": ""Neutral""}, {""ticker"": ""PYPL"", ""relevance_score"": ""0.083687"", ""ticker_sentiment_score"": ""0.090615"", ""ticker_sentiment_label"": ""Neutral""}, {""ticker"": ""SPOT"", ""relevance_score"": ""0.034922"", ""ticker_sentiment_score"": ""0.093548"", ""ticker_sentiment_label"": ""Neutral""}, {""ticker"": ""BRK-A"", ""relevance_score"": ""0.006987"", ""ticker_sentiment_score"": ""0.0"", ""ticker_sentiment_label"": ""Neutral""}, {""ticker"": ""MYSZ"", ""relevance_score"": ""0.006987"", ""ticker_sentiment_score"": ""-0.030825"", ""ticker_sentiment_label"": ""Neutral""}, {""ticker"": ""CHWY"", ""relevance_score"": ""0.006987"", ""ticker_sentiment_score"": ""-0.034003"", ""ticker_sentiment_label"": ""Neutral""}, {""ticker"": ""MCO"", ""relevance_score"": ""0.006987"", ""ticker_sentiment_score"": ""-0.010964"", ""ticker_sentiment_label"": ""Neutral""}, {""ticker"": ""NYT"", ""relevance_score"": ""0.006987"", ""ticker_sentiment_score"": ""0.048126"", ""ticker_sentiment_label"": ""Neutral""}, {""ticker"": ""IVZ"", ""relevance_score"": ""0.006987"", ""ticker_sentiment_score"": ""0.069244"", ""ticker_sentiment_label"": ""Neutral""}, {""ticker"": ""AMZN"", ""relevance_score"": ""0.027941"", ""ticker_sentiment_score"": ""0.042904"", ""ticker_sentiment_label"": ""Neutral""}, {""ticker"": ""WMT"", ""relevance_score"": ""0.013973"", ""ticker_sentiment_score"": ""-0.026067"", ""ticker_sentiment_label"": ""Neutral""}, {""ticker"": ""CRYPTO:BTC"", ""relevance_score"": ""0.020958"", ""ticker_sentiment_score"": ""0.125881"", ""ticker_sentiment_label"": ""Neutral""}]"
2025-05-05,"MARA Holdings says it mined 705 bitcoin in April, down 15% month-over-month from 829 bitcoin mined in March. Analysts expect the bitcoin miner to report earnings of 29 cents per share and revenue of $224.85 million later this week.",Benzinga,https://www.benzinga.com/25/05/45193859/mara-holdings-says-bitcoin-production-fell-15-last-month-shares-move-lower-with-earnings-on-the-horizon-whats-goi,0.790287,https://www.benzinga.com/25/05/45193859/mara-holdings-says-bitcoin-production-fell-15-last-month-shares-move-lower-with-earnings-on-the-horizon-whats-goi,"MARA Holdings Says Bitcoin Production Fell 15% Last Month, Shares Move Lower With Earnings On The Horizon: What's Going On? - MARA Holdings  ( NASDAQ:MARA ) ",Adam Eckert,https://cdn.benzinga.com/files/images/story/2025/05/05/Piles-Of-Golden-Bitcoin-Coin--Popular-Di_1.jpeg?width=1200&height=800&fit=crop,www.benzinga.com,"Earnings,Financial Markets",0.227991,Somewhat-Bullish,"[{""ticker"": ""CRYPTO:BTC"", ""relevance_score"": ""0.790287"", ""ticker_sentiment_score"": ""0.223517"", ""ticker_sentiment_label"": ""Somewhat-Bullish""}]"
2025-05-05,"Shares of the Bitcoin ( CRYPTO: BTC ) -focused exchange traded fund iShares Bitcoin Trust ETF ( NASDAQ: IBIT ) rallied 14.3% in April, according to data from S&P Global Market Intelligence .The IBIT is the most-traded and liquid Bitcoin ETF, and is run by Blackrock ( NYSE: BLK ) , the largest ...",Motley Fool,https://www.fool.com/investing/2025/05/05/why-the-ishares-bitcoin-trust-etf-rallied-14-in-ap/,0.939207,https://www.fool.com/investing/2025/05/05/why-the-ishares-bitcoin-trust-etf-rallied-14-in-ap/,Why the iShares Bitcoin Trust ETF Rallied 14% in April,Billy Duberstein,https://g.foolcdn.com/image/?url=https%3A%2F%2Fg.foolcdn.com%2Feditorial%2Fimages%2F817146%2Fgettyimages-1320532557.jpg&op=resize&w=700,www.fool.com,"Economy - Monetary,Financial Markets",0.068636,Neutral,"[{""ticker"": ""SPGI"", ""relevance_score"": ""0.059785"", ""ticker_sentiment_score"": ""0.291203"", ""ticker_sentiment_label"": ""Somewhat-Bullish""}, {""ticker"": ""FOREX:USD"", ""relevance_score"": ""0.178021"", ""ticker_sentiment_score"": ""-0.149253"", ""ticker_sentiment_label"": ""Neutral""}, {""ticker"": ""CRYPTO:BTC"", ""relevance_score"": ""0.939207"", ""ticker_sentiment_score"": ""0.188168"", ""ticker_sentiment_label"": ""Somewhat-Bullish""}]"
2025-05-05,"The company's average cost basis now stands at $68,550 per Bitcoin, with a total investment of $38.08 billion. Institutional crypto funds recorded $2 billion in inflows last week, according to CoinShares, marking three straight weeks of gains. Feel unsure about the market's next move?",Benzinga,https://www.benzinga.com/markets/cryptocurrency/25/05/45193805/strategy-acquires-1895-btc-for-180-million-as-bitcoin-etfs-bounce-back-with-18-billion-inf,0.721785,https://www.benzinga.com/markets/cryptocurrency/25/05/45193805/strategy-acquires-1895-btc-for-180-million-as-bitcoin-etfs-bounce-back-with-18-billion-inf,"Strategy Acquires 1,895 BTC For $180 Million As Bitcoin ETFs Bounce Back With $1.8 Billion Inflow - Strategy  ( NASDAQ:MSTR ) ",Murtuza J Merchant,https://cdn.benzinga.com/files/images/story/2025/05/05/Mclean--Va---April-20--2019-Microstrateg.jpeg?width=1200&height=800&fit=crop,www.benzinga.com,"Blockchain,Financial Markets",0.265466,Somewhat-Bullish,"[{""ticker"": ""CRYPTO:BTC"", ""relevance_score"": ""0.721785"", ""ticker_sentiment_score"": ""0.167347"", ""ticker_sentiment_label"": ""Somewhat-Bullish""}, {""ticker"": ""CRYPTO:ETH"", ""relevance_score"": ""0.190417"", ""ticker_sentiment_score"": ""0.242387"", ""ticker_sentiment_label"": ""Somewhat-Bullish""}, {""ticker"": ""CRYPTO:SOL"", ""relevance_score"": ""0.095899"", ""ticker_sentiment_score"": ""0.0"", ""ticker_sentiment_label"": ""Neutral""}, {""ticker"": ""CRYPTO:XRP"", ""relevance_score"": ""0.095899"", ""ticker_sentiment_score"": ""0.0"", ""ticker_sentiment_label"": ""Neutral""}, {""ticker"": ""CRYPTO:XTZ"", ""relevance_score"": ""0.190417"", ""ticker_sentiment_score"": ""0.0"", ""ticker_sentiment_label"": ""Neutral""}]"
2025-05-05,"Michael Saylor's Strategy, one of the world's largest corporate Bitcoin investors, slowed its BTC purchases last week as the cryptocurrency briefly surged above $97,000.Strategy acquired a new batch of 1,895 Bitcoin ( BTC ) for $180.3 million during the week from April 28 to May 4 at an average ...",Cointelegraph,https://cointelegraph.com/news/strategy-semler-buy-2000-bitcoin-price-tested-97000-last-week,0.999804,https://cointelegraph.com/news/strategy-semler-buy-2000-bitcoin-price-tested-97000-last-week,"Strategy, Semler bag 2K Bitcoin as price edged toward $100K last week",Helen Partz,https://s3.cointelegraph.com/uploads/2025-05/0196a072-aa93-7978-9d7c-b6c862b47d35,cointelegraph.com,"Life Sciences,Financial Markets,Mergers & Acquisitions,Blockchain",-0.03024,Neutral,"[{""ticker"": ""SMLR"", ""relevance_score"": ""0.163909"", ""ticker_sentiment_score"": ""0.0"", ""ticker_sentiment_label"": ""Neutral""}, {""ticker"": ""CRYPTO:BTC"", ""relevance_score"": ""0.999804"", ""ticker_sentiment_score"": ""0.03838"", ""ticker_sentiment_label"": ""Neutral""}]"
2025-05-05,"The demo transaction used BitcoinOS' new token xBTC, and zero-knowledge proofs instead of custodial arrangements.",Decrypt.co,https://decrypt.co/317840/bitcoinos-demo-sends-btc-to-cardano-and-back-without-a-cross-chain-bridge,0.875323,https://decrypt.co/317840/bitcoinos-demo-sends-btc-to-cardano-and-back-without-a-cross-chain-bridge,BitcoinOS Demo Sends BTC to Cardano and Back-Without a Cross-Chain Bridge,Stephen Graves,https://img.decrypt.co/insecure/rs:fit:3840:0:0:0/plain/https://cdn.decrypt.co/wp-content/themes/decrypt-media/assets/images/aleo/desktop.png@webp,decrypt.co,Blockchain,0.019129,Neutral,"[{""ticker"": ""CRYPTO:BTC"", ""relevance_score"": ""0.875323"", ""ticker_sentiment_score"": ""0.115749"", ""ticker_sentiment_label"": ""Neutral""}, {""ticker"": ""CRYPTO:ETH"", ""relevance_score"": ""0.09402"", ""ticker_sentiment_score"": ""0.082256"", ""ticker_sentiment_label"": ""Neutral""}, {""ticker"": ""CRYPTO:WBTC"", ""relevance_score"": ""0.09402"", ""ticker_sentiment_score"": ""0.152044"", ""ticker_sentiment_label"": ""Somewhat-Bullish""}, {""ticker"": ""CRYPTO:ADA"", ""relevance_score"": ""0.445179"", ""ticker_sentiment_score"": ""0.084837"", ""ticker_sentiment_label"": ""Neutral""}]"
2025-05-05,"Strong flows for Bitcoin ETFs come as gold ETFs see outflows, with investors turning to Bitcoin as a hedge against U.S.-based assets.",Decrypt.co,https://decrypt.co/317847/bitcoin-etfs-continue-positive-run-pulling-in-1-8-billion-last-week,0.86768,https://decrypt.co/317847/bitcoin-etfs-continue-positive-run-pulling-in-1-8-billion-last-week,"Bitcoin ETFs Continue Positive Run, Pulling in $1.8 Billion Last Week",Simon Chandler,https://cdn.decrypt.co/resize/1024/height/512/wp-content/uploads/2024/01/bitcoin-etf-cart-gID_7.jpg,decrypt.co,"Economy - Monetary,Blockchain,Financial Markets",0.336766,Somewhat-Bullish,"[{""ticker"": ""CRYPTO:BTC"", ""relevance_score"": ""0.86768"", ""ticker_sentiment_score"": ""0.478146"", ""ticker_sentiment_label"": ""Bullish""}, {""ticker"": ""CRYPTO:ETH"", ""relevance_score"": ""0.311829"", ""ticker_sentiment_score"": ""0.303789"", ""ticker_sentiment_label"": ""Somewhat-Bullish""}, {""ticker"": ""CRYPTO:DOGE"", ""relevance_score"": ""0.159043"", ""ticker_sentiment_score"": ""0.267753"", ""ticker_sentiment_label"": ""Somewhat-Bullish""}]"
2025-05-05,"Binance co-founder Changpeng ""CZ"" Zhao has proposed Bitcoin and BNB as the first digital assets to form Kyrgyzstan's national crypto reserves.On May 5, Zhao shared on X that he advised Kyrgyzstan to start with Bitcoin ( BTC ) and BNB ( BNB ) when building its national crypto reserve.",Cointelegraph,https://cointelegraph.com/news/kyrgyzstan-crypto-reserve-bitcoin-bnb-binance-cofounder-cz,0.297061,https://cointelegraph.com/news/kyrgyzstan-crypto-reserve-bitcoin-bnb-binance-cofounder-cz,"Binance co-founder CZ proposes Bitcoin, BNB for Kyrgyzstan reserves",Ezra Reguerra,https://s3.cointelegraph.com/uploads/2025-05/0196a052-4a70-77cb-b892-24d774dc6da7,cointelegraph.com,"Economy - Monetary,Blockchain",0.144119,Neutral,"[{""ticker"": ""FOREX:USD"", ""relevance_score"": ""0.101154"", ""ticker_sentiment_score"": ""0.125943"", ""ticker_sentiment_label"": ""Neutral""}, {""ticker"": ""CRYPTO:BTC"", ""relevance_score"": ""0.297061"", ""ticker_sentiment_score"": ""0.165097"", ""ticker_sentiment_label"": ""Somewhat-Bullish""}, {""ticker"": ""CRYPTO:BNB"", ""relevance_score"": ""0.388879"", ""ticker_sentiment_score"": ""0.202432"", ""ticker_sentiment_label"": ""Somewhat-Bullish""}]"
2025-05-05,"HIVE Digital Technologies. HIVE, a global leader in sustainable data center infrastructure, has been hard at work executing its transformative growth strategy in 2025.",Benzinga,https://www.benzinga.com/partner/cryptocurrency/25/05/45191718/hive-completes-first-100mw-infrastructure-in-paraguay-plans-continued-debt-free-expansion-,0.282777,https://www.benzinga.com/partner/cryptocurrency/25/05/45191718/hive-completes-first-100mw-infrastructure-in-paraguay-plans-continued-debt-free-expansion-,"HIVE Completes First 100MW Infrastructure In Paraguay, Plans Continued Debt-Free Expansion And Triple-Digit Growth - HIVE Digital Technologies  ( NASDAQ:HIVE ) ",Meg Flippin,https://cdn.benzinga.com/files/images/story/2025/05/05/Screenshot-2025-05-05-at-5-51-21PM.png?width=1200&height=800&fit=crop,www.benzinga.com,"Financial Markets,Technology,Finance,Blockchain",0.262117,Somewhat-Bullish,"[{""ticker"": ""HIVE"", ""relevance_score"": ""0.695182"", ""ticker_sentiment_score"": ""0.4105"", ""ticker_sentiment_label"": ""Bullish""}, {""ticker"": ""GS"", ""relevance_score"": ""0.048133"", ""ticker_sentiment_score"": ""0.0698"", ""ticker_sentiment_label"": ""Neutral""}, {""ticker"": ""ASCCF"", ""relevance_score"": ""0.048133"", ""ticker_sentiment_score"": ""0.006923"", ""ticker_sentiment_label"": ""Neutral""}, {""ticker"": ""BITF"", ""relevance_score"": ""0.048133"", ""ticker_sentiment_score"": ""0.173813"", ""ticker_sentiment_label"": ""Somewhat-Bullish""}, {""ticker"": ""CRYPTO:BTC"", ""relevance_score"": ""0.282777"", ""ticker_sentiment_score"": ""0.270968"", ""ticker_sentiment_label"": ""Somewhat-Bullish""}]"
2025-05-05,MARA Announces Bitcoin Production and Mining Operation Updates for April ...,Business Insider,https://markets.businessinsider.com/news/stocks/mara-announces-bitcoin-production-and-mining-operation-updates-for-april-2025-1034668858,0.585052,https://markets.businessinsider.com/news/stocks/mara-announces-bitcoin-production-and-mining-operation-updates-for-april-2025-1034668858,MARA Announces Bitcoin Production and Mining Operation Updates for April 2025,markets.businessinsider.com,https://ml.globenewswire.com/media/NzUzMjc1MWQtN2U4ZS00ZTMzLWExYTctYjliMmFkMzU4YzhhLTUwMDExNTk4MS0yMDI1LTA1LTA1LWVu/tiny/MARA-Holdings-Inc-.png,markets.businessinsider.com,Financial Markets,0.139471,Neutral,"[{""ticker"": ""CRYPTO:BTC"", ""relevance_score"": ""0.585052"", ""ticker_sentiment_score"": ""0.472467"", ""ticker_sentiment_label"": ""Bullish""}]"
2025-05-05,Energized Hash Rate Grew 5.5% to 57.3 EH/sIncreased BTC Holdings* to ...,GlobeNewswire,https://www.globenewswire.com/news-release/2025/05/05/3074031/0/en/MARA-Announces-Bitcoin-Production-and-Mining-Operation-Updates-for-April-2025.html,0.417995,https://www.globenewswire.com/news-release/2025/05/05/3074031/0/en/MARA-Announces-Bitcoin-Production-and-Mining-Operation-Updates-for-April-2025.html,MARA Announces Bitcoin Production and Mining Operation Updates for April 2025,"MARA Holdings,Inc.",https://ml.globenewswire.com/Resource/Download/c6f90e85-d59a-4fb2-9c10-de6e48201994,www.globenewswire.com,Financial Markets,0.109908,Neutral,"[{""ticker"": ""CRYPTO:BTC"", ""relevance_score"": ""0.417995"", ""ticker_sentiment_score"": ""0.394688"", ""ticker_sentiment_label"": ""Bullish""}]"
2025-05-05,"Regulatory clarity in the U.S., including SAB 121 rollback and new FASB rules, supports broader Bitcoin treasury adoption. Bernstein warns not all firms can replicate MSTR's success, which relies on financial innovation and strong risk management. Feel unsure about the market's next move?",Benzinga,https://www.benzinga.com/markets/cryptocurrency/25/05/45191302/corporations-will-pour-330-billion-into-bitcoin-by-2029-bernstein,0.659096,https://www.benzinga.com/markets/cryptocurrency/25/05/45191302/corporations-will-pour-330-billion-into-bitcoin-by-2029-bernstein,Corporations Will Pour $330 Billion Into Bitcoin By 2029: Bernstein,Murtuza J Merchant,https://cdn.benzinga.com/files/images/story/2025/05/05/Piles-Of-Golden-Bitcoin-Coin--Popular-Di_0.jpeg?width=1200&height=800&fit=crop,www.benzinga.com,"Blockchain,Financial Markets",0.161882,Somewhat-Bullish,"[{""ticker"": ""CRYPTO:BTC"", ""relevance_score"": ""0.659096"", ""ticker_sentiment_score"": ""0.161902"", ""ticker_sentiment_label"": ""Somewhat-Bullish""}]"
2025-05-05,"Cryptocurrency investment products attracted $2 billion in new inflows last week, according to the European investment firm CoinShares.Global crypto exchange-traded products ( ETPs ) have added $5.5 billion in inflows in the past three weeks, according to the latest weekly report from ...",Cointelegraph,https://cointelegraph.com/news/crypto-funds-add-2b-in-weekly-inflows-reaching-5-5b-in-three-weeks,0.749166,https://cointelegraph.com/news/crypto-funds-add-2b-in-weekly-inflows-reaching-5-5b-in-three-weeks,"Crypto funds raked in $2B last week, pushing 3-week haul to $5.5B",Helen Partz,https://s3.cointelegraph.com/uploads/2025-05/0196a03d-52b5-795b-a14a-86eca63e49fe,cointelegraph.com,"Blockchain,Financial Markets",0.091247,Neutral,"[{""ticker"": ""CRYPTO:BTC"", ""relevance_score"": ""0.749166"", ""ticker_sentiment_score"": ""-0.069937"", ""ticker_sentiment_label"": ""Neutral""}, {""ticker"": ""CRYPTO:ETH"", ""relevance_score"": ""0.22595"", ""ticker_sentiment_score"": ""0.246971"", ""ticker_sentiment_label"": ""Somewhat-Bullish""}]"
2025-05-05,"TORONTO, May 05, 2025 ( GLOBE NEWSWIRE ) -- Matador Technologies Inc. ( ""Matador"" or the ""Company"" ) ( TSXV: MATA, OTCQB:MTDTF ) , a Bitcoin Ecosystem company, is pleased to announce that it is proposing a change of business from a Tier 2 Technology Issuer to a Tier 2 Technology/Investment ...",GlobeNewswire,https://www.globenewswire.com/news-release/2025/05/05/3073949/0/en/Matador-Announces-Proposed-Change-of-Business-to-Technology-Investment-Issuer.html,0.468807,https://www.globenewswire.com/news-release/2025/05/05/3073949/0/en/Matador-Announces-Proposed-Change-of-Business-to-Technology-Investment-Issuer.html,Matador Announces Proposed Change of Business to Technology/Investment Issuer,Matador Technologies Inc.,,www.globenewswire.com,"Mergers & Acquisitions,Blockchain,Financial Markets",0.372911,Bullish,"[{""ticker"": ""CRYPTO:BTC"", ""relevance_score"": ""0.468807"", ""ticker_sentiment_score"": ""0.455733"", ""ticker_sentiment_label"": ""Bullish""}, {""ticker"": ""CRYPTO:ETH"", ""relevance_score"": ""0.022707"", ""ticker_sentiment_score"": ""0.205361"", ""ticker_sentiment_label"": ""Somewhat-Bullish""}]"
2025-05-05,"Analyst Benjamin Cowen says $96,500 is the key weekly close level to avoid repeating Bitcoin's 2019 false breakout. He urges caution on altcoins, arguing their upside depends on a sustained Bitcoin rally. Today's manic market swings are creating the perfect setup for Matt's next volatility trade.",Benzinga,https://www.benzinga.com/markets/cryptocurrency/25/05/45192498/bitcoins-key-level-is-96500-analyst-warns-but-heres-what-could-trigger-a-breakdown,0.76311,https://www.benzinga.com/markets/cryptocurrency/25/05/45192498/bitcoins-key-level-is-96500-analyst-warns-but-heres-what-could-trigger-a-breakdown,"Bitcoin's Key Level Is $96,500, Analyst Warns, But Here's What Could Trigger A Breakdown",Khyathi Dalal,https://cdn.benzinga.com/files/images/story/2025/05/05/Falling-Cryptocurrencies-bitcoins--Dogec.jpeg?width=1200&height=800&fit=crop,www.benzinga.com,"Economy - Monetary,Blockchain,Financial Markets",0.0,Neutral,"[{""ticker"": ""CRYPTO:BTC"", ""relevance_score"": ""0.76311"", ""ticker_sentiment_score"": ""-0.186036"", ""ticker_sentiment_label"": ""Somewhat-Bearish""}]"
2025-05-06,"The native coin of the BNB Chain is a benchmark for digital assets more broadly, and will continue to surge, the bank said.",Decrypt.co,https://decrypt.co/318102/binances-bnb-token-could-quadruple-in-price-by-2028-as-benchmark-crypto-standard-chartered,0.481177,https://decrypt.co/318102/binances-bnb-token-could-quadruple-in-price-by-2028-as-benchmark-crypto-standard-chartered,Binance's BNB Token Could Quadruple in Price by 2028 as 'Benchmark' Crypto: Standard Chartered,Mat Di Salvo,https://cdn.decrypt.co/resize/1024/height/512/wp-content/uploads/2025/05/bnb-token-gID_7.png,decrypt.co,"Blockchain,Financial Markets",0.042217,Neutral,"[{""ticker"": ""SCBFF"", ""relevance_score"": ""0.252987"", ""ticker_sentiment_score"": ""0.061417"", ""ticker_sentiment_label"": ""Neutral""}, {""ticker"": ""CRYPTO:BTC"", ""relevance_score"": ""0.481177"", ""ticker_sentiment_score"": ""0.033568"", ""ticker_sentiment_label"": ""Neutral""}, {""ticker"": ""CRYPTO:ETH"", ""relevance_score"": ""0.371523"", ""ticker_sentiment_score"": ""0.069003"", ""ticker_sentiment_label"": ""Neutral""}, {""ticker"": ""CRYPTO:BNB"", ""relevance_score"": ""0.580018"", ""ticker_sentiment_score"": ""-0.003425"", ""ticker_sentiment_label"": ""Neutral""}]"
2025-05-06,"As the global demand for high-performance crypto trading platforms surges, BexBack, a fast-growing cryptocurrency derivatives exchange, is redefining access and opportunity for traders worldwide.",Benzinga,https://www.benzinga.com/pressreleases/25/05/g45226818/bexback-launches-no-kyc-crypto-trading-platform-with-100x-leverage-and-100-bonus,0.251032,https://www.benzinga.com/pressreleases/25/05/g45226818/bexback-launches-no-kyc-crypto-trading-platform-with-100x-leverage-and-100-bonus,BexBack Launches No-KYC Crypto Trading Platform with 100x Leverage and $100 Bonus,Globe Newswire,https://www.benzinga.com/next-assets/images/schema-image-default.png,www.benzinga.com,"Blockchain,Financial Markets",0.332052,Somewhat-Bullish,"[{""ticker"": ""CRYPTO:BTC"", ""relevance_score"": ""0.251032"", ""ticker_sentiment_score"": ""0.423767"", ""ticker_sentiment_label"": ""Bullish""}, {""ticker"": ""CRYPTO:USDT"", ""relevance_score"": ""0.127119"", ""ticker_sentiment_score"": ""0.25792"", ""ticker_sentiment_label"": ""Somewhat-Bullish""}, {""ticker"": ""CRYPTO:XRP"", ""relevance_score"": ""0.063763"", ""ticker_sentiment_score"": ""0.220397"", ""ticker_sentiment_label"": ""Somewhat-Bullish""}]"
2025-05-06,"Vancouver, British Columbia and West Palm Beach, FL, May 06, 2025 ( GLOBE NEWSWIRE ) -- AgriForce Growing Systems Ltd. ( ""AgriForce"" or the ""Company"" ) ( NASDAQ: AGRI ) , a diversified technology and infrastructure company focused on agricultural and digital energy innovation, is pleased to ...",GlobeNewswire,https://www.globenewswire.com/news-release/2025/05/06/3075368/0/en/AGRIForce-Reports-Milestone-Achievement-Over-Five-Bitcoin-Mined-from-Alberta-and-Ohio-Operations.html,0.34648,https://www.globenewswire.com/news-release/2025/05/06/3075368/0/en/AGRIForce-Reports-Milestone-Achievement-Over-Five-Bitcoin-Mined-from-Alberta-and-Ohio-Operations.html,AGRIForce Reports Milestone Achievement: Over Five Bitcoin Mined from Alberta and Ohio Operations,AgriFORCE Growing Systems Ltd.,https://ml.globenewswire.com/Resource/Download/09b90493-64cf-4fbf-888a-213be3384cd2,www.globenewswire.com,"Earnings,Financial Markets",0.346405,Somewhat-Bullish,"[{""ticker"": ""AGRI"", ""relevance_score"": ""0.235252"", ""ticker_sentiment_score"": ""0.464071"", ""ticker_sentiment_label"": ""Bullish""}, {""ticker"": ""CRYPTO:BTC"", ""relevance_score"": ""0.34648"", ""ticker_sentiment_score"": ""0.488316"", ""ticker_sentiment_label"": ""Bullish""}]"
2025-05-06,It is also unknown if the wallets were owned by the same person or if they are in any way connected.,Decrypt.co,https://decrypt.co/318086/satoshi-bitcoin-whales-300-million-btc,0.902881,https://decrypt.co/318086/satoshi-bitcoin-whales-300-million-btc,Satoshi Era Bitcoin Whales Move More Than $300 Million in BTC,Will McCurdy,https://cdn.decrypt.co/resize/1024/height/512/wp-content/uploads/2023/10/Bitcoin-Whale-shutterstock_1226570614-16x9-1-gID_7.jpg,decrypt.co,,0.0,Neutral,"[{""ticker"": ""CRYPTO:BTC"", ""relevance_score"": ""0.902881"", ""ticker_sentiment_score"": ""0.136546"", ""ticker_sentiment_label"": ""Neutral""}]"
2025-05-06,"Key Takeaways:The Bitcoin Risk-Off signal dropped to 23.7, its lowest since March 2019, indicating low correction risk and a high likelihood of a bullish trend developing.Despite the recent decline in network activity, bullish macro indicators like the Macro Chain Index ( MCI ) suggest Bitcoin ...",Cointelegraph,https://cointelegraph.com/news/bitcoin-price-rallied-1-550-the-last-time-the-btc-risk-off-metric-fell-this-low,0.688591,https://cointelegraph.com/news/bitcoin-price-rallied-1-550-the-last-time-the-btc-risk-off-metric-fell-this-low,"Bitcoin price rallied 1,550% the last time the 'BTC risk-off' metric fell this low",Biraajmaan Tamuly,https://s3.cointelegraph.com/uploads/2025-05/0196a5f6-1fe7-7927-b5dc-1dee5781b591,cointelegraph.com,"Economy - Monetary,Finance,Financial Markets",-0.012219,Neutral,"[{""ticker"": ""BRK-A"", ""relevance_score"": ""0.073321"", ""ticker_sentiment_score"": ""0.0"", ""ticker_sentiment_label"": ""Neutral""}, {""ticker"": ""CRYPTO:BTC"", ""relevance_score"": ""0.688591"", ""ticker_sentiment_score"": ""0.049734"", ""ticker_sentiment_label"": ""Neutral""}]"
2025-05-06,"TL. DR:Not sure if you're in a bull or bear market? This guide breaks down how to spot the difference using price action, volume, sentiment and onchain data. Learn how to recognize market cycles, what signals to watch for and how to adjust your strategy for each phase so you can trade ...",Cointelegraph,https://cointelegraph.com/news/is-it-a-bull-or-bear-market-how-to-tell-the-difference,0.165355,https://cointelegraph.com/news/is-it-a-bull-or-bear-market-how-to-tell-the-difference,Is it a bull or bear market? How to tell the difference,Bradley Peak,https://s3.cointelegraph.com/uploads/2025-05/0196a671-5cc3-78e9-be2c-c738c81042ac,cointelegraph.com,"Economy - Monetary,Financial Markets,Manufacturing,Technology,Blockchain,Economy - Macro",0.024626,Neutral,"[{""ticker"": ""GOOG"", ""relevance_score"": ""0.02379"", ""ticker_sentiment_score"": ""-0.290244"", ""ticker_sentiment_label"": ""Somewhat-Bearish""}, {""ticker"": ""TSLA"", ""relevance_score"": ""0.02379"", ""ticker_sentiment_score"": ""-0.006333"", ""ticker_sentiment_label"": ""Neutral""}, {""ticker"": ""RDDT"", ""relevance_score"": ""0.02379"", ""ticker_sentiment_score"": ""0.122938"", ""ticker_sentiment_label"": ""Neutral""}, {""ticker"": ""UBER"", ""relevance_score"": ""0.02379"", ""ticker_sentiment_score"": ""-0.033998"", ""ticker_sentiment_label"": ""Neutral""}, {""ticker"": ""CRYPTO:BTC"", ""relevance_score"": ""0.165355"", ""ticker_sentiment_score"": ""0.058445"", ""ticker_sentiment_label"": ""Neutral""}, {""ticker"": ""CRYPTO:ETH"", ""relevance_score"": ""0.047559"", ""ticker_sentiment_score"": ""0.137996"", ""ticker_sentiment_label"": ""Neutral""}, {""ticker"": ""CRYPTO:DOGE"", ""relevance_score"": ""0.047559"", ""ticker_sentiment_score"": ""0.0"", ""ticker_sentiment_label"": ""Neutral""}]"
2025-05-06,Is MARA Holdings winning the Bitcoin mining race? Check out its recent numbers and decide for yourself.,Motley Fool,https://www.fool.com/investing/2025/05/06/how-mara-holdings-stock-gained-16-last-month/,0.799321,https://www.fool.com/investing/2025/05/06/how-mara-holdings-stock-gained-16-last-month/,How MARA Holdings Stock Gained 16% Last Month,Anders Bylund,https://g.foolcdn.com/image/?url=https%3A%2F%2Fg.foolcdn.com%2Feditorial%2Fimages%2F817319%2Fbitcoin-mining-machines.jpg&op=resize&w=700,www.fool.com,Blockchain,0.261329,Somewhat-Bullish,"[{""ticker"": ""SPGI"", ""relevance_score"": ""0.113062"", ""ticker_sentiment_score"": ""0.288238"", ""ticker_sentiment_label"": ""Somewhat-Bullish""}, {""ticker"": ""FOREX:USD"", ""relevance_score"": ""0.113062"", ""ticker_sentiment_score"": ""0.120617"", ""ticker_sentiment_label"": ""Neutral""}, {""ticker"": ""CRYPTO:BTC"", ""relevance_score"": ""0.799321"", ""ticker_sentiment_score"": ""0.404792"", ""ticker_sentiment_label"": ""Bullish""}]"
2025-05-06,"Tari Labs launched its default-confidential proof-of-work blockchain on Tuesday, focusing on privacy and user accessibility.",Decrypt.co,https://decrypt.co/317973/monero-vets-confidential-default-network-tari,0.138863,https://decrypt.co/317973/monero-vets-confidential-default-network-tari,Monero Vets Launch New 'Confidential-by-Default' Crypto Network Tari,Logan Hitchcock,https://cdn.decrypt.co/resize/1024/height/512/wp-content/uploads/2025/05/image-gID_7.png,decrypt.co,Blockchain,0.14975,Neutral,"[{""ticker"": ""CRYPTO:BTC"", ""relevance_score"": ""0.138863"", ""ticker_sentiment_score"": ""-0.049711"", ""ticker_sentiment_label"": ""Neutral""}, {""ticker"": ""CRYPTO:ETH"", ""relevance_score"": ""0.069697"", ""ticker_sentiment_score"": ""0.0"", ""ticker_sentiment_label"": ""Neutral""}, {""ticker"": ""CRYPTO:XMR"", ""relevance_score"": ""0.069697"", ""ticker_sentiment_score"": ""0.0"", ""ticker_sentiment_label"": ""Neutral""}]"
2025-05-06,"WARWICK, United Kingdom, May 06, 2025 ( GLOBE NEWSWIRE ) -- In the past 24 hours, the crypto market has once again staged a high-energy drama: after a brief pullback to $2.10, XRP's technical pattern shows that it is about to break through the key resistance of the descending wedge, which may ...",Benzinga,https://www.benzinga.com/pressreleases/25/05/g45224925/from-holding-coins-and-waiting-to-daily-income-ja-mining-makes-your-xrp-and-doge-truly-move,0.062434,https://www.benzinga.com/pressreleases/25/05/g45224925/from-holding-coins-and-waiting-to-daily-income-ja-mining-makes-your-xrp-and-doge-truly-move,"From Holding Coins and Waiting to Daily Income, JA Mining Makes Your XRP and DOGE Truly ""Move""!",Globe Newswire,https://www.benzinga.com/next-assets/images/schema-image-default.png,www.benzinga.com,"Blockchain,Financial Markets",0.399658,Bullish,"[{""ticker"": ""CRYPTO:BTC"", ""relevance_score"": ""0.062434"", ""ticker_sentiment_score"": ""0.159923"", ""ticker_sentiment_label"": ""Somewhat-Bullish""}, {""ticker"": ""CRYPTO:DOGE"", ""relevance_score"": ""0.469099"", ""ticker_sentiment_score"": ""0.448466"", ""ticker_sentiment_label"": ""Bullish""}]"
2025-05-06,"London,UK, May 06, 2025 ( GLOBE NEWSWIRE ) -- Starting your crypto mining adventure has never been this simple and rewarding. With VNBTC, the leading cloud mining platform, you can harness the power of cryptocurrency mining without any upfront investment.",Benzinga,https://www.benzinga.com/pressreleases/25/05/g45224806/vnbtc-launches-best-free-cloud-mining-platform-for-passive-cryptocurrency-income,0.078354,https://www.benzinga.com/pressreleases/25/05/g45224806/vnbtc-launches-best-free-cloud-mining-platform-for-passive-cryptocurrency-income,VNBTC Launches Best Free Cloud Mining Platform for Passive Cryptocurrency Income,Globe Newswire,https://www.benzinga.com/next-assets/images/schema-image-default.png,www.benzinga.com,"Earnings,Blockchain,Financial Markets",0.493675,Bullish,"[{""ticker"": ""CRYPTO:BTC"", ""relevance_score"": ""0.078354"", ""ticker_sentiment_score"": ""0.203466"", ""ticker_sentiment_label"": ""Somewhat-Bullish""}, {""ticker"": ""CRYPTO:ETH"", ""relevance_score"": ""0.078354"", ""ticker_sentiment_score"": ""0.203466"", ""ticker_sentiment_label"": ""Somewhat-Bullish""}, {""ticker"": ""CRYPTO:DOGE"", ""relevance_score"": ""0.078354"", ""ticker_sentiment_score"": ""0.203466"", ""ticker_sentiment_label"": ""Somewhat-Bullish""}]"
2025-05-06,"Hut's first-quarter 2025 performance is expected to have benefited from digital infrastructure growth, power asset monetization, and diversification into AI and HPC markets.",Zacks Commentary,https://www.zacks.com/stock/news/2463209/hut-set-to-report-q1-earnings-whats-in-store-for-the-stock,0.208166,https://www.zacks.com/stock/news/2463209/hut-set-to-report-q1-earnings-whats-in-store-for-the-stock,HUT Set to Report Q1 Earnings: What's in Store for the Stock?,Zacks Investment Research,https://staticx-tuner.zacks.com/images/articles/main/e0/27834.jpg,www.zacks.com,"Earnings,Technology",0.202562,Somewhat-Bullish,"[{""ticker"": ""MDV-P-A"", ""relevance_score"": ""0.139669"", ""ticker_sentiment_score"": ""0.116951"", ""ticker_sentiment_label"": ""Neutral""}, {""ticker"": ""HUT"", ""relevance_score"": ""0.51845"", ""ticker_sentiment_score"": ""0.31592"", ""ticker_sentiment_label"": ""Somewhat-Bullish""}, {""ticker"": ""CSWC"", ""relevance_score"": ""0.275091"", ""ticker_sentiment_score"": ""-0.061814"", ""ticker_sentiment_label"": ""Neutral""}, {""ticker"": ""CRYPTO:BTC"", ""relevance_score"": ""0.208166"", ""ticker_sentiment_score"": ""0.232673"", ""ticker_sentiment_label"": ""Somewhat-Bullish""}]"
2025-05-06,CleanSpark's Q2 fiscal 2025 performance is expected to have benefited from its strategic investments in energy-efficient infrastructure and its growing mining fleet.,Zacks Commentary,https://www.zacks.com/stock/news/2463206/clsk-set-to-report-q2-earnings-whats-in-store-for-the-stock,0.137278,https://www.zacks.com/stock/news/2463206/clsk-set-to-report-q2-earnings-whats-in-store-for-the-stock,CLSK Set to Report Q2 Earnings: What's in Store for the Stock?,Zacks Investment Research,https://staticx-tuner.zacks.com/images/articles/main/5d/4284.jpg,www.zacks.com,"Financial Markets,Earnings,Real Estate & Construction,Technology",0.27959,Somewhat-Bullish,"[{""ticker"": ""MDV-P-A"", ""relevance_score"": ""0.137278"", ""ticker_sentiment_score"": ""0.115873"", ""ticker_sentiment_label"": ""Neutral""}, {""ticker"": ""CLSK"", ""relevance_score"": ""0.510838"", ""ticker_sentiment_score"": ""0.469912"", ""ticker_sentiment_label"": ""Bullish""}, {""ticker"": ""CSWC"", ""relevance_score"": ""0.270523"", ""ticker_sentiment_score"": ""-0.060988"", ""ticker_sentiment_label"": ""Neutral""}, {""ticker"": ""CRYPTO:BTC"", ""relevance_score"": ""0.137278"", ""ticker_sentiment_score"": ""0.19853"", ""ticker_sentiment_label"": ""Somewhat-Bullish""}]"
2025-05-06,"SINGAPORE, May 06, 2025 ( GLOBE NEWSWIRE ) -- Antalpha Platform Holding Company ( ""Antalpha"" or the ""Company"" ) today announced that it has launched the roadshow for its proposed initial public offering of 3,850,000 ordinary shares with expected pricing between $11.00 and $13.00 per ordinary ...",Benzinga,https://www.benzinga.com/pressreleases/25/05/g45224256/antalpha-announces-launch-of-initial-public-offering,0.069697,https://www.benzinga.com/pressreleases/25/05/g45224256/antalpha-announces-launch-of-initial-public-offering,Antalpha Announces Launch of Initial Public Offering,Globe Newswire,https://www.benzinga.com/next-assets/images/schema-image-default.png,www.benzinga.com,"IPO,Financial Markets",0.159143,Somewhat-Bullish,"[{""ticker"": ""CRYPTO:BTC"", ""relevance_score"": ""0.069697"", ""ticker_sentiment_score"": ""0.0988"", ""ticker_sentiment_label"": ""Neutral""}]"
2025-05-06,"VOO, IBIT, IXUS, IQLT and USHY emerge as the most loved ETFs of last week.",Zacks Commentary,https://www.zacks.com/stock/news/2463144/5-most-loved-etfs-of-last-week,0.225321,https://www.zacks.com/stock/news/2463144/5-most-loved-etfs-of-last-week,5 Most-Loved ETFs of Last Week,Zacks Investment Research,https://staticx-tuner.zacks.com/images/articles/main/47/2952.jpg,www.zacks.com,"Earnings,Technology,Financial Markets",0.204631,Somewhat-Bullish,"[{""ticker"": ""MSFT"", ""relevance_score"": ""0.13637"", ""ticker_sentiment_score"": ""0.319398"", ""ticker_sentiment_label"": ""Somewhat-Bullish""}, {""ticker"": ""META"", ""relevance_score"": ""0.13637"", ""ticker_sentiment_score"": ""0.319398"", ""ticker_sentiment_label"": ""Somewhat-Bullish""}, {""ticker"": ""FOREX:USD"", ""relevance_score"": ""0.225321"", ""ticker_sentiment_score"": ""0.140667"", ""ticker_sentiment_label"": ""Neutral""}, {""ticker"": ""CRYPTO:BTC"", ""relevance_score"": ""0.225321"", ""ticker_sentiment_score"": ""0.134267"", ""ticker_sentiment_label"": ""Neutral""}]"
2025-05-06,"Kelly Ayotte, the Governor of New Hampshire, signed a bill into law allowing the state's treasurer to invest in cryptocurrencies, including Bitcoin ( BTC ) .In a May 6 notice, Ayotte announced on social media that New Hampshire would be permitted to ""invest in cryptocurrency and precious metals"" ...",Cointelegraph,https://cointelegraph.com/news/new-hampshire-bitcoin-reserve-law,0.672055,https://cointelegraph.com/news/new-hampshire-bitcoin-reserve-law,New Hampshire governor signs crypto reserve bill into law,Turner Wright,https://s3.cointelegraph.com/uploads/2025-05/0196a6b6-f84d-791e-9b37-de2b0abc3599,cointelegraph.com,Blockchain,0.135727,Neutral,"[{""ticker"": ""CRYPTO:BTC"", ""relevance_score"": ""0.672055"", ""ticker_sentiment_score"": ""0.073098"", ""ticker_sentiment_label"": ""Neutral""}]"
2025-05-06,"Global crypto market cap remains flat with a slight bearish tilt, as the Crypto Fear & Greed Index holds neutral. Optimism around Ethereum's Pectra upgrade contrasts with cautious trading in Bitcoin, Dogecoin, and Solana ahead of the FOMC decision. Feel unsure about the market's next move?",Benzinga,https://www.benzinga.com/markets/cryptocurrency/25/05/45225026/bitcoin-ethereum-xrp-dogecoin-on-a-knifes-edge-ahead-of-wednesdays-federal-reserve-decisio,0.475251,https://www.benzinga.com/markets/cryptocurrency/25/05/45225026/bitcoin-ethereum-xrp-dogecoin-on-a-knifes-edge-ahead-of-wednesdays-federal-reserve-decisio,"Bitcoin, Ethereum, XRP, Dogecoin On A Knife's Edge Ahead Of Wednesday's Federal Reserve Decision",Khyathi Dalal,https://cdn.benzinga.com/files/images/story/2025/05/06/Cryptocurrency-On-Binance-Trading-App--B.jpeg?width=1200&height=800&fit=crop,www.benzinga.com,"Economy - Monetary,Blockchain,Financial Markets",0.082194,Neutral,"[{""ticker"": ""BNXYF"", ""relevance_score"": ""0.084423"", ""ticker_sentiment_score"": ""-0.055632"", ""ticker_sentiment_label"": ""Neutral""}, {""ticker"": ""CRYPTO:BTC"", ""relevance_score"": ""0.475251"", ""ticker_sentiment_score"": ""0.214554"", ""ticker_sentiment_label"": ""Somewhat-Bullish""}, {""ticker"": ""CRYPTO:ETH"", ""relevance_score"": ""0.475251"", ""ticker_sentiment_score"": ""-0.021492"", ""ticker_sentiment_label"": ""Neutral""}, {""ticker"": ""CRYPTO:DOGE"", ""relevance_score"": ""0.167904"", ""ticker_sentiment_score"": ""0.13763"", ""ticker_sentiment_label"": ""Neutral""}, {""ticker"": ""CRYPTO:XRP"", ""relevance_score"": ""0.084423"", ""ticker_sentiment_score"": ""0.137896"", ""ticker_sentiment_label"": ""Neutral""}]"
2025-05-06,"BLK shares rise 12.6% in a month. Will acquisitions and diversification efforts keep the momentum, or will macroeconomic headwinds subdue growth prospects?",Zacks Commentary,https://www.zacks.com/stock/news/2463344/blackrock-shares-gain-126-in-a-month-is-now-the-time-to-buy-blk,0.072876,https://www.zacks.com/stock/news/2463344/blackrock-shares-gain-126-in-a-month-is-now-the-time-to-buy-blk,BlackRock Shares Gain 12.6% in a Month: Is Now the Time to Buy BLK?,Ronit Masi,https://staticx-tuner.zacks.com/images/articles/main/f8/614.jpg,www.zacks.com,"Financial Markets,Earnings,Mergers & Acquisitions,Finance",0.206035,Somewhat-Bullish,"[{""ticker"": ""IVZ"", ""relevance_score"": ""0.109123"", ""ticker_sentiment_score"": ""0.086769"", ""ticker_sentiment_label"": ""Neutral""}, {""ticker"": ""SEIC"", ""relevance_score"": ""0.145145"", ""ticker_sentiment_score"": ""0.099577"", ""ticker_sentiment_label"": ""Neutral""}, {""ticker"": ""PGPHF"", ""relevance_score"": ""0.036476"", ""ticker_sentiment_score"": ""0.10556"", ""ticker_sentiment_label"": ""Neutral""}, {""ticker"": ""CRYPTO:BTC"", ""relevance_score"": ""0.072876"", ""ticker_sentiment_score"": ""0.124961"", ""ticker_sentiment_label"": ""Neutral""}]"
2025-05-06,Bitcoin-based payments company Strike is allowing customers to get loans using the top cryptocurrency as collateral.,Decrypt.co,https://decrypt.co/318218/bitcoin-payments-company-strike-loans,0.775204,https://decrypt.co/318218/bitcoin-payments-company-strike-loans,Bitcoin Payments Company Strike Launches BTC-Backed Loans,Mat Di Salvo,https://cdn.decrypt.co/resize/1024/height/512/wp-content/uploads/2025/04/bitcoin-btc-coin-gold-closeup-gID_7.jpg,decrypt.co,"Economy - Monetary,Blockchain,Financial Markets",0.254098,Somewhat-Bullish,"[{""ticker"": ""SFTBF"", ""relevance_score"": ""0.137671"", ""ticker_sentiment_score"": ""0.117264"", ""ticker_sentiment_label"": ""Neutral""}, {""ticker"": ""CRYPTO:BTC"", ""relevance_score"": ""0.775204"", ""ticker_sentiment_score"": ""0.479918"", ""ticker_sentiment_label"": ""Bullish""}]"
2025-05-06,"Economic indicators, including negative GDP growth and softening inflation, have intensified speculation about potential rate reductions. Analysts suggest that a dovish Fed stance could propel Bitcoin toward the $100,000 mark.",Benzinga,https://www.benzinga.com/markets/cryptocurrency/25/05/45231848/bitcoin-eyes-100000-experts-assert-but-will-the-federal-reserve-play-ball,0.676859,https://www.benzinga.com/markets/cryptocurrency/25/05/45231848/bitcoin-eyes-100000-experts-assert-but-will-the-federal-reserve-play-ball,"Bitcoin Eyes $100,000, Experts Assert, But Will The Federal Reserve Play Ball?",Murtuza J Merchant,https://cdn.benzinga.com/files/images/story/2025/05/06/Federal-Reserve-Chair-Jerome-Powell--Fed.jpeg?width=1200&height=800&fit=crop,www.benzinga.com,"Economy - Monetary,Financial Markets,Manufacturing,Blockchain",0.086934,Neutral,"[{""ticker"": ""TSLA"", ""relevance_score"": ""0.07157"", ""ticker_sentiment_score"": ""0.133871"", ""ticker_sentiment_label"": ""Neutral""}, {""ticker"": ""CRYPTO:BTC"", ""relevance_score"": ""0.676859"", ""ticker_sentiment_score"": ""0.218568"", ""ticker_sentiment_label"": ""Somewhat-Bullish""}]"
2025-05-06,"Houston, TX, May 06, 2025 ( GLOBE NEWSWIRE ) -- Launched back in 2013, Ignition is a mega-popular poker site that offers tons of cash games, large pot tournaments, and a good selection of weekly free rolls. But why should you choose Ignition over other poker sites?",Benzinga,https://www.benzinga.com/pressreleases/25/05/g45222728/best-poker-sites-betworthy-picks-ignition-as-the-top-online-poker-site-for-high-traffic,0.078269,https://www.benzinga.com/pressreleases/25/05/g45222728/best-poker-sites-betworthy-picks-ignition-as-the-top-online-poker-site-for-high-traffic,Best Poker Sites: Betworthy Picks Ignition as the Top Online Poker Site for High Traffic,Globe Newswire,https://www.benzinga.com/next-assets/images/schema-image-default.png,www.benzinga.com,"Economy - Monetary,Blockchain",0.31578,Somewhat-Bullish,"[{""ticker"": ""PYPL"", ""relevance_score"": ""0.013065"", ""ticker_sentiment_score"": ""0.181601"", ""ticker_sentiment_label"": ""Somewhat-Bullish""}, {""ticker"": ""CRYPTO:BTC"", ""relevance_score"": ""0.078269"", ""ticker_sentiment_score"": ""0.302902"", ""ticker_sentiment_label"": ""Somewhat-Bullish""}, {""ticker"": ""CRYPTO:ETH"", ""relevance_score"": ""0.013065"", ""ticker_sentiment_score"": ""0.248823"", ""ticker_sentiment_label"": ""Somewhat-Bullish""}, {""ticker"": ""CRYPTO:LTC"", ""relevance_score"": ""0.026127"", ""ticker_sentiment_score"": ""0.277761"", ""ticker_sentiment_label"": ""Somewhat-Bullish""}, {""ticker"": ""CRYPTO:BSV"", ""relevance_score"": ""0.026127"", ""ticker_sentiment_score"": ""0.259831"", ""ticker_sentiment_label"": ""Somewhat-Bullish""}, {""ticker"": ""CRYPTO:BCH"", ""relevance_score"": ""0.013065"", ""ticker_sentiment_score"": ""0.248823"", ""ticker_sentiment_label"": ""Somewhat-Bullish""}]"
2025-05-06,The CFTC moved on Monday to drop its appeal of a court ruling that allowed Kalshi to offer event contracts on U.S. election outcomes.,Decrypt.co,https://decrypt.co/318225/kalshi-legal-tussle-cftc-nears-end,0.071357,https://decrypt.co/318225/kalshi-legal-tussle-cftc-nears-end,Kalshi's Legal Tussle With CFTC Nears End as Regulator Drops Appeal,Liz Napolitano,https://cdn.decrypt.co/resize/1024/height/512/wp-content/uploads/2024/11/kalshi-trump-kamala-gID_7.png,decrypt.co,"Life Sciences,Technology,Blockchain",0.077156,Neutral,"[{""ticker"": ""CRON"", ""relevance_score"": ""0.071357"", ""ticker_sentiment_score"": ""-0.038672"", ""ticker_sentiment_label"": ""Neutral""}, {""ticker"": ""DJT"", ""relevance_score"": ""0.071357"", ""ticker_sentiment_score"": ""-0.038672"", ""ticker_sentiment_label"": ""Neutral""}, {""ticker"": ""CRYPTO:BTC"", ""relevance_score"": ""0.071357"", ""ticker_sentiment_score"": ""-0.038672"", ""ticker_sentiment_label"": ""Neutral""}, {""ticker"": ""CRYPTO:ETH"", ""relevance_score"": ""0.071357"", ""ticker_sentiment_score"": ""0.116693"", ""ticker_sentiment_label"": ""Neutral""}]"
2025-05-06,"Digital asset manager Bitwise has filed to list a spot Near exchange-traded fund with the US Securities and Exchange Commission, adding to a growing list of altcoins currently vying to win regulatory approval.The Bitwise Near ( NEAR ) ETF will track the price movements of the NEAR token, minus ...",Cointelegraph,https://cointelegraph.com/news/bitwise-files-s-1-near-etf-sec-approval-s1-filing,0.197413,https://cointelegraph.com/news/bitwise-files-s-1-near-etf-sec-approval-s1-filing,Bitwise throws NEAR ETF in race for SEC approval with S-1 filing,Brayden Lindrea,https://s3.cointelegraph.com/uploads/2025-05/0196a7d6-cec0-737b-b6f1-3a76dddfef7b,cointelegraph.com,"Finance,Blockchain,Financial Markets",0.14986,Neutral,"[{""ticker"": ""COIN"", ""relevance_score"": ""0.099476"", ""ticker_sentiment_score"": ""0.0"", ""ticker_sentiment_label"": ""Neutral""}, {""ticker"": ""CRYPTO:BTC"", ""relevance_score"": ""0.197413"", ""ticker_sentiment_score"": ""0.180544"", ""ticker_sentiment_label"": ""Somewhat-Bullish""}, {""ticker"": ""CRYPTO:ETH"", ""relevance_score"": ""0.29234"", ""ticker_sentiment_score"": ""0.033086"", ""ticker_sentiment_label"": ""Neutral""}, {""ticker"": ""CRYPTO:DOGE"", ""relevance_score"": ""0.29234"", ""ticker_sentiment_score"": ""0.089269"", ""ticker_sentiment_label"": ""Neutral""}, {""ticker"": ""CRYPTO:LINK"", ""relevance_score"": ""0.197413"", ""ticker_sentiment_score"": ""-0.081017"", ""ticker_sentiment_label"": ""Neutral""}, {""ticker"": ""CRYPTO:LTC"", ""relevance_score"": ""0.197413"", ""ticker_sentiment_score"": ""-0.081017"", ""ticker_sentiment_label"": ""Neutral""}, {""ticker"": ""CRYPTO:ADA"", ""relevance_score"": ""0.197413"", ""ticker_sentiment_score"": ""-0.081017"", ""ticker_sentiment_label"": ""Neutral""}]"
2025-05-06,"Skybridge Capital founder Anthony Scaramucci argued that the Trump family's involvement in crypto is a ""distraction"" for crypto skeptics in Congress.",Decrypt.co,https://decrypt.co/318224/trump-crypto-businesses-pathways-corruption-scaramucci,0.134968,https://decrypt.co/318224/trump-crypto-businesses-pathways-corruption-scaramucci,"Trump Crypto Businesses Create 'Pathways' for Corruption, Says Anthony Scaramucci",Stephen Graves,https://cdn.decrypt.co/resize/1024/height/512/wp-content/uploads/2023/04/Anthony-Scaramucci-shutterstock_1081399520-16x9-1-scaled-gID_7.jpg,decrypt.co,"Blockchain,Financial Markets",0.012189,Neutral,"[{""ticker"": ""CRCW"", ""relevance_score"": ""0.067727"", ""ticker_sentiment_score"": ""-0.111997"", ""ticker_sentiment_label"": ""Neutral""}, {""ticker"": ""CRYPTO:BTC"", ""relevance_score"": ""0.134968"", ""ticker_sentiment_score"": ""0.11539"", ""ticker_sentiment_label"": ""Neutral""}]"
2025-05-06,Here's how the company formerly known as MicroStrategy used AI to create new securities while building a $50 billion Bitcoin company.,Decrypt.co,https://decrypt.co/318186/strategy-ai-michael-saylor-bitcoin-empire-chatbot,0.436009,https://decrypt.co/318186/strategy-ai-michael-saylor-bitcoin-empire-chatbot,Strategy's AI Embrace: Michael Saylor Says He Built His Bitcoin Empire With Chatbot Help,Jose Antonio Lanz,https://img.decrypt.co/insecure/rs:fit:3840:0:0:0/plain/https://cdn.decrypt.co/wp-content/uploads/2025/05/Screenshot-2025-05-06-165332.png@webp,decrypt.co,"Technology,Financial Markets,Manufacturing",0.198378,Somewhat-Bullish,"[{""ticker"": ""MSTR"", ""relevance_score"": ""0.171282"", ""ticker_sentiment_score"": ""0.054282"", ""ticker_sentiment_label"": ""Neutral""}, {""ticker"": ""NVDA"", ""relevance_score"": ""0.05749"", ""ticker_sentiment_score"": ""0.0"", ""ticker_sentiment_label"": ""Neutral""}, {""ticker"": ""CRYPTO:BTC"", ""relevance_score"": ""0.436009"", ""ticker_sentiment_score"": ""0.410846"", ""ticker_sentiment_label"": ""Bullish""}]"
2025-05-06,"NYSE American: KULR will hold a conference call on Thursday, May 15th at 4:30 p.m. Eastern time to discuss its financial results for the first quarter ...",GlobeNewswire,https://www.globenewswire.com/news-release/2025/05/06/3075567/0/en/KULR-Technology-Group-Sets-First-Quarter-2025-Earnings-Call-for-Thursday-May-15-2025-at-4-30-p-m-ET.html,0.136499,https://www.globenewswire.com/news-release/2025/05/06/3075567/0/en/KULR-Technology-Group-Sets-First-Quarter-2025-Earnings-Call-for-Thursday-May-15-2025-at-4-30-p-m-ET.html,"KULR Technology Group Sets First Quarter 2025 Earnings Call for Thursday, May 15, 2025 at 4:30 p.m. ET","KULR Technology Group,Inc.",https://ml.globenewswire.com/Resource/Download/ed6853a0-ab06-4f35-8af8-39ae84ea700a,www.globenewswire.com,"Earnings,Financial Markets",0.156537,Somewhat-Bullish,"[{""ticker"": ""CRYPTO:BTC"", ""relevance_score"": ""0.136499"", ""ticker_sentiment_score"": ""0.176676"", ""ticker_sentiment_label"": ""Somewhat-Bullish""}]"
2025-05-06,"HOUSTON, May 06, 2025 ( GLOBE NEWSWIRE ) -- KULR Technology Group, Inc. KULR ( the ""Company"" or ""KULR"" ) , a global leader in advanced energy management solutions, will hold a conference call on Thursday, May 15th at 4:30 p.m. Eastern time ( 1:30 p.m.",Benzinga,https://www.benzinga.com/pressreleases/25/05/g45235738/kulr-technology-group-sets-first-quarter-2025-earnings-call-for-thursday-may-15-2025-at-4-30-p-m-e,0.1172,https://www.benzinga.com/pressreleases/25/05/g45235738/kulr-technology-group-sets-first-quarter-2025-earnings-call-for-thursday-may-15-2025-at-4-30-p-m-e,"KULR Technology Group Sets First Quarter 2025 Earnings Call for Thursday, May 15, 2025 at 4:30 p.m. ET - KULR Technology Group  ( AMEX:KULR ) ",Globe Newswire,https://www.benzinga.com/next-assets/images/schema-image-default.png,www.benzinga.com,"Earnings,Financial Markets",0.165676,Somewhat-Bullish,"[{""ticker"": ""CRYPTO:BTC"", ""relevance_score"": ""0.1172"", ""ticker_sentiment_score"": ""0.160775"", ""ticker_sentiment_label"": ""Somewhat-Bullish""}]"
2025-05-06,"New Hampshire Governor Kelly Ayotte signed a bill into law Tuesday enabling the state to amass Bitcoin, making it the first in the U.S.",Decrypt.co,https://decrypt.co/318147/new-hampshire-signs-bitcoin-reserve-bill,0.71174,https://decrypt.co/318147/new-hampshire-signs-bitcoin-reserve-bill,New Hampshire Becomes First State to Sign Bitcoin Reserve Bill Into Law,Decrypt Staff,https://cdn.decrypt.co/resize/1024/height/512/wp-content/uploads/2025/05/nh-bitcoin-bill-signed-gID_7.png,decrypt.co,Blockchain,0.190542,Somewhat-Bullish,"[{""ticker"": ""CRYPTO:BTC"", ""relevance_score"": ""0.71174"", ""ticker_sentiment_score"": ""0.231466"", ""ticker_sentiment_label"": ""Somewhat-Bullish""}]"
2025-05-06,The president appeared bothered by investors' rising angst about trade deals.,Decrypt.co,https://decrypt.co/318177/bitcoin-stalls-trump-vents-trade-frustrations-before-fed-decision,0.076115,https://decrypt.co/318177/bitcoin-stalls-trump-vents-trade-frustrations-before-fed-decision,Bitcoin Stalls as Trump Vents Trade Frustrations Before Fed Decision,André Beganski,https://cdn.decrypt.co/resize/1024/height/512/wp-content/uploads/2020/09/donald-trump-taxes-gID_7.jpg,decrypt.co,"Economy - Monetary,Blockchain,Financial Markets",0.052882,Neutral,"[{""ticker"": ""CRYPTO:BTC"", ""relevance_score"": ""0.076115"", ""ticker_sentiment_score"": ""-0.209913"", ""ticker_sentiment_label"": ""Somewhat-Bearish""}, {""ticker"": ""CRYPTO:ETH"", ""relevance_score"": ""0.076115"", ""ticker_sentiment_score"": ""0.049539"", ""ticker_sentiment_label"": ""Neutral""}]"
2025-05-06,"Key Takeaways:The Fed may pause rates but inject liquidity. Crypto could rally as a recession hedge.The weak US dollar and gold rally signal a shift to scarce assets.The US Federal Reserve Open Market Committee ( FOMC ) interest rate decision on May 7 will be a defining moment for risk-on assets, ...",Cointelegraph,https://cointelegraph.com/news/bitcoin-could-rally-regardless-of-what-the-federal-reserve-fomc-decides-this-week-here-s-why,0.33446,https://cointelegraph.com/news/bitcoin-could-rally-regardless-of-what-the-federal-reserve-fomc-decides-this-week-here-s-why,Bitcoin could rally regardless of what the Federal Reserve FOMC decides this week: Here's why,Marcel Pechman,https://s3.cointelegraph.com/uploads/2025-05/0196a73a-bd24-7a6c-b6ba-0d336a9a8613,cointelegraph.com,"Economy - Monetary,Financial Markets,Blockchain,Economy - Macro",0.053009,Neutral,"[{""ticker"": ""FOREX:USD"", ""relevance_score"": ""0.270523"", ""ticker_sentiment_score"": ""0.096588"", ""ticker_sentiment_label"": ""Neutral""}, {""ticker"": ""CRYPTO:BTC"", ""relevance_score"": ""0.33446"", ""ticker_sentiment_score"": ""0.10247"", ""ticker_sentiment_label"": ""Neutral""}]"
2025-05-06,"Trading platform eToro is targeting a valuation of up to $4B as it begins its IPO roadshow, touting itself as a ""pioneer in the crypto space."" ...",Decrypt.co,https://decrypt.co/318172/etoro-4-billion-valuation-pioneer-crypto-space,0.163909,https://decrypt.co/318172/etoro-4-billion-valuation-pioneer-crypto-space,"eToro Targets $4 Billion Valuation, Calling Itself a 'Pioneer in the Crypto Space'",Simon Chandler,https://cdn.decrypt.co/resize/1024/height/512/wp-content/uploads/2021/01/eToro-gID_7.jpg,decrypt.co,"IPO,Financial Markets,Earnings,Finance,Blockchain",0.101235,Neutral,"[{""ticker"": ""BAC"", ""relevance_score"": ""0.082393"", ""ticker_sentiment_score"": ""0.0"", ""ticker_sentiment_label"": ""Neutral""}, {""ticker"": ""GS"", ""relevance_score"": ""0.082393"", ""ticker_sentiment_score"": ""0.0"", ""ticker_sentiment_label"": ""Neutral""}, {""ticker"": ""C"", ""relevance_score"": ""0.082393"", ""ticker_sentiment_score"": ""0.0"", ""ticker_sentiment_label"": ""Neutral""}, {""ticker"": ""CRYPTO:BTC"", ""relevance_score"": ""0.163909"", ""ticker_sentiment_score"": ""0.052844"", ""ticker_sentiment_label"": ""Neutral""}]"
2025-05-06,"Key Takeaways:Data shows Bitcoin bulls opening margin long positions from $94,400.A $189 million increase in Bitcoin futures open interest and a 15% increase in trading volume show sustained buying interest.BTC momentum tends to slow before FOMC meetings and then turns volatile afterward.",Cointelegraph,https://cointelegraph.com/news/bitcoin-bulls-rush-into-long-positions-ahead-of-may-7-fed-fomc-interest-rate-decision,0.908087,https://cointelegraph.com/news/bitcoin-bulls-rush-into-long-positions-ahead-of-may-7-fed-fomc-interest-rate-decision,Bitcoin bulls rush into long positions ahead of May 7 Fed FOMC interest rate decision,Biraajmaan Tamuly,https://s3.cointelegraph.com/uploads/2025-05/0196a6c9-860c-7e70-8e95-3c96af56b83b,cointelegraph.com,"Economy - Monetary,Financial Markets",0.233669,Somewhat-Bullish,"[{""ticker"": ""CRYPTO:BTC"", ""relevance_score"": ""0.908087"", ""ticker_sentiment_score"": ""0.440209"", ""ticker_sentiment_label"": ""Bullish""}]"
2025-05-06,The Switzerland-based issuer is offering a fund tracking the price of Cronos to US investors.,Decrypt.co,https://decrypt.co/318148/21shares-debuts-cronos-etp-in-us-amid-altcoin-fund-frenzy,0.115232,https://decrypt.co/318148/21shares-debuts-cronos-etp-in-us-amid-altcoin-fund-frenzy,21Shares Debuts Cronos ETP in US Amid Altcoin Fund Frenzy,Liz Napolitano,https://cdn.decrypt.co/resize/1024/height/512/wp-content/uploads/2025/03/cronos-gID_7.png,decrypt.co,"Life Sciences,Financial Markets,Technology,Blockchain",0.252836,Somewhat-Bullish,"[{""ticker"": ""CRON"", ""relevance_score"": ""0.753715"", ""ticker_sentiment_score"": ""0.342021"", ""ticker_sentiment_label"": ""Somewhat-Bullish""}, {""ticker"": ""DJT"", ""relevance_score"": ""0.115232"", ""ticker_sentiment_score"": ""0.183308"", ""ticker_sentiment_label"": ""Somewhat-Bullish""}, {""ticker"": ""CRYPTO:BTC"", ""relevance_score"": ""0.115232"", ""ticker_sentiment_score"": ""0.183308"", ""ticker_sentiment_label"": ""Somewhat-Bullish""}, {""ticker"": ""CRYPTO:ETH"", ""relevance_score"": ""0.228073"", ""ticker_sentiment_score"": ""0.248748"", ""ticker_sentiment_label"": ""Somewhat-Bullish""}]"
2025-05-06,"In this podcast, Motley Fool analysts Jason Moser and Asit Sharma join host Ricky Mulvey to discuss:Then Motley Fool contributor Rick Munnariz joins host Mary Long to discuss Universal Studio's new park, Epic Universe, and the state of the travel industry.To catch full episodes of all The Motley ...",Motley Fool,https://www.fool.com/investing/2025/05/06/big-tech-lets-investors-know-whats-going-on/,0.011659,https://www.fool.com/investing/2025/05/06/big-tech-lets-investors-know-whats-going-on/,Big Tech Lets Investors Know What's Going On,Motley Fool Staff,https://g.foolcdn.com/editorial/images/817225/taking-the-markets-weight.jpg,www.fool.com,"Energy & Transportation,Technology,Finance,Blockchain,Economy - Fiscal,Retail & Wholesale,Financial Markets,Earnings,Real Estate & Construction",0.146927,Neutral,"[{""ticker"": ""AAPL"", ""relevance_score"": ""0.029142"", ""ticker_sentiment_score"": ""0.046662"", ""ticker_sentiment_label"": ""Neutral""}, {""ticker"": ""RDDT"", ""relevance_score"": ""0.011659"", ""ticker_sentiment_score"": ""0.101364"", ""ticker_sentiment_label"": ""Neutral""}, {""ticker"": ""NTDOF"", ""relevance_score"": ""0.00583"", ""ticker_sentiment_score"": ""0.035014"", ""ticker_sentiment_label"": ""Neutral""}, {""ticker"": ""GS"", ""relevance_score"": ""0.011659"", ""ticker_sentiment_score"": ""0.086979"", ""ticker_sentiment_label"": ""Neutral""}, {""ticker"": ""DIS"", ""relevance_score"": ""0.00583"", ""ticker_sentiment_score"": ""0.068771"", ""ticker_sentiment_label"": ""Neutral""}, {""ticker"": ""MSFT"", ""relevance_score"": ""0.058245"", ""ticker_sentiment_score"": ""0.089046"", ""ticker_sentiment_label"": ""Neutral""}, {""ticker"": ""HLT"", ""relevance_score"": ""0.023315"", ""ticker_sentiment_score"": ""0.065348"", ""ticker_sentiment_label"": ""Neutral""}, {""ticker"": ""MVES"", ""relevance_score"": ""0.011659"", ""ticker_sentiment_score"": ""0.038154"", ""ticker_sentiment_label"": ""Neutral""}, {""ticker"": ""UVV"", ""relevance_score"": ""0.081473"", ""ticker_sentiment_score"": ""0.033994"", ""ticker_sentiment_label"": ""Neutral""}, {""ticker"": ""NCLH"", ""relevance_score"": ""0.017488"", ""ticker_sentiment_score"": ""0.05952"", ""ticker_sentiment_label"": ""Neutral""}, {""ticker"": ""ADBE"", ""relevance_score"": ""0.00583"", ""ticker_sentiment_score"": ""0.110128"", ""ticker_sentiment_label"": ""Neutral""}, {""ticker"": ""RCL"", ""relevance_score"": ""0.04079"", ""ticker_sentiment_score"": ""0.074687"", ""ticker_sentiment_label"": ""Neutral""}, {""ticker"": ""CCZ"", ""relevance_score"": ""0.034967"", ""ticker_sentiment_score"": ""0.049467"", ""ticker_sentiment_label"": ""Neutral""}, {""ticker"": ""NET"", ""relevance_score"": ""0.00583"", ""ticker_sentiment_score"": ""0.016871"", ""ticker_sentiment_label"": ""Neutral""}, {""ticker"": ""UBER"", ""relevance_score"": ""0.00583"", ""ticker_sentiment_score"": ""0.110128"", ""ticker_sentiment_label"": ""Neutral""}, {""ticker"": ""AMZN"", ""relevance_score"": ""0.093062"", ""ticker_sentiment_score"": ""0.050696"", ""ticker_sentiment_label"": ""Neutral""}, {""ticker"": ""MAR"", ""relevance_score"": ""0.00583"", ""ticker_sentiment_score"": ""-0.001576"", ""ticker_sentiment_label"": ""Neutral""}, {""ticker"": ""CRYPTO:BTC"", ""relevance_score"": ""0.011659"", ""ticker_sentiment_score"": ""-0.070822"", ""ticker_sentiment_label"": ""Neutral""}]"
2025-05-06,"Ripple reported $3.2 billion in average daily spot volume for XRP in Q1, with total volume exceeding $16 billion. In February, XRP surged 50%, outshining Bitcoin's flat and Ethereum's declining performance. Feel unsure about the market's next move?",Benzinga,https://www.benzinga.com/markets/cryptocurrency/25/05/45232021/xrp-outpaces-bitcoin-ethereum-in-q1-as-investment-inflows-top-200-million,0.264897,https://www.benzinga.com/markets/cryptocurrency/25/05/45232021/xrp-outpaces-bitcoin-ethereum-in-q1-as-investment-inflows-top-200-million,"XRP Outpaces Bitcoin, Ethereum In Q1 As Investment Inflows Top $200 Million",Khyathi Dalal,https://cdn.benzinga.com/files/images/story/2025/05/06/Golden-Xrp-Coins-Are-Displayed-In-Front-_0.jpeg?width=1200&height=800&fit=crop,www.benzinga.com,"Finance,Financial Markets",0.137924,Neutral,"[{""ticker"": ""CME"", ""relevance_score"": ""0.089797"", ""ticker_sentiment_score"": ""0.182935"", ""ticker_sentiment_label"": ""Somewhat-Bullish""}, {""ticker"": ""COIN"", ""relevance_score"": ""0.089797"", ""ticker_sentiment_score"": ""0.216455"", ""ticker_sentiment_label"": ""Somewhat-Bullish""}, {""ticker"": ""CRYPTO:BTC"", ""relevance_score"": ""0.264897"", ""ticker_sentiment_score"": ""0.042083"", ""ticker_sentiment_label"": ""Neutral""}, {""ticker"": ""CRYPTO:ETH"", ""relevance_score"": ""0.264897"", ""ticker_sentiment_score"": ""0.0756"", ""ticker_sentiment_label"": ""Neutral""}]"
2025-05-06,"Houston, TX, May 06, 2025 ( GLOBE NEWSWIRE ) -- In the rapidly evolving landscape of online gambling, players are increasingly prioritizing swift and reliable access to their winnings. Among the myriad of platforms available, Ignition Casino has distinguished itself as the premier destination ...",Benzinga,https://www.benzinga.com/pressreleases/25/05/g45232019/fast-payout-online-casinos-ignition-casino-picked-as-the-fastest-instant-withdrawal-casino-site,0.1172,https://www.benzinga.com/pressreleases/25/05/g45232019/fast-payout-online-casinos-ignition-casino-picked-as-the-fastest-instant-withdrawal-casino-site,Fast Payout Online Casinos: Ignition Casino Picked as the Fastest Instant Withdrawal Casino Site,Globe Newswire,https://www.benzinga.com/next-assets/images/schema-image-default.png,www.benzinga.com,"Economy - Monetary,Blockchain",0.535484,Bullish,"[{""ticker"": ""MA"", ""relevance_score"": ""0.058759"", ""ticker_sentiment_score"": ""0.23749"", ""ticker_sentiment_label"": ""Somewhat-Bullish""}, {""ticker"": ""CRYPTO:BTC"", ""relevance_score"": ""0.1172"", ""ticker_sentiment_score"": ""0.095238"", ""ticker_sentiment_label"": ""Neutral""}, {""ticker"": ""CRYPTO:ETH"", ""relevance_score"": ""0.1172"", ""ticker_sentiment_score"": ""0.176606"", ""ticker_sentiment_label"": ""Somewhat-Bullish""}, {""ticker"": ""CRYPTO:LTC"", ""relevance_score"": ""0.1172"", ""ticker_sentiment_score"": ""0.151699"", ""ticker_sentiment_label"": ""Somewhat-Bullish""}]"
2025-05-06,"Global crypto market cap trades flat with a slight 0.5% dip, showing weakness ahead of macro events. Traders split: one sees Bitcoin's breakout still loading, another expects a clean flip of $95,600 to spark further gains. Feel unsure about the market's next move?",Benzinga,https://www.benzinga.com/markets/cryptocurrency/25/05/45234515/bitcoin-ethereum-xrp-dogecoin-slide-as-markets-brace-for-fed-interest-rate-decision,0.479683,https://www.benzinga.com/markets/cryptocurrency/25/05/45234515/bitcoin-ethereum-xrp-dogecoin-slide-as-markets-brace-for-fed-interest-rate-decision,"Bitcoin, Ethereum, XRP, Dogecoin Slide As Markets Brace For Fed Interest Rate Decision",Khyathi Dalal,https://cdn.benzinga.com/files/images/story/2025/05/06/Cryptocurrency-On-Binance-Trading-App--B_0.jpeg?width=1200&height=800&fit=crop,www.benzinga.com,"Economy - Monetary,IPO,Financial Markets,Blockchain",0.1182,Neutral,"[{""ticker"": ""CRYPTO:BTC"", ""relevance_score"": ""0.479683"", ""ticker_sentiment_score"": ""-0.050637"", ""ticker_sentiment_label"": ""Neutral""}, {""ticker"": ""CRYPTO:ETH"", ""relevance_score"": ""0.085324"", ""ticker_sentiment_score"": ""0.144963"", ""ticker_sentiment_label"": ""Neutral""}, {""ticker"": ""CRYPTO:XRP"", ""relevance_score"": ""0.085324"", ""ticker_sentiment_score"": ""0.144963"", ""ticker_sentiment_label"": ""Neutral""}]"
2025-05-06,"Bitcoin Laws identifies New Hampshire and Arizona as states with remaining live legislation focused on digital asset fund exposure. Despite growing institutional adoption of crypto, public-sector efforts to embrace Bitcoin remain uneven and politically sensitive.",Benzinga,https://www.benzinga.com/markets/cryptocurrency/25/05/45222346/florida-presses-pause-on-bitcoin-reserve-bill-heres-what-happened,0.620858,https://www.benzinga.com/markets/cryptocurrency/25/05/45222346/florida-presses-pause-on-bitcoin-reserve-bill-heres-what-happened,Florida Presses Pause On Bitcoin Reserve Bill: Here's What Happened,Murtuza J Merchant,https://cdn.benzinga.com/files/images/story/2025/05/06/Piles-Of-Golden-Bitcoin-Coin--Popular-Di.jpeg?width=1200&height=800&fit=crop,www.benzinga.com,Financial Markets,0.165443,Somewhat-Bullish,"[{""ticker"": ""CRYPTO:BTC"", ""relevance_score"": ""0.620858"", ""ticker_sentiment_score"": ""0.262761"", ""ticker_sentiment_label"": ""Somewhat-Bullish""}]"
2025-05-06,"Asset manager Standard Chartered predicts that Binance's ecosystem token, BNB, could more than double in price this year, according to an analyst report reviewed by Cointelegraph. The asset manager sees BNB's price rising to approximately $1,275 per token by the end of 2025 and as high as $2,775 ...",Cointelegraph,https://cointelegraph.com/news/standard-chartered-forecasts-bnb-price-more-than-doubling-this-year,0.211191,https://cointelegraph.com/news/standard-chartered-forecasts-bnb-price-more-than-doubling-this-year,Standard Chartered sees BNB more than doubling in 2025,Alex O’Donnell,https://s3.cointelegraph.com/uploads/2025-05/0196a67f-80f7-7b5d-9df3-e3cd1a2de5a7,cointelegraph.com,"Finance,Blockchain,Financial Markets",0.104677,Neutral,"[{""ticker"": ""BRK-A"", ""relevance_score"": ""0.106541"", ""ticker_sentiment_score"": ""0.0"", ""ticker_sentiment_label"": ""Neutral""}, {""ticker"": ""SCBFF"", ""relevance_score"": ""0.312158"", ""ticker_sentiment_score"": ""-0.002262"", ""ticker_sentiment_label"": ""Neutral""}, {""ticker"": ""CRYPTO:BTC"", ""relevance_score"": ""0.211191"", ""ticker_sentiment_score"": ""-0.072445"", ""ticker_sentiment_label"": ""Neutral""}, {""ticker"": ""CRYPTO:ETH"", ""relevance_score"": ""0.211191"", ""ticker_sentiment_score"": ""-0.106342"", ""ticker_sentiment_label"": ""Neutral""}]"
2025-05-06,"As online gambling continues to thrive in Australia, the demand for fast payout online casinos has skyrocketed. Among the many platforms vying for attention, Neospin has emerged as the fastest and most reliable instant withdrawal casino available to Australian players.",Benzinga,https://www.benzinga.com/pressreleases/25/05/g45221670/fast-payout-online-casinos-australia-neospin-picked-as-the-fastest-withdrawal-casino-site,0.095771,https://www.benzinga.com/pressreleases/25/05/g45221670/fast-payout-online-casinos-australia-neospin-picked-as-the-fastest-withdrawal-casino-site,Fast Payout Online Casinos Australia: Neospin Picked as the Fastest Withdrawal Casino Site,Globe Newswire,https://www.benzinga.com/next-assets/images/schema-image-default.png,www.benzinga.com,"Economy - Monetary,Blockchain",0.365658,Bullish,"[{""ticker"": ""MA"", ""relevance_score"": ""0.031992"", ""ticker_sentiment_score"": ""-0.040512"", ""ticker_sentiment_label"": ""Neutral""}, {""ticker"": ""CRYPTO:BTC"", ""relevance_score"": ""0.095771"", ""ticker_sentiment_score"": ""0.309149"", ""ticker_sentiment_label"": ""Somewhat-Bullish""}, {""ticker"": ""CRYPTO:ETH"", ""relevance_score"": ""0.031992"", ""ticker_sentiment_score"": ""0.386769"", ""ticker_sentiment_label"": ""Bullish""}, {""ticker"": ""CRYPTO:LTC"", ""relevance_score"": ""0.063933"", ""ticker_sentiment_score"": ""0.35426"", ""ticker_sentiment_label"": ""Bullish""}]"
2025-05-06,"WINNIPEG, Manitoba, May 06, 2025 ( GLOBE NEWSWIRE ) -- We checked out several crypto casinos in Canada, but most didn't live up to the hype. The bonuses were weak, the game libraries were limited, and the overall experience felt lacking.",Benzinga,https://www.benzinga.com/pressreleases/25/05/g45214947/best-online-casinos-canada-experts-name-7bit-casino-as-the-1-choice,0.051626,https://www.benzinga.com/pressreleases/25/05/g45214947/best-online-casinos-canada-experts-name-7bit-casino-as-the-1-choice,Best Online Casinos Canada | Experts Name 7Bit Casino as the #1 Choice,Globe Newswire,https://www.benzinga.com/next-assets/images/schema-image-default.png,www.benzinga.com,Blockchain,0.462391,Bullish,"[{""ticker"": ""MA"", ""relevance_score"": ""0.017219"", ""ticker_sentiment_score"": ""0.328745"", ""ticker_sentiment_label"": ""Somewhat-Bullish""}, {""ticker"": ""CRYPTO:BTC"", ""relevance_score"": ""0.051626"", ""ticker_sentiment_score"": ""0.167491"", ""ticker_sentiment_label"": ""Somewhat-Bullish""}, {""ticker"": ""CRYPTO:ETH"", ""relevance_score"": ""0.03443"", ""ticker_sentiment_score"": ""0.198882"", ""ticker_sentiment_label"": ""Somewhat-Bullish""}, {""ticker"": ""CRYPTO:DOGE"", ""relevance_score"": ""0.017219"", ""ticker_sentiment_score"": ""0.161738"", ""ticker_sentiment_label"": ""Somewhat-Bullish""}, {""ticker"": ""CRYPTO:LTC"", ""relevance_score"": ""0.03443"", ""ticker_sentiment_score"": ""0.198882"", ""ticker_sentiment_label"": ""Somewhat-Bullish""}]"
2025-05-06,"WILLEMSTAD, Curaçao, May 06, 2025 ( GLOBE NEWSWIRE ) -- BitStarz Casino ranks as a top choice for real money gambling in 2025, offering an exceptional range of slots, live casino games, and fast withdrawals. With strong licensing and a focus on player experience, BitStarz stands out as one of the ...",Benzinga,https://www.benzinga.com/pressreleases/25/05/g45214797/best-online-casinos-usa-2025-bitstarz-tops-the-charts-for-real-money-gaming,0.134214,https://www.benzinga.com/pressreleases/25/05/g45214797/best-online-casinos-usa-2025-bitstarz-tops-the-charts-for-real-money-gaming,Best Online Casinos USA 2025: BitStarz Tops the Charts for Real Money Gaming,Globe Newswire,https://www.benzinga.com/next-assets/images/schema-image-default.png,www.benzinga.com,Blockchain,0.480233,Bullish,"[{""ticker"": ""CRYPTO:BTC"", ""relevance_score"": ""0.134214"", ""ticker_sentiment_score"": ""0.265385"", ""ticker_sentiment_label"": ""Somewhat-Bullish""}, {""ticker"": ""CRYPTO:ETH"", ""relevance_score"": ""0.050536"", ""ticker_sentiment_score"": ""0.206625"", ""ticker_sentiment_label"": ""Somewhat-Bullish""}, {""ticker"": ""CRYPTO:LTC"", ""relevance_score"": ""0.016855"", ""ticker_sentiment_score"": ""0.115076"", ""ticker_sentiment_label"": ""Neutral""}]"
2025-05-06,"Block ( NYSE: XYZ ) got blocked by a number of potential investors after the fintech company's first-quarter earnings disappointed the market. The stock is now trading down more than 46% on the year as of this writing, following its recent sell-off.While best known for its original Square ...",Motley Fool,https://www.fool.com/investing/2025/05/06/block-stock-plummets-sell-off-buying-opportunity/,0.057767,https://www.fool.com/investing/2025/05/06/block-stock-plummets-sell-off-buying-opportunity/,Prediction: The Block Sell-Off Is a Buying Opportunity,Geoffrey Seiler,https://g.foolcdn.com/image/?url=https%3A%2F%2Fg.foolcdn.com%2Feditorial%2Fimages%2F816985%2Fgettyimages-1409383663.jpg&op=resize&w=700,www.fool.com,"Earnings,Financial Markets",0.271147,Somewhat-Bullish,"[{""ticker"": ""FOREX:USD"", ""relevance_score"": ""0.057767"", ""ticker_sentiment_score"": ""0.113055"", ""ticker_sentiment_label"": ""Neutral""}, {""ticker"": ""CRYPTO:BTC"", ""relevance_score"": ""0.057767"", ""ticker_sentiment_score"": ""0.086402"", ""ticker_sentiment_label"": ""Neutral""}]"
2025-05-06,"In the fourth quarter, the hedge fund billionaires listed below added to their positions in the iShares Bitcoin Trust ( NASDAQ: IBIT ) , an exchange-traded fund ( ETF ) from BlackRock that tracks the spot price of Bitcoin.Importantly, Gautam Chhugani at AllianceBernstein estimates Bitcoin will ...",Motley Fool,https://www.fool.com/investing/2025/05/06/billionaires-buy-blackrock-etf-soar-110-in-2025/,0.948824,https://www.fool.com/investing/2025/05/06/billionaires-buy-blackrock-etf-soar-110-in-2025/,Billionaires Are Buying a BlackRock ETF That Wall Street Analysts Say May Soar 110% in 2025,Trevor Jennewine,https://g.foolcdn.com/image/?url=https%3A%2F%2Fg.foolcdn.com%2Feditorial%2Fimages%2F817205%2Fgrowth-12.jpg&op=resize&w=700,www.fool.com,"Economy - Monetary,Financial Markets,Finance,Blockchain",0.111154,Neutral,"[{""ticker"": ""AB"", ""relevance_score"": ""0.059785"", ""ticker_sentiment_score"": ""0.129002"", ""ticker_sentiment_label"": ""Neutral""}, {""ticker"": ""COIN"", ""relevance_score"": ""0.059785"", ""ticker_sentiment_score"": ""-0.051085"", ""ticker_sentiment_label"": ""Neutral""}, {""ticker"": ""SCBFF"", ""relevance_score"": ""0.059785"", ""ticker_sentiment_score"": ""0.129002"", ""ticker_sentiment_label"": ""Neutral""}, {""ticker"": ""CRYPTO:BTC"", ""relevance_score"": ""0.948824"", ""ticker_sentiment_score"": ""0.196213"", ""ticker_sentiment_label"": ""Somewhat-Bullish""}]"
2025-05-06,"Two Bitcoin BTC/USD investors, dormant for over a decade, moved roughly $325 million worth of the asset on Monday, sparking intrigue in the cryptocurrency community. What Happened: According to on-chain tracker Spot On Chain, the first whale moved 2,343 BTC, worth $222.2 million, to a new wallet ...",Benzinga,https://www.benzinga.com/markets/cryptocurrency/25/05/45214067/two-dormant-bitcoin-whales-move-325-million-after-a-decade-whats-going-on,0.896158,https://www.benzinga.com/markets/cryptocurrency/25/05/45214067/two-dormant-bitcoin-whales-move-325-million-after-a-decade-whats-going-on,Two Dormant Bitcoin Whales Move $325 Million After A Decade: What's Going On?,Aniket Verma,https://cdn.benzinga.com/files/images/story/2025/05/06/Bitcoin-Cryptocurrency-Stock-Market-Conc.jpeg?width=1200&height=800&fit=crop,www.benzinga.com,"Blockchain,Financial Markets",0.234724,Somewhat-Bullish,"[{""ticker"": ""CRYPTO:BTC"", ""relevance_score"": ""0.896158"", ""ticker_sentiment_score"": ""0.319917"", ""ticker_sentiment_label"": ""Somewhat-Bullish""}]"
2025-05-06,"Bitcoin Core developers have decided to remove a limit on transaction data in the next network upgrade, enabling more data to be included in a more efficient way. ""Bitcoin Core's next release will, by default, relay and mine transactions whose OP_RETURN outputs exceed 80 bytes and allow any ...",Cointelegraph,https://cointelegraph.com/news/bitcoin-core-unilaterally-remove-controversial-op-return-limit,0.773597,https://cointelegraph.com/news/bitcoin-core-unilaterally-remove-controversial-op-return-limit,Bitcoin Core to unilaterally remove controversial OP-Return limit,Martin Young,https://s3.cointelegraph.com/uploads/2025-05/0196a420-2c99-7a0e-b586-e6a189d30d2e,cointelegraph.com,Blockchain,-0.068288,Neutral,"[{""ticker"": ""CRYPTO:BTC"", ""relevance_score"": ""0.773597"", ""ticker_sentiment_score"": ""0.31303"", ""ticker_sentiment_label"": ""Somewhat-Bullish""}]"
2025-05-06,"Risk-off sentiment returned ahead of the Federal Reserve's policy meeting, sending gold and its cryptocurrency derivatives higher on Monday. What happened: Spot gold was up 0.74% to $3,358.91 per ounce as of this writing, after hitting a two-week high earlier in the session.",Benzinga,https://www.benzinga.com/25/05/45213722/bitcoin-sideways-but-gold-backed-cryptos-advance-after-yellow-metal-hits-a-two-week-high,0.17715,https://www.benzinga.com/25/05/45213722/bitcoin-sideways-but-gold-backed-cryptos-advance-after-yellow-metal-hits-a-two-week-high,"Bitcoin Sideways, But Gold-Backed Cryptos Advance As Precious Yellow Metal Hits A Two-Week High",Aniket Verma,https://cdn.benzinga.com/files/images/story/2025/05/06/Bitcoin--Gold.jpeg?width=1200&height=800&fit=crop,www.benzinga.com,"Blockchain,Financial Markets",0.295549,Somewhat-Bullish,"[{""ticker"": ""CRYPTO:BTC"", ""relevance_score"": ""0.17715"", ""ticker_sentiment_score"": ""0.257069"", ""ticker_sentiment_label"": ""Somewhat-Bullish""}]"
2025-05-06,"Opinion by: Simon Cain, contributor at Bitcoin Policy UKMost jurisdictions globally are researching, developing or implementing retail central bank digital currencies ( CBDCs ) . If you see these as harmless move-with-the-times digital updates of old-fashioned paper money, look again.",Cointelegraph,https://cointelegraph.com/news/bitcoin-is-freedom,0.41838,https://cointelegraph.com/news/bitcoin-is-freedom,Bitcoin vs. digital fiat is freedom vs. serfdom,Simon Cain,"https://images.cointelegraph.com/cdn-cgi/image/format=auto,onerror=redirect,quality=90,width=1200/https://s3.cointelegraph.com/uploads/2025-05/0196a078-14a8-7231-acba-eed1eb501454",cointelegraph.com,"Economy - Monetary,Blockchain,Financial Markets",0.012153,Neutral,"[{""ticker"": ""FOREX:EUR"", ""relevance_score"": ""0.04882"", ""ticker_sentiment_score"": ""-0.011913"", ""ticker_sentiment_label"": ""Neutral""}, {""ticker"": ""FOREX:USD"", ""relevance_score"": ""0.04882"", ""ticker_sentiment_score"": ""0.125279"", ""ticker_sentiment_label"": ""Neutral""}, {""ticker"": ""CRYPTO:BTC"", ""relevance_score"": ""0.41838"", ""ticker_sentiment_score"": ""-0.087012"", ""ticker_sentiment_label"": ""Neutral""}]"
2025-05-06,"The push for state-level digital asset reserves is hitting resistance nationally, despite early-year optimism among Bitcoin advocates.",Decrypt.co,https://decrypt.co/318033/florida-joins-growing-list-states-knocking-back-bitcoin-reserve-bills,0.457274,https://decrypt.co/318033/florida-joins-growing-list-states-knocking-back-bitcoin-reserve-bills,Florida Joins Growing List of States Knocking Back Bitcoin Reserve Bills,Vismaya V,https://cdn.decrypt.co/resize/1024/height/512/wp-content/uploads/2020/08/Florida-Map-gID_7.jpg,decrypt.co,"Blockchain,Financial Markets",-0.021675,Neutral,"[{""ticker"": ""CRYPTO:BTC"", ""relevance_score"": ""0.457274"", ""ticker_sentiment_score"": ""-0.07776"", ""ticker_sentiment_label"": ""Neutral""}]"
2025-05-06,"BNB Coin BNB/USD edged higher Monday after asset management giant VanEck filed an exchange-traded fund application with the SEC. What happened: BNB spiked over 2% in the last 24 hours, becoming the most successful cryptocurrency among the top ten by market capitalization.",Benzinga,https://www.benzinga.com/25/05/45213113/bnb-outgains-bitcoin-ethereum-after-vaneck-files-for-first-us-etf-tracking-the-crypto,0.254307,https://www.benzinga.com/25/05/45213113/bnb-outgains-bitcoin-ethereum-after-vaneck-files-for-first-us-etf-tracking-the-crypto,"BNB Tops Bitcoin, Ethereum After VanEck Files For First US ETF Tracking The Token",Aniket Verma,https://cdn.benzinga.com/files/images/story/2025/05/06/Binance-Bnb-Cryptocurrency-Physical-Coin.jpeg?width=1200&height=800&fit=crop,www.benzinga.com,"Blockchain,Financial Markets",0.347525,Somewhat-Bullish,"[{""ticker"": ""CRYPTO:BTC"", ""relevance_score"": ""0.254307"", ""ticker_sentiment_score"": ""0.208666"", ""ticker_sentiment_label"": ""Somewhat-Bullish""}, {""ticker"": ""CRYPTO:ETH"", ""relevance_score"": ""0.254307"", ""ticker_sentiment_score"": ""0.208666"", ""ticker_sentiment_label"": ""Somewhat-Bullish""}]"
2025-05-06,"A hacker who took over the Tron DAO X account is estimated to have made around $45,000 in improperly solicited funds, according to a spokesperson from Tron. Speaking to Cointelegraph, the Tron public relations team confirmed that on May 2, the Tron DAO account posted a contract address and sent ...",Cointelegraph,https://cointelegraph.com/news/tron-dao-curve-finance-latest-victims-x-hacks,0.120733,https://cointelegraph.com/news/tron-dao-curve-finance-latest-victims-x-hacks,"Tron says DAO X hack cost victims $45K, Curve Finance also hit",Stephen Katte,https://s3.cointelegraph.com/uploads/2025-05/0196a34b-7ba0-7ca5-bebf-c4b4b95d5577,cointelegraph.com,Blockchain,-0.260417,Somewhat-Bearish,"[{""ticker"": ""CRYPTO:BTC"", ""relevance_score"": ""0.120733"", ""ticker_sentiment_score"": ""0.0"", ""ticker_sentiment_label"": ""Neutral""}]"
2025-05-06,"The Tron network has drawn closer to regaining the lead from Ethereum in Tether circulation after another big mint by the US stablecoin issuer.On May 5, Tether minted another $1 billion Tether ( USDT ) on the Tron network, according to Arkham Intelligence.",Cointelegraph,https://cointelegraph.com/news/fresh-1-billon-tether-mints-tron-closing-gap-with-ethereum,0.279015,https://cointelegraph.com/news/fresh-1-billon-tether-mints-tron-closing-gap-with-ethereum,"Fresh $1B in Tether mints on Tron, closing gap again with Ethereum",Martin Young,https://s3.cointelegraph.com/uploads/2025-05/0196a370-83bd-74d4-954c-6c1967097206,cointelegraph.com,Blockchain,0.233495,Somewhat-Bullish,"[{""ticker"": ""CRYPTO:BTC"", ""relevance_score"": ""0.279015"", ""ticker_sentiment_score"": ""0.194887"", ""ticker_sentiment_label"": ""Somewhat-Bullish""}, {""ticker"": ""CRYPTO:ETH"", ""relevance_score"": ""0.366061"", ""ticker_sentiment_score"": ""0.09992"", ""ticker_sentiment_label"": ""Neutral""}, {""ticker"": ""CRYPTO:USDT"", ""relevance_score"": ""0.659096"", ""ticker_sentiment_score"": ""0.191121"", ""ticker_sentiment_label"": ""Somewhat-Bullish""}]"
2025-05-06,"VANCOUVER, British Columbia, May 05, 2025 ( GLOBE NEWSWIRE ) -- DMG Blockchain Solutions Inc. DMGI DMGGF 6AX ( ""DMG"" or the ""Company"" ) , a vertically integrated blockchain and data center technology company, today announces its preliminary operational results for April 2025:",Benzinga,https://www.benzinga.com/pressreleases/25/05/g45212875/dmg-blockchain-solutions-announces-preliminary-april-operational-results,0.469382,https://www.benzinga.com/pressreleases/25/05/g45212875/dmg-blockchain-solutions-announces-preliminary-april-operational-results,DMG Blockchain Solutions Announces Preliminary April Operational Results - DMG Blockchain Solutions  ( OTC:DMGGF ) ,Globe Newswire,https://www.benzinga.com/next-assets/images/schema-image-default.png,www.benzinga.com,"Technology,Blockchain,Financial Markets",0.115049,Neutral,"[{""ticker"": ""GOOG"", ""relevance_score"": ""0.026328"", ""ticker_sentiment_score"": ""0.09615"", ""ticker_sentiment_label"": ""Neutral""}, {""ticker"": ""META"", ""relevance_score"": ""0.026328"", ""ticker_sentiment_score"": ""0.09615"", ""ticker_sentiment_label"": ""Neutral""}, {""ticker"": ""CRYPTO:BTC"", ""relevance_score"": ""0.469382"", ""ticker_sentiment_score"": ""0.140611"", ""ticker_sentiment_label"": ""Neutral""}]"
2025-05-06,"Leading cryptocurrencies traded flat on Monday as uncertainty about tariffs calmed investors' risk appetite. What Happened: Bitcoin wobbled between the mid-$93,000s and the early $95,000s, with the apex cryptocurrency hitting an intraday high of $95,193.19.",Benzinga,https://www.benzinga.com/25/05/45212767/bitcoin-ethereum-flat-dogecoin-dips-even-as-trump-calls-crypto-popular-analyst-says-btc-build-up-good-predicts-et,0.415927,https://www.benzinga.com/25/05/45212767/bitcoin-ethereum-flat-dogecoin-dips-even-as-trump-calls-crypto-popular-analyst-says-btc-build-up-good-predicts-et,"Bitcoin, Ethereum Flat, Dogecoin Dips Even As Trump Calls Crypto 'Popular:' Analyst Says BTC Build-up Good, Predicts ETH Uptrend After Fed Meet - Grayscale Bitcoin Mini Trust  ( BTC )  Common units of fractional undivided beneficial interest  ( ARCA:BTC ) ",Aniket Verma,https://cdn.benzinga.com/files/images/story/2025/05/05/Bitcoin-Cryptocurrency-Stock-Market-Conc.jpeg?width=1200&height=800&fit=crop,www.benzinga.com,"Economy - Monetary,Blockchain,Financial Markets",0.127144,Neutral,"[{""ticker"": ""CRYPTO:BTC"", ""relevance_score"": ""0.415927"", ""ticker_sentiment_score"": ""-0.073673"", ""ticker_sentiment_label"": ""Neutral""}, {""ticker"": ""CRYPTO:ETH"", ""relevance_score"": ""0.415927"", ""ticker_sentiment_score"": ""0.193429"", ""ticker_sentiment_label"": ""Somewhat-Bullish""}]"
2025-05-06,"The publicly traded Bitcoin miner sold 475 Bitcoins last month, including all of the tokens it mined in April.",Decrypt.co,https://decrypt.co/317982/riot-platforms-sells-44-million-bitcoin-industry-headwinds,0.920795,https://decrypt.co/317982/riot-platforms-sells-44-million-bitcoin-industry-headwinds,Riot Platforms Sells $44 Million in Bitcoin Amid Mining Industry Headwinds,Liz Napolitano,https://cdn.decrypt.co/resize/1024/height/512/wp-content/uploads/2020/02/riot-blockchain-bitcoin-mining-oklahoma-1-gID_7.jpg,decrypt.co,Life Sciences,0.019374,Neutral,"[{""ticker"": ""RIOT"", ""relevance_score"": ""0.126784"", ""ticker_sentiment_score"": ""0.069436"", ""ticker_sentiment_label"": ""Neutral""}, {""ticker"": ""CRYPTO:BTC"", ""relevance_score"": ""0.920795"", ""ticker_sentiment_score"": ""0.042494"", ""ticker_sentiment_label"": ""Neutral""}]"
2025-05-06,"In an era where online gambling is surging across the United States, Ignition Casino has emerged as the definitive leader among the best gambling sites. With its rapid payouts, robust game selection, and player-centric features, Ignition Casino stands out as the premier destination for both ...",Benzinga,https://www.benzinga.com/pressreleases/25/05/g45221716/best-gambling-sites-ignition-casino-picked-as-the-top-gambling-site,0.048133,https://www.benzinga.com/pressreleases/25/05/g45221716/best-gambling-sites-ignition-casino-picked-as-the-top-gambling-site,Best Gambling Sites: Ignition Casino Picked as the Top Gambling Site,Globe Newswire,https://www.benzinga.com/next-assets/images/schema-image-default.png,www.benzinga.com,"Economy - Monetary,Blockchain",0.521515,Bullish,"[{""ticker"": ""MA"", ""relevance_score"": ""0.032099"", ""ticker_sentiment_score"": ""0.247972"", ""ticker_sentiment_label"": ""Somewhat-Bullish""}, {""ticker"": ""CRYPTO:BTC"", ""relevance_score"": ""0.048133"", ""ticker_sentiment_score"": ""0.224889"", ""ticker_sentiment_label"": ""Somewhat-Bullish""}, {""ticker"": ""CRYPTO:ETH"", ""relevance_score"": ""0.048133"", ""ticker_sentiment_score"": ""0.224889"", ""ticker_sentiment_label"": ""Somewhat-Bullish""}]"
2025-05-06,"Two Florida crypto bills have been removed from the legislative process in the latest blow to American state-level strategic Bitcoin reserve ambitions. Florida's House Bill 487 and Senate Bill 550 have been ""indefinitely postponed and withdrawn from consideration"" on May 3, according to the ...",Cointelegraph,https://cointelegraph.com/news/florida-takes-strategic-bitcoin-reserve-bills-off-the-table,0.792165,https://cointelegraph.com/news/florida-takes-strategic-bitcoin-reserve-bills-off-the-table,Florida takes strategic Bitcoin reserve bills off the table,Martin Young,https://s3.cointelegraph.com/uploads/2025-05/0196a3c7-e0fb-7e65-9cfe-6e3fda27df91,cointelegraph.com,Financial Markets,0.056697,Neutral,"[{""ticker"": ""CRYPTO:BTC"", ""relevance_score"": ""0.792165"", ""ticker_sentiment_score"": ""0.071576"", ""ticker_sentiment_label"": ""Neutral""}]"
2025-05-06,"Charlie Shrem's newly launched 21million.com aims to distribute free Bitcoin, echoing Gavin Andresen's 2010 faucet concept.",Decrypt.co,https://decrypt.co/317988/charlie-shrem-launches-new-bitcoin-faucet-no-free-coins-yet,0.850429,https://decrypt.co/317988/charlie-shrem-launches-new-bitcoin-faucet-no-free-coins-yet,New Bitcoin Faucet Launches-But There's No Free Coins Yet,Jose Antonio Lanz,https://img.decrypt.co/insecure/rs:fit:3840:0:0:0/plain/https://cdn.decrypt.co/wp-content/uploads/2025/05/unnamed.png@webp,decrypt.co,,0.255947,Somewhat-Bullish,"[{""ticker"": ""CRYPTO:BTC"", ""relevance_score"": ""0.850429"", ""ticker_sentiment_score"": ""0.430211"", ""ticker_sentiment_label"": ""Bullish""}]"
2025-05-06,"VANCOUVER, British Columbia, May 05, 2025 ( GLOBE NEWSWIRE ) -- DMG Blockchain Solutions Inc. ( TSX-V: DMGI ) ( OTCQB: DMGGF ) ( FRANKFURT: 6AX ) ( ""DMG"" or the ""Company"" ) , a vertically integrated blockchain and data center technology company, today announces its preliminary operational ...",GlobeNewswire,https://www.globenewswire.com/news-release/2025/05/06/3074661/0/en/DMG-Blockchain-Solutions-Announces-Preliminary-April-Operational-Results.html,0.348291,https://www.globenewswire.com/news-release/2025/05/06/3074661/0/en/DMG-Blockchain-Solutions-Announces-Preliminary-April-Operational-Results.html,DMG Blockchain Solutions Announces Preliminary April Operational Results,DMG Blockchain Solutions Inc.,https://ml.globenewswire.com/Resource/Download/7d0c7dc2-5e69-4f76-9752-b1fe62cf95cf,www.globenewswire.com,"Technology,Blockchain,Financial Markets",0.124532,Neutral,"[{""ticker"": ""GOOG"", ""relevance_score"": ""0.027699"", ""ticker_sentiment_score"": ""0.09685"", ""ticker_sentiment_label"": ""Neutral""}, {""ticker"": ""META"", ""relevance_score"": ""0.027699"", ""ticker_sentiment_score"": ""0.09685"", ""ticker_sentiment_label"": ""Neutral""}, {""ticker"": ""CRYPTO:BTC"", ""relevance_score"": ""0.348291"", ""ticker_sentiment_score"": ""0.129017"", ""ticker_sentiment_label"": ""Neutral""}]"
2025-05-06,Wall Street soared last week as strong jobs data and easing trade tensions sparked market optimism.,Zacks Commentary,https://www.zacks.com/stock/news/2462639/inside-last-weeks-wall-street-rally-best-performing-etf-areas,0.052801,https://www.zacks.com/stock/news/2462639/inside-last-weeks-wall-street-rally-best-performing-etf-areas,Inside Last Week's Wall Street Rally & Best-Performing ETF Areas,Sanghamitra Saha,https://staticx-tuner.zacks.com/images/articles/main/1f/1145.jpg,www.zacks.com,"Life Sciences,Retail & Wholesale,Financial Markets,Earnings,Technology,Blockchain",0.258845,Somewhat-Bullish,"[{""ticker"": ""MSFT"", ""relevance_score"": ""0.157483"", ""ticker_sentiment_score"": ""0.067767"", ""ticker_sentiment_label"": ""Neutral""}, {""ticker"": ""AAPL"", ""relevance_score"": ""0.157483"", ""ticker_sentiment_score"": ""-0.019543"", ""ticker_sentiment_label"": ""Neutral""}, {""ticker"": ""AMZN"", ""relevance_score"": ""0.105372"", ""ticker_sentiment_score"": ""-0.074753"", ""ticker_sentiment_label"": ""Neutral""}, {""ticker"": ""NVO"", ""relevance_score"": ""0.157483"", ""ticker_sentiment_score"": ""0.116957"", ""ticker_sentiment_label"": ""Neutral""}, {""ticker"": ""CRYPTO:BTC"", ""relevance_score"": ""0.052801"", ""ticker_sentiment_score"": ""0.125623"", ""ticker_sentiment_label"": ""Neutral""}]"
2025-05-06,"Gold prices climbed above $3,380 per ounce Tuesday, reaching a new high as investors sought safe-haven assets amid escalating trade tensions. The precious metal gained $90 in Monday's session before adding another $45 in early trading. What Happened: ""Gold is up another $45 so far tonight, ...",Benzinga,https://www.benzinga.com/markets/commodities/25/05/45215302/a-breakout-is-near-as-gold-surges-above-3380-and-silver-starts-to-perk-up-says-peter-schiff,0.207571,https://www.benzinga.com/markets/commodities/25/05/45215302/a-breakout-is-near-as-gold-surges-above-3380-and-silver-starts-to-perk-up-says-peter-schiff,"Bitcoin Critic Peter Schiff Says A 'Breakout Is Near' As Gold Surges Above $3,380, Silver Starts To Perk Up - Grayscale Bitcoin Mini Trust  ( BTC )  Common units of fractional undivided beneficial interest  ( ARCA:BTC ) ",Kaustubh Bagalkote,https://cdn.benzinga.com/files/images/story/2025/05/06/Macro-View-Of-Stacks-Of-Gold-Bars.jpeg?width=1200&height=800&fit=crop,www.benzinga.com,"Economy - Monetary,Blockchain,Financial Markets",0.246788,Somewhat-Bullish,"[{""ticker"": ""PLSQF"", ""relevance_score"": ""0.104683"", ""ticker_sentiment_score"": ""0.158452"", ""ticker_sentiment_label"": ""Somewhat-Bullish""}, {""ticker"": ""CRYPTO:BTC"", ""relevance_score"": ""0.207571"", ""ticker_sentiment_score"": ""0.315117"", ""ticker_sentiment_label"": ""Somewhat-Bullish""}]"
2025-05-06,"Binance co-founder Changpeng ""CZ"" Zhao expects Bitcoin's price to top at $500,000 to $1 million during this market cycle.During an interview with Rug Radio published on May 5, Zhao said that he expects Bitcoin to reach up to one million dollars during this market cycle.",Cointelegraph,https://cointelegraph.com/news/cz-says-bitcoin-could-hit-500-k-1-m-this-cycle,0.97452,https://cointelegraph.com/news/cz-says-bitcoin-could-hit-500-k-1-m-this-cycle,Binance founder CZ says Bitcoin could hit $500K-$1M this cycle,Adrian Zmudzinski,https://s3.cointelegraph.com/uploads/2025-05/0196a5cd-8449-7acf-89c2-a469809a58c4,cointelegraph.com,"Economy - Monetary,Blockchain,Financial Markets",0.24265,Somewhat-Bullish,"[{""ticker"": ""CRYPTO:BTC"", ""relevance_score"": ""0.97452"", ""ticker_sentiment_score"": ""0.37642"", ""ticker_sentiment_label"": ""Bullish""}, {""ticker"": ""CRYPTO:ETH"", ""relevance_score"": ""0.250386"", ""ticker_sentiment_score"": ""0.041618"", ""ticker_sentiment_label"": ""Neutral""}]"
2025-05-06,"Traders say Bitcoin may form a short-term top around FOMC, but a reversal could be weaker than usual. Another sees price action holding firm, with current pullback as standard pre-FOMC behavior. Get prepared for the Fed's next move-live with Matt Maley on Wednesday, May 7 at 6 PM ET. Reserve ...",Benzinga,https://www.benzinga.com/markets/cryptocurrency/25/05/45219839/bitcoin-dips-below-94000-as-traders-eye-potential-short-term-top,0.60098,https://www.benzinga.com/markets/cryptocurrency/25/05/45219839/bitcoin-dips-below-94000-as-traders-eye-potential-short-term-top,"Bitcoin Dips Below $94,000 As Traders Eye Potential Short-Term Top",Khyathi Dalal,https://cdn.benzinga.com/files/images/story/2025/05/06/Falling-Cryptocurrencies-bitcoins--Dogec.jpeg?width=1200&height=800&fit=crop,www.benzinga.com,"Economy - Monetary,Financial Markets",0.152432,Somewhat-Bullish,"[{""ticker"": ""CRYPTO:BTC"", ""relevance_score"": ""0.60098"", ""ticker_sentiment_score"": ""0.098904"", ""ticker_sentiment_label"": ""Neutral""}]"
2025-05-06,Key points:Bitcoin is struggling again as gold retakes the limelight with week-to-date gains of nearly 5%.Bitcoin's correlation with gold is under scrutiny amid ongoing macroeconomic shifts.Traders see a short-term slump amid a wider BTC price rebound.Bitcoin ( BTC ) eyed fresh month-to-date ...,Cointelegraph,https://cointelegraph.com/news/bitcoin-faces-91-6-k-retest-btc-price-fails-match-gold-gains,0.801951,https://cointelegraph.com/news/bitcoin-faces-91-6-k-retest-btc-price-fails-match-gold-gains,Bitcoin risks sub-$92K retest as BTC price fails to match 4% gold gains,William Suberg,https://s3.cointelegraph.com/uploads/2025-05/0196a574-97a3-7ec4-87f9-8c218ae95aa4,cointelegraph.com,"Economy - Monetary,Financial Markets",0.154541,Somewhat-Bullish,"[{""ticker"": ""FOREX:USD"", ""relevance_score"": ""0.307924"", ""ticker_sentiment_score"": ""0.254583"", ""ticker_sentiment_label"": ""Somewhat-Bullish""}, {""ticker"": ""CRYPTO:BTC"", ""relevance_score"": ""0.801951"", ""ticker_sentiment_score"": ""0.294313"", ""ticker_sentiment_label"": ""Somewhat-Bullish""}]"
2025-05-06,"SYDNEY, May 06, 2025 ( GLOBE NEWSWIRE ) -- IREN Limited ( NASDAQ: IREN ) ( together with its subsidiaries, ""IREN"" or ""the Company"" ) , today published its monthly update for April 2025.",GlobeNewswire,https://www.globenewswire.com/news-release/2025/05/06/3075041/0/en/IREN-April-2025-Monthly-Update.html,0.243319,https://www.globenewswire.com/news-release/2025/05/06/3075041/0/en/IREN-April-2025-Monthly-Update.html,IREN April 2025 Monthly Update,IREN Limited,https://ml.globenewswire.com/Resource/Download/e62e10ea-ed87-47b0-8f25-f3aa730b6367/chd-night.jpg,www.globenewswire.com,"Earnings,Financial Markets,Economy - Macro",0.119367,Neutral,"[{""ticker"": ""CURN"", ""relevance_score"": ""0.014541"", ""ticker_sentiment_score"": ""0.049268"", ""ticker_sentiment_label"": ""Neutral""}, {""ticker"": ""CRYPTO:BTC"", ""relevance_score"": ""0.243319"", ""ticker_sentiment_score"": ""0.091238"", ""ticker_sentiment_label"": ""Neutral""}, {""ticker"": ""CRYPTO:XCP"", ""relevance_score"": ""0.014541"", ""ticker_sentiment_score"": ""0.049268"", ""ticker_sentiment_label"": ""Neutral""}]"
2025-05-06,"eToro's IPO follows crypto-affiliated listings like Coinbase and Robinhood, both of which listed during the 2021 bull cycle. The platform supports over 80 digital assets and integrates social trading tools to attract mainstream retail investors.",Benzinga,https://www.benzinga.com/markets/cryptocurrency/25/05/45219180/etoro-eyes-5b-valuation-in-nasdaq-ipo-sets-price-range-at-4650-per-share,0.157483,https://www.benzinga.com/markets/cryptocurrency/25/05/45219180/etoro-eyes-5b-valuation-in-nasdaq-ipo-sets-price-range-at-4650-per-share,"eToro Eyes $5B Valuation In Nasdaq IPO, Sets Price Range At $46-$50 Per Share - Grayscale Bitcoin Mini Trust  ( BTC )  Common units of fractional undivided beneficial interest  ( ARCA:BTC ) ",Murtuza J Merchant,https://cdn.benzinga.com/files/images/story/2025/05/06/Stock-Market-Graph-Trading-Analysis-Inve.jpeg?width=1200&height=800&fit=crop,www.benzinga.com,"IPO,Financial Markets,Finance,Blockchain",0.203979,Somewhat-Bullish,"[{""ticker"": ""COIN"", ""relevance_score"": ""0.308891"", ""ticker_sentiment_score"": ""0.152948"", ""ticker_sentiment_label"": ""Somewhat-Bullish""}, {""ticker"": ""CRYPTO:BTC"", ""relevance_score"": ""0.157483"", ""ticker_sentiment_score"": ""0.167534"", ""ticker_sentiment_label"": ""Somewhat-Bullish""}, {""ticker"": ""CRYPTO:ETH"", ""relevance_score"": ""0.157483"", ""ticker_sentiment_score"": ""0.167534"", ""ticker_sentiment_label"": ""Somewhat-Bullish""}]"
2025-05-06,"Key takeaways: Bitcoin's Coinbase premium index turned negative for the first time in 15 days, indicating defensive short-term sentiment among US investors.Bitcoin CME futures gaps between support at $92,000-$92,500 and resistance at $96,400-$97,400 suggest a period of range-bound trading.",Cointelegraph,https://cointelegraph.com/news/bitcoin-price-btc-futures-gaps-after-coinbase-premium-turns-negative,0.851386,https://cointelegraph.com/news/bitcoin-price-btc-futures-gaps-after-coinbase-premium-turns-negative,Bitcoin price forms two BTC futures gaps after Coinbase premium flips negative,Biraajmaan Tamuly,https://s3.cointelegraph.com/uploads/2025-05/0196a173-eada-7c7f-a478-edd929863995,cointelegraph.com,"Finance,Financial Markets",-0.101346,Neutral,"[{""ticker"": ""COIN"", ""relevance_score"": ""0.421485"", ""ticker_sentiment_score"": ""-0.339228"", ""ticker_sentiment_label"": ""Somewhat-Bearish""}, {""ticker"": ""CRYPTO:BTC"", ""relevance_score"": ""0.851386"", ""ticker_sentiment_score"": ""-0.128341"", ""ticker_sentiment_label"": ""Neutral""}]"
2025-05-06,"In January 2025, XRP ( CRYPTO: XRP ) was one of the hottest cryptocurrencies on the planet. At one point, XRP was up nearly 600% after the 2024 presidential election, and the chart for XRP was wonderfully, beautifully parabolic.But it's been a tougher slog of late.",Motley Fool,https://www.fool.com/investing/2025/05/06/where-will-xrp-be-in-5-years/,0.051221,https://www.fool.com/investing/2025/05/06/where-will-xrp-be-in-5-years/,Where Will XRP Be in 5 Years?,Dominic Basulto,https://g.foolcdn.com/image/?url=https%3A%2F%2Fg.foolcdn.com%2Feditorial%2Fimages%2F816947%2Fshocked-investor-with-smartphone.jpg&op=resize&w=700,www.fool.com,"Blockchain,Financial Markets",0.221028,Somewhat-Bullish,"[{""ticker"": ""FOREX:USD"", ""relevance_score"": ""0.20279"", ""ticker_sentiment_score"": ""0.105029"", ""ticker_sentiment_label"": ""Neutral""}, {""ticker"": ""CRYPTO:BTC"", ""relevance_score"": ""0.051221"", ""ticker_sentiment_score"": ""0.222522"", ""ticker_sentiment_label"": ""Somewhat-Bullish""}, {""ticker"": ""CRYPTO:ETH"", ""relevance_score"": ""0.051221"", ""ticker_sentiment_score"": ""0.222522"", ""ticker_sentiment_label"": ""Somewhat-Bullish""}]"
2025-05-06,"Southeast Asia's superapp Grab has partnered with Natix, a project within Solana's decentralized physical infrastructure network ( DePIN ) , to cooperate on mapping and autonomous driving technologies.The joint collaboration aims to combine Natix's blockchain-based mapping data with Grab's ...",Cointelegraph,https://cointelegraph.com/news/singapore-grab-solana-depin-autonomous-driving-mapping,0.136499,https://cointelegraph.com/news/singapore-grab-solana-depin-autonomous-driving-mapping,Singapore's Grab taps Solana DePIN project Natix to 'reshape mapping',Helen Partz,https://s3.cointelegraph.com/uploads/2025-05/0196a5c0-bc9f-7add-af7d-cb4359dcacf5,cointelegraph.com,"Technology,Blockchain,Manufacturing",0.111134,Neutral,"[{""ticker"": ""TMOAF"", ""relevance_score"": ""0.068502"", ""ticker_sentiment_score"": ""-0.198966"", ""ticker_sentiment_label"": ""Somewhat-Bearish""}, {""ticker"": ""GOOG"", ""relevance_score"": ""0.136499"", ""ticker_sentiment_score"": ""-0.192262"", ""ticker_sentiment_label"": ""Somewhat-Bearish""}, {""ticker"": ""TSLA"", ""relevance_score"": ""0.136499"", ""ticker_sentiment_score"": ""0.189456"", ""ticker_sentiment_label"": ""Somewhat-Bullish""}, {""ticker"": ""SFTBF"", ""relevance_score"": ""0.068502"", ""ticker_sentiment_score"": ""0.188884"", ""ticker_sentiment_label"": ""Somewhat-Bullish""}, {""ticker"": ""CRYPTO:BTC"", ""relevance_score"": ""0.136499"", ""ticker_sentiment_score"": ""-0.057567"", ""ticker_sentiment_label"": ""Neutral""}, {""ticker"": ""CRYPTO:ETH"", ""relevance_score"": ""0.136499"", ""ticker_sentiment_score"": ""-0.057567"", ""ticker_sentiment_label"": ""Neutral""}]"
2025-05-06,"EMBLETON, Western Australia, May 06, 2025 ( GLOBE NEWSWIRE ) -- Best Online Casino In Australia, Ignition Casino is a fun and trusted place where Australian players can enjoy lots of exciting games. The casino is licensed by Curaçao eGaming, so it is legal and safe to play here.",Benzinga,https://www.benzinga.com/pressreleases/25/05/g45217784/best-online-casino-in-australia-2025-online-gambling-sites-ignition-casino,0.048262,https://www.benzinga.com/pressreleases/25/05/g45217784/best-online-casino-in-australia-2025-online-gambling-sites-ignition-casino,Best Online Casino in Australia 2025 | Online Gambling Sites - Ignition Casino,Globe Newswire,https://www.benzinga.com/next-assets/images/schema-image-default.png,www.benzinga.com,"Technology,Blockchain",0.523095,Bullish,"[{""ticker"": ""MA"", ""relevance_score"": ""0.016096"", ""ticker_sentiment_score"": ""0.062773"", ""ticker_sentiment_label"": ""Neutral""}, {""ticker"": ""META"", ""relevance_score"": ""0.016096"", ""ticker_sentiment_score"": ""0.0"", ""ticker_sentiment_label"": ""Neutral""}, {""ticker"": ""CRYPTO:BTC"", ""relevance_score"": ""0.048262"", ""ticker_sentiment_score"": ""0.053307"", ""ticker_sentiment_label"": ""Neutral""}, {""ticker"": ""CRYPTO:ETH"", ""relevance_score"": ""0.032186"", ""ticker_sentiment_score"": ""0.059836"", ""ticker_sentiment_label"": ""Neutral""}]"
2025-05-06,"Veteran US Internal Revenue Service ( IRS ) official Trish Turner was appointed to lead the agency's digital assets division following the departure of two key crypto-focused executives.Turner, who has spent over 20 years at the IRS and most recently served as a senior adviser within the Digital ...",Cointelegraph,https://cointelegraph.com/news/trish-turner-irs-crypto-division-leadership-shiftpto-division-amid-leadership-shakeup,0.171485,https://cointelegraph.com/news/trish-turner-irs-crypto-division-leadership-shiftpto-division-amid-leadership-shakeup,IRS appoints Trish Turner to head crypto division amid resignations,Amin Haqshanas,https://s3.cointelegraph.com/uploads/2025-05/0196a4f4-4dab-711c-95ee-dd5f2a3ca316,cointelegraph.com,"Finance,Blockchain,Financial Markets",0.097948,Neutral,"[{""ticker"": ""COIN"", ""relevance_score"": ""0.086245"", ""ticker_sentiment_score"": ""0.377426"", ""ticker_sentiment_label"": ""Bullish""}, {""ticker"": ""CRYPTO:BTC"", ""relevance_score"": ""0.171485"", ""ticker_sentiment_score"": ""0.0"", ""ticker_sentiment_label"": ""Neutral""}]"
2025-05-06,"Emma Reynolds MP shot down the idea of a UK national crypto reserve, saying that, ""We don't think that's appropriate for our market."" ...",Decrypt.co,https://decrypt.co/318045/uk-rules-out-national-crypto-reserve,0.105141,https://decrypt.co/318045/uk-rules-out-national-crypto-reserve,UK Treasury Secretary Rules Out National Crypto Reserve: 'Not the Plan for Us',Stephen Graves,https://cdn.decrypt.co/resize/1024/height/512/wp-content/uploads/2025/05/emma-reynolds-gID_7.jpg,decrypt.co,"Economy - Fiscal,Blockchain",0.098387,Neutral,"[{""ticker"": ""CRYPTO:BTC"", ""relevance_score"": ""0.105141"", ""ticker_sentiment_score"": ""0.066749"", ""ticker_sentiment_label"": ""Neutral""}]"
2025-05-06,"Bitcoin BTC/USD is maintaining its position amid market uncertainty as traders anticipate the Federal Reserve's upcoming policy meeting, with a prominent analyst suggesting the cryptocurrency may have reached its correction low.",Benzinga,https://www.benzinga.com/economics/macro-economic-events/25/05/45215836/bitcoins-up-only-season-around-the-corner-says-analyst-michael-van-de-poppe-predi,0.606385,https://www.benzinga.com/economics/macro-economic-events/25/05/45215836/bitcoins-up-only-season-around-the-corner-says-analyst-michael-van-de-poppe-predi,"Bitcoin's 'Up-Only Season Around The Corner,' Says Analyst Michaël van de Poppe, Predicts BTC Will Bottom Ahead Of FOMC Meeting - SPDR S&P 500  ( ARCA:SPY ) ",Tanya Rawat,https://cdn.benzinga.com/files/images/story/2025/05/06/A-Close-up-Image-Of-Cryptocurrency-Bitco.jpeg?width=1200&height=800&fit=crop,www.benzinga.com,"Economy - Monetary,Blockchain,Financial Markets",0.033906,Neutral,"[{""ticker"": ""CRYPTO:BTC"", ""relevance_score"": ""0.606385"", ""ticker_sentiment_score"": ""-0.117231"", ""ticker_sentiment_label"": ""Neutral""}]"
2025-05-06,"VICTORIA, Seychelles, May 6, 2025 /PRNewswire/ -- Bitget, the leading cryptocurrency exchange and Web3 company, brought the heat to Token2049 with an exclusive ringside experience at Karate Combat KC54 in Dubai on May 2nd.",Benzinga,https://www.benzinga.com/pressreleases/25/05/n45221131/bitget-delivers-vip-ringside-experience-at-karate-combat-kc54-during-token2049,0.043186,https://www.benzinga.com/pressreleases/25/05/n45221131/bitget-delivers-vip-ringside-experience-at-karate-combat-kc54-during-token2049,Bitget Delivers VIP Ringside Experience at Karate Combat KC54 During Token2049,PRNewswire,https://www.benzinga.com/next-assets/images/schema-image-default.png,www.benzinga.com,"Blockchain,Financial Markets",0.275501,Somewhat-Bullish,"[{""ticker"": ""CRYPTO:BTC"", ""relevance_score"": ""0.043186"", ""ticker_sentiment_score"": ""0.14943"", ""ticker_sentiment_label"": ""Neutral""}, {""ticker"": ""CRYPTO:ETH"", ""relevance_score"": ""0.043186"", ""ticker_sentiment_score"": ""0.14943"", ""ticker_sentiment_label"": ""Neutral""}]"
2025-05-06,"TORONTO, May 06, 2025 ( GLOBE NEWSWIRE ) -- Bitfarms Ltd. ( NASDAQ/TSX: BITF ) , a global energy and compute infrastructure company, today announced its participation in several upcoming investor and industry conferences.",GlobeNewswire,https://www.globenewswire.com/news-release/2025/05/06/3074858/0/en/Bitfarms-Announces-Participation-in-Upcoming-Investor-and-Industry-Conferences.html,0.519739,https://www.globenewswire.com/news-release/2025/05/06/3074858/0/en/Bitfarms-Announces-Participation-in-Upcoming-Investor-and-Industry-Conferences.html,Bitfarms Announces Participation in Upcoming Investor and Industry Conferences,Bitfarms Ltd.,https://ml.globenewswire.com/Resource/Download/744ef46c-804d-4c5d-8ead-8050ee8bdc83,www.globenewswire.com,Technology,0.376722,Bullish,"[{""ticker"": ""BITF"", ""relevance_score"": ""0.986511"", ""ticker_sentiment_score"": ""0.621422"", ""ticker_sentiment_label"": ""Bullish""}, {""ticker"": ""CRYPTO:BTC"", ""relevance_score"": ""0.519739"", ""ticker_sentiment_score"": ""0.432485"", ""ticker_sentiment_label"": ""Bullish""}]"
2025-05-06,"First Quarter 2025 Revenue of $49m, up 16% quarter over quarter ...",GlobeNewswire,https://www.globenewswire.com/news-release/2025/05/06/3074863/0/en/Cipher-Mining-Provides-First-Quarter-2025-Business-Update.html,0.071499,https://www.globenewswire.com/news-release/2025/05/06/3074863/0/en/Cipher-Mining-Provides-First-Quarter-2025-Business-Update.html,Cipher Mining Provides First Quarter 2025 Business Update,Cipher Mining Inc.,https://ml.globenewswire.com/Resource/Download/8842205d-b0f4-4ef8-8184-bca2f700c9f3,www.globenewswire.com,"Earnings,Financial Markets",0.192708,Somewhat-Bullish,"[{""ticker"": ""CRYPTO:BTC"", ""relevance_score"": ""0.071499"", ""ticker_sentiment_score"": ""0.081676"", ""ticker_sentiment_label"": ""Neutral""}]"
2025-05-06,Senate Republicans back off fast-track push as Thune opens door to Democratic demands ahead of GENIUS Act floor vote.,Decrypt.co,https://decrypt.co/318037/thune-signals-gop-compromise-stablecoin-bill-senate-vote,0.103778,https://decrypt.co/318037/thune-signals-gop-compromise-stablecoin-bill-senate-vote,Thune Signals GOP Willing to Compromise on Stablecoin Bill as Senate Vote Nears,Vince Dioquino,https://cdn.decrypt.co/resize/1024/height/512/wp-content/uploads/2024/11/washington-dc-congress-gID_7.jpg,decrypt.co,Blockchain,0.182735,Somewhat-Bullish,"[{""ticker"": ""FOREX:USD"", ""relevance_score"": ""0.103778"", ""ticker_sentiment_score"": ""0.310577"", ""ticker_sentiment_label"": ""Somewhat-Bullish""}, {""ticker"": ""CRYPTO:BTC"", ""relevance_score"": ""0.103778"", ""ticker_sentiment_score"": ""0.310577"", ""ticker_sentiment_label"": ""Somewhat-Bullish""}]"
2025-05-06,"Key takeaways:Berkshire holds $347B in cash, enough to buy ~18% of Bitcoin's supply.Greg Abel has not signaled a shift from Warren Buffett's anti-Bitcoin stance.Berkshire already has indirect crypto exposure via Nu Holdings, Jefferies.Warren Buffett announced at Berkshire Hathaway's annual ...",Cointelegraph,https://cointelegraph.com/news/how-much-bitcoin-can-berkshire-hathaway-buy,0.846873,https://cointelegraph.com/news/how-much-bitcoin-can-berkshire-hathaway-buy,How much Bitcoin can Berkshire Hathaway buy?,Yashu Gola,https://s3.cointelegraph.com/uploads/2025-05/0196a50d-b2ed-71f8-801f-27e34947b8df,cointelegraph.com,"Financial Markets,Energy & Transportation,Technology,Finance,Blockchain",0.145128,Neutral,"[{""ticker"": ""GOLD"", ""relevance_score"": ""0.071145"", ""ticker_sentiment_score"": ""0.132547"", ""ticker_sentiment_label"": ""Neutral""}, {""ticker"": ""JEF"", ""relevance_score"": ""0.071145"", ""ticker_sentiment_score"": ""0.16511"", ""ticker_sentiment_label"": ""Somewhat-Bullish""}, {""ticker"": ""BRK-A"", ""relevance_score"": ""0.071145"", ""ticker_sentiment_score"": ""-0.011205"", ""ticker_sentiment_label"": ""Neutral""}, {""ticker"": ""NU"", ""relevance_score"": ""0.141726"", ""ticker_sentiment_score"": ""0.125304"", ""ticker_sentiment_label"": ""Neutral""}, {""ticker"": ""CRYPTO:BTC"", ""relevance_score"": ""0.846873"", ""ticker_sentiment_score"": ""0.251224"", ""ticker_sentiment_label"": ""Somewhat-Bullish""}]"
2025-05-07,"JERSEY CITY, N.J., May 07, 2025 ( GLOBE NEWSWIRE ) -- After testing various online casinos in NJ and looking into their bonuses and rewards, we finally found 7Bit Casino, which is one of the best online casinos in NJ. We are surprised by its welcome bonus and fastest payout feature.",Benzinga,https://www.benzinga.com/pressreleases/25/05/g45249634/best-online-casinos-nj-new-jersey-7bit-casino-ranked-as-a-premier-choice-among-nj-players,0.167064,https://www.benzinga.com/pressreleases/25/05/g45249634/best-online-casinos-nj-new-jersey-7bit-casino-ranked-as-a-premier-choice-among-nj-players,"Best Online Casinos NJ  ( New Jersey ) : 7Bit Casino, Ranked as a Premier Choice Among NJ Players",Globe Newswire,https://www.benzinga.com/next-assets/images/schema-image-default.png,www.benzinga.com,Blockchain,0.535843,Bullish,"[{""ticker"": ""CRYPTO:BTC"", ""relevance_score"": ""0.167064"", ""ticker_sentiment_score"": ""0.299654"", ""ticker_sentiment_label"": ""Somewhat-Bullish""}, {""ticker"": ""CRYPTO:ETH"", ""relevance_score"": ""0.074692"", ""ticker_sentiment_score"": ""0.121176"", ""ticker_sentiment_label"": ""Neutral""}, {""ticker"": ""CRYPTO:DOGE"", ""relevance_score"": ""0.037387"", ""ticker_sentiment_score"": ""0.0"", ""ticker_sentiment_label"": ""Neutral""}, {""ticker"": ""CRYPTO:LTC"", ""relevance_score"": ""0.056055"", ""ticker_sentiment_score"": ""0.0569"", ""ticker_sentiment_label"": ""Neutral""}, {""ticker"": ""CRYPTO:BCH"", ""relevance_score"": ""0.037387"", ""ticker_sentiment_score"": ""0.0"", ""ticker_sentiment_label"": ""Neutral""}]"
2025-05-07,"LOS ANGELES, May 07, 2025 ( GLOBE NEWSWIRE ) -- In response to the recent surge in Bitcoin prices and renewed interest in cryptocurrency investment, PAIRMiner, a cloud mining platform regulated by the UK's Financial Conduct Authority ( FCA ) , has launched a limited-time $150 signup bonus offer ...",Benzinga,https://www.benzinga.com/pressreleases/25/05/g45260277/pairminer-launches-150-signup-bonus-offer-amid-growing-interest-in-bitcoin-mining,0.291182,https://www.benzinga.com/pressreleases/25/05/g45260277/pairminer-launches-150-signup-bonus-offer-amid-growing-interest-in-bitcoin-mining,PAIRMiner Launches $150 Signup Bonus Offer Amid Growing Interest in Bitcoin Mining,Globe Newswire,https://www.benzinga.com/next-assets/images/schema-image-default.png,www.benzinga.com,"Earnings,Blockchain,Financial Markets",0.505867,Bullish,"[{""ticker"": ""CRYPTO:BTC"", ""relevance_score"": ""0.291182"", ""ticker_sentiment_score"": ""0.494415"", ""ticker_sentiment_label"": ""Bullish""}]"
2025-05-07,"Key points:Bitcoin investors are making the most of the highest price levels in several months by cashing out profits.These are averaging $1 billion per day, leading to concerns that the market comeback may stall or even reverse.Institutional participation has not led to a change in mindset, ...",Cointelegraph,https://cointelegraph.com/news/bitcoin-1b-daily-realized-profits-signal-late-stage-bull-market,0.852739,https://cointelegraph.com/news/bitcoin-1b-daily-realized-profits-signal-late-stage-bull-market,Bitcoin $1B daily realized profits signal 'late-stage bull market',William Suberg,https://s3.cointelegraph.com/uploads/2025-05/0196ab65-8c22-7f49-9157-0ce0e8a68ea9,cointelegraph.com,Financial Markets,0.131175,Neutral,"[{""ticker"": ""CRYPTO:BTC"", ""relevance_score"": ""0.852739"", ""ticker_sentiment_score"": ""0.184827"", ""ticker_sentiment_label"": ""Somewhat-Bullish""}]"
2025-05-07,"Bitcoin may retrace to key liquidity levels at $92,700 and potentially $85,100. One analyst remains bullish on 2025 overall, but says the current correction could extend through Q4 in a worst-case scenario. Feel unsure about the market's next move?",Benzinga,https://www.benzinga.com/markets/cryptocurrency/25/05/45259065/bitcoin-hovers-around-97000-but-a-correction-may-be-around-the-corner-traders-warn,0.437512,https://www.benzinga.com/markets/cryptocurrency/25/05/45259065/bitcoin-hovers-around-97000-but-a-correction-may-be-around-the-corner-traders-warn,"Bitcoin Hovers Around $97,000, But A Correction May Be Around The Corner, Traders Warn",Khyathi Dalal,https://cdn.benzinga.com/files/images/story/2025/05/07/Bitcoin-Coin-On-Keyboard-With-Nice-Backg_1.jpeg?width=1200&height=800&fit=crop,www.benzinga.com,"Economy - Monetary,Financial Markets",0.199356,Somewhat-Bullish,"[{""ticker"": ""CRYPTO:BTC"", ""relevance_score"": ""0.437512"", ""ticker_sentiment_score"": ""0.21687"", ""ticker_sentiment_label"": ""Somewhat-Bullish""}]"
2025-05-07,"Billionaire investor and Bitcoin bull Tim Draper remains ""optimistic"" that the price of Bitcoin will hit $250,000 by the end of 2025.",Decrypt.co,https://decrypt.co/318317/businesses-without-bitcoin-irresponsible-tim-draper,0.975907,https://decrypt.co/318317/businesses-without-bitcoin-irresponsible-tim-draper,"Businesses Without Bitcoin Are 'Being Irresponsible', Says Billionaire Investor Tim Draper",Stephen Graves,https://cdn.decrypt.co/resize/1024/height/512/wp-content/uploads/2025/05/tim-draper-web-summit-rio-gID_7.jpg,decrypt.co,"Life Sciences,Blockchain",0.085465,Neutral,"[{""ticker"": ""SMLR"", ""relevance_score"": ""0.089797"", ""ticker_sentiment_score"": ""0.11401"", ""ticker_sentiment_label"": ""Neutral""}, {""ticker"": ""FOREX:USD"", ""relevance_score"": ""0.089797"", ""ticker_sentiment_score"": ""0.04081"", ""ticker_sentiment_label"": ""Neutral""}, {""ticker"": ""CRYPTO:BTC"", ""relevance_score"": ""0.975907"", ""ticker_sentiment_score"": ""0.115759"", ""ticker_sentiment_label"": ""Neutral""}, {""ticker"": ""CRYPTO:ETH"", ""relevance_score"": ""0.089797"", ""ticker_sentiment_score"": ""0.118187"", ""ticker_sentiment_label"": ""Neutral""}]"
2025-05-07,"Michael Saylor says Bitcoin is the optimal strategy for 96% of public companies. He calls Bitcoin ""digital capital"" and the ideal counterpart to the rise of AI-driven ""digital intelligence."" Feel unsure about the market's next move?",Benzinga,https://www.benzinga.com/markets/cryptocurrency/25/05/45257429/michael-saylor-calls-bitcoin-the-corporate-survival-strategy-for-96-of-companies,0.912924,https://www.benzinga.com/markets/cryptocurrency/25/05/45257429/michael-saylor-calls-bitcoin-the-corporate-survival-strategy-for-96-of-companies,Michael Saylor Calls Bitcoin The 'Corporate Survival Strategy' For 96% of Companies - Strategy  ( NASDAQ:MSTR ) ,Khyathi Dalal,https://cdn.benzinga.com/files/images/story/2025/05/07/Apex--North-Carolina---April-23-2025-Str.jpeg?width=1200&height=800&fit=crop,www.benzinga.com,"Technology,Financial Markets",0.33963,Somewhat-Bullish,"[{""ticker"": ""MSFT"", ""relevance_score"": ""0.090816"", ""ticker_sentiment_score"": ""0.108064"", ""ticker_sentiment_label"": ""Neutral""}, {""ticker"": ""MSTR"", ""relevance_score"": ""0.267804"", ""ticker_sentiment_score"": ""0.202073"", ""ticker_sentiment_label"": ""Somewhat-Bullish""}, {""ticker"": ""GOOG"", ""relevance_score"": ""0.090816"", ""ticker_sentiment_score"": ""0.108064"", ""ticker_sentiment_label"": ""Neutral""}, {""ticker"": ""CRYPTO:BTC"", ""relevance_score"": ""0.912924"", ""ticker_sentiment_score"": ""0.581025"", ""ticker_sentiment_label"": ""Bullish""}]"
2025-05-07,"SINGAPORE, May 07, 2025 ( GLOBE NEWSWIRE ) -- In response to growing global demand for high-performance, user-centric trading platforms, BexBack, a fast-growing cryptocurrency derivatives exchange, is transforming how traders approach the crypto market.",Benzinga,https://www.benzinga.com/pressreleases/25/05/g45254362/bexback-revolutionizes-crypto-futures-trading-with-100x-leverage-no-kyc-and-over-50-tradable-asset,0.170475,https://www.benzinga.com/pressreleases/25/05/g45254362/bexback-revolutionizes-crypto-futures-trading-with-100x-leverage-no-kyc-and-over-50-tradable-asset,"BexBack Revolutionizes Crypto Futures Trading with 100x Leverage, No KYC, and Over 50 Tradable Assets",Globe Newswire,https://www.benzinga.com/next-assets/images/schema-image-default.png,www.benzinga.com,"Blockchain,Financial Markets",0.36984,Bullish,"[{""ticker"": ""CRYPTO:BTC"", ""relevance_score"": ""0.170475"", ""ticker_sentiment_score"": ""0.29813"", ""ticker_sentiment_label"": ""Somewhat-Bullish""}, {""ticker"": ""CRYPTO:USDT"", ""relevance_score"": ""0.114137"", ""ticker_sentiment_score"": ""0.214057"", ""ticker_sentiment_label"": ""Somewhat-Bullish""}, {""ticker"": ""CRYPTO:XRP"", ""relevance_score"": ""0.057215"", ""ticker_sentiment_score"": ""0.26301"", ""ticker_sentiment_label"": ""Somewhat-Bullish""}]"
2025-05-07,"NEW YORK, May 07, 2025 ( GLOBE NEWSWIRE ) -- One of the hardest decisions for any gambler is finding the best online casinos in the US. Whether it comes to play variety, speed of payout, or overall trustworthiness, they deserve nothing but the best.",Benzinga,https://www.benzinga.com/pressreleases/25/05/g45253361/wild-casino-best-online-casino-in-us-real-money-2025-top-gambling-site,0.074058,https://www.benzinga.com/pressreleases/25/05/g45253361/wild-casino-best-online-casino-in-us-real-money-2025-top-gambling-site,Wild Casino - Best Online Casino In US Real Money 2025 | Top Gambling Site,Globe Newswire,https://www.benzinga.com/next-assets/images/schema-image-default.png,www.benzinga.com,Blockchain,0.441486,Bullish,"[{""ticker"": ""CRYPTO:BTC"", ""relevance_score"": ""0.074058"", ""ticker_sentiment_score"": ""0.292928"", ""ticker_sentiment_label"": ""Somewhat-Bullish""}, {""ticker"": ""CRYPTO:ETH"", ""relevance_score"": ""0.055578"", ""ticker_sentiment_score"": ""0.292153"", ""ticker_sentiment_label"": ""Somewhat-Bullish""}]"
2025-05-07,"The small Himalayan country has adopted strongly pro-crypto policies in recent years, stockpiling Bitcoin for a national reserve.",Decrypt.co,https://decrypt.co/318309/bhutan-partners-with-binance-pay-for-its-tourism-ecosystem,0.568435,https://decrypt.co/318309/bhutan-partners-with-binance-pay-for-its-tourism-ecosystem,Bhutan Partners with Binance Pay for Its Tourism Ecosystem,Will McCurdy,https://cdn.decrypt.co/resize/1024/height/512/wp-content/uploads/2025/05/bhutan-bitcoin-gID_7.jpg,decrypt.co,Blockchain,0.178373,Somewhat-Bullish,"[{""ticker"": ""MA"", ""relevance_score"": ""0.089462"", ""ticker_sentiment_score"": ""0.078252"", ""ticker_sentiment_label"": ""Neutral""}, {""ticker"": ""CURN"", ""relevance_score"": ""0.089462"", ""ticker_sentiment_score"": ""0.056522"", ""ticker_sentiment_label"": ""Neutral""}, {""ticker"": ""FOREX:BTN"", ""relevance_score"": ""0.177802"", ""ticker_sentiment_score"": ""0.129017"", ""ticker_sentiment_label"": ""Neutral""}, {""ticker"": ""CRYPTO:BTC"", ""relevance_score"": ""0.568435"", ""ticker_sentiment_score"": ""0.327151"", ""ticker_sentiment_label"": ""Somewhat-Bullish""}, {""ticker"": ""CRYPTO:ETH"", ""relevance_score"": ""0.089462"", ""ticker_sentiment_score"": ""0.180704"", ""ticker_sentiment_label"": ""Somewhat-Bullish""}, {""ticker"": ""CRYPTO:BNB"", ""relevance_score"": ""0.263942"", ""ticker_sentiment_score"": ""0.261721"", ""ticker_sentiment_label"": ""Somewhat-Bullish""}]"
2025-05-07,"DALLAS, May 07, 2025 ( GLOBE NEWSWIRE ) -- Asset Entities Inc. ( ""Asset Entities"" or the ""Company"" ) ( NASDAQ: ASST ) , a provider of digital marketing and content delivery services, today announced that it has entered into a definitive merger agreement with Strive Asset Management.",Business Insider,https://markets.businessinsider.com/news/stocks/asset-entities-to-merge-with-strive-asset-management-to-form-the-first-publicly-traded-asset-management-bitcoin-treasury-company-1034683179,0.300027,https://markets.businessinsider.com/news/stocks/asset-entities-to-merge-with-strive-asset-management-to-form-the-first-publicly-traded-asset-management-bitcoin-treasury-company-1034683179,Asset Entities to Merge with Strive Asset Management to Form the First Publicly Traded Asset Management Bitcoin Treasury Company,markets.businessinsider.com,https://ml.globenewswire.com/media/ZTQ3MzEwNDctZjVkOC00OTAwLWIyMzYtNWFkYWExZjMwN2I5LTEyNjU0MzUtMjAyNS0wNS0wNy1lbg==/tiny/Asset-Entities-Inc-.png,markets.businessinsider.com,"Economy - Monetary,Financial Markets,Earnings,Mergers & Acquisitions,Technology",0.18036,Somewhat-Bullish,"[{""ticker"": ""ASST"", ""relevance_score"": ""0.592622"", ""ticker_sentiment_score"": ""0.256054"", ""ticker_sentiment_label"": ""Somewhat-Bullish""}, {""ticker"": ""GOOG"", ""relevance_score"": ""0.015373"", ""ticker_sentiment_score"": ""-0.041368"", ""ticker_sentiment_label"": ""Neutral""}, {""ticker"": ""CRYPTO:BTC"", ""relevance_score"": ""0.300027"", ""ticker_sentiment_score"": ""0.276203"", ""ticker_sentiment_label"": ""Somewhat-Bullish""}]"
2025-05-07,"DALLAS, May 07, 2025 ( GLOBE NEWSWIRE ) -- Asset Entities Inc. ( ""Asset Entities"" or the ""Company"" ) ASST, a provider of digital marketing and content delivery services, today announced that it has entered into a definitive merger agreement with Strive Asset Management.",Benzinga,https://www.benzinga.com/pressreleases/25/05/g45249975/asset-entities-to-merge-with-strive-asset-management-to-form-the-first-publicly-traded-asset-manag,0.294977,https://www.benzinga.com/pressreleases/25/05/g45249975/asset-entities-to-merge-with-strive-asset-management-to-form-the-first-publicly-traded-asset-manag,Asset Entities to Merge with Strive Asset Management to Form the First Publicly Traded Asset Management Bitcoin Treasury Company - Asset Entities  ( NASDAQ:ASST ) ,Globe Newswire,https://www.benzinga.com/next-assets/images/schema-image-default.png,www.benzinga.com,"Economy - Monetary,Financial Markets,Earnings,Mergers & Acquisitions,Technology",0.184984,Somewhat-Bullish,"[{""ticker"": ""ASST"", ""relevance_score"": ""0.584286"", ""ticker_sentiment_score"": ""0.254196"", ""ticker_sentiment_label"": ""Somewhat-Bullish""}, {""ticker"": ""GOOG"", ""relevance_score"": ""0.015101"", ""ticker_sentiment_score"": ""-0.041303"", ""ticker_sentiment_label"": ""Neutral""}, {""ticker"": ""CRYPTO:BTC"", ""relevance_score"": ""0.294977"", ""ticker_sentiment_score"": ""0.272688"", ""ticker_sentiment_label"": ""Somewhat-Bullish""}]"
2025-05-07,"Asset Entities enters into a definitive merger agreement with Strive Asset Management to form a public bitcoin treasury company. ""We are thrilled to be joining forces with Strive Asset Management to help pioneer the future of corporate Bitcoin treasury strategies."" Feel unsure about the market's ...",Benzinga,https://www.benzinga.com/news/contracts/25/05/45260992/asset-entities-stock-rockets-higher-on-merger-deal-to-form-bitcoin-treasury-company,0.772734,https://www.benzinga.com/news/contracts/25/05/45260992/asset-entities-stock-rockets-higher-on-merger-deal-to-form-bitcoin-treasury-company,Asset Entities Stock Rockets Higher On Merger Deal To Form Bitcoin Treasury Company - Asset Entities  ( NASDAQ:ASST ) ,Adam Eckert,https://cdn.benzinga.com/files/images/story/2025/05/07/Piles-Of-Golden-Bitcoin-Coin--Popular-Di_2.jpeg?width=1200&height=800&fit=crop,www.benzinga.com,"Mergers & Acquisitions,Financial Markets",0.325007,Somewhat-Bullish,"[{""ticker"": ""ASST"", ""relevance_score"": ""0.596796"", ""ticker_sentiment_score"": ""0.507617"", ""ticker_sentiment_label"": ""Bullish""}, {""ticker"": ""CRYPTO:BTC"", ""relevance_score"": ""0.772734"", ""ticker_sentiment_score"": ""0.518261"", ""ticker_sentiment_label"": ""Bullish""}]"
2025-05-07,ETH is currently stuck 40% lower than it was this time last year after devs finalized the Pectra upgrade.,Decrypt.co,https://decrypt.co/318329/ethereum-price-pectra-upgrade,0.294093,https://decrypt.co/318329/ethereum-price-pectra-upgrade,Ethereum Price Holds Steady Following Pectra Upgrade,Connor Sephton,https://cdn.decrypt.co/resize/1024/height/512/wp-content/uploads/2024/07/ethereum-logo-neon-glowing-gID_7.png,decrypt.co,"Economy - Monetary,Blockchain",0.072124,Neutral,"[{""ticker"": ""CRYPTO:BTC"", ""relevance_score"": ""0.294093"", ""ticker_sentiment_score"": ""0.103106"", ""ticker_sentiment_label"": ""Neutral""}, {""ticker"": ""CRYPTO:ETH"", ""relevance_score"": ""0.868812"", ""ticker_sentiment_score"": ""0.373733"", ""ticker_sentiment_label"": ""Bullish""}]"
2025-05-07,"Senators Warren and Schiff denounced Trump's meme coin dinner, calling it potential ""pay-to-play"" access to the presidency. Warren also raised alarms over a $2B deal involving Trump's USD1 stablecoin and crypto exchange Binance, citing corruption risks.",Benzinga,https://www.benzinga.com/markets/cryptocurrency/25/05/45253032/anthony-scaramucci-gives-donald-trump-b-or-a-on-crypto-but-warns-presidential-meme-coin-de,0.132733,https://www.benzinga.com/markets/cryptocurrency/25/05/45253032/anthony-scaramucci-gives-donald-trump-b-or-a-on-crypto-but-warns-presidential-meme-coin-de,"Anthony Scaramucci Gives Donald Trump 'B+ Or A-' On Crypto But Warns Presidential Meme Coin, DeFi Project Risk Derailing Policy Progress",Murtuza J Merchant,https://cdn.benzinga.com/files/images/story/2025/05/07/Washington--Dc---usa---April-26--2018-An.jpeg?width=1200&height=800&fit=crop,www.benzinga.com,"Blockchain,Financial Markets",0.009846,Neutral,"[{""ticker"": ""CRCW"", ""relevance_score"": ""0.066598"", ""ticker_sentiment_score"": ""-0.024367"", ""ticker_sentiment_label"": ""Neutral""}, {""ticker"": ""CRYPTO:BTC"", ""relevance_score"": ""0.132733"", ""ticker_sentiment_score"": ""-0.124102"", ""ticker_sentiment_label"": ""Neutral""}, {""ticker"": ""CRYPTO:SOL"", ""relevance_score"": ""0.066598"", ""ticker_sentiment_score"": ""0.013143"", ""ticker_sentiment_label"": ""Neutral""}]"
2025-05-07,"Growing institutional adoption, a weakening dollar and a favorable macroeconomic backdrop are all factors that could strengthen expectations for a renewed bullish outlook in the market.",Zacks Commentary,https://www.zacks.com/stock/news/2464388/return-of-the-crypto-bulls-etfs-to-consider,0.665961,https://www.zacks.com/stock/news/2464388/return-of-the-crypto-bulls-etfs-to-consider,Return of the Crypto Bulls? ETFs to Consider,Yashwardhan Jain,https://staticx-tuner.zacks.com/images/articles/main/12/3298.jpg,www.zacks.com,"Economy - Monetary,Financial Markets,Finance,Blockchain,Economy - Macro",0.284596,Somewhat-Bullish,"[{""ticker"": ""BCS"", ""relevance_score"": ""0.0428"", ""ticker_sentiment_score"": ""0.02298"", ""ticker_sentiment_label"": ""Neutral""}, {""ticker"": ""SCBFF"", ""relevance_score"": ""0.0428"", ""ticker_sentiment_score"": ""0.140358"", ""ticker_sentiment_label"": ""Neutral""}, {""ticker"": ""FOREX:USD"", ""relevance_score"": ""0.0428"", ""ticker_sentiment_score"": ""0.052849"", ""ticker_sentiment_label"": ""Neutral""}, {""ticker"": ""CRYPTO:BTC"", ""relevance_score"": ""0.665961"", ""ticker_sentiment_score"": ""0.5584"", ""ticker_sentiment_label"": ""Bullish""}]"
2025-05-07,"Key points:Bitcoin price hangs near $97,000 as traders await today's FOMC minutes.Bitcoin holding $95,000 as support is key for bullish price expansion in the short term.Select altcoins are holding their respective support levels, opening the gates for a short-term rally.Bitcoin ( BTC ) bulls ...",Cointelegraph,https://cointelegraph.com/news/price-predictions-5-7-btc-eth-xrp-bnb-sol-doge-ada-sui-link-avax,0.409375,https://cointelegraph.com/news/price-predictions-5-7-btc-eth-xrp-bnb-sol-doge-ada-sui-link-avax,"Price predictions 5/7: BTC, ETH, XRP, BNB, SOL, DOGE, ADA, SUI, LINK, AVAX",Rakesh Upadhyay,https://s3.cointelegraph.com/uploads/2025-05/0196ab86-e00c-7352-b7c3-bdf3d2a6e6df,cointelegraph.com,"Blockchain,Financial Markets",-0.019409,Neutral,"[{""ticker"": ""CRYPTO:BTC"", ""relevance_score"": ""0.409375"", ""ticker_sentiment_score"": ""0.22274"", ""ticker_sentiment_label"": ""Somewhat-Bullish""}, {""ticker"": ""CRYPTO:ETH"", ""relevance_score"": ""0.098794"", ""ticker_sentiment_score"": ""-0.156753"", ""ticker_sentiment_label"": ""Somewhat-Bearish""}, {""ticker"": ""CRYPTO:DOGE"", ""relevance_score"": ""0.098794"", ""ticker_sentiment_score"": ""0.058722"", ""ticker_sentiment_label"": ""Neutral""}, {""ticker"": ""CRYPTO:LINK"", ""relevance_score"": ""0.098794"", ""ticker_sentiment_score"": ""-0.01904"", ""ticker_sentiment_label"": ""Neutral""}, {""ticker"": ""CRYPTO:ADA"", ""relevance_score"": ""0.098794"", ""ticker_sentiment_score"": ""0.025536"", ""ticker_sentiment_label"": ""Neutral""}]"
2025-05-07,"MIAMI, May 07, 2025 ( GLOBE NEWSWIRE ) -- In the dynamic world of online gambling, speed is a game-changer. Players want their winnings quickly, without delays or complicated processes. After evaluating numerous platforms, JACKBIT stands out as the fastest payout online casino for 2025.",Benzinga,https://www.benzinga.com/pressreleases/25/05/g45249225/fastest-payout-online-casinos-jackbit-ranked-1-for-instant-withdrawals-with-no-verification,0.011569,https://www.benzinga.com/pressreleases/25/05/g45249225/fastest-payout-online-casinos-jackbit-ranked-1-for-instant-withdrawals-with-no-verification,Fastest Payout Online Casinos: JACKBIT Ranked #1 for Instant Withdrawals with No Verification,Globe Newswire,https://www.benzinga.com/next-assets/images/schema-image-default.png,www.benzinga.com,Blockchain,0.539904,Bullish,"[{""ticker"": ""CRYPTO:BTC"", ""relevance_score"": ""0.011569"", ""ticker_sentiment_score"": ""0.332912"", ""ticker_sentiment_label"": ""Somewhat-Bullish""}, {""ticker"": ""CRYPTO:MATIC"", ""relevance_score"": ""0.011569"", ""ticker_sentiment_score"": ""0.0"", ""ticker_sentiment_label"": ""Neutral""}, {""ticker"": ""CRYPTO:BNB"", ""relevance_score"": ""0.023135"", ""ticker_sentiment_score"": ""0.0"", ""ticker_sentiment_label"": ""Neutral""}, {""ticker"": ""CRYPTO:ETH"", ""relevance_score"": ""0.034696"", ""ticker_sentiment_score"": ""0.180247"", ""ticker_sentiment_label"": ""Somewhat-Bullish""}, {""ticker"": ""CRYPTO:DOGE"", ""relevance_score"": ""0.023135"", ""ticker_sentiment_score"": ""0.0"", ""ticker_sentiment_label"": ""Neutral""}, {""ticker"": ""CRYPTO:LINK"", ""relevance_score"": ""0.023135"", ""ticker_sentiment_score"": ""0.0"", ""ticker_sentiment_label"": ""Neutral""}, {""ticker"": ""CRYPTO:LTC"", ""relevance_score"": ""0.023135"", ""ticker_sentiment_score"": ""0.0"", ""ticker_sentiment_label"": ""Neutral""}]"
2025-05-07,"ZÜRICH, Switzerland, May 07, 2025 ( GLOBE NEWSWIRE ) -- RockSolidProtocol, a decentralized platform for tokenizing real-world assets ( RWAs ) , today announced it has raised more than $16 million during its presale, highlighting strong market demand for blockchain-based ownership and investment ...",Benzinga,https://www.benzinga.com/pressreleases/25/05/g45271978/rocksolidprotocol-raises-16-million-in-presale-advances-toward-tokenization-of-real-world-assets,0.078099,https://www.benzinga.com/pressreleases/25/05/g45271978/rocksolidprotocol-raises-16-million-in-presale-advances-toward-tokenization-of-real-world-assets,"RockSolidProtocol Raises $16 Million in Presale, Advances Toward Tokenization of Real-World Assets",Globe Newswire,https://www.benzinga.com/next-assets/images/schema-image-default.png,www.benzinga.com,"Blockchain,Financial Markets",0.37954,Bullish,"[{""ticker"": ""CRYPTO:BTC"", ""relevance_score"": ""0.078099"", ""ticker_sentiment_score"": ""0.203384"", ""ticker_sentiment_label"": ""Somewhat-Bullish""}, {""ticker"": ""CRYPTO:ETH"", ""relevance_score"": ""0.155451"", ""ticker_sentiment_score"": ""0.197155"", ""ticker_sentiment_label"": ""Somewhat-Bullish""}, {""ticker"": ""CRYPTO:USDT"", ""relevance_score"": ""0.078099"", ""ticker_sentiment_score"": ""0.203384"", ""ticker_sentiment_label"": ""Somewhat-Bullish""}, {""ticker"": ""CRYPTO:BNB"", ""relevance_score"": ""0.155451"", ""ticker_sentiment_score"": ""0.197155"", ""ticker_sentiment_label"": ""Somewhat-Bullish""}, {""ticker"": ""CRYPTO:ERC"", ""relevance_score"": ""0.078099"", ""ticker_sentiment_score"": ""0.203384"", ""ticker_sentiment_label"": ""Somewhat-Bullish""}]"
2025-05-07,"Everything is in place in order for Bitcoin to rally to new heights this year, said crypto entrepreneur Arthur Hayes.",Decrypt.co,https://decrypt.co/318383/bitcoin-rally-thanks-fed-arthur-hayes,0.781591,https://decrypt.co/318383/bitcoin-rally-thanks-fed-arthur-hayes,"Bitcoin Is Set Up 'Perfect for a Rally' Thanks to Fed, Says Arthur Hayes",Mat Di Salvo,https://cdn.decrypt.co/resize/1024/height/512/wp-content/uploads/2024/07/hayes-cropped-gID_7.png,decrypt.co,"Economy - Monetary,Financial Markets,Technology,Blockchain",0.115053,Neutral,"[{""ticker"": ""GOOG"", ""relevance_score"": ""0.122269"", ""ticker_sentiment_score"": ""0.099976"", ""ticker_sentiment_label"": ""Neutral""}, {""ticker"": ""CRYPTO:BTC"", ""relevance_score"": ""0.781591"", ""ticker_sentiment_score"": ""0.218267"", ""ticker_sentiment_label"": ""Somewhat-Bullish""}, {""ticker"": ""CRYPTO:ETH"", ""relevance_score"": ""0.122269"", ""ticker_sentiment_score"": ""0.144052"", ""ticker_sentiment_label"": ""Neutral""}]"
2025-05-07,"Stripe, a global payments platform, has introduced stablecoin-based accounts to clients in over 100 countries. According to a May 7 announcement, the new feature will allow the platform's clients ""to send, receive, and hold US-dollar stablecoin account balances, similar to how a traditional fiat ...",Cointelegraph,https://cointelegraph.com/news/stripe-announces-stablecoin-financial-accounts,0.132368,https://cointelegraph.com/news/stripe-announces-stablecoin-financial-accounts,Stripe rolls out stablecoin accounts in over 100 countries,Vince Quill,https://s3.cointelegraph.com/uploads/2025-05/0196ac98-e913-7ec8-8d32-a9dd8aca8d2f,cointelegraph.com,"Economy - Monetary,Blockchain",0.101646,Neutral,"[{""ticker"": ""FOREX:USD"", ""relevance_score"": ""0.261117"", ""ticker_sentiment_score"": ""0.02943"", ""ticker_sentiment_label"": ""Neutral""}, {""ticker"": ""CRYPTO:BTC"", ""relevance_score"": ""0.132368"", ""ticker_sentiment_score"": ""-0.17816"", ""ticker_sentiment_label"": ""Somewhat-Bearish""}]"
2025-05-07,What to know:Lyn Alden says a weaker dollar is necessary for the US to stabilize its financial system.Bitcoin and gold are well-positioned to benefit from de-dollarization.Sovereign wealth funds and various nations are already increasing their Bitcoin exposure as the dollar's global dominance ...,Cointelegraph,https://cointelegraph.com/news/falling-dxy-part-of-us-financial-system-s-long-term-transition-will-bitcoin-continue-to-shine,0.541149,https://cointelegraph.com/news/falling-dxy-part-of-us-financial-system-s-long-term-transition-will-bitcoin-continue-to-shine,Falling DXY part of US financial system's 'long-term transition' - Will Bitcoin continue to shine?,Marie Poteriaieva,https://s3.cointelegraph.com/uploads/2025-05/0196ab96-bee0-7ed2-b8f6-d9e9f154d966,cointelegraph.com,"Economy - Monetary,Economy - Fiscal,Financial Markets,Earnings,Finance,Economy - Macro",0.026826,Neutral,"[{""ticker"": ""COIN"", ""relevance_score"": ""0.036926"", ""ticker_sentiment_score"": ""0.043708"", ""ticker_sentiment_label"": ""Neutral""}, {""ticker"": ""BRK-A"", ""relevance_score"": ""0.036926"", ""ticker_sentiment_score"": ""0.0"", ""ticker_sentiment_label"": ""Neutral""}, {""ticker"": ""FOREX:EUR"", ""relevance_score"": ""0.036926"", ""ticker_sentiment_score"": ""0.060151"", ""ticker_sentiment_label"": ""Neutral""}, {""ticker"": ""FOREX:USD"", ""relevance_score"": ""0.323078"", ""ticker_sentiment_score"": ""0.081368"", ""ticker_sentiment_label"": ""Neutral""}, {""ticker"": ""CRYPTO:BTC"", ""relevance_score"": ""0.541149"", ""ticker_sentiment_score"": ""0.163878"", ""ticker_sentiment_label"": ""Somewhat-Bullish""}]"
2025-05-07,"Strive Asset Management is adopting Bitcoin as a treasury reserve asset after pushing other firms to do the same, unveiling a reverse merger.",Decrypt.co,https://decrypt.co/318414/bitcoin-shares-strive-listing-plans-treasury,0.783955,https://decrypt.co/318414/bitcoin-shares-strive-listing-plans-treasury,"Bitcoin for Shares? Strive Asset Management Unveils Listing Plans, Treasury Strategy",André Beganski,https://cdn.decrypt.co/resize/1024/height/512/wp-content/uploads/2024/07/Vivek-Ramaswamy_shutterstock_2351694243-gID_7.jpg,decrypt.co,"IPO,Retail & Wholesale,Financial Markets,Technology",0.135833,Neutral,"[{""ticker"": ""MSTR"", ""relevance_score"": ""0.082111"", ""ticker_sentiment_score"": ""-0.009395"", ""ticker_sentiment_label"": ""Neutral""}, {""ticker"": ""ASST"", ""relevance_score"": ""0.319933"", ""ticker_sentiment_score"": ""0.050216"", ""ticker_sentiment_label"": ""Neutral""}, {""ticker"": ""GME"", ""relevance_score"": ""0.163354"", ""ticker_sentiment_score"": ""0.233091"", ""ticker_sentiment_label"": ""Somewhat-Bullish""}, {""ticker"": ""CRYPTO:BTC"", ""relevance_score"": ""0.783955"", ""ticker_sentiment_score"": ""0.157614"", ""ticker_sentiment_label"": ""Somewhat-Bullish""}]"
2025-05-07,"The Bybit exchange has recovered its liquidity to pre-hack levels just 30 days following the February 2025 attack that drained nearly $1.5 billion in funds.According to a report from crypto research and analytics firm Kaiko, Bitcoin's ( BTC ) 1% market depth, a measure of liquidity, returned to ...",Cointelegraph,https://cointelegraph.com/news/bybit-recovers-liquidity-30-days-after-hack,0.279015,https://cointelegraph.com/news/bybit-recovers-liquidity-30-days-after-hack,Bybit recovers liquidity levels 30 days after hack - Kaiko,Vince Quill,https://s3.cointelegraph.com/uploads/2025-05/0196ab91-f109-77e4-8da3-b8fa2c85a1c9,cointelegraph.com,Blockchain,-0.185004,Somewhat-Bearish,"[{""ticker"": ""CRYPTO:BTC"", ""relevance_score"": ""0.279015"", ""ticker_sentiment_score"": ""0.0"", ""ticker_sentiment_label"": ""Neutral""}]"
2025-05-07,"Coinbase reports Q1 financial results after market close Thursday May 8. Coinbase stock is down over 20% year-to-date in 2025, while the price of Bitcoin is up around 3%. Don't miss this list of 10 overlooked stocks-including one paying a 9% dividend-before Wall Street catches on.",Benzinga,https://www.benzinga.com/25/05/45265214/coinbase-q1-earnings-preview-trump-inauguration-bitcoin-surge-and-more-items-to-watch,0.29176,https://www.benzinga.com/25/05/45265214/coinbase-q1-earnings-preview-trump-inauguration-bitcoin-surge-and-more-items-to-watch,"Coinbase Q1 Earnings Preview: Trump Inauguration, Bitcoin Surge And More Items To Watch - Coinbase Global  ( NASDAQ:COIN ) ",Chris Katje,https://cdn.benzinga.com/files/images/story/2025/05/07/Germany---April-19-2024-Coinbase-Mobile-_1.jpeg?width=1200&height=800&fit=crop,www.benzinga.com,"Financial Markets,Earnings,Finance,Blockchain",0.076188,Neutral,"[{""ticker"": ""GS"", ""relevance_score"": ""0.099271"", ""ticker_sentiment_score"": ""0.062442"", ""ticker_sentiment_label"": ""Neutral""}, {""ticker"": ""COIN"", ""relevance_score"": ""0.78775"", ""ticker_sentiment_score"": ""0.154256"", ""ticker_sentiment_label"": ""Somewhat-Bullish""}, {""ticker"": ""C"", ""relevance_score"": ""0.049732"", ""ticker_sentiment_score"": ""-0.129166"", ""ticker_sentiment_label"": ""Neutral""}, {""ticker"": ""CRYPTO:BTC"", ""relevance_score"": ""0.29176"", ""ticker_sentiment_score"": ""0.028004"", ""ticker_sentiment_label"": ""Neutral""}, {""ticker"": ""CRYPTO:XRP"", ""relevance_score"": ""0.099271"", ""ticker_sentiment_score"": ""0.06593"", ""ticker_sentiment_label"": ""Neutral""}]"
2025-05-07,The central bank's decision came as trade tensions between China and the U.S. appeared to de-escalate.,Decrypt.co,https://decrypt.co/318375/bitcoin-rises-as-fed-holds-rates-steady,0.142144,https://decrypt.co/318375/bitcoin-rises-as-fed-holds-rates-steady,Bitcoin Rises as Fed Holds Rates Steady,André Beganski,https://cdn.decrypt.co/resize/1024/height/512/wp-content/uploads/2023/06/fed-chair-jerome-powell-gID_7.jpg,decrypt.co,"Economy - Monetary,Financial Markets",-0.038658,Neutral,"[{""ticker"": ""BACHY"", ""relevance_score"": ""0.071357"", ""ticker_sentiment_score"": ""0.141895"", ""ticker_sentiment_label"": ""Neutral""}, {""ticker"": ""CRYPTO:BTC"", ""relevance_score"": ""0.142144"", ""ticker_sentiment_score"": ""0.125509"", ""ticker_sentiment_label"": ""Neutral""}]"
2025-05-07,"Key Takeaways: Bitcoin's realized capitalization hit a record $890 billion, reflecting strong investor conviction as long-term and short-term holders increased allocations. Large Bitcoin holders with over 1,000 BTC have accumulated significantly since March 2025, reflecting the Q1 2024 trend.",Cointelegraph,https://cointelegraph.com/news/bitcoin-realized-cap-hits-890-b-as-btc-traders-focus-on-recapturing-100-k,0.94504,https://cointelegraph.com/news/bitcoin-realized-cap-hits-890-b-as-btc-traders-focus-on-recapturing-100-k,Bitcoin 'Realized Cap' hits $890B as BTC traders focus on recapturing $100K,Biraajmaan Tamuly,https://s3.cointelegraph.com/uploads/2025-05/0196ab64-8836-72dc-afba-b751f5976a33,cointelegraph.com,Economy - Monetary,0.164494,Somewhat-Bullish,"[{""ticker"": ""FOREX:USD"", ""relevance_score"": ""0.080458"", ""ticker_sentiment_score"": ""0.090531"", ""ticker_sentiment_label"": ""Neutral""}, {""ticker"": ""CRYPTO:BTC"", ""relevance_score"": ""0.94504"", ""ticker_sentiment_score"": ""0.28948"", ""ticker_sentiment_label"": ""Somewhat-Bullish""}]"
2025-05-07,"Strive Asset Management, founded by entrepreneur and former presidential candidate Vivek Ramaswamy, has revealed plans to transition into a Bitcoin treasury company.According to a May 7 announcement, Strive is going public through a reverse merger and plans to use the combined company's stock to ...",Cointelegraph,https://cointelegraph.com/news/strive-to-become-bitcoin-treasury-company,0.963108,https://cointelegraph.com/news/strive-to-become-bitcoin-treasury-company,Strive to become Bitcoin treasury company,Alex O’Donnell,https://s3.cointelegraph.com/uploads/2025-05/0196ab89-aee0-761c-a802-49d39cdb37ac,cointelegraph.com,"Life Sciences,Technology,Financial Markets",0.222319,Somewhat-Bullish,"[{""ticker"": ""MSTR"", ""relevance_score"": ""0.103778"", ""ticker_sentiment_score"": ""0.0"", ""ticker_sentiment_label"": ""Neutral""}, {""ticker"": ""ROIV"", ""relevance_score"": ""0.103778"", ""ticker_sentiment_score"": ""0.199586"", ""ticker_sentiment_label"": ""Somewhat-Bullish""}, {""ticker"": ""ASST"", ""relevance_score"": ""0.103778"", ""ticker_sentiment_score"": ""0.0"", ""ticker_sentiment_label"": ""Neutral""}, {""ticker"": ""CRYPTO:BTC"", ""relevance_score"": ""0.963108"", ""ticker_sentiment_score"": ""0.330903"", ""ticker_sentiment_label"": ""Somewhat-Bullish""}]"
2025-05-07,A Ripple-Circle deal could inject $25 trillion in annual transaction volume into Ripple's ecosystem. Traders see a $3 XRP target but warn of key levels that must hold to avoid a bearish reversal. Feel unsure about the market's next move?,Benzinga,https://www.benzinga.com/markets/cryptocurrency/25/05/45262955/xrp-flat-at-01-why-is-it-not-moving,0.096671,https://www.benzinga.com/markets/cryptocurrency/25/05/45262955/xrp-flat-at-01-why-is-it-not-moving,XRP Flat At 0.1%: Why Is It Not Moving?,Khyathi Dalal,https://cdn.benzinga.com/files/images/story/2025/05/07/Golden-Xrp-Coins-Are-Displayed-In-Front-_0.jpeg?width=1200&height=800&fit=crop,www.benzinga.com,"IPO,Blockchain,Financial Markets",0.079671,Neutral,"[{""ticker"": ""CRYPTO:BTC"", ""relevance_score"": ""0.096671"", ""ticker_sentiment_score"": ""0.101108"", ""ticker_sentiment_label"": ""Neutral""}, {""ticker"": ""CRYPTO:XRP"", ""relevance_score"": ""0.604787"", ""ticker_sentiment_score"": ""-0.104308"", ""ticker_sentiment_label"": ""Neutral""}]"
2025-05-07,"ROAD TOWN, British Virgin Islands, May 07, 2025 ( GLOBE NEWSWIRE ) -- XRP is making headlines once again as CME Group gears up to launch XRP futures on May 19, signaling a potential surge in institutional interest.",Benzinga,https://www.benzinga.com/pressreleases/25/05/g45261973/ripple-price-prediction-analysts-announce-bullish-7-10-xrp-projection-for-summer-stratovm-surges-2,0.456884,https://www.benzinga.com/pressreleases/25/05/g45261973/ripple-price-prediction-analysts-announce-bullish-7-10-xrp-projection-for-summer-stratovm-surges-2,"Ripple Price Prediction: Analysts Announce Bullish $7-$10 XRP Projection for Summer - StratoVM Surges 2,939% Amid Market Optimism",Globe Newswire,https://www.benzinga.com/next-assets/images/schema-image-default.png,www.benzinga.com,"Finance,Blockchain,Financial Markets",0.269555,Somewhat-Bullish,"[{""ticker"": ""CME"", ""relevance_score"": ""0.160633"", ""ticker_sentiment_score"": ""0.170474"", ""ticker_sentiment_label"": ""Somewhat-Bullish""}, {""ticker"": ""CRYPTO:BTC"", ""relevance_score"": ""0.456884"", ""ticker_sentiment_score"": ""0.393041"", ""ticker_sentiment_label"": ""Bullish""}, {""ticker"": ""CRYPTO:ETH"", ""relevance_score"": ""0.080728"", ""ticker_sentiment_score"": ""-0.018532"", ""ticker_sentiment_label"": ""Neutral""}, {""ticker"": ""CRYPTO:UNI"", ""relevance_score"": ""0.040416"", ""ticker_sentiment_score"": ""0.118081"", ""ticker_sentiment_label"": ""Neutral""}, {""ticker"": ""CRYPTO:XRP"", ""relevance_score"": ""0.489965"", ""ticker_sentiment_score"": ""0.433944"", ""ticker_sentiment_label"": ""Bullish""}]"
2025-05-07,"London, UK, May 07, 2025 ( GLOBE NEWSWIRE ) -- Crypto investors everywhere are feeling the tremors, with fear firmly gripping traders across the entire crypto market. The CoinMarketCap Crypto Fear and Greed Index has been locked in Fear to Extreme Fear territory for several consecutive days-less ...",Benzinga,https://www.benzinga.com/pressreleases/25/05/g45261915/fiobit-the-most-profitable-cloud-mining-platform-passive-income-made-effortless,0.174587,https://www.benzinga.com/pressreleases/25/05/g45261915/fiobit-the-most-profitable-cloud-mining-platform-passive-income-made-effortless,"FioBit, The Most Profitable Cloud Mining Platform: Passive Income Made Effortless",Globe Newswire,https://www.benzinga.com/next-assets/images/schema-image-default.png,www.benzinga.com,"Earnings,Blockchain,Financial Markets",0.329162,Somewhat-Bullish,"[{""ticker"": ""AWON"", ""relevance_score"": ""0.043979"", ""ticker_sentiment_score"": ""0.052748"", ""ticker_sentiment_label"": ""Neutral""}, {""ticker"": ""CRYPTO:BTC"", ""relevance_score"": ""0.174587"", ""ticker_sentiment_score"": ""0.33418"", ""ticker_sentiment_label"": ""Somewhat-Bullish""}, {""ticker"": ""CRYPTO:ETH"", ""relevance_score"": ""0.087824"", ""ticker_sentiment_score"": ""0.330166"", ""ticker_sentiment_label"": ""Somewhat-Bullish""}, {""ticker"": ""CRYPTO:DOGE"", ""relevance_score"": ""0.087824"", ""ticker_sentiment_score"": ""0.330166"", ""ticker_sentiment_label"": ""Somewhat-Bullish""}, {""ticker"": ""CRYPTO:LTC"", ""relevance_score"": ""0.087824"", ""ticker_sentiment_score"": ""0.330166"", ""ticker_sentiment_label"": ""Somewhat-Bullish""}]"
2025-05-07,"Global cryptocurrency market capitalization is trading 2.3% higher to $2.99 trillion. Traders see further upside before a possible deviation, with one noting ""we're not done yet"" this Bitcoin cycle. Get prepared for the Fed's next move-live with Matt Maley on Wednesday, May 7 at 6 PM ET. Reserve ...",Benzinga,https://www.benzinga.com/markets/cryptocurrency/25/05/45265200/bitcoin-ethereum-xrp-dogecoin-continue-trading-sideways-as-fed-keeps-interest-rates-unchan,0.442339,https://www.benzinga.com/markets/cryptocurrency/25/05/45265200/bitcoin-ethereum-xrp-dogecoin-continue-trading-sideways-as-fed-keeps-interest-rates-unchan,"Bitcoin, Ethereum, XRP, Dogecoin Continue Trading Sideways As Fed Keeps Interest Rates Unchanged",Khyathi Dalal,https://cdn.benzinga.com/files/images/story/2025/05/07/Dogecoin-Doge-Group-Included-With-Crypto_0.jpeg?width=1200&height=800&fit=crop,www.benzinga.com,"Economy - Monetary,Blockchain,Financial Markets",0.186441,Somewhat-Bullish,"[{""ticker"": ""CRYPTO:BTC"", ""relevance_score"": ""0.442339"", ""ticker_sentiment_score"": ""0.017701"", ""ticker_sentiment_label"": ""Neutral""}]"
2025-05-07,"WINNIPEG, Manitoba, May 07, 2025 ( GLOBE NEWSWIRE ) -- 7Bit Casino is a massive hit among the online casinos in Canada for 2025, especially for players who love crypto. It's packed with exciting games, super easy payment options, and a vibe that puts players first.",Benzinga,https://www.benzinga.com/pressreleases/25/05/g45249194/best-online-casinos-canada-7bit-casino-voted-1-by-experts-for-canadian-players,0.07295,https://www.benzinga.com/pressreleases/25/05/g45249194/best-online-casinos-canada-7bit-casino-voted-1-by-experts-for-canadian-players,Best Online Casinos Canada: 7Bit Casino Voted #1 by Experts for Canadian Players,Globe Newswire,https://www.benzinga.com/next-assets/images/schema-image-default.png,www.benzinga.com,Blockchain,0.595355,Bullish,"[{""ticker"": ""MA"", ""relevance_score"": ""0.012175"", ""ticker_sentiment_score"": ""0.190184"", ""ticker_sentiment_label"": ""Somewhat-Bullish""}, {""ticker"": ""CRYPTO:BTC"", ""relevance_score"": ""0.07295"", ""ticker_sentiment_score"": ""0.309687"", ""ticker_sentiment_label"": ""Somewhat-Bullish""}, {""ticker"": ""CRYPTO:ETH"", ""relevance_score"": ""0.036513"", ""ticker_sentiment_score"": ""0.202104"", ""ticker_sentiment_label"": ""Somewhat-Bullish""}, {""ticker"": ""CRYPTO:DOGE"", ""relevance_score"": ""0.012175"", ""ticker_sentiment_score"": ""0.161254"", ""ticker_sentiment_label"": ""Somewhat-Bullish""}, {""ticker"": ""CRYPTO:LTC"", ""relevance_score"": ""0.036513"", ""ticker_sentiment_score"": ""0.202104"", ""ticker_sentiment_label"": ""Somewhat-Bullish""}]"
2025-05-07,"Tether deployed its flagship stablecoin, USDt, on the Kaia blockchain as part of a broader collaboration with Line Next, the Web3 arm of Line, Japan's popular messaging platform with more than 196 million monthly active users.The integration means USDt ( USDT ) will now be supported across ...",Cointelegraph,https://cointelegraph.com/news/tether-usdt-kaia-line-stablecoin-launch,0.095517,https://cointelegraph.com/news/tether-usdt-kaia-line-stablecoin-launch,"Tether launches on Kaia, brings USDt to LINE's 196M user ecosystem",Amin Haqshanas,https://s3.cointelegraph.com/uploads/2025-05/0196a9b3-2be0-718d-8350-d296b3381f7e,cointelegraph.com,Blockchain,0.258028,Somewhat-Bullish,"[{""ticker"": ""CRYPTO:BTC"", ""relevance_score"": ""0.095517"", ""ticker_sentiment_score"": ""0.20781"", ""ticker_sentiment_label"": ""Somewhat-Bullish""}, {""ticker"": ""CRYPTO:ETH"", ""relevance_score"": ""0.095517"", ""ticker_sentiment_score"": ""0.0"", ""ticker_sentiment_label"": ""Neutral""}, {""ticker"": ""CRYPTO:USDT"", ""relevance_score"": ""0.719858"", ""ticker_sentiment_score"": ""0.411504"", ""ticker_sentiment_label"": ""Bullish""}, {""ticker"": ""CRYPTO:DLT"", ""relevance_score"": ""0.095517"", ""ticker_sentiment_score"": ""0.107141"", ""ticker_sentiment_label"": ""Neutral""}]"
2025-05-07,"Wrapped BTC is being replaced by innovations that build directly on Bitcoin's base-layer security. Sedo says the goal is clear: ""Transform Bitcoin from something you only hold into something you actively use."" Don't miss this list of 10 overlooked stocks-including one paying a 9% dividend-before ...",Benzinga,https://www.benzinga.com/markets/cryptocurrency/25/05/45248184/bitcoin-is-no-longer-just-digital-gold-native-staking-yield-are-redefining-its-role-says-c,0.863955,https://www.benzinga.com/markets/cryptocurrency/25/05/45248184/bitcoin-is-no-longer-just-digital-gold-native-staking-yield-are-redefining-its-role-says-c,"Bitcoin Is No Longer Just Digital Gold - Native Staking, Yield Are Redefining Its Role, Says Core DAO",Murtuza J Merchant,https://cdn.benzinga.com/files/images/story/2025/05/07/Planting-A-Gold-Bitcoin-Coins-Into-The-G.jpeg?width=1200&height=800&fit=crop,www.benzinga.com,"Finance,Blockchain,Financial Markets",0.202024,Somewhat-Bullish,"[{""ticker"": ""COIN"", ""relevance_score"": ""0.147818"", ""ticker_sentiment_score"": ""0.229488"", ""ticker_sentiment_label"": ""Somewhat-Bullish""}, {""ticker"": ""CRYPTO:BTC"", ""relevance_score"": ""0.863955"", ""ticker_sentiment_score"": ""0.321517"", ""ticker_sentiment_label"": ""Somewhat-Bullish""}, {""ticker"": ""CRYPTO:ETH"", ""relevance_score"": ""0.147818"", ""ticker_sentiment_score"": ""-0.017112"", ""ticker_sentiment_label"": ""Neutral""}, {""ticker"": ""CRYPTO:XCP"", ""relevance_score"": ""0.07423"", ""ticker_sentiment_score"": ""-0.013289"", ""ticker_sentiment_label"": ""Neutral""}]"
2025-05-07,"Investment bank Benchmark slapped Bitcoin miner manufacturer Canaan with a ""buy"" rating in a Tuesday note, projecting a sizable price spike.",Decrypt.co,https://decrypt.co/318173/benchmark-bullish-bitcoin-miner-maker-canaan,0.812186,https://decrypt.co/318173/benchmark-bullish-bitcoin-miner-maker-canaan,Benchmark Is Bullish on Bitcoin Miner Maker Canaan With 5X Price Target,Mat Di Salvo,https://cdn.decrypt.co/resize/1024/height/512/wp-content/uploads/2024/04/Bitcoin-Mining-Rigs-shutterstock_2023647059-gID_7.jpg,decrypt.co,"Blockchain,Financial Markets,Manufacturing",0.014435,Neutral,"[{""ticker"": ""CAN"", ""relevance_score"": ""0.116348"", ""ticker_sentiment_score"": ""0.080369"", ""ticker_sentiment_label"": ""Neutral""}, {""ticker"": ""CRYPTO:BTC"", ""relevance_score"": ""0.812186"", ""ticker_sentiment_score"": ""0.057175"", ""ticker_sentiment_label"": ""Neutral""}]"
2025-05-07,Gold advanced and Bitcoin held firm Tuesday as investors braced for the Fed's policy decision and weighed geopolitical and trade tensions.,Decrypt.co,https://decrypt.co/318246/bitcoin-gold-rise-investors-fed-decision-global-tensions,0.350564,https://decrypt.co/318246/bitcoin-gold-rise-investors-fed-decision-global-tensions,"Bitcoin, Gold Rise as Investors Await Fed Decision Amid Global Tensions",Sebastian Sinclair,https://cdn.decrypt.co/resize/1024/height/512/wp-content/uploads/2020/11/Bitcoin-3-gID_7.jpg,decrypt.co,"Economy - Monetary,Technology,Financial Markets",-0.017011,Neutral,"[{""ticker"": ""USAU"", ""relevance_score"": ""0.090474"", ""ticker_sentiment_score"": ""0.133884"", ""ticker_sentiment_label"": ""Neutral""}, {""ticker"": ""FOREX:USD"", ""relevance_score"": ""0.090474"", ""ticker_sentiment_score"": ""0.133884"", ""ticker_sentiment_label"": ""Neutral""}, {""ticker"": ""CRYPTO:BTC"", ""relevance_score"": ""0.350564"", ""ticker_sentiment_score"": ""0.236823"", ""ticker_sentiment_label"": ""Somewhat-Bullish""}]"
2025-05-07,"Leading cryptocurrencies spiked Tuesday on news that Treasury Secretary Scott Bessent will meet Chinese officials for trade talks. What Happened: Following days of consolidation, Bitcoin recaptured $97,000 in the evening, reaching an intraday high of $97,625.81.",Benzinga,https://www.benzinga.com/trading-ideas/movers/25/05/45242697/bitcoin-ethereum-dogecoin-spike-as-scott-bessents-gears-up-for-trade-talks-with-china-key-bt,0.511256,https://www.benzinga.com/trading-ideas/movers/25/05/45242697/bitcoin-ethereum-dogecoin-spike-as-scott-bessents-gears-up-for-trade-talks-with-china-key-bt,"Bitcoin, Ethereum, Dogecoin Spike As Scott Bessent's Gears Up For Trade Talks With China: Key BTC Stakeholders 'Moving In The Right Direction' Towards $100,000 Target, Says Analytics Firm - Grayscale Bitcoin Mini Trust  ( BTC )  Common units of fractional undivided beneficial interest  ( ARCA:BTC ) ",Aniket Verma,https://cdn.benzinga.com/files/images/story/2025/05/06/Antalya--Turkey---December-4--2024-Bitco.jpeg?width=1200&height=800&fit=crop,www.benzinga.com,"Economy - Monetary,Blockchain,Financial Markets",0.151744,Somewhat-Bullish,"[{""ticker"": ""CRYPTO:BTC"", ""relevance_score"": ""0.511256"", ""ticker_sentiment_score"": ""0.333885"", ""ticker_sentiment_label"": ""Somewhat-Bullish""}, {""ticker"": ""CRYPTO:ETH"", ""relevance_score"": ""0.09186"", ""ticker_sentiment_score"": ""0.0"", ""ticker_sentiment_label"": ""Neutral""}]"
2025-05-07,"Key takeaways:Bitcoin must maintain above $95,000 to have a chance at retesting its $109,000 all-time high. failure to hold could lead to a deeper correction, crypto analysts warn.Several crypto analysts told Cointelegraph in March that Bitcoin may have a chance of reaching new all-time highs in ...",Cointelegraph,https://cointelegraph.com/news/bitcoin-price-95k-hold-short-term-rejection-bitfinex-crypto-analysts,0.86981,https://cointelegraph.com/news/bitcoin-price-95k-hold-short-term-rejection-bitfinex-crypto-analysts,Bitcoin must hold above $95K or face short-term rejection: Bitfinex,Ciaran Lyons,https://s3.cointelegraph.com/uploads/2025-05/0196a8a8-0b47-702b-bbfa-fe68a42d1ae5,cointelegraph.com,"Economy - Monetary,Financial Markets",-0.031019,Neutral,"[{""ticker"": ""CRYPTO:BTC"", ""relevance_score"": ""0.86981"", ""ticker_sentiment_score"": ""0.086919"", ""ticker_sentiment_label"": ""Neutral""}]"
2025-05-07,"Litecoin LTC/USD led the cryptocurrency market gainers list on Tuesday, as the broader market rallied on hopeful trade deal developments. What happened: The proof-of-work coin surged over 11% in the last 24 hours, hitting levels not seen since Mar. 28.",Benzinga,https://www.benzinga.com/trading-ideas/movers/25/05/45243229/litecoin-beats-bitcoin-ethereum-to-top-crypto-gainers-list-open-interest-hits-a-two-month-hi,0.27432,https://www.benzinga.com/trading-ideas/movers/25/05/45243229/litecoin-beats-bitcoin-ethereum-to-top-crypto-gainers-list-open-interest-hits-a-two-month-hi,"Litecoin Beats Bitcoin, Ethereum To Top Crypto Gainers List-Open Interest Hits A Two-Month High - LTC Properties  ( NYSE:LTC ) ",Aniket Verma,https://cdn.benzinga.com/files/images/story/2025/05/06/Flying-Altcoins-With-Bitcoin-In-The-Cent.jpeg?width=1200&height=800&fit=crop,www.benzinga.com,"Blockchain,Financial Markets",0.281201,Somewhat-Bullish,"[{""ticker"": ""CRYPTO:BTC"", ""relevance_score"": ""0.27432"", ""ticker_sentiment_score"": ""0.517873"", ""ticker_sentiment_label"": ""Bullish""}, {""ticker"": ""CRYPTO:ETH"", ""relevance_score"": ""0.27432"", ""ticker_sentiment_score"": ""0.517873"", ""ticker_sentiment_label"": ""Bullish""}, {""ticker"": ""CRYPTO:LTC"", ""relevance_score"": ""0.619618"", ""ticker_sentiment_score"": ""0.433474"", ""ticker_sentiment_label"": ""Bullish""}]"
2025-05-07,"New Hampshire became the first U.S. state to establish a Strategic Bitcoin BTC/USD Reserve on Tuesday, allowing public funds to be invested in the apex cryptocurrency and other digital assets.",Benzinga,https://www.benzinga.com/markets/cryptocurrency/25/05/45243344/bitcoin-reserve-bill-signed-into-law-by-new-hampshire-governor-granite-state-move-makes-it,0.844427,https://www.benzinga.com/markets/cryptocurrency/25/05/45243344/bitcoin-reserve-bill-signed-into-law-by-new-hampshire-governor-granite-state-move-makes-it,Bitcoin Reserve Bill Signed Into Law By New Hampshire Governor: Granite State Move Makes It A Pioneer,Aniket Verma,https://cdn.benzinga.com/files/images/story/2025/05/06/Golden-Shiny-Bitcoin-Cash-bch---bcc-Conc.jpeg?width=1200&height=800&fit=crop,www.benzinga.com,"Blockchain,Financial Markets",0.259245,Somewhat-Bullish,"[{""ticker"": ""CRYPTO:BTC"", ""relevance_score"": ""0.844427"", ""ticker_sentiment_score"": ""0.394717"", ""ticker_sentiment_label"": ""Bullish""}]"
2025-05-07,"LARNACA, Cyprus, May 06, 2025 ( GLOBE NEWSWIRE ) -- After spending time exploring different crypto casinos, we quickly realized that many just didn't meet expectations. The bonuses felt small, the game selections were limited, and the overall experience wasn't very memorable.",Benzinga,https://www.benzinga.com/pressreleases/25/05/g45243361/best-new-online-casinos-jackbit-voted-1-online-casino-for-new-crypto-players,0.048969,https://www.benzinga.com/pressreleases/25/05/g45243361/best-new-online-casinos-jackbit-voted-1-online-casino-for-new-crypto-players,Best New Online Casinos: JACKBIT Voted #1 Online Casino for New Crypto Players,Globe Newswire,https://www.benzinga.com/next-assets/images/schema-image-default.png,www.benzinga.com,"Technology,Blockchain",0.582622,Bullish,"[{""ticker"": ""MA"", ""relevance_score"": ""0.024496"", ""ticker_sentiment_score"": ""0.072557"", ""ticker_sentiment_label"": ""Neutral""}, {""ticker"": ""GOOG"", ""relevance_score"": ""0.040816"", ""ticker_sentiment_score"": ""0.19642"", ""ticker_sentiment_label"": ""Somewhat-Bullish""}, {""ticker"": ""TRTPF"", ""relevance_score"": ""0.008167"", ""ticker_sentiment_score"": ""0.147665"", ""ticker_sentiment_label"": ""Neutral""}, {""ticker"": ""CRYPTO:BTC"", ""relevance_score"": ""0.048969"", ""ticker_sentiment_score"": ""0.159956"", ""ticker_sentiment_label"": ""Somewhat-Bullish""}, {""ticker"": ""CRYPTO:XRP"", ""relevance_score"": ""0.016332"", ""ticker_sentiment_score"": ""0.172161"", ""ticker_sentiment_label"": ""Somewhat-Bullish""}, {""ticker"": ""CRYPTO:ETH"", ""relevance_score"": ""0.048969"", ""ticker_sentiment_score"": ""0.107011"", ""ticker_sentiment_label"": ""Neutral""}, {""ticker"": ""CRYPTO:DOGE"", ""relevance_score"": ""0.016332"", ""ticker_sentiment_score"": ""0.130229"", ""ticker_sentiment_label"": ""Neutral""}, {""ticker"": ""CRYPTO:USDT"", ""relevance_score"": ""0.016332"", ""ticker_sentiment_score"": ""0.484343"", ""ticker_sentiment_label"": ""Bullish""}, {""ticker"": ""CRYPTO:LTC"", ""relevance_score"": ""0.016332"", ""ticker_sentiment_score"": ""0.130229"", ""ticker_sentiment_label"": ""Neutral""}, {""ticker"": ""CRYPTO:ADA"", ""relevance_score"": ""0.016332"", ""ticker_sentiment_score"": ""0.130229"", ""ticker_sentiment_label"": ""Neutral""}]"
2025-05-07,"LONDON, May 06, 2025 ( GLOBE NEWSWIRE ) -- JACKBIT Casino is making a bold impact on the UK's online casino scene for 2025, offering a distinctive mix of privacy, speed, and premium gameplay.",Benzinga,https://www.benzinga.com/pressreleases/25/05/g45243362/best-online-casinos-uk-jackbit-is-ranked-the-most-trusted-online-casino-of-2025,0.116725,https://www.benzinga.com/pressreleases/25/05/g45243362/best-online-casinos-uk-jackbit-is-ranked-the-most-trusted-online-casino-of-2025,Best Online Casinos UK: JACKBIT is Ranked the Most Trusted Online Casino of 2025,Globe Newswire,https://www.benzinga.com/next-assets/images/schema-image-default.png,www.benzinga.com,"Technology,Blockchain",0.472373,Bullish,"[{""ticker"": ""MA"", ""relevance_score"": ""0.052027"", ""ticker_sentiment_score"": ""0.084004"", ""ticker_sentiment_label"": ""Neutral""}, {""ticker"": ""GOOG"", ""relevance_score"": ""0.039033"", ""ticker_sentiment_score"": ""0.126744"", ""ticker_sentiment_label"": ""Neutral""}, {""ticker"": ""TRTPF"", ""relevance_score"": ""0.026028"", ""ticker_sentiment_score"": ""0.101007"", ""ticker_sentiment_label"": ""Neutral""}, {""ticker"": ""CRYPTO:MATIC"", ""relevance_score"": ""0.013015"", ""ticker_sentiment_score"": ""0.195906"", ""ticker_sentiment_label"": ""Somewhat-Bullish""}, {""ticker"": ""CRYPTO:BCH"", ""relevance_score"": ""0.026028"", ""ticker_sentiment_score"": ""0.073032"", ""ticker_sentiment_label"": ""Neutral""}, {""ticker"": ""CRYPTO:SHIB"", ""relevance_score"": ""0.026028"", ""ticker_sentiment_score"": ""0.147263"", ""ticker_sentiment_label"": ""Neutral""}, {""ticker"": ""CRYPTO:DOGE"", ""relevance_score"": ""0.026028"", ""ticker_sentiment_score"": ""0.384516"", ""ticker_sentiment_label"": ""Bullish""}, {""ticker"": ""CRYPTO:USDT"", ""relevance_score"": ""0.026028"", ""ticker_sentiment_score"": ""-0.190799"", ""ticker_sentiment_label"": ""Somewhat-Bearish""}, {""ticker"": ""CRYPTO:BTC"", ""relevance_score"": ""0.116725"", ""ticker_sentiment_score"": ""0.114797"", ""ticker_sentiment_label"": ""Neutral""}, {""ticker"": ""CRYPTO:BNB"", ""relevance_score"": ""0.026028"", ""ticker_sentiment_score"": ""0.279662"", ""ticker_sentiment_label"": ""Somewhat-Bullish""}, {""ticker"": ""CRYPTO:ERC"", ""relevance_score"": ""0.013015"", ""ticker_sentiment_score"": ""0.027742"", ""ticker_sentiment_label"": ""Neutral""}, {""ticker"": ""CRYPTO:XRP"", ""relevance_score"": ""0.013015"", ""ticker_sentiment_score"": ""0.105749"", ""ticker_sentiment_label"": ""Neutral""}, {""ticker"": ""CRYPTO:ETH"", ""relevance_score"": ""0.065008"", ""ticker_sentiment_score"": ""0.119066"", ""ticker_sentiment_label"": ""Neutral""}, {""ticker"": ""CRYPTO:XLM"", ""relevance_score"": ""0.013015"", ""ticker_sentiment_score"": ""0.387886"", ""ticker_sentiment_label"": ""Bullish""}, {""ticker"": ""CRYPTO:LINK"", ""relevance_score"": ""0.026028"", ""ticker_sentiment_score"": ""0.279662"", ""ticker_sentiment_label"": ""Somewhat-Bullish""}, {""ticker"": ""CRYPTO:LTC"", ""relevance_score"": ""0.026028"", ""ticker_sentiment_score"": ""-0.006767"", ""ticker_sentiment_label"": ""Neutral""}, {""ticker"": ""CRYPTO:TRX"", ""relevance_score"": ""0.013015"", ""ticker_sentiment_score"": ""0.174259"", ""ticker_sentiment_label"": ""Somewhat-Bullish""}, {""ticker"": ""CRYPTO:XMR"", ""relevance_score"": ""0.026028"", ""ticker_sentiment_score"": ""0.239906"", ""ticker_sentiment_label"": ""Somewhat-Bullish""}, {""ticker"": ""CRYPTO:ADA"", ""relevance_score"": ""0.026028"", ""ticker_sentiment_score"": ""0.0"", ""ticker_sentiment_label"": ""Neutral""}]"
2025-05-07,"South Korea's Democratic Party leader Lee Jae-myung has reportedly become the latest presidential candidate to promise the approval of spot crypto exchange-traded funds ( ETFs ) and other crypto-friendly measures, should he be elected.Lee announced his crypto promises on May 6 as part of a ...",Cointelegraph,https://cointelegraph.com/news/south-korean-presidential-front-runner-pledges-approve-crypto-etfs,0.175221,https://cointelegraph.com/news/south-korean-presidential-front-runner-pledges-approve-crypto-etfs,South Korea presidential front-runner pledges to approve Bitcoin ETFs,Brayden Lindrea,https://s3.cointelegraph.com/uploads/2025-05/0196a90f-e536-7665-9878-32b503ae86f1,cointelegraph.com,"Blockchain,Financial Markets",0.25936,Somewhat-Bullish,"[{""ticker"": ""CRYPTO:BTC"", ""relevance_score"": ""0.175221"", ""ticker_sentiment_score"": ""-0.197969"", ""ticker_sentiment_label"": ""Somewhat-Bearish""}, {""ticker"": ""CRYPTO:ETH"", ""relevance_score"": ""0.175221"", ""ticker_sentiment_score"": ""-0.197969"", ""ticker_sentiment_label"": ""Somewhat-Bearish""}]"
2025-05-07,"Investors have been piling into BlackRock's spot Bitcoin exchange-traded fund for over three weeks straight, culminating in the asset's run up to $97,000 on May 7.The BlackRock iShares Bitcoin Trust has seen 16 days of inflows for the spot BTC ETF, with a further 280 Bitcoin ( BTC ) or around ...",Cointelegraph,https://cointelegraph.com/news/blackrock-bitcoin-etf-sees-16-day-inflow-streak-btc-reclaims-97k,0.901156,https://cointelegraph.com/news/blackrock-bitcoin-etf-sees-16-day-inflow-streak-btc-reclaims-97k,BlackRock Bitcoin ETF clocks 16 days of inflow as BTC reclaims $97K,Martin Young,https://s3.cointelegraph.com/uploads/2025-05/0196a90d-b1fa-7362-8d68-8ef547e93762,cointelegraph.com,Financial Markets,0.166605,Somewhat-Bullish,"[{""ticker"": ""CRYPTO:BTC"", ""relevance_score"": ""0.901156"", ""ticker_sentiment_score"": ""0.301319"", ""ticker_sentiment_label"": ""Somewhat-Bullish""}, {""ticker"": ""CRYPTO:ETH"", ""relevance_score"": ""0.153961"", ""ticker_sentiment_score"": ""0.046213"", ""ticker_sentiment_label"": ""Neutral""}]"
2025-05-07,"Key takeaways:Large Bitcoin holders have accumulated 81,338 BTC over the past six weeks, showing confidence in a future price uptrend.Wallets with less than 0.1 BTC sold around 290 BTC, indicating smaller retail investors are either panic selling or selling out of boredom.",Cointelegraph,https://cointelegraph.com/news/big-bitcoin-wallets-accumulate-smaller-retail-investors-fade-santiment,0.995232,https://cointelegraph.com/news/big-bitcoin-wallets-accumulate-smaller-retail-investors-fade-santiment,Bigger Bitcoin wallets are stacking while others sell: Santiment,Ciaran Lyons,https://s3.cointelegraph.com/uploads/2025-05/0196a94c-fac5-7e5a-a1c5-c2b8e52e87b6,cointelegraph.com,"Blockchain,Financial Markets",0.037737,Neutral,"[{""ticker"": ""CRYPTO:BTC"", ""relevance_score"": ""0.995232"", ""ticker_sentiment_score"": ""0.128032"", ""ticker_sentiment_label"": ""Neutral""}]"
2025-05-07,"A hacker involved in the $4.67 million exploit of the decentralized finance lending protocol Voltage Finance in 2022 has moved some of the stolen Ether to Tornado Cash after a short hibernation. Blockchain security firm CertiK said in a May 6 post to X that the 100 Ether ( ETH ) , worth $182,783 ...",Cointelegraph,https://cointelegraph.com/news/hacker-from-2022-voltage-finance-exploit-moves-eth-to-tornado-cash,0.265859,https://cointelegraph.com/news/hacker-from-2022-voltage-finance-exploit-moves-eth-to-tornado-cash,Voltage Finance exploiter moves $182K in ETH to Tornado Cash,Stephen Katte,https://s3.cointelegraph.com/uploads/2025-05/0196a94d-05a5-79cb-bd60-1c95faf7530b,cointelegraph.com,Blockchain,-0.212188,Somewhat-Bearish,"[{""ticker"": ""CRYPTO:BTC"", ""relevance_score"": ""0.265859"", ""ticker_sentiment_score"": ""-0.094421"", ""ticker_sentiment_label"": ""Neutral""}, {""ticker"": ""CRYPTO:ETH"", ""relevance_score"": ""0.349329"", ""ticker_sentiment_score"": ""-0.191077"", ""ticker_sentiment_label"": ""Somewhat-Bearish""}, {""ticker"": ""CRYPTO:WBTC"", ""relevance_score"": ""0.179121"", ""ticker_sentiment_score"": ""-0.19816"", ""ticker_sentiment_label"": ""Somewhat-Bearish""}, {""ticker"": ""CRYPTO:BUSD"", ""relevance_score"": ""0.179121"", ""ticker_sentiment_score"": ""-0.19816"", ""ticker_sentiment_label"": ""Somewhat-Bearish""}]"
2025-05-07,"RUSSELLVILLE, Ark., May 07, 2025 ( GLOBE NEWSWIRE ) -- With the surge in popularity of cryptocurrency, the number of crypto gambling sites has skyrocketed, offering players a blend of anonymity, rapid transactions, and diverse gaming options.",Benzinga,https://www.benzinga.com/pressreleases/25/05/g45249121/best-crypto-casinos-jackbit-rated-as-top-crypto-casino-with-btc-bonuses-no-kyc-policy,0.089406,https://www.benzinga.com/pressreleases/25/05/g45249121/best-crypto-casinos-jackbit-rated-as-top-crypto-casino-with-btc-bonuses-no-kyc-policy,Best Crypto Casinos: JACKBIT Rated As Top Crypto Casino with BTC Bonuses & No KYC Policy,Globe Newswire,https://www.benzinga.com/next-assets/images/schema-image-default.png,www.benzinga.com,"Technology,Blockchain",0.493732,Bullish,"[{""ticker"": ""MA"", ""relevance_score"": ""0.029858"", ""ticker_sentiment_score"": ""0.210694"", ""ticker_sentiment_label"": ""Somewhat-Bullish""}, {""ticker"": ""PYPL"", ""relevance_score"": ""0.014931"", ""ticker_sentiment_score"": ""-0.167288"", ""ticker_sentiment_label"": ""Somewhat-Bearish""}, {""ticker"": ""GOOG"", ""relevance_score"": ""0.029858"", ""ticker_sentiment_score"": ""-0.005969"", ""ticker_sentiment_label"": ""Neutral""}, {""ticker"": ""CRYPTO:BTC"", ""relevance_score"": ""0.089406"", ""ticker_sentiment_score"": ""0.378974"", ""ticker_sentiment_label"": ""Bullish""}, {""ticker"": ""CRYPTO:BNB"", ""relevance_score"": ""0.014931"", ""ticker_sentiment_score"": ""0.0"", ""ticker_sentiment_label"": ""Neutral""}, {""ticker"": ""CRYPTO:XRP"", ""relevance_score"": ""0.014931"", ""ticker_sentiment_score"": ""0.334734"", ""ticker_sentiment_label"": ""Somewhat-Bullish""}, {""ticker"": ""CRYPTO:ETH"", ""relevance_score"": ""0.059674"", ""ticker_sentiment_score"": ""0.36143"", ""ticker_sentiment_label"": ""Bullish""}, {""ticker"": ""CRYPTO:DOGE"", ""relevance_score"": ""0.029858"", ""ticker_sentiment_score"": ""0.080804"", ""ticker_sentiment_label"": ""Neutral""}, {""ticker"": ""CRYPTO:USDT"", ""relevance_score"": ""0.014931"", ""ticker_sentiment_score"": ""-0.224048"", ""ticker_sentiment_label"": ""Somewhat-Bearish""}, {""ticker"": ""CRYPTO:LTC"", ""relevance_score"": ""0.044773"", ""ticker_sentiment_score"": ""0.006965"", ""ticker_sentiment_label"": ""Neutral""}, {""ticker"": ""CRYPTO:ADA"", ""relevance_score"": ""0.014931"", ""ticker_sentiment_score"": ""0.0"", ""ticker_sentiment_label"": ""Neutral""}]"
2025-05-07,Metaplanet's latest Bitcoin buy comes as Beijing and Washington signal a tentative return to trade talks following a rocky period for crypto.,Decrypt.co,https://decrypt.co/318289/metaplanet-buys-bitcoin-easing-us-china-trade-tensions,0.618228,https://decrypt.co/318289/metaplanet-buys-bitcoin-easing-us-china-trade-tensions,Metaplanet Buys More Bitcoin Amid Easing US-China Trade Tensions,Vismaya V,https://cdn.decrypt.co/resize/1024/height/512/wp-content/uploads/2025/04/japanese-yen-bitcoin-gID_7.jpg,decrypt.co,"Mergers & Acquisitions,Financial Markets",0.111365,Neutral,"[{""ticker"": ""CRYPTO:BTC"", ""relevance_score"": ""0.618228"", ""ticker_sentiment_score"": ""0.061145"", ""ticker_sentiment_label"": ""Neutral""}, {""ticker"": ""CRYPTO:BTG"", ""relevance_score"": ""0.069697"", ""ticker_sentiment_score"": ""-0.010169"", ""ticker_sentiment_label"": ""Neutral""}]"
2025-05-07,"Japan's Metaplanet has purchased an additional 555 Bitcoin as part of its aggressive accumulation strategy, bringing its total holdings to 5,555 BTC - valued at over $536 million at current prices.On May 7, the Tokyo-listed firm disclosed that it spent $53.4 million acquiring 555 Bitcoin ( BTC ) ...",Cointelegraph,https://cointelegraph.com/news/metaplanet-bitcoin-milestone-5555-btc,0.983317,https://cointelegraph.com/news/metaplanet-bitcoin-milestone-5555-btc,"Metaplanet reaches 5,555 Bitcoin milestone with latest 555 BTC buy",Amin Haqshanas,https://s3.cointelegraph.com/uploads/2025-05/0196a997-41ff-7fec-abaa-1181cdece592,cointelegraph.com,"Mergers & Acquisitions,Technology,Financial Markets",0.064938,Neutral,"[{""ticker"": ""GOOG"", ""relevance_score"": ""0.126784"", ""ticker_sentiment_score"": ""0.148764"", ""ticker_sentiment_label"": ""Neutral""}, {""ticker"": ""FOREX:JPY"", ""relevance_score"": ""0.367865"", ""ticker_sentiment_score"": ""0.052683"", ""ticker_sentiment_label"": ""Neutral""}, {""ticker"": ""CRYPTO:BTC"", ""relevance_score"": ""0.983317"", ""ticker_sentiment_score"": ""0.08068"", ""ticker_sentiment_label"": ""Neutral""}]"
2025-05-07,The rally followed news that the US treasury secretary and trade representative will meet with the Chinese government in Switzerland this week.,South China Morning Post,https://www.scmp.com/tech/blockchain/article/3309362/bitcoin-gains-crypto-investors-bet-positive-us-china-trade-talks,0.495015,https://www.scmp.com/tech/blockchain/article/3309362/bitcoin-gains-crypto-investors-bet-positive-us-china-trade-talks,Bitcoin gains as crypto investors bet on positive US-China trade talks,Bloomberg,https://cdn.i-scmp.com/sites/default/files/styles/1020x680/public/d8/images/canvas/2025/05/07/e1290a6c-1903-40cb-ad74-796c0564bfef_8f8f7b31.jpg?itok=YOZfia_r&v=1746596836,www.scmp.com,"Economy - Monetary,Financial Markets",0.250781,Somewhat-Bullish,"[{""ticker"": ""CRYPTO:BTC"", ""relevance_score"": ""0.495015"", ""ticker_sentiment_score"": ""0.526779"", ""ticker_sentiment_label"": ""Bullish""}]"
2025-05-07,"The thought of selling Bitcoin BTC/USD makes you feel squeamish? Strike, a cryptocurrency payments firm, has launched a new lending product that allows users to take out loans using the world's largest cryptocurrency as collateral.",Benzinga,https://www.benzinga.com/25/05/45245329/strike-launches-new-service-allowing-users-to-borrow-up-to-2-million-backed-by-bitcoin,0.725935,https://www.benzinga.com/25/05/45245329/strike-launches-new-service-allowing-users-to-borrow-up-to-2-million-backed-by-bitcoin,Have Bitcoin? Need Cash? Strike Launches New Product Allowing Users To Borrow Up To $2 Million - Grayscale Bitcoin Mini Trust  ( BTC )  Common units of fractional undivided beneficial interest  ( ARCA:BTC ) ,Aniket Verma,https://cdn.benzinga.com/files/images/story/2025/05/07/Bitcoin-Coin-On-Keyboard-With-Nice-Backg.jpeg?width=1200&height=800&fit=crop,www.benzinga.com,"Finance,Blockchain,Financial Markets",0.209896,Somewhat-Bullish,"[{""ticker"": ""COIN"", ""relevance_score"": ""0.245339"", ""ticker_sentiment_score"": ""0.067509"", ""ticker_sentiment_label"": ""Neutral""}, {""ticker"": ""CRYPTO:BTC"", ""relevance_score"": ""0.725935"", ""ticker_sentiment_score"": ""0.167829"", ""ticker_sentiment_label"": ""Somewhat-Bullish""}, {""ticker"": ""CRYPTO:AAVE"", ""relevance_score"": ""0.245339"", ""ticker_sentiment_score"": ""0.0"", ""ticker_sentiment_label"": ""Neutral""}]"
2025-05-07,"NFL legend Tom Brady was among the celebrities who jumped on the Bitcoin BTC/USD bandwagon during the 2021 cryptocurrency boom, and while his enthusiasm may have dimmed since then, he remains hopeful about the cryptocurrency's prospects.",Benzinga,https://www.benzinga.com/general/sports/25/05/45248024/tom-brady-once-went-full-laser-eyes-for-bitcoin-heres-what-a-1000-investment-back-then-would-be-wo,0.733479,https://www.benzinga.com/general/sports/25/05/45248024/tom-brady-once-went-full-laser-eyes-for-bitcoin-heres-what-a-1000-investment-back-then-would-be-wo,"NFL Legend Tom Brady Once Went Full 'Laser Eyes' For Bitcoin - Here's What A $1,000 Investment Back Then Would Be Worth Today",Aniket Verma,https://cdn.benzinga.com/files/images/story/2025/05/07/Dec-12--2021-Tampa--Fl-Usa-Tom-Brady-Dur.jpeg?width=1200&height=800&fit=crop,www.benzinga.com,"Blockchain,Financial Markets",0.26957,Somewhat-Bullish,"[{""ticker"": ""CRYPTO:BTC"", ""relevance_score"": ""0.733479"", ""ticker_sentiment_score"": ""0.607551"", ""ticker_sentiment_label"": ""Bullish""}, {""ticker"": ""CRYPTO:LTC"", ""relevance_score"": ""0.126119"", ""ticker_sentiment_score"": ""0.085516"", ""ticker_sentiment_label"": ""Neutral""}]"
2025-05-07,"ROAD TOWN, British Virgin Islands, May 07, 2025 ( GLOBE NEWSWIRE ) -- XRP News Today - Ripple is making headlines once again as CME Group gears up to launch XRP futures on May 19, signaling a potential surge in institutional interest.",Benzinga,https://www.benzinga.com/pressreleases/25/05/g45247608/xrp-news-today-cme-to-launch-xrp-futures-on-may-19-stratovm-surges-2-939-as-analysts-eye-10-xrp-ta,0.472733,https://www.benzinga.com/pressreleases/25/05/g45247608/xrp-news-today-cme-to-launch-xrp-futures-on-may-19-stratovm-surges-2-939-as-analysts-eye-10-xrp-ta,"XRP News Today: CME to Launch XRP Futures on May 19 - StratoVM Surges 2,939% as Analysts Eye $10 XRP Target This Summer",Globe Newswire,https://www.benzinga.com/next-assets/images/schema-image-default.png,www.benzinga.com,"Finance,Blockchain,Financial Markets",0.284752,Somewhat-Bullish,"[{""ticker"": ""CME"", ""relevance_score"": ""0.136888"", ""ticker_sentiment_score"": ""0.133492"", ""ticker_sentiment_label"": ""Neutral""}, {""ticker"": ""CRYPTO:BTC"", ""relevance_score"": ""0.472733"", ""ticker_sentiment_score"": ""0.399147"", ""ticker_sentiment_label"": ""Bullish""}, {""ticker"": ""CRYPTO:ETH"", ""relevance_score"": ""0.091509"", ""ticker_sentiment_score"": ""-0.01902"", ""ticker_sentiment_label"": ""Neutral""}, {""ticker"": ""CRYPTO:UNI"", ""relevance_score"": ""0.04583"", ""ticker_sentiment_score"": ""0.11925"", ""ticker_sentiment_label"": ""Neutral""}, {""ticker"": ""CRYPTO:XRP"", ""relevance_score"": ""0.395012"", ""ticker_sentiment_score"": ""0.361423"", ""ticker_sentiment_label"": ""Bullish""}]"
2025-05-07,"The Pectra upgrade enables new wallet smart contract features, enhanced validator economics, and improved scalability on Ethereum.",Decrypt.co,https://decrypt.co/318275/ethereum-rolls-out-pectra-most-ambitious-upgrade-yet,0.05133,https://decrypt.co/318275/ethereum-rolls-out-pectra-most-ambitious-upgrade-yet,"Ethereum Rolls Out Pectra, Its 'Most Ambitious Upgrade Yet'",Vince Dioquino,https://cdn.decrypt.co/resize/1024/height/512/wp-content/uploads/2024/08/ethereum-eth-coin-gID_7.png,decrypt.co,,0.219069,Somewhat-Bullish,"[{""ticker"": ""CRYPTO:BTC"", ""relevance_score"": ""0.05133"", ""ticker_sentiment_score"": ""-0.026025"", ""ticker_sentiment_label"": ""Neutral""}, {""ticker"": ""CRYPTO:ETH"", ""relevance_score"": ""0.48028"", ""ticker_sentiment_score"": ""0.158237"", ""ticker_sentiment_label"": ""Somewhat-Bullish""}]"
2025-05-07,"Monmouth, Monmouthshire, May 07, 2025 ( GLOBE NEWSWIRE ) -- Tired of chasing fast money and high-risk cryptocurrency trading? How great would it be if you could easily earn real money every day? Welcome to ALR Miner-your golden ticket to earning passive income and experiencing the magic of cloud ...",Benzinga,https://www.benzinga.com/pressreleases/25/05/g45247034/earn-passive-income-alr-miner-noted-as-most-profitable-cloud-mining-apps-of-2025,0.18967,https://www.benzinga.com/pressreleases/25/05/g45247034/earn-passive-income-alr-miner-noted-as-most-profitable-cloud-mining-apps-of-2025,Earn Passive Income: ALR Miner Noted As Most Profitable Cloud Mining Apps of 2025,Globe Newswire,https://www.benzinga.com/next-assets/images/schema-image-default.png,www.benzinga.com,"Earnings,Blockchain,Financial Markets",0.44644,Bullish,"[{""ticker"": ""NFLX"", ""relevance_score"": ""0.047844"", ""ticker_sentiment_score"": ""0.314127"", ""ticker_sentiment_label"": ""Somewhat-Bullish""}, {""ticker"": ""CRYPTO:BTC"", ""relevance_score"": ""0.18967"", ""ticker_sentiment_score"": ""0.169816"", ""ticker_sentiment_label"": ""Somewhat-Bullish""}, {""ticker"": ""CRYPTO:USDT"", ""relevance_score"": ""0.18967"", ""ticker_sentiment_score"": ""0.115937"", ""ticker_sentiment_label"": ""Neutral""}, {""ticker"": ""CRYPTO:LTC"", ""relevance_score"": ""0.095517"", ""ticker_sentiment_score"": ""0.067692"", ""ticker_sentiment_label"": ""Neutral""}, {""ticker"": ""CRYPTO:BNB"", ""relevance_score"": ""0.047844"", ""ticker_sentiment_score"": ""0.0"", ""ticker_sentiment_label"": ""Neutral""}, {""ticker"": ""CRYPTO:XRP"", ""relevance_score"": ""0.095517"", ""ticker_sentiment_score"": ""0.067692"", ""ticker_sentiment_label"": ""Neutral""}]"
2025-05-07,Key points:Bitcoin and gold trade in lockstep on low timeframes as macro volatility triggers heighten.The Federal Reserve interest rate decision and news conference are just hours away.Market sentiment for rate cuts in 2025 decreases sharply ahead of the FOMC meeting.Bitcoin ( BTC ) saw a flash ...,Cointelegraph,https://cointelegraph.com/news/bitcoin-pushes-for-98k-2025-fed-rate-cut-odds-flip-pessimistic,0.672712,https://cointelegraph.com/news/bitcoin-pushes-for-98k-2025-fed-rate-cut-odds-flip-pessimistic,Bitcoin pushes for $98K as 2025 Fed rate cut odds flip 'pessimistic',William Suberg,https://s3.cointelegraph.com/uploads/2025-05/0196a9a8-3066-79c3-90e0-673b67ebf92f,cointelegraph.com,"Economy - Monetary,Financial Markets",0.00738,Neutral,"[{""ticker"": ""CRYPTO:BTC"", ""relevance_score"": ""0.672712"", ""ticker_sentiment_score"": ""-0.068407"", ""ticker_sentiment_label"": ""Neutral""}]"
2025-05-07,"Several crypto-focused organizations - including Bitcoin ( BTC ) mining companies - are eyeing a US return, primarily driven by uncertain geopolitical tensions. Still, BTC miner HIVE Digital Technologies is doubling down on the untapped potential of the Latin American market.In an exclusive ...",Cointelegraph,https://cointelegraph.com/news/hive-digital-expands-bitcoin-mining-paraguay-latam,0.373751,https://cointelegraph.com/news/hive-digital-expands-bitcoin-mining-paraguay-latam,HIVE taps LATAM for stable and low-cost energy partnership,Lyne Qian,"https://images.cointelegraph.com/cdn-cgi/image/format=auto,onerror=redirect,quality=90,width=1200/https://s3.cointelegraph.com/uploads/2025-05/0196aa59-edd6-7c36-8c72-078e4b612dd3",cointelegraph.com,"Technology,Financial Markets",0.252724,Somewhat-Bullish,"[{""ticker"": ""HIVE"", ""relevance_score"": ""0.441059"", ""ticker_sentiment_score"": ""0.429756"", ""ticker_sentiment_label"": ""Bullish""}, {""ticker"": ""ASCCF"", ""relevance_score"": ""0.154455"", ""ticker_sentiment_score"": ""-0.078821"", ""ticker_sentiment_label"": ""Neutral""}, {""ticker"": ""BITF"", ""relevance_score"": ""0.154455"", ""ticker_sentiment_score"": ""0.121399"", ""ticker_sentiment_label"": ""Neutral""}, {""ticker"": ""CRYPTO:BTC"", ""relevance_score"": ""0.373751"", ""ticker_sentiment_score"": ""-0.005244"", ""ticker_sentiment_label"": ""Neutral""}]"
2025-05-07,"Bitcoin holders are becoming more comfortable borrowing against their crypto as market confidence grows, according to Seamus Rocca, CEO of the Gibraltar-based private bank, Xapo Bank. In an interview at the Token2049 event in Dubai, Rocca told Cointelegraph that with Bitcoin ( BTC ) hovering ...",Cointelegraph,https://cointelegraph.com/news/bitcoin-backed-loans-growth-xapo-bank-ceo,0.908279,https://cointelegraph.com/news/bitcoin-backed-loans-growth-xapo-bank-ceo,Bitcoin-backed loans 'obvious' next step - Xapo Bank CEO,Ezra Reguerra,https://s3.cointelegraph.com/uploads/2025-05/0196aa2f-40d3-7ddc-9ab7-5cb9516fa83d,cointelegraph.com,Financial Markets,0.141482,Neutral,"[{""ticker"": ""CRYPTO:BTC"", ""relevance_score"": ""0.908279"", ""ticker_sentiment_score"": ""0.23899"", ""ticker_sentiment_label"": ""Somewhat-Bullish""}]"
2025-05-07,"Following Tuesday's uptick, cryptocurrency bookmakers sharply increased their odds of Bitcoin BTC/USD recovering the critical $100,000 milestone this month. What happened: The odds hit 83% overnight Tuesday before falling to 76% as of this writing on Polymarket, a decentralized prediction ...",Benzinga,https://www.benzinga.com/markets/cryptocurrency/25/05/45246100/bitcoin-to-hit-100000-soon-polymarket-bettors-are-putting-big-money-on-it,0.776097,https://www.benzinga.com/markets/cryptocurrency/25/05/45246100/bitcoin-to-hit-100000-soon-polymarket-bettors-are-putting-big-money-on-it,"Bitcoin To Hit $100,000 Soon? Polymarket Bettors Are Putting Big Money On It",Aniket Verma,https://cdn.benzinga.com/files/images/story/2025/05/07/Piles-Of-Golden-Bitcoin-Coin--Popular-Di.jpeg?width=1200&height=800&fit=crop,www.benzinga.com,"Blockchain,Financial Markets",0.123972,Neutral,"[{""ticker"": ""CRYPTO:BTC"", ""relevance_score"": ""0.776097"", ""ticker_sentiment_score"": ""0.150905"", ""ticker_sentiment_label"": ""Somewhat-Bullish""}]"
2025-05-07,"Ethereum - the network that unleashed smart contracts on the world - moves on to the next chapter with today's Pectra upgrade, but what does it really mean?Pectra is scheduled to go live on Ethereum mainnet at the state of epoch 364032, May 7, 2025, at around 10:00 am UTC. The three main ...",Cointelegraph,https://cointelegraph.com/news/ethereum-s-pectra-network-upgrade-goes-live-today-what-to-expect,0.054114,https://cointelegraph.com/news/ethereum-s-pectra-network-upgrade-goes-live-today-what-to-expect,Ethereum's Pectra network upgrade goes live today: What to expect,Adrian Zmudzinski,https://s3.cointelegraph.com/uploads/2025-05/0196aa06-b481-7144-94f0-cb63d1d21437,cointelegraph.com,,0.152722,Somewhat-Bullish,"[{""ticker"": ""CRYPTO:BTC"", ""relevance_score"": ""0.054114"", ""ticker_sentiment_score"": ""0.0"", ""ticker_sentiment_label"": ""Neutral""}, {""ticker"": ""CRYPTO:ETH"", ""relevance_score"": ""0.691369"", ""ticker_sentiment_score"": ""0.322629"", ""ticker_sentiment_label"": ""Somewhat-Bullish""}]"
2025-05-07,"2024 was a great year for cryptocurrencies, with the total value of all coins and tokens soaring to an all-time high of $3.9 trillion shortly after President Trump was elected in November. Investors were excited about his pro-crypto stance and the friendly policies that might follow.Even ...",Motley Fool,https://www.fool.com/investing/2025/05/07/can-shiba-inu-reach-1-in-2025-the-answer-might-blo/,0.143987,https://www.fool.com/investing/2025/05/07/can-shiba-inu-reach-1-in-2025-the-answer-might-blo/,Can Shiba Inu Reach $1 in 2025? The Answer Might Blow Your Mind.,Anthony Di Pizio,https://g.foolcdn.com/image/?url=https%3A%2F%2Fg.foolcdn.com%2Feditorial%2Fimages%2F817143%2Fa-shiba-inu-dog-sitting-in-front-of-a-blank-chalk-board.jpg&op=resize&w=700,www.fool.com,"Economy - Monetary,Financial Markets,Finance,Blockchain",0.148745,Neutral,"[{""ticker"": ""COIN"", ""relevance_score"": ""0.04823"", ""ticker_sentiment_score"": ""0.116909"", ""ticker_sentiment_label"": ""Neutral""}, {""ticker"": ""CRYPTO:BTC"", ""relevance_score"": ""0.143987"", ""ticker_sentiment_score"": ""0.083137"", ""ticker_sentiment_label"": ""Neutral""}, {""ticker"": ""CRYPTO:ETH"", ""relevance_score"": ""0.04823"", ""ticker_sentiment_score"": ""0.064839"", ""ticker_sentiment_label"": ""Neutral""}, {""ticker"": ""CRYPTO:SHIB"", ""relevance_score"": ""0.63573"", ""ticker_sentiment_score"": ""0.196306"", ""ticker_sentiment_label"": ""Somewhat-Bullish""}]"
2025-05-07,"Bhutan, known for investments in cryptocurrencies like Bitcoin, has launched a tourism crypto payment system in partnership with Binance Pay and DK Bank.The system allows Bhutan travelers with Binance accounts to pay for services like tickets, hotel stays, tour guides and other products using at ...",Cointelegraph,https://cointelegraph.com/news/bhutan-crypto-payments-tourism-binance-pay-dk-bank,0.571516,https://cointelegraph.com/news/bhutan-crypto-payments-tourism-binance-pay-dk-bank,Bhutan launches tourism crypto payments with Binance Pay and DK Bank,Helen Partz,https://s3.cointelegraph.com/uploads/2025-05/0196a9f3-086e-76ba-b9ec-4fe6c3d902e2,cointelegraph.com,"Economy - Monetary,Financial Markets,Finance,Blockchain",0.14719,Neutral,"[{""ticker"": ""HPNN"", ""relevance_score"": ""0.070105"", ""ticker_sentiment_score"": ""0.042426"", ""ticker_sentiment_label"": ""Neutral""}, {""ticker"": ""FXNC"", ""relevance_score"": ""0.070105"", ""ticker_sentiment_score"": ""-0.07631"", ""ticker_sentiment_label"": ""Neutral""}, {""ticker"": ""CRYPTO:BTC"", ""relevance_score"": ""0.571516"", ""ticker_sentiment_score"": ""0.111994"", ""ticker_sentiment_label"": ""Neutral""}]"
2025-05-07,Understanding the potential of the altcoin market with VentureX.,Benzinga,https://www.benzinga.com/pressreleases/25/05/g45245605/vc-venturex-rebalances-portfolio-ahead-of-anticipated-altcoin-supercycle-in-2025,0.122685,https://www.benzinga.com/pressreleases/25/05/g45245605/vc-venturex-rebalances-portfolio-ahead-of-anticipated-altcoin-supercycle-in-2025,VC VentureX Rebalances Portfolio Ahead of Anticipated Altcoin Supercycle in 2025,Globe Newswire,https://www.benzinga.com/next-assets/images/schema-image-default.png,www.benzinga.com,"Economy - Monetary,Blockchain,Financial Markets",0.366397,Bullish,"[{""ticker"": ""CRYPTO:BTC"", ""relevance_score"": ""0.122685"", ""ticker_sentiment_score"": ""0.162976"", ""ticker_sentiment_label"": ""Somewhat-Bullish""}, {""ticker"": ""CRYPTO:ETH"", ""relevance_score"": ""0.203045"", ""ticker_sentiment_score"": ""0.485483"", ""ticker_sentiment_label"": ""Bullish""}, {""ticker"": ""CRYPTO:AAVE"", ""relevance_score"": ""0.163078"", ""ticker_sentiment_score"": ""0.361744"", ""ticker_sentiment_label"": ""Bullish""}, {""ticker"": ""CRYPTO:LTC"", ""relevance_score"": ""0.163078"", ""ticker_sentiment_score"": ""0.400214"", ""ticker_sentiment_label"": ""Bullish""}, {""ticker"": ""CRYPTO:BCH"", ""relevance_score"": ""0.163078"", ""ticker_sentiment_score"": ""0.365616"", ""ticker_sentiment_label"": ""Bullish""}]"
2025-05-07,"Despite the $1.4 billion lost in the recent Bybit hack, crypto companies have not changed their approach to cybersecurity, according to Hacken CEO Dyma Budorin. In an interview with Cointelegraph at the Token2049 event in Dubai, Budorin said the industry continues to rely on limited measures such ...",Cointelegraph,https://cointelegraph.com/news/hacken-ceo-crypto-security-april-hacks-360-million-token2049,0.201523,https://cointelegraph.com/news/hacken-ceo-crypto-security-april-hacks-360-million-token2049,Hacken CEO sees 'no shift' in crypto security as April hacks hit $357M,Ezra Reguerra,https://s3.cointelegraph.com/uploads/2025-05/0196a9bc-52c2-75dc-a370-e44f0bc34b66,cointelegraph.com,Blockchain,-0.188808,Somewhat-Bearish,"[{""ticker"": ""CRYPTO:BTC"", ""relevance_score"": ""0.201523"", ""ticker_sentiment_score"": ""-0.268354"", ""ticker_sentiment_label"": ""Somewhat-Bearish""}]"
2025-05-07,"Bitcoin ( CRYPTO: BTC ) doesn't need to reinvent itself to get to $1 million, it just needs to continue getting scarcer than it is today, when its price is near $95,000 per coin. If investors and institutions keep showing up with new capital while new supply continues to be harder to come by, its ...",Motley Fool,https://www.fool.com/investing/2025/05/07/heres-why-many-crypto-industry-insiders-think-bitc/,0.358152,https://www.fool.com/investing/2025/05/07/heres-why-many-crypto-industry-insiders-think-bitc/,Here's Why Many Crypto Industry Insiders Think Bitcoin Could Reach $1 Million by 2029,Alex Carchidi,https://g.foolcdn.com/image/?url=https%3A%2F%2Fg.foolcdn.com%2Feditorial%2Fimages%2F817204%2Finvestors-ponders-crypto-chart-at-desk.jpg&op=resize&w=700,www.fool.com,Financial Markets,0.085568,Neutral,"[{""ticker"": ""CRYPTO:BTC"", ""relevance_score"": ""0.358152"", ""ticker_sentiment_score"": ""0.040705"", ""ticker_sentiment_label"": ""Neutral""}]"
2025-05-08,"Arizona Governor Katie Hobbs has signed a bill into law allowing the US state to keep unclaimed crypto and establish a ""Bitcoin Reserve Fund"" that won't use any taxpayer money or state funds.Hobbs signed House Bill 2749 into law on May 7, which allows Arizona to claim ownership of abandoned ...",Cointelegraph,https://cointelegraph.com/news/arizona-governor-signs-bitcoin-reserve-keep-unclaimed-crypto,0.82927,https://cointelegraph.com/news/arizona-governor-signs-bitcoin-reserve-keep-unclaimed-crypto,Arizona governor signs law for state to keep unclaimed crypto,Brayden Lindrea,https://s3.cointelegraph.com/uploads/2025-05/0196ad97-a9ce-74fd-8c78-cc532aa693b9,cointelegraph.com,Blockchain,0.050205,Neutral,"[{""ticker"": ""CRYPTO:BTC"", ""relevance_score"": ""0.82927"", ""ticker_sentiment_score"": ""0.113104"", ""ticker_sentiment_label"": ""Neutral""}]"
2025-05-08,"Leading cryptocurrencies traded sideways on Wednesday, as the Federal Reserve warned of macroeconomic dangers from President Donald Trump's tariff moves. What Happened: Bitcoin encountered tough resistance in the mid-$97,000s throughout the day before breaking the barrier overnight and recovering ...",Benzinga,https://www.benzinga.com/trading-ideas/movers/25/05/45274508/bitcoin-taps-98000-ethereum-dogecoin-steady-as-fed-chair-jerome-powell-raises-trump-tariff-i,0.375722,https://www.benzinga.com/trading-ideas/movers/25/05/45274508/bitcoin-taps-98000-ethereum-dogecoin-steady-as-fed-chair-jerome-powell-raises-trump-tariff-i,"Bitcoin Taps $98,000, Ethereum, Dogecoin Steady As Fed Chair Jerome Powell Raises Trump Tariff-Induced Concerns: Analyst Says ETH Holding Above 'Crucial Level' And Begins Its 'Bounce Upwards' - Grayscale Bitcoin Mini Trust  ( BTC )  Common units of fractional undivided beneficial interest  ( ARCA:BTC ) ",Aniket Verma,https://cdn.benzinga.com/files/images/story/2025/05/07/Solana-Golden-Cryptocurrency-In-Close-up.jpeg?width=1200&height=800&fit=crop,www.benzinga.com,"Economy - Monetary,Financial Markets,Manufacturing,Blockchain",0.039192,Neutral,"[{""ticker"": ""NVDA"", ""relevance_score"": ""0.193465"", ""ticker_sentiment_score"": ""0.071538"", ""ticker_sentiment_label"": ""Neutral""}, {""ticker"": ""CRYPTO:BTC"", ""relevance_score"": ""0.375722"", ""ticker_sentiment_score"": ""0.26584"", ""ticker_sentiment_label"": ""Somewhat-Bullish""}, {""ticker"": ""CRYPTO:ETH"", ""relevance_score"": ""0.097457"", ""ticker_sentiment_score"": ""-0.277332"", ""ticker_sentiment_label"": ""Somewhat-Bearish""}]"
2025-05-08,"Nasdaq-listed Bitcoin mining firm Core Scientific Inc. posted a net profit of $580 million with its first quarter results, but missed analyst revenue estimates after a drop in its mining profits.Core Scientific's Q1 2025 results, shared on May 7, saw it more than double its $210 million net ...",Cointelegraph,https://cointelegraph.com/news/core-scientific-misses-q1-revenue-posts-580-million-q1-profit,0.751437,https://cointelegraph.com/news/core-scientific-misses-q1-revenue-posts-580-million-q1-profit,Bitcoin miner Core Scientific posts $580M Q1 profit but misses revenue estimates,Stephen Katte,https://s3.cointelegraph.com/uploads/2025-05/0196ada7-6a1d-76e0-8cff-b15fc6ebd37f,cointelegraph.com,"Life Sciences,Financial Markets,Earnings,Technology",0.097203,Neutral,"[{""ticker"": ""IREN"", ""relevance_score"": ""0.09186"", ""ticker_sentiment_score"": ""0.0"", ""ticker_sentiment_label"": ""Neutral""}, {""ticker"": ""WULF"", ""relevance_score"": ""0.09186"", ""ticker_sentiment_score"": ""0.0"", ""ticker_sentiment_label"": ""Neutral""}, {""ticker"": ""CRWV"", ""relevance_score"": ""0.09186"", ""ticker_sentiment_score"": ""0.0"", ""ticker_sentiment_label"": ""Neutral""}, {""ticker"": ""GOOG"", ""relevance_score"": ""0.09186"", ""ticker_sentiment_score"": ""0.021132"", ""ticker_sentiment_label"": ""Neutral""}, {""ticker"": ""HUT"", ""relevance_score"": ""0.09186"", ""ticker_sentiment_score"": ""0.0"", ""ticker_sentiment_label"": ""Neutral""}, {""ticker"": ""CORZQ"", ""relevance_score"": ""0.511256"", ""ticker_sentiment_score"": ""0.090706"", ""ticker_sentiment_label"": ""Neutral""}, {""ticker"": ""RIOT"", ""relevance_score"": ""0.09186"", ""ticker_sentiment_score"": ""0.081111"", ""ticker_sentiment_label"": ""Neutral""}, {""ticker"": ""CRYPTO:BTC"", ""relevance_score"": ""0.751437"", ""ticker_sentiment_score"": ""0.198678"", ""ticker_sentiment_label"": ""Somewhat-Bullish""}]"
2025-05-08,"Bitcoin has reclaimed $98,000 for the first time in almost three months after the US Federal Reserve said it would keep interest rates the same for another month.The Fed's decision to keep interest rates unchanged comes despite mounting pressure from US President Donald Trump, who just weeks ago ...",Cointelegraph,https://cointelegraph.com/news/bitcoin-price-98k-federal-reserve-interest-rate-cuts-donald-trump-demands,0.729067,https://cointelegraph.com/news/bitcoin-price-98k-federal-reserve-interest-rate-cuts-donald-trump-demands,Bitcoin returns to $98K as Fed holds rates steady despite Trump's demand,Ciaran Lyons,https://s3.cointelegraph.com/uploads/2025-05/0196adbe-22ba-71ee-a8da-b829b78176d6,cointelegraph.com,"Economy - Monetary,Financial Markets",-0.169921,Somewhat-Bearish,"[{""ticker"": ""CRYPTO:BTC"", ""relevance_score"": ""0.729067"", ""ticker_sentiment_score"": ""-0.469513"", ""ticker_sentiment_label"": ""Bearish""}]"
2025-05-08,"Arizona becomes the first U.S. state to hold unclaimed crypto in its original form, following a veto on a separate crypto bill last week.",Decrypt.co,https://decrypt.co/318487/arizona-passes-unclaimed-crypto-law-after-vetoing-reserve,0.256538,https://decrypt.co/318487/arizona-passes-unclaimed-crypto-law-after-vetoing-reserve,Arizona Passes Unclaimed Crypto Law After Vetoing Reserve Last Week,Callan Quinn,https://cdn.decrypt.co/resize/1024/height/512/wp-content/uploads/2025/05/Phoenix-Arizona-AZ-Drone-Downtown-Skyline-gID_7.jpg,decrypt.co,"Earnings,Blockchain,Financial Markets",0.15491,Somewhat-Bullish,"[{""ticker"": ""CRYPTO:BTC"", ""relevance_score"": ""0.256538"", ""ticker_sentiment_score"": ""0.045269"", ""ticker_sentiment_label"": ""Neutral""}]"
