date,comment,subreddit,comment_id,upvotes,post_url,title,authors,banner_image,source_domain,topics,overall_sentiment_score,overall_sentiment_label,ticker_sentiment
2024-06-18,DeFi Technologies Subsidiary Valour Inc. Introduces World's First and Only Yield Bearing Bitcoin ( BTC ) ETP in ... Canada ...,Canada Newswire,https://www.newswire.ca/news-releases/defi-technologies-subsidiary-valour-inc-introduces-world-s-first-and-only-yield-bearing-bitcoin-btc-etp-in-collaboration-with-core-foundation-to-german-investors-on-borse-frankfurt-offering-exposure-to-bitcoin-with-a-5-65-yield-861671981.html,0.051551,https://www.newswire.ca/news-releases/defi-technologies-subsidiary-valour-inc-introduces-world-s-first-and-only-yield-bearing-bitcoin-btc-etp-in-collaboration-with-core-foundation-to-german-investors-on-borse-frankfurt-offering-exposure-to-bitcoin-with-a-5-65-yield-861671981.html,DeFi Technologies Subsidiary Valour Inc. Introduces World's First and Only Yield Bearing Bitcoin (BTC) ETP in ... - Canada NewsWire,,,www.newswire.ca,"Blockchain,Financial Markets",0.258539,Somewhat-Bullish,"[{""ticker"": ""CRYPTO:BTC"", ""relevance_score"": ""0.913354"", ""ticker_sentiment_score"": ""0.425197"", ""ticker_sentiment_label"": ""Bullish""}, {""ticker"": ""CRYPTO:ETH"", ""relevance_score"": ""0.153797"", ""ticker_sentiment_score"": ""0.111979"", ""ticker_sentiment_label"": ""Neutral""}, {""ticker"": ""CRYPTO:LINK"", ""relevance_score"": ""0.051551"", ""ticker_sentiment_score"": ""0.056895"", ""ticker_sentiment_label"": ""Neutral""}, {""ticker"": ""CRYPTO:UNI"", ""relevance_score"": ""0.051551"", ""ticker_sentiment_score"": ""0.056895"", ""ticker_sentiment_label"": ""Neutral""}, {""ticker"": ""CRYPTO:ADA"", ""relevance_score"": ""0.051551"", ""ticker_sentiment_score"": ""0.056895"", ""ticker_sentiment_label"": ""Neutral""}]"
2024-06-18,"Marsh & McLennan's (MMC) sub-unit, Oliver Wyman, is set to acquire Veritas Total Solutions, enhancing its commodity trading advisory services.",Zacks Commentary,https://www.zacks.com/stock/news/2290048/marsh-mclennan-mmc-unit-buys-commodity-trading-firm,0.053629,https://www.zacks.com/stock/news/2290048/marsh-mclennan-mmc-unit-buys-commodity-trading-firm,Marsh & McLennan  ( MMC )  Unit Buys Commodity Trading Firm,Zacks Equity Research,https://staticx-tuner.zacks.com/images/articles/main/26/4059.jpg,www.zacks.com,"Earnings,Finance,Financial Markets",0.269455,Somewhat-Bullish,"[{""ticker"": ""ALL"", ""relevance_score"": ""0.053629"", ""ticker_sentiment_score"": ""0.0448"", ""ticker_sentiment_label"": ""Neutral""}, {""ticker"": ""BRO"", ""relevance_score"": ""0.212115"", ""ticker_sentiment_score"": ""0.18742"", ""ticker_sentiment_label"": ""Somewhat-Bullish""}, {""ticker"": ""NMIH"", ""relevance_score"": ""0.263373"", ""ticker_sentiment_score"": ""0.189942"", ""ticker_sentiment_label"": ""Somewhat-Bullish""}, {""ticker"": ""CRYPTO:ADA"", ""relevance_score"": ""0.053629"", ""ticker_sentiment_score"": ""0.100713"", ""ticker_sentiment_label"": ""Neutral""}]"
2024-06-18,"Cardano's ADA/USD price has decreased 10.63% over the past 24 hours to $0.37, continuing its downward trend over the past week of -13.0%, moving from $0.42 to its current price. The chart below compares the price movement and volatility for Cardano over the past 24 hours ( left ) to its price ...",Benzinga,https://www.benzinga.com/insights/cryptocurrency/24/06/39387737/cardano-falls-more-than-10-in-24-hours,0.578355,https://www.benzinga.com/insights/cryptocurrency/24/06/39387737/cardano-falls-more-than-10-in-24-hours,Cardano Falls More Than 10% In 24 hours,Benzinga Insights,https://cdn.benzinga.com/files/images/story/2023/crypto_movers_image_0.png?width=1200&height=800&fit=crop,www.benzinga.com,Financial Markets,0.042614,Neutral,"[{""ticker"": ""CRYPTO:ADA"", ""relevance_score"": ""0.578355"", ""ticker_sentiment_score"": ""-0.085444"", ""ticker_sentiment_label"": ""Neutral""}]"
2024-06-19,"Bitcoin is struggling to bounce off $64,500, increasing the possibility of a deeper correction to $60,000.",Cointelegraph,https://cointelegraph.com/news/price-analysis-6-19-btc-eth-bnb-sol-xrp-doge-ton-ada-shib-avax,0.100588,https://cointelegraph.com/news/price-analysis-6-19-btc-eth-bnb-sol-xrp-doge-ton-ada-shib-avax,"Price analysis 6/19: BTC, ETH, BNB, SOL, XRP, DOGE, TON, ADA, SHIB, AVAX",Rakesh Upadhyay,"https://images.cointelegraph.com/cdn-cgi/image/format=auto,onerror=redirect,quality=90,width=1200/https://s3.cointelegraph.com/uploads/2024-06/7299811b-6446-470c-87d0-32fdc6707c4f.jpg",cointelegraph.com,"Blockchain,Financial Markets",-0.055799,Neutral,"[{""ticker"": ""CRYPTO:BTC"", ""relevance_score"": ""0.231963"", ""ticker_sentiment_score"": ""0.049942"", ""ticker_sentiment_label"": ""Neutral""}, {""ticker"": ""CRYPTO:ETH"", ""relevance_score"": ""0.166858"", ""ticker_sentiment_score"": ""-0.024068"", ""ticker_sentiment_label"": ""Neutral""}, {""ticker"": ""CRYPTO:SHIB"", ""relevance_score"": ""0.100588"", ""ticker_sentiment_score"": ""-0.10807"", ""ticker_sentiment_label"": ""Neutral""}, {""ticker"": ""CRYPTO:DOGE"", ""relevance_score"": ""0.100588"", ""ticker_sentiment_score"": ""0.074963"", ""ticker_sentiment_label"": ""Neutral""}, {""ticker"": ""CRYPTO:ADA"", ""relevance_score"": ""0.100588"", ""ticker_sentiment_score"": ""0.103565"", ""ticker_sentiment_label"": ""Neutral""}]"
2024-06-19,DeFi Technologies' Subsidiary Valour Inc. and The Hashgraph Association ( THA ) Celebrate Successful Launch of the ... Canada ...,Canada Newswire,https://www.newswire.ca/news-releases/defi-technologies-subsidiary-valour-inc-and-the-hashgraph-association-tha-celebrate-successful-launch-of-the-world-s-first-valour-hedera-hbar-etp-at-the-borse-frankfurt-zertifikate-exchange-closing-bell-ceremony-878279942.html,0.022969,https://www.newswire.ca/news-releases/defi-technologies-subsidiary-valour-inc-and-the-hashgraph-association-tha-celebrate-successful-launch-of-the-world-s-first-valour-hedera-hbar-etp-at-the-borse-frankfurt-zertifikate-exchange-closing-bell-ceremony-878279942.html,DeFi Technologies' Subsidiary Valour Inc. and The Hashgraph Association  ( THA )  Celebrate Successful Launch of the World's First Valour Hedera  ( HBAR )  ETP at the Börse Frankfurt  ( Zertifikate )  Exchange Closing Bell Ceremony,DeFi Technologies Inc.,https://mma.prnewswire.com/media/2442467/DeFi_Technologies_Inc__DeFi_Technologies__Subsidiary_Valour_Inc_.jpg?p=facebook,www.newswire.ca,"Financial Markets,Manufacturing,Technology,Blockchain",0.256845,Somewhat-Bullish,"[{""ticker"": ""GOOG"", ""relevance_score"": ""0.022969"", ""ticker_sentiment_score"": ""0.09989"", ""ticker_sentiment_label"": ""Neutral""}, {""ticker"": ""BA"", ""relevance_score"": ""0.022969"", ""ticker_sentiment_score"": ""0.09989"", ""ticker_sentiment_label"": ""Neutral""}, {""ticker"": ""SBGOF"", ""relevance_score"": ""0.022969"", ""ticker_sentiment_score"": ""0.09989"", ""ticker_sentiment_label"": ""Neutral""}, {""ticker"": ""CRYPTO:BTC"", ""relevance_score"": ""0.114463"", ""ticker_sentiment_score"": ""0.072814"", ""ticker_sentiment_label"": ""Neutral""}, {""ticker"": ""CRYPTO:ETH"", ""relevance_score"": ""0.045918"", ""ticker_sentiment_score"": ""0.063583"", ""ticker_sentiment_label"": ""Neutral""}, {""ticker"": ""CRYPTO:LINK"", ""relevance_score"": ""0.022969"", ""ticker_sentiment_score"": ""0.058643"", ""ticker_sentiment_label"": ""Neutral""}, {""ticker"": ""CRYPTO:UNI"", ""relevance_score"": ""0.022969"", ""ticker_sentiment_score"": ""0.058643"", ""ticker_sentiment_label"": ""Neutral""}, {""ticker"": ""CRYPTO:ADA"", ""relevance_score"": ""0.022969"", ""ticker_sentiment_score"": ""0.058643"", ""ticker_sentiment_label"": ""Neutral""}]"
2024-06-19,DeFi Technologies' Subsidiary Valour Inc. and The Hashgraph Association ( THA ) Celebrate Successful Launch of the ... PR ...,PR Newswire,https://www.prnewswire.com/news-releases/defi-technologies-subsidiary-valour-inc-and-the-hashgraph-association-tha-celebrate-successful-launch-of-the-worlds-first-valour-hedera-hbar-etp-at-the-borse-frankfurt-zertifikate-exchange-closing-bell-ceremony-302176292.html,0.023236,https://www.prnewswire.com/news-releases/defi-technologies-subsidiary-valour-inc-and-the-hashgraph-association-tha-celebrate-successful-launch-of-the-worlds-first-valour-hedera-hbar-etp-at-the-borse-frankfurt-zertifikate-exchange-closing-bell-ceremony-302176292.html,DeFi Technologies' Subsidiary Valour Inc. and The Hashgraph Association  ( THA )  Celebrate Successful Launch of the World's First Valour Hedera  ( HBAR )  ETP at the Börse Frankfurt  ( Zertifikate )  Exchange Closing Bell Ceremony,DeFi Technologies Inc.,https://mma.prnewswire.com/media/2442467/DeFi_Technologies_Inc__DeFi_Technologies__Subsidiary_Valour_Inc_.jpg?p=facebook,www.prnewswire.com,"Financial Markets,Manufacturing,Technology,Blockchain",0.252391,Somewhat-Bullish,"[{""ticker"": ""GOOG"", ""relevance_score"": ""0.023236"", ""ticker_sentiment_score"": ""0.100048"", ""ticker_sentiment_label"": ""Neutral""}, {""ticker"": ""BA"", ""relevance_score"": ""0.023236"", ""ticker_sentiment_score"": ""0.100048"", ""ticker_sentiment_label"": ""Neutral""}, {""ticker"": ""SBGOF"", ""relevance_score"": ""0.023236"", ""ticker_sentiment_score"": ""0.100048"", ""ticker_sentiment_label"": ""Neutral""}, {""ticker"": ""CRYPTO:BTC"", ""relevance_score"": ""0.115787"", ""ticker_sentiment_score"": ""0.073166"", ""ticker_sentiment_label"": ""Neutral""}, {""ticker"": ""CRYPTO:ETH"", ""relevance_score"": ""0.046452"", ""ticker_sentiment_score"": ""0.063632"", ""ticker_sentiment_label"": ""Neutral""}, {""ticker"": ""CRYPTO:LINK"", ""relevance_score"": ""0.023236"", ""ticker_sentiment_score"": ""0.058731"", ""ticker_sentiment_label"": ""Neutral""}, {""ticker"": ""CRYPTO:UNI"", ""relevance_score"": ""0.023236"", ""ticker_sentiment_score"": ""0.058731"", ""ticker_sentiment_label"": ""Neutral""}, {""ticker"": ""CRYPTO:ADA"", ""relevance_score"": ""0.023236"", ""ticker_sentiment_score"": ""0.058731"", ""ticker_sentiment_label"": ""Neutral""}]"
2024-06-19,"Celebration at Börse Frankfurt's main trading floor, with participation from Valour Inc. and The Hashgraph Association.",GlobeNewswire,https://www.globenewswire.com/news-release/2024/06/19/2901071/0/en/DeFi-Technologies-Subsidiary-Valour-Inc-and-The-Hashgraph-Association-THA-Celebrate-Successful-Launch-of-the-World-s-First-Valour-Hedera-HBAR-ETP-at-the-B%C3%B6rse-Frankfurt-Zertifikate.html,0.023035,https://www.globenewswire.com/news-release/2024/06/19/2901071/0/en/DeFi-Technologies-Subsidiary-Valour-Inc-and-The-Hashgraph-Association-THA-Celebrate-Successful-Launch-of-the-World-s-First-Valour-Hedera-HBAR-ETP-at-the-B%C3%B6rse-Frankfurt-Zertifikate.html,DeFi Technologies' Subsidiary Valour Inc. and The Hashgraph Association  ( THA )  Celebrate Successful Launch of the World's First Valour Hedera  ( HBAR )  ETP at the Börse Frankfurt  ( Zertifikate )  Exchange Closing Bell Ceremony,DeFi Technologies Inc.,https://ml.globenewswire.com/Resource/Download/518c3a4f-bd85-457a-a197-1f330493c6d7,www.globenewswire.com,"Financial Markets,Manufacturing,Technology,Blockchain",0.254616,Somewhat-Bullish,"[{""ticker"": ""GOOG"", ""relevance_score"": ""0.023035"", ""ticker_sentiment_score"": ""0.097145"", ""ticker_sentiment_label"": ""Neutral""}, {""ticker"": ""BA"", ""relevance_score"": ""0.023035"", ""ticker_sentiment_score"": ""0.097145"", ""ticker_sentiment_label"": ""Neutral""}, {""ticker"": ""SBGOF"", ""relevance_score"": ""0.023035"", ""ticker_sentiment_score"": ""0.097145"", ""ticker_sentiment_label"": ""Neutral""}, {""ticker"": ""CRYPTO:BTC"", ""relevance_score"": ""0.114791"", ""ticker_sentiment_score"": ""0.072901"", ""ticker_sentiment_label"": ""Neutral""}, {""ticker"": ""CRYPTO:ETH"", ""relevance_score"": ""0.046051"", ""ticker_sentiment_score"": ""0.063596"", ""ticker_sentiment_label"": ""Neutral""}, {""ticker"": ""CRYPTO:LINK"", ""relevance_score"": ""0.023035"", ""ticker_sentiment_score"": ""0.058665"", ""ticker_sentiment_label"": ""Neutral""}, {""ticker"": ""CRYPTO:UNI"", ""relevance_score"": ""0.023035"", ""ticker_sentiment_score"": ""0.058665"", ""ticker_sentiment_label"": ""Neutral""}, {""ticker"": ""CRYPTO:ADA"", ""relevance_score"": ""0.023035"", ""ticker_sentiment_score"": ""0.058665"", ""ticker_sentiment_label"": ""Neutral""}]"
2024-06-20,Coinbase Review 2024: Is It Right for You? - Business Insider ...,Business Insider,https://www.businessinsider.com/personal-finance/coinbase-investing-review,0.026299,https://www.businessinsider.com/personal-finance/coinbase-investing-review,Coinbase Review 2024: In-Depth Look at the Popular Crypto Exchange,"Tessa Campbell,Elias Shaya",,www.businessinsider.com,"Financial Markets,Earnings,Real Estate & Construction,Finance,Blockchain",0.363693,Bullish,"[{""ticker"": ""APG"", ""relevance_score"": ""0.026299"", ""ticker_sentiment_score"": ""0.420424"", ""ticker_sentiment_label"": ""Bullish""}, {""ticker"": ""COIN"", ""relevance_score"": ""0.870603"", ""ticker_sentiment_score"": ""0.578607"", ""ticker_sentiment_label"": ""Bullish""}, {""ticker"": ""FOREX:USD"", ""relevance_score"": ""0.05257"", ""ticker_sentiment_score"": ""0.072649"", ""ticker_sentiment_label"": ""Neutral""}, {""ticker"": ""CRYPTO:BTC"", ""relevance_score"": ""0.026299"", ""ticker_sentiment_score"": ""0.234224"", ""ticker_sentiment_label"": ""Somewhat-Bullish""}, {""ticker"": ""CRYPTO:ETH"", ""relevance_score"": ""0.05257"", ""ticker_sentiment_score"": ""0.241755"", ""ticker_sentiment_label"": ""Somewhat-Bullish""}, {""ticker"": ""CRYPTO:DOGE"", ""relevance_score"": ""0.026299"", ""ticker_sentiment_score"": ""0.234224"", ""ticker_sentiment_label"": ""Somewhat-Bullish""}, {""ticker"": ""CRYPTO:ADA"", ""relevance_score"": ""0.026299"", ""ticker_sentiment_score"": ""0.223373"", ""ticker_sentiment_label"": ""Somewhat-Bullish""}]"
2024-06-20,"Investors increased their bearish bets on prominent cryptocurrencies such as XRP and Cardano Wednesday, raising the prospect of gains in the event of liquidation.",Benzinga,https://www.benzinga.com/markets/cryptocurrency/24/06/39404393/can-spike-in-short-selling-act-as-rocket-fuel-for-xrp-and-cardano-here-is-what-this-analys,0.369685,https://www.benzinga.com/markets/cryptocurrency/24/06/39404393/can-spike-in-short-selling-act-as-rocket-fuel-for-xrp-and-cardano-here-is-what-this-analys,Can Spike In Short Selling Act As 'Rocket Fuel' For XRP And Cardano? Here Is What This Analyst Firm Says,Aniket Verma,https://cdn.benzinga.com/files/images/story/2024/06/20/Ripple-XRP.jpeg?width=1200&height=800&fit=crop,www.benzinga.com,"Blockchain,Financial Markets",0.334605,Somewhat-Bullish,"[{""ticker"": ""CRYPTO:ETH"", ""relevance_score"": ""0.25168"", ""ticker_sentiment_score"": ""0.0"", ""ticker_sentiment_label"": ""Neutral""}, {""ticker"": ""CRYPTO:ADA"", ""relevance_score"": ""0.369685"", ""ticker_sentiment_score"": ""0.223152"", ""ticker_sentiment_label"": ""Somewhat-Bullish""}, {""ticker"": ""CRYPTO:XRP"", ""relevance_score"": ""0.478939"", ""ticker_sentiment_score"": ""0.447893"", ""ticker_sentiment_label"": ""Bullish""}]"
2024-06-20,"Marsh & McLennan (MMC) is well-poised for growth on the back of rising demand for services, revenue growth and margin expansion outlook.",Zacks Commentary,https://www.zacks.com/stock/news/2291056/heres-why-you-should-hold-marsh-mclennan-mmc-stock-now,0.043898,https://www.zacks.com/stock/news/2291056/heres-why-you-should-hold-marsh-mclennan-mmc-stock-now,Here's Why You Should Hold Marsh & McLennan  ( MMC )  Stock Now,Zacks Equity Research,https://staticx-tuner.zacks.com/images/articles/main/26/4059.jpg,www.zacks.com,"Financial Markets,Earnings,Mergers & Acquisitions,Finance",0.288042,Somewhat-Bullish,"[{""ticker"": ""ROOT"", ""relevance_score"": ""0.087663"", ""ticker_sentiment_score"": ""0.053517"", ""ticker_sentiment_label"": ""Neutral""}, {""ticker"": ""BRO"", ""relevance_score"": ""0.131164"", ""ticker_sentiment_score"": ""0.100161"", ""ticker_sentiment_label"": ""Neutral""}, {""ticker"": ""AMBC"", ""relevance_score"": ""0.087663"", ""ticker_sentiment_score"": ""0.053517"", ""ticker_sentiment_label"": ""Neutral""}, {""ticker"": ""CRYPTO:ADA"", ""relevance_score"": ""0.043898"", ""ticker_sentiment_score"": ""0.072403"", ""ticker_sentiment_label"": ""Neutral""}]"
2024-06-21,MicroStrategy Bought Even More Bitcoin. The Cryptocurrency Is Still Falling. ...,Barrons,https://www.barrons.com/amp/articles/bitcoin-price-microstrategy-stock-a008ce42,0.1331,https://www.barrons.com/amp/articles/bitcoin-price-microstrategy-stock-a008ce42,Bitcoin Price Drops. MicroStrategy Is Still Buying More.,Adam Clark,https://images.barrons.com/im-449255/social,www.barrons.com,"Economy - Monetary,Financial Markets,Mergers & Acquisitions,Technology,Blockchain",0.011823,Neutral,"[{""ticker"": ""MSTR"", ""relevance_score"": ""0.497391"", ""ticker_sentiment_score"": ""-0.05878"", ""ticker_sentiment_label"": ""Neutral""}, {""ticker"": ""CRYPTO:BTC"", ""relevance_score"": ""0.906257"", ""ticker_sentiment_score"": ""0.090931"", ""ticker_sentiment_label"": ""Neutral""}, {""ticker"": ""CRYPTO:ETH"", ""relevance_score"": ""0.38489"", ""ticker_sentiment_score"": ""0.234801"", ""ticker_sentiment_label"": ""Somewhat-Bullish""}, {""ticker"": ""CRYPTO:DOGE"", ""relevance_score"": ""0.1331"", ""ticker_sentiment_score"": ""-0.3112"", ""ticker_sentiment_label"": ""Somewhat-Bearish""}, {""ticker"": ""CRYPTO:ADA"", ""relevance_score"": ""0.1331"", ""ticker_sentiment_score"": ""-0.3112"", ""ticker_sentiment_label"": ""Somewhat-Bearish""}]"
2024-06-21,"ZURICH, June 21, 2024 - At the inaugural ETP Summit in Zurich last week, leading financial experts called for a paradigm shift in portfolio management, recommending a 3-5% allocation to digital assets in what they term ""Portfolio 3.0"".",GlobeNewswire,https://www.globenewswire.com/news-release/2024/06/21/2902381/0/en/ETP-Summit-Financial-Experts-Advocate-up-to-3-Digital-Asset-Allocation-in-Portfolio-3-0.html,0.045655,https://www.globenewswire.com/news-release/2024/06/21/2902381/0/en/ETP-Summit-Financial-Experts-Advocate-up-to-3-Digital-Asset-Allocation-in-Portfolio-3-0.html,"ETP Summit Financial Experts Advocate up to 3% Digital Asset Allocation in ""Portfolio 3.0""",issuance.swiss AG,https://ml-eu.globenewswire.com/Resource/Download/9a55077e-b252-4409-a07e-67c95f5e753f,www.globenewswire.com,"Blockchain,Financial Markets",0.259682,Somewhat-Bullish,"[{""ticker"": ""JBARF"", ""relevance_score"": ""0.045655"", ""ticker_sentiment_score"": ""0.028394"", ""ticker_sentiment_label"": ""Neutral""}, {""ticker"": ""SWQGF"", ""relevance_score"": ""0.091162"", ""ticker_sentiment_score"": ""0.040414"", ""ticker_sentiment_label"": ""Neutral""}, {""ticker"": ""CRYPTO:ADA"", ""relevance_score"": ""0.045655"", ""ticker_sentiment_score"": ""0.028394"", ""ticker_sentiment_label"": ""Neutral""}]"
2024-06-21,"Bitcoin has broken below the immediate support of $64,602, increasing the risk of a fall to the crucial $60,000 price level.",Cointelegraph,https://cointelegraph.com/news/price-analysis-6-21-btc-eth-bnb-sol-xrp-doge-ton-ada-shib-avax,0.104988,https://cointelegraph.com/news/price-analysis-6-21-btc-eth-bnb-sol-xrp-doge-ton-ada-shib-avax,"Price analysis 6/21: BTC, ETH, BNB, SOL, XRP, DOGE, TON, ADA, SHIB, AVAX",Rakesh Upadhyay,"https://images.cointelegraph.com/cdn-cgi/image/format=auto,onerror=redirect,quality=90,width=1200/https://s3.cointelegraph.com/uploads/2024-06/125cef46-8c42-4508-8b9d-f8f33652687b.jpg",cointelegraph.com,"Technology,Blockchain,Financial Markets",-0.01458,Neutral,"[{""ticker"": ""MSTR"", ""relevance_score"": ""0.035086"", ""ticker_sentiment_score"": ""-0.016912"", ""ticker_sentiment_label"": ""Neutral""}, {""ticker"": ""CRYPTO:BTC"", ""relevance_score"": ""0.402403"", ""ticker_sentiment_score"": ""0.261975"", ""ticker_sentiment_label"": ""Somewhat-Bullish""}, {""ticker"": ""CRYPTO:ETH"", ""relevance_score"": ""0.104988"", ""ticker_sentiment_score"": ""0.089406"", ""ticker_sentiment_label"": ""Neutral""}, {""ticker"": ""CRYPTO:SHIB"", ""relevance_score"": ""0.104988"", ""ticker_sentiment_score"": ""-0.063529"", ""ticker_sentiment_label"": ""Neutral""}, {""ticker"": ""CRYPTO:DOGE"", ""relevance_score"": ""0.104988"", ""ticker_sentiment_score"": ""-0.006852"", ""ticker_sentiment_label"": ""Neutral""}, {""ticker"": ""CRYPTO:ADA"", ""relevance_score"": ""0.104988"", ""ticker_sentiment_score"": ""0.030314"", ""ticker_sentiment_label"": ""Neutral""}]"
2024-06-24,Best Altcoins for Investors - Forbes Advisor Australia Forbes ...,Forbes,https://www.forbes.com/advisor/au/investing/cryptocurrency/top-10-altcoins-2024/,0.081368,https://www.forbes.com/advisor/au/investing/cryptocurrency/top-10-altcoins-2024/,Top Altcoins In 2024,Bethany Garner,https://thumbor.forbes.com/thumbor/fit-in/x/https://www.forbes.com/advisor/au/wp-content/uploads/2024/06/pexels-ds-stories-e1718883925200.png,www.forbes.com,"Blockchain,Financial Markets",0.093085,Neutral,"[{""ticker"": ""FOREX:USD"", ""relevance_score"": ""0.161891"", ""ticker_sentiment_score"": ""-0.006999"", ""ticker_sentiment_label"": ""Neutral""}, {""ticker"": ""CRYPTO:BTC"", ""relevance_score"": ""0.054297"", ""ticker_sentiment_score"": ""0.066942"", ""ticker_sentiment_label"": ""Neutral""}, {""ticker"": ""CRYPTO:ETH"", ""relevance_score"": ""0.188402"", ""ticker_sentiment_score"": ""0.057182"", ""ticker_sentiment_label"": ""Neutral""}, {""ticker"": ""CRYPTO:SHIB"", ""relevance_score"": ""0.135195"", ""ticker_sentiment_score"": ""0.061045"", ""ticker_sentiment_label"": ""Neutral""}, {""ticker"": ""CRYPTO:DOGE"", ""relevance_score"": ""0.135195"", ""ticker_sentiment_score"": ""0.041283"", ""ticker_sentiment_label"": ""Neutral""}, {""ticker"": ""CRYPTO:LTC"", ""relevance_score"": ""0.027164"", ""ticker_sentiment_score"": ""0.123611"", ""ticker_sentiment_label"": ""Neutral""}, {""ticker"": ""CRYPTO:ADA"", ""relevance_score"": ""0.081368"", ""ticker_sentiment_score"": ""0.049189"", ""ticker_sentiment_label"": ""Neutral""}]"
2024-06-24,"Bitcoin price descends to $60,000, but will traders buy the dip in BTC and altcoins?",Cointelegraph,https://cointelegraph.com/news/price-analysis-6-24-spx-dxy-btc-eth-bnb-sol-xrp-ton-doge-ada,0.099339,https://cointelegraph.com/news/price-analysis-6-24-spx-dxy-btc-eth-bnb-sol-xrp-ton-doge-ada,"Price analysis 6/24: SPX, DXY, BTC, ETH, BNB, SOL, XRP, TON, DOGE, ADA",Rakesh Upadhyay,"https://images.cointelegraph.com/cdn-cgi/image/format=auto,onerror=redirect,quality=90,width=1200/https://s3.cointelegraph.com/uploads/2024-06/6cfd4cb9-de22-4bea-9b34-f98abfff56e0.jpg",cointelegraph.com,"Financial Markets,Technology,Blockchain,Economy - Macro",-0.046403,Neutral,"[{""ticker"": ""MSTR"", ""relevance_score"": ""0.03319"", ""ticker_sentiment_score"": ""0.068938"", ""ticker_sentiment_label"": ""Neutral""}, {""ticker"": ""FOREX:JPY"", ""relevance_score"": ""0.03319"", ""ticker_sentiment_score"": ""0.068938"", ""ticker_sentiment_label"": ""Neutral""}, {""ticker"": ""CRYPTO:BTC"", ""relevance_score"": ""0.35283"", ""ticker_sentiment_score"": ""0.059735"", ""ticker_sentiment_label"": ""Neutral""}, {""ticker"": ""CRYPTO:DOGE"", ""relevance_score"": ""0.099339"", ""ticker_sentiment_score"": ""-0.055921"", ""ticker_sentiment_label"": ""Neutral""}, {""ticker"": ""CRYPTO:USDT"", ""relevance_score"": ""0.260768"", ""ticker_sentiment_score"": ""-0.028616"", ""ticker_sentiment_label"": ""Neutral""}, {""ticker"": ""CRYPTO:ADA"", ""relevance_score"": ""0.099339"", ""ticker_sentiment_score"": ""-0.108617"", ""ticker_sentiment_label"": ""Neutral""}, {""ticker"": ""CRYPTO:BNB"", ""relevance_score"": ""0.099339"", ""ticker_sentiment_score"": ""0.048469"", ""ticker_sentiment_label"": ""Neutral""}, {""ticker"": ""CRYPTO:XRP"", ""relevance_score"": ""0.099339"", ""ticker_sentiment_score"": ""0.022402"", ""ticker_sentiment_label"": ""Neutral""}]"
2024-06-25,"Bengaluru, India-- ( Newsfile Corp. - June 25, 2024 ) - India's first Cardano Hackathon CardanoCodex returns with a renewed vision and expanded scope for 2024. Following a highly successful debut, the Hackathon has evolved from a small competition to an expansive platform for developer engagement ...",Business Insider,https://markets.businessinsider.com/news/stocks/cardanocodex-2024-year-2-of-indias-premier-hackathon-series-1033502765,0.771727,https://markets.businessinsider.com/news/stocks/cardanocodex-2024-year-2-of-indias-premier-hackathon-series-1033502765,CardanoCodex 2024: Year 2 of India's Premier Hackathon Series,NEWSFILE,https://images.newsfilecorp.com/files/8861/214281_cardanofigure2_550.jpg,markets.businessinsider.com,"Technology,Blockchain",0.412204,Bullish,"[{""ticker"": ""GOOG"", ""relevance_score"": ""0.048036"", ""ticker_sentiment_score"": ""0.118864"", ""ticker_sentiment_label"": ""Neutral""}, {""ticker"": ""CRYPTO:ADA"", ""relevance_score"": ""0.771727"", ""ticker_sentiment_score"": ""0.5743"", ""ticker_sentiment_label"": ""Bullish""}]"
2024-06-25,"Over the past 24 hours, Cardano's ADA/USD price rose 5.16% to $0.39. This continues its positive trend over the past week where it has experienced a 5.0% gain, moving from $0.37 to its current price. As it stands right now, the coin's all-time high is $3.09.",Benzinga,https://www.benzinga.com/insights/cryptocurrency/24/06/39482827/cardano-up-more-than-5-in-24-hours,0.550532,https://www.benzinga.com/insights/cryptocurrency/24/06/39482827/cardano-up-more-than-5-in-24-hours,Cardano Up More Than 5% In 24 hours,Benzinga Insights,https://cdn.benzinga.com/files/images/story/2023/crypto_movers_image_0.png?width=1200&height=800&fit=crop,www.benzinga.com,Financial Markets,0.12445,Neutral,"[{""ticker"": ""CRYPTO:ADA"", ""relevance_score"": ""0.550532"", ""ticker_sentiment_score"": ""0.093379"", ""ticker_sentiment_label"": ""Neutral""}]"
2024-06-25,The meme token lost its luster in a cooling cryptocurrency market.,Motley Fool,https://www.fool.com/investing/2024/06/25/heres-why-shiba-inu-plunged-30-this-month/,0.05749,https://www.fool.com/investing/2024/06/25/heres-why-shiba-inu-plunged-30-this-month/,Here's Why Shiba Inu Plunged 30% This Month,Leo Sun,https://g.foolcdn.com/image/?url=https%3A%2F%2Fg.foolcdn.com%2Feditorial%2Fimages%2F781395%2Fshiba-inu-dog-doge-dogecoin.jpeg&op=resize&w=700,www.fool.com,"Economy - Monetary,Blockchain,Financial Markets",0.070513,Neutral,"[{""ticker"": ""CRYPTO:BTC"", ""relevance_score"": ""0.281584"", ""ticker_sentiment_score"": ""0.087454"", ""ticker_sentiment_label"": ""Neutral""}, {""ticker"": ""CRYPTO:ETH"", ""relevance_score"": ""0.281584"", ""ticker_sentiment_score"": ""0.107952"", ""ticker_sentiment_label"": ""Neutral""}, {""ticker"": ""CRYPTO:SHIB"", ""relevance_score"": ""0.613172"", ""ticker_sentiment_score"": ""0.094147"", ""ticker_sentiment_label"": ""Neutral""}, {""ticker"": ""CRYPTO:DOGE"", ""relevance_score"": ""0.171282"", ""ticker_sentiment_score"": ""-0.141659"", ""ticker_sentiment_label"": ""Neutral""}, {""ticker"": ""CRYPTO:ADA"", ""relevance_score"": ""0.05749"", ""ticker_sentiment_score"": ""0.094076"", ""ticker_sentiment_label"": ""Neutral""}]"
2024-06-25,Bitcoin Price Steadies After Mt. Gox Fall. This Could Get Cryptos Rising Again. ...,Barrons,https://www.barrons.com/amp/articles/bitcoin-price-ethereum-crypto-markets-today-be6d12b3,0.136888,https://www.barrons.com/amp/articles/bitcoin-price-ethereum-crypto-markets-today-be6d12b3,Bitcoin Steadies After Mt. Gox Fall. This Could Get it Rising.,Adam Clark,https://images.barrons.com/im-508967/social,www.barrons.com,"Finance,Blockchain,Financial Markets",0.021773,Neutral,"[{""ticker"": ""COIN"", ""relevance_score"": ""0.136888"", ""ticker_sentiment_score"": ""-0.359728"", ""ticker_sentiment_label"": ""Bearish""}, {""ticker"": ""CRYPTO:BTC"", ""relevance_score"": ""0.61135"", ""ticker_sentiment_score"": ""-0.180664"", ""ticker_sentiment_label"": ""Somewhat-Bearish""}, {""ticker"": ""CRYPTO:ETH"", ""relevance_score"": ""0.395012"", ""ticker_sentiment_score"": ""0.241696"", ""ticker_sentiment_label"": ""Somewhat-Bullish""}, {""ticker"": ""CRYPTO:DOGE"", ""relevance_score"": ""0.136888"", ""ticker_sentiment_score"": ""0.291443"", ""ticker_sentiment_label"": ""Somewhat-Bullish""}, {""ticker"": ""CRYPTO:ADA"", ""relevance_score"": ""0.136888"", ""ticker_sentiment_score"": ""0.291443"", ""ticker_sentiment_label"": ""Somewhat-Bullish""}]"
2024-06-25,"Popular actor and comedian Martin Lawrence emerged as one of the biggest Cardano ADA/USD influencers after social media posts of him shilling the coin went viral. What Happened: According to an X post by social analytics firm LunarCrush Monday, the ""Bad Boys"" star was the seventh-most influential ...",Benzinga,https://www.benzinga.com/markets/cryptocurrency/24/06/39472389/bad-boys-star-martin-lawrence-becomes-one-of-cardanos-top-influencers-whats-cooking,0.799626,https://www.benzinga.com/markets/cryptocurrency/24/06/39472389/bad-boys-star-martin-lawrence-becomes-one-of-cardanos-top-influencers-whats-cooking,'Bad Boys' Star Martin Lawrence Becomes One Of Cardano's Top Influencers - What's Cooking?,Aniket Verma,https://cdn.benzinga.com/files/images/story/2024/06/25/Martin-Lawrence.jpeg?width=1200&height=800&fit=crop,www.benzinga.com,Blockchain,0.145376,Neutral,"[{""ticker"": ""CRYPTO:ADA"", ""relevance_score"": ""0.799626"", ""ticker_sentiment_score"": ""0.284615"", ""ticker_sentiment_label"": ""Somewhat-Bullish""}]"
2024-06-26,A failed DDoS attack on the Cardano blockchain led developers to initiate a node upgrade to enhance security.,Cointelegraph,https://cointelegraph.com/news/cardano-developers-thwart-ddos-attack-upgrade-security,0.85773,https://cointelegraph.com/news/cardano-developers-thwart-ddos-attack-upgrade-security,Cardano node upgrade underway following mainnet DDoS attack,Arijit Sarkar,"https://images.cointelegraph.com/cdn-cgi/image/format=auto,onerror=redirect,quality=90,width=1200/https://s3.cointelegraph.com/uploads/2024-06/e3892cd4-8d8d-4d6e-9f96-08079e872c27.jpg",cointelegraph.com,Blockchain,-0.502076,Bearish,"[{""ticker"": ""CRYPTO:ADA"", ""relevance_score"": ""0.85773"", ""ticker_sentiment_score"": ""-0.761139"", ""ticker_sentiment_label"": ""Bearish""}]"
2024-06-26,Cardano ADA/USD founder Charles Hoskinson expressed confidence that the native coin of the ecosystem will flip Bitcoin BTC/USD to become the world's largest cryptocurrency in the future.,Benzinga,https://www.benzinga.com/markets/cryptocurrency/24/06/39499244/ethereum-co-founder-confident-cardano-will-flip-bitcoin-to-emerge-as-worlds-biggest-crypto,0.775204,https://www.benzinga.com/markets/cryptocurrency/24/06/39499244/ethereum-co-founder-confident-cardano-will-flip-bitcoin-to-emerge-as-worlds-biggest-crypto,Ethereum Co-Founder Confident Cardano Will Flip Bitcoin To Emerge As World's Biggest Crypto: 'There's Nothing That Can Compete With It',Aniket Verma,https://cdn.benzinga.com/files/images/story/2024/06/26/Cardano-Photo-by-Dennis-Diatel-on-Shutte.jpeg?width=1200&height=800&fit=crop,www.benzinga.com,Blockchain,0.055225,Neutral,"[{""ticker"": ""CRYPTO:BTC"", ""relevance_score"": ""0.512093"", ""ticker_sentiment_score"": ""-0.252567"", ""ticker_sentiment_label"": ""Somewhat-Bearish""}, {""ticker"": ""CRYPTO:ETH"", ""relevance_score"": ""0.271274"", ""ticker_sentiment_score"": ""0.147671"", ""ticker_sentiment_label"": ""Neutral""}, {""ticker"": ""CRYPTO:ADA"", ""relevance_score"": ""0.775204"", ""ticker_sentiment_score"": ""-0.102955"", ""ticker_sentiment_label"": ""Neutral""}]"
2024-06-26,"Celebrity memecoins have become the latest crypto trend in 2024, with a slew of celebrity endorsements.",Cointelegraph,https://cointelegraph.com/news/celebrity-memecoins-crypto-influencer,0.029802,https://cointelegraph.com/news/celebrity-memecoins-crypto-influencer,Celebrity memecoins highlight crypto's influencer problem,Prashant Jha,"https://images.cointelegraph.com/cdn-cgi/image/format=auto,onerror=redirect,quality=90,width=1200/https://s3.cointelegraph.com/uploads/2024-06/9a3f24e7-6a3b-448e-840d-d888573448e0.jpg",cointelegraph.com,"Blockchain,Financial Markets",0.118865,Neutral,"[{""ticker"": ""CRYPTO:ETH"", ""relevance_score"": ""0.029802"", ""ticker_sentiment_score"": ""0.149812"", ""ticker_sentiment_label"": ""Neutral""}, {""ticker"": ""CRYPTO:ADA"", ""relevance_score"": ""0.029802"", ""ticker_sentiment_score"": ""-0.055385"", ""ticker_sentiment_label"": ""Neutral""}]"
2024-06-26,"Ether ETF Is One Step Away From Approval As Price Of Bitcoin, Ethereum, BNB, XRP, Solana, Cardano, Shiba Inu, And ... Forbes ...",Forbes,https://www.forbes.com/sites/danrunkevicius/2024/06/26/ether-etf-is-one-step-away-from-approval-as-price-of-bitcoin-ethereum-bnb-xrp-solana-cardano-shiba-inu-and-dogecoin-turn-mixed/,0.085629,https://www.forbes.com/sites/danrunkevicius/2024/06/26/ether-etf-is-one-step-away-from-approval-as-price-of-bitcoin-ethereum-bnb-xrp-solana-cardano-shiba-inu-and-dogecoin-turn-mixed/,"Ether ETF Is One Step Away From Approval As Price Of Bitcoin, Ethereum, BNB, XRP, Solana, Cardano, Shiba Inu, And Dogecoin Turn Mixed",Dan Runkevicius,https://imageio.forbes.com/specials-images/imageserve/61fd1677c110768ad172847e/0x0.jpg?format=jpg&height=900&width=1600&fit=bounds,www.forbes.com,"Finance,Blockchain,Financial Markets",0.191187,Somewhat-Bullish,"[{""ticker"": ""MS"", ""relevance_score"": ""0.085629"", ""ticker_sentiment_score"": ""0.102126"", ""ticker_sentiment_label"": ""Neutral""}, {""ticker"": ""CRYPTO:BTC"", ""relevance_score"": ""0.481177"", ""ticker_sentiment_score"": ""0.159106"", ""ticker_sentiment_label"": ""Somewhat-Bullish""}, {""ticker"": ""CRYPTO:ETH"", ""relevance_score"": ""0.837842"", ""ticker_sentiment_score"": ""0.400339"", ""ticker_sentiment_label"": ""Bullish""}, {""ticker"": ""CRYPTO:SHIB"", ""relevance_score"": ""0.085629"", ""ticker_sentiment_score"": ""-0.136779"", ""ticker_sentiment_label"": ""Neutral""}, {""ticker"": ""CRYPTO:DOGE"", ""relevance_score"": ""0.085629"", ""ticker_sentiment_score"": ""-0.136779"", ""ticker_sentiment_label"": ""Neutral""}, {""ticker"": ""CRYPTO:ADA"", ""relevance_score"": ""0.085629"", ""ticker_sentiment_score"": ""-0.136779"", ""ticker_sentiment_label"": ""Neutral""}]"
2024-06-26,"Bitcoin is likely to extend its stay inside the range as traders buy the dips under $60,000.",Cointelegraph,https://cointelegraph.com/news/price-analysis-6-26-btc-eth-bnb-sol-xrp-doge-ton-ada-shib-avax,0.097854,https://cointelegraph.com/news/price-analysis-6-26-btc-eth-bnb-sol-xrp-doge-ton-ada-shib-avax,"Price analysis 6/26: BTC, ETH, BNB, SOL, XRP, DOGE, TON, ADA, SHIB, AVAX",Rakesh Upadhyay,"https://images.cointelegraph.com/cdn-cgi/image/format=auto,onerror=redirect,quality=90,width=1200/https://s3.cointelegraph.com/uploads/2024-06/7e935041-1501-4ff9-8cbf-6fcb247c4c9e.jpg",cointelegraph.com,"Blockchain,Financial Markets",-0.09432,Neutral,"[{""ticker"": ""CRYPTO:BTC"", ""relevance_score"": ""0.2258"", ""ticker_sentiment_score"": ""0.064257"", ""ticker_sentiment_label"": ""Neutral""}, {""ticker"": ""CRYPTO:ETH"", ""relevance_score"": ""0.097854"", ""ticker_sentiment_score"": ""-0.028978"", ""ticker_sentiment_label"": ""Neutral""}, {""ticker"": ""CRYPTO:SHIB"", ""relevance_score"": ""0.097854"", ""ticker_sentiment_score"": ""-0.040209"", ""ticker_sentiment_label"": ""Neutral""}, {""ticker"": ""CRYPTO:DOGE"", ""relevance_score"": ""0.097854"", ""ticker_sentiment_score"": ""0.035727"", ""ticker_sentiment_label"": ""Neutral""}, {""ticker"": ""CRYPTO:ADA"", ""relevance_score"": ""0.097854"", ""ticker_sentiment_score"": ""-0.079147"", ""ticker_sentiment_label"": ""Neutral""}]"
2024-06-27,Crypto researcher Trade The Flow on Thursday offered trading ideas to navigate the current sideways price action in the crypto markets. What Happened: Trade The Flow suggested that long/short pair trading could be an effective strategy in these choppy conditions and offered several trade ideas.,Benzinga,https://www.benzinga.com/markets/cryptocurrency/24/06/39534459/top-trader-is-long-bitcoin-ethereum-short-litecoin-cardano-and-thinks-shiba-inus-time-has-,0.279015,https://www.benzinga.com/markets/cryptocurrency/24/06/39534459/top-trader-is-long-bitcoin-ethereum-short-litecoin-cardano-and-thinks-shiba-inus-time-has-,"Top Trader Is Long Bitcoin, Ethereum, Short Litecoin, Cardano...And Thinks Shiba Inu's Time Has Passed",Khyathi Dalal,https://cdn.benzinga.com/files/images/story/2024/06/27/Cryptocurrencies.jpeg?width=1200&height=800&fit=crop,www.benzinga.com,Financial Markets,0.101737,Neutral,"[{""ticker"": ""CRYPTO:BTC"", ""relevance_score"": ""0.366061"", ""ticker_sentiment_score"": ""0.213893"", ""ticker_sentiment_label"": ""Somewhat-Bullish""}, {""ticker"": ""CRYPTO:ETH"", ""relevance_score"": ""0.524949"", ""ticker_sentiment_score"": ""0.12891"", ""ticker_sentiment_label"": ""Neutral""}, {""ticker"": ""CRYPTO:SHIB"", ""relevance_score"": ""0.188193"", ""ticker_sentiment_score"": ""-0.038263"", ""ticker_sentiment_label"": ""Neutral""}, {""ticker"": ""CRYPTO:LTC"", ""relevance_score"": ""0.279015"", ""ticker_sentiment_score"": ""0.148814"", ""ticker_sentiment_label"": ""Neutral""}, {""ticker"": ""CRYPTO:ADA"", ""relevance_score"": ""0.279015"", ""ticker_sentiment_score"": ""0.148814"", ""ticker_sentiment_label"": ""Neutral""}]"
2024-06-28,"CryptoHeap, a prominent player in the , has published an insightful advisory titled ""What is Crypto Staking, and How Does it Work with a Service Provider?"" This guide aims to demystify the concept of crypto staking, elucidate its workings, and demonstrate how service providers can enhance the ...",Business Insider,https://markets.businessinsider.com/news/stocks/cryptoheap-releases-in-depth-advisory-on-crypto-staking-with-service-providers-1033516643,0.050465,https://markets.businessinsider.com/news/stocks/cryptoheap-releases-in-depth-advisory-on-crypto-staking-with-service-providers-1033516643,CryptoHeap Releases In-Depth Advisory on Crypto Staking with Service Providers,markets.businessinsider.com,https://blockchainwire.s3.amazonaws.com/NcryptbitTechnologies/editor_image/d9293152-8e16-44a0-a1f8-78b416c65e3c.jpg,markets.businessinsider.com,"Earnings,Blockchain",0.456027,Bullish,"[{""ticker"": ""CRYPTO:BTC"", ""relevance_score"": ""0.050465"", ""ticker_sentiment_score"": ""0.107322"", ""ticker_sentiment_label"": ""Neutral""}, {""ticker"": ""CRYPTO:ETH"", ""relevance_score"": ""0.100729"", ""ticker_sentiment_score"": ""0.171018"", ""ticker_sentiment_label"": ""Somewhat-Bullish""}, {""ticker"": ""CRYPTO:ADA"", ""relevance_score"": ""0.050465"", ""ticker_sentiment_score"": ""0.182314"", ""ticker_sentiment_label"": ""Somewhat-Bullish""}]"
2024-06-28,"Altcoins see another week of rocky trading, while traders are viewing Bitcoin price dips as a buying opportunity, as seen from the fresh inflows into the spot Bitcoin ETFs.",Cointelegraph,https://cointelegraph.com/news/price-analysis-6-28-btc-eth-bnb-sol-xrp-doge-ton-ada-avax-shib,0.100729,https://cointelegraph.com/news/price-analysis-6-28-btc-eth-bnb-sol-xrp-doge-ton-ada-avax-shib,"Price analysis 6/28: BTC, ETH, BNB, SOL, XRP, DOGE, TON, ADA, AVAX, SHIB",Rakesh Upadhyay,"https://images.cointelegraph.com/cdn-cgi/image/format=auto,onerror=redirect,quality=90,width=1200/https://s3.cointelegraph.com/uploads/2024-06/efba58ad-374d-4c10-937b-3ec22b1c26e7.jpg",cointelegraph.com,"Blockchain,Financial Markets",-0.048574,Neutral,"[{""ticker"": ""CRYPTO:BTC"", ""relevance_score"": ""0.23228"", ""ticker_sentiment_score"": ""0.141961"", ""ticker_sentiment_label"": ""Neutral""}, {""ticker"": ""CRYPTO:ETH"", ""relevance_score"": ""0.134027"", ""ticker_sentiment_score"": ""0.146886"", ""ticker_sentiment_label"": ""Neutral""}, {""ticker"": ""CRYPTO:SHIB"", ""relevance_score"": ""0.100729"", ""ticker_sentiment_score"": ""-0.084956"", ""ticker_sentiment_label"": ""Neutral""}, {""ticker"": ""CRYPTO:DOGE"", ""relevance_score"": ""0.100729"", ""ticker_sentiment_score"": ""-0.068409"", ""ticker_sentiment_label"": ""Neutral""}, {""ticker"": ""CRYPTO:ADA"", ""relevance_score"": ""0.100729"", ""ticker_sentiment_score"": ""0.075668"", ""ticker_sentiment_label"": ""Neutral""}]"
2024-06-28,The world's top digital asset has soared in the past year and a half.,Motley Fool,https://www.fool.com/investing/2024/06/28/warning-dont-buy-bitcoin-before-knowing-these-5-ri/,0.0699,https://www.fool.com/investing/2024/06/28/warning-dont-buy-bitcoin-before-knowing-these-5-ri/,Warning: Don't Buy Bitcoin Before Knowing These 5 Risks,Neil Patel,https://g.foolcdn.com/editorial/images/781866/gold-coin-with-bitcoin-symbol-on-it-cryptocurrency-btc-1201x795-11e462d.jpg,www.fool.com,"Economy - Monetary,Blockchain,Financial Markets",0.033974,Neutral,"[{""ticker"": ""V"", ""relevance_score"": ""0.0699"", ""ticker_sentiment_score"": ""0.0"", ""ticker_sentiment_label"": ""Neutral""}, {""ticker"": ""CRYPTO:BTC"", ""relevance_score"": ""0.665411"", ""ticker_sentiment_score"": ""0.10147"", ""ticker_sentiment_label"": ""Neutral""}, {""ticker"": ""CRYPTO:ETH"", ""relevance_score"": ""0.0699"", ""ticker_sentiment_score"": ""0.268004"", ""ticker_sentiment_label"": ""Somewhat-Bullish""}, {""ticker"": ""CRYPTO:ADA"", ""relevance_score"": ""0.0699"", ""ticker_sentiment_score"": ""0.268004"", ""ticker_sentiment_label"": ""Somewhat-Bullish""}]"
2024-06-28,DeFi Technologies' Subsidiary Valour Inc. Debuts World's First CORE ETP and Expands World's First Hedera ETP to ... Canada ...,Canada Newswire,https://www.newswire.ca/news-releases/defi-technologies-subsidiary-valour-inc-debuts-world-s-first-core-etp-and-expands-world-s-first-hedera-etp-to-spotlight-stock-market-887379198.html,0.026357,https://www.newswire.ca/news-releases/defi-technologies-subsidiary-valour-inc-debuts-world-s-first-core-etp-and-expands-world-s-first-hedera-etp-to-spotlight-stock-market-887379198.html,DeFi Technologies' Subsidiary Valour Inc. Debuts World's First CORE ETP and Expands World's First Hedera ETP to Spotlight Stock Market,DeFi Technologies Inc.,https://mma.prnewswire.com/media/2450791/DeFi_Technologies_Inc__DeFi_Technologies__Subsidiary_Valour_Inc_.jpg?p=facebook,www.newswire.ca,"Economy - Fiscal,Blockchain,Financial Markets",0.331115,Somewhat-Bullish,"[{""ticker"": ""CRYPTO:BTC"", ""relevance_score"": ""0.157141"", ""ticker_sentiment_score"": ""0.153171"", ""ticker_sentiment_label"": ""Somewhat-Bullish""}, {""ticker"": ""CRYPTO:ETH"", ""relevance_score"": ""0.052685"", ""ticker_sentiment_score"": ""0.05796"", ""ticker_sentiment_label"": ""Neutral""}, {""ticker"": ""CRYPTO:LINK"", ""relevance_score"": ""0.026357"", ""ticker_sentiment_score"": ""0.053873"", ""ticker_sentiment_label"": ""Neutral""}, {""ticker"": ""CRYPTO:UNI"", ""relevance_score"": ""0.026357"", ""ticker_sentiment_score"": ""0.053873"", ""ticker_sentiment_label"": ""Neutral""}, {""ticker"": ""CRYPTO:ADA"", ""relevance_score"": ""0.026357"", ""ticker_sentiment_score"": ""0.053873"", ""ticker_sentiment_label"": ""Neutral""}]"
2024-06-28,DeFi Technologies' subsidiary Valour Inc. introduces the world's first CORE ETP and expands the first Hedera (HBAR) ETP to the Spotlight Stock Market.,GlobeNewswire,https://www.globenewswire.com/news-release/2024/06/28/2905790/0/en/DeFi-Technologies-Subsidiary-Valour-Inc-Debuts-World-s-First-CORE-ETP-and-Expands-World-s-First-Hedera-ETP-to-Spotlight-Stock-Market.html,0.026474,https://www.globenewswire.com/news-release/2024/06/28/2905790/0/en/DeFi-Technologies-Subsidiary-Valour-Inc-Debuts-World-s-First-CORE-ETP-and-Expands-World-s-First-Hedera-ETP-to-Spotlight-Stock-Market.html,DeFi Technologies' Subsidiary Valour Inc. Debuts World's First CORE ETP and Expands World's First Hedera ETP to Spotlight Stock Market,DeFi Technologies Inc.,https://ml.globenewswire.com/Resource/Download/518c3a4f-bd85-457a-a197-1f330493c6d7,www.globenewswire.com,"Economy - Fiscal,Blockchain,Financial Markets",0.326857,Somewhat-Bullish,"[{""ticker"": ""CRYPTO:BTC"", ""relevance_score"": ""0.183696"", ""ticker_sentiment_score"": ""0.197314"", ""ticker_sentiment_label"": ""Somewhat-Bullish""}, {""ticker"": ""CRYPTO:ETH"", ""relevance_score"": ""0.052918"", ""ticker_sentiment_score"": ""0.057966"", ""ticker_sentiment_label"": ""Neutral""}, {""ticker"": ""CRYPTO:LINK"", ""relevance_score"": ""0.026474"", ""ticker_sentiment_score"": ""0.053906"", ""ticker_sentiment_label"": ""Neutral""}, {""ticker"": ""CRYPTO:UNI"", ""relevance_score"": ""0.026474"", ""ticker_sentiment_score"": ""0.053906"", ""ticker_sentiment_label"": ""Neutral""}, {""ticker"": ""CRYPTO:ADA"", ""relevance_score"": ""0.026474"", ""ticker_sentiment_score"": ""0.053906"", ""ticker_sentiment_label"": ""Neutral""}]"
2024-06-28,Ethereum could outperform Bitcoin in the second half of 2024. Here's why.,Motley Fool,https://www.fool.com/investing/2024/06/28/4-reasons-to-buy-ethereum-while-its-under-4000/,0.166169,https://www.fool.com/investing/2024/06/28/4-reasons-to-buy-ethereum-while-its-under-4000/,"4 Reasons to Buy Ethereum While It's Under $4,000",Dominic Basulto,https://g.foolcdn.com/image/?url=https%3A%2F%2Fg.foolcdn.com%2Feditorial%2Fimages%2F781758%2Fwoman-using-ethereum.jpg&op=resize&w=700,www.fool.com,"Blockchain,Financial Markets",0.176203,Somewhat-Bullish,"[{""ticker"": ""CRYPTO:BTC"", ""relevance_score"": ""0.424139"", ""ticker_sentiment_score"": ""0.10807"", ""ticker_sentiment_label"": ""Neutral""}, {""ticker"": ""CRYPTO:ETH"", ""relevance_score"": ""0.940989"", ""ticker_sentiment_score"": ""0.312563"", ""ticker_sentiment_label"": ""Somewhat-Bullish""}, {""ticker"": ""CRYPTO:ADA"", ""relevance_score"": ""0.166169"", ""ticker_sentiment_score"": ""0.121544"", ""ticker_sentiment_label"": ""Neutral""}]"
2024-06-29,"Bitcoin is still struggling, but ETF narratives are building investor enthusiasm around Solana. Also, Blast debuts and BODEN tanks.",Decrypt.co,https://decrypt.co/237634/this-week-in-coins-bitcoin-cools-solana-soars-boden-tanks,0.160099,https://decrypt.co/237634/this-week-in-coins-bitcoin-cools-solana-soars-boden-tanks,"This Week In Coins: Bitcoin Price Cools, Solana Soars on ETFs, and BODEN Tanks Amid Debate",Andrew Throuvalas,https://img.decrypt.co/insecure/rs:fit:3840:0:0:0/plain/https://cdn.decrypt.co/wp-content/uploads/2021/11/Coins6.2%402x.png@webp,decrypt.co,"Real Estate & Construction,Blockchain,Financial Markets",0.274956,Somewhat-Bullish,"[{""ticker"": ""MARA"", ""relevance_score"": ""0.080458"", ""ticker_sentiment_score"": ""0.137121"", ""ticker_sentiment_label"": ""Neutral""}, {""ticker"": ""ASCCF"", ""relevance_score"": ""0.080458"", ""ticker_sentiment_score"": ""0.137121"", ""ticker_sentiment_label"": ""Neutral""}, {""ticker"": ""CRYPTO:BTC"", ""relevance_score"": ""0.313817"", ""ticker_sentiment_score"": ""0.434133"", ""ticker_sentiment_label"": ""Bullish""}, {""ticker"": ""CRYPTO:ETH"", ""relevance_score"": ""0.313817"", ""ticker_sentiment_score"": ""0.255406"", ""ticker_sentiment_label"": ""Somewhat-Bullish""}, {""ticker"": ""CRYPTO:DOGE"", ""relevance_score"": ""0.080458"", ""ticker_sentiment_score"": ""0.079132"", ""ticker_sentiment_label"": ""Neutral""}, {""ticker"": ""CRYPTO:ADA"", ""relevance_score"": ""0.160099"", ""ticker_sentiment_score"": ""0.28678"", ""ticker_sentiment_label"": ""Somewhat-Bullish""}]"
2024-06-29,Which of these doge-based coins is a better buy right now?,Motley Fool,https://www.fool.com/investing/2024/06/29/better-meme-coin-shiba-inu-vs-dogecoin/,0.05387,https://www.fool.com/investing/2024/06/29/better-meme-coin-shiba-inu-vs-dogecoin/,Better Meme Coin: Shiba Inu vs. Dogecoin,Leo Sun,https://g.foolcdn.com/image/?url=https%3A%2F%2Fg.foolcdn.com%2Feditorial%2Fimages%2F781903%2Fshiba-inu-dog-doge-dogecoin.jpeg&op=resize&w=700,www.fool.com,"Finance,Blockchain,Financial Markets",0.253901,Somewhat-Bullish,"[{""ticker"": ""COIN"", ""relevance_score"": ""0.107495"", ""ticker_sentiment_score"": ""0.035702"", ""ticker_sentiment_label"": ""Neutral""}, {""ticker"": ""CRYPTO:BTC"", ""relevance_score"": ""0.363768"", ""ticker_sentiment_score"": ""0.343956"", ""ticker_sentiment_label"": ""Somewhat-Bullish""}, {""ticker"": ""CRYPTO:ETH"", ""relevance_score"": ""0.264515"", ""ticker_sentiment_score"": ""0.24584"", ""ticker_sentiment_label"": ""Somewhat-Bullish""}, {""ticker"": ""CRYPTO:SHIB"", ""relevance_score"": ""0.800782"", ""ticker_sentiment_score"": ""0.420215"", ""ticker_sentiment_label"": ""Bullish""}, {""ticker"": ""CRYPTO:DOGE"", ""relevance_score"": ""0.823417"", ""ticker_sentiment_score"": ""0.281348"", ""ticker_sentiment_label"": ""Somewhat-Bullish""}, {""ticker"": ""CRYPTO:LTC"", ""relevance_score"": ""0.05387"", ""ticker_sentiment_score"": ""0.115735"", ""ticker_sentiment_label"": ""Neutral""}, {""ticker"": ""CRYPTO:ADA"", ""relevance_score"": ""0.05387"", ""ticker_sentiment_score"": ""0.149053"", ""ticker_sentiment_label"": ""Neutral""}]"
2024-06-29,"CoinChapter, a leading cryptocurrency analysis platform, has released its latest video on its official YouTube channel. The video comprehensively analyzes the top altcoins to watch in June 2024.",Business Insider,https://markets.businessinsider.com/news/stocks/coinchapter-presents-exclusive-altcoin-market-analysis-for-june-2024-1033516978,0.366061,https://markets.businessinsider.com/news/stocks/coinchapter-presents-exclusive-altcoin-market-analysis-for-june-2024-1033516978,CoinChapter Presents Exclusive Altcoin Market Analysis For June 2024,PRESS RELEASE ACCESSWIRE,https://www.accesswire.com/imagelibrary/6b29da02-17ba-4d8f-9517-2ae1bc9f2084/883503/1719662419667ff7535e3571719662419667ff7535e359.png,markets.businessinsider.com,"Technology,Blockchain",0.384914,Bullish,"[{""ticker"": ""GOOG"", ""relevance_score"": ""0.366061"", ""ticker_sentiment_score"": ""0.196206"", ""ticker_sentiment_label"": ""Somewhat-Bullish""}, {""ticker"": ""CRYPTO:ETH"", ""relevance_score"": ""0.366061"", ""ticker_sentiment_score"": ""0.205947"", ""ticker_sentiment_label"": ""Somewhat-Bullish""}, {""ticker"": ""CRYPTO:DOGE"", ""relevance_score"": ""0.366061"", ""ticker_sentiment_score"": ""0.205947"", ""ticker_sentiment_label"": ""Somewhat-Bullish""}, {""ticker"": ""CRYPTO:ADA"", ""relevance_score"": ""0.366061"", ""ticker_sentiment_score"": ""0.205947"", ""ticker_sentiment_label"": ""Somewhat-Bullish""}, {""ticker"": ""CRYPTO:BNB"", ""relevance_score"": ""0.366061"", ""ticker_sentiment_score"": ""0.205947"", ""ticker_sentiment_label"": ""Somewhat-Bullish""}, {""ticker"": ""CRYPTO:XRP"", ""relevance_score"": ""0.188193"", ""ticker_sentiment_score"": ""0.122563"", ""ticker_sentiment_label"": ""Neutral""}]"
2024-06-30,Investors in this token have registered huge gains in 2024.,Motley Fool,https://www.fool.com/investing/2024/06/30/you-buy-shiba-inu-while-its-less-than-a-penny/,0.069495,https://www.fool.com/investing/2024/06/30/you-buy-shiba-inu-while-its-less-than-a-penny/,Should You Buy Shiba Inu While It's Less Than a Penny?,Neil Patel,https://g.foolcdn.com/editorial/images/781983/shiba-inu.jpg,www.fool.com,"Blockchain,Financial Markets",0.298861,Somewhat-Bullish,"[{""ticker"": ""CRYPTO:BTC"", ""relevance_score"": ""0.069495"", ""ticker_sentiment_score"": ""0.147711"", ""ticker_sentiment_label"": ""Neutral""}, {""ticker"": ""CRYPTO:ETH"", ""relevance_score"": ""0.206392"", ""ticker_sentiment_score"": ""0.307743"", ""ticker_sentiment_label"": ""Somewhat-Bullish""}, {""ticker"": ""CRYPTO:SHIB"", ""relevance_score"": ""0.777888"", ""ticker_sentiment_score"": ""0.434779"", ""ticker_sentiment_label"": ""Bullish""}, {""ticker"": ""CRYPTO:DOGE"", ""relevance_score"": ""0.069495"", ""ticker_sentiment_score"": ""0.256757"", ""ticker_sentiment_label"": ""Somewhat-Bullish""}, {""ticker"": ""CRYPTO:ADA"", ""relevance_score"": ""0.069495"", ""ticker_sentiment_score"": ""0.312463"", ""ticker_sentiment_label"": ""Somewhat-Bullish""}]"
2024-07-01,"Charles Hoskinson, co-founder of Cardano, raises concerns over AI censorship and the selective training of AI systems at the hands of the big tech companies developing the models.",Cointelegraph,https://cointelegraph.com/news/charles-hoskinson-ai-censorship-selective-training,0.212115,https://cointelegraph.com/news/charles-hoskinson-ai-censorship-selective-training,Charles Hoskinson questions AI's censorship and selective training,Savannah Fortis,"https://images.cointelegraph.com/cdn-cgi/image/format=auto,onerror=redirect,quality=90,width=1200/https://s3.cointelegraph.com/uploads/2024-07/76fb141e-d0dd-422c-98ff-90a7de53779d.jpg",cointelegraph.com,"Technology,Blockchain",-0.040635,Neutral,"[{""ticker"": ""MSFT"", ""relevance_score"": ""0.107016"", ""ticker_sentiment_score"": ""0.039982"", ""ticker_sentiment_label"": ""Neutral""}, {""ticker"": ""GOOG"", ""relevance_score"": ""0.313484"", ""ticker_sentiment_score"": ""-0.018249"", ""ticker_sentiment_label"": ""Neutral""}, {""ticker"": ""CRYPTO:ADA"", ""relevance_score"": ""0.212115"", ""ticker_sentiment_score"": ""0.077662"", ""ticker_sentiment_label"": ""Neutral""}]"
2024-07-01,"Over the past 24 hours, Cardano's ADA/USD price rose 3.99% to $0.40. This continues its positive trend over the past week where it has experienced a 6.0% gain, moving from $0.38 to its current price. As it stands right now, the coin's all-time high is $3.09.",Benzinga,https://www.benzinga.com/insights/cryptocurrency/24/07/39577495/cardano-rises-more-than-3-in-24-hours,0.546745,https://www.benzinga.com/insights/cryptocurrency/24/07/39577495/cardano-rises-more-than-3-in-24-hours,Cardano Rises More Than 3% In 24 hours,Benzinga Insights,https://cdn.benzinga.com/files/images/story/2023/crypto_movers_image_0.png?width=1200&height=800&fit=crop,www.benzinga.com,Financial Markets,0.094667,Neutral,"[{""ticker"": ""CRYPTO:ADA"", ""relevance_score"": ""0.546745"", ""ticker_sentiment_score"": ""0.033489"", ""ticker_sentiment_label"": ""Neutral""}]"
2024-07-01,"Bitcoin and the wider crypto market have historically rallied in July, but traders are worried that the Mt. Gox repayments could impact the strength of this trend.",Cointelegraph,https://cointelegraph.com/news/price-analysis-7-1-spx-dxy-btc-eth-bnb-sol-xrp-ton-doge-ada,0.103183,https://cointelegraph.com/news/price-analysis-7-1-spx-dxy-btc-eth-bnb-sol-xrp-ton-doge-ada,"Price analysis 7/1: SPX, DXY, BTC, ETH, BNB, SOL, XRP, TON, DOGE, ADA",Rakesh Upadhyay,"https://images.cointelegraph.com/cdn-cgi/image/format=auto,onerror=redirect,quality=90,width=1200/https://s3.cointelegraph.com/uploads/2024-07/b97d033c-5f62-4557-aaba-ef5c9a372e80.jpg",cointelegraph.com,"Blockchain,Economy - Macro,Financial Markets",-0.016966,Neutral,"[{""ticker"": ""CRYPTO:BTC"", ""relevance_score"": ""0.204647"", ""ticker_sentiment_score"": ""-0.052641"", ""ticker_sentiment_label"": ""Neutral""}, {""ticker"": ""CRYPTO:BNB"", ""relevance_score"": ""0.103183"", ""ticker_sentiment_score"": ""-0.028977"", ""ticker_sentiment_label"": ""Neutral""}, {""ticker"": ""CRYPTO:XRP"", ""relevance_score"": ""0.103183"", ""ticker_sentiment_score"": ""-0.030944"", ""ticker_sentiment_label"": ""Neutral""}, {""ticker"": ""CRYPTO:ETH"", ""relevance_score"": ""0.103183"", ""ticker_sentiment_score"": ""0.126336"", ""ticker_sentiment_label"": ""Neutral""}, {""ticker"": ""CRYPTO:DOGE"", ""relevance_score"": ""0.103183"", ""ticker_sentiment_score"": ""-0.01868"", ""ticker_sentiment_label"": ""Neutral""}, {""ticker"": ""CRYPTO:USDT"", ""relevance_score"": ""0.270523"", ""ticker_sentiment_score"": ""0.074294"", ""ticker_sentiment_label"": ""Neutral""}, {""ticker"": ""CRYPTO:ADA"", ""relevance_score"": ""0.103183"", ""ticker_sentiment_score"": ""-0.079217"", ""ticker_sentiment_label"": ""Neutral""}]"
2024-07-02,"Dog-themed meme token Bonk BONK/USD pipped heavyweights to emerge as the cryptocurrency market's biggest gainer Monday. What Happened: The Solana SOL/USD-based coin accumulated gains of more than 13% in the last 24 hours, outperforming not just the established memecoins, but blue-chip currencies ...",Benzinga,https://www.benzinga.com/markets/cryptocurrency/24/07/39588096/solanas-answer-to-dogecoin-outpeforms-broader-market-with-a-13-spike-whats-up-with-bonk,0.28387,https://www.benzinga.com/markets/cryptocurrency/24/07/39588096/solanas-answer-to-dogecoin-outpeforms-broader-market-with-a-13-spike-whats-up-with-bonk,Solana's Answer To Dogecoin Outpeforms Broader Market With A 13% Spike: What's Up With Bonk?,Aniket Verma,https://cdn.benzinga.com/files/images/story/2024/07/01/Solanas-BONK.jpeg?width=1200&height=800&fit=crop,www.benzinga.com,"Blockchain,Financial Markets",0.256206,Somewhat-Bullish,"[{""ticker"": ""CRYPTO:BTC"", ""relevance_score"": ""0.28387"", ""ticker_sentiment_score"": ""0.340205"", ""ticker_sentiment_label"": ""Somewhat-Bullish""}, {""ticker"": ""CRYPTO:ETH"", ""relevance_score"": ""0.28387"", ""ticker_sentiment_score"": ""0.340205"", ""ticker_sentiment_label"": ""Somewhat-Bullish""}, {""ticker"": ""CRYPTO:SHIB"", ""relevance_score"": ""0.28387"", ""ticker_sentiment_score"": ""0.0"", ""ticker_sentiment_label"": ""Neutral""}, {""ticker"": ""CRYPTO:SOL"", ""relevance_score"": ""0.144275"", ""ticker_sentiment_score"": ""0.211421"", ""ticker_sentiment_label"": ""Somewhat-Bullish""}, {""ticker"": ""CRYPTO:ADA"", ""relevance_score"": ""0.28387"", ""ticker_sentiment_score"": ""0.0"", ""ticker_sentiment_label"": ""Neutral""}]"
2024-07-02,The Cardano Foundation and CCRI release MiCA-compliant sustainability indicators in an effort to position Cardano ahead of the regulatory curve with a focus on energy efficiency and transparency.,Cointelegraph,https://cointelegraph.com/news/cardano-mica-compliance-sustainability-indicators,0.82515,https://cointelegraph.com/news/cardano-mica-compliance-sustainability-indicators,Cardano updates MiCA compliance indicators 6 months ahead of the curve,Savannah Fortis,"https://images.cointelegraph.com/cdn-cgi/image/format=auto,onerror=redirect,quality=90,width=1200/https://s3.cointelegraph.com/uploads/2024-07/94e65aec-2033-4a37-8053-5798032e0324.jpg",cointelegraph.com,"Blockchain,Financial Markets",0.152129,Somewhat-Bullish,"[{""ticker"": ""CRYPTO:ADA"", ""relevance_score"": ""0.82515"", ""ticker_sentiment_score"": ""0.275582"", ""ticker_sentiment_label"": ""Somewhat-Bullish""}]"
2024-07-02,"Cardano's ADA/USD price has increased 3.39% over the past 24 hours to $0.41. Over the past week, ADA has experienced an uptick of over 5.0%, moving from $0.39 to its current price. As it stands right now, the coin's all-time high is $3.09.",Benzinga,https://www.benzinga.com/insights/cryptocurrency/24/07/39598441/cardano-rises-more-than-3-in-24-hours,0.690822,https://www.benzinga.com/insights/cryptocurrency/24/07/39598441/cardano-rises-more-than-3-in-24-hours,Cardano Rises More Than 3% In 24 hours,Benzinga Insights,https://cdn.benzinga.com/files/images/story/2023/crypto_movers_image_0.png?width=1200&height=800&fit=crop,www.benzinga.com,Financial Markets,0.09875,Neutral,"[{""ticker"": ""CRYPTO:ADA"", ""relevance_score"": ""0.690822"", ""ticker_sentiment_score"": ""0.048822"", ""ticker_sentiment_label"": ""Neutral""}]"
2024-07-03,"Bitcoin was falling and other cryptocurrencies were mixed early Wednesday. The largest crypto was down 3% over the past 24 hours to $60,920. Bitcoin hit a record high near $74,000 in mid-March amid a surge of interest from new spot exchange-traded funds but its price has dropped since then.",Barrons,https://www.barrons.com/amp/articles/bitcoin-ether-crypto-5e13a9a3,0.155451,https://www.barrons.com/amp/articles/bitcoin-ether-crypto-5e13a9a3,Crypto Pain for Bitcoin and Ether as Strong Dollar and Markets Take Toll,Adam Clark,https://images.barrons.com/im-574517/social,www.barrons.com,"Blockchain,Financial Markets",0.021397,Neutral,"[{""ticker"": ""CRYPTO:BTC"", ""relevance_score"": ""0.673107"", ""ticker_sentiment_score"": ""0.033665"", ""ticker_sentiment_label"": ""Neutral""}, {""ticker"": ""CRYPTO:ETH"", ""relevance_score"": ""0.443626"", ""ticker_sentiment_score"": ""0.023655"", ""ticker_sentiment_label"": ""Neutral""}, {""ticker"": ""CRYPTO:DOGE"", ""relevance_score"": ""0.155451"", ""ticker_sentiment_score"": ""0.010726"", ""ticker_sentiment_label"": ""Neutral""}, {""ticker"": ""CRYPTO:ADA"", ""relevance_score"": ""0.155451"", ""ticker_sentiment_score"": ""0.010726"", ""ticker_sentiment_label"": ""Neutral""}]"
2024-07-03,"TOKYO, July 3, 2024 /PRNewswire/ -- BLOCKSMITH & Co. ( Head office: Minato-ku, Tokyo; President and CEO: Tetsuya Sanada ) will hold the ""web3 Quiz Championship,"" which will give away 70 thousand USD worth of prizes, on its quiz app ""QAQA,"" currently in beta version.",Benzinga,https://www.benzinga.com/pressreleases/24/07/n39616707/web3-quiz-championship-with-total-prize-over-70k-usd,0.085936,https://www.benzinga.com/pressreleases/24/07/n39616707/web3-quiz-championship-with-total-prize-over-70k-usd,web3 Quiz Championship - with total prize over 70k USD※,PRNewswire,https://www.benzinga.com/next-assets/images/schema-image-default.png,www.benzinga.com,Blockchain,0.419999,Bullish,"[{""ticker"": ""FOREX:JPY"", ""relevance_score"": ""0.253866"", ""ticker_sentiment_score"": ""0.619818"", ""ticker_sentiment_label"": ""Bullish""}, {""ticker"": ""CRYPTO:ETH"", ""relevance_score"": ""0.170878"", ""ticker_sentiment_score"": ""0.59348"", ""ticker_sentiment_label"": ""Bullish""}, {""ticker"": ""CRYPTO:ADA"", ""relevance_score"": ""0.085936"", ""ticker_sentiment_score"": ""0.0"", ""ticker_sentiment_label"": ""Neutral""}]"
2024-07-04,"Bitcoin Price Drops Below $60,000. The Crypto Could Fall This Low. ...",Barrons,https://www.barrons.com/amp/articles/bitcoin-price-ether-crypto-today-2db0cc36,0.133841,https://www.barrons.com/amp/articles/bitcoin-price-ether-crypto-today-2db0cc36,"Bitcoin Drops Below $60,000. The Crypto Could Fall This Low.",Adam Clark,https://images.barrons.com/im-449255/social,www.barrons.com,"Blockchain,Financial Markets",0.043773,Neutral,"[{""ticker"": ""CRYPTO:BTC"", ""relevance_score"": ""0.386875"", ""ticker_sentiment_score"": ""0.049264"", ""ticker_sentiment_label"": ""Neutral""}, {""ticker"": ""CRYPTO:ETH"", ""relevance_score"": ""0.386875"", ""ticker_sentiment_score"": ""0.030273"", ""ticker_sentiment_label"": ""Neutral""}, {""ticker"": ""CRYPTO:DOGE"", ""relevance_score"": ""0.133841"", ""ticker_sentiment_score"": ""0.013881"", ""ticker_sentiment_label"": ""Neutral""}, {""ticker"": ""CRYPTO:ADA"", ""relevance_score"": ""0.133841"", ""ticker_sentiment_score"": ""0.013881"", ""ticker_sentiment_label"": ""Neutral""}]"
2024-07-05,"The strong bounce in Bitcoin and select altcoins shows solid demand at lower levels, suggesting traders are buying the current dip.",Cointelegraph,https://cointelegraph.com/news/price-analysis-7-5-btc-eth-bnb-sol-xrp-doge-ton-ada-avax-shib,0.067441,https://cointelegraph.com/news/price-analysis-7-5-btc-eth-bnb-sol-xrp-doge-ton-ada-avax-shib,"Price analysis 7/5: BTC, ETH, BNB, SOL, XRP, DOGE, TON, ADA, AVAX, SHIB",Rakesh Upadhyay,"https://images.cointelegraph.com/cdn-cgi/image/format=auto,onerror=redirect,quality=90,width=1200/https://s3.cointelegraph.com/uploads/2024-07/95cc65c3-6337-458b-96a4-f95c9c0ce7d2.jpg",cointelegraph.com,Blockchain,-0.026891,Neutral,"[{""ticker"": ""CRYPTO:BTC"", ""relevance_score"": ""0.200411"", ""ticker_sentiment_score"": ""-0.073559"", ""ticker_sentiment_label"": ""Neutral""}, {""ticker"": ""CRYPTO:AVAX"", ""relevance_score"": ""0.067441"", ""ticker_sentiment_score"": ""-0.116363"", ""ticker_sentiment_label"": ""Neutral""}, {""ticker"": ""CRYPTO:BNB"", ""relevance_score"": ""0.101012"", ""ticker_sentiment_score"": ""-0.046179"", ""ticker_sentiment_label"": ""Neutral""}, {""ticker"": ""CRYPTO:XRP"", ""relevance_score"": ""0.101012"", ""ticker_sentiment_score"": ""0.126966"", ""ticker_sentiment_label"": ""Neutral""}, {""ticker"": ""CRYPTO:ETH"", ""relevance_score"": ""0.101012"", ""ticker_sentiment_score"": ""-0.04231"", ""ticker_sentiment_label"": ""Neutral""}, {""ticker"": ""CRYPTO:SHIB"", ""relevance_score"": ""0.067441"", ""ticker_sentiment_score"": ""0.138772"", ""ticker_sentiment_label"": ""Neutral""}, {""ticker"": ""CRYPTO:DOGE"", ""relevance_score"": ""0.101012"", ""ticker_sentiment_score"": ""0.197948"", ""ticker_sentiment_label"": ""Somewhat-Bullish""}, {""ticker"": ""CRYPTO:USDT"", ""relevance_score"": ""0.265017"", ""ticker_sentiment_score"": ""-0.036745"", ""ticker_sentiment_label"": ""Neutral""}, {""ticker"": ""CRYPTO:ADA"", ""relevance_score"": ""0.067441"", ""ticker_sentiment_score"": ""-0.07115"", ""ticker_sentiment_label"": ""Neutral""}]"
2024-07-05,"New EU regulations mandate crypto exchanges to comply with Travel Rule Guidelines, enhancing AML/CFT measures starting Dec. 30.",Cointelegraph,https://cointelegraph.com/news/eu-travel-rule-crypto-exchanges-compliance-2024,0.412861,https://cointelegraph.com/news/eu-travel-rule-crypto-exchanges-compliance-2024,Crypto exchanges subject to EU Travel Rule in 6 months,Arijit Sarkar,"https://images.cointelegraph.com/cdn-cgi/image/format=auto,onerror=redirect,quality=90,width=1200/https://s3.cointelegraph.com/uploads/2024-07/d348f948-2952-4d7a-84f1-71f5ee7cf8c8.jpg",cointelegraph.com,Blockchain,0.084827,Neutral,"[{""ticker"": ""CRYPTO:ADA"", ""relevance_score"": ""0.412861"", ""ticker_sentiment_score"": ""0.120079"", ""ticker_sentiment_label"": ""Neutral""}]"
2024-07-05,"Bitcoin Price Crashes Below $55,000. Why the Crypto Can Plunge Further. ...",Barrons,https://www.barrons.com/amp/articles/bitcoin-price-ether-crypto-today-9d68e7f2,0.108466,https://www.barrons.com/amp/articles/bitcoin-price-ether-crypto-today-9d68e7f2,"Bitcoin Tumbles. Why It Can Dive Further Below $56,000.",Adam Clark,https://images.barrons.com/im-692690/social,www.barrons.com,"Technology,Blockchain,Financial Markets",-0.029026,Neutral,"[{""ticker"": ""MSTR"", ""relevance_score"": ""0.214937"", ""ticker_sentiment_score"": ""-0.166156"", ""ticker_sentiment_label"": ""Somewhat-Bearish""}, {""ticker"": ""CRYPTO:BTC"", ""relevance_score"": ""0.78028"", ""ticker_sentiment_score"": ""-0.076319"", ""ticker_sentiment_label"": ""Neutral""}, {""ticker"": ""CRYPTO:ETH"", ""relevance_score"": ""0.317527"", ""ticker_sentiment_score"": ""0.203947"", ""ticker_sentiment_label"": ""Somewhat-Bullish""}, {""ticker"": ""CRYPTO:DOGE"", ""relevance_score"": ""0.108466"", ""ticker_sentiment_score"": ""-0.239959"", ""ticker_sentiment_label"": ""Somewhat-Bearish""}, {""ticker"": ""CRYPTO:ADA"", ""relevance_score"": ""0.108466"", ""ticker_sentiment_score"": ""-0.239959"", ""ticker_sentiment_label"": ""Somewhat-Bearish""}]"
2024-07-08,"The Cardano node GitHub page was updated with the new version, Node 9.0, which can be used to implement the upcoming hard fork.",Cointelegraph,https://cointelegraph.com/news/cardano-releases-node-9-0-upcoming-chang-hard-fork,0.755492,https://cointelegraph.com/news/cardano-releases-node-9-0-upcoming-chang-hard-fork,"Cardano releases 'Node 9.0,' paving way for upcoming Chang hard fork",Christopher Roark,"https://images.cointelegraph.com/cdn-cgi/image/format=auto,onerror=redirect,quality=90,width=1200/https://s3.cointelegraph.com/uploads/2024-07/7d1fc89e-3092-4c7d-a5ae-ad1ffcf16941.jpg",cointelegraph.com,Technology,0.002376,Neutral,"[{""ticker"": ""GOOG"", ""relevance_score"": ""0.301933"", ""ticker_sentiment_score"": ""-0.004368"", ""ticker_sentiment_label"": ""Neutral""}, {""ticker"": ""CRYPTO:ADA"", ""relevance_score"": ""0.755492"", ""ticker_sentiment_score"": ""0.059054"", ""ticker_sentiment_label"": ""Neutral""}]"
2024-07-08,Steady network growth and Charles Hoskinson's network update are boosting Cardano's prices at the start of this week.,Cointelegraph,https://cointelegraph.com/news/why-is-cardano-ada-price-up-today,0.792512,https://cointelegraph.com/news/why-is-cardano-ada-price-up-today,Why is Cardano  ( ADA )  price up today?,Nancy Lubale,"https://images.cointelegraph.com/cdn-cgi/image/format=auto,onerror=redirect,quality=90,width=1200/https://s3.cointelegraph.com/uploads/2024-07/27d70111-5108-4e52-9a31-7568445ec8cc.jpg",cointelegraph.com,Blockchain,0.169385,Somewhat-Bullish,"[{""ticker"": ""CRYPTO:BTC"", ""relevance_score"": ""0.13347"", ""ticker_sentiment_score"": ""-0.113847"", ""ticker_sentiment_label"": ""Neutral""}, {""ticker"": ""CRYPTO:ETH"", ""relevance_score"": ""0.13347"", ""ticker_sentiment_score"": ""-0.113847"", ""ticker_sentiment_label"": ""Neutral""}, {""ticker"": ""CRYPTO:ADA"", ""relevance_score"": ""0.792512"", ""ticker_sentiment_score"": ""0.312128"", ""ticker_sentiment_label"": ""Somewhat-Bullish""}]"
2024-07-08,"Over the past 24 hours, Cardano's ADA/USD price has risen 3.39% to $0.37. This is contrary to its negative trend over the past week where it has experienced a 6.0% loss, moving from $0.40 to its current price. As it stands right now, the coin's all-time high is $3.09.",Benzinga,https://www.benzinga.com/insights/cryptocurrency/24/07/39668941/cardano-up-more-than-3-in-24-hours,0.532043,https://www.benzinga.com/insights/cryptocurrency/24/07/39668941/cardano-up-more-than-3-in-24-hours,Cardano Up More Than 3% In 24 hours,Benzinga Insights,https://cdn.benzinga.com/files/images/story/2023/crypto_movers_image_0.png?width=1200&height=800&fit=crop,www.benzinga.com,Financial Markets,0.016672,Neutral,"[{""ticker"": ""CRYPTO:ADA"", ""relevance_score"": ""0.532043"", ""ticker_sentiment_score"": ""-0.101289"", ""ticker_sentiment_label"": ""Neutral""}]"
2024-07-08,"Crypto funds raked in $441 million last week, suggesting that institutions bought the dip as Bitcoin's price plunged.",Decrypt.co,https://decrypt.co/238860/institutions-buy-dip-bitcoin-etfs-rebound-after-weeks-losses,0.080458,https://decrypt.co/238860/institutions-buy-dip-bitcoin-etfs-rebound-after-weeks-losses,Institutions Buy the Dip: Bitcoin ETFs Rebound After Weeks of Losses,André Beganski,https://cdn.decrypt.co/resize/1024/height/512/wp-content/uploads/2024/06/bitcoin-btc-price-chart-gID_7.jpeg,decrypt.co,"Blockchain,Financial Markets",0.0503,Neutral,"[{""ticker"": ""CRYPTO:BTC"", ""relevance_score"": ""0.580956"", ""ticker_sentiment_score"": ""0.04923"", ""ticker_sentiment_label"": ""Neutral""}, {""ticker"": ""CRYPTO:ETH"", ""relevance_score"": ""0.580956"", ""ticker_sentiment_score"": ""0.28289"", ""ticker_sentiment_label"": ""Somewhat-Bullish""}, {""ticker"": ""CRYPTO:ADA"", ""relevance_score"": ""0.080458"", ""ticker_sentiment_score"": ""0.043672"", ""ticker_sentiment_label"": ""Neutral""}]"
2024-07-08,"Bitcoin is facing intense selling pressure, but the positive divergence on the RSI suggests a recovery is possible in the near term.",Cointelegraph,https://cointelegraph.com/news/price-analysis-7-8-spx-dxy-btc-eth-bnb-sol-xrp-ton-doge-ada,0.098389,https://cointelegraph.com/news/price-analysis-7-8-spx-dxy-btc-eth-bnb-sol-xrp-ton-doge-ada,"Price analysis 7/8: SPX, DXY, BTC, ETH, BNB, SOL, XRP, TON, DOGE, ADA",Rakesh Upadhyay,"https://images.cointelegraph.com/cdn-cgi/image/format=auto,onerror=redirect,quality=90,width=1200/https://s3.cointelegraph.com/uploads/2024-07/e1efa067-1660-47e3-b865-8306028bafcc.jpg",cointelegraph.com,"Blockchain,Financial Markets,Economy - Macro",0.017028,Neutral,"[{""ticker"": ""CRYPTO:BTC"", ""relevance_score"": ""0.349665"", ""ticker_sentiment_score"": ""-0.010136"", ""ticker_sentiment_label"": ""Neutral""}, {""ticker"": ""CRYPTO:ETH"", ""relevance_score"": ""0.098389"", ""ticker_sentiment_score"": ""0.02502"", ""ticker_sentiment_label"": ""Neutral""}, {""ticker"": ""CRYPTO:ADA"", ""relevance_score"": ""0.098389"", ""ticker_sentiment_score"": ""-0.167395"", ""ticker_sentiment_label"": ""Somewhat-Bearish""}]"
2024-07-09,"Kraken has conducted an analysis of millions of Australian wallets, revealing shifting trends in trading behavior.",Decrypt.co,https://decrypt.co/239003/aussies-still-prefer-bitcoin-but-not-by-much-kraken,0.120431,https://decrypt.co/239003/aussies-still-prefer-bitcoin-but-not-by-much-kraken,"Aussies Still Prefer Bitcoin, But Not By Much: Kraken",Sebastian Sinclair,https://cdn.decrypt.co/resize/1024/height/512/wp-content/uploads/2020/11/kraken-exchange-review-gID_7.jpg,decrypt.co,"Blockchain,Financial Markets",0.150548,Somewhat-Bullish,"[{""ticker"": ""CRYPTO:BTC"", ""relevance_score"": ""0.238133"", ""ticker_sentiment_score"": ""0.122322"", ""ticker_sentiment_label"": ""Neutral""}, {""ticker"": ""CRYPTO:ETH"", ""relevance_score"": ""0.350564"", ""ticker_sentiment_score"": ""0.081066"", ""ticker_sentiment_label"": ""Neutral""}, {""ticker"": ""CRYPTO:SHIB"", ""relevance_score"": ""0.238133"", ""ticker_sentiment_score"": ""0.103814"", ""ticker_sentiment_label"": ""Neutral""}, {""ticker"": ""CRYPTO:ADA"", ""relevance_score"": ""0.120431"", ""ticker_sentiment_score"": ""0.082649"", ""ticker_sentiment_label"": ""Neutral""}]"
2024-07-09,"TORONTO, July 9, 2024 /PRNewswire/ - DeFi Technologies Inc. ( the ""Company"" or ""DeFi Technologies"" ) ( CBOE CA: DEFI ) ( GR: R9B ) ( OTC: DEFTF ) , a financial technology company that pioneers the convergence of traditional capital markets with the world of decentralised finance ( ""DeFi"" ) , is ...",PR Newswire,https://www.prnewswire.com/news-releases/defi-technologies-acquisition-of-leading-otc-desk-and-digital-asset-liquidity-provider-stillman-digital-302191631.html,0.056474,https://www.prnewswire.com/news-releases/defi-technologies-acquisition-of-leading-otc-desk-and-digital-asset-liquidity-provider-stillman-digital-302191631.html,DeFi Technologies Acquisition of Leading OTC Desk and Digital Asset Liquidity Provider Stillman Digital,DeFi Technologies Inc.,https://mma.prnewswire.com/media/2456523/DeFi_Technologies_Inc__DeFi_Technologies_Acquisition_of_Leading.jpg?p=facebook,www.prnewswire.com,"Earnings,Financial Markets",0.272195,Somewhat-Bullish,"[{""ticker"": ""CRYPTO:BTC"", ""relevance_score"": ""0.250101"", ""ticker_sentiment_score"": ""0.104107"", ""ticker_sentiment_label"": ""Neutral""}, {""ticker"": ""CRYPTO:ETH"", ""relevance_score"": ""0.112664"", ""ticker_sentiment_score"": ""0.062697"", ""ticker_sentiment_label"": ""Neutral""}, {""ticker"": ""CRYPTO:LINK"", ""relevance_score"": ""0.056474"", ""ticker_sentiment_score"": ""0.056"", ""ticker_sentiment_label"": ""Neutral""}, {""ticker"": ""CRYPTO:UNI"", ""relevance_score"": ""0.056474"", ""ticker_sentiment_score"": ""0.056"", ""ticker_sentiment_label"": ""Neutral""}, {""ticker"": ""CRYPTO:ADA"", ""relevance_score"": ""0.056474"", ""ticker_sentiment_score"": ""0.056"", ""ticker_sentiment_label"": ""Neutral""}]"
2024-07-09,"TORONTO, July 9, 2024 /CNW/ - DeFi Technologies Inc. ( the ""Company"" or ""DeFi Technologies"" ) ( CBOE CA: DEFI ) ( GR: R9B ) ( OTC: DEFTF ) , a financial technology company that pioneers the convergence of traditional capital markets with the world of decentralised finance ( ""DeFi"" ) , is pleased ...",Canada Newswire,https://www.newswire.ca/news-releases/defi-technologies-acquisition-of-leading-otc-desk-and-digital-asset-liquidity-provider-stillman-digital-842628830.html,0.058047,https://www.newswire.ca/news-releases/defi-technologies-acquisition-of-leading-otc-desk-and-digital-asset-liquidity-provider-stillman-digital-842628830.html,DeFi Technologies Acquisition of Leading OTC Desk and Digital Asset Liquidity Provider Stillman Digital,DeFi Technologies Inc.,https://mma.prnewswire.com/media/2456523/DeFi_Technologies_Inc__DeFi_Technologies_Acquisition_of_Leading.jpg?p=facebook,www.newswire.ca,"Earnings,Financial Markets",0.283386,Somewhat-Bullish,"[{""ticker"": ""CRYPTO:BTC"", ""relevance_score"": ""0.256839"", ""ticker_sentiment_score"": ""0.106356"", ""ticker_sentiment_label"": ""Neutral""}, {""ticker"": ""CRYPTO:ETH"", ""relevance_score"": ""0.115787"", ""ticker_sentiment_score"": ""0.063388"", ""ticker_sentiment_label"": ""Neutral""}, {""ticker"": ""CRYPTO:LINK"", ""relevance_score"": ""0.058047"", ""ticker_sentiment_score"": ""0.056006"", ""ticker_sentiment_label"": ""Neutral""}, {""ticker"": ""CRYPTO:UNI"", ""relevance_score"": ""0.058047"", ""ticker_sentiment_score"": ""0.056006"", ""ticker_sentiment_label"": ""Neutral""}, {""ticker"": ""CRYPTO:ADA"", ""relevance_score"": ""0.058047"", ""ticker_sentiment_score"": ""0.056006"", ""ticker_sentiment_label"": ""Neutral""}]"
2024-07-09,"With the World Chain developer preview, devs can deploy infrastructure on a ""gated mainnet,"" as World Chain is skipping a testnet.",Cointelegraph,https://cointelegraph.com/news/worldcoin-dev-preview-mainnet-launch-2024,0.067158,https://cointelegraph.com/news/worldcoin-dev-preview-mainnet-launch-2024,Worldcoin invites devs to build ahead of mainnet launch in 2024,Helen Partz,"https://images.cointelegraph.com/cdn-cgi/image/format=auto,onerror=redirect,quality=90,width=1200/https://s3.cointelegraph.com/uploads/2024-07/c20c03f6-cca3-487b-ab88-14c17b9bec71.jpg",cointelegraph.com,Blockchain,0.16952,Somewhat-Bullish,"[{""ticker"": ""CRYPTO:ETH"", ""relevance_score"": ""0.199584"", ""ticker_sentiment_score"": ""0.13217"", ""ticker_sentiment_label"": ""Neutral""}, {""ticker"": ""CRYPTO:ADA"", ""relevance_score"": ""0.067158"", ""ticker_sentiment_score"": ""0.037918"", ""ticker_sentiment_label"": ""Neutral""}, {""ticker"": ""CRYPTO:WDC"", ""relevance_score"": ""0.499789"", ""ticker_sentiment_score"": ""0.189371"", ""ticker_sentiment_label"": ""Somewhat-Bullish""}]"
2024-07-10,"Bitcoin's recovery faces selling near $60,000, indicating that bears remain active at higher price levels.",Cointelegraph,https://cointelegraph.com/news/price-analysis-7-10-btc-eth-bnb-sol-xrp-doge-ton-ada-avax-shib,0.103183,https://cointelegraph.com/news/price-analysis-7-10-btc-eth-bnb-sol-xrp-doge-ton-ada-avax-shib,"Price analysis 7/10: BTC, ETH, BNB, SOL, XRP, DOGE, TON, ADA, AVAX, SHIB",Rakesh Upadhyay,"https://images.cointelegraph.com/cdn-cgi/image/format=auto,onerror=redirect,quality=90,width=1200/https://s3.cointelegraph.com/uploads/2024-07/f420ed06-1cd3-4771-8fb7-355df4fdb4af.jpg",cointelegraph.com,"Blockchain,Financial Markets",-0.053139,Neutral,"[{""ticker"": ""CRYPTO:BTC"", ""relevance_score"": ""0.204647"", ""ticker_sentiment_score"": ""-0.072314"", ""ticker_sentiment_label"": ""Neutral""}, {""ticker"": ""CRYPTO:ETH"", ""relevance_score"": ""0.103183"", ""ticker_sentiment_score"": ""0.107452"", ""ticker_sentiment_label"": ""Neutral""}, {""ticker"": ""CRYPTO:SHIB"", ""relevance_score"": ""0.103183"", ""ticker_sentiment_score"": ""-0.185134"", ""ticker_sentiment_label"": ""Somewhat-Bearish""}, {""ticker"": ""CRYPTO:DOGE"", ""relevance_score"": ""0.103183"", ""ticker_sentiment_score"": ""-0.155879"", ""ticker_sentiment_label"": ""Somewhat-Bearish""}, {""ticker"": ""CRYPTO:ADA"", ""relevance_score"": ""0.103183"", ""ticker_sentiment_score"": ""0.191403"", ""ticker_sentiment_label"": ""Somewhat-Bullish""}]"
2024-07-10,"Marsh & McLennan's (MMC) unit, MMA, is set to enhance its risk management capabilities with the acquisition of Horton. This strategic move is part of MMA's ongoing expansion strategy.",Zacks Commentary,https://www.zacks.com/stock/news/2299506/marsh-mclennan-mmc-unit-sustains-its-acquisition-spree,0.055881,https://www.zacks.com/stock/news/2299506/marsh-mclennan-mmc-unit-sustains-its-acquisition-spree,Marsh & McLennan  ( MMC )  Unit Sustains Its Acquisition Spree,Zacks Equity Research,https://staticx-tuner.zacks.com/images/articles/main/26/4059.jpg,www.zacks.com,"Earnings,Finance",0.235721,Somewhat-Bullish,"[{""ticker"": ""PLMR"", ""relevance_score"": ""0.220809"", ""ticker_sentiment_score"": ""0.193328"", ""ticker_sentiment_label"": ""Somewhat-Bullish""}, {""ticker"": ""BRO"", ""relevance_score"": ""0.274012"", ""ticker_sentiment_score"": ""0.196018"", ""ticker_sentiment_label"": ""Somewhat-Bullish""}, {""ticker"": ""RLI"", ""relevance_score"": ""0.220809"", ""ticker_sentiment_score"": ""0.193328"", ""ticker_sentiment_label"": ""Somewhat-Bullish""}, {""ticker"": ""CRYPTO:ADA"", ""relevance_score"": ""0.055881"", ""ticker_sentiment_score"": ""0.132904"", ""ticker_sentiment_label"": ""Neutral""}]"
2024-07-10,"DeFi Technologies Provides Monthly Corporate Update: Subsidiary Valour Reports Assets Under Management at C$698 Million ( US$512 Million ) , Up 37% This Fiscal Year, Bolstered by Continued Month Over Month Net Inflows of C$6.5 Million ( US$4.8 Millio Canada ...",Canada Newswire,https://www.newswire.ca/news-releases/defi-technologies-provides-monthly-corporate-update-subsidiary-valour-reports-assets-under-management-at-c-698-million-us-512-million-up-37-this-fiscal-year-bolstered-by-continued-month-over-month-net-inflows-of-c-6-5-million-us-4-8-million-802410793.html,0.038345,https://www.newswire.ca/news-releases/defi-technologies-provides-monthly-corporate-update-subsidiary-valour-reports-assets-under-management-at-c-698-million-us-512-million-up-37-this-fiscal-year-bolstered-by-continued-month-over-month-net-inflows-of-c-6-5-million-us-4-8-million-802410793.html,"DeFi Technologies Provides Monthly Corporate Update: Subsidiary Valour Reports Assets Under Management at C$698 Million  ( US$512 Million ) , Up 37% This Fiscal Year, Bolstered by Continued Month Over Month Net Inflows of C$6.5 Million  ( US$4.8 Million ) , Among Other Key Developments",DeFi Technologies Inc.,https://mma.prnewswire.com/media/2457631/DeFi_Technologies_Inc__DeFi_Technologies_Provides_Monthly_Corpor.jpg?p=facebook,www.newswire.ca,"Financial Markets,Manufacturing,Technology,Blockchain",0.265088,Somewhat-Bullish,"[{""ticker"": ""GOOG"", ""relevance_score"": ""0.019178"", ""ticker_sentiment_score"": ""0.105784"", ""ticker_sentiment_label"": ""Neutral""}, {""ticker"": ""BA"", ""relevance_score"": ""0.019178"", ""ticker_sentiment_score"": ""0.105784"", ""ticker_sentiment_label"": ""Neutral""}, {""ticker"": ""SBGOF"", ""relevance_score"": ""0.019178"", ""ticker_sentiment_score"": ""0.105784"", ""ticker_sentiment_label"": ""Neutral""}, {""ticker"": ""CRYPTO:BTC"", ""relevance_score"": ""0.599846"", ""ticker_sentiment_score"": ""0.349982"", ""ticker_sentiment_label"": ""Somewhat-Bullish""}, {""ticker"": ""CRYPTO:ETH"", ""relevance_score"": ""0.095669"", ""ticker_sentiment_score"": ""0.092046"", ""ticker_sentiment_label"": ""Neutral""}, {""ticker"": ""CRYPTO:LINK"", ""relevance_score"": ""0.038345"", ""ticker_sentiment_score"": ""0.061431"", ""ticker_sentiment_label"": ""Neutral""}, {""ticker"": ""CRYPTO:UNI"", ""relevance_score"": ""0.038345"", ""ticker_sentiment_score"": ""0.061431"", ""ticker_sentiment_label"": ""Neutral""}, {""ticker"": ""CRYPTO:ADA"", ""relevance_score"": ""0.038345"", ""ticker_sentiment_score"": ""0.061431"", ""ticker_sentiment_label"": ""Neutral""}]"
2024-07-11,"Marsh & McLennan Companies, Inc.'s MMC Marsh McLennan Agency ( ""MMA"" ) , a division of MMC's Marsh business, recently inked a definitive deal to purchase the Illinois-based leading full-service insurance broker, The Horton Group, Inc.",Benzinga,https://www.benzinga.com/news/earnings/24/07/39716783/marsh-mclennan-unit-sustains-its-acquisition-spree,0.055236,https://www.benzinga.com/news/earnings/24/07/39716783/marsh-mclennan-unit-sustains-its-acquisition-spree,"Marsh & McLennan Unit Sustains Its Acquisition Spree - Marsh & McLennan  ( NYSE:MMC ) , Brown & Brown  ( NYSE:BRO ) ",Zacks,https://cdn.benzinga.com/files/images/story/2024/07/11/m-zzoa5g8hspi-unsplash.jpg?width=1200&height=800&fit=crop,www.benzinga.com,"Earnings,Finance,Financial Markets",0.254002,Somewhat-Bullish,"[{""ticker"": ""PLMR"", ""relevance_score"": ""0.055236"", ""ticker_sentiment_score"": ""0.074848"", ""ticker_sentiment_label"": ""Neutral""}, {""ticker"": ""BRO"", ""relevance_score"": ""0.270973"", ""ticker_sentiment_score"": ""0.236661"", ""ticker_sentiment_label"": ""Somewhat-Bullish""}, {""ticker"": ""RLI"", ""relevance_score"": ""0.218325"", ""ticker_sentiment_score"": ""0.274458"", ""ticker_sentiment_label"": ""Somewhat-Bullish""}, {""ticker"": ""CRYPTO:ADA"", ""relevance_score"": ""0.055236"", ""ticker_sentiment_score"": ""0.132861"", ""ticker_sentiment_label"": ""Neutral""}]"
2024-07-11,"As the crypto exchange fights an SEC lawsuit, the federal regulator says Coinbase's demands are an overreach.",Decrypt.co,https://decrypt.co/239480/coinbase-subpoena-gary-gensler-federal-judge-not-moved,0.068698,https://decrypt.co/239480/coinbase-subpoena-gary-gensler-federal-judge-not-moved,Judge 'Surprised' by Coinbase Subpoena Request Targeting SEC Chair Gensler-But 'Not in a Good Way',André Beganski,https://cdn.decrypt.co/resize/1024/height/512/wp-content/uploads/2022/09/sec-chair-gary-gensler-gID_7.jpeg,decrypt.co,"Finance,Blockchain,Financial Markets",-0.12469,Neutral,"[{""ticker"": ""COIN"", ""relevance_score"": ""0.61135"", ""ticker_sentiment_score"": ""-0.072403"", ""ticker_sentiment_label"": ""Neutral""}, {""ticker"": ""CRYPTO:BTC"", ""relevance_score"": ""0.068698"", ""ticker_sentiment_score"": ""-0.04436"", ""ticker_sentiment_label"": ""Neutral""}, {""ticker"": ""CRYPTO:ETH"", ""relevance_score"": ""0.068698"", ""ticker_sentiment_score"": ""-0.04436"", ""ticker_sentiment_label"": ""Neutral""}, {""ticker"": ""CRYPTO:ADA"", ""relevance_score"": ""0.068698"", ""ticker_sentiment_score"": ""0.014446"", ""ticker_sentiment_label"": ""Neutral""}]"
2024-07-12,"Cryptocurrencies are renowned for disrupting the financial system, starting with payments. And while there's no denying the impact the blockchain space has had across sectors of the economy, it has also commanded a great deal of reflection and action regarding its environmental impact from ...",Benzinga,https://www.benzinga.com/partner/cryptocurrency/24/07/39747489/ecoai-coin-leading-the-charge-towards-sustainable-cryptocurrency-practices,0.04161,https://www.benzinga.com/partner/cryptocurrency/24/07/39747489/ecoai-coin-leading-the-charge-towards-sustainable-cryptocurrency-practices,"EcoAI Coin: Leading The Charge Towards Sustainable Cryptocurrency Practices - Tesla  ( NASDAQ:TSLA ) , Bitfarms  ( NASDAQ:BITF ) ",Gerelyn Terzo,https://cdn.benzinga.com/files/images/story/2024/07/12/wind-energy-7394705-1920.jpeg?width=1200&height=800&fit=crop,www.benzinga.com,"Life Sciences,Financial Markets,Manufacturing,Technology,Blockchain",0.382567,Bullish,"[{""ticker"": ""WULF"", ""relevance_score"": ""0.083107"", ""ticker_sentiment_score"": ""0.0"", ""ticker_sentiment_label"": ""Neutral""}, {""ticker"": ""BITF"", ""relevance_score"": ""0.124378"", ""ticker_sentiment_score"": ""0.187633"", ""ticker_sentiment_label"": ""Somewhat-Bullish""}, {""ticker"": ""TSLA"", ""relevance_score"": ""0.083107"", ""ticker_sentiment_score"": ""0.159952"", ""ticker_sentiment_label"": ""Somewhat-Bullish""}, {""ticker"": ""CRYPTO:BTC"", ""relevance_score"": ""0.468742"", ""ticker_sentiment_score"": ""0.441462"", ""ticker_sentiment_label"": ""Bullish""}, {""ticker"": ""CRYPTO:ETH"", ""relevance_score"": ""0.398148"", ""ticker_sentiment_score"": ""0.31262"", ""ticker_sentiment_label"": ""Somewhat-Bullish""}, {""ticker"": ""CRYPTO:DOGE"", ""relevance_score"": ""0.124378"", ""ticker_sentiment_score"": ""0.177636"", ""ticker_sentiment_label"": ""Somewhat-Bullish""}, {""ticker"": ""CRYPTO:ADA"", ""relevance_score"": ""0.04161"", ""ticker_sentiment_score"": ""0.017983"", ""ticker_sentiment_label"": ""Neutral""}]"
2024-07-12,"Retail and institutional traders have been buying Bitcoin on the dips, and the early-stage recovery in select altcoins suggests that the crypto market is in a bottoming stage.",Cointelegraph,https://cointelegraph.com/news/price-analysis-7-12-btc-eth-bnb-sol-xrp-doge-ton-ada-avax-shib,0.099476,https://cointelegraph.com/news/price-analysis-7-12-btc-eth-bnb-sol-xrp-doge-ton-ada-avax-shib,"Price analysis 7/12: BTC, ETH, BNB, SOL, XRP, DOGE, TON, ADA, AVAX, SHIB",Rakesh Upadhyay,"https://images.cointelegraph.com/cdn-cgi/image/format=auto,onerror=redirect,quality=90,width=1200/https://s3.cointelegraph.com/uploads/2024-07/d402a6fe-5a6c-4e3d-a526-20065288cd82.jpg",cointelegraph.com,"Blockchain,Financial Markets",-0.103427,Neutral,"[{""ticker"": ""CRYPTO:BTC"", ""relevance_score"": ""0.353287"", ""ticker_sentiment_score"": ""-0.134915"", ""ticker_sentiment_label"": ""Neutral""}, {""ticker"": ""CRYPTO:AVAX"", ""relevance_score"": ""0.066414"", ""ticker_sentiment_score"": ""-0.08715"", ""ticker_sentiment_label"": ""Neutral""}, {""ticker"": ""CRYPTO:BNB"", ""relevance_score"": ""0.099476"", ""ticker_sentiment_score"": ""0.006555"", ""ticker_sentiment_label"": ""Neutral""}, {""ticker"": ""CRYPTO:XRP"", ""relevance_score"": ""0.066414"", ""ticker_sentiment_score"": ""0.030326"", ""ticker_sentiment_label"": ""Neutral""}, {""ticker"": ""CRYPTO:SHIB"", ""relevance_score"": ""0.066414"", ""ticker_sentiment_score"": ""-0.111224"", ""ticker_sentiment_label"": ""Neutral""}, {""ticker"": ""CRYPTO:DOGE"", ""relevance_score"": ""0.099476"", ""ticker_sentiment_score"": ""-0.11081"", ""ticker_sentiment_label"": ""Neutral""}, {""ticker"": ""CRYPTO:USDT"", ""relevance_score"": ""0.29234"", ""ticker_sentiment_score"": ""-0.061458"", ""ticker_sentiment_label"": ""Neutral""}, {""ticker"": ""CRYPTO:ADA"", ""relevance_score"": ""0.099476"", ""ticker_sentiment_score"": ""-0.072622"", ""ticker_sentiment_label"": ""Neutral""}]"
2024-07-12,"Over the past 24 hours, Cardano's ADA/USD price has risen 4.18% to $0.42. This continues its positive trend over the past week where it has experienced a 17.0% gain, moving from $0.35 to its current price. As it stands right now, the coin's all-time high is $3.09.",Benzinga,https://www.benzinga.com/insights/cryptocurrency/24/07/39755782/cardano-up-more-than-4-in-24-hours,0.535653,https://www.benzinga.com/insights/cryptocurrency/24/07/39755782/cardano-up-more-than-4-in-24-hours,Cardano Up More Than 4% In 24 hours,Benzinga Insights,https://cdn.benzinga.com/files/images/story/2023/crypto_movers_image_0.png?width=1200&height=800&fit=crop,www.benzinga.com,Financial Markets,0.118008,Neutral,"[{""ticker"": ""CRYPTO:ADA"", ""relevance_score"": ""0.535653"", ""ticker_sentiment_score"": ""0.079208"", ""ticker_sentiment_label"": ""Neutral""}]"
2024-07-12,What's bad for inflation is good for digital coins and tokens.,Motley Fool,https://www.fool.com/investing/2024/07/12/why-altcoins-like-cardano-and-shiba-inu-rocketed-h/,0.175221,https://www.fool.com/investing/2024/07/12/why-altcoins-like-cardano-and-shiba-inu-rocketed-h/,Why Altcoins Like Cardano and Shiba Inu Rocketed Higher This Week,Eric Volkman,https://g.foolcdn.com/editorial/images/783331/person-looking-pleased-while-gazing-at-a-smartphone.jpg,www.fool.com,"Economy - Monetary,Blockchain",0.182692,Somewhat-Bullish,"[{""ticker"": ""SPGI"", ""relevance_score"": ""0.088147"", ""ticker_sentiment_score"": ""0.183304"", ""ticker_sentiment_label"": ""Somewhat-Bullish""}, {""ticker"": ""CRYPTO:FIL"", ""relevance_score"": ""0.175221"", ""ticker_sentiment_score"": ""0.248234"", ""ticker_sentiment_label"": ""Somewhat-Bullish""}, {""ticker"": ""CRYPTO:SHIB"", ""relevance_score"": ""0.175221"", ""ticker_sentiment_score"": ""0.248234"", ""ticker_sentiment_label"": ""Somewhat-Bullish""}, {""ticker"": ""CRYPTO:LTC"", ""relevance_score"": ""0.175221"", ""ticker_sentiment_score"": ""0.248234"", ""ticker_sentiment_label"": ""Somewhat-Bullish""}, {""ticker"": ""CRYPTO:ADA"", ""relevance_score"": ""0.175221"", ""ticker_sentiment_score"": ""0.248234"", ""ticker_sentiment_label"": ""Somewhat-Bullish""}]"
2024-07-13,"The SEC closed multiple crypto investigations this week, bolstering the price of select altcoins.",Decrypt.co,https://decrypt.co/239651/this-week-in-coins-crypto-comeback-as-sec-retreats-and-germany-runs-out-of-bitcoin,0.194242,https://decrypt.co/239651/this-week-in-coins-crypto-comeback-as-sec-retreats-and-germany-runs-out-of-bitcoin,This Week in Coins: Crypto Comeback as SEC Retreats and Germany Runs Out of Bitcoin,Andrew Throuvalas,https://img.decrypt.co/insecure/rs:fit:3840:0:0:0/plain/https://cdn.decrypt.co/wp-content/uploads/2021/11/Coins6.2%402x.png@webp,decrypt.co,"Technology,Blockchain,Financial Markets",0.03845,Neutral,"[{""ticker"": ""MSTR"", ""relevance_score"": ""0.194242"", ""ticker_sentiment_score"": ""-0.082729"", ""ticker_sentiment_label"": ""Neutral""}, {""ticker"": ""CRYPTO:BTC"", ""relevance_score"": ""0.461283"", ""ticker_sentiment_score"": ""0.07972"", ""ticker_sentiment_label"": ""Neutral""}, {""ticker"": ""CRYPTO:ETH"", ""relevance_score"": ""0.461283"", ""ticker_sentiment_score"": ""0.246938"", ""ticker_sentiment_label"": ""Somewhat-Bullish""}, {""ticker"": ""CRYPTO:BUSD"", ""relevance_score"": ""0.194242"", ""ticker_sentiment_score"": ""0.179895"", ""ticker_sentiment_label"": ""Somewhat-Bullish""}, {""ticker"": ""CRYPTO:ADA"", ""relevance_score"": ""0.194242"", ""ticker_sentiment_score"": ""0.179895"", ""ticker_sentiment_label"": ""Somewhat-Bullish""}]"
2024-07-15,"Uniswap UNI/USD, one of the biggest decentralized cryptocurrency exchanges ( DEX ) , is in an ongoing fight against the Securities and Exchange Commission ( SEC ) . Amazingly enough, DEXs of the world seem unmoved about it.",Benzinga,https://www.benzinga.com/24/07/39778093/uniswap-vs-sec-power-struggle-cannot-deter-dexs-away-from-their-privacy-mandates,0.077094,https://www.benzinga.com/24/07/39778093/uniswap-vs-sec-power-struggle-cannot-deter-dexs-away-from-their-privacy-mandates,Uniswap vs SEC Power Struggle Cannot Deter DEXs Away From Their Privacy Mandates,Kenneth Rapoza,https://cdn.benzinga.com/files/shutterstock_2284126663_0.jpg?width=1200&height=800&fit=crop,www.benzinga.com,"Finance,Blockchain,Financial Markets",0.111639,Neutral,"[{""ticker"": ""COIN"", ""relevance_score"": ""0.19117"", ""ticker_sentiment_score"": ""0.082005"", ""ticker_sentiment_label"": ""Neutral""}, {""ticker"": ""CRYPTO:ETH"", ""relevance_score"": ""0.115416"", ""ticker_sentiment_score"": ""0.136936"", ""ticker_sentiment_label"": ""Neutral""}, {""ticker"": ""CRYPTO:UNI"", ""relevance_score"": ""0.301315"", ""ticker_sentiment_score"": ""-0.050675"", ""ticker_sentiment_label"": ""Neutral""}, {""ticker"": ""CRYPTO:ADA"", ""relevance_score"": ""0.077094"", ""ticker_sentiment_score"": ""0.062702"", ""ticker_sentiment_label"": ""Neutral""}, {""ticker"": ""CRYPTO:CAKE"", ""relevance_score"": ""0.115416"", ""ticker_sentiment_score"": ""-0.038843"", ""ticker_sentiment_label"": ""Neutral""}]"
2024-07-15,"Bitcoin and altcoin traders set their sight on new all-time highs now that BTC price is back above $63,000.",Cointelegraph,https://cointelegraph.com/news/price-analysis-7-15-spx-dxy-btc-eth-bnb-sol-xrp-ton-doge-ada,0.096932,https://cointelegraph.com/news/price-analysis-7-15-spx-dxy-btc-eth-bnb-sol-xrp-ton-doge-ada,"Price analysis 7/15: SPX, DXY, BTC, ETH, BNB, SOL, XRP, TON, DOGE, ADA",Rakesh Upadhyay,"https://images.cointelegraph.com/cdn-cgi/image/format=auto,onerror=redirect,quality=90,width=1200/https://s3.cointelegraph.com/uploads/2024-07/4f069c6f-7237-42c5-b9d6-b0a7d5951829.jpg",cointelegraph.com,"Blockchain,Financial Markets,Economy - Macro",-0.028928,Neutral,"[{""ticker"": ""FOREX:USD"", ""relevance_score"": ""0.032382"", ""ticker_sentiment_score"": ""0.0"", ""ticker_sentiment_label"": ""Neutral""}, {""ticker"": ""CRYPTO:BTC"", ""relevance_score"": ""0.373844"", ""ticker_sentiment_score"": ""-0.010669"", ""ticker_sentiment_label"": ""Neutral""}, {""ticker"": ""CRYPTO:ETH"", ""relevance_score"": ""0.160847"", ""ticker_sentiment_score"": ""0.106141"", ""ticker_sentiment_label"": ""Neutral""}, {""ticker"": ""CRYPTO:ADA"", ""relevance_score"": ""0.096932"", ""ticker_sentiment_score"": ""0.010747"", ""ticker_sentiment_label"": ""Neutral""}]"
2024-07-16,The canine-themed cryptocurrency still needs to carve out a defensible niche.,Motley Fool,https://www.fool.com/investing/2024/07/16/should-you-buy-shiba-inu-while-its-worth-less-than/,0.110973,https://www.fool.com/investing/2024/07/16/should-you-buy-shiba-inu-while-its-worth-less-than/,Should You Buy Shiba Inu While It's Worth Less Than $0.01?,Leo Sun,https://g.foolcdn.com/image/?url=https%3A%2F%2Fg.foolcdn.com%2Feditorial%2Fimages%2F783406%2Fshiba-inu-dog-doge-dogecoin.jpeg&op=resize&w=700,www.fool.com,"Blockchain,Financial Markets",0.076265,Neutral,"[{""ticker"": ""CRYPTO:BTC"", ""relevance_score"": ""0.165788"", ""ticker_sentiment_score"": ""0.10025"", ""ticker_sentiment_label"": ""Neutral""}, {""ticker"": ""CRYPTO:ETH"", ""relevance_score"": ""0.374714"", ""ticker_sentiment_score"": ""0.044805"", ""ticker_sentiment_label"": ""Neutral""}, {""ticker"": ""CRYPTO:SHIB"", ""relevance_score"": ""0.635581"", ""ticker_sentiment_score"": ""0.123432"", ""ticker_sentiment_label"": ""Neutral""}, {""ticker"": ""CRYPTO:DOGE"", ""relevance_score"": ""0.165788"", ""ticker_sentiment_score"": ""0.069445"", ""ticker_sentiment_label"": ""Neutral""}, {""ticker"": ""CRYPTO:ADA"", ""relevance_score"": ""0.110973"", ""ticker_sentiment_score"": ""-0.131969"", ""ticker_sentiment_label"": ""Neutral""}]"
2024-07-16,"• Significant Return Generation: Alpha, Technologies' specialized arbitrage trading desk, generated an additional ( ) in Q3 2024 through low-risk arbitrage trades, contributing to a total of ( ) in cash and digital asset equivalents in 2024. • Enhanced Financial Position: The most recent gains ...",Canada Newswire,https://www.newswire.ca/news-releases/defi-technologies-reports-its-trading-desk-defi-alpha-has-generated-an-additional-c-19-3-million-us-14-1-million-in-arbitrage-trading-830543902.html,0.068896,https://www.newswire.ca/news-releases/defi-technologies-reports-its-trading-desk-defi-alpha-has-generated-an-additional-c-19-3-million-us-14-1-million-in-arbitrage-trading-830543902.html,"DeFi Technologies Reports its Trading Desk, DeFi Alpha, has Generated an Additional C$19.3 Million  ( US$14.1 Million )  in Arbitrage Trading",DeFi Technologies Inc.,https://mma.prnewswire.com/media/2461956/DeFi_Technologies_Inc__DeFi_Technologies_Reports_its_Trading_Des.jpg?p=facebook,www.newswire.ca,"Blockchain,Financial Markets",0.295928,Somewhat-Bullish,"[{""ticker"": ""AHAG"", ""relevance_score"": ""0.03448"", ""ticker_sentiment_score"": ""0.199904"", ""ticker_sentiment_label"": ""Somewhat-Bullish""}, {""ticker"": ""CRYPTO:BTC"", ""relevance_score"": ""0.30276"", ""ticker_sentiment_score"": ""0.141486"", ""ticker_sentiment_label"": ""Neutral""}, {""ticker"": ""CRYPTO:ETH"", ""relevance_score"": ""0.137278"", ""ticker_sentiment_score"": ""0.077669"", ""ticker_sentiment_label"": ""Neutral""}, {""ticker"": ""CRYPTO:LINK"", ""relevance_score"": ""0.068896"", ""ticker_sentiment_score"": ""0.063475"", ""ticker_sentiment_label"": ""Neutral""}, {""ticker"": ""CRYPTO:UNI"", ""relevance_score"": ""0.068896"", ""ticker_sentiment_score"": ""0.063475"", ""ticker_sentiment_label"": ""Neutral""}, {""ticker"": ""CRYPTO:ADA"", ""relevance_score"": ""0.068896"", ""ticker_sentiment_score"": ""0.063475"", ""ticker_sentiment_label"": ""Neutral""}]"
2024-07-16,"Data lake provider TRES is introducing a new mechanism to track exchange and custodian reserves, joining Chainlink and other solutions catering to institutional demand.",Cointelegraph,https://cointelegraph.com/news/proof-of-funds-technology-replace-exchanges-reserves-reports,0.178459,https://cointelegraph.com/news/proof-of-funds-technology-replace-exchanges-reserves-reports,Proof of funds technology seeks to replace exchanges' reserves reports,Ana Paula Pereira,"https://images.cointelegraph.com/cdn-cgi/image/format=auto,onerror=redirect,quality=90,width=1200/https://s3.cointelegraph.com/uploads/2024-07/a7efbf25-9bcd-417f-ac7d-43b77db18bd7.JPG",cointelegraph.com,Blockchain,0.114524,Neutral,"[{""ticker"": ""CRYPTO:BTC"", ""relevance_score"": ""0.178459"", ""ticker_sentiment_score"": ""0.186294"", ""ticker_sentiment_label"": ""Somewhat-Bullish""}, {""ticker"": ""CRYPTO:ETH"", ""relevance_score"": ""0.178459"", ""ticker_sentiment_score"": ""0.186294"", ""ticker_sentiment_label"": ""Somewhat-Bullish""}, {""ticker"": ""CRYPTO:LINK"", ""relevance_score"": ""0.089797"", ""ticker_sentiment_score"": ""0.094414"", ""ticker_sentiment_label"": ""Neutral""}, {""ticker"": ""CRYPTO:ADA"", ""relevance_score"": ""0.178459"", ""ticker_sentiment_score"": ""0.186294"", ""ticker_sentiment_label"": ""Somewhat-Bullish""}, {""ticker"": ""CRYPTO:XRP"", ""relevance_score"": ""0.178459"", ""ticker_sentiment_score"": ""0.186294"", ""ticker_sentiment_label"": ""Somewhat-Bullish""}]"
2024-07-16,Ripple has the back of one its strongest supporters in his attempt to unseat powerful Senate crypto foe Elizabeth Warren.,Cointelegraph,https://cointelegraph.com/news/ripple-donates-1-million-john-deaton-massachusetts-senate-primary,0.095517,https://cointelegraph.com/news/ripple-donates-1-million-john-deaton-massachusetts-senate-primary,Ripple backs Deaton with $1M donation in senate race against Warren,Derek Andersen,"https://images.cointelegraph.com/cdn-cgi/image/format=auto,onerror=redirect,quality=90,width=1200/https://s3.cointelegraph.com/uploads/2024-07/9631f408-230f-4a11-9ae0-840fe63ddcc7.jpg",cointelegraph.com,"Finance,Blockchain,Financial Markets",0.17481,Somewhat-Bullish,"[{""ticker"": ""COIN"", ""relevance_score"": ""0.18967"", ""ticker_sentiment_score"": ""0.076008"", ""ticker_sentiment_label"": ""Neutral""}, {""ticker"": ""CRYPTO:ADA"", ""relevance_score"": ""0.095517"", ""ticker_sentiment_score"": ""0.037683"", ""ticker_sentiment_label"": ""Neutral""}]"
2024-07-17,The company confirmed to Decrypt that it plans to add more BTC to its balance sheet following its June purchase.,Decrypt.co,https://decrypt.co/240335/bitwise-stock-rockets-bitcoin-treasury,0.158,https://decrypt.co/240335/bitwise-stock-rockets-bitcoin-treasury,Bitcoin Treasury Firm DeFi Technologies Rockets 25% After Major Q3 Profits,Andrew Throuvalas,https://cdn.decrypt.co/resize/1024/height/512/wp-content/uploads/2024/06/DeFi-Technologies_Bitcoin-Canada_shutterstock_1011720946-gID_7.jpg,decrypt.co,"Financial Markets,Earnings,Technology,Blockchain",0.24033,Somewhat-Bullish,"[{""ticker"": ""MSTR"", ""relevance_score"": ""0.079392"", ""ticker_sentiment_score"": ""0.177175"", ""ticker_sentiment_label"": ""Somewhat-Bullish""}, {""ticker"": ""CRYPTO:BTC"", ""relevance_score"": ""0.450165"", ""ticker_sentiment_score"": ""0.48536"", ""ticker_sentiment_label"": ""Bullish""}, {""ticker"": ""CRYPTO:ADA"", ""relevance_score"": ""0.158"", ""ticker_sentiment_score"": ""0.237433"", ""ticker_sentiment_label"": ""Somewhat-Bullish""}]"
2024-07-17,The rally follows the launch of new financial instruments for the cryptocurrency last week.,Decrypt.co,https://decrypt.co/240270/xrp-rallies-40-in-a-week-flips-solanas-trading-volume,0.110462,https://decrypt.co/240270/xrp-rallies-40-in-a-week-flips-solanas-trading-volume,"XRP Rallies 40% in a Week, Flips Solana's Trading Volume",Murtuza Merchant,https://cdn.decrypt.co/resize/1024/height/512/wp-content/uploads/2023/07/xrp-shutterstock_1705593328-16x9-1-gID_7.jpg,decrypt.co,"Finance,Blockchain,Financial Markets",0.174244,Somewhat-Bullish,"[{""ticker"": ""CME"", ""relevance_score"": ""0.110462"", ""ticker_sentiment_score"": ""0.0"", ""ticker_sentiment_label"": ""Neutral""}, {""ticker"": ""CRYPTO:ADA"", ""relevance_score"": ""0.110462"", ""ticker_sentiment_score"": ""0.028328"", ""ticker_sentiment_label"": ""Neutral""}]"
2024-07-17,"Strong inflows into spot Bitcoin ETFs suggest that the sentiment has turned positive, and traders are buying aggressively.",Cointelegraph,https://cointelegraph.com/news/price-analysis-7-17-btc-eth-bnb-sol-xrp-doge-ton-ada-avax-shib,0.097062,https://cointelegraph.com/news/price-analysis-7-17-btc-eth-bnb-sol-xrp-doge-ton-ada-avax-shib,"Price analysis 7/17: BTC, ETH, BNB, SOL, XRP, DOGE, TON, ADA, AVAX, SHIB",Rakesh Upadhyay,"https://images.cointelegraph.com/cdn-cgi/image/format=auto,onerror=redirect,quality=90,width=1200/https://s3.cointelegraph.com/uploads/2024-07/ddb02397-3168-4121-acdf-9e518629a660.jpg",cointelegraph.com,"Blockchain,Financial Markets",0.021721,Neutral,"[{""ticker"": ""CRYPTO:BTC"", ""relevance_score"": ""0.224013"", ""ticker_sentiment_score"": ""0.075001"", ""ticker_sentiment_label"": ""Neutral""}, {""ticker"": ""CRYPTO:ETH"", ""relevance_score"": ""0.097062"", ""ticker_sentiment_score"": ""0.07997"", ""ticker_sentiment_label"": ""Neutral""}, {""ticker"": ""CRYPTO:SHIB"", ""relevance_score"": ""0.097062"", ""ticker_sentiment_score"": ""0.085656"", ""ticker_sentiment_label"": ""Neutral""}, {""ticker"": ""CRYPTO:DOGE"", ""relevance_score"": ""0.097062"", ""ticker_sentiment_score"": ""0.007692"", ""ticker_sentiment_label"": ""Neutral""}, {""ticker"": ""CRYPTO:ADA"", ""relevance_score"": ""0.097062"", ""ticker_sentiment_score"": ""-0.126667"", ""ticker_sentiment_label"": ""Neutral""}]"
2024-07-17,"• World's First NEAR Protocol ETP Launched: Valour has launched the world's first ETP for the NEAR Protocol token on the Spotlight Stock Market in , providing secure and diversified exposure to the NEAR ecosystem. • Significant Market Impact: The NEAR Protocol supports decentralised applications ...",Canada Newswire,https://www.newswire.ca/news-releases/defi-technologies-subsidiary-valour-inc-announces-launch-of-world-s-first-exchange-traded-product-for-the-near-protocol-token-844973917.html,0.061949,https://www.newswire.ca/news-releases/defi-technologies-subsidiary-valour-inc-announces-launch-of-world-s-first-exchange-traded-product-for-the-near-protocol-token-844973917.html,DeFi Technologies' Subsidiary Valour Inc. Announces Launch of World's first Exchange Traded Product for the NEAR Protocol Token,DeFi Technologies Inc.,https://mma.prnewswire.com/media/2463169/DeFi_Technologies_Inc__DeFi_Technologies__Subsidiary_Valour_Inc_.jpg?p=facebook,www.newswire.ca,"Blockchain,Financial Markets",0.277461,Somewhat-Bullish,"[{""ticker"": ""CRYPTO:BTC"", ""relevance_score"": ""0.273467"", ""ticker_sentiment_score"": ""0.128514"", ""ticker_sentiment_label"": ""Neutral""}, {""ticker"": ""CRYPTO:ETH"", ""relevance_score"": ""0.123526"", ""ticker_sentiment_score"": ""0.073586"", ""ticker_sentiment_label"": ""Neutral""}, {""ticker"": ""CRYPTO:LINK"", ""relevance_score"": ""0.061949"", ""ticker_sentiment_score"": ""0.063106"", ""ticker_sentiment_label"": ""Neutral""}, {""ticker"": ""CRYPTO:UNI"", ""relevance_score"": ""0.061949"", ""ticker_sentiment_score"": ""0.063106"", ""ticker_sentiment_label"": ""Neutral""}, {""ticker"": ""CRYPTO:ADA"", ""relevance_score"": ""0.061949"", ""ticker_sentiment_score"": ""0.063106"", ""ticker_sentiment_label"": ""Neutral""}]"
2024-07-17,Valour Inc. has launched the world's first Exchange Traded Product (ETP) for the NEAR Protocol token on the Spotlight Stock Market in Sweden ...,GlobeNewswire,https://www.globenewswire.com/news-release/2024/07/17/2914452/0/en/DeFi-Technologies-Subsidiary-Valour-Inc-Announces-Launch-of-World-s-first-Exchange-Traded-Product-for-the-NEAR-Protocol-Token.html,0.033375,https://www.globenewswire.com/news-release/2024/07/17/2914452/0/en/DeFi-Technologies-Subsidiary-Valour-Inc-Announces-Launch-of-World-s-first-Exchange-Traded-Product-for-the-NEAR-Protocol-Token.html,DeFi Technologies' Subsidiary Valour Inc. Announces Launch of World's first Exchange Traded Product for the NEAR Protocol Token,DeFi Technologies Inc.,https://ml.globenewswire.com/Resource/Download/518c3a4f-bd85-457a-a197-1f330493c6d7,www.globenewswire.com,"Blockchain,Financial Markets",0.264674,Somewhat-Bullish,"[{""ticker"": ""CRYPTO:BTC"", ""relevance_score"": ""0.165712"", ""ticker_sentiment_score"": ""0.082115"", ""ticker_sentiment_label"": ""Neutral""}, {""ticker"": ""CRYPTO:ETH"", ""relevance_score"": ""0.066691"", ""ticker_sentiment_score"": ""0.05831"", ""ticker_sentiment_label"": ""Neutral""}, {""ticker"": ""CRYPTO:LINK"", ""relevance_score"": ""0.033375"", ""ticker_sentiment_score"": ""0.055606"", ""ticker_sentiment_label"": ""Neutral""}, {""ticker"": ""CRYPTO:UNI"", ""relevance_score"": ""0.033375"", ""ticker_sentiment_score"": ""0.055606"", ""ticker_sentiment_label"": ""Neutral""}, {""ticker"": ""CRYPTO:ADA"", ""relevance_score"": ""0.033375"", ""ticker_sentiment_score"": ""0.055606"", ""ticker_sentiment_label"": ""Neutral""}]"
2024-07-17,"XRP XRP/USD, the cryptocurrency developed by Ripple Labs, saw a significant 13% increase during European trading hours on Wednesday. What Happened: This surge caps a remarkable week for XRP, which has risen approximately 40% over the last seven days.",Benzinga,https://www.benzinga.com/markets/cryptocurrency/24/07/39816961/xrp-soars-40-in-a-week-can-this-coin-outpace-ethereum-killer-solana,0.111488,https://www.benzinga.com/markets/cryptocurrency/24/07/39816961/xrp-soars-40-in-a-week-can-this-coin-outpace-ethereum-killer-solana,XRP Soars 40% In A Week: Can This Coin Outpace 'Ethereum Killer' Solana?,Murtuza Merchant,https://cdn.benzinga.com/files/images/story/2024/07/17/ripple-shutter2.jpeg?width=1200&height=800&fit=crop,www.benzinga.com,"Finance,Blockchain,Financial Markets",0.379236,Bullish,"[{""ticker"": ""CME"", ""relevance_score"": ""0.111488"", ""ticker_sentiment_score"": ""0.0"", ""ticker_sentiment_label"": ""Neutral""}, {""ticker"": ""CRYPTO:ADA"", ""relevance_score"": ""0.111488"", ""ticker_sentiment_score"": ""0.091231"", ""ticker_sentiment_label"": ""Neutral""}]"
2024-07-18,"Cardano ADA/USD founder Charles Hoskinson waded into the debate around mixing politics with cryptocurrencies, unequivocally urging to vote for parties and leaders seen as friendly towards the industry.",Benzinga,https://www.benzinga.com/markets/cryptocurrency/24/07/39830824/ethereum-co-founder-charles-hoskinson-differs-with-old-rival-vitalik-buterin-on-mixing-cry,0.468029,https://www.benzinga.com/markets/cryptocurrency/24/07/39830824/ethereum-co-founder-charles-hoskinson-differs-with-old-rival-vitalik-buterin-on-mixing-cry,Ethereum Co-founder Charles Hoskinson Differs With Old Rival Vitalik Buterin On Mixing Crypto And Politics: 'A Vote For Biden Is A Vote For The Death Of The American Crypto Industry',Aniket Verma,https://cdn.benzinga.com/files/images/story/2024/07/18/Cardano-Photo-by-Dennis-Diatel-on-Shutte.jpeg?width=1200&height=800&fit=crop,www.benzinga.com,"Economy - Monetary,Blockchain,Financial Markets",0.07984,Neutral,"[{""ticker"": ""CRYPTO:ETH"", ""relevance_score"": ""0.565345"", ""ticker_sentiment_score"": ""0.020719"", ""ticker_sentiment_label"": ""Neutral""}, {""ticker"": ""CRYPTO:ADA"", ""relevance_score"": ""0.468029"", ""ticker_sentiment_score"": ""0.170391"", ""ticker_sentiment_label"": ""Somewhat-Bullish""}]"
2024-07-18,"This clash of views comes as the 2024 U.S. presidential election approaches, with significant implications for the future of cryptocurrency regulation in the country.",Cointelegraph,https://cointelegraph.com/news/hoskinson-counters-buterin-pro-crypto-voting,0.087185,https://cointelegraph.com/news/hoskinson-counters-buterin-pro-crypto-voting,Charles Hoskinson rejects Vitalik Buterin's view on pro-crypto voting,Amaka Nwaokocha,"https://images.cointelegraph.com/cdn-cgi/image/format=auto,onerror=redirect,quality=90,width=1200/https://s3.cointelegraph.com/uploads/2024-07/dee13329-3c3f-47dd-b09b-0d706234bfa6.jpg",cointelegraph.com,Blockchain,0.113923,Neutral,"[{""ticker"": ""CYFRF"", ""relevance_score"": ""0.087185"", ""ticker_sentiment_score"": ""0.427272"", ""ticker_sentiment_label"": ""Bullish""}, {""ticker"": ""CRYPTO:ETH"", ""relevance_score"": ""0.173333"", ""ticker_sentiment_score"": ""0.039073"", ""ticker_sentiment_label"": ""Neutral""}, {""ticker"": ""CRYPTO:ADA"", ""relevance_score"": ""0.087185"", ""ticker_sentiment_score"": ""0.0"", ""ticker_sentiment_label"": ""Neutral""}]"
2024-07-18,"Cardano's ADA/USD price has decreased 3.93% over the past 24 hours to $0.43. This is contrary to the coins performance over the past week where it has experienced an up-trend of 9.0%, moving from $0.40 to its current price.",Benzinga,https://www.benzinga.com/insights/cryptocurrency/24/07/39841226/cardano-falls-more-than-3-in-24-hours,0.578355,https://www.benzinga.com/insights/cryptocurrency/24/07/39841226/cardano-falls-more-than-3-in-24-hours,Cardano Falls More Than 3% In 24 hours,Benzinga Insights,https://cdn.benzinga.com/files/images/story/2023/crypto_movers_image_0.png?width=1200&height=800&fit=crop,www.benzinga.com,Financial Markets,0.084727,Neutral,"[{""ticker"": ""CRYPTO:ADA"", ""relevance_score"": ""0.578355"", ""ticker_sentiment_score"": ""0.003436"", ""ticker_sentiment_label"": ""Neutral""}]"
2024-07-18,"MMC earnings call for the period ending June 30, 2024.",Motley Fool,https://www.fool.com/earnings/call-transcripts/2024/07/18/marsh-mclennan-companies-mmc-q2-2024-earnings-call/,0.009683,https://www.fool.com/earnings/call-transcripts/2024/07/18/marsh-mclennan-companies-mmc-q2-2024-earnings-call/,Marsh & McLennan Companies  ( MMC )  Q2 2024 Earnings Call Transcript,Motley Fool Transcribing,https://g.foolcdn.com/misc-assets/fool-transcripts-logo.png,www.fool.com,"Economy - Monetary,Financial Markets,Earnings,Mergers & Acquisitions,Finance",0.300646,Somewhat-Bullish,"[{""ticker"": ""EVR"", ""relevance_score"": ""0.004842"", ""ticker_sentiment_score"": ""0.0"", ""ticker_sentiment_label"": ""Neutral""}, {""ticker"": ""AWON"", ""relevance_score"": ""0.004842"", ""ticker_sentiment_score"": ""0.003952"", ""ticker_sentiment_label"": ""Neutral""}, {""ticker"": ""GS"", ""relevance_score"": ""0.004842"", ""ticker_sentiment_score"": ""-0.058494"", ""ticker_sentiment_label"": ""Neutral""}, {""ticker"": ""WFC"", ""relevance_score"": ""0.004842"", ""ticker_sentiment_score"": ""0.0"", ""ticker_sentiment_label"": ""Neutral""}, {""ticker"": ""CRYPTO:ADA"", ""relevance_score"": ""0.009683"", ""ticker_sentiment_score"": ""0.189959"", ""ticker_sentiment_label"": ""Somewhat-Bullish""}]"
2024-07-19,"Bitrue Ventures' new fund aims to support Web3 startups with up to $200,000 in investment, offering extensive industry resources.",Cointelegraph,https://cointelegraph.com/news/bitrue-ventures-launches-40-million-web3-fund,0.131643,https://cointelegraph.com/news/bitrue-ventures-launches-40-million-web3-fund,Bitrue Ventures launches Web3-focused $40M investment fund,Arijit Sarkar,"https://images.cointelegraph.com/cdn-cgi/image/format=auto,onerror=redirect,quality=90,width=1200/https://s3.cointelegraph.com/uploads/2024-07/53424ac2-ee52-413c-ac31-fd30c7df70b7.jpg",cointelegraph.com,"Economy - Monetary,Blockchain,Financial Markets",0.180765,Somewhat-Bullish,"[{""ticker"": ""CRYPTO:ETH"", ""relevance_score"": ""0.259727"", ""ticker_sentiment_score"": ""0.145891"", ""ticker_sentiment_label"": ""Neutral""}, {""ticker"": ""CRYPTO:SHIB"", ""relevance_score"": ""0.259727"", ""ticker_sentiment_score"": ""0.145891"", ""ticker_sentiment_label"": ""Neutral""}, {""ticker"": ""CRYPTO:MATIC"", ""relevance_score"": ""0.131643"", ""ticker_sentiment_score"": ""0.090272"", ""ticker_sentiment_label"": ""Neutral""}, {""ticker"": ""CRYPTO:ADA"", ""relevance_score"": ""0.131643"", ""ticker_sentiment_score"": ""0.0"", ""ticker_sentiment_label"": ""Neutral""}]"
2024-07-19,The world's second largest cryptocurrency still has near-term catalysts.,Motley Fool,https://www.fool.com/investing/2024/07/19/is-ethereum-a-no-brainer-buy-after-the-bitcoin-hal/,0.149966,https://www.fool.com/investing/2024/07/19/is-ethereum-a-no-brainer-buy-after-the-bitcoin-hal/,Is Ethereum a No-Brainer Buy After the Bitcoin Halving?,Leo Sun,https://g.foolcdn.com/image/?url=https%3A%2F%2Fg.foolcdn.com%2Feditorial%2Fimages%2F783634%2Fethereum-virtual-money-getty-71317.jpg&op=resize&w=700,www.fool.com,"Blockchain,Financial Markets",0.113702,Neutral,"[{""ticker"": ""CRYPTO:BTC"", ""relevance_score"": ""0.42944"", ""ticker_sentiment_score"": ""0.305217"", ""ticker_sentiment_label"": ""Somewhat-Bullish""}, {""ticker"": ""CRYPTO:ETH"", ""relevance_score"": ""0.716023"", ""ticker_sentiment_score"": ""0.253255"", ""ticker_sentiment_label"": ""Somewhat-Bullish""}, {""ticker"": ""CRYPTO:ADA"", ""relevance_score"": ""0.149966"", ""ticker_sentiment_score"": ""-0.094357"", ""ticker_sentiment_label"": ""Neutral""}]"
2024-07-19,EU regulators introduce standardized crypto-asset classification under MiCA with a new test and guidelines to ensure uniformity across the market as regulations begin to come into play.,Cointelegraph,https://cointelegraph.com/news/eu-mica-crypto-asset-classification-tools,0.279015,https://cointelegraph.com/news/eu-mica-crypto-asset-classification-tools,EU releases crypto-asset classification tools to help firms comply with MiCA,Savannah Fortis,"https://images.cointelegraph.com/cdn-cgi/image/format=auto,onerror=redirect,quality=90,width=1200/https://s3.cointelegraph.com/uploads/2024-07/f5972da5-953c-40e7-8291-2b3e0cc87c5b.jpg",cointelegraph.com,"Blockchain,Financial Markets",0.125608,Neutral,"[{""ticker"": ""CRYPTO:ETH"", ""relevance_score"": ""0.094762"", ""ticker_sentiment_score"": ""0.0"", ""ticker_sentiment_label"": ""Neutral""}, {""ticker"": ""CRYPTO:ADA"", ""relevance_score"": ""0.279015"", ""ticker_sentiment_score"": ""0.200829"", ""ticker_sentiment_label"": ""Somewhat-Bullish""}]"
2024-07-19,"Bitcoin turned up sharply and broke above the overhead resistance, indicating the resumption of the upmove toward $70,000.",Cointelegraph,https://cointelegraph.com/news/price-analysis-7-19-btc-eth-bnb-sol-xrp-doge-ton-ada-avax-shib,0.104531,https://cointelegraph.com/news/price-analysis-7-19-btc-eth-bnb-sol-xrp-doge-ton-ada-avax-shib,"Price analysis 7/19: BTC, ETH, BNB, SOL, XRP, DOGE, TON, ADA, AVAX, SHIB",Rakesh Upadhyay,"https://images.cointelegraph.com/cdn-cgi/image/format=auto,onerror=redirect,quality=90,width=1200/https://s3.cointelegraph.com/uploads/2024-07/49c7e806-481e-4a31-a3e9-e6fa1951a244.jpg",cointelegraph.com,"Blockchain,Financial Markets",0.050684,Neutral,"[{""ticker"": ""CRYPTO:BTC"", ""relevance_score"": ""0.240829"", ""ticker_sentiment_score"": ""0.020509"", ""ticker_sentiment_label"": ""Neutral""}, {""ticker"": ""CRYPTO:ETH"", ""relevance_score"": ""0.104531"", ""ticker_sentiment_score"": ""0.068401"", ""ticker_sentiment_label"": ""Neutral""}, {""ticker"": ""CRYPTO:SHIB"", ""relevance_score"": ""0.104531"", ""ticker_sentiment_score"": ""0.073046"", ""ticker_sentiment_label"": ""Neutral""}, {""ticker"": ""CRYPTO:DOGE"", ""relevance_score"": ""0.104531"", ""ticker_sentiment_score"": ""0.251276"", ""ticker_sentiment_label"": ""Somewhat-Bullish""}, {""ticker"": ""CRYPTO:ADA"", ""relevance_score"": ""0.104531"", ""ticker_sentiment_score"": ""-0.07948"", ""ticker_sentiment_label"": ""Neutral""}]"
2024-07-20,Is Solana on track for a major price surge? See how it compares to Ethereum and other rivals.,Motley Fool,https://www.fool.com/investing/2024/07/20/is-solana-on-track-to-hit-200-by-2025/,0.093836,https://www.fool.com/investing/2024/07/20/is-solana-on-track-to-hit-200-by-2025/,Is Solana on Track to Hit $200 by 2025?,Anders Bylund,https://g.foolcdn.com/editorial/images/783819/ben-franklin-100-bill-glances-at-calculator-2025.jpg,www.fool.com,Blockchain,0.357143,Bullish,"[{""ticker"": ""CRYPTO:ETH"", ""relevance_score"": ""0.276387"", ""ticker_sentiment_score"": ""0.285176"", ""ticker_sentiment_label"": ""Somewhat-Bullish""}, {""ticker"": ""CRYPTO:SOL"", ""relevance_score"": ""0.046999"", ""ticker_sentiment_score"": ""0.344049"", ""ticker_sentiment_label"": ""Somewhat-Bullish""}, {""ticker"": ""CRYPTO:AVAX"", ""relevance_score"": ""0.046999"", ""ticker_sentiment_score"": ""0.09221"", ""ticker_sentiment_label"": ""Neutral""}, {""ticker"": ""CRYPTO:TRX"", ""relevance_score"": ""0.046999"", ""ticker_sentiment_score"": ""0.09221"", ""ticker_sentiment_label"": ""Neutral""}, {""ticker"": ""CRYPTO:ADA"", ""relevance_score"": ""0.093836"", ""ticker_sentiment_score"": ""0.097905"", ""ticker_sentiment_label"": ""Neutral""}]"
2024-07-22,"Digital investment products are witnessing solid buying, but it may take a stronger trigger to propel Bitcoin to a new all-time high.",Cointelegraph,https://cointelegraph.com/news/price-analysis-7-22-spx-dxy-btc-eth-bnb-sol-xrp-ton-doge-ada,0.100588,https://cointelegraph.com/news/price-analysis-7-22-spx-dxy-btc-eth-bnb-sol-xrp-ton-doge-ada,"Price analysis 7/22: SPX, DXY, BTC, ETH, BNB, SOL, XRP, TON, DOGE, ADA",Rakesh Upadhyay,"https://images.cointelegraph.com/cdn-cgi/image/format=auto,onerror=redirect,quality=90,width=1200/https://s3.cointelegraph.com/uploads/2024-07/ee3df864-c4a4-452b-88ca-04a43065a805.jpg",cointelegraph.com,"Blockchain,Financial Markets,Economy - Macro",0.007281,Neutral,"[{""ticker"": ""FOREX:USD"", ""relevance_score"": ""0.033609"", ""ticker_sentiment_score"": ""-0.230125"", ""ticker_sentiment_label"": ""Somewhat-Bearish""}, {""ticker"": ""CRYPTO:BTC"", ""relevance_score"": ""0.263942"", ""ticker_sentiment_score"": ""0.034983"", ""ticker_sentiment_label"": ""Neutral""}, {""ticker"": ""CRYPTO:ETH"", ""relevance_score"": ""0.100588"", ""ticker_sentiment_score"": ""-0.081565"", ""ticker_sentiment_label"": ""Neutral""}, {""ticker"": ""CRYPTO:DOGE"", ""relevance_score"": ""0.100588"", ""ticker_sentiment_score"": ""-0.087211"", ""ticker_sentiment_label"": ""Neutral""}, {""ticker"": ""CRYPTO:ADA"", ""relevance_score"": ""0.100588"", ""ticker_sentiment_score"": ""-0.04292"", ""ticker_sentiment_label"": ""Neutral""}]"
2024-07-23,"Over the past 24 hours, Cardano's ADA/USD price has fallen 4.8% to $0.41. This continues its negative trend over the past week where it has experienced a 7.0% loss, moving from $0.44 to its current price.",Benzinga,https://www.benzinga.com/insights/cryptocurrency/24/07/39915958/cardano-decreases-more-than-4-within-24-hours,0.550532,https://www.benzinga.com/insights/cryptocurrency/24/07/39915958/cardano-decreases-more-than-4-within-24-hours,Cardano Decreases More Than 4% Within 24 hours,Benzinga Insights,https://www.benzinga.com/files/images/story/2024/1721761206_0.png,www.benzinga.com,Financial Markets,-0.075902,Neutral,"[{""ticker"": ""CRYPTO:ADA"", ""relevance_score"": ""0.550532"", ""ticker_sentiment_score"": ""-0.269278"", ""ticker_sentiment_label"": ""Somewhat-Bearish""}]"
2024-07-24,Which of these volatile meme coins has a brighter future?,Motley Fool,https://www.fool.com/investing/2024/07/24/better-meme-coin-xrp-vs-cardano/,0.595343,https://www.fool.com/investing/2024/07/24/better-meme-coin-xrp-vs-cardano/,Better Meme Coin: XRP vs. Cardano,Leo Sun,https://g.foolcdn.com/image/?url=https%3A%2F%2Fg.foolcdn.com%2Feditorial%2Fimages%2F784020%2Fblockchain-cryptocurrency-data.jpg&op=resize&w=700,www.fool.com,"Blockchain,Financial Markets",0.123358,Neutral,"[{""ticker"": ""CURN"", ""relevance_score"": ""0.047465"", ""ticker_sentiment_score"": ""0.005992"", ""ticker_sentiment_label"": ""Neutral""}, {""ticker"": ""CRYPTO:BTC"", ""relevance_score"": ""0.094762"", ""ticker_sentiment_score"": ""0.043374"", ""ticker_sentiment_label"": ""Neutral""}, {""ticker"": ""CRYPTO:ETH"", ""relevance_score"": ""0.323078"", ""ticker_sentiment_score"": ""0.250945"", ""ticker_sentiment_label"": ""Somewhat-Bullish""}, {""ticker"": ""CRYPTO:ADA"", ""relevance_score"": ""0.595343"", ""ticker_sentiment_score"": ""0.234345"", ""ticker_sentiment_label"": ""Somewhat-Bullish""}]"
2024-07-24,"Bitcoin bulls are trying to protect the $65,500 level, but if they fail, a drop to $62,000 is possible.",Cointelegraph,https://cointelegraph.com/news/price-analysis-7-24-btc-eth-bnb-sol-xrp-doge-ton-ada-avax-shib,0.105449,https://cointelegraph.com/news/price-analysis-7-24-btc-eth-bnb-sol-xrp-doge-ton-ada-avax-shib,"Price analysis 7/24: BTC, ETH, BNB, SOL, XRP, DOGE, TON, ADA, AVAX, SHIB",Rakesh Upadhyay,"https://images.cointelegraph.com/cdn-cgi/image/format=auto,onerror=redirect,quality=90,width=1200/https://s3.cointelegraph.com/uploads/2024-07/7817059c-b879-4b22-a8dd-919c9c9c07ad.jpg",cointelegraph.com,"Blockchain,Financial Markets",0.01457,Neutral,"[{""ticker"": ""CRYPTO:BTC"", ""relevance_score"": ""0.24289"", ""ticker_sentiment_score"": ""-0.076096"", ""ticker_sentiment_label"": ""Neutral""}, {""ticker"": ""CRYPTO:ETH"", ""relevance_score"": ""0.24289"", ""ticker_sentiment_score"": ""0.017174"", ""ticker_sentiment_label"": ""Neutral""}, {""ticker"": ""CRYPTO:SHIB"", ""relevance_score"": ""0.105449"", ""ticker_sentiment_score"": ""-0.022483"", ""ticker_sentiment_label"": ""Neutral""}, {""ticker"": ""CRYPTO:DOGE"", ""relevance_score"": ""0.105449"", ""ticker_sentiment_score"": ""0.09495"", ""ticker_sentiment_label"": ""Neutral""}, {""ticker"": ""CRYPTO:ADA"", ""relevance_score"": ""0.105449"", ""ticker_sentiment_score"": ""-0.039701"", ""ticker_sentiment_label"": ""Neutral""}]"
2024-07-25,"Signum Bank says it's now eyeing further expansion into the European market, aiming to become fully MICA compliant by the first quarter of 2025.",Cointelegraph,https://cointelegraph.com/news/crypto-bank-sygnum-reaches-profitability-amid-trading-volume-spike,0.203215,https://cointelegraph.com/news/crypto-bank-sygnum-reaches-profitability-amid-trading-volume-spike,Crypto bank Sygnum posts profit after doubling crypto trading volumes,Brayden Lindrea,"https://images.cointelegraph.com/cdn-cgi/image/format=auto,onerror=redirect,quality=90,width=1200/https://s3.cointelegraph.com/uploads/2024-07/f478872c-2977-4a0e-a5aa-6d30112945d9.jpg",cointelegraph.com,"Blockchain,Financial Markets",0.251957,Somewhat-Bullish,"[{""ticker"": ""CRYPTO:BTC"", ""relevance_score"": ""0.393462"", ""ticker_sentiment_score"": ""0.486452"", ""ticker_sentiment_label"": ""Bullish""}, {""ticker"": ""CRYPTO:ETH"", ""relevance_score"": ""0.632565"", ""ticker_sentiment_score"": ""0.461716"", ""ticker_sentiment_label"": ""Bullish""}, {""ticker"": ""CRYPTO:ADA"", ""relevance_score"": ""0.203215"", ""ticker_sentiment_score"": ""0.142364"", ""ticker_sentiment_label"": ""Neutral""}]"
2024-07-25,The first phase of the Chang era is the beginning of the network's transition to decentralized governance.,Cointelegraph,https://cointelegraph.com/news/cardano-chang-hard-fork-node-9-1-0,0.781591,https://cointelegraph.com/news/cardano-chang-hard-fork-node-9-1-0,Cardano ready for Chang hard fork after latest validator node release,Derek Andersen,"https://images.cointelegraph.com/cdn-cgi/image/format=auto,onerror=redirect,quality=90,width=1200/https://s3.cointelegraph.com/uploads/2024-07/cb766332-5475-438a-a714-c6b5dbb047f4.jpg",cointelegraph.com,Blockchain,0.10461,Neutral,"[{""ticker"": ""CRYPTO:ADA"", ""relevance_score"": ""0.781591"", ""ticker_sentiment_score"": ""0.326436"", ""ticker_sentiment_label"": ""Somewhat-Bullish""}]"
2024-07-26,"Over the past 24 hours, Cardano's ADA/USD price has risen 4.68% to $0.41. This is contrary to its negative trend over the past week where it has experienced a 4.0% loss, moving from $0.43 to its current price. As it stands right now, the coin's all-time high is $3.09.",Benzinga,https://www.benzinga.com/insights/cryptocurrency/24/07/39986841/cardano-up-more-than-4-in-24-hours,0.543004,https://www.benzinga.com/insights/cryptocurrency/24/07/39986841/cardano-up-more-than-4-in-24-hours,Cardano Up More Than 4% In 24 hours,Benzinga Insights,https://www.benzinga.com/files/images/story/2024/1722006154_0.png,www.benzinga.com,Financial Markets,-0.05951,Neutral,"[{""ticker"": ""CRYPTO:ADA"", ""relevance_score"": ""0.543004"", ""ticker_sentiment_score"": ""-0.230862"", ""ticker_sentiment_label"": ""Somewhat-Bearish""}]"
2024-07-26,"If Ethereum ETFs can't get traction, altcoins won't either.",Motley Fool,https://www.fool.com/investing/2024/07/26/why-ethereum-dragged-the-crypto-market-lower-this/,0.33514,https://www.fool.com/investing/2024/07/26/why-ethereum-dragged-the-crypto-market-lower-this/,Why Ethereum Dragged the Crypto Market Lower This Week,Travis Hoium,https://g.foolcdn.com/editorial/images/784804/currency-and-crypto-digitization.jpg,www.fool.com,"Blockchain,Financial Markets",-0.058309,Neutral,"[{""ticker"": ""SPGI"", ""relevance_score"": ""0.086245"", ""ticker_sentiment_score"": ""-0.009537"", ""ticker_sentiment_label"": ""Neutral""}, {""ticker"": ""CRYPTO:BTC"", ""relevance_score"": ""0.411848"", ""ticker_sentiment_score"": ""-0.067642"", ""ticker_sentiment_label"": ""Neutral""}, {""ticker"": ""CRYPTO:ETH"", ""relevance_score"": ""0.806275"", ""ticker_sentiment_score"": ""-0.004069"", ""ticker_sentiment_label"": ""Neutral""}, {""ticker"": ""CRYPTO:ADA"", ""relevance_score"": ""0.33514"", ""ticker_sentiment_score"": ""-0.288476"", ""ticker_sentiment_label"": ""Somewhat-Bearish""}]"
2024-07-26,"Bitcoin's recovery from the $63,500 level is encouraging, but higher levels may face solid resistance from the bears.",Cointelegraph,https://cointelegraph.com/news/price-analysis-7-26-btc-eth-bnb-sol-xrp-doge-ton-ada-avax-shib,0.104988,https://cointelegraph.com/news/price-analysis-7-26-btc-eth-bnb-sol-xrp-doge-ton-ada-avax-shib,"Price analysis 7/26: BTC, ETH, BNB, SOL, XRP, DOGE, TON, ADA, AVAX, SHIB",Rakesh Upadhyay,"https://images.cointelegraph.com/cdn-cgi/image/format=auto,onerror=redirect,quality=90,width=1200/https://s3.cointelegraph.com/uploads/2024-07/1c0b1b78-8807-4ac0-bf24-16d3c972de2a.jpg",cointelegraph.com,"Real Estate & Construction,Blockchain,Financial Markets",0.0,Neutral,"[{""ticker"": ""MARA"", ""relevance_score"": ""0.035086"", ""ticker_sentiment_score"": ""0.053939"", ""ticker_sentiment_label"": ""Neutral""}, {""ticker"": ""CRYPTO:BTC"", ""relevance_score"": ""0.461997"", ""ticker_sentiment_score"": ""-0.033432"", ""ticker_sentiment_label"": ""Neutral""}, {""ticker"": ""CRYPTO:ETH"", ""relevance_score"": ""0.139669"", ""ticker_sentiment_score"": ""-0.044338"", ""ticker_sentiment_label"": ""Neutral""}, {""ticker"": ""CRYPTO:SHIB"", ""relevance_score"": ""0.104988"", ""ticker_sentiment_score"": ""-0.150187"", ""ticker_sentiment_label"": ""Somewhat-Bearish""}, {""ticker"": ""CRYPTO:DOGE"", ""relevance_score"": ""0.104988"", ""ticker_sentiment_score"": ""0.005594"", ""ticker_sentiment_label"": ""Neutral""}, {""ticker"": ""CRYPTO:ADA"", ""relevance_score"": ""0.104988"", ""ticker_sentiment_score"": ""0.124507"", ""ticker_sentiment_label"": ""Neutral""}]"
2024-07-26,"Digital assets are taking a giant leap toward mass adoption through Crashr, brainchild of Samiz Bayan, here to flip the script on traditional trading. Ready to simplify and revolutionize digital asset trading, Crashr has launched its beta on the Mainnet.",Benzinga,https://www.benzinga.com/partner/general/24/07/39992418/a-new-way-to-transact-on-chain-with-crashr,0.310843,https://www.benzinga.com/partner/general/24/07/39992418/a-new-way-to-transact-on-chain-with-crashr,A New Way To Transact On-Chain With Crashr,Tom White,https://editorial-assets.benzinga.com/wp-content/uploads/2024/07/26150331/Screenshot-2024-07-27-at-12.32.11%E2%80%AFAM-1024x560.png,www.benzinga.com,"Blockchain,Financial Markets",0.351577,Bullish,"[{""ticker"": ""CRYPTO:BTC"", ""relevance_score"": ""0.045569"", ""ticker_sentiment_score"": ""0.176117"", ""ticker_sentiment_label"": ""Somewhat-Bullish""}, {""ticker"": ""CRYPTO:ETH"", ""relevance_score"": ""0.045569"", ""ticker_sentiment_score"": ""0.176117"", ""ticker_sentiment_label"": ""Somewhat-Bullish""}, {""ticker"": ""CRYPTO:ADA"", ""relevance_score"": ""0.310843"", ""ticker_sentiment_score"": ""0.381313"", ""ticker_sentiment_label"": ""Bullish""}]"
2024-07-29,"Bitcoin turned down from $70,000, a sign that bears are fiercely defending the overhead resistance, but the price whipsaws are having limited impact on altcoins.",Cointelegraph,https://cointelegraph.com/news/price-analysis-7-29-spx-dxy-btc-eth-sol-bnb-xrp-doge-ton-ada,0.099202,https://cointelegraph.com/news/price-analysis-7-29-spx-dxy-btc-eth-sol-bnb-xrp-doge-ton-ada,"Price analysis 7/29: SPX, DXY, BTC, ETH, SOL, BNB, XRP, DOGE, TON, ADA",Rakesh Upadhyay,"https://images.cointelegraph.com/cdn-cgi/image/format=auto,onerror=redirect,quality=90,width=1200/https://s3.cointelegraph.com/uploads/2024-07/a2e238dc-8c4d-4d5c-bcaa-5bcfa751912f.jpg",cointelegraph.com,"Economy - Monetary,Economy - Macro,Financial Markets",0.009611,Neutral,"[{""ticker"": ""FOREX:USD"", ""relevance_score"": ""0.033144"", ""ticker_sentiment_score"": ""0.0"", ""ticker_sentiment_label"": ""Neutral""}, {""ticker"": ""CRYPTO:BTC"", ""relevance_score"": ""0.352375"", ""ticker_sentiment_score"": ""0.099038"", ""ticker_sentiment_label"": ""Neutral""}, {""ticker"": ""CRYPTO:ETH"", ""relevance_score"": ""0.164581"", ""ticker_sentiment_score"": ""0.136634"", ""ticker_sentiment_label"": ""Neutral""}, {""ticker"": ""CRYPTO:DOGE"", ""relevance_score"": ""0.099202"", ""ticker_sentiment_score"": ""0.079327"", ""ticker_sentiment_label"": ""Neutral""}, {""ticker"": ""CRYPTO:ADA"", ""relevance_score"": ""0.099202"", ""ticker_sentiment_score"": ""0.029223"", ""ticker_sentiment_label"": ""Neutral""}]"
2024-07-30,"The SEC has retracted its request for a court ruling to classify tokens such as Solana, Cardano, Polygon and others as securities.",Cointelegraph,https://cointelegraph.com/news/sec-drops-ruling-request-security-token-claims-binance-lawsuit,0.198221,https://cointelegraph.com/news/sec-drops-ruling-request-security-token-claims-binance-lawsuit,"SEC backs down on claiming SOL, ADA, MATIC and other tokens are securities in Binance suit",Ezra Reguerra,"https://images.cointelegraph.com/cdn-cgi/image/format=auto,onerror=redirect,quality=90,width=1200/https://s3.cointelegraph.com/uploads/2024-07/8815cee4-84b5-4e91-ae72-5dbc264fd8e9.jpg",cointelegraph.com,"Blockchain,Financial Markets",0.048315,Neutral,"[{""ticker"": ""CRYPTO:BTC"", ""relevance_score"": ""0.198221"", ""ticker_sentiment_score"": ""0.078615"", ""ticker_sentiment_label"": ""Neutral""}, {""ticker"": ""CRYPTO:BUSD"", ""relevance_score"": ""0.198221"", ""ticker_sentiment_score"": ""0.0"", ""ticker_sentiment_label"": ""Neutral""}, {""ticker"": ""CRYPTO:MANA"", ""relevance_score"": ""0.198221"", ""ticker_sentiment_score"": ""0.0"", ""ticker_sentiment_label"": ""Neutral""}, {""ticker"": ""CRYPTO:RUNE"", ""relevance_score"": ""0.09989"", ""ticker_sentiment_score"": ""-0.235021"", ""ticker_sentiment_label"": ""Somewhat-Bearish""}, {""ticker"": ""CRYPTO:ADA"", ""relevance_score"": ""0.198221"", ""ticker_sentiment_score"": ""0.0"", ""ticker_sentiment_label"": ""Neutral""}]"
2024-07-30,"The amended complaint would delay the court's need to rule on whether SOL, MATIC, ADA and other ""third party crypto"" assets are securities.",Decrypt.co,https://decrypt.co/242315/sec-might-shelve-allegation-that-solana-is-a-security-in-binance-lawsuit,0.252987,https://decrypt.co/242315/sec-might-shelve-allegation-that-solana-is-a-security-in-binance-lawsuit,SEC Might Shelve Allegation That Solana Is a Security in Binance Lawsuit,Stacy Elliott,https://cdn.decrypt.co/resize/1024/height/512/wp-content/uploads/2023/10/SEC-Crypto-shutterstock_2346339641-16x9-1-gID_7.jpg,decrypt.co,"Blockchain,Financial Markets",-0.064985,Neutral,"[{""ticker"": ""CRYPTO:FIL"", ""relevance_score"": ""0.170275"", ""ticker_sentiment_score"": ""0.108343"", ""ticker_sentiment_label"": ""Neutral""}, {""ticker"": ""CRYPTO:MANA"", ""relevance_score"": ""0.170275"", ""ticker_sentiment_score"": ""0.108343"", ""ticker_sentiment_label"": ""Neutral""}, {""ticker"": ""CRYPTO:ALGO"", ""relevance_score"": ""0.170275"", ""ticker_sentiment_score"": ""0.108343"", ""ticker_sentiment_label"": ""Neutral""}, {""ticker"": ""CRYPTO:ADA"", ""relevance_score"": ""0.252987"", ""ticker_sentiment_score"": ""0.009806"", ""ticker_sentiment_label"": ""Neutral""}]"
2024-07-31,"Bitcoin bulls have held the $65,000 level, but BTC and altcoin charts show it's too early for traders to expect a short-term trend reversal.",Cointelegraph,https://cointelegraph.com/news/price-analysis-7-31-btc-eth-bnb-sol-xrp-doge-ton-ada-avax-shib,0.106541,https://cointelegraph.com/news/price-analysis-7-31-btc-eth-bnb-sol-xrp-doge-ton-ada-avax-shib,"Price analysis 7/31: BTC, ETH, BNB, SOL, XRP, DOGE, TON, ADA, AVAX, SHIB",Rakesh Upadhyay,"https://images.cointelegraph.com/cdn-cgi/image/format=auto,onerror=redirect,quality=90,width=1200/https://s3.cointelegraph.com/uploads/2024-07/a2aa7964-8dfb-4573-998d-685445d30106.jpg",cointelegraph.com,"Blockchain,Financial Markets",0.014552,Neutral,"[{""ticker"": ""CRYPTO:BTC"", ""relevance_score"": ""0.344712"", ""ticker_sentiment_score"": ""0.15418"", ""ticker_sentiment_label"": ""Somewhat-Bullish""}, {""ticker"": ""CRYPTO:AVAX"", ""relevance_score"": ""0.071145"", ""ticker_sentiment_score"": ""-0.062142"", ""ticker_sentiment_label"": ""Neutral""}, {""ticker"": ""CRYPTO:BNB"", ""relevance_score"": ""0.106541"", ""ticker_sentiment_score"": ""0.20263"", ""ticker_sentiment_label"": ""Somewhat-Bullish""}, {""ticker"": ""CRYPTO:XRP"", ""relevance_score"": ""0.106541"", ""ticker_sentiment_score"": ""-0.002232"", ""ticker_sentiment_label"": ""Neutral""}, {""ticker"": ""CRYPTO:SHIB"", ""relevance_score"": ""0.106541"", ""ticker_sentiment_score"": ""0.020052"", ""ticker_sentiment_label"": ""Neutral""}, {""ticker"": ""CRYPTO:DOGE"", ""relevance_score"": ""0.106541"", ""ticker_sentiment_score"": ""0.050766"", ""ticker_sentiment_label"": ""Neutral""}, {""ticker"": ""CRYPTO:USDT"", ""relevance_score"": ""0.344712"", ""ticker_sentiment_score"": ""0.133047"", ""ticker_sentiment_label"": ""Neutral""}, {""ticker"": ""CRYPTO:ADA"", ""relevance_score"": ""0.106541"", ""ticker_sentiment_score"": ""0.11378"", ""ticker_sentiment_label"": ""Neutral""}]"
2024-07-31,"According to pseudonymous crypto trader Mags, the altcoin market broke out after 525 days of accumulation and will likely resume an uptrend.",Cointelegraph,https://cointelegraph.com/news/whales-preparing-next-altcoin-rally-cryptoquant-founder,0.199037,https://cointelegraph.com/news/whales-preparing-next-altcoin-rally-cryptoquant-founder,'Whales are preparing for the next altcoin rally' - CryptoQuant founder,Vince Quill,"https://images.cointelegraph.com/cdn-cgi/image/format=auto,onerror=redirect,quality=90,width=1200/https://s3.cointelegraph.com/uploads/2024-07/64e4d6c3-7a39-4683-92d7-beeb21bf79ec.jpg",cointelegraph.com,Blockchain,0.162844,Somewhat-Bullish,"[{""ticker"": ""CRYPTO:BTC"", ""relevance_score"": ""0.38588"", ""ticker_sentiment_score"": ""0.279843"", ""ticker_sentiment_label"": ""Somewhat-Bullish""}, {""ticker"": ""CRYPTO:AAVE"", ""relevance_score"": ""0.199037"", ""ticker_sentiment_score"": ""0.066103"", ""ticker_sentiment_label"": ""Neutral""}, {""ticker"": ""CRYPTO:MATIC"", ""relevance_score"": ""0.100308"", ""ticker_sentiment_score"": ""0.164265"", ""ticker_sentiment_label"": ""Somewhat-Bullish""}, {""ticker"": ""CRYPTO:BNB"", ""relevance_score"": ""0.100308"", ""ticker_sentiment_score"": ""0.045594"", ""ticker_sentiment_label"": ""Neutral""}, {""ticker"": ""CRYPTO:CAKE"", ""relevance_score"": ""0.199037"", ""ticker_sentiment_score"": ""0.23662"", ""ticker_sentiment_label"": ""Somewhat-Bullish""}, {""ticker"": ""CRYPTO:XRP"", ""relevance_score"": ""0.199037"", ""ticker_sentiment_score"": ""0.066103"", ""ticker_sentiment_label"": ""Neutral""}, {""ticker"": ""CRYPTO:BNT"", ""relevance_score"": ""0.100308"", ""ticker_sentiment_score"": ""0.045594"", ""ticker_sentiment_label"": ""Neutral""}, {""ticker"": ""CRYPTO:LINK"", ""relevance_score"": ""0.199037"", ""ticker_sentiment_score"": ""0.066103"", ""ticker_sentiment_label"": ""Neutral""}, {""ticker"": ""CRYPTO:ADA"", ""relevance_score"": ""0.199037"", ""ticker_sentiment_score"": ""0.23662"", ""ticker_sentiment_label"": ""Somewhat-Bullish""}]"
2024-07-31,Bitcoin is beating the altcoin market despite the recent launch of Ethereum ETFs.,Decrypt.co,https://decrypt.co/242677/bitcoin-dominance-crypto-market-three-year-high-altcoins,0.090816,https://decrypt.co/242677/bitcoin-dominance-crypto-market-three-year-high-altcoins,"Bitcoin Dominance Taps Three-Year High, But Analyst Says Alts Are Poised to Rally",Andrew Throuvalas,https://cdn.decrypt.co/resize/1024/height/512/wp-content/uploads/2024/07/Bitcoin_Nguyen-Thi-Hieu-Trang_shutterstock_2442586303-gID_7.jpg,decrypt.co,"Blockchain,Financial Markets",0.241973,Somewhat-Bullish,"[{""ticker"": ""CRYPTO:BTC"", ""relevance_score"": ""0.575407"", ""ticker_sentiment_score"": ""0.366413"", ""ticker_sentiment_label"": ""Bullish""}, {""ticker"": ""CRYPTO:ETH"", ""relevance_score"": ""0.506284"", ""ticker_sentiment_score"": ""0.281502"", ""ticker_sentiment_label"": ""Somewhat-Bullish""}, {""ticker"": ""CRYPTO:ADA"", ""relevance_score"": ""0.090816"", ""ticker_sentiment_score"": ""0.185628"", ""ticker_sentiment_label"": ""Somewhat-Bullish""}]"
2024-08-01,"Stockholm, 1st of August 2024 - Today Virtune announces that it has finalized its monthly rebalancing for Virtune Crypto Top 10 Index ETP, listed on Nasdaq Stockholm for both the SEK-denominated ( ISIN code SE0020052207, ticker name VIR10SEK ) and the EUR-denominated ( ISIN code SE0020052215, ...",GlobeNewswire,https://www.globenewswire.com/news-release/2024/08/01/2922471/0/en/Virtune-AB-Publ-Virtune-has-completed-the-monthly-rebalancing-for-July-2024-of-its-Virtune-Crypto-Top-10-Index-ETP-the-first-crypto-index-ETP-in-the-Nordics.html,0.07157,https://www.globenewswire.com/news-release/2024/08/01/2922471/0/en/Virtune-AB-Publ-Virtune-has-completed-the-monthly-rebalancing-for-July-2024-of-its-Virtune-Crypto-Top-10-Index-ETP-the-first-crypto-index-ETP-in-the-Nordics.html,"Virtune AB  ( Publ )   ( ""Virtune"" )  has completed the monthly rebalancing for July 2024 of its Virtune Crypto Top 10 Index ETP, the first crypto index ETP in the Nordics.",Virtune AB (Publ),https://ml-eu.globenewswire.com/Resource/Download/da0bec69-79eb-4618-87fd-d96aa395aaed,www.globenewswire.com,"Blockchain,Financial Markets",0.264645,Somewhat-Bullish,"[{""ticker"": ""CRYPTO:BTC"", ""relevance_score"": ""0.142565"", ""ticker_sentiment_score"": ""0.126409"", ""ticker_sentiment_label"": ""Neutral""}, {""ticker"": ""CRYPTO:ETH"", ""relevance_score"": ""0.142565"", ""ticker_sentiment_score"": ""0.126409"", ""ticker_sentiment_label"": ""Neutral""}, {""ticker"": ""CRYPTO:LINK"", ""relevance_score"": ""0.07157"", ""ticker_sentiment_score"": ""-0.004035"", ""ticker_sentiment_label"": ""Neutral""}, {""ticker"": ""CRYPTO:UNI"", ""relevance_score"": ""0.07157"", ""ticker_sentiment_score"": ""0.041192"", ""ticker_sentiment_label"": ""Neutral""}, {""ticker"": ""CRYPTO:LTC"", ""relevance_score"": ""0.07157"", ""ticker_sentiment_score"": ""0.041192"", ""ticker_sentiment_label"": ""Neutral""}, {""ticker"": ""CRYPTO:ADA"", ""relevance_score"": ""0.07157"", ""ticker_sentiment_score"": ""-0.004035"", ""ticker_sentiment_label"": ""Neutral""}]"
2024-08-01,"Cardano's ADA/USD price has decreased 4.84% over the past 24 hours to $0.38, continuing its downward trend over the past week of -1.0%, moving from $0.39 to its current price. The chart below compares the price movement and volatility for Cardano over the past 24 hours ( left ) to its price ...",Benzinga,https://www.benzinga.com/insights/cryptocurrency/24/08/40104832/cardano-down-more-than-4-within-24-hours,0.56217,https://www.benzinga.com/insights/cryptocurrency/24/08/40104832/cardano-down-more-than-4-within-24-hours,Cardano Down More Than 4% Within 24 hours,Benzinga Insights,https://www.benzinga.com/files/images/story/2024/1722524556_0.png,www.benzinga.com,Financial Markets,0.011893,Neutral,"[{""ticker"": ""CRYPTO:ADA"", ""relevance_score"": ""0.56217"", ""ticker_sentiment_score"": ""-0.127503"", ""ticker_sentiment_label"": ""Neutral""}]"
2024-08-02,"The AMF is giving firms registered under its current DASP rules ample time to transition, too.",Cointelegraph,https://cointelegraph.com/news/french-amf-casp-applications-ahead-mica,0.136888,https://cointelegraph.com/news/french-amf-casp-applications-ahead-mica,French regulator accepting CASP applications ahead of MiCA rollout,Derek Andersen,"https://images.cointelegraph.com/cdn-cgi/image/format=auto,onerror=redirect,quality=90,width=1200/https://s3.cointelegraph.com/uploads/2024-08/a85554b1-2909-4f03-8d21-4e027f021a0f.jpg",cointelegraph.com,Blockchain,0.09573,Neutral,"[{""ticker"": ""CRYPTO:ADA"", ""relevance_score"": ""0.136888"", ""ticker_sentiment_score"": ""0.0"", ""ticker_sentiment_label"": ""Neutral""}]"
2024-08-02,"The sell-off in the global stock markets is casting a bearish shadow on the cryptocurrency markets, signaling near-term weakness.",Cointelegraph,https://cointelegraph.com/news/price-analysis-8-2-btc-eth-bnb-sol-xrp-doge-ton-ada-avax-shib,0.104988,https://cointelegraph.com/news/price-analysis-8-2-btc-eth-bnb-sol-xrp-doge-ton-ada-avax-shib,"Price analysis 8/2: BTC, ETH, BNB, SOL, XRP, DOGE, TON, ADA, AVAX, SHIB",Rakesh Upadhyay,"https://images.cointelegraph.com/cdn-cgi/image/format=auto,onerror=redirect,quality=90,width=1200/https://s3.cointelegraph.com/uploads/2024-08/bb285dda-75fb-4b7d-bcec-d6c3a3e1baa0.jpg",cointelegraph.com,"Blockchain,Financial Markets",-0.122337,Neutral,"[{""ticker"": ""CRYPTO:BTC"", ""relevance_score"": ""0.174083"", ""ticker_sentiment_score"": ""-0.074772"", ""ticker_sentiment_label"": ""Neutral""}, {""ticker"": ""CRYPTO:SHIB"", ""relevance_score"": ""0.104988"", ""ticker_sentiment_score"": ""-0.161701"", ""ticker_sentiment_label"": ""Somewhat-Bearish""}, {""ticker"": ""CRYPTO:DOGE"", ""relevance_score"": ""0.104988"", ""ticker_sentiment_score"": ""-0.110142"", ""ticker_sentiment_label"": ""Neutral""}, {""ticker"": ""CRYPTO:ADA"", ""relevance_score"": ""0.104988"", ""ticker_sentiment_score"": ""0.025406"", ""ticker_sentiment_label"": ""Neutral""}]"
2024-08-02,The agency's decision to put a pin in its arguments about Solana's security status has some legal experts optimistic-and others skeptical.,Decrypt.co,https://decrypt.co/242935/is-sec-backing-off-solana-its-complicated,0.121959,https://decrypt.co/242935/is-sec-backing-off-solana-its-complicated,Is the SEC Backing Off Solana? It's Complicated,Sander Lutz,https://cdn.decrypt.co/resize/1024/height/512/wp-content/uploads/2023/12/Solana-shutterstock_2149934137-16x9-1-gID_7.jpg,decrypt.co,"Finance,Blockchain,Financial Markets",0.03371,Neutral,"[{""ticker"": ""COIN"", ""relevance_score"": ""0.121959"", ""ticker_sentiment_score"": ""0.040522"", ""ticker_sentiment_label"": ""Neutral""}, {""ticker"": ""CRYPTO:ETH"", ""relevance_score"": ""0.182047"", ""ticker_sentiment_score"": ""0.018518"", ""ticker_sentiment_label"": ""Neutral""}, {""ticker"": ""CRYPTO:ADA"", ""relevance_score"": ""0.121959"", ""ticker_sentiment_score"": ""0.0"", ""ticker_sentiment_label"": ""Neutral""}]"
2024-08-04,"Katalin Tischhauser, head of investment research at Signum Bank, has joined other commentators who suggested that spot Solana and Cardano ETFs are unlikely, though VanEck may disagree.",Cointelegraph,https://cointelegraph.com/news/2-reasons-solana-other-altcoins-etfs-may-struggle-sygnum-bank,0.064973,https://cointelegraph.com/news/2-reasons-solana-other-altcoins-etfs-may-struggle-sygnum-bank,2 reasons Solana and other altcoins ETFs may struggle - Sygnum Bank,Martin Young,"https://images.cointelegraph.com/cdn-cgi/image/format=auto,onerror=redirect,quality=90,width=1200/https://s3.cointelegraph.com/uploads/2024-08/b10e50a6-c46f-4c93-91c9-be4f36cb2602.jpg",cointelegraph.com,"Finance,Blockchain,Financial Markets",0.184707,Somewhat-Bullish,"[{""ticker"": ""COIN"", ""relevance_score"": ""0.064973"", ""ticker_sentiment_score"": ""0.19187"", ""ticker_sentiment_label"": ""Somewhat-Bullish""}, {""ticker"": ""CRYPTO:BTC"", ""relevance_score"": ""0.375251"", ""ticker_sentiment_score"": ""0.202085"", ""ticker_sentiment_label"": ""Somewhat-Bullish""}, {""ticker"": ""CRYPTO:ETH"", ""relevance_score"": ""0.585052"", ""ticker_sentiment_score"": ""0.20381"", ""ticker_sentiment_label"": ""Somewhat-Bullish""}, {""ticker"": ""CRYPTO:RUNE"", ""relevance_score"": ""0.064973"", ""ticker_sentiment_score"": ""-0.220555"", ""ticker_sentiment_label"": ""Somewhat-Bearish""}, {""ticker"": ""CRYPTO:ADA"", ""relevance_score"": ""0.064973"", ""ticker_sentiment_score"": ""0.20839"", ""ticker_sentiment_label"": ""Somewhat-Bullish""}]"
2024-08-04,"Cardano may be down 34% for the year, but there's still time to turn things around.",Motley Fool,https://www.fool.com/investing/2024/08/04/3-reasons-cardano-could-bounce-back-in-the-second/,0.972985,https://www.fool.com/investing/2024/08/04/3-reasons-cardano-could-bounce-back-in-the-second/,3 Reasons Cardano Could Bounce Back in the Second Half of 2024,Dominic Basulto,https://g.foolcdn.com/image/?url=https%3A%2F%2Fg.foolcdn.com%2Feditorial%2Fimages%2F785499%2Fgettyimages-1367931244.jpg&op=resize&w=700,www.fool.com,"Finance,Blockchain,Financial Markets",0.113456,Neutral,"[{""ticker"": ""HOOD"", ""relevance_score"": ""0.1172"", ""ticker_sentiment_score"": ""0.132476"", ""ticker_sentiment_label"": ""Neutral""}, {""ticker"": ""COIN"", ""relevance_score"": ""0.1172"", ""ticker_sentiment_score"": ""0.06818"", ""ticker_sentiment_label"": ""Neutral""}, {""ticker"": ""CRYPTO:BTC"", ""relevance_score"": ""0.287537"", ""ticker_sentiment_score"": ""0.089945"", ""ticker_sentiment_label"": ""Neutral""}, {""ticker"": ""CRYPTO:ETH"", ""relevance_score"": ""0.231884"", ""ticker_sentiment_score"": ""0.007199"", ""ticker_sentiment_label"": ""Neutral""}, {""ticker"": ""CRYPTO:ADA"", ""relevance_score"": ""0.972985"", ""ticker_sentiment_score"": ""0.203382"", ""ticker_sentiment_label"": ""Somewhat-Bullish""}]"
2024-08-05,"Global equity markets witnessed a massive sell-off, pulling Bitcoin and several major cryptocurrencies to unexpected lows.",Cointelegraph,https://cointelegraph.com/news/price-analysis-8-5-spx-dxy-btc-eth-bnb-sol-xrp-doge-ton-ada,0.097457,https://cointelegraph.com/news/price-analysis-8-5-spx-dxy-btc-eth-bnb-sol-xrp-doge-ton-ada,"Price analysis 8/5: SPX, DXY, BTC, ETH, BNB, SOL, XRP, DOGE, TON, ADA",Rakesh Upadhyay,"https://images.cointelegraph.com/cdn-cgi/image/format=auto,onerror=redirect,quality=90,width=1200/https://s3.cointelegraph.com/uploads/2024-08/1bda6b24-6a18-42e5-bc67-2ecb93b0f579.jpg",cointelegraph.com,"Financial Markets,Economy - Macro",-0.092293,Neutral,"[{""ticker"": ""FOREX:USD"", ""relevance_score"": ""0.032558"", ""ticker_sentiment_score"": ""-0.010736"", ""ticker_sentiment_label"": ""Neutral""}, {""ticker"": ""CRYPTO:BTC"", ""relevance_score"": ""0.16171"", ""ticker_sentiment_score"": ""-0.323697"", ""ticker_sentiment_label"": ""Somewhat-Bearish""}, {""ticker"": ""CRYPTO:ETH"", ""relevance_score"": ""0.097457"", ""ticker_sentiment_score"": ""0.087651"", ""ticker_sentiment_label"": ""Neutral""}, {""ticker"": ""CRYPTO:DOGE"", ""relevance_score"": ""0.097457"", ""ticker_sentiment_score"": ""0.047428"", ""ticker_sentiment_label"": ""Neutral""}, {""ticker"": ""CRYPTO:ADA"", ""relevance_score"": ""0.097457"", ""ticker_sentiment_score"": ""0.097213"", ""ticker_sentiment_label"": ""Neutral""}]"
2024-08-05,"Over the past 24 hours, Cardano's ADA/USD price has fallen 9.94% to $0.31. This continues its negative trend over the past week where it has experienced a 22.0% loss, moving from $0.41 to its current price.",Benzinga,https://www.benzinga.com/insights/cryptocurrency/24/08/40169520/cardano-falls-more-than-9-in-24-hours,0.578355,https://www.benzinga.com/insights/cryptocurrency/24/08/40169520/cardano-falls-more-than-9-in-24-hours,Cardano Falls More Than 9% In 24 hours,Benzinga Insights,https://www.benzinga.com/files/images/story/2024/1722884622_0.png,www.benzinga.com,Financial Markets,-0.007199,Neutral,"[{""ticker"": ""CRYPTO:ADA"", ""relevance_score"": ""0.578355"", ""ticker_sentiment_score"": ""-0.167421"", ""ticker_sentiment_label"": ""Somewhat-Bearish""}]"
2024-08-06,"Strategic MOU Announcement: DeFi Technologies' subsidiary, Valour Inc., has signed a Memorandum of Understanding ( MOU ) with the Nairobi Securities Exchange ( NSE ) and SovFi Inc. to facilitate the creation, issuance, and trading of digital asset exchange-traded products ( ETPs ) in the African ...",Benzinga,https://www.benzinga.com/pressreleases/24/08/n40185500/defi-technologies-subsidiary-valour-inc-announces-landmark-mou-with-nairobi-securities-exchange-an,0.04076,https://www.benzinga.com/pressreleases/24/08/n40185500/defi-technologies-subsidiary-valour-inc-announces-landmark-mou-with-nairobi-securities-exchange-an,DeFi Technologies' Subsidiary Valour Inc. Announces Landmark MOU with Nairobi Securities Exchange and SovFi to Develop and Launch Valour ETPs in Africa - DeFi Technologies  ( OTC:DEFTF ) ,PRNewswire,https://mma.prnewswire.com/media/2476125/DeFi_Technologies_Inc__DeFi_Technologies__Subsidiary_Valour_Inc_.jpg,www.benzinga.com,"Blockchain,Financial Markets",0.363354,Bullish,"[{""ticker"": ""CRYPTO:BTC"", ""relevance_score"": ""0.201691"", ""ticker_sentiment_score"": ""0.129343"", ""ticker_sentiment_label"": ""Neutral""}, {""ticker"": ""CRYPTO:ETH"", ""relevance_score"": ""0.121856"", ""ticker_sentiment_score"": ""0.094402"", ""ticker_sentiment_label"": ""Neutral""}, {""ticker"": ""CRYPTO:LINK"", ""relevance_score"": ""0.04076"", ""ticker_sentiment_score"": ""0.048894"", ""ticker_sentiment_label"": ""Neutral""}, {""ticker"": ""CRYPTO:UNI"", ""relevance_score"": ""0.04076"", ""ticker_sentiment_score"": ""0.048894"", ""ticker_sentiment_label"": ""Neutral""}, {""ticker"": ""CRYPTO:ADA"", ""relevance_score"": ""0.04076"", ""ticker_sentiment_score"": ""0.048894"", ""ticker_sentiment_label"": ""Neutral""}]"
2024-08-07,"Bitcoin's recovery bounce is losing steam, indicating that the bears remain active at higher levels.",Cointelegraph,https://cointelegraph.com/news/price-analysis-8-7-btc-eth-bnb-sol-xrp-doge-ton-ada-avax-shib,0.101869,https://cointelegraph.com/news/price-analysis-8-7-btc-eth-bnb-sol-xrp-doge-ton-ada-avax-shib,"Price analysis 8/7: BTC, ETH, BNB, SOL, XRP, DOGE, TON, ADA, AVAX, SHIB",Rakesh Upadhyay,"https://images.cointelegraph.com/cdn-cgi/image/format=auto,onerror=redirect,quality=90,width=1200/https://s3.cointelegraph.com/uploads/2024-08/0d896710-e8a7-4d8c-b044-b2916cfeb2cb.jpg",cointelegraph.com,"Blockchain,Financial Markets",-0.043689,Neutral,"[{""ticker"": ""CRYPTO:BTC"", ""relevance_score"": ""0.267193"", ""ticker_sentiment_score"": ""-0.071735"", ""ticker_sentiment_label"": ""Neutral""}, {""ticker"": ""CRYPTO:AVAX"", ""relevance_score"": ""0.068016"", ""ticker_sentiment_score"": ""-0.188077"", ""ticker_sentiment_label"": ""Somewhat-Bearish""}, {""ticker"": ""CRYPTO:BNB"", ""relevance_score"": ""0.101869"", ""ticker_sentiment_score"": ""-0.098985"", ""ticker_sentiment_label"": ""Neutral""}, {""ticker"": ""CRYPTO:XRP"", ""relevance_score"": ""0.101869"", ""ticker_sentiment_score"": ""0.049046"", ""ticker_sentiment_label"": ""Neutral""}, {""ticker"": ""CRYPTO:ETH"", ""relevance_score"": ""0.168963"", ""ticker_sentiment_score"": ""-0.010193"", ""ticker_sentiment_label"": ""Neutral""}, {""ticker"": ""CRYPTO:SHIB"", ""relevance_score"": ""0.101869"", ""ticker_sentiment_score"": ""0.159354"", ""ticker_sentiment_label"": ""Somewhat-Bullish""}, {""ticker"": ""CRYPTO:DOGE"", ""relevance_score"": ""0.101869"", ""ticker_sentiment_score"": ""-0.059059"", ""ticker_sentiment_label"": ""Neutral""}, {""ticker"": ""CRYPTO:USDT"", ""relevance_score"": ""0.330433"", ""ticker_sentiment_score"": ""-0.060239"", ""ticker_sentiment_label"": ""Neutral""}, {""ticker"": ""CRYPTO:ADA"", ""relevance_score"": ""0.101869"", ""ticker_sentiment_score"": ""0.027136"", ""ticker_sentiment_label"": ""Neutral""}]"
2024-08-09,"Glauber Contessoto, popularly known as SlumDOGE Millionaire, reiterated his support for Cardano ADA/USD, despite the cryptocurrency's sluggish performance this year vis-à-vis the rest of the market.",Benzinga,https://www.benzinga.com/markets/cryptocurrency/24/08/40276421/dogecoin-millionaire-remains-optimistic-on-this-ethereum-co-founder-associated-coin-i-stil,0.948339,https://www.benzinga.com/markets/cryptocurrency/24/08/40276421/dogecoin-millionaire-remains-optimistic-on-this-ethereum-co-founder-associated-coin-i-stil,Dogecoin 'Millionaire' Remains Optimistic On This Ethereum Co-Founder Associated Coin: 'I Still Believe',Aniket Verma,https://cdn.benzinga.com/files/images/story/2024/08/09/Cryptocurrency-In-The-Form-Of-Coins.jpeg?width=1200&height=800&fit=crop,www.benzinga.com,Blockchain,0.345391,Somewhat-Bullish,"[{""ticker"": ""CRYPTO:BTC"", ""relevance_score"": ""0.483434"", ""ticker_sentiment_score"": ""0.45067"", ""ticker_sentiment_label"": ""Bullish""}, {""ticker"": ""CRYPTO:ETH"", ""relevance_score"": ""0.669433"", ""ticker_sentiment_score"": ""0.548381"", ""ticker_sentiment_label"": ""Bullish""}, {""ticker"": ""CRYPTO:DOGE"", ""relevance_score"": ""0.373378"", ""ticker_sentiment_score"": ""0.13299"", ""ticker_sentiment_label"": ""Neutral""}, {""ticker"": ""CRYPTO:SOL"", ""relevance_score"": ""0.128822"", ""ticker_sentiment_score"": ""0.275969"", ""ticker_sentiment_label"": ""Somewhat-Bullish""}, {""ticker"": ""CRYPTO:ADA"", ""relevance_score"": ""0.948339"", ""ticker_sentiment_score"": ""0.589495"", ""ticker_sentiment_label"": ""Bullish""}]"
2024-08-09,"While a strategic Bitcoin reserve may be good for price action, the US Treasury controlling 19% of the BTC supply raises unprecedented centralization concerns.",Cointelegraph,https://cointelegraph.com/news/us-bitcoin-reserve-centralization-risk-hoskinson,0.303175,https://cointelegraph.com/news/us-bitcoin-reserve-centralization-risk-hoskinson,Bitcoin as a US reserve asset is 'great for price' but poses significant risks - Charles Hoskinson,Zoltan Vardai,"https://images.cointelegraph.com/cdn-cgi/image/format=auto,onerror=redirect,quality=90,width=1200/https://s3.cointelegraph.com/uploads/2024-08/432a8aa3-02ed-4918-89cd-bcfde7360761.jpg",cointelegraph.com,"Blockchain,Financial Markets",0.078284,Neutral,"[{""ticker"": ""CRYPTO:BTC"", ""relevance_score"": ""0.930964"", ""ticker_sentiment_score"": ""0.139361"", ""ticker_sentiment_label"": ""Neutral""}, {""ticker"": ""CRYPTO:ETH"", ""relevance_score"": ""0.303175"", ""ticker_sentiment_score"": ""0.172035"", ""ticker_sentiment_label"": ""Somewhat-Bullish""}, {""ticker"": ""CRYPTO:ADA"", ""relevance_score"": ""0.303175"", ""ticker_sentiment_score"": ""0.090579"", ""ticker_sentiment_label"": ""Neutral""}]"
2024-08-09,"Buyers are struggling to build upon Bitcoin's sharp recovery on Aug. 8, indicating that the bears remain active at higher levels.",Cointelegraph,https://cointelegraph.com/news/price-analysis-8-9-btc-eth-bnb-sol-xrp-doge-ton-ada-avax-shib,0.104988,https://cointelegraph.com/news/price-analysis-8-9-btc-eth-bnb-sol-xrp-doge-ton-ada-avax-shib,"Price analysis 8/9: BTC, ETH, BNB, SOL, XRP, DOGE, TON, ADA, AVAX, SHIB",Rakesh Upadhyay,"https://images.cointelegraph.com/cdn-cgi/image/format=auto,onerror=redirect,quality=90,width=1200/https://s3.cointelegraph.com/uploads/2024-08/d2a5c627-59d3-4f5d-bd8f-ea52680d1856.jpg",cointelegraph.com,"Blockchain,Financial Markets",-0.117776,Neutral,"[{""ticker"": ""CRYPTO:BTC"", ""relevance_score"": ""0.402403"", ""ticker_sentiment_score"": ""-0.191719"", ""ticker_sentiment_label"": ""Somewhat-Bearish""}, {""ticker"": ""CRYPTO:SHIB"", ""relevance_score"": ""0.104988"", ""ticker_sentiment_score"": ""-0.143661"", ""ticker_sentiment_label"": ""Neutral""}, {""ticker"": ""CRYPTO:DOGE"", ""relevance_score"": ""0.104988"", ""ticker_sentiment_score"": ""-0.007782"", ""ticker_sentiment_label"": ""Neutral""}, {""ticker"": ""CRYPTO:ADA"", ""relevance_score"": ""0.104988"", ""ticker_sentiment_score"": ""0.024799"", ""ticker_sentiment_label"": ""Neutral""}]"
2024-08-10,Critics argue that the Fed's actions represent a significant overreach and could stifle innovation in the rapidly growing cryptocurrency sector.,Cointelegraph,https://cointelegraph.com/news/fed-action-customers-bank-harris-crypto-reset,0.102888,https://cointelegraph.com/news/fed-action-customers-bank-harris-crypto-reset,Harris campaign's alleged crypto reset questioned amid Fed's bank action,Amaka Nwaokocha,"https://images.cointelegraph.com/cdn-cgi/image/format=auto,onerror=redirect,quality=90,width=1200/https://s3.cointelegraph.com/uploads/2024-08/8b1400f2-a845-4957-a8f9-5a5d01d4f1a1.jpg",cointelegraph.com,"Economy - Monetary,Blockchain",-0.009621,Neutral,"[{""ticker"": ""CRYPTO:ADA"", ""relevance_score"": ""0.102888"", ""ticker_sentiment_score"": ""-0.105005"", ""ticker_sentiment_label"": ""Neutral""}]"
2024-08-11,Solana continues to outperform Bitcoin this year. The reason why might surprise you.,Motley Fool,https://www.fool.com/investing/2024/08/11/forget-bitcoin-only-a-handful-of-top-cryptocurrenc/,0.100941,https://www.fool.com/investing/2024/08/11/forget-bitcoin-only-a-handful-of-top-cryptocurrenc/,Forget Bitcoin? Only a Handful of Top Cryptocurrencies Have Outperformed It So Far in 2024,Dominic Basulto,https://g.foolcdn.com/image/?url=https%3A%2F%2Fg.foolcdn.com%2Feditorial%2Fimages%2F786486%2Fgettyimages-1430338400.jpg&op=resize&w=700,www.fool.com,"Blockchain,Financial Markets",0.188732,Somewhat-Bullish,"[{""ticker"": ""CRYPTO:BTC"", ""relevance_score"": ""0.514619"", ""ticker_sentiment_score"": ""0.180191"", ""ticker_sentiment_label"": ""Somewhat-Bullish""}, {""ticker"": ""CRYPTO:MATIC"", ""relevance_score"": ""0.050572"", ""ticker_sentiment_score"": ""0.260508"", ""ticker_sentiment_label"": ""Somewhat-Bullish""}, {""ticker"": ""CRYPTO:SOL"", ""relevance_score"": ""0.050572"", ""ticker_sentiment_score"": ""-0.148305"", ""ticker_sentiment_label"": ""Neutral""}, {""ticker"": ""CRYPTO:AVAX"", ""relevance_score"": ""0.050572"", ""ticker_sentiment_score"": ""-0.148305"", ""ticker_sentiment_label"": ""Neutral""}, {""ticker"": ""CRYPTO:ETH"", ""relevance_score"": ""0.474082"", ""ticker_sentiment_score"": ""0.359458"", ""ticker_sentiment_label"": ""Bullish""}, {""ticker"": ""CRYPTO:SHIB"", ""relevance_score"": ""0.050572"", ""ticker_sentiment_score"": ""0.134307"", ""ticker_sentiment_label"": ""Neutral""}, {""ticker"": ""CRYPTO:ADA"", ""relevance_score"": ""0.100941"", ""ticker_sentiment_score"": ""-0.159178"", ""ticker_sentiment_label"": ""Somewhat-Bearish""}]"
2024-08-12,"VICTORIA, Seychelles, Aug. 12, 2024 ( GLOBE NEWSWIRE ) -- Bitget, a leading cryptocurrency exchange and Web3 company, is reinforcing its commitment to educating a broader audience about blockchain-related topics by collaborating with the University of Zurich and by sponsoring its ""Deep Dive Into ...",Benzinga,https://www.benzinga.com/pressreleases/24/08/g40312140/bitget-fuels-blockchain-talent-by-collaborating-with-university-of-zurich,0.064276,https://www.benzinga.com/pressreleases/24/08/g40312140/bitget-fuels-blockchain-talent-by-collaborating-with-university-of-zurich,Bitget Fuels Blockchain Talent By Collaborating with University of Zurich,Globe Newswire,https://ml-eu.globenewswire.com/Resource/Download/a8672a1a-32e7-470b-a6c3-8a57faec00d3/image3.png,www.benzinga.com,"Blockchain,Financial Markets",0.463581,Bullish,"[{""ticker"": ""CRYPTO:ADA"", ""relevance_score"": ""0.064276"", ""ticker_sentiment_score"": ""0.173271"", ""ticker_sentiment_label"": ""Somewhat-Bullish""}]"
2024-08-12,"The S&P 500 Index is extending its recovery, boosting buying in Bitcoin and select altcoins in the near term.",Cointelegraph,https://cointelegraph.com/news/price-analysis-8-12-spx-dxy-btc-eth-bnb-sol-xrp-doge-ton-ada,0.104228,https://cointelegraph.com/news/price-analysis-8-12-spx-dxy-btc-eth-bnb-sol-xrp-doge-ton-ada,"Price analysis 8/12: SPX, DXY, BTC, ETH, BNB, SOL, XRP, DOGE, TON, ADA",Rakesh Upadhyay,"https://images.cointelegraph.com/cdn-cgi/image/format=auto,onerror=redirect,quality=90,width=1200/https://s3.cointelegraph.com/uploads/2024-08/a48d5b94-e075-4494-bc33-5a65c5749141.jpg",cointelegraph.com,"Blockchain,Financial Markets,Economy - Macro",-0.110236,Neutral,"[{""ticker"": ""FOREX:USD"", ""relevance_score"": ""0.034831"", ""ticker_sentiment_score"": ""0.078808"", ""ticker_sentiment_label"": ""Neutral""}, {""ticker"": ""CRYPTO:BTC"", ""relevance_score"": ""0.240149"", ""ticker_sentiment_score"": ""-0.130043"", ""ticker_sentiment_label"": ""Neutral""}, {""ticker"": ""CRYPTO:ETH"", ""relevance_score"": ""0.104228"", ""ticker_sentiment_score"": ""-0.063785"", ""ticker_sentiment_label"": ""Neutral""}, {""ticker"": ""CRYPTO:DOGE"", ""relevance_score"": ""0.104228"", ""ticker_sentiment_score"": ""-0.023825"", ""ticker_sentiment_label"": ""Neutral""}, {""ticker"": ""CRYPTO:ADA"", ""relevance_score"": ""0.104228"", ""ticker_sentiment_score"": ""0.007747"", ""ticker_sentiment_label"": ""Neutral""}]"
2024-08-13,Cardano's ADA/USD stable user base has prompted some traders to consider the altcoin as undervalued and due for a potential bullish reversal.,Benzinga,https://www.benzinga.com/markets/cryptocurrency/24/08/40349636/cardanos-long-term-holders-at-an-all-time-high-is-a-bullish-reversal-in-the-making,0.733479,https://www.benzinga.com/markets/cryptocurrency/24/08/40349636/cardanos-long-term-holders-at-an-all-time-high-is-a-bullish-reversal-in-the-making,Cardano's Long-Term Holders At An All-Time High: Is A 'Bullish Reversal' In The Making?,Khyathi Dalal,https://cdn.benzinga.com/files/images/story/2024/08/13/10--Cardano-ADA.jpeg?width=1200&height=800&fit=crop,www.benzinga.com,"Blockchain,Financial Markets",0.317223,Somewhat-Bullish,"[{""ticker"": ""CRYPTO:ADA"", ""relevance_score"": ""0.733479"", ""ticker_sentiment_score"": ""0.422621"", ""ticker_sentiment_label"": ""Bullish""}]"
2024-08-14,"Bitcoin is finding it difficult to rise above the overhead moving averages, indicating that the bears are trying to flip the level into resistance.",Cointelegraph,https://cointelegraph.com/news/price-analysis-8-14-btc-eth-bnb-sol-xrp-doge-ton-ada-avax-shib,0.100168,https://cointelegraph.com/news/price-analysis-8-14-btc-eth-bnb-sol-xrp-doge-ton-ada-avax-shib,"Price analysis 8/14: BTC, ETH, BNB, SOL, XRP, DOGE, TON, ADA, AVAX, SHIB",Rakesh Upadhyay,"https://images.cointelegraph.com/cdn-cgi/image/format=auto,onerror=redirect,quality=90,width=1200/https://s3.cointelegraph.com/uploads/2024-08/07c2c5e3-290e-4374-91cd-1114fe19850e.jpg",cointelegraph.com,"Blockchain,Financial Markets",-0.098404,Neutral,"[{""ticker"": ""CRYPTO:BTC"", ""relevance_score"": ""0.325208"", ""ticker_sentiment_score"": ""0.129224"", ""ticker_sentiment_label"": ""Neutral""}, {""ticker"": ""CRYPTO:AVAX"", ""relevance_score"": ""0.066877"", ""ticker_sentiment_score"": ""-0.135985"", ""ticker_sentiment_label"": ""Neutral""}, {""ticker"": ""CRYPTO:BNB"", ""relevance_score"": ""0.100168"", ""ticker_sentiment_score"": ""-0.041696"", ""ticker_sentiment_label"": ""Neutral""}, {""ticker"": ""CRYPTO:XRP"", ""relevance_score"": ""0.100168"", ""ticker_sentiment_score"": ""-0.061805"", ""ticker_sentiment_label"": ""Neutral""}, {""ticker"": ""CRYPTO:ETH"", ""relevance_score"": ""0.166169"", ""ticker_sentiment_score"": ""-0.18832"", ""ticker_sentiment_label"": ""Somewhat-Bearish""}, {""ticker"": ""CRYPTO:SHIB"", ""relevance_score"": ""0.100168"", ""ticker_sentiment_score"": ""-0.002181"", ""ticker_sentiment_label"": ""Neutral""}, {""ticker"": ""CRYPTO:DOGE"", ""relevance_score"": ""0.100168"", ""ticker_sentiment_score"": ""-0.112633"", ""ticker_sentiment_label"": ""Neutral""}, {""ticker"": ""CRYPTO:USDT"", ""relevance_score"": ""0.325208"", ""ticker_sentiment_score"": ""-0.045447"", ""ticker_sentiment_label"": ""Neutral""}, {""ticker"": ""CRYPTO:ADA"", ""relevance_score"": ""0.100168"", ""ticker_sentiment_score"": ""-0.149259"", ""ticker_sentiment_label"": ""Neutral""}]"
2024-08-16,Continued development and expansion of Virtune's product offering and distribution platforms,GlobeNewswire,https://www.globenewswire.com/news-release/2024/08/16/2931368/0/en/Half-year-report-2024.html,0.051886,https://www.globenewswire.com/news-release/2024/08/16/2931368/0/en/Half-year-report-2024.html,Half-year report 2024,Virtune AB (Publ),https://ml-eu.globenewswire.com/Resource/Download/da0bec69-79eb-4618-87fd-d96aa395aaed,www.globenewswire.com,"Earnings,Blockchain,Financial Markets",0.317881,Somewhat-Bullish,"[{""ticker"": ""CRYPTO:BTC"", ""relevance_score"": ""0.154785"", ""ticker_sentiment_score"": ""0.220088"", ""ticker_sentiment_label"": ""Somewhat-Bullish""}, {""ticker"": ""CRYPTO:ETH"", ""relevance_score"": ""0.103554"", ""ticker_sentiment_score"": ""0.182361"", ""ticker_sentiment_label"": ""Somewhat-Bullish""}, {""ticker"": ""CRYPTO:ADA"", ""relevance_score"": ""0.051886"", ""ticker_sentiment_score"": ""0.085551"", ""ticker_sentiment_label"": ""Neutral""}]"
2024-08-16,"Over the past 24 hours, Cardano's ADA/USD price has fallen 4.02% to $0.32. This continues its negative trend over the past week where it has experienced a 5.0% loss, moving from $0.34 to its current price.",Benzinga,https://www.benzinga.com/insights/cryptocurrency/24/08/40419070/cardano-falls-more-than-4-in-24-hours,0.56217,https://www.benzinga.com/insights/cryptocurrency/24/08/40419070/cardano-falls-more-than-4-in-24-hours,Cardano Falls More Than 4% In 24 hours,Benzinga Insights,https://www.benzinga.com/files/images/story/2024/1723820406_0.png,www.benzinga.com,Financial Markets,-0.031023,Neutral,"[{""ticker"": ""CRYPTO:ADA"", ""relevance_score"": ""0.56217"", ""ticker_sentiment_score"": ""-0.200006"", ""ticker_sentiment_label"": ""Somewhat-Bearish""}]"
2024-08-16,"Bitcoin bulls are holding on to the $55,500 support, but an increase in futures open interest and a death cross on the BTC chart have traders worried that further downside is in store.",Cointelegraph,https://cointelegraph.com/news/price-analysis-8-16-btc-eth-bnb-sol-xrp-doge-ton-ada-avax-shib,0.09893,https://cointelegraph.com/news/price-analysis-8-16-btc-eth-bnb-sol-xrp-doge-ton-ada-avax-shib,"Price analysis 8/16: BTC, ETH, BNB, SOL, XRP, DOGE, TON, ADA, AVAX, SHIB",Rakesh Upadhyay,"https://images.cointelegraph.com/cdn-cgi/image/format=auto,onerror=redirect,quality=90,width=1200/https://s3.cointelegraph.com/uploads/2024-08/ca4bc6a2-d30e-4ed9-8c36-ac7f7ddf3cb2.jpg",cointelegraph.com,"Blockchain,Financial Markets",0.0,Neutral,"[{""ticker"": ""CRYPTO:BTC"", ""relevance_score"": ""0.259727"", ""ticker_sentiment_score"": ""0.175316"", ""ticker_sentiment_label"": ""Somewhat-Bullish""}, {""ticker"": ""CRYPTO:SHIB"", ""relevance_score"": ""0.09893"", ""ticker_sentiment_score"": ""-0.103857"", ""ticker_sentiment_label"": ""Neutral""}, {""ticker"": ""CRYPTO:DOGE"", ""relevance_score"": ""0.09893"", ""ticker_sentiment_score"": ""0.075124"", ""ticker_sentiment_label"": ""Neutral""}, {""ticker"": ""CRYPTO:ADA"", ""relevance_score"": ""0.09893"", ""ticker_sentiment_score"": ""0.017238"", ""ticker_sentiment_label"": ""Neutral""}]"
2024-08-17,Find out why this cryptocurrency might be a promising investment at this low price.,Motley Fool,https://www.fool.com/investing/2024/08/17/should-you-buy-ripple-xrp-while-its-less-than-060/,0.099066,https://www.fool.com/investing/2024/08/17/should-you-buy-ripple-xrp-while-its-less-than-060/,Should You Buy Ripple  ( XRP )  While It's Less Than $0.60?,Anders Bylund,https://g.foolcdn.com/editorial/images/787393/ripple-and-cash.jpg,www.fool.com,"Economy - Monetary,Financial Markets,Finance,Blockchain",0.271775,Somewhat-Bullish,"[{""ticker"": ""BAC"", ""relevance_score"": ""0.099066"", ""ticker_sentiment_score"": ""0.0"", ""ticker_sentiment_label"": ""Neutral""}, {""ticker"": ""SAN"", ""relevance_score"": ""0.099066"", ""ticker_sentiment_score"": ""0.0"", ""ticker_sentiment_label"": ""Neutral""}, {""ticker"": ""SCBFF"", ""relevance_score"": ""0.049629"", ""ticker_sentiment_score"": ""0.0"", ""ticker_sentiment_label"": ""Neutral""}, {""ticker"": ""CRYPTO:BTC"", ""relevance_score"": ""0.148121"", ""ticker_sentiment_score"": ""0.110008"", ""ticker_sentiment_label"": ""Neutral""}, {""ticker"": ""CRYPTO:SHIB"", ""relevance_score"": ""0.099066"", ""ticker_sentiment_score"": ""0.136431"", ""ticker_sentiment_label"": ""Neutral""}, {""ticker"": ""CRYPTO:DOGE"", ""relevance_score"": ""0.049629"", ""ticker_sentiment_score"": ""0.119955"", ""ticker_sentiment_label"": ""Neutral""}, {""ticker"": ""CRYPTO:ADA"", ""relevance_score"": ""0.099066"", ""ticker_sentiment_score"": ""0.159418"", ""ticker_sentiment_label"": ""Somewhat-Bullish""}]"
2024-08-19,ADA falls from the top 10 list of largest cryptocurrencies as competing blockchains see an uptick in users.,Cointelegraph,https://cointelegraph.com/news/cardano-ada-loses-spot-in-top-10-biggest-market-cap-cryptos-as-tron-sees-growth,0.754476,https://cointelegraph.com/news/cardano-ada-loses-spot-in-top-10-biggest-market-cap-cryptos-as-tron-sees-growth,Cardano  ( ADA )  loses top 10 crypto spot as Tron sees growth,Nancy Lubale,"https://images.cointelegraph.com/cdn-cgi/image/format=auto,onerror=redirect,quality=90,width=1200/https://s3.cointelegraph.com/uploads/2024-08/HI%20What_s%20happening%20with%20XRP%20Cardano",cointelegraph.com,Blockchain,-0.031337,Neutral,"[{""ticker"": ""CRYPTO:BTC"", ""relevance_score"": ""0.301315"", ""ticker_sentiment_score"": ""-0.118737"", ""ticker_sentiment_label"": ""Neutral""}, {""ticker"": ""CRYPTO:ETH"", ""relevance_score"": ""0.15347"", ""ticker_sentiment_score"": ""0.136824"", ""ticker_sentiment_label"": ""Neutral""}, {""ticker"": ""CRYPTO:TRX"", ""relevance_score"": ""0.15347"", ""ticker_sentiment_score"": ""0.0"", ""ticker_sentiment_label"": ""Neutral""}, {""ticker"": ""CRYPTO:ADA"", ""relevance_score"": ""0.754476"", ""ticker_sentiment_score"": ""0.200603"", ""ticker_sentiment_label"": ""Somewhat-Bullish""}]"
2024-08-19,"The S&P 500 Index is nearing its all-time high, but Bitcoin is struggling to rise above $60,000, pointing to further underperformance in the near term.",Cointelegraph,https://cointelegraph.com/news/price-analysis-8-19-spx-dxy-btc-eth-bnb-sol-xrp-doge-ton-ada,0.099066,https://cointelegraph.com/news/price-analysis-8-19-spx-dxy-btc-eth-bnb-sol-xrp-doge-ton-ada,"Price analysis 8/19: SPX, DXY, BTC, ETH, BNB, SOL, XRP, DOGE, TON, ADA",Rakesh Upadhyay,"https://images.cointelegraph.com/cdn-cgi/image/format=auto,onerror=redirect,quality=90,width=1200/https://s3.cointelegraph.com/uploads/2024-08/5924baf8-c8d3-47bd-8a59-10d1a8fe623b.jpg",cointelegraph.com,"Economy - Monetary,Economy - Macro",-0.036175,Neutral,"[{""ticker"": ""FOREX:USD"", ""relevance_score"": ""0.033098"", ""ticker_sentiment_score"": ""-0.090907"", ""ticker_sentiment_label"": ""Neutral""}, {""ticker"": ""CRYPTO:BTC"", ""relevance_score"": ""0.260073"", ""ticker_sentiment_score"": ""0.041725"", ""ticker_sentiment_label"": ""Neutral""}, {""ticker"": ""CRYPTO:DOGE"", ""relevance_score"": ""0.099066"", ""ticker_sentiment_score"": ""-0.192894"", ""ticker_sentiment_label"": ""Somewhat-Bearish""}, {""ticker"": ""CRYPTO:ADA"", ""relevance_score"": ""0.099066"", ""ticker_sentiment_score"": ""0.013361"", ""ticker_sentiment_label"": ""Neutral""}]"
2024-08-19,"From Vitalik's dad telling him about Bitcoin, through to the upcoming Pectra upgrade, these are the key moments in Ethereum's life.",Cointelegraph,https://cointelegraph.com/magazine/11-critical-moments-ethereum-history-that-made-eth-no2-blockchain/,0.017795,https://cointelegraph.com/magazine/11-critical-moments-ethereum-history-that-made-eth-no2-blockchain/,11 critical moments in Ethereum's history that made it the No.2 blockchain,Raserei,,cointelegraph.com,"Economy - Monetary,Financial Markets,Finance,Blockchain",0.12568,Neutral,"[{""ticker"": ""BLK"", ""relevance_score"": ""0.05335"", ""ticker_sentiment_score"": ""0.081703"", ""ticker_sentiment_label"": ""Neutral""}, {""ticker"": ""CRYPTO:BTC"", ""relevance_score"": ""0.159101"", ""ticker_sentiment_score"": ""0.102081"", ""ticker_sentiment_label"": ""Neutral""}, {""ticker"": ""CRYPTO:ETH"", ""relevance_score"": ""0.811821"", ""ticker_sentiment_score"": ""0.172966"", ""ticker_sentiment_label"": ""Somewhat-Bullish""}, {""ticker"": ""CRYPTO:AAVE"", ""relevance_score"": ""0.017795"", ""ticker_sentiment_score"": ""0.0"", ""ticker_sentiment_label"": ""Neutral""}, {""ticker"": ""CRYPTO:UNI"", ""relevance_score"": ""0.017795"", ""ticker_sentiment_score"": ""0.040163"", ""ticker_sentiment_label"": ""Neutral""}, {""ticker"": ""CRYPTO:ETC"", ""relevance_score"": ""0.017795"", ""ticker_sentiment_score"": ""0.020015"", ""ticker_sentiment_label"": ""Neutral""}, {""ticker"": ""CRYPTO:ADA"", ""relevance_score"": ""0.017795"", ""ticker_sentiment_score"": ""0.048651"", ""ticker_sentiment_label"": ""Neutral""}]"
2024-08-19,Bitwise's acquisition of ETC Group follows Robinhood's $200mn purchase of crypto exchange Bitstamp in June ...,Financial Times,https://www.ft.com/content/11bb0265-f952-4e10-925c-d51866fc16ee,0.061631,https://www.ft.com/content/11bb0265-f952-4e10-925c-d51866fc16ee,US crypto manager seals deal to push into European market,"Will Schmitt,Steve Johnson",https://www.ft.com/__origami/service/image/v2/images/raw/https%3A%2F%2Fd1e00ek4ebabms.cloudfront.net%2Fproduction%2F680b5823-0800-49c7-9963-e1616bf8ca6c.png?source=next-article&fit=scale-down&quality=highest&width=700&dpr=1,www.ft.com,"Finance,Blockchain,Financial Markets",0.218021,Somewhat-Bullish,"[{""ticker"": ""BLK"", ""relevance_score"": ""0.061631"", ""ticker_sentiment_score"": ""0.197131"", ""ticker_sentiment_label"": ""Somewhat-Bullish""}, {""ticker"": ""CRYPTO:BTC"", ""relevance_score"": ""0.300946"", ""ticker_sentiment_score"": ""0.174292"", ""ticker_sentiment_label"": ""Somewhat-Bullish""}, {""ticker"": ""CRYPTO:ADA"", ""relevance_score"": ""0.061631"", ""ticker_sentiment_score"": ""0.157481"", ""ticker_sentiment_label"": ""Somewhat-Bullish""}, {""ticker"": ""CRYPTO:LTC"", ""relevance_score"": ""0.061631"", ""ticker_sentiment_score"": ""0.157481"", ""ticker_sentiment_label"": ""Somewhat-Bullish""}]"
2024-08-21,"Over the past 24 hours, Cardano's ADA/USD price rose 4.36% to $0.35. This continues its positive trend over the past week where it has experienced a 6.0% gain, moving from $0.34 to its current price. As it stands right now, the coin's all-time high is $3.09.",Benzinga,https://www.benzinga.com/insights/cryptocurrency/24/08/40487739/cardano-rises-more-than-4-in-24-hours,0.532043,https://www.benzinga.com/insights/cryptocurrency/24/08/40487739/cardano-rises-more-than-4-in-24-hours,Cardano Rises More Than 4% In 24 hours,Benzinga Insights,https://www.benzinga.com/files/images/story/2024/1724252406_0.png,www.benzinga.com,Financial Markets,0.143039,Neutral,"[{""ticker"": ""CRYPTO:ADA"", ""relevance_score"": ""0.532043"", ""ticker_sentiment_score"": ""0.123996"", ""ticker_sentiment_label"": ""Neutral""}]"
2024-08-21,"The spot Bitcoin ETFs have continued to attract inflows, suggesting that the long-term bullish view remains intact.",Cointelegraph,https://cointelegraph.com/news/price-analysis-8-21-btc-eth-bnb-sol-xrp-doge-ton-ada-avax-shib,0.103628,https://cointelegraph.com/news/price-analysis-8-21-btc-eth-bnb-sol-xrp-doge-ton-ada-avax-shib,"Price analysis 8/21: BTC, ETH, BNB, SOL, XRP, DOGE, TON, ADA, AVAX, SHIB",Rakesh Upadhyay,"https://images.cointelegraph.com/cdn-cgi/image/format=auto,onerror=redirect,quality=90,width=1200/https://s3.cointelegraph.com/uploads/2024-08/analysis%20analytics%20archaeologist%202",cointelegraph.com,"Blockchain,Financial Markets",0.002413,Neutral,"[{""ticker"": ""CRYPTO:BTC"", ""relevance_score"": ""0.367043"", ""ticker_sentiment_score"": ""0.228838"", ""ticker_sentiment_label"": ""Somewhat-Bullish""}, {""ticker"": ""CRYPTO:ETH"", ""relevance_score"": ""0.171851"", ""ticker_sentiment_score"": ""-0.145475"", ""ticker_sentiment_label"": ""Neutral""}, {""ticker"": ""CRYPTO:SHIB"", ""relevance_score"": ""0.103628"", ""ticker_sentiment_score"": ""0.027372"", ""ticker_sentiment_label"": ""Neutral""}, {""ticker"": ""CRYPTO:DOGE"", ""relevance_score"": ""0.103628"", ""ticker_sentiment_score"": ""-0.035295"", ""ticker_sentiment_label"": ""Neutral""}, {""ticker"": ""CRYPTO:ADA"", ""relevance_score"": ""0.103628"", ""ticker_sentiment_score"": ""-0.115904"", ""ticker_sentiment_label"": ""Neutral""}]"
2024-08-22,Pro basketballer Jimmy Butler and crypto influencer Ben Armstrong are looking to settle claims in a Binance-related class lawsuit while denying any wrongdoing.,Cointelegraph,https://cointelegraph.com/news/jimmy-butler-bitboy-settle-binance-promo-suit-340k,0.184598,https://cointelegraph.com/news/jimmy-butler-bitboy-settle-binance-promo-suit-340k,"Miami Heat star, 'Bitboy' agree to cough up $340K to settle Binance promo suit",Jesse Coghlan,"https://images.cointelegraph.com/cdn-cgi/image/format=auto,onerror=redirect,quality=90,width=1200/https://s3.cointelegraph.com/uploads/2024-08/HI%205%20key%20highlights%20of%20the%20SEC%E2%80%99s%20lawsuit%20against%20Binance",cointelegraph.com,Blockchain,-0.009757,Neutral,"[{""ticker"": ""CRYPTO:MATIC"", ""relevance_score"": ""0.092927"", ""ticker_sentiment_score"": ""-0.054139"", ""ticker_sentiment_label"": ""Neutral""}, {""ticker"": ""CRYPTO:MANA"", ""relevance_score"": ""0.184598"", ""ticker_sentiment_score"": ""-0.075598"", ""ticker_sentiment_label"": ""Neutral""}, {""ticker"": ""CRYPTO:BNB"", ""relevance_score"": ""0.273807"", ""ticker_sentiment_score"": ""-0.103262"", ""ticker_sentiment_label"": ""Neutral""}, {""ticker"": ""CRYPTO:FIL"", ""relevance_score"": ""0.184598"", ""ticker_sentiment_score"": ""-0.075598"", ""ticker_sentiment_label"": ""Neutral""}, {""ticker"": ""CRYPTO:BUSD"", ""relevance_score"": ""0.184598"", ""ticker_sentiment_score"": ""-0.075598"", ""ticker_sentiment_label"": ""Neutral""}, {""ticker"": ""CRYPTO:ALGO"", ""relevance_score"": ""0.184598"", ""ticker_sentiment_score"": ""-0.075598"", ""ticker_sentiment_label"": ""Neutral""}, {""ticker"": ""CRYPTO:ADA"", ""relevance_score"": ""0.184598"", ""ticker_sentiment_score"": ""-0.075598"", ""ticker_sentiment_label"": ""Neutral""}]"
2024-08-24,"With Bitcoin and Ethereum already sporting their own funds, here's my pick for the next up to bat.",Motley Fool,https://www.fool.com/investing/2024/08/24/prediction-solana-will-be-the-first-cryptocurrency/,0.170475,https://www.fool.com/investing/2024/08/24/prediction-solana-will-be-the-first-cryptocurrency/,Prediction: Solana Will Be the First Cryptocurrency to Get a Spot ETF in 2025,Dominic Basulto,https://g.foolcdn.com/image/?url=https%3A%2F%2Fg.foolcdn.com%2Feditorial%2Fimages%2F787734%2Fgettyimages-1964849486.jpg&op=resize&w=700,www.fool.com,"Blockchain,Financial Markets",0.132425,Neutral,"[{""ticker"": ""CRYPTO:BTC"", ""relevance_score"": ""0.280294"", ""ticker_sentiment_score"": ""0.158784"", ""ticker_sentiment_label"": ""Somewhat-Bullish""}, {""ticker"": ""CRYPTO:ETH"", ""relevance_score"": ""0.280294"", ""ticker_sentiment_score"": ""0.158784"", ""ticker_sentiment_label"": ""Somewhat-Bullish""}, {""ticker"": ""CRYPTO:LTC"", ""relevance_score"": ""0.114137"", ""ticker_sentiment_score"": ""0.07788"", ""ticker_sentiment_label"": ""Neutral""}, {""ticker"": ""CRYPTO:ADA"", ""relevance_score"": ""0.170475"", ""ticker_sentiment_score"": ""0.04249"", ""ticker_sentiment_label"": ""Neutral""}]"
2024-08-25,Which of these cryptocurrencies has a brighter future?,Motley Fool,https://www.fool.com/investing/2024/08/25/better-cryptocurrency-to-buy-now-bitcoin-vs-xrp/,0.046543,https://www.fool.com/investing/2024/08/25/better-cryptocurrency-to-buy-now-bitcoin-vs-xrp/,Better Cryptocurrency to Buy Right Now: Bitcoin vs. XRP,Leo Sun,https://g.foolcdn.com/image/?url=https%3A%2F%2Fg.foolcdn.com%2Feditorial%2Fimages%2F788143%2Fa-visual-depiction-of-blockchain-technology.jpg&op=resize&w=700,www.fool.com,"Economy - Monetary,Blockchain,Financial Markets",0.125784,Neutral,"[{""ticker"": ""CURN"", ""relevance_score"": ""0.046543"", ""ticker_sentiment_score"": ""0.04296"", ""ticker_sentiment_label"": ""Neutral""}, {""ticker"": ""CRYPTO:BTC"", ""relevance_score"": ""0.586141"", ""ticker_sentiment_score"": ""0.199379"", ""ticker_sentiment_label"": ""Somewhat-Bullish""}, {""ticker"": ""CRYPTO:ETH"", ""relevance_score"": ""0.092927"", ""ticker_sentiment_score"": ""0.017109"", ""ticker_sentiment_label"": ""Neutral""}, {""ticker"": ""CRYPTO:ADA"", ""relevance_score"": ""0.046543"", ""ticker_sentiment_score"": ""-0.025992"", ""ticker_sentiment_label"": ""Neutral""}]"
2024-08-26,"Over the past 24 hours, Cardano's ADA/USD price has fallen 4.24% to $0.37. This is opposite to its positive trend over the past week where it has experienced a 12.0% gain, moving from $0.33 to its current price.",Benzinga,https://www.benzinga.com/insights/cryptocurrency/24/08/40555354/cardano-decreases-more-than-4-within-24-hours,0.578355,https://www.benzinga.com/insights/cryptocurrency/24/08/40555354/cardano-decreases-more-than-4-within-24-hours,Cardano Decreases More Than 4% Within 24 hours,Benzinga Insights,https://www.benzinga.com/files/images/story/2024/1724684407_0.png,www.benzinga.com,Financial Markets,0.130047,Neutral,"[{""ticker"": ""CRYPTO:ADA"", ""relevance_score"": ""0.578355"", ""ticker_sentiment_score"": ""0.093215"", ""ticker_sentiment_label"": ""Neutral""}]"
2024-08-26,"Bitcoin and altcoins are witnessing some profit taking today, but the overall uptrend remains intact.",Cointelegraph,https://cointelegraph.com/news/price-analysis-8-26-spx-dxy-btc-eth-bnb-sol-xrp-doge-ton-ada,0.107817,https://cointelegraph.com/news/price-analysis-8-26-spx-dxy-btc-eth-bnb-sol-xrp-doge-ton-ada,"Price analysis 8/26: SPX, DXY, BTC, ETH, BNB, SOL, XRP, DOGE, TON, ADA",Rakesh Upadhyay,"https://images.cointelegraph.com/cdn-cgi/image/format=auto,onerror=redirect,quality=90,width=1200/https://s3.cointelegraph.com/uploads/2024-08/01918f81-7c93-7272-8313-e4c3500abb45",cointelegraph.com,"Blockchain,Financial Markets,Economy - Macro",0.046061,Neutral,"[{""ticker"": ""FOREX:USD"", ""relevance_score"": ""0.036037"", ""ticker_sentiment_score"": ""0.119042"", ""ticker_sentiment_label"": ""Neutral""}, {""ticker"": ""CRYPTO:BTC"", ""relevance_score"": ""0.348592"", ""ticker_sentiment_score"": ""0.154215"", ""ticker_sentiment_label"": ""Somewhat-Bullish""}, {""ticker"": ""CRYPTO:DOGE"", ""relevance_score"": ""0.107817"", ""ticker_sentiment_score"": ""-0.068447"", ""ticker_sentiment_label"": ""Neutral""}, {""ticker"": ""CRYPTO:ADA"", ""relevance_score"": ""0.107817"", ""ticker_sentiment_score"": ""0.05059"", ""ticker_sentiment_label"": ""Neutral""}]"
2024-08-28,"Cardano's ADA/USD price has decreased 3.66% over the past 24 hours to $0.35, continuing its downward trend over the past week of -7.0%, moving from $0.37 to its current price. The chart below compares the price movement and volatility for Cardano over the past 24 hours ( left ) to its price ...",Benzinga,https://www.benzinga.com/insights/cryptocurrency/24/08/40610217/cardano-decreases-more-than-3-within-24-hours,0.558244,https://www.benzinga.com/insights/cryptocurrency/24/08/40610217/cardano-decreases-more-than-3-within-24-hours,Cardano Decreases More Than 3% Within 24 hours,Benzinga Insights,https://www.benzinga.com/files/images/story/2024/1724871605_0.png,www.benzinga.com,Financial Markets,0.016551,Neutral,"[{""ticker"": ""CRYPTO:ADA"", ""relevance_score"": ""0.558244"", ""ticker_sentiment_score"": ""-0.119737"", ""ticker_sentiment_label"": ""Neutral""}]"
2024-08-28,This meme coin has dropped nearly 90% from its all-time high.,Motley Fool,https://www.fool.com/investing/2024/08/28/is-cardano-a-millionaire-maker/,0.814341,https://www.fool.com/investing/2024/08/28/is-cardano-a-millionaire-maker/,Is Cardano a Millionaire Maker?,Leo Sun,https://g.foolcdn.com/image/?url=https%3A%2F%2Fg.foolcdn.com%2Feditorial%2Fimages%2F788478%2Fa-man-fans-out-cash.jpg&op=resize&w=700,www.fool.com,"Blockchain,Financial Markets",0.12893,Neutral,"[{""ticker"": ""CRYPTO:BTC"", ""relevance_score"": ""0.149966"", ""ticker_sentiment_score"": ""0.092809"", ""ticker_sentiment_label"": ""Neutral""}, {""ticker"": ""CRYPTO:ETH"", ""relevance_score"": ""0.42944"", ""ticker_sentiment_score"": ""0.249515"", ""ticker_sentiment_label"": ""Somewhat-Bullish""}, {""ticker"": ""CRYPTO:ADA"", ""relevance_score"": ""0.814341"", ""ticker_sentiment_score"": ""0.205352"", ""ticker_sentiment_label"": ""Somewhat-Bullish""}]"
2024-08-28,"Cardano ADA/USD blockchain is gearing up for its most substantial upgrade in two years, which will introduce new mechanisms allowing users to participate in on-chain governance.",Benzinga,https://www.benzinga.com/markets/cryptocurrency/24/08/40607632/cardanos-chang-hard-fork-network-upgrade-delayed-until-september,0.859433,https://www.benzinga.com/markets/cryptocurrency/24/08/40607632/cardanos-chang-hard-fork-network-upgrade-delayed-until-september,Cardano's 'Chang' Hard Fork Network Upgrade Delayed Until September,Murtuza Merchant,https://cdn.benzinga.com/files/images/story/2024/08/28/Cardano.jpeg?width=1200&height=800&fit=crop,www.benzinga.com,Blockchain,0.151091,Somewhat-Bullish,"[{""ticker"": ""CRYPTO:ETH"", ""relevance_score"": ""0.083833"", ""ticker_sentiment_score"": ""0.09722"", ""ticker_sentiment_label"": ""Neutral""}, {""ticker"": ""CRYPTO:ADA"", ""relevance_score"": ""0.859433"", ""ticker_sentiment_score"": ""0.38152"", ""ticker_sentiment_label"": ""Bullish""}]"
2024-08-28,"Bitcoin's fall below $60,000 signals near-term weakness, but longer-term investors continue withdrawing coins from exchanges, signaling a bullish outlook.",Cointelegraph,https://cointelegraph.com/news/price-analysis-8-28-btc-eth-bnb-sol-xrp-doge-ton-ada-avax-shib,0.100448,https://cointelegraph.com/news/price-analysis-8-28-btc-eth-bnb-sol-xrp-doge-ton-ada-avax-shib,"Price analysis 8/28: BTC, ETH, BNB, SOL, XRP, DOGE, TON, ADA, AVAX, SHIB",Rakesh Upadhyay,"https://images.cointelegraph.com/cdn-cgi/image/format=auto,onerror=redirect,quality=90,width=1200/https://s3.cointelegraph.com/uploads/2024-08/019199de-5052-788b-ae52-bba47f12639d",cointelegraph.com,"Blockchain,Financial Markets",-0.029021,Neutral,"[{""ticker"": ""CRYPTO:BTC"", ""relevance_score"": ""0.263586"", ""ticker_sentiment_score"": ""0.050157"", ""ticker_sentiment_label"": ""Neutral""}, {""ticker"": ""CRYPTO:AVAX"", ""relevance_score"": ""0.067064"", ""ticker_sentiment_score"": ""0.060629"", ""ticker_sentiment_label"": ""Neutral""}, {""ticker"": ""CRYPTO:BNB"", ""relevance_score"": ""0.100448"", ""ticker_sentiment_score"": ""-0.004342"", ""ticker_sentiment_label"": ""Neutral""}, {""ticker"": ""CRYPTO:XRP"", ""relevance_score"": ""0.100448"", ""ticker_sentiment_score"": ""0.03218"", ""ticker_sentiment_label"": ""Neutral""}, {""ticker"": ""CRYPTO:ETH"", ""relevance_score"": ""0.19931"", ""ticker_sentiment_score"": ""0.003279"", ""ticker_sentiment_label"": ""Neutral""}, {""ticker"": ""CRYPTO:SHIB"", ""relevance_score"": ""0.100448"", ""ticker_sentiment_score"": ""-0.00112"", ""ticker_sentiment_label"": ""Neutral""}, {""ticker"": ""CRYPTO:DOGE"", ""relevance_score"": ""0.100448"", ""ticker_sentiment_score"": ""-0.056086"", ""ticker_sentiment_label"": ""Neutral""}, {""ticker"": ""CRYPTO:USDT"", ""relevance_score"": ""0.326068"", ""ticker_sentiment_score"": ""0.016851"", ""ticker_sentiment_label"": ""Neutral""}, {""ticker"": ""CRYPTO:ADA"", ""relevance_score"": ""0.100448"", ""ticker_sentiment_score"": ""-0.131704"", ""ticker_sentiment_label"": ""Neutral""}]"
2024-08-29,The search is on to find green cryptocurrencies that could outperform Bitcoin.,Motley Fool,https://www.fool.com/investing/2024/08/29/are-eco-friendly-cryptos-a-superior-investment/,0.097062,https://www.fool.com/investing/2024/08/29/are-eco-friendly-cryptos-a-superior-investment/,Are Eco-Friendly Cryptocurrencies a Superior Investment?,Dominic Basulto,https://g.foolcdn.com/image/?url=https%3A%2F%2Fg.foolcdn.com%2Feditorial%2Fimages%2F788454%2Fnature-and-technology-outdoors-remote-work.jpg&op=resize&w=700,www.fool.com,"Real Estate & Construction,Blockchain,Financial Markets",0.215663,Somewhat-Bullish,"[{""ticker"": ""CLSK"", ""relevance_score"": ""0.145145"", ""ticker_sentiment_score"": ""0.204629"", ""ticker_sentiment_label"": ""Somewhat-Bullish""}, {""ticker"": ""CRYPTO:BTC"", ""relevance_score"": ""0.856646"", ""ticker_sentiment_score"": ""0.337273"", ""ticker_sentiment_label"": ""Somewhat-Bullish""}, {""ticker"": ""CRYPTO:ETH"", ""relevance_score"": ""0.097062"", ""ticker_sentiment_score"": ""0.130915"", ""ticker_sentiment_label"": ""Neutral""}, {""ticker"": ""CRYPTO:ALGO"", ""relevance_score"": ""0.239541"", ""ticker_sentiment_score"": ""0.101822"", ""ticker_sentiment_label"": ""Neutral""}, {""ticker"": ""CRYPTO:ADA"", ""relevance_score"": ""0.097062"", ""ticker_sentiment_score"": ""-0.033443"", ""ticker_sentiment_label"": ""Neutral""}, {""ticker"": ""CRYPTO:XTZ"", ""relevance_score"": ""0.097062"", ""ticker_sentiment_score"": ""-0.033443"", ""ticker_sentiment_label"": ""Neutral""}]"
2024-08-29,"Recent data from analytics firm CryptoQuant shows significant Bitcoin BTC/USD wallet movements and altcoin correlations, potentially signaling shifts in market dynamics and investor sentiment. What Happened: CryptoQuant's analysis highlights substantial Bitcoin transfers from wallets of various ...",Benzinga,https://www.benzinga.com/24/08/40633286/bitcoin-whale-wallets-shuffle-their-coins-is-this-cause-for-concern,0.220809,https://www.benzinga.com/24/08/40633286/bitcoin-whale-wallets-shuffle-their-coins-is-this-cause-for-concern,Bitcoin Whale Wallets Shuffle Their Coins: Is This Cause For Concern?,Khyathi Dalal,https://cdn.benzinga.com/files/images/story/2024/08/29/Bitcoin-whales_1.jpeg?width=1200&height=800&fit=crop,www.benzinga.com,Blockchain,0.077172,Neutral,"[{""ticker"": ""CRYPTO:BTC"", ""relevance_score"": ""0.737923"", ""ticker_sentiment_score"": ""0.352066"", ""ticker_sentiment_label"": ""Bullish""}, {""ticker"": ""CRYPTO:LINK"", ""relevance_score"": ""0.220809"", ""ticker_sentiment_score"": ""-0.015892"", ""ticker_sentiment_label"": ""Neutral""}, {""ticker"": ""CRYPTO:ADA"", ""relevance_score"": ""0.220809"", ""ticker_sentiment_score"": ""-0.015892"", ""ticker_sentiment_label"": ""Neutral""}, {""ticker"": ""CRYPTO:BNB"", ""relevance_score"": ""0.220809"", ""ticker_sentiment_score"": ""-0.015892"", ""ticker_sentiment_label"": ""Neutral""}]"
2024-08-30,Shiba Inu SHIB/USD lead developer Shytoshi Kusama welcomed the addition of the popular memecoin as a collateral currency for backing futures positions on the cryptocurrency exchange Kraken.,Benzinga,https://www.benzinga.com/markets/cryptocurrency/24/08/40645366/shiba-inu-lead-developer-shytoshi-kusama-reacts-as-kraken-adds-memecoin-as-new-collateral-,0.323078,https://www.benzinga.com/markets/cryptocurrency/24/08/40645366/shiba-inu-lead-developer-shytoshi-kusama-reacts-as-kraken-adds-memecoin-as-new-collateral-,Shiba Inu Lead Developer Shytoshi Kusama Reacts As Kraken Adds Memecoin As New Collateral - Burn Rate Fires 139103%,Aniket Verma,https://cdn.benzinga.com/files/images/story/2024/08/30/Shiba-Inu-Shibarium.jpeg?width=1200&height=800&fit=crop,www.benzinga.com,"Blockchain,Financial Markets",0.240824,Somewhat-Bullish,"[{""ticker"": ""CRYPTO:BTC"", ""relevance_score"": ""0.323078"", ""ticker_sentiment_score"": ""0.196365"", ""ticker_sentiment_label"": ""Somewhat-Bullish""}, {""ticker"": ""CRYPTO:ETH"", ""relevance_score"": ""0.323078"", ""ticker_sentiment_score"": ""0.196365"", ""ticker_sentiment_label"": ""Somewhat-Bullish""}, {""ticker"": ""CRYPTO:SHIB"", ""relevance_score"": ""0.595343"", ""ticker_sentiment_score"": ""0.388453"", ""ticker_sentiment_label"": ""Bullish""}, {""ticker"": ""CRYPTO:KSM"", ""relevance_score"": ""0.323078"", ""ticker_sentiment_score"": ""0.67754"", ""ticker_sentiment_label"": ""Bullish""}, {""ticker"": ""CRYPTO:ADA"", ""relevance_score"": ""0.323078"", ""ticker_sentiment_score"": ""0.196365"", ""ticker_sentiment_label"": ""Somewhat-Bullish""}]"
2024-08-30,"The Cardano network is ready for the Chang hard fork, part of the transition to the Voltaire era of decentralized network governance.",Cointelegraph,https://cointelegraph.com/news/binance-support-cardano-network-upgrade,0.872847,https://cointelegraph.com/news/binance-support-cardano-network-upgrade,Binance to support Cardano's network upgrade,Pradipta Mukherjee,"https://images.cointelegraph.com/cdn-cgi/image/format=auto,onerror=redirect,quality=90,width=1200/https://s3.cointelegraph.com/uploads/2024-08/0191a318-685f-7cd9-9cd0-7aec894a8a89",cointelegraph.com,"Blockchain,Financial Markets",0.121028,Neutral,"[{""ticker"": ""CRYPTO:ADA"", ""relevance_score"": ""0.872847"", ""ticker_sentiment_score"": ""0.286222"", ""ticker_sentiment_label"": ""Somewhat-Bullish""}]"
2024-08-30,"Bitcoin's failure to maintain above $60,000 is pulling altcoin prices toward their recent swing lows. What will it take to turn the market around?",Cointelegraph,https://cointelegraph.com/news/price-analysis-8-30-btc-eth-bnb-sol-xrp-doge-ton-ada-avax-shib,0.100308,https://cointelegraph.com/news/price-analysis-8-30-btc-eth-bnb-sol-xrp-doge-ton-ada-avax-shib,"Price analysis 8/30: BTC, ETH, BNB, SOL, XRP, DOGE, TON, ADA, AVAX, SHIB",Rakesh Upadhyay,"https://images.cointelegraph.com/cdn-cgi/image/format=auto,onerror=redirect,quality=90,width=1200/https://s3.cointelegraph.com/uploads/2024-08/0191a432-83a8-72a2-a057-9552099b1924",cointelegraph.com,"Blockchain,Financial Markets",-0.100804,Neutral,"[{""ticker"": ""CRYPTO:BTC"", ""relevance_score"": ""0.325637"", ""ticker_sentiment_score"": ""0.045766"", ""ticker_sentiment_label"": ""Neutral""}, {""ticker"": ""CRYPTO:AVAX"", ""relevance_score"": ""0.06697"", ""ticker_sentiment_score"": ""-0.020085"", ""ticker_sentiment_label"": ""Neutral""}, {""ticker"": ""CRYPTO:BNB"", ""relevance_score"": ""0.100308"", ""ticker_sentiment_score"": ""-0.130019"", ""ticker_sentiment_label"": ""Neutral""}, {""ticker"": ""CRYPTO:XRP"", ""relevance_score"": ""0.100308"", ""ticker_sentiment_score"": ""0.071289"", ""ticker_sentiment_label"": ""Neutral""}, {""ticker"": ""CRYPTO:SHIB"", ""relevance_score"": ""0.13347"", ""ticker_sentiment_score"": ""-0.173988"", ""ticker_sentiment_label"": ""Somewhat-Bearish""}, {""ticker"": ""CRYPTO:DOGE"", ""relevance_score"": ""0.06697"", ""ticker_sentiment_score"": ""-0.273305"", ""ticker_sentiment_label"": ""Somewhat-Bearish""}, {""ticker"": ""CRYPTO:USDT"", ""relevance_score"": ""0.294682"", ""ticker_sentiment_score"": ""-0.039751"", ""ticker_sentiment_label"": ""Neutral""}, {""ticker"": ""CRYPTO:ADA"", ""relevance_score"": ""0.100308"", ""ticker_sentiment_score"": ""-0.126742"", ""ticker_sentiment_label"": ""Neutral""}]"
2024-09-01,"In addition to their upside potential, Bitcoin and Ethereum can help you diversify.",Motley Fool,https://www.fool.com/investing/2024/09/01/billionaires-buying-these-2-cryptocurrencies/,0.144275,https://www.fool.com/investing/2024/09/01/billionaires-buying-these-2-cryptocurrencies/,Billionaires Are Buying These 2 Cryptocurrencies Hand Over Fist,Dominic Basulto,https://g.foolcdn.com/image/?url=https%3A%2F%2Fg.foolcdn.com%2Feditorial%2Fimages%2F788683%2Fgettyimages-1358049785.jpg&op=resize&w=700,www.fool.com,"Finance,Blockchain,Financial Markets",0.150512,Somewhat-Bullish,"[{""ticker"": ""BLK"", ""relevance_score"": ""0.144275"", ""ticker_sentiment_score"": ""0.160261"", ""ticker_sentiment_label"": ""Somewhat-Bullish""}, {""ticker"": ""COIN"", ""relevance_score"": ""0.096477"", ""ticker_sentiment_score"": ""0.019193"", ""ticker_sentiment_label"": ""Neutral""}, {""ticker"": ""CRYPTO:BTC"", ""relevance_score"": ""0.774534"", ""ticker_sentiment_score"": ""0.168557"", ""ticker_sentiment_label"": ""Somewhat-Bullish""}, {""ticker"": ""CRYPTO:ETH"", ""relevance_score"": ""0.636698"", ""ticker_sentiment_score"": ""0.255392"", ""ticker_sentiment_label"": ""Somewhat-Bullish""}, {""ticker"": ""CRYPTO:UNI"", ""relevance_score"": ""0.096477"", ""ticker_sentiment_score"": ""0.019193"", ""ticker_sentiment_label"": ""Neutral""}, {""ticker"": ""CRYPTO:LTC"", ""relevance_score"": ""0.144275"", ""ticker_sentiment_score"": ""0.043479"", ""ticker_sentiment_label"": ""Neutral""}, {""ticker"": ""CRYPTO:ADA"", ""relevance_score"": ""0.144275"", ""ticker_sentiment_score"": ""0.043479"", ""ticker_sentiment_label"": ""Neutral""}]"
2024-09-02,"In November, Massachusetts voters will likely have to choose between incumbent Elizabeth Warren and Republican John Deaton or Ian Cain for the US Senate.",Cointelegraph,https://cointelegraph.com/news/super-pac-crypto-massachusetts-senate-primary,0.060085,https://cointelegraph.com/news/super-pac-crypto-massachusetts-senate-primary,Super PAC spends $70K on crypto-focused Senate race as primary looms,Turner Wright,"https://images.cointelegraph.com/cdn-cgi/image/format=auto,onerror=redirect,quality=90,width=1200/https://s3.cointelegraph.com/uploads/2024-09/0191b330-9886-7bcc-84f0-3c39ae2e7056",cointelegraph.com,"Blockchain,Financial Markets",0.208192,Somewhat-Bullish,"[{""ticker"": ""CRYPTO:ADA"", ""relevance_score"": ""0.060085"", ""ticker_sentiment_score"": ""0.102057"", ""ticker_sentiment_label"": ""Neutral""}]"
2024-09-02,"Bitcoin is attempting a slight recovery, but closing above the $60,000 market will be the first step to achieve before BTC and altcoins can bounce from their recent lows.",Cointelegraph,https://cointelegraph.com/news/price-analysis-9-2-spx-dxy-btc-eth-bnb-sol-xrp-doge-ton-ada,0.100029,https://cointelegraph.com/news/price-analysis-9-2-spx-dxy-btc-eth-bnb-sol-xrp-doge-ton-ada,"Price analysis 9/2: SPX, DXY, BTC, ETH, BNB, SOL, XRP, DOGE, TON, ADA",Rakesh Upadhyay,"https://images.cointelegraph.com/cdn-cgi/image/format=auto,onerror=redirect,quality=90,width=1200/https://s3.cointelegraph.com/uploads/2024-09/0191b393-6395-719d-964f-501325b7c1e8",cointelegraph.com,"Blockchain,Economy - Macro",-0.093561,Neutral,"[{""ticker"": ""FOREX:USD"", ""relevance_score"": ""0.033421"", ""ticker_sentiment_score"": ""-0.199299"", ""ticker_sentiment_label"": ""Somewhat-Bearish""}, {""ticker"": ""CRYPTO:BTC"", ""relevance_score"": ""0.32478"", ""ticker_sentiment_score"": ""-0.099341"", ""ticker_sentiment_label"": ""Neutral""}, {""ticker"": ""CRYPTO:BNB"", ""relevance_score"": ""0.100029"", ""ticker_sentiment_score"": ""0.102223"", ""ticker_sentiment_label"": ""Neutral""}, {""ticker"": ""CRYPTO:XRP"", ""relevance_score"": ""0.100029"", ""ticker_sentiment_score"": ""0.032735"", ""ticker_sentiment_label"": ""Neutral""}, {""ticker"": ""CRYPTO:ETH"", ""relevance_score"": ""0.100029"", ""ticker_sentiment_score"": ""-0.052782"", ""ticker_sentiment_label"": ""Neutral""}, {""ticker"": ""CRYPTO:DOGE"", ""relevance_score"": ""0.100029"", ""ticker_sentiment_score"": ""-0.100062"", ""ticker_sentiment_label"": ""Neutral""}, {""ticker"": ""CRYPTO:USDT"", ""relevance_score"": ""0.262522"", ""ticker_sentiment_score"": ""-0.044255"", ""ticker_sentiment_label"": ""Neutral""}, {""ticker"": ""CRYPTO:ADA"", ""relevance_score"": ""0.100029"", ""ticker_sentiment_score"": ""-0.031431"", ""ticker_sentiment_label"": ""Neutral""}]"
2024-09-02,"Cardano's Chang hard fork turns ADA into a governance token, bringing the layer-1 blockchain into its ""Voltaire Era."" ...",Decrypt.co,https://decrypt.co/247456/cardanos-chang-hard-fork-introduces-on-chain-governance,0.825544,https://decrypt.co/247456/cardanos-chang-hard-fork-introduces-on-chain-governance,Cardano's Chang Hard Fork Introduces On-Chain Governance,Vismaya V,https://cdn.decrypt.co/resize/1024/height/512/wp-content/uploads/2020/08/Webp.net-resizeimage-55-gID_7.jpg,decrypt.co,Blockchain,0.057159,Neutral,"[{""ticker"": ""CRYPTO:ADA"", ""relevance_score"": ""0.825544"", ""ticker_sentiment_score"": ""-0.004086"", ""ticker_sentiment_label"": ""Neutral""}]"
2024-09-02,"Cardano's ADA/USD ambitious ""Chang hard fork"" went live on Sunday, marking the Layer-1 blockchain's shift toward decentralized governance. What happened: Romain Pellerin, the CTO of IOG-the company behind the blockchain's development-announced on X that the upgrade was successfully executed.",Benzinga,https://www.benzinga.com/markets/cryptocurrency/24/09/40671893/ethereum-killer-ada-set-to-get-a-utility-boost-as-cardano-upgrade-chang-goes-live,0.774534,https://www.benzinga.com/markets/cryptocurrency/24/09/40671893/ethereum-killer-ada-set-to-get-a-utility-boost-as-cardano-upgrade-chang-goes-live,'Ethereum Killer' ADA Set To Get A Utility Boost As Cardano Upgrade 'Chang' Goes Live,Aniket Verma,https://cdn.benzinga.com/files/images/story/2024/09/02/10--Cardano-ADA.jpeg?width=1200&height=800&fit=crop,www.benzinga.com,Blockchain,0.107288,Neutral,"[{""ticker"": ""CRYPTO:BTC"", ""relevance_score"": ""0.120431"", ""ticker_sentiment_score"": ""0.127117"", ""ticker_sentiment_label"": ""Neutral""}, {""ticker"": ""CRYPTO:ETH"", ""relevance_score"": ""0.350564"", ""ticker_sentiment_score"": ""0.159112"", ""ticker_sentiment_label"": ""Somewhat-Bullish""}, {""ticker"": ""CRYPTO:ADA"", ""relevance_score"": ""0.774534"", ""ticker_sentiment_score"": ""0.26573"", ""ticker_sentiment_label"": ""Somewhat-Bullish""}]"
2024-09-02,"The upgrade will transform Cardano governance over the next few months, enabling ADA holders to participate in the voting process.",Cointelegraph,https://cointelegraph.com/news/cardano-chang-hard-fork-successful-shifts-decentralized-governance,0.866386,https://cointelegraph.com/news/cardano-chang-hard-fork-successful-shifts-decentralized-governance,Cardano's Chang hard fork successful as it shifts to decentralized governance,Martin Young,"https://images.cointelegraph.com/cdn-cgi/image/format=auto,onerror=redirect,quality=90,width=1200/https://s3.cointelegraph.com/uploads/2024-09/0191b07c-1e3a-7dde-97bf-8907316ebdf4",cointelegraph.com,Blockchain,0.10841,Neutral,"[{""ticker"": ""CRYPTO:ADA"", ""relevance_score"": ""0.866386"", ""ticker_sentiment_score"": ""-0.028987"", ""ticker_sentiment_label"": ""Neutral""}, {""ticker"": ""CRYPTO:TRX"", ""relevance_score"": ""0.119235"", ""ticker_sentiment_score"": ""-0.027847"", ""ticker_sentiment_label"": ""Neutral""}]"
2024-09-02,"Stockholm, 2nd of September 2024 - Today Virtune announces that it has finalized its monthly rebalancing for Virtune Crypto Top 10 Index ETP, listed on Nasdaq Stockholm for both the SEK-denominated ( ISIN code SE0020052207, ticker name VIR10SEK ) and the EUR-denominated ( ISIN code SE0020052215, ...",GlobeNewswire,https://www.globenewswire.com/news-release/2024/09/02/2938941/0/en/Virtune-AB-Publ-Virtune-has-completed-the-monthly-rebalancing-for-August-2024-of-its-Virtune-Crypto-Top-10-Index-ETP-the-first-crypto-index-ETP-in-the-Nordics.html,0.072435,https://www.globenewswire.com/news-release/2024/09/02/2938941/0/en/Virtune-AB-Publ-Virtune-has-completed-the-monthly-rebalancing-for-August-2024-of-its-Virtune-Crypto-Top-10-Index-ETP-the-first-crypto-index-ETP-in-the-Nordics.html,"Virtune AB  ( Publ )   ( ""Virtune"" )  has completed the monthly rebalancing for August 2024 of its Virtune Crypto Top 10 Index ETP, the first crypto index ETP in the Nordics",Virtune AB (Publ),https://ml-eu.globenewswire.com/Resource/Download/da0bec69-79eb-4618-87fd-d96aa395aaed,www.globenewswire.com,"Blockchain,Financial Markets",0.235678,Somewhat-Bullish,"[{""ticker"": ""CRYPTO:BTC"", ""relevance_score"": ""0.144275"", ""ticker_sentiment_score"": ""0.024152"", ""ticker_sentiment_label"": ""Neutral""}, {""ticker"": ""CRYPTO:ETH"", ""relevance_score"": ""0.144275"", ""ticker_sentiment_score"": ""0.024152"", ""ticker_sentiment_label"": ""Neutral""}, {""ticker"": ""CRYPTO:LINK"", ""relevance_score"": ""0.072435"", ""ticker_sentiment_score"": ""-0.004039"", ""ticker_sentiment_label"": ""Neutral""}, {""ticker"": ""CRYPTO:UNI"", ""relevance_score"": ""0.072435"", ""ticker_sentiment_score"": ""0.041224"", ""ticker_sentiment_label"": ""Neutral""}, {""ticker"": ""CRYPTO:ADA"", ""relevance_score"": ""0.072435"", ""ticker_sentiment_score"": ""-0.004039"", ""ticker_sentiment_label"": ""Neutral""}]"
2024-09-03,"After breaking below a lifetime support level, ADA's price versus Bitcoin could drop by another 25% in the coming months.",Cointelegraph,https://cointelegraph.com/news/cardano-down-75-vs-bitcoin-years-after-charles-hoskinson-questions-btc,0.933751,https://cointelegraph.com/news/cardano-down-75-vs-bitcoin-years-after-charles-hoskinson-questions-btc,Cardano down 75% vs. Bitcoin 2 years after Charles Hoskinson questions BTC longevity,Yashu Gola,"https://images.cointelegraph.com/cdn-cgi/image/format=auto,onerror=redirect,quality=90,width=1200/https://s3.cointelegraph.com/uploads/2024-09/0191b6cb-13d3-7f17-9bdc-1aa517a2267d",cointelegraph.com,"Blockchain,Financial Markets",-0.1551,Somewhat-Bearish,"[{""ticker"": ""CRYPTO:BTC"", ""relevance_score"": ""0.985674"", ""ticker_sentiment_score"": ""-0.30698"", ""ticker_sentiment_label"": ""Somewhat-Bearish""}, {""ticker"": ""CRYPTO:ETH"", ""relevance_score"": ""0.097457"", ""ticker_sentiment_score"": ""0.125108"", ""ticker_sentiment_label"": ""Neutral""}, {""ticker"": ""CRYPTO:ADA"", ""relevance_score"": ""0.933751"", ""ticker_sentiment_score"": ""-0.335957"", ""ticker_sentiment_label"": ""Somewhat-Bearish""}]"
2024-09-03,"Over the past 24 hours, Cardano's ADA/USD price has fallen 3.26% to $0.32. This continues its negative trend over the past week where it has experienced a 11.0% loss, moving from $0.36 to its current price.",Benzinga,https://www.benzinga.com/insights/cryptocurrency/24/09/40690271/cardano-decreases-more-than-3-within-24-hours,0.56217,https://www.benzinga.com/insights/cryptocurrency/24/09/40690271/cardano-decreases-more-than-3-within-24-hours,Cardano Decreases More Than 3% Within 24 hours,Benzinga Insights,https://www.benzinga.com/files/images/story/2024/1725375677_0.png,www.benzinga.com,Financial Markets,-0.106707,Neutral,"[{""ticker"": ""CRYPTO:ADA"", ""relevance_score"": ""0.56217"", ""ticker_sentiment_score"": ""-0.327898"", ""ticker_sentiment_label"": ""Somewhat-Bearish""}]"
2024-09-04,The pro-crypto lawyer secured victory in the Massachusetts Republican primary race and will now face off against industry antagonist Elizabeth Warren in November.,Cointelegraph,https://cointelegraph.com/news/john-deaton-pro-xrp-lawyer-wins-republican-senate-primary-massachusetts,0.110973,https://cointelegraph.com/news/john-deaton-pro-xrp-lawyer-wins-republican-senate-primary-massachusetts,Pro-XRP attorney John Deaton wins Republican US Senate primary,Martin Young,"https://images.cointelegraph.com/cdn-cgi/image/format=auto,onerror=redirect,quality=90,width=1200/https://s3.cointelegraph.com/uploads/2024-09/0191bab4-17b2-709e-bd11-1e1d6b701156",cointelegraph.com,"Finance,Financial Markets",0.14968,Neutral,"[{""ticker"": ""COIN"", ""relevance_score"": ""0.110973"", ""ticker_sentiment_score"": ""0.251872"", ""ticker_sentiment_label"": ""Somewhat-Bullish""}, {""ticker"": ""CRYPTO:BTC"", ""relevance_score"": ""0.110973"", ""ticker_sentiment_score"": ""-0.050598"", ""ticker_sentiment_label"": ""Neutral""}, {""ticker"": ""CRYPTO:ADA"", ""relevance_score"": ""0.110973"", ""ticker_sentiment_score"": ""0.062443"", ""ticker_sentiment_label"": ""Neutral""}]"
2024-09-04,"Gen Digital's Siggi Stefnisson warned users that scammers are adept at using what is already on their target's minds, including love, financial security and elections.",Cointelegraph,https://cointelegraph.com/news/ai-deepfake-crypto-scams-2024,0.112532,https://cointelegraph.com/news/ai-deepfake-crypto-scams-2024,AI deepfake crypto scammers ramp up operations in Q2: Gen Digital,Ezra Reguerra,"https://images.cointelegraph.com/cdn-cgi/image/format=auto,onerror=redirect,quality=90,width=1200/https://s3.cointelegraph.com/uploads/2024-09/0191bbd8-a409-7b5b-8277-7fbdadc0879f",cointelegraph.com,"Technology,Finance,Manufacturing",-0.153521,Somewhat-Bearish,"[{""ticker"": ""BLK"", ""relevance_score"": ""0.112532"", ""ticker_sentiment_score"": ""-0.200647"", ""ticker_sentiment_label"": ""Somewhat-Bearish""}, {""ticker"": ""MSTR"", ""relevance_score"": ""0.112532"", ""ticker_sentiment_score"": ""-0.200647"", ""ticker_sentiment_label"": ""Somewhat-Bearish""}, {""ticker"": ""GEN"", ""relevance_score"": ""0.428632"", ""ticker_sentiment_score"": ""-0.125127"", ""ticker_sentiment_label"": ""Neutral""}, {""ticker"": ""GOOG"", ""relevance_score"": ""0.222838"", ""ticker_sentiment_score"": ""-0.08207"", ""ticker_sentiment_label"": ""Neutral""}, {""ticker"": ""TSLA"", ""relevance_score"": ""0.112532"", ""ticker_sentiment_score"": ""-0.200647"", ""ticker_sentiment_label"": ""Somewhat-Bearish""}, {""ticker"": ""CRYPTO:ADA"", ""relevance_score"": ""0.112532"", ""ticker_sentiment_score"": ""-0.200647"", ""ticker_sentiment_label"": ""Somewhat-Bearish""}]"
2024-09-04,"Bitcoin bulls are attempting to keep the price inside the current range, but BTC's growing weakness could eventually lead to new lows under $49,000.",Cointelegraph,https://cointelegraph.com/news/price-analysis-9-4-btc-eth-bnb-sol-xrp-doge-ton-ada-avax-shib,0.102741,https://cointelegraph.com/news/price-analysis-9-4-btc-eth-bnb-sol-xrp-doge-ton-ada-avax-shib,"Price analysis 9/4: BTC, ETH, BNB, SOL, XRP, DOGE, TON, ADA, AVAX, SHIB",Rakesh Upadhyay,"https://images.cointelegraph.com/cdn-cgi/image/format=auto,onerror=redirect,quality=90,width=1200/https://s3.cointelegraph.com/uploads/2024-09/0191bded-4822-7eaa-bf23-a79051371cb2",cointelegraph.com,"Economy - Monetary,Blockchain,Financial Markets",-0.050686,Neutral,"[{""ticker"": ""CRYPTO:BTC"", ""relevance_score"": ""0.269404"", ""ticker_sentiment_score"": ""0.048483"", ""ticker_sentiment_label"": ""Neutral""}, {""ticker"": ""CRYPTO:ETH"", ""relevance_score"": ""0.136693"", ""ticker_sentiment_score"": ""-0.015521"", ""ticker_sentiment_label"": ""Neutral""}, {""ticker"": ""CRYPTO:SHIB"", ""relevance_score"": ""0.102741"", ""ticker_sentiment_score"": ""0.051937"", ""ticker_sentiment_label"": ""Neutral""}, {""ticker"": ""CRYPTO:DOGE"", ""relevance_score"": ""0.102741"", ""ticker_sentiment_score"": ""-0.12436"", ""ticker_sentiment_label"": ""Neutral""}, {""ticker"": ""CRYPTO:ADA"", ""relevance_score"": ""0.102741"", ""ticker_sentiment_score"": ""-0.086209"", ""ticker_sentiment_label"": ""Neutral""}]"
2024-09-05,"The top cryptocurrencies under $1 include XRP, Cardano, and Artificial Superintelligence Alliance.",Motley Fool,https://www.fool.com/investing/2024/09/05/forget-dogecoin-here-are-3-budget-priced-cryptos/,0.453685,https://www.fool.com/investing/2024/09/05/forget-dogecoin-here-are-3-budget-priced-cryptos/,Forget Dogecoin: Here Are 3 Budget-Priced Cryptos With Significantly More Upside Potential,Dominic Basulto,https://g.foolcdn.com/image/?url=https%3A%2F%2Fg.foolcdn.com%2Feditorial%2Fimages%2F789442%2Fcolorful-ai-chip-1550670587.jpg&op=resize&w=700,www.fool.com,"IPO,Financial Markets,Manufacturing,Finance,Blockchain",0.232634,Somewhat-Bullish,"[{""ticker"": ""COIN"", ""relevance_score"": ""0.043738"", ""ticker_sentiment_score"": ""0.020886"", ""ticker_sentiment_label"": ""Neutral""}, {""ticker"": ""TSLA"", ""relevance_score"": ""0.043738"", ""ticker_sentiment_score"": ""0.133911"", ""ticker_sentiment_label"": ""Neutral""}, {""ticker"": ""CRYPTO:BTC"", ""relevance_score"": ""0.087344"", ""ticker_sentiment_score"": ""0.134091"", ""ticker_sentiment_label"": ""Neutral""}, {""ticker"": ""CRYPTO:ETH"", ""relevance_score"": ""0.130689"", ""ticker_sentiment_score"": ""0.19024"", ""ticker_sentiment_label"": ""Somewhat-Bullish""}, {""ticker"": ""CRYPTO:DOGE"", ""relevance_score"": ""0.173645"", ""ticker_sentiment_score"": ""0.141776"", ""ticker_sentiment_label"": ""Neutral""}, {""ticker"": ""CRYPTO:AGI"", ""relevance_score"": ""0.087344"", ""ticker_sentiment_score"": ""0.083796"", ""ticker_sentiment_label"": ""Neutral""}, {""ticker"": ""CRYPTO:ADA"", ""relevance_score"": ""0.453685"", ""ticker_sentiment_score"": ""0.29351"", ""ticker_sentiment_label"": ""Somewhat-Bullish""}]"
2024-09-05,The Eigen Foundation behind Ethereum restaking protocol EigenLayer is launching another wave of rewards before the token begins trading.,Decrypt.co,https://decrypt.co/248050/ethereum-restaking-protocol-eigenlayer-86-million-eigen-before-trading,0.112532,https://decrypt.co/248050/ethereum-restaking-protocol-eigenlayer-86-million-eigen-before-trading,Ethereum Restaking Protocol EigenLayer Handing Out 86 Million More Tokens,Mat Di Salvo,https://cdn.decrypt.co/resize/1024/height/512/wp-content/uploads/2024/04/Eigenlayer-Video-gID_7.jpg,decrypt.co,"Blockchain,Financial Markets",0.294982,Somewhat-Bullish,"[{""ticker"": ""CRYPTO:ETH"", ""relevance_score"": ""0.520773"", ""ticker_sentiment_score"": ""0.381416"", ""ticker_sentiment_label"": ""Bullish""}, {""ticker"": ""CRYPTO:ADA"", ""relevance_score"": ""0.112532"", ""ticker_sentiment_score"": ""0.087108"", ""ticker_sentiment_label"": ""Neutral""}]"
2024-09-05,The U.S. Federal Reserve's order cited deficiencies in the bank's risk management systems in its dealings with crypto clients.,Decrypt.co,https://decrypt.co/248002/fed-issues-cease-and-desist-order-to-united-texas-bank-over-crypto-related-concerns,0.137671,https://decrypt.co/248002/fed-issues-cease-and-desist-order-to-united-texas-bank-over-crypto-related-concerns,Fed Issues Cease and Desist Order to United Texas Bank Over Crypto-Related Concerns,Adrian Zmudzinski,https://cdn.decrypt.co/resize/1024/height/512/wp-content/uploads/2020/06/shutterstock_472493827-gID_7.jpg,decrypt.co,"Economy - Monetary,Blockchain",0.142389,Neutral,"[{""ticker"": ""CRYPTO:ETH"", ""relevance_score"": ""0.205225"", ""ticker_sentiment_score"": ""-0.121719"", ""ticker_sentiment_label"": ""Neutral""}, {""ticker"": ""CRYPTO:ADA"", ""relevance_score"": ""0.137671"", ""ticker_sentiment_score"": ""-0.092836"", ""ticker_sentiment_label"": ""Neutral""}]"
2024-09-05,Cardano and Hedera join the Decentralized Recovery Alliance alongside Ripple and Algorand to shape the future of crypto security standards.,Cointelegraph,https://cointelegraph.com/news/cardano-hedera-join-derec-alliance,0.199859,https://cointelegraph.com/news/cardano-hedera-join-derec-alliance,"Hedera, IOHK join DeRec Alliance as final founding members",Josh O'Sullivan,"https://images.cointelegraph.com/cdn-cgi/image/format=auto,onerror=redirect,quality=90,width=1200/https://s3.cointelegraph.com/uploads/2024-09/0191c0fe-aa17-778e-a57f-097babd08e9f",cointelegraph.com,Blockchain,0.375666,Bullish,"[{""ticker"": ""CRYPTO:BTC"", ""relevance_score"": ""0.199859"", ""ticker_sentiment_score"": ""-0.14984"", ""ticker_sentiment_label"": ""Neutral""}, {""ticker"": ""CRYPTO:ALGO"", ""relevance_score"": ""0.100729"", ""ticker_sentiment_score"": ""0.323001"", ""ticker_sentiment_label"": ""Somewhat-Bullish""}, {""ticker"": ""CRYPTO:DLT"", ""relevance_score"": ""0.100729"", ""ticker_sentiment_score"": ""0.205377"", ""ticker_sentiment_label"": ""Somewhat-Bullish""}, {""ticker"": ""CRYPTO:ADA"", ""relevance_score"": ""0.199859"", ""ticker_sentiment_score"": ""0.163902"", ""ticker_sentiment_label"": ""Somewhat-Bullish""}]"
2024-09-06,"Over the past 24 hours, Cardano's ADA/USD price has fallen 3.95% to $0.32. This continues its negative trend over the past week where it has experienced a 7.0% loss, moving from $0.34 to its current price.",Benzinga,https://www.benzinga.com/insights/cryptocurrency/24/09/40751398/cardano-decreases-more-than-3-within-24-hours,0.554365,https://www.benzinga.com/insights/cryptocurrency/24/09/40751398/cardano-decreases-more-than-3-within-24-hours,Cardano Decreases More Than 3% Within 24 hours,Benzinga Insights,https://www.benzinga.com/files/images/story/2024/1725634954_0.png,www.benzinga.com,Financial Markets,-0.054837,Neutral,"[{""ticker"": ""CRYPTO:ADA"", ""relevance_score"": ""0.554365"", ""ticker_sentiment_score"": ""-0.233702"", ""ticker_sentiment_label"": ""Somewhat-Bearish""}]"
2024-09-06,"Bitcoin bears have pulled the price below the support of the range, starting a potential downtrend toward $49,000.",Cointelegraph,https://cointelegraph.com/news/price-analysis-9-6-btc-eth-bnb-sol-xrp-doge-ton-ada-avax-shib,0.102303,https://cointelegraph.com/news/price-analysis-9-6-btc-eth-bnb-sol-xrp-doge-ton-ada-avax-shib,"Price analysis 9/6: BTC, ETH, BNB, SOL, XRP, DOGE, TON, ADA, AVAX, SHIB",Rakesh Upadhyay,"https://images.cointelegraph.com/cdn-cgi/image/format=auto,onerror=redirect,quality=90,width=1200/https://s3.cointelegraph.com/uploads/2024-09/0191c85c-0465-7f3f-b226-ee650970742d",cointelegraph.com,"Economy - Monetary,Blockchain,Financial Markets",-0.046014,Neutral,"[{""ticker"": ""CRYPTO:BTC"", ""relevance_score"": ""0.235823"", ""ticker_sentiment_score"": ""-0.001858"", ""ticker_sentiment_label"": ""Neutral""}, {""ticker"": ""CRYPTO:AVAX"", ""relevance_score"": ""0.068306"", ""ticker_sentiment_score"": ""-0.0488"", ""ticker_sentiment_label"": ""Neutral""}, {""ticker"": ""CRYPTO:BNB"", ""relevance_score"": ""0.102303"", ""ticker_sentiment_score"": ""-0.110358"", ""ticker_sentiment_label"": ""Neutral""}, {""ticker"": ""CRYPTO:XRP"", ""relevance_score"": ""0.102303"", ""ticker_sentiment_score"": ""0.051946"", ""ticker_sentiment_label"": ""Neutral""}, {""ticker"": ""CRYPTO:ETH"", ""relevance_score"": ""0.102303"", ""ticker_sentiment_score"": ""0.029256"", ""ticker_sentiment_label"": ""Neutral""}, {""ticker"": ""CRYPTO:SHIB"", ""relevance_score"": ""0.102303"", ""ticker_sentiment_score"": ""0.061897"", ""ticker_sentiment_label"": ""Neutral""}, {""ticker"": ""CRYPTO:DOGE"", ""relevance_score"": ""0.102303"", ""ticker_sentiment_score"": ""-0.01773"", ""ticker_sentiment_label"": ""Neutral""}, {""ticker"": ""CRYPTO:USDT"", ""relevance_score"": ""0.331765"", ""ticker_sentiment_score"": ""-0.110838"", ""ticker_sentiment_label"": ""Neutral""}, {""ticker"": ""CRYPTO:ADA"", ""relevance_score"": ""0.102303"", ""ticker_sentiment_score"": ""0.006585"", ""ticker_sentiment_label"": ""Neutral""}]"
2024-09-09,"Bitcoin bulls are trying to push the price back inside the range, indicating that the markets have rejected the breakdown.",Cointelegraph,https://cointelegraph.com/news/price-analysis-9-9-spx-dxy-btc-eth-bnb-sol-xrp-doge-ton-ada,0.171607,https://cointelegraph.com/news/price-analysis-9-9-spx-dxy-btc-eth-bnb-sol-xrp-doge-ton-ada,"Price analysis 9/9: SPX, DXY, BTC, ETH, BNB, SOL, XRP, DOGE, TON, ADA",Rakesh Upadhyay,"https://images.cointelegraph.com/cdn-cgi/image/format=auto,onerror=redirect,quality=90,width=1200/https://s3.cointelegraph.com/uploads/2024-09/0191d7ad-34b8-7571-8db1-c33ddc0b8f7d",cointelegraph.com,"Blockchain,Financial Markets,Economy - Macro",-0.131678,Neutral,"[{""ticker"": ""FOREX:USD"", ""relevance_score"": ""0.03458"", ""ticker_sentiment_score"": ""-0.089291"", ""ticker_sentiment_label"": ""Neutral""}, {""ticker"": ""CRYPTO:BTC"", ""relevance_score"": ""0.238467"", ""ticker_sentiment_score"": ""-0.123433"", ""ticker_sentiment_label"": ""Neutral""}, {""ticker"": ""CRYPTO:DOGE"", ""relevance_score"": ""0.103479"", ""ticker_sentiment_score"": ""-0.011911"", ""ticker_sentiment_label"": ""Neutral""}, {""ticker"": ""CRYPTO:ADA"", ""relevance_score"": ""0.171607"", ""ticker_sentiment_score"": ""-0.053372"", ""ticker_sentiment_label"": ""Neutral""}]"
2024-09-11,"Bitcoin recovered sharply from its intraday low, but holding these gains will determine whether bulls and dip buyers are ready to fight for a stronger trend reversal.",Cointelegraph,https://cointelegraph.com/news/price-analysis-9-11-btc-eth-bnb-sol-xrp-doge-ton-ada-avax-shib,0.101725,https://cointelegraph.com/news/price-analysis-9-11-btc-eth-bnb-sol-xrp-doge-ton-ada-avax-shib,"Price analysis 9/11: BTC, ETH, BNB, SOL, XRP, DOGE, TON, ADA, AVAX, SHIB",Rakesh Upadhyay,"https://images.cointelegraph.com/cdn-cgi/image/format=auto,onerror=redirect,quality=90,width=1200/https://s3.cointelegraph.com/uploads/2024-09/0191e238-b48d-7aed-a641-7f57c8a270ae",cointelegraph.com,"Economy - Monetary,Blockchain,Financial Markets",0.004873,Neutral,"[{""ticker"": ""CRYPTO:BTC"", ""relevance_score"": ""0.168726"", ""ticker_sentiment_score"": ""0.057029"", ""ticker_sentiment_label"": ""Neutral""}, {""ticker"": ""CRYPTO:ETH"", ""relevance_score"": ""0.101725"", ""ticker_sentiment_score"": ""0.016662"", ""ticker_sentiment_label"": ""Neutral""}, {""ticker"": ""CRYPTO:SHIB"", ""relevance_score"": ""0.101725"", ""ticker_sentiment_score"": ""0.099558"", ""ticker_sentiment_label"": ""Neutral""}, {""ticker"": ""CRYPTO:DOGE"", ""relevance_score"": ""0.101725"", ""ticker_sentiment_score"": ""-0.112825"", ""ticker_sentiment_label"": ""Neutral""}, {""ticker"": ""CRYPTO:ADA"", ""relevance_score"": ""0.101725"", ""ticker_sentiment_score"": ""-0.046779"", ""ticker_sentiment_label"": ""Neutral""}]"
2024-09-12,"Over the past 24 hours, Cardano's ADA/USD price has risen 7.29% to $0.36. This continues its positive trend over the past week where it has experienced a 9.0% gain, moving from $0.33 to its current price. As it stands right now, the coin's all-time high is $3.09.",Benzinga,https://www.benzinga.com/insights/cryptocurrency/24/09/40836252/cardanos-price-increased-more-than-7-within-24-hours,0.532043,https://www.benzinga.com/insights/cryptocurrency/24/09/40836252/cardanos-price-increased-more-than-7-within-24-hours,Cardano's Price Increased More Than 7% Within 24 hours,Benzinga Insights,https://www.benzinga.com/files/images/story/2024/1726153348_0.png,www.benzinga.com,Financial Markets,0.096841,Neutral,"[{""ticker"": ""CRYPTO:ADA"", ""relevance_score"": ""0.532043"", ""ticker_sentiment_score"": ""0.04277"", ""ticker_sentiment_label"": ""Neutral""}]"
2024-09-13,"Kraken firmly disputes SEC allegations, citing the lack of clarity in federal securities law and overreach in its regulatory scope.",Cointelegraph,https://cointelegraph.com/news/kraken-denies-sec-unregistered-securities-allegations,0.236972,https://cointelegraph.com/news/kraken-denies-sec-unregistered-securities-allegations,"Kraken denies SEC claims, argues digital assets aren't securities",Josh O'Sullivan,"https://images.cointelegraph.com/cdn-cgi/image/format=auto,onerror=redirect,quality=90,width=1200/https://s3.cointelegraph.com/uploads/2024-09/0191ea4b-8017-764b-919a-d689055dc8c3",cointelegraph.com,"Finance,Blockchain,Financial Markets",0.10551,Neutral,"[{""ticker"": ""COIN"", ""relevance_score"": ""0.11983"", ""ticker_sentiment_score"": ""0.076075"", ""ticker_sentiment_label"": ""Neutral""}, {""ticker"": ""CRYPTO:ETH"", ""relevance_score"": ""0.11983"", ""ticker_sentiment_score"": ""-0.10636"", ""ticker_sentiment_label"": ""Neutral""}, {""ticker"": ""CRYPTO:ALGO"", ""relevance_score"": ""0.236972"", ""ticker_sentiment_score"": ""0.337174"", ""ticker_sentiment_label"": ""Somewhat-Bullish""}, {""ticker"": ""CRYPTO:ADA"", ""relevance_score"": ""0.236972"", ""ticker_sentiment_score"": ""0.337174"", ""ticker_sentiment_label"": ""Somewhat-Bullish""}]"
2024-09-13,"Kraken accused the SEC of blocking efforts to register or cooperate, saying they were ""stonewalled"" by inconsistent rulings and guidance.",Decrypt.co,https://decrypt.co/249313/kraken-pushes-for-jury-trial-in-sec-lawsuit-rails-against-crypto-asset-securities-claims,0.188928,https://decrypt.co/249313/kraken-pushes-for-jury-trial-in-sec-lawsuit-rails-against-crypto-asset-securities-claims,"Kraken Pushes for Jury Trial in SEC Lawsuit, Rails Against 'Crypto Asset Securities' Claims",Vismaya V,https://cdn.decrypt.co/resize/1024/height/512/wp-content/uploads/2024/09/kraken-crypto-exchange-logo-mobile-phone-gID_7.jpg,decrypt.co,Blockchain,-0.171499,Somewhat-Bearish,"[{""ticker"": ""CRYPTO:FIL"", ""relevance_score"": ""0.188928"", ""ticker_sentiment_score"": ""0.090257"", ""ticker_sentiment_label"": ""Neutral""}, {""ticker"": ""CRYPTO:OMG"", ""relevance_score"": ""0.188928"", ""ticker_sentiment_score"": ""0.090257"", ""ticker_sentiment_label"": ""Neutral""}, {""ticker"": ""CRYPTO:MATIC"", ""relevance_score"": ""0.095138"", ""ticker_sentiment_score"": ""0.063879"", ""ticker_sentiment_label"": ""Neutral""}, {""ticker"": ""CRYPTO:MANA"", ""relevance_score"": ""0.188928"", ""ticker_sentiment_score"": ""0.090257"", ""ticker_sentiment_label"": ""Neutral""}, {""ticker"": ""CRYPTO:ALGO"", ""relevance_score"": ""0.188928"", ""ticker_sentiment_score"": ""0.090257"", ""ticker_sentiment_label"": ""Neutral""}, {""ticker"": ""CRYPTO:ADA"", ""relevance_score"": ""0.188928"", ""ticker_sentiment_score"": ""0.090257"", ""ticker_sentiment_label"": ""Neutral""}]"
2024-09-13,"The retraction arose from the SEC's lawsuit against Binance, but the agency is still pursuing claims against the crypto exchange for alleged securities law violations.",Cointelegraph,https://cointelegraph.com/news/sec-regrets-confusion-dubbing-tokens-securities,0.16849,https://cointelegraph.com/news/sec-regrets-confusion-dubbing-tokens-securities,SEC 'regrets any confusion' from dubbing tokens as securities: filing,Alex O’Donnell,"https://images.cointelegraph.com/cdn-cgi/image/format=auto,onerror=redirect,quality=90,width=1200/https://s3.cointelegraph.com/uploads/2024-09/0191ec6e-08d5-795d-812b-3998b72a2086",cointelegraph.com,"Finance,Blockchain,Financial Markets",0.038967,Neutral,"[{""ticker"": ""COIN"", ""relevance_score"": ""0.084722"", ""ticker_sentiment_score"": ""-0.164745"", ""ticker_sentiment_label"": ""Somewhat-Bearish""}, {""ticker"": ""CRYPTO:BTC"", ""relevance_score"": ""0.16849"", ""ticker_sentiment_score"": ""0.155252"", ""ticker_sentiment_label"": ""Somewhat-Bullish""}, {""ticker"": ""CRYPTO:ETH"", ""relevance_score"": ""0.250386"", ""ticker_sentiment_score"": ""0.079191"", ""ticker_sentiment_label"": ""Neutral""}, {""ticker"": ""CRYPTO:ADA"", ""relevance_score"": ""0.16849"", ""ticker_sentiment_score"": ""-0.066063"", ""ticker_sentiment_label"": ""Neutral""}]"
2024-09-14,"Caroline Ellison's lawyers say she ""poses no threat to public safety"" and Bitcoin ETFs attractive to hackers due to the potential payout.",Cointelegraph,https://cointelegraph.com/magazine/spot-bitcoin-etfs-hackers-risk-caroline-ellison-ftx-prison-hodlers-digest/,0.050948,https://cointelegraph.com/magazine/spot-bitcoin-etfs-hackers-risk-caroline-ellison-ftx-prison-hodlers-digest/,"Bitcoin ETFs may face hacker threats, Ellison seeks no prison time, and more: Hodler's Digest, Sept. 8 - 14",Editorial Staff,,cointelegraph.com,"Financial Markets,Technology,Finance,Blockchain",0.031523,Neutral,"[{""ticker"": ""SNEX"", ""relevance_score"": ""0.076358"", ""ticker_sentiment_score"": ""0.039379"", ""ticker_sentiment_label"": ""Neutral""}, {""ticker"": ""BRK-A"", ""relevance_score"": ""0.025487"", ""ticker_sentiment_score"": ""0.024977"", ""ticker_sentiment_label"": ""Neutral""}, {""ticker"": ""NU"", ""relevance_score"": ""0.076358"", ""ticker_sentiment_score"": ""0.027411"", ""ticker_sentiment_label"": ""Neutral""}, {""ticker"": ""CRYPTO:BTC"", ""relevance_score"": ""0.226301"", ""ticker_sentiment_score"": ""0.031333"", ""ticker_sentiment_label"": ""Neutral""}, {""ticker"": ""CRYPTO:ETH"", ""relevance_score"": ""0.34533"", ""ticker_sentiment_score"": ""0.063495"", ""ticker_sentiment_label"": ""Neutral""}, {""ticker"": ""CRYPTO:ALGO"", ""relevance_score"": ""0.050948"", ""ticker_sentiment_score"": ""0.193418"", ""ticker_sentiment_label"": ""Somewhat-Bullish""}, {""ticker"": ""CRYPTO:ADA"", ""relevance_score"": ""0.050948"", ""ticker_sentiment_score"": ""0.193418"", ""ticker_sentiment_label"": ""Somewhat-Bullish""}, {""ticker"": ""CRYPTO:BCH"", ""relevance_score"": ""0.025487"", ""ticker_sentiment_score"": ""0.0"", ""ticker_sentiment_label"": ""Neutral""}, {""ticker"": ""CRYPTO:LEO"", ""relevance_score"": ""0.050948"", ""ticker_sentiment_score"": ""0.018001"", ""ticker_sentiment_label"": ""Neutral""}]"
2024-09-16,"Cardano's ADA/USD price has decreased 3.95% over the past 24 hours to $0.33, continuing its downward trend over the past week of -4.0%, moving from $0.34 to its current price. The chart below compares the price movement and volatility for Cardano over the past 24 hours ( left ) to its price ...",Benzinga,https://www.benzinga.com/insights/cryptocurrency/24/09/40885473/cardano-falls-more-than-3-in-24-hours,0.56217,https://www.benzinga.com/insights/cryptocurrency/24/09/40885473/cardano-falls-more-than-3-in-24-hours,Cardano Falls More Than 3% In 24 hours,Benzinga Insights,https://www.benzinga.com/files/images/story/2024/1726513354_0.png,www.benzinga.com,Financial Markets,0.011893,Neutral,"[{""ticker"": ""CRYPTO:ADA"", ""relevance_score"": ""0.56217"", ""ticker_sentiment_score"": ""-0.127503"", ""ticker_sentiment_label"": ""Neutral""}]"
2024-09-16,"Bitcoin's failure to hold $60,000 shows hesitation to buy at higher levels before the FOMC decision on Sept. 18.",Cointelegraph,https://cointelegraph.com/news/price-analysis-9-16-spx-dxy-btc-eth-bnb-sol-xrp-doge-ton-ada,0.105141,https://cointelegraph.com/news/price-analysis-9-16-spx-dxy-btc-eth-bnb-sol-xrp-doge-ton-ada,"Price analysis 9/16: SPX, DXY, BTC, ETH, BNB, SOL, XRP, DOGE, TON, ADA",Rakesh Upadhyay,"https://images.cointelegraph.com/cdn-cgi/image/format=auto,onerror=redirect,quality=90,width=1200/https://s3.cointelegraph.com/uploads/2024-09/0191fbbb-26e4-7030-a02c-6d3e25954d8b",cointelegraph.com,"Economy - Monetary,Financial Markets,Blockchain,Economy - Macro",-0.055858,Neutral,"[{""ticker"": ""FOREX:USD"", ""relevance_score"": ""0.035138"", ""ticker_sentiment_score"": ""0.0"", ""ticker_sentiment_label"": ""Neutral""}, {""ticker"": ""CRYPTO:BTC"", ""relevance_score"": ""0.139872"", ""ticker_sentiment_score"": ""-0.069239"", ""ticker_sentiment_label"": ""Neutral""}, {""ticker"": ""CRYPTO:DOGE"", ""relevance_score"": ""0.105141"", ""ticker_sentiment_score"": ""-0.025997"", ""ticker_sentiment_label"": ""Neutral""}, {""ticker"": ""CRYPTO:USDT"", ""relevance_score"": ""0.275479"", ""ticker_sentiment_score"": ""-0.025501"", ""ticker_sentiment_label"": ""Neutral""}, {""ticker"": ""CRYPTO:ADA"", ""relevance_score"": ""0.105141"", ""ticker_sentiment_score"": ""-0.060574"", ""ticker_sentiment_label"": ""Neutral""}, {""ticker"": ""CRYPTO:BNB"", ""relevance_score"": ""0.105141"", ""ticker_sentiment_score"": ""-0.047068"", ""ticker_sentiment_label"": ""Neutral""}, {""ticker"": ""CRYPTO:XRP"", ""relevance_score"": ""0.105141"", ""ticker_sentiment_score"": ""-0.046846"", ""ticker_sentiment_label"": ""Neutral""}]"
2024-09-16,"Inflows to crypto investment products rose over the past week, but Ethereum continues to lose investors' interest.",Cointelegraph,https://cointelegraph.com/news/crypto-investment-products-see-436-m-inflow-while-ethereum-continues-to-suffer,0.193465,https://cointelegraph.com/news/crypto-investment-products-see-436-m-inflow-while-ethereum-continues-to-suffer,Crypto investment products see $436M inflow while Ethereum continues to suffer,Nancy Lubale,"https://images.cointelegraph.com/cdn-cgi/image/format=auto,onerror=redirect,quality=90,width=1200/https://s3.cointelegraph.com/uploads/2024-09/0191fbfd-0c88-7740-8d84-6021193f29a0",cointelegraph.com,"Economy - Monetary,Financial Markets,Finance,Blockchain",0.023803,Neutral,"[{""ticker"": ""BLK"", ""relevance_score"": ""0.097457"", ""ticker_sentiment_score"": ""0.150273"", ""ticker_sentiment_label"": ""Somewhat-Bullish""}, {""ticker"": ""CRYPTO:BTC"", ""relevance_score"": ""0.729556"", ""ticker_sentiment_score"": ""0.023146"", ""ticker_sentiment_label"": ""Neutral""}, {""ticker"": ""CRYPTO:ETH"", ""relevance_score"": ""0.459624"", ""ticker_sentiment_score"": ""-0.200781"", ""ticker_sentiment_label"": ""Somewhat-Bearish""}, {""ticker"": ""CRYPTO:LTC"", ""relevance_score"": ""0.193465"", ""ticker_sentiment_score"": ""0.111507"", ""ticker_sentiment_label"": ""Neutral""}, {""ticker"": ""CRYPTO:ADA"", ""relevance_score"": ""0.193465"", ""ticker_sentiment_score"": ""0.111507"", ""ticker_sentiment_label"": ""Neutral""}]"
2024-09-18,"Bitcoin is at a critical juncture, and analysts are divided about the potential impact of interest rate cuts on the market's direction.",Cointelegraph,https://cointelegraph.com/news/price-analysis-9-18-btc-eth-bnb-sol-xrp-doge-ton-ada-avax-shib,0.103479,https://cointelegraph.com/news/price-analysis-9-18-btc-eth-bnb-sol-xrp-doge-ton-ada-avax-shib,"Price analysis 9/18: BTC, ETH, BNB, SOL, XRP, DOGE, TON, ADA, AVAX, SHIB",Rakesh Upadhyay,"https://images.cointelegraph.com/cdn-cgi/image/format=auto,onerror=redirect,quality=90,width=1200/https://s3.cointelegraph.com/uploads/2024-09/019205a8-67b1-7657-8112-4e2b33960972",cointelegraph.com,"Economy - Monetary,Blockchain,Financial Markets",-0.048365,Neutral,"[{""ticker"": ""FOREX:JPY"", ""relevance_score"": ""0.03458"", ""ticker_sentiment_score"": ""-0.068117"", ""ticker_sentiment_label"": ""Neutral""}, {""ticker"": ""FOREX:USD"", ""relevance_score"": ""0.03458"", ""ticker_sentiment_score"": ""-0.068117"", ""ticker_sentiment_label"": ""Neutral""}, {""ticker"": ""CRYPTO:BTC"", ""relevance_score"": ""0.205225"", ""ticker_sentiment_score"": ""0.073789"", ""ticker_sentiment_label"": ""Neutral""}, {""ticker"": ""CRYPTO:AVAX"", ""relevance_score"": ""0.069094"", ""ticker_sentiment_score"": ""-0.023448"", ""ticker_sentiment_label"": ""Neutral""}, {""ticker"": ""CRYPTO:BNB"", ""relevance_score"": ""0.103479"", ""ticker_sentiment_score"": ""0.175289"", ""ticker_sentiment_label"": ""Somewhat-Bullish""}, {""ticker"": ""CRYPTO:XRP"", ""relevance_score"": ""0.103479"", ""ticker_sentiment_score"": ""-0.085061"", ""ticker_sentiment_label"": ""Neutral""}, {""ticker"": ""CRYPTO:ETH"", ""relevance_score"": ""0.171607"", ""ticker_sentiment_score"": ""-0.017346"", ""ticker_sentiment_label"": ""Neutral""}, {""ticker"": ""CRYPTO:SHIB"", ""relevance_score"": ""0.069094"", ""ticker_sentiment_score"": ""0.088872"", ""ticker_sentiment_label"": ""Neutral""}, {""ticker"": ""CRYPTO:DOGE"", ""relevance_score"": ""0.103479"", ""ticker_sentiment_score"": ""-0.016815"", ""ticker_sentiment_label"": ""Neutral""}, {""ticker"": ""CRYPTO:USDT"", ""relevance_score"": ""0.335367"", ""ticker_sentiment_score"": ""0.051879"", ""ticker_sentiment_label"": ""Neutral""}, {""ticker"": ""CRYPTO:ADA"", ""relevance_score"": ""0.103479"", ""ticker_sentiment_score"": ""-0.082334"", ""ticker_sentiment_label"": ""Neutral""}]"
2024-09-18,"ETH price struggles to find reasons to rally after the network's DApp volumes drop and Ether languishes near the $2,250 support.",Cointelegraph,https://cointelegraph.com/news/ethereums-value-accretion-narrative-under-duress-after-19-drop-in-eth-dapp-volumes,0.109956,https://cointelegraph.com/news/ethereums-value-accretion-narrative-under-duress-after-19-drop-in-eth-dapp-volumes,Ethereum's value accretion narrative under duress after 19% drop in ETH DApp volumes,Marcel Pechman,"https://images.cointelegraph.com/cdn-cgi/image/format=auto,onerror=redirect,quality=90,width=1200/https://s3.cointelegraph.com/uploads/2024-09/01920655-2c3c-791f-82f7-090d75cead77",cointelegraph.com,"Blockchain,Financial Markets",0.029243,Neutral,"[{""ticker"": ""CRYPTO:ETH"", ""relevance_score"": ""0.888134"", ""ticker_sentiment_score"": ""0.050901"", ""ticker_sentiment_label"": ""Neutral""}, {""ticker"": ""CRYPTO:UNI"", ""relevance_score"": ""0.055109"", ""ticker_sentiment_score"": ""-0.01302"", ""ticker_sentiment_label"": ""Neutral""}, {""ticker"": ""CRYPTO:ADA"", ""relevance_score"": ""0.109956"", ""ticker_sentiment_score"": ""-0.040736"", ""ticker_sentiment_label"": ""Neutral""}]"
2024-09-19,"In a meeting planned with Argentina president Javier Milei, Charles Hoskinson wants to discuss how blockchain can rewrite global economic and political systems.",Cointelegraph,https://cointelegraph.com/news/charles-hoskinson-argentina-president-javier-milei,0.881153,https://cointelegraph.com/news/charles-hoskinson-argentina-president-javier-milei,Cardano founder to meet Argentina president Javier Milei,Helen Partz,"https://images.cointelegraph.com/cdn-cgi/image/format=auto,onerror=redirect,quality=90,width=1200/https://s3.cointelegraph.com/uploads/2024-09/01920929-78c8-7200-bd90-5cfa63747a57",cointelegraph.com,"Economy - Monetary,Blockchain",0.152256,Somewhat-Bullish,"[{""ticker"": ""CRYPTO:BTC"", ""relevance_score"": ""0.145583"", ""ticker_sentiment_score"": ""0.0"", ""ticker_sentiment_label"": ""Neutral""}, {""ticker"": ""CRYPTO:ADA"", ""relevance_score"": ""0.881153"", ""ticker_sentiment_score"": ""0.222732"", ""ticker_sentiment_label"": ""Somewhat-Bullish""}]"
2024-09-20,"Bitcoin faced selling near $64,000, but buyers have managed to keep the price above the short-term holder realized price near $62,000, which is a positive sign.",Cointelegraph,https://cointelegraph.com/news/price-analysis-9-20-btc-eth-bnb-sol-xrp-doge-ton-ada-avax-shib,0.105759,https://cointelegraph.com/news/price-analysis-9-20-btc-eth-bnb-sol-xrp-doge-ton-ada-avax-shib,"Price analysis 9/20: BTC, ETH, BNB, SOL, XRP, DOGE, TON, ADA, AVAX, SHIB",Rakesh Upadhyay,"https://images.cointelegraph.com/cdn-cgi/image/format=auto,onerror=redirect,quality=90,width=1200/https://s3.cointelegraph.com/uploads/2024-09/01921050-13c9-7aaf-aba6-552a0cfa90d3",cointelegraph.com,"Blockchain,Financial Markets",-0.040749,Neutral,"[{""ticker"": ""CRYPTO:BTC"", ""relevance_score"": ""0.27704"", ""ticker_sentiment_score"": ""0.113546"", ""ticker_sentiment_label"": ""Neutral""}, {""ticker"": ""CRYPTO:ETH"", ""relevance_score"": ""0.105759"", ""ticker_sentiment_score"": ""-0.311294"", ""ticker_sentiment_label"": ""Somewhat-Bearish""}, {""ticker"": ""CRYPTO:DOGE"", ""relevance_score"": ""0.105759"", ""ticker_sentiment_score"": ""-0.033099"", ""ticker_sentiment_label"": ""Neutral""}, {""ticker"": ""CRYPTO:ADA"", ""relevance_score"": ""0.105759"", ""ticker_sentiment_score"": ""-0.108654"", ""ticker_sentiment_label"": ""Neutral""}]"
2024-09-20,"Charles Hoskinson, co-founder of Ethereum ETH/USD and Cardano ADA/USD, has voiced concerns over the new digital assets platform backed by former President Donald Trump and his sons.",Benzinga,https://www.benzinga.com/markets/cryptocurrency/24/09/40957734/ethereum-co-founder-says-donald-trumps-defi-platform-is-scary-because-everything-trump-doe,0.299478,https://www.benzinga.com/markets/cryptocurrency/24/09/40957734/ethereum-co-founder-says-donald-trumps-defi-platform-is-scary-because-everything-trump-doe,Ethereum Co-Founder Says Donald Trump's DeFi Platform Is 'Scary' Because 'Everything Trump Does The Left Hates With Such A Passion',Khyathi Dalal,https://cdn.benzinga.com/files/images/story/2024/09/20/Donald-Trump-unhappy-powell-cover.jpeg?width=1200&height=800&fit=crop,www.benzinga.com,Blockchain,0.242121,Somewhat-Bullish,"[{""ticker"": ""CRYPTO:ETH"", ""relevance_score"": ""0.202366"", ""ticker_sentiment_score"": ""0.153546"", ""ticker_sentiment_label"": ""Somewhat-Bullish""}, {""ticker"": ""CRYPTO:ADA"", ""relevance_score"": ""0.299478"", ""ticker_sentiment_score"": ""-0.100354"", ""ticker_sentiment_label"": ""Neutral""}]"
2024-09-23,"Bitcoin bears are defending the $65,000 resistance, but if it gives way, BTC and altcoins are likely to chase new all-time highs.",Cointelegraph,https://cointelegraph.com/news/price-analysis-9-23-spx-dxy-btc-eth-bnb-sol-xrp-doge-ton-ada,0.098794,https://cointelegraph.com/news/price-analysis-9-23-spx-dxy-btc-eth-bnb-sol-xrp-doge-ton-ada,"Price analysis 9/23: SPX, DXY, BTC, ETH, BNB, SOL, XRP, DOGE, TON, ADA",Rakesh Upadhyay,"https://images.cointelegraph.com/cdn-cgi/image/format=auto,onerror=redirect,quality=90,width=1200/https://s3.cointelegraph.com/uploads/2024-09/01921fa2-4cc4-7ba0-9101-adfa2a1b92d3",cointelegraph.com,"Economy - Monetary,Financial Markets,Blockchain,Economy - Macro",-0.002415,Neutral,"[{""ticker"": ""FOREX:USD"", ""relevance_score"": ""0.033006"", ""ticker_sentiment_score"": ""0.0"", ""ticker_sentiment_label"": ""Neutral""}, {""ticker"": ""CRYPTO:BTC"", ""relevance_score"": ""0.196079"", ""ticker_sentiment_score"": ""0.102636"", ""ticker_sentiment_label"": ""Neutral""}, {""ticker"": ""CRYPTO:ETH"", ""relevance_score"": ""0.098794"", ""ticker_sentiment_score"": ""-0.129638"", ""ticker_sentiment_label"": ""Neutral""}, {""ticker"": ""CRYPTO:DOGE"", ""relevance_score"": ""0.098794"", ""ticker_sentiment_score"": ""-0.181992"", ""ticker_sentiment_label"": ""Somewhat-Bearish""}, {""ticker"": ""CRYPTO:ADA"", ""relevance_score"": ""0.098794"", ""ticker_sentiment_score"": ""0.014223"", ""ticker_sentiment_label"": ""Neutral""}]"
2024-09-23,"Over the past 24 hours, Cardano's ADA/USD price rose 3.01% to $0.36. This continues its positive trend over the past week where it has experienced a 9.0% gain, moving from $0.33 to its current price. As it stands right now, the coin's all-time high is $3.09.",Benzinga,https://www.benzinga.com/insights/cryptocurrency/24/09/40989813/cardano-rises-more-than-3-in-24-hours,0.543004,https://www.benzinga.com/insights/cryptocurrency/24/09/40989813/cardano-rises-more-than-3-in-24-hours,Cardano Rises More Than 3% In 24 hours,Benzinga Insights,https://www.benzinga.com/files/images/story/2024/1727118076_0.png,www.benzinga.com,Financial Markets,0.124398,Neutral,"[{""ticker"": ""CRYPTO:ADA"", ""relevance_score"": ""0.543004"", ""ticker_sentiment_score"": ""0.089322"", ""ticker_sentiment_label"": ""Neutral""}]"
2024-09-23,"Amsterdam, 23rd of September 2024 - Virtune, a Swedish regulated digital asset manager and issuer of crypto Exchange Traded Products ( ETPs ) based in Stockholm, Sweden, announces its expansion into the Netherlands through the listing of its Virtune Staked Solana ETP on Euronext Amsterdam.",GlobeNewswire,https://www.globenewswire.com/news-release/2024/09/23/2951074/0/en/Virtune-AB-Publ-announces-its-expansion-into-the-Netherlands-through-the-listing-of-Virtune-Staked-Solana-ETP-on-Euronext-Amsterdam.html,0.041901,https://www.globenewswire.com/news-release/2024/09/23/2951074/0/en/Virtune-AB-Publ-announces-its-expansion-into-the-Netherlands-through-the-listing-of-Virtune-Staked-Solana-ETP-on-Euronext-Amsterdam.html,Virtune AB  ( Publ )  announces its expansion into the Netherlands through the listing of Virtune Staked Solana ETP on Euronext Amsterdam,Virtune AB (Publ),https://ml-eu.globenewswire.com/Resource/Download/da0bec69-79eb-4618-87fd-d96aa395aaed,www.globenewswire.com,"Finance,Blockchain,Financial Markets",0.356072,Bullish,"[{""ticker"": ""COIN"", ""relevance_score"": ""0.041901"", ""ticker_sentiment_score"": ""0.073951"", ""ticker_sentiment_label"": ""Neutral""}, {""ticker"": ""FLTLF"", ""relevance_score"": ""0.041901"", ""ticker_sentiment_score"": ""0.243793"", ""ticker_sentiment_label"": ""Somewhat-Bullish""}, {""ticker"": ""CRYPTO:BTC"", ""relevance_score"": ""0.083687"", ""ticker_sentiment_score"": ""0.068994"", ""ticker_sentiment_label"": ""Neutral""}, {""ticker"": ""CRYPTO:ETH"", ""relevance_score"": ""0.125242"", ""ticker_sentiment_score"": ""0.161095"", ""ticker_sentiment_label"": ""Somewhat-Bullish""}, {""ticker"": ""CRYPTO:LINK"", ""relevance_score"": ""0.041901"", ""ticker_sentiment_score"": ""-0.003913"", ""ticker_sentiment_label"": ""Neutral""}, {""ticker"": ""CRYPTO:HPB"", ""relevance_score"": ""0.041901"", ""ticker_sentiment_score"": ""0.106208"", ""ticker_sentiment_label"": ""Neutral""}, {""ticker"": ""CRYPTO:ADA"", ""relevance_score"": ""0.041901"", ""ticker_sentiment_score"": ""-0.003913"", ""ticker_sentiment_label"": ""Neutral""}]"
2024-09-25,"Hoskinson says the Ethereum network is more like a ""dictatorship"" where Vitalik Buterin exerts too much influence over the development of the decentralized network.",Cointelegraph,https://cointelegraph.com/news/ethereum-dictatorship-claims-cardano-founder-charles-hoskinson,0.27432,https://cointelegraph.com/news/ethereum-dictatorship-claims-cardano-founder-charles-hoskinson,Ethereum is a 'dictatorship' claims Cardano founder Charles Hoskinson,Tom Mitchelhill,"https://images.cointelegraph.com/cdn-cgi/image/format=auto,onerror=redirect,quality=90,width=1200/https://s3.cointelegraph.com/uploads/2024-09/0192216f-c601-7ce1-9e5f-14dd79fd49df",cointelegraph.com,Blockchain,0.019241,Neutral,"[{""ticker"": ""CRYPTO:BTC"", ""relevance_score"": ""0.139265"", ""ticker_sentiment_score"": ""0.091739"", ""ticker_sentiment_label"": ""Neutral""}, {""ticker"": ""CRYPTO:ETH"", ""relevance_score"": ""0.619618"", ""ticker_sentiment_score"": ""-0.069061"", ""ticker_sentiment_label"": ""Neutral""}, {""ticker"": ""CRYPTO:ETC"", ""relevance_score"": ""0.0699"", ""ticker_sentiment_score"": ""-0.104283"", ""ticker_sentiment_label"": ""Neutral""}, {""ticker"": ""CRYPTO:ADA"", ""relevance_score"": ""0.27432"", ""ticker_sentiment_score"": ""0.022898"", ""ticker_sentiment_label"": ""Neutral""}]"
2024-09-26,"Bitcoin continues to face selling near $65,000, but the intensity seems to be reducing, paving the way for an upside breakout.",Cointelegraph,https://cointelegraph.com/news/price-analysis-9-25-btc-eth-bnb-sol-xrp-doge-ton-ada-avax-shib,0.102158,https://cointelegraph.com/news/price-analysis-9-25-btc-eth-bnb-sol-xrp-doge-ton-ada-avax-shib,"Price analysis 9/25: BTC, ETH, BNB, SOL, XRP, DOGE, TON, ADA, AVAX, SHIB",Rakesh Upadhyay,"https://images.cointelegraph.com/cdn-cgi/image/format=auto,onerror=redirect,quality=90,width=1200/https://s3.cointelegraph.com/uploads/2024-09/01922a1c-fe2b-7c34-a498-bfd44bbfe3aa",cointelegraph.com,"Blockchain,Financial Markets",0.019406,Neutral,"[{""ticker"": ""CRYPTO:BTC"", ""relevance_score"": ""0.33132"", ""ticker_sentiment_score"": ""0.270813"", ""ticker_sentiment_label"": ""Somewhat-Bullish""}, {""ticker"": ""CRYPTO:SHIB"", ""relevance_score"": ""0.102158"", ""ticker_sentiment_score"": ""-0.011129"", ""ticker_sentiment_label"": ""Neutral""}, {""ticker"": ""CRYPTO:DOGE"", ""relevance_score"": ""0.102158"", ""ticker_sentiment_score"": ""-0.08705"", ""ticker_sentiment_label"": ""Neutral""}, {""ticker"": ""CRYPTO:ADA"", ""relevance_score"": ""0.102158"", ""ticker_sentiment_score"": ""-0.103051"", ""ticker_sentiment_label"": ""Neutral""}]"
2024-09-26,"Paris, 26th of September 2024 - Virtune, a Swedish regulated digital asset manager and issuer of crypto Exchange Traded Products ( ETPs ) based in Stockholm, Sweden, announces its expansion into France through the listing of its Virtune Staked Solana ETP on Euronext Paris.",GlobeNewswire,https://www.globenewswire.com/news-release/2024/09/26/2953506/0/en/Virtune-AB-Publ-announces-its-expansion-into-France-through-the-listing-of-Virtune-Staked-Solana-ETP-on-Euronext-Paris.html,0.042048,https://www.globenewswire.com/news-release/2024/09/26/2953506/0/en/Virtune-AB-Publ-announces-its-expansion-into-France-through-the-listing-of-Virtune-Staked-Solana-ETP-on-Euronext-Paris.html,Virtune AB  ( Publ )  announces its expansion into France through the listing of Virtune Staked Solana ETP on Euronext Paris,Virtune AB (Publ),https://ml-eu.globenewswire.com/Resource/Download/da0bec69-79eb-4618-87fd-d96aa395aaed,www.globenewswire.com,"Finance,Blockchain,Financial Markets",0.358175,Bullish,"[{""ticker"": ""COIN"", ""relevance_score"": ""0.042048"", ""ticker_sentiment_score"": ""0.075947"", ""ticker_sentiment_label"": ""Neutral""}, {""ticker"": ""FLTLF"", ""relevance_score"": ""0.042048"", ""ticker_sentiment_score"": ""0.243857"", ""ticker_sentiment_label"": ""Somewhat-Bullish""}, {""ticker"": ""CRYPTO:BTC"", ""relevance_score"": ""0.08398"", ""ticker_sentiment_score"": ""0.069036"", ""ticker_sentiment_label"": ""Neutral""}, {""ticker"": ""CRYPTO:ETH"", ""relevance_score"": ""0.125679"", ""ticker_sentiment_score"": ""0.161356"", ""ticker_sentiment_label"": ""Somewhat-Bullish""}, {""ticker"": ""CRYPTO:LINK"", ""relevance_score"": ""0.042048"", ""ticker_sentiment_score"": ""-0.003914"", ""ticker_sentiment_label"": ""Neutral""}, {""ticker"": ""CRYPTO:HPB"", ""relevance_score"": ""0.042048"", ""ticker_sentiment_score"": ""0.106244"", ""ticker_sentiment_label"": ""Neutral""}, {""ticker"": ""CRYPTO:ADA"", ""relevance_score"": ""0.042048"", ""ticker_sentiment_score"": ""-0.003914"", ""ticker_sentiment_label"": ""Neutral""}]"
2024-09-27,"Bitcoin's break above $65,000 and solid buying in-the-spot BTC ETFs have traders convinced that the bull market is back in full swing.",Cointelegraph,https://cointelegraph.com/news/price-analysis-9-27-btc-eth-bnb-sol-xrp-doge-ton-ada-avax-shib,0.105759,https://cointelegraph.com/news/price-analysis-9-27-btc-eth-bnb-sol-xrp-doge-ton-ada-avax-shib,"Price analysis 9/27: BTC, ETH, BNB, SOL, XRP, DOGE, TON, ADA, AVAX, SHIB",Rakesh Upadhyay,"https://images.cointelegraph.com/cdn-cgi/image/format=auto,onerror=redirect,quality=90,width=1200/https://s3.cointelegraph.com/uploads/2024-09/0192349a-8c65-76b0-9427-b6c3fca54b94",cointelegraph.com,"Blockchain,Financial Markets",-0.009722,Neutral,"[{""ticker"": ""CRYPTO:BTC"", ""relevance_score"": ""0.243585"", ""ticker_sentiment_score"": ""0.262994"", ""ticker_sentiment_label"": ""Somewhat-Bullish""}, {""ticker"": ""CRYPTO:SHIB"", ""relevance_score"": ""0.105759"", ""ticker_sentiment_score"": ""-0.071637"", ""ticker_sentiment_label"": ""Neutral""}, {""ticker"": ""CRYPTO:DOGE"", ""relevance_score"": ""0.105759"", ""ticker_sentiment_score"": ""-0.175602"", ""ticker_sentiment_label"": ""Somewhat-Bearish""}, {""ticker"": ""CRYPTO:ADA"", ""relevance_score"": ""0.105759"", ""ticker_sentiment_score"": ""-0.194214"", ""ticker_sentiment_label"": ""Somewhat-Bearish""}]"
2024-09-30,"Ethereum restaking protocol EigenLayer will unlock the EIGEN token for trading tonight, nearly four months after the first airdrop.",Decrypt.co,https://decrypt.co/283871/ethereum-eigenlayer-unlock-tokens-6-7-billion,0.127456,https://decrypt.co/283871/ethereum-eigenlayer-unlock-tokens-6-7-billion,Ethereum Restaking Project EigenLayer Set to Unlock Tokens at $6.7 Billion Valuation,Mat Di Salvo,https://cdn.decrypt.co/resize/1024/height/512/wp-content/uploads/2024/04/Eigenlayer-Video-gID_7.jpg,decrypt.co,"Blockchain,Financial Markets",0.135727,Neutral,"[{""ticker"": ""CRYPTO:BTC"", ""relevance_score"": ""0.127456"", ""ticker_sentiment_score"": ""0.0"", ""ticker_sentiment_label"": ""Neutral""}, {""ticker"": ""CRYPTO:ETH"", ""relevance_score"": ""0.577527"", ""ticker_sentiment_score"": ""0.252716"", ""ticker_sentiment_label"": ""Somewhat-Bullish""}, {""ticker"": ""CRYPTO:ADA"", ""relevance_score"": ""0.127456"", ""ticker_sentiment_score"": ""0.14796"", ""ticker_sentiment_label"": ""Neutral""}]"
2024-09-30,These three large-cap crypto tokens are underperforming the market today in part due to one important catalyst.,Motley Fool,https://www.fool.com/investing/2024/09/30/1-key-reason-why-cardano-polkadot-and-solana-are-p/,0.372448,https://www.fool.com/investing/2024/09/30/1-key-reason-why-cardano-polkadot-and-solana-are-p/,"1 Key Reason Why Cardano, Polkadot, and Solana Are Plunging Today",Chris MacDonald,https://g.foolcdn.com/editorial/images/792489/stock-crash.jpg,www.fool.com,"Economy - Monetary,Blockchain,Financial Markets",0.084258,Neutral,"[{""ticker"": ""CRYPTO:ADA"", ""relevance_score"": ""0.372448"", ""ticker_sentiment_score"": ""-0.111217"", ""ticker_sentiment_label"": ""Neutral""}]"
2024-09-30,"Bitcoin and altcoins are witnessing end-of-month volatility, but traders remain upbeat about October due to the crypto market's history of strong performance in Q4.",Cointelegraph,https://cointelegraph.com/news/price-analysis-9-30-spx-dxy-btc-eth-bnb-sol-xrp-doge-ton-ada,0.097854,https://cointelegraph.com/news/price-analysis-9-30-spx-dxy-btc-eth-bnb-sol-xrp-doge-ton-ada,"Price analysis 9/30: SPX, DXY, BTC, ETH, BNB, SOL, XRP, DOGE, TON, ADA",Rakesh Upadhyay,"https://images.cointelegraph.com/cdn-cgi/image/format=auto,onerror=redirect,quality=90,width=1200/https://s3.cointelegraph.com/uploads/2024-09/019243d0-4be6-7026-a5b7-574a3af5ab89",cointelegraph.com,"Blockchain,Economy - Macro,Financial Markets",0.079511,Neutral,"[{""ticker"": ""FOREX:USD"", ""relevance_score"": ""0.032691"", ""ticker_sentiment_score"": ""0.007706"", ""ticker_sentiment_label"": ""Neutral""}, {""ticker"": ""CRYPTO:BTC"", ""relevance_score"": ""0.318074"", ""ticker_sentiment_score"": ""0.181026"", ""ticker_sentiment_label"": ""Somewhat-Bullish""}, {""ticker"": ""CRYPTO:ETH"", ""relevance_score"": ""0.097854"", ""ticker_sentiment_score"": ""-0.097038"", ""ticker_sentiment_label"": ""Neutral""}, {""ticker"": ""CRYPTO:USDT"", ""relevance_score"": ""0.256989"", ""ticker_sentiment_score"": ""0.104985"", ""ticker_sentiment_label"": ""Neutral""}, {""ticker"": ""CRYPTO:ADA"", ""relevance_score"": ""0.097854"", ""ticker_sentiment_score"": ""0.062754"", ""ticker_sentiment_label"": ""Neutral""}, {""ticker"": ""CRYPTO:BNB"", ""relevance_score"": ""0.097854"", ""ticker_sentiment_score"": ""0.001085"", ""ticker_sentiment_label"": ""Neutral""}, {""ticker"": ""CRYPTO:XRP"", ""relevance_score"": ""0.097854"", ""ticker_sentiment_score"": ""-0.150364"", ""ticker_sentiment_label"": ""Somewhat-Bearish""}]"
2024-09-30,"Cardano's ADA/USD price has decreased 3.76% over the past 24 hours to $0.38. This is contrary to the coins performance over the past week where it has experienced an up-trend of 8.0%, moving from $0.36 to its current price.",Benzinga,https://www.benzinga.com/insights/cryptocurrency/24/09/41096585/cardano-down-more-than-3-within-24-hours,0.56217,https://www.benzinga.com/insights/cryptocurrency/24/09/41096585/cardano-down-more-than-3-within-24-hours,Cardano Down More Than 3% Within 24 hours,Benzinga Insights,https://www.benzinga.com/files/images/story/2024/1727708571_0.png,www.benzinga.com,Financial Markets,0.058831,Neutral,"[{""ticker"": ""CRYPTO:ADA"", ""relevance_score"": ""0.56217"", ""ticker_sentiment_score"": ""-0.03702"", ""ticker_sentiment_label"": ""Neutral""}]"
2024-09-30,"A prominent cryptocurrency commentator predicted a significant price surge for Solana SOL/USD, expecting as much as 5x return by the end of 2025. What Happened: MartyParty, a widely-followed cryptocurrency influencer who also happens to be a music artist, said in an X post Sunday that Solana has ...",Benzinga,https://www.benzinga.com/markets/cryptocurrency/24/09/41084752/solana-to-skyrocket-5x-by-q4-2025-analyst-says-project-has-the-best-chance-of-delivering-t,0.104228,https://www.benzinga.com/markets/cryptocurrency/24/09/41084752/solana-to-skyrocket-5x-by-q4-2025-analyst-says-project-has-the-best-chance-of-delivering-t,Solana To Skyrocket 5X By Q4 2025? Analyst Says: 'Project Has The Best Chance Of Delivering The Second Internet',Aniket Verma,https://cdn.benzinga.com/files/images/story/2024/09/30/Best-Purr-formers-of-2024.jpeg?width=1200&height=800&fit=crop,www.benzinga.com,"Blockchain,Financial Markets",0.229925,Somewhat-Bullish,"[{""ticker"": ""CRYPTO:ETH"", ""relevance_score"": ""0.104228"", ""ticker_sentiment_score"": ""0.0"", ""ticker_sentiment_label"": ""Neutral""}, {""ticker"": ""CRYPTO:ADA"", ""relevance_score"": ""0.104228"", ""ticker_sentiment_score"": ""0.0"", ""ticker_sentiment_label"": ""Neutral""}]"
2024-09-30,"Ethereum-based projects should have metrics to strive toward to ensure they are collectively ""building something that feels like one Ethereum ecosystem."" ...",Cointelegraph,https://cointelegraph.com/news/ethereum-needs-metrics-make-ethereum-aligned,0.118064,https://cointelegraph.com/news/ethereum-needs-metrics-make-ethereum-aligned,Vitalik Buterin proposes metrics to measure 'Ethereum alignment',Brayden Lindrea,"https://images.cointelegraph.com/cdn-cgi/image/format=auto,onerror=redirect,quality=90,width=1200/https://s3.cointelegraph.com/uploads/2024-09/0192400b-d83b-75bc-82f2-ba394f681d18",cointelegraph.com,,0.055795,Neutral,"[{""ticker"": ""CRYPTO:ETH"", ""relevance_score"": ""0.89767"", ""ticker_sentiment_score"": ""0.216736"", ""ticker_sentiment_label"": ""Somewhat-Bullish""}, {""ticker"": ""CRYPTO:ADA"", ""relevance_score"": ""0.118064"", ""ticker_sentiment_score"": ""0.098912"", ""ticker_sentiment_label"": ""Neutral""}]"
2024-09-30,Valour Digital Securities Limited launches Asset-backed Ethereum Physical Staking ETP for Professional Investors on the London Stock Exchange.,GlobeNewswire,https://www.globenewswire.com/news-release/2024/09/30/2955098/0/en/DeFi-Technologies-Subsidiary-Valour-launches-Asset-backed-Ethereum-Physical-Staking-ETP-for-Professional-Investors-on-the-London-Stock-Exchange.html,0.052226,https://www.globenewswire.com/news-release/2024/09/30/2955098/0/en/DeFi-Technologies-Subsidiary-Valour-launches-Asset-backed-Ethereum-Physical-Staking-ETP-for-Professional-Investors-on-the-London-Stock-Exchange.html,DeFi Technologies Subsidiary Valour launches Asset-backed Ethereum Physical Staking ETP for Professional Investors on the London Stock Exchange,DeFi Technologies Inc.,https://ml.globenewswire.com/Resource/Download/1c34c84a-630c-4b7e-9876-47eedd7c0d3b,www.globenewswire.com,"Blockchain,Financial Markets",0.245003,Somewhat-Bullish,"[{""ticker"": ""LDNXF"", ""relevance_score"": ""0.104228"", ""ticker_sentiment_score"": ""0.146811"", ""ticker_sentiment_label"": ""Neutral""}, {""ticker"": ""CRYPTO:BTC"", ""relevance_score"": ""0.281349"", ""ticker_sentiment_score"": ""0.192568"", ""ticker_sentiment_label"": ""Somewhat-Bullish""}, {""ticker"": ""CRYPTO:ETH"", ""relevance_score"": ""0.466236"", ""ticker_sentiment_score"": ""0.309699"", ""ticker_sentiment_label"": ""Somewhat-Bullish""}, {""ticker"": ""CRYPTO:LINK"", ""relevance_score"": ""0.052226"", ""ticker_sentiment_score"": ""0.066947"", ""ticker_sentiment_label"": ""Neutral""}, {""ticker"": ""CRYPTO:UNI"", ""relevance_score"": ""0.052226"", ""ticker_sentiment_score"": ""0.066947"", ""ticker_sentiment_label"": ""Neutral""}, {""ticker"": ""CRYPTO:ADA"", ""relevance_score"": ""0.052226"", ""ticker_sentiment_score"": ""0.066947"", ""ticker_sentiment_label"": ""Neutral""}]"
2024-10-01,"Stockholm, 1st of October 2024 - Today Virtune announces that it has finalized its monthly rebalancing for Virtune Crypto Top 10 Index ETP, listed on Nasdaq Stockholm for both the SEK-denominated ( ISIN code SE0020052207, ticker name VIR10SEK ) and the EUR-denominated ( ISIN code SE0020052215, ...",GlobeNewswire,https://www.globenewswire.com/news-release/2024/10/01/2955818/0/en/Virtune-AB-Publ-Virtune-has-completed-the-monthly-rebalancing-for-September-2024-of-its-Virtune-Crypto-Top-10-Index-ETP-the-first-crypto-index-ETP-in-the-Nordics.html,0.071357,https://www.globenewswire.com/news-release/2024/10/01/2955818/0/en/Virtune-AB-Publ-Virtune-has-completed-the-monthly-rebalancing-for-September-2024-of-its-Virtune-Crypto-Top-10-Index-ETP-the-first-crypto-index-ETP-in-the-Nordics.html,"Virtune AB  ( Publ )   ( ""Virtune"" )  has completed the monthly rebalancing for September 2024 of its Virtune Crypto Top 10 Index ETP, the first crypto index ETP in the Nordics",Virtune AB (Publ),https://ml-eu.globenewswire.com/Resource/Download/da0bec69-79eb-4618-87fd-d96aa395aaed,www.globenewswire.com,"Blockchain,Financial Markets",0.263738,Somewhat-Bullish,"[{""ticker"": ""CRYPTO:BTC"", ""relevance_score"": ""0.142144"", ""ticker_sentiment_score"": ""0.135782"", ""ticker_sentiment_label"": ""Neutral""}, {""ticker"": ""CRYPTO:ETH"", ""relevance_score"": ""0.142144"", ""ticker_sentiment_score"": ""0.135782"", ""ticker_sentiment_label"": ""Neutral""}, {""ticker"": ""CRYPTO:LINK"", ""relevance_score"": ""0.071357"", ""ticker_sentiment_score"": ""-0.004034"", ""ticker_sentiment_label"": ""Neutral""}, {""ticker"": ""CRYPTO:ADA"", ""relevance_score"": ""0.071357"", ""ticker_sentiment_score"": ""-0.004034"", ""ticker_sentiment_label"": ""Neutral""}]"
2024-10-03,"Whistleblower Edward Snowden took aim at Solana, renewing an old debate-and prompting SOL believers to defend the network.",Decrypt.co,https://decrypt.co/284376/edward-snowden-solana-centralization-pushing-back,0.210731,https://decrypt.co/284376/edward-snowden-solana-centralization-pushing-back,Edward Snowden Slams Solana Over 'Centralization'-And SOL Devs Are Pushing Back,André Beganski,https://cdn.decrypt.co/resize/1024/height/512/wp-content/uploads/2024/10/solana-shutterstock-gID_7.jpg,decrypt.co,Blockchain,0.014669,Neutral,"[{""ticker"": ""CRYPTO:BTC"", ""relevance_score"": ""0.053271"", ""ticker_sentiment_score"": ""-0.221796"", ""ticker_sentiment_label"": ""Somewhat-Bearish""}, {""ticker"": ""CRYPTO:ETH"", ""relevance_score"": ""0.158868"", ""ticker_sentiment_score"": ""-0.031843"", ""ticker_sentiment_label"": ""Neutral""}, {""ticker"": ""CRYPTO:ADA"", ""relevance_score"": ""0.210731"", ""ticker_sentiment_score"": ""-0.039129"", ""ticker_sentiment_label"": ""Neutral""}]"
2024-10-03,"Coinbase wants the court to compel the CFTC to hand over its communications with certain crypto issuers, claiming its critical to its defense against the SEC.",Cointelegraph,https://cointelegraph.com/news/coinbase-cftc-motion-to-compel-subpoenadocs-defend-sec-suit,0.171485,https://cointelegraph.com/news/coinbase-cftc-motion-to-compel-subpoenadocs-defend-sec-suit,Coinbase pushes CFTC for docs to defend against SEC,Jesse Coghlan,"https://images.cointelegraph.com/cdn-cgi/image/format=auto,onerror=redirect,quality=90,width=1200/https://s3.cointelegraph.com/uploads/2024-10/01925051-79f1-79fa-af99-42c56b66a0ea",cointelegraph.com,"Finance,Blockchain,Financial Markets",0.024098,Neutral,"[{""ticker"": ""COIN"", ""relevance_score"": ""0.721206"", ""ticker_sentiment_score"": ""0.039107"", ""ticker_sentiment_label"": ""Neutral""}, {""ticker"": ""CRYPTO:FIL"", ""relevance_score"": ""0.171485"", ""ticker_sentiment_score"": ""0.073122"", ""ticker_sentiment_label"": ""Neutral""}, {""ticker"": ""CRYPTO:ADA"", ""relevance_score"": ""0.171485"", ""ticker_sentiment_score"": ""0.073122"", ""ticker_sentiment_label"": ""Neutral""}]"
2024-10-03,"In an interview, Mark Cuban admits that he's tempted to play the ""game"" that is timing meme coin investments-even if it's just musical chairs.",Decrypt.co,https://decrypt.co/284416/mark-cuban-still-loves-dogecoin-but-every-meme-coin-is-a-rug-pull-in-the-works,0.062597,https://decrypt.co/284416/mark-cuban-still-loves-dogecoin-but-every-meme-coin-is-a-rug-pull-in-the-works,Mark Cuban Still Loves Dogecoin But 'Every Meme Coin Is a Rug Pull in the Works',Ryan S. Gladwin,https://cdn.decrypt.co/resize/1024/height/512/wp-content/uploads/2022/06/mark-cuban-gID_7.jpg,decrypt.co,"Blockchain,Financial Markets,Manufacturing",0.174139,Somewhat-Bullish,"[{""ticker"": ""RDDT"", ""relevance_score"": ""0.062597"", ""ticker_sentiment_score"": ""0.040324"", ""ticker_sentiment_label"": ""Neutral""}, {""ticker"": ""TSLA"", ""relevance_score"": ""0.062597"", ""ticker_sentiment_score"": ""0.165126"", ""ticker_sentiment_label"": ""Somewhat-Bullish""}, {""ticker"": ""CRYPTO:BTC"", ""relevance_score"": ""0.062597"", ""ticker_sentiment_score"": ""0.175532"", ""ticker_sentiment_label"": ""Somewhat-Bullish""}, {""ticker"": ""CRYPTO:ETH"", ""relevance_score"": ""0.124809"", ""ticker_sentiment_score"": ""0.158464"", ""ticker_sentiment_label"": ""Somewhat-Bullish""}, {""ticker"": ""CRYPTO:DOGE"", ""relevance_score"": ""0.470174"", ""ticker_sentiment_score"": ""0.398149"", ""ticker_sentiment_label"": ""Bullish""}, {""ticker"": ""CRYPTO:ADA"", ""relevance_score"": ""0.062597"", ""ticker_sentiment_score"": ""0.088025"", ""ticker_sentiment_label"": ""Neutral""}]"
2024-10-04,"Cardano's ADA/USD price has increased 4.49% over the past 24 hours to $0.35, which is in the opposite direction of its trend over the past week, where it has experienced a 13.0% loss, moving from $0.40 to its current price. As it stands right now, the coin's all-time high is $3.09.",Benzinga,https://www.benzinga.com/insights/cryptocurrency/24/10/41191255/cardano-rises-more-than-4-in-24-hours,0.546745,https://www.benzinga.com/insights/cryptocurrency/24/10/41191255/cardano-rises-more-than-4-in-24-hours,Cardano Rises More Than 4% In 24 hours,Benzinga Insights,https://www.benzinga.com/files/images/story/2024/1728068544_0.png,www.benzinga.com,Financial Markets,0.023787,Neutral,"[{""ticker"": ""CRYPTO:ADA"", ""relevance_score"": ""0.546745"", ""ticker_sentiment_score"": ""-0.089685"", ""ticker_sentiment_label"": ""Neutral""}]"
2024-10-04,"If Bitcoin sustains its rebound above $60,000, investor sentiment is likely to improve and attract buyers to altcoins.",Cointelegraph,https://cointelegraph.com/news/price-analysis-10-4-btc-eth-bnb-sol-xrp-doge-ton-ada-avax-shib,0.104379,https://cointelegraph.com/news/price-analysis-10-4-btc-eth-bnb-sol-xrp-doge-ton-ada-avax-shib,"Price analysis 10/4: BTC, ETH, BNB, SOL, XRP, DOGE, TON, ADA, AVAX, SHIB",Rakesh Upadhyay,"https://images.cointelegraph.com/cdn-cgi/image/format=auto,onerror=redirect,quality=90,width=1200/https://s3.cointelegraph.com/uploads/2024-10/0192588b-140f-7995-9bd9-5d0243ac9bfa",cointelegraph.com,"Blockchain,Financial Markets",-0.086617,Neutral,"[{""ticker"": ""CRYPTO:BTC"", ""relevance_score"": ""0.369519"", ""ticker_sentiment_score"": ""0.090375"", ""ticker_sentiment_label"": ""Neutral""}, {""ticker"": ""CRYPTO:AVAX"", ""relevance_score"": ""0.069697"", ""ticker_sentiment_score"": ""0.006077"", ""ticker_sentiment_label"": ""Neutral""}, {""ticker"": ""CRYPTO:BNB"", ""relevance_score"": ""0.104379"", ""ticker_sentiment_score"": ""-0.058733"", ""ticker_sentiment_label"": ""Neutral""}, {""ticker"": ""CRYPTO:XRP"", ""relevance_score"": ""0.104379"", ""ticker_sentiment_score"": ""-0.163775"", ""ticker_sentiment_label"": ""Somewhat-Bearish""}, {""ticker"": ""CRYPTO:ETH"", ""relevance_score"": ""0.104379"", ""ticker_sentiment_score"": ""-0.094449"", ""ticker_sentiment_label"": ""Neutral""}, {""ticker"": ""CRYPTO:SHIB"", ""relevance_score"": ""0.104379"", ""ticker_sentiment_score"": ""-0.275151"", ""ticker_sentiment_label"": ""Somewhat-Bearish""}, {""ticker"": ""CRYPTO:DOGE"", ""relevance_score"": ""0.104379"", ""ticker_sentiment_score"": ""0.013378"", ""ticker_sentiment_label"": ""Neutral""}, {""ticker"": ""CRYPTO:USDT"", ""relevance_score"": ""0.338119"", ""ticker_sentiment_score"": ""-0.085848"", ""ticker_sentiment_label"": ""Neutral""}, {""ticker"": ""CRYPTO:ADA"", ""relevance_score"": ""0.104379"", ""ticker_sentiment_score"": ""-0.079291"", ""ticker_sentiment_label"": ""Neutral""}]"
2024-10-04,Could the tiny altcoin outperform the world's top cryptocurrency in the future?,Motley Fool,https://www.fool.com/investing/2024/10/04/should-you-forget-bitcoin-and-buy-shiba-inu/,0.089462,https://www.fool.com/investing/2024/10/04/should-you-forget-bitcoin-and-buy-shiba-inu/,Should You Forget Bitcoin and Buy Shiba Inu Instead?,Leo Sun,https://g.foolcdn.com/image/?url=https%3A%2F%2Fg.foolcdn.com%2Feditorial%2Fimages%2F792547%2Fshiba-inu-dog-doge-dogecoin.jpeg&op=resize&w=700,www.fool.com,"Economy - Monetary,Financial Markets,Real Estate & Construction,Blockchain",0.204161,Somewhat-Bullish,"[{""ticker"": ""MARA"", ""relevance_score"": ""0.089462"", ""ticker_sentiment_score"": ""0.12643"", ""ticker_sentiment_label"": ""Neutral""}, {""ticker"": ""CRYPTO:BTC"", ""relevance_score"": ""0.600602"", ""ticker_sentiment_score"": ""0.282309"", ""ticker_sentiment_label"": ""Somewhat-Bullish""}, {""ticker"": ""CRYPTO:ETH"", ""relevance_score"": ""0.346884"", ""ticker_sentiment_score"": ""0.134812"", ""ticker_sentiment_label"": ""Neutral""}, {""ticker"": ""CRYPTO:SHIB"", ""relevance_score"": ""0.46341"", ""ticker_sentiment_score"": ""0.214402"", ""ticker_sentiment_label"": ""Somewhat-Bullish""}, {""ticker"": ""CRYPTO:ADA"", ""relevance_score"": ""0.089462"", ""ticker_sentiment_score"": ""0.026826"", ""ticker_sentiment_label"": ""Neutral""}]"
2024-10-07,"Bitcoin has produced huge returns, but there is some downside to consider.",Motley Fool,https://www.fool.com/investing/2024/10/07/5-top-risks-to-know-before-you-buy-bitcoin/,0.063258,https://www.fool.com/investing/2024/10/07/5-top-risks-to-know-before-you-buy-bitcoin/,5 Top Risks to Know Before You Buy Bitcoin,Neil Patel,https://g.foolcdn.com/editorial/images/792930/getty-high-risk-risky-danger-investing-mistakes-penny-stocks-margin.jpg,www.fool.com,"Economy - Monetary,Blockchain,Financial Markets",0.068134,Neutral,"[{""ticker"": ""CRYPTO:BTC"", ""relevance_score"": ""0.659096"", ""ticker_sentiment_score"": ""0.167295"", ""ticker_sentiment_label"": ""Somewhat-Bullish""}, {""ticker"": ""CRYPTO:ETH"", ""relevance_score"": ""0.063258"", ""ticker_sentiment_score"": ""0.180207"", ""ticker_sentiment_label"": ""Somewhat-Bullish""}, {""ticker"": ""CRYPTO:ADA"", ""relevance_score"": ""0.063258"", ""ticker_sentiment_score"": ""0.180207"", ""ticker_sentiment_label"": ""Somewhat-Bullish""}]"
2024-10-07,"Bitcoin price opened the week with a bang as altcoins and stocks turned green, but $65,000 to $66,500 remains a tall hurdle for BTC to overcome.",Cointelegraph,https://cointelegraph.com/news/price-analysis-10-7-spx-dxy-btc-eth-bnb-sol-xrp-doge-ton-ada,0.102741,https://cointelegraph.com/news/price-analysis-10-7-spx-dxy-btc-eth-bnb-sol-xrp-doge-ton-ada,"Price analysis 10/7: SPX, DXY, BTC, ETH, BNB, SOL, XRP, DOGE, TON, ADA",Rakesh Upadhyay,"https://images.cointelegraph.com/cdn-cgi/image/format=auto,onerror=redirect,quality=90,width=1200/https://s3.cointelegraph.com/uploads/2024-10/019267c5-b451-7056-bc36-12b6f70d8265",cointelegraph.com,"Blockchain,Economy - Macro,Financial Markets",-0.033597,Neutral,"[{""ticker"": ""FOREX:USD"", ""relevance_score"": ""0.034332"", ""ticker_sentiment_score"": ""0.157387"", ""ticker_sentiment_label"": ""Somewhat-Bullish""}, {""ticker"": ""CRYPTO:BTC"", ""relevance_score"": ""0.301521"", ""ticker_sentiment_score"": ""0.048384"", ""ticker_sentiment_label"": ""Neutral""}, {""ticker"": ""CRYPTO:BNB"", ""relevance_score"": ""0.102741"", ""ticker_sentiment_score"": ""-0.099577"", ""ticker_sentiment_label"": ""Neutral""}, {""ticker"": ""CRYPTO:XRP"", ""relevance_score"": ""0.102741"", ""ticker_sentiment_score"": ""-0.029843"", ""ticker_sentiment_label"": ""Neutral""}, {""ticker"": ""CRYPTO:ETH"", ""relevance_score"": ""0.102741"", ""ticker_sentiment_score"": ""-0.10496"", ""ticker_sentiment_label"": ""Neutral""}, {""ticker"": ""CRYPTO:DOGE"", ""relevance_score"": ""0.102741"", ""ticker_sentiment_score"": ""-0.129468"", ""ticker_sentiment_label"": ""Neutral""}, {""ticker"": ""CRYPTO:USDT"", ""relevance_score"": ""0.269404"", ""ticker_sentiment_score"": ""-0.101987"", ""ticker_sentiment_label"": ""Neutral""}, {""ticker"": ""CRYPTO:ADA"", ""relevance_score"": ""0.102741"", ""ticker_sentiment_score"": ""-0.03124"", ""ticker_sentiment_label"": ""Neutral""}]"
2024-10-08,"Researchers found a vulnerability in NEAR's peer-to-peer networking protocol that could have crashed any node, but it was patched before an attacker could discover it.",Cointelegraph,https://cointelegraph.com/news/near-patche-web3-ping-vulnerability,0.045482,https://cointelegraph.com/news/near-patche-web3-ping-vulnerability,NEAR patches 'Web3 Ping of Death' vulnerability that could crash network,Christopher Roark,"https://images.cointelegraph.com/cdn-cgi/image/format=auto,onerror=redirect,quality=90,width=1200/https://s3.cointelegraph.com/uploads/2024-10/01926c4c-65d9-7c3f-82ed-001c71ef23ba",cointelegraph.com,Blockchain,-0.229713,Somewhat-Bearish,"[{""ticker"": ""CRYPTO:ADA"", ""relevance_score"": ""0.045482"", ""ticker_sentiment_score"": ""-0.106533"", ""ticker_sentiment_label"": ""Neutral""}]"
2024-10-08,The DeSci movement continues to gain steam among industry insiders.,Cointelegraph,https://cointelegraph.com/news/blockchain-based-desci-solves-science-peer-review-problem-charles-hoskinson,0.114682,https://cointelegraph.com/news/blockchain-based-desci-solves-science-peer-review-problem-charles-hoskinson,Blockchain-based DeSci solves science's peer review problem - Hoskinson,Tristan Greene,"https://images.cointelegraph.com/cdn-cgi/image/format=auto,onerror=redirect,quality=90,width=1200/https://s3.cointelegraph.com/uploads/2024-10/01926d5a-409a-758a-9761-8b7841067085",cointelegraph.com,,0.077905,Neutral,"[{""ticker"": ""CRYPTO:ADA"", ""relevance_score"": ""0.114682"", ""ticker_sentiment_score"": ""-0.093956"", ""ticker_sentiment_label"": ""Neutral""}]"
2024-10-09,"SINGAPORE, Oct. 09, 2024 ( GLOBE NEWSWIRE ) -- MELD, a new Neobank focusing on crypto friendliness launches today with their iOS mobile app. Coming to the market with a new type of banking that merges crypto and fiat services into a single platform.",Benzinga,https://www.benzinga.com/pressreleases/24/10/g41251468/meld-launches-crypto-neobank,0.058615,https://www.benzinga.com/pressreleases/24/10/g41251468/meld-launches-crypto-neobank,MELD Launches Crypto Neobank,Globe Newswire,https://ml.globenewswire.com/Resource/Download/5190354e-313c-44ef-ab60-82088e9d5d6b/meldd.jpg,www.benzinga.com,"Blockchain,Financial Markets",0.1682,Somewhat-Bullish,"[{""ticker"": ""CRYPTO:BTC"", ""relevance_score"": ""0.058615"", ""ticker_sentiment_score"": ""0.137999"", ""ticker_sentiment_label"": ""Neutral""}, {""ticker"": ""CRYPTO:ETH"", ""relevance_score"": ""0.116914"", ""ticker_sentiment_score"": ""0.069492"", ""ticker_sentiment_label"": ""Neutral""}, {""ticker"": ""CRYPTO:XCP"", ""relevance_score"": ""0.058615"", ""ticker_sentiment_score"": ""0.0"", ""ticker_sentiment_label"": ""Neutral""}, {""ticker"": ""CRYPTO:ADA"", ""relevance_score"": ""0.058615"", ""ticker_sentiment_score"": ""-0.01101"", ""ticker_sentiment_label"": ""Neutral""}]"
2024-10-09,"Bitcoin's failure to hold $62,000 may trigger another selloff and pull altcoin prices lower.",Cointelegraph,https://cointelegraph.com/news/price-analysis-10-9-btc-eth-bnb-sol-xrp-doge-ton-ada-avax-shib,0.102013,https://cointelegraph.com/news/price-analysis-10-9-btc-eth-bnb-sol-xrp-doge-ton-ada-avax-shib,"Price analysis 10/9: BTC, ETH, BNB, SOL, XRP, DOGE, TON, ADA, AVAX, SHIB",Rakesh Upadhyay,"https://images.cointelegraph.com/cdn-cgi/image/format=auto,onerror=redirect,quality=90,width=1200/https://s3.cointelegraph.com/uploads/2024-10/0192721c-4e90-7893-914f-fbc04b0d2ab2",cointelegraph.com,"Finance,Blockchain",-0.050938,Neutral,"[{""ticker"": ""COIN"", ""relevance_score"": ""0.068112"", ""ticker_sentiment_score"": ""-0.144229"", ""ticker_sentiment_label"": ""Neutral""}, {""ticker"": ""CRYPTO:BTC"", ""relevance_score"": ""0.1692"", ""ticker_sentiment_score"": ""-0.002907"", ""ticker_sentiment_label"": ""Neutral""}, {""ticker"": ""CRYPTO:AVAX"", ""relevance_score"": ""0.068112"", ""ticker_sentiment_score"": ""-0.110341"", ""ticker_sentiment_label"": ""Neutral""}, {""ticker"": ""CRYPTO:BNB"", ""relevance_score"": ""0.102013"", ""ticker_sentiment_score"": ""-0.069484"", ""ticker_sentiment_label"": ""Neutral""}, {""ticker"": ""CRYPTO:XRP"", ""relevance_score"": ""0.102013"", ""ticker_sentiment_score"": ""0.059637"", ""ticker_sentiment_label"": ""Neutral""}, {""ticker"": ""CRYPTO:ETH"", ""relevance_score"": ""0.102013"", ""ticker_sentiment_score"": ""-0.035696"", ""ticker_sentiment_label"": ""Neutral""}, {""ticker"": ""CRYPTO:SHIB"", ""relevance_score"": ""0.102013"", ""ticker_sentiment_score"": ""0.037268"", ""ticker_sentiment_label"": ""Neutral""}, {""ticker"": ""CRYPTO:DOGE"", ""relevance_score"": ""0.102013"", ""ticker_sentiment_score"": ""-0.063575"", ""ticker_sentiment_label"": ""Neutral""}, {""ticker"": ""CRYPTO:USDT"", ""relevance_score"": ""0.330876"", ""ticker_sentiment_score"": ""-0.024156"", ""ticker_sentiment_label"": ""Neutral""}, {""ticker"": ""CRYPTO:ADA"", ""relevance_score"": ""0.102013"", ""ticker_sentiment_score"": ""0.080687"", ""ticker_sentiment_label"": ""Neutral""}]"
2024-10-10,Cardano is host to the first smart contract where Argentina's courts have jurisdiction after the country legalized crypto as a payment method in commercial contracts last December.,Cointelegraph,https://cointelegraph.com/news/legally-enforcible-cardano-smart-contract-argentina,0.720958,https://cointelegraph.com/news/legally-enforcible-cardano-smart-contract-argentina,Cardano hosts first smart contract legally enforceable in Argentina,Brayden Lindrea,"https://images.cointelegraph.com/cdn-cgi/image/format=auto,onerror=redirect,quality=90,width=1200/https://s3.cointelegraph.com/uploads/2024-10/019273f6-edfc-7eea-85d9-8f41c38ead2e",cointelegraph.com,"Economy - Monetary,Blockchain,Financial Markets",0.249177,Somewhat-Bullish,"[{""ticker"": ""CRYPTO:BTC"", ""relevance_score"": ""0.24289"", ""ticker_sentiment_score"": ""0.11889"", ""ticker_sentiment_label"": ""Neutral""}, {""ticker"": ""CRYPTO:ADA"", ""relevance_score"": ""0.720958"", ""ticker_sentiment_score"": ""0.449268"", ""ticker_sentiment_label"": ""Bullish""}]"
2024-10-10,"Valour has launched the Valour Sui (SUI) ETP on Sweden's Spotlight Stock Market, broadening its portfolio of innovative digital asset products.",GlobeNewswire,https://www.globenewswire.com/news-release/2024/10/10/2961210/0/en/DeFi-Technologies-Subsidiary-Valour-Expands-Offerings-with-Valour-Sui-SUI-ETP-on-Spotlight-Stock-Market.html,0.06419,https://www.globenewswire.com/news-release/2024/10/10/2961210/0/en/DeFi-Technologies-Subsidiary-Valour-Expands-Offerings-with-Valour-Sui-SUI-ETP-on-Spotlight-Stock-Market.html,DeFi Technologies' Subsidiary Valour Expands Offerings with Valour Sui  ( SUI )  ETP on Spotlight Stock Market,DeFi Technologies Inc.,https://ml.globenewswire.com/Resource/Download/1c34c84a-630c-4b7e-9876-47eedd7c0d3b,www.globenewswire.com,"Blockchain,Financial Markets",0.318794,Somewhat-Bullish,"[{""ticker"": ""CRYPTO:BTC"", ""relevance_score"": ""0.252659"", ""ticker_sentiment_score"": ""0.123976"", ""ticker_sentiment_label"": ""Neutral""}, {""ticker"": ""CRYPTO:ETH"", ""relevance_score"": ""0.127965"", ""ticker_sentiment_score"": ""0.077275"", ""ticker_sentiment_label"": ""Neutral""}, {""ticker"": ""CRYPTO:LINK"", ""relevance_score"": ""0.06419"", ""ticker_sentiment_score"": ""0.06521"", ""ticker_sentiment_label"": ""Neutral""}, {""ticker"": ""CRYPTO:UNI"", ""relevance_score"": ""0.06419"", ""ticker_sentiment_score"": ""0.06521"", ""ticker_sentiment_label"": ""Neutral""}, {""ticker"": ""CRYPTO:ADA"", ""relevance_score"": ""0.06419"", ""ticker_sentiment_score"": ""0.06521"", ""ticker_sentiment_label"": ""Neutral""}]"
2024-10-11,"Bitcoin and altcoins made a strong comeback on Oct. 11, indicating solid buying at lower levels.",Cointelegraph,https://cointelegraph.com/news/price-analysis-10-11-btc-eth-bnb-sol-xrp-doge-ton-ada-avax-shib,0.098524,https://cointelegraph.com/news/price-analysis-10-11-btc-eth-bnb-sol-xrp-doge-ton-ada-avax-shib,"Price analysis 10/11: BTC, ETH, BNB, SOL, XRP, DOGE, TON, ADA, AVAX, SHIB",Rakesh Upadhyay,"https://images.cointelegraph.com/cdn-cgi/image/format=auto,onerror=redirect,quality=90,width=1200/https://s3.cointelegraph.com/uploads/2024-10/01927c94-9d5f-783f-b196-b03db7c74605",cointelegraph.com,"Blockchain,Financial Markets",0.002425,Neutral,"[{""ticker"": ""CRYPTO:BTC"", ""relevance_score"": ""0.464072"", ""ticker_sentiment_score"": ""-0.126574"", ""ticker_sentiment_label"": ""Neutral""}, {""ticker"": ""CRYPTO:AVAX"", ""relevance_score"": ""0.065775"", ""ticker_sentiment_score"": ""-0.059484"", ""ticker_sentiment_label"": ""Neutral""}, {""ticker"": ""CRYPTO:BNB"", ""relevance_score"": ""0.131105"", ""ticker_sentiment_score"": ""0.083928"", ""ticker_sentiment_label"": ""Neutral""}, {""ticker"": ""CRYPTO:XRP"", ""relevance_score"": ""0.065775"", ""ticker_sentiment_score"": ""-0.141284"", ""ticker_sentiment_label"": ""Neutral""}, {""ticker"": ""CRYPTO:ETH"", ""relevance_score"": ""0.098524"", ""ticker_sentiment_score"": ""-0.135526"", ""ticker_sentiment_label"": ""Neutral""}, {""ticker"": ""CRYPTO:SHIB"", ""relevance_score"": ""0.098524"", ""ticker_sentiment_score"": ""0.057164"", ""ticker_sentiment_label"": ""Neutral""}, {""ticker"": ""CRYPTO:DOGE"", ""relevance_score"": ""0.098524"", ""ticker_sentiment_score"": ""0.068439"", ""ticker_sentiment_label"": ""Neutral""}, {""ticker"": ""CRYPTO:USDT"", ""relevance_score"": ""0.32014"", ""ticker_sentiment_score"": ""-0.002343"", ""ticker_sentiment_label"": ""Neutral""}, {""ticker"": ""CRYPTO:ADA"", ""relevance_score"": ""0.098524"", ""ticker_sentiment_score"": ""-0.00663"", ""ticker_sentiment_label"": ""Neutral""}]"
2024-10-11,"Over the past 24 hours, Cardano's ADA/USD price has risen 3.86% to $0.35. This is contrary to its negative trend over the past week where it has experienced a 1.0% loss, moving from $0.35 to its current price. As it stands right now, the coin's all-time high is $3.09.",Benzinga,https://www.benzinga.com/insights/cryptocurrency/24/10/41293214/cardano-rises-more-than-3-in-24-hours,0.543004,https://www.benzinga.com/insights/cryptocurrency/24/10/41293214/cardano-rises-more-than-3-in-24-hours,Cardano Rises More Than 3% In 24 hours,Benzinga Insights,https://www.benzinga.com/files/images/story/2024/1728658946_0.png,www.benzinga.com,Financial Markets,-0.05951,Neutral,"[{""ticker"": ""CRYPTO:ADA"", ""relevance_score"": ""0.543004"", ""ticker_sentiment_score"": ""-0.230862"", ""ticker_sentiment_label"": ""Somewhat-Bearish""}]"
2024-10-12,"From meme coins to AI crypto tokens, it's possible to find cryptocurrencies that are posting gains of 100% or higher this year.",Motley Fool,https://www.fool.com/investing/2024/10/12/these-surprising-cryptocurrencies-are-outperformin/,0.051003,https://www.fool.com/investing/2024/10/12/these-surprising-cryptocurrencies-are-outperformin/,These Surprising Cryptocurrencies Are Outperforming Bitcoin This Year  ( and It's Not Even Close ) ,Dominic Basulto,https://g.foolcdn.com/image/?url=https%3A%2F%2Fg.foolcdn.com%2Feditorial%2Fimages%2F793664%2Fgeneric-cryptocurrency-coin-mining.jpg&op=resize&w=700,www.fool.com,"Blockchain,Financial Markets",0.226922,Somewhat-Bullish,"[{""ticker"": ""CRYPTO:BTC"", ""relevance_score"": ""0.391158"", ""ticker_sentiment_score"": ""0.278227"", ""ticker_sentiment_label"": ""Somewhat-Bullish""}, {""ticker"": ""CRYPTO:ETH"", ""relevance_score"": ""0.29887"", ""ticker_sentiment_score"": ""0.097406"", ""ticker_sentiment_label"": ""Neutral""}, {""ticker"": ""CRYPTO:SHIB"", ""relevance_score"": ""0.152178"", ""ticker_sentiment_score"": ""0.127784"", ""ticker_sentiment_label"": ""Neutral""}, {""ticker"": ""CRYPTO:DOGE"", ""relevance_score"": ""0.051003"", ""ticker_sentiment_score"": ""0.071496"", ""ticker_sentiment_label"": ""Neutral""}, {""ticker"": ""CRYPTO:ADA"", ""relevance_score"": ""0.051003"", ""ticker_sentiment_score"": ""-0.027992"", ""ticker_sentiment_label"": ""Neutral""}]"
2024-10-14,"Bitcoin's rise above $66,500 could open the doors for a rally to new highs and altcoins look set to follow.",Cointelegraph,https://cointelegraph.com/news/price-analysis-10-14-spx-dxy-btc-eth-bnb-sol-xrp-doge-ton-ada,0.102303,https://cointelegraph.com/news/price-analysis-10-14-spx-dxy-btc-eth-bnb-sol-xrp-doge-ton-ada,"Price analysis 10/14: SPX, DXY, BTC, ETH, BNB, SOL, XRP, DOGE, TON, ADA",Rakesh Upadhyay,"https://images.cointelegraph.com/cdn-cgi/image/format=auto,onerror=redirect,quality=90,width=1200/https://s3.cointelegraph.com/uploads/2024-10/01928c0a-694b-7a24-b1e7-e9eb64155a1c",cointelegraph.com,"Economy - Monetary,Financial Markets,Blockchain,Economy - Macro",-0.041074,Neutral,"[{""ticker"": ""FOREX:USD"", ""relevance_score"": ""0.034185"", ""ticker_sentiment_score"": ""0.0"", ""ticker_sentiment_label"": ""Neutral""}, {""ticker"": ""CRYPTO:BTC"", ""relevance_score"": ""0.202932"", ""ticker_sentiment_score"": ""0.13077"", ""ticker_sentiment_label"": ""Neutral""}, {""ticker"": ""CRYPTO:BNB"", ""relevance_score"": ""0.102303"", ""ticker_sentiment_score"": ""-0.081815"", ""ticker_sentiment_label"": ""Neutral""}, {""ticker"": ""CRYPTO:XRP"", ""relevance_score"": ""0.102303"", ""ticker_sentiment_score"": ""-0.087519"", ""ticker_sentiment_label"": ""Neutral""}, {""ticker"": ""CRYPTO:ETH"", ""relevance_score"": ""0.136113"", ""ticker_sentiment_score"": ""-0.134291"", ""ticker_sentiment_label"": ""Neutral""}, {""ticker"": ""CRYPTO:DOGE"", ""relevance_score"": ""0.102303"", ""ticker_sentiment_score"": ""-0.123383"", ""ticker_sentiment_label"": ""Neutral""}, {""ticker"": ""CRYPTO:USDT"", ""relevance_score"": ""0.300292"", ""ticker_sentiment_score"": ""-0.142752"", ""ticker_sentiment_label"": ""Neutral""}, {""ticker"": ""CRYPTO:ADA"", ""relevance_score"": ""0.102303"", ""ticker_sentiment_score"": ""-0.096227"", ""ticker_sentiment_label"": ""Neutral""}]"
2024-10-16,"Bitcoin bulls are keen to hit $70,000, but a selloff at this level could trigger a sharp downside in BTC and altcoins.",Cointelegraph,https://cointelegraph.com/news/price-analysis-10-16-btc-eth-bnb-sol-xrp-doge-ton-ada-avax-shib,0.103183,https://cointelegraph.com/news/price-analysis-10-16-btc-eth-bnb-sol-xrp-doge-ton-ada-avax-shib,"Price analysis 10/16: BTC, ETH, BNB, SOL, XRP, DOGE, TON, ADA, AVAX, SHIB",Rakesh Upadhyay,"https://images.cointelegraph.com/cdn-cgi/image/format=auto,onerror=redirect,quality=90,width=1200/https://s3.cointelegraph.com/uploads/2024-10/0192963a-5aec-7f36-abb6-423e6cad1bc5",cointelegraph.com,"Blockchain,Financial Markets",0.048097,Neutral,"[{""ticker"": ""CRYPTO:BTC"", ""relevance_score"": ""0.17112"", ""ticker_sentiment_score"": ""0.090063"", ""ticker_sentiment_label"": ""Neutral""}, {""ticker"": ""CRYPTO:ETH"", ""relevance_score"": ""0.103183"", ""ticker_sentiment_score"": ""-0.049707"", ""ticker_sentiment_label"": ""Neutral""}, {""ticker"": ""CRYPTO:SHIB"", ""relevance_score"": ""0.103183"", ""ticker_sentiment_score"": ""-0.065274"", ""ticker_sentiment_label"": ""Neutral""}, {""ticker"": ""CRYPTO:DOGE"", ""relevance_score"": ""0.103183"", ""ticker_sentiment_score"": ""-0.04752"", ""ticker_sentiment_label"": ""Neutral""}, {""ticker"": ""CRYPTO:ADA"", ""relevance_score"": ""0.103183"", ""ticker_sentiment_score"": ""-0.107251"", ""ticker_sentiment_label"": ""Neutral""}]"
2024-10-17,"Insider trading is considered unethical and is often illegal, raising concerns about market manipulation in the crypto space.",Cointelegraph,https://cointelegraph.com/explained/what-is-insider-trading-meaning-examples-and-penalties,0.06211,https://cointelegraph.com/explained/what-is-insider-trading-meaning-examples-and-penalties,"What is insider trading? Meaning, examples and penalties",,"https://images.cointelegraph.com/cdn-cgi/image/format=auto,onerror=redirect,quality=90,width=1200/https://s3.cointelegraph.com/storage/uploads/view/7cf61d7fa0656e45000d96785034a4f6.jpg",cointelegraph.com,"Financial Markets,Earnings,Finance,Blockchain",-0.027028,Neutral,"[{""ticker"": ""NFTM"", ""relevance_score"": ""0.031079"", ""ticker_sentiment_score"": ""0.005768"", ""ticker_sentiment_label"": ""Neutral""}, {""ticker"": ""COIN"", ""relevance_score"": ""0.093047"", ""ticker_sentiment_score"": ""0.00642"", ""ticker_sentiment_label"": ""Neutral""}, {""ticker"": ""CRYPTO:ADA"", ""relevance_score"": ""0.06211"", ""ticker_sentiment_score"": ""0.058599"", ""ticker_sentiment_label"": ""Neutral""}]"
2024-10-17,"MMC earnings call for the period ending September 30, 2024.",Motley Fool,https://www.fool.com/earnings/call-transcripts/2024/10/17/marsh-mclennan-companies-mmc-q3-2024-earnings-call/,0.005086,https://www.fool.com/earnings/call-transcripts/2024/10/17/marsh-mclennan-companies-mmc-q3-2024-earnings-call/,Marsh & McLennan Companies  ( MMC )  Q3 2024 Earnings Call Transcript,Motley Fool Transcribing,https://g.foolcdn.com/misc-assets/fool-transcripts-logo.png,www.fool.com,"Economy - Monetary,IPO,Financial Markets,Earnings,Mergers & Acquisitions,Finance",0.28815,Somewhat-Bullish,"[{""ticker"": ""BAC"", ""relevance_score"": ""0.005086"", ""ticker_sentiment_score"": ""0.167598"", ""ticker_sentiment_label"": ""Somewhat-Bullish""}, {""ticker"": ""GS"", ""relevance_score"": ""0.005086"", ""ticker_sentiment_score"": ""-0.062576"", ""ticker_sentiment_label"": ""Neutral""}, {""ticker"": ""WFC"", ""relevance_score"": ""0.005086"", ""ticker_sentiment_score"": ""0.0"", ""ticker_sentiment_label"": ""Neutral""}, {""ticker"": ""CRYPTO:ADA"", ""relevance_score"": ""0.005086"", ""ticker_sentiment_score"": ""0.107725"", ""ticker_sentiment_label"": ""Neutral""}]"
2024-10-17,"Cardano's ADA/USD price has decreased 3.35% over the past 24 hours to $0.34. This is contrary to the coins performance over the past week where it has experienced an up-trend of 1.0%, moving from $0.34 to its current price.",Benzinga,https://www.benzinga.com/insights/cryptocurrency/24/10/41389596/cardano-decreases-more-than-3-within-24-hours,0.578355,https://www.benzinga.com/insights/cryptocurrency/24/10/41389596/cardano-decreases-more-than-3-within-24-hours,Cardano Decreases More Than 3% Within 24 hours,Benzinga Insights,https://www.benzinga.com/files/images/story/2024/1729191607_0.png,www.benzinga.com,Financial Markets,0.084727,Neutral,"[{""ticker"": ""CRYPTO:ADA"", ""relevance_score"": ""0.578355"", ""ticker_sentiment_score"": ""0.003436"", ""ticker_sentiment_label"": ""Neutral""}]"
2024-10-18,"New developments in the SEC's lawsuit against Binance indicate the regulator is ratcheting up its case against SOL and other crypto tokens-not backing down, as some had hoped.",Decrypt.co,https://decrypt.co/287253/sec-isnt-backing-off-solana-binance-latest,0.136499,https://decrypt.co/287253/sec-isnt-backing-off-solana-binance-latest,"No, the SEC Isn't Backing Off Solana-Here's the Latest",Sander Lutz,https://cdn.decrypt.co/resize/1024/height/512/wp-content/uploads/2024/03/Solana-Anatoly-Yakovenko-gID_4.jpeg,decrypt.co,"Blockchain,Financial Markets",0.063253,Neutral,"[{""ticker"": ""CRYPTO:ADA"", ""relevance_score"": ""0.136499"", ""ticker_sentiment_score"": ""0.095879"", ""ticker_sentiment_label"": ""Neutral""}]"
2024-10-18,"There has been a gradual transition from traditional asset management to decentralized finance ( DeFi ) happening, and it is changing how the world interacts with financial models in a major way.",Benzinga,https://www.benzinga.com/partner/general/24/10/41409842/decentralizing-finance-pbg-ios-role-in-reshaping-traditional-asset-management,0.086713,https://www.benzinga.com/partner/general/24/10/41409842/decentralizing-finance-pbg-ios-role-in-reshaping-traditional-asset-management,Decentralizing Finance: PBG.io's Role In Reshaping Traditional Asset Management,Tom White,https://cdn.benzinga.com/files/images/story/2024/10/18/Untitled-design---2024-10-19T003136-369.png?width=1200&height=800&fit=crop,www.benzinga.com,"Blockchain,Financial Markets",0.280039,Somewhat-Bullish,"[{""ticker"": ""EQFN"", ""relevance_score"": ""0.043421"", ""ticker_sentiment_score"": ""0.077611"", ""ticker_sentiment_label"": ""Neutral""}, {""ticker"": ""CRYPTO:ADA"", ""relevance_score"": ""0.086713"", ""ticker_sentiment_score"": ""0.159688"", ""ticker_sentiment_label"": ""Somewhat-Bullish""}]"
2024-10-18,Solid buying in the Bitcoin ETFs suggests that investors expect Bitcoin to breakout to a new all-time high. Will altcoins follow?,Cointelegraph,https://cointelegraph.com/news/price-analysis-10-18-btc-eth-bnb-sol-xrp-doge-ton-ada-avax-shib,0.097062,https://cointelegraph.com/news/price-analysis-10-18-btc-eth-bnb-sol-xrp-doge-ton-ada-avax-shib,"Price analysis 10/18: BTC, ETH, BNB, SOL, XRP, DOGE, TON, ADA, AVAX, SHIB",Rakesh Upadhyay,"https://images.cointelegraph.com/cdn-cgi/image/format=auto,onerror=redirect,quality=90,width=1200/https://s3.cointelegraph.com/uploads/2024-10/0192a069-7f26-7472-8e90-09eb26aedd9c",cointelegraph.com,"Blockchain,Financial Markets",0.057684,Neutral,"[{""ticker"": ""CRYPTO:BTC"", ""relevance_score"": ""0.224013"", ""ticker_sentiment_score"": ""0.137635"", ""ticker_sentiment_label"": ""Neutral""}, {""ticker"": ""CRYPTO:ETH"", ""relevance_score"": ""0.097062"", ""ticker_sentiment_score"": ""-0.084271"", ""ticker_sentiment_label"": ""Neutral""}, {""ticker"": ""CRYPTO:SHIB"", ""relevance_score"": ""0.097062"", ""ticker_sentiment_score"": ""-0.009641"", ""ticker_sentiment_label"": ""Neutral""}, {""ticker"": ""CRYPTO:DOGE"", ""relevance_score"": ""0.097062"", ""ticker_sentiment_score"": ""0.0"", ""ticker_sentiment_label"": ""Neutral""}, {""ticker"": ""CRYPTO:ADA"", ""relevance_score"": ""0.097062"", ""ticker_sentiment_score"": ""0.075366"", ""ticker_sentiment_label"": ""Neutral""}]"
2024-10-18,"Valour Inc., a subsidiary of DeFi Technologies, will transfer 19 of its ETPs from the Nordic Growth Market to the Spotlight Stock Market in Stockholm ...",GlobeNewswire,https://www.globenewswire.com/news-release/2024/10/18/2965495/0/en/DeFi-Technologies-Subsidiary-Valour-Strengthens-Nordic-Market-Strategy-with-Transfer-of-Crypto-ETPs-to-Spotlight-Stock-Market.html,0.067536,https://www.globenewswire.com/news-release/2024/10/18/2965495/0/en/DeFi-Technologies-Subsidiary-Valour-Strengthens-Nordic-Market-Strategy-with-Transfer-of-Crypto-ETPs-to-Spotlight-Stock-Market.html,DeFi Technologies' Subsidiary Valour Strengthens Nordic Market Strategy with Transfer of Crypto ETPs to Spotlight Stock Market,DeFi Technologies Inc.,https://ml.globenewswire.com/Resource/Download/1c34c84a-630c-4b7e-9876-47eedd7c0d3b,www.globenewswire.com,"Blockchain,Financial Markets",0.272207,Somewhat-Bullish,"[{""ticker"": ""CRYPTO:BTC"", ""relevance_score"": ""0.297061"", ""ticker_sentiment_score"": ""0.167976"", ""ticker_sentiment_label"": ""Somewhat-Bullish""}, {""ticker"": ""CRYPTO:ETH"", ""relevance_score"": ""0.167787"", ""ticker_sentiment_score"": ""0.108256"", ""ticker_sentiment_label"": ""Neutral""}, {""ticker"": ""CRYPTO:LINK"", ""relevance_score"": ""0.067536"", ""ticker_sentiment_score"": ""0.065401"", ""ticker_sentiment_label"": ""Neutral""}, {""ticker"": ""CRYPTO:UNI"", ""relevance_score"": ""0.067536"", ""ticker_sentiment_score"": ""0.065401"", ""ticker_sentiment_label"": ""Neutral""}, {""ticker"": ""CRYPTO:ADA"", ""relevance_score"": ""0.067536"", ""ticker_sentiment_score"": ""0.065401"", ""ticker_sentiment_label"": ""Neutral""}]"
2024-10-18,"Previous crypto rulings against the SEC have put Crypto.com on a ""strong legal footing"" in its lawsuit against the regulator, its chief legal officer Nick Lundgren said.",Cointelegraph,https://cointelegraph.com/news/crypto-rulings-against-sec-legal-footing-crypto-com,0.138066,https://cointelegraph.com/news/crypto-rulings-against-sec-legal-footing-crypto-com,Crypto.com sees 'strong legal footing' in crypto rulings against SEC,Helen Partz,"https://images.cointelegraph.com/cdn-cgi/image/format=auto,onerror=redirect,quality=90,width=1200/https://s3.cointelegraph.com/uploads/2024-10/01929f09-048e-7737-bb1a-a22c9f0c69ef",cointelegraph.com,"Finance,Blockchain,Financial Markets",0.194292,Somewhat-Bullish,"[{""ticker"": ""RDDT"", ""relevance_score"": ""0.069294"", ""ticker_sentiment_score"": ""0.0"", ""ticker_sentiment_label"": ""Neutral""}, {""ticker"": ""COIN"", ""relevance_score"": ""0.138066"", ""ticker_sentiment_score"": ""-0.003854"", ""ticker_sentiment_label"": ""Neutral""}, {""ticker"": ""CRYPTO:BTC"", ""relevance_score"": ""0.272029"", ""ticker_sentiment_score"": ""0.491101"", ""ticker_sentiment_label"": ""Bullish""}, {""ticker"": ""CRYPTO:ADA"", ""relevance_score"": ""0.138066"", ""ticker_sentiment_score"": ""-0.179481"", ""ticker_sentiment_label"": ""Somewhat-Bearish""}]"
2024-10-21,"Ripple XRP/USD Labs co-founder Chris Larsen has made a significant financial contribution to Kamala Harris' presidential campaign, donating nearly $10 million to support the Vice President's run for the White House. What Happened: This comes just weeks before the highly anticipated election ...",Benzinga,https://www.benzinga.com/markets/cryptocurrency/24/10/41437657/ripple-co-founder-donates-10-million-to-kamala-harris-campaign,0.249106,https://www.benzinga.com/markets/cryptocurrency/24/10/41437657/ripple-co-founder-donates-10-million-to-kamala-harris-campaign,Ripple Co-Founder Donates $10 Million To Kamala Harris' Campaign,Murtuza Merchant,https://cdn.benzinga.com/files/images/story/2024/10/21/Ripple-XRP.jpeg?width=1200&height=800&fit=crop,www.benzinga.com,Blockchain,0.423413,Bullish,"[{""ticker"": ""CRYPTO:ADA"", ""relevance_score"": ""0.249106"", ""ticker_sentiment_score"": ""0.386928"", ""ticker_sentiment_label"": ""Bullish""}, {""ticker"": ""CRYPTO:XRP"", ""relevance_score"": ""0.249106"", ""ticker_sentiment_score"": ""0.188231"", ""ticker_sentiment_label"": ""Somewhat-Bullish""}]"
2024-10-22,"Bitcoin is finding support in the $66,500 to $65,000 zone and Bitcoin ETF inflows suggest traders are buying the dips. Will altcoins follow?",Cointelegraph,https://cointelegraph.com/news/price-analysis-10-21-spx-dxy-btc-eth-bnb-sol-xrp-doge-ton-ada,0.102449,https://cointelegraph.com/news/price-analysis-10-21-spx-dxy-btc-eth-bnb-sol-xrp-doge-ton-ada,"Price analysis 10/22: SPX, DXY, BTC, ETH, BNB, SOL, XRP, DOGE, TON, ADA",Rakesh Upadhyay,"https://images.cointelegraph.com/cdn-cgi/image/format=auto,onerror=redirect,quality=90,width=1200/https://s3.cointelegraph.com/uploads/2024-10/0192b002-140e-7a0e-b391-1b64f8037021",cointelegraph.com,"Blockchain,Financial Markets,Economy - Macro",-0.021849,Neutral,"[{""ticker"": ""FOREX:USD"", ""relevance_score"": ""0.034233"", ""ticker_sentiment_score"": ""-0.115328"", ""ticker_sentiment_label"": ""Neutral""}, {""ticker"": ""CRYPTO:BTC"", ""relevance_score"": ""0.268663"", ""ticker_sentiment_score"": ""0.064706"", ""ticker_sentiment_label"": ""Neutral""}, {""ticker"": ""CRYPTO:ETH"", ""relevance_score"": ""0.102449"", ""ticker_sentiment_score"": ""-0.170677"", ""ticker_sentiment_label"": ""Somewhat-Bearish""}, {""ticker"": ""CRYPTO:DOGE"", ""relevance_score"": ""0.102449"", ""ticker_sentiment_score"": ""0.019679"", ""ticker_sentiment_label"": ""Neutral""}, {""ticker"": ""CRYPTO:ADA"", ""relevance_score"": ""0.102449"", ""ticker_sentiment_score"": ""-0.121304"", ""ticker_sentiment_label"": ""Neutral""}]"
2024-10-23,"Bitcoin's correction ignited selling in altcoins, which are slipping below critical support levels.",Cointelegraph,https://cointelegraph.com/news/price-analysis-10-23-btc-eth-bnb-sol-xrp-doge-ton-ada-avax-shib,0.103927,https://cointelegraph.com/news/price-analysis-10-23-btc-eth-bnb-sol-xrp-doge-ton-ada-avax-shib,"Price analysis 10/23: BTC, ETH, BNB, SOL, XRP, DOGE, TON, ADA, AVAX, SHIB",Rakesh Upadhyay,"https://images.cointelegraph.com/cdn-cgi/image/format=auto,onerror=redirect,quality=90,width=1200/https://s3.cointelegraph.com/uploads/2024-10/0192ba42-8989-77dc-b7c7-0e983b2f7a02",cointelegraph.com,"Economy - Monetary,Blockchain,Financial Markets",0.055695,Neutral,"[{""ticker"": ""CRYPTO:BTC"", ""relevance_score"": ""0.239474"", ""ticker_sentiment_score"": ""0.210027"", ""ticker_sentiment_label"": ""Somewhat-Bullish""}, {""ticker"": ""CRYPTO:ETH"", ""relevance_score"": ""0.103927"", ""ticker_sentiment_score"": ""-0.207676"", ""ticker_sentiment_label"": ""Somewhat-Bearish""}, {""ticker"": ""CRYPTO:SHIB"", ""relevance_score"": ""0.103927"", ""ticker_sentiment_score"": ""-0.147544"", ""ticker_sentiment_label"": ""Neutral""}, {""ticker"": ""CRYPTO:DOGE"", ""relevance_score"": ""0.103927"", ""ticker_sentiment_score"": ""0.131563"", ""ticker_sentiment_label"": ""Neutral""}, {""ticker"": ""CRYPTO:ADA"", ""relevance_score"": ""0.103927"", ""ticker_sentiment_score"": ""-0.026575"", ""ticker_sentiment_label"": ""Neutral""}]"
2024-10-23,"Over the past 24 hours, Cardano's ADA/USD price has fallen 4.59% to $0.35. This continues its negative trend over the past week where it has experienced a 2.0% loss, moving from $0.35 to its current price.",Benzinga,https://www.benzinga.com/insights/cryptocurrency/24/10/41498871/cardano-falls-more-than-4-in-24-hours,0.570165,https://www.benzinga.com/insights/cryptocurrency/24/10/41498871/cardano-falls-more-than-4-in-24-hours,Cardano Falls More Than 4% In 24 hours,Benzinga Insights,https://www.benzinga.com/files/images/story/2024/1729710076_0_0.png,www.benzinga.com,Financial Markets,-0.028644,Neutral,"[{""ticker"": ""CRYPTO:ADA"", ""relevance_score"": ""0.570165"", ""ticker_sentiment_score"": ""-0.201558"", ""ticker_sentiment_label"": ""Somewhat-Bearish""}]"
2024-10-24,Cardano taps BitcoinOS to integrate Bitcoin liquidity into its DeFi ecosystem using zero-knowledge cryptography for secure cross-chain functionality.,Cointelegraph,https://cointelegraph.com/news/cardano-integrates-bitcoin-os-to-enable-trustless-btc-in-de-fi-apps,0.548633,https://cointelegraph.com/news/cardano-integrates-bitcoin-os-to-enable-trustless-btc-in-de-fi-apps,Cardano unlocks $1.3T Bitcoin liquidity with BitcoinOS bridge integration,Josh O'Sullivan,"https://images.cointelegraph.com/cdn-cgi/image/format=auto,onerror=redirect,quality=90,width=1200/https://s3.cointelegraph.com/uploads/2024-10/0192be88-43c8-7f0a-ae96-1851f890eee3",cointelegraph.com,Blockchain,0.071787,Neutral,"[{""ticker"": ""CRYPTO:BTC"", ""relevance_score"": ""0.790605"", ""ticker_sentiment_score"": ""0.136397"", ""ticker_sentiment_label"": ""Neutral""}, {""ticker"": ""CRYPTO:ADA"", ""relevance_score"": ""0.548633"", ""ticker_sentiment_score"": ""0.29497"", ""ticker_sentiment_label"": ""Somewhat-Bullish""}]"
2024-10-25,"Cardano Foundation chief technology officer Giorgio Zinetti told Cointelegraph that centralized authority is good for speed, but decentralized governance would give long-term sustainability.",Cointelegraph,https://cointelegraph.com/news/cardano-summit-decentralized-governance-challenges,0.779232,https://cointelegraph.com/news/cardano-summit-decentralized-governance-challenges,A truly decentralized system would decentralize authority - Cardano exec,Ezra Reguerra,"https://images.cointelegraph.com/cdn-cgi/image/format=auto,onerror=redirect,quality=90,width=1200/https://s3.cointelegraph.com/uploads/2024-10/0192c2b6-663a-75b0-acd5-d94c7dbb0b6f",cointelegraph.com,Blockchain,0.426407,Bullish,"[{""ticker"": ""CRYPTO:ADA"", ""relevance_score"": ""0.779232"", ""ticker_sentiment_score"": ""0.628505"", ""ticker_sentiment_label"": ""Bullish""}]"
2024-10-25,Bulls aim to knock out Bitcoin's all-time high before the US elections wrap up. Will altcoins follow?,Cointelegraph,https://cointelegraph.com/news/price-analysis-10-25-btc-eth-bnb-sol-xrp-doge-ton-ada-avax-shib,0.102741,https://cointelegraph.com/news/price-analysis-10-25-btc-eth-bnb-sol-xrp-doge-ton-ada-avax-shib,"Price analysis 10/25: BTC, ETH, BNB, SOL, XRP, DOGE, TON, ADA, AVAX, SHIB",Rakesh Upadhyay,"https://images.cointelegraph.com/cdn-cgi/image/format=auto,onerror=redirect,quality=90,width=1200/https://s3.cointelegraph.com/uploads/2024-10/0192c44e-5a5a-7026-a93d-29eeb4fe11b0",cointelegraph.com,"Technology,Blockchain,Financial Markets",0.00969,Neutral,"[{""ticker"": ""MSFT"", ""relevance_score"": ""0.034332"", ""ticker_sentiment_score"": ""0.160334"", ""ticker_sentiment_label"": ""Somewhat-Bullish""}, {""ticker"": ""MSTR"", ""relevance_score"": ""0.034332"", ""ticker_sentiment_score"": ""0.160334"", ""ticker_sentiment_label"": ""Somewhat-Bullish""}, {""ticker"": ""SCBFF"", ""relevance_score"": ""0.034332"", ""ticker_sentiment_score"": ""0.0"", ""ticker_sentiment_label"": ""Neutral""}, {""ticker"": ""CRYPTO:BTC"", ""relevance_score"": ""0.364113"", ""ticker_sentiment_score"": ""0.318926"", ""ticker_sentiment_label"": ""Somewhat-Bullish""}, {""ticker"": ""CRYPTO:AVAX"", ""relevance_score"": ""0.0686"", ""ticker_sentiment_score"": ""0.026218"", ""ticker_sentiment_label"": ""Neutral""}, {""ticker"": ""CRYPTO:BNB"", ""relevance_score"": ""0.102741"", ""ticker_sentiment_score"": ""0.032098"", ""ticker_sentiment_label"": ""Neutral""}, {""ticker"": ""CRYPTO:XRP"", ""relevance_score"": ""0.102741"", ""ticker_sentiment_score"": ""-0.025565"", ""ticker_sentiment_label"": ""Neutral""}, {""ticker"": ""CRYPTO:ETH"", ""relevance_score"": ""0.102741"", ""ticker_sentiment_score"": ""-0.042257"", ""ticker_sentiment_label"": ""Neutral""}, {""ticker"": ""CRYPTO:SHIB"", ""relevance_score"": ""0.102741"", ""ticker_sentiment_score"": ""-0.094668"", ""ticker_sentiment_label"": ""Neutral""}, {""ticker"": ""CRYPTO:DOGE"", ""relevance_score"": ""0.102741"", ""ticker_sentiment_score"": ""-0.041623"", ""ticker_sentiment_label"": ""Neutral""}, {""ticker"": ""CRYPTO:USDT"", ""relevance_score"": ""0.333107"", ""ticker_sentiment_score"": ""0.055883"", ""ticker_sentiment_label"": ""Neutral""}, {""ticker"": ""CRYPTO:ADA"", ""relevance_score"": ""0.102741"", ""ticker_sentiment_score"": ""0.041505"", ""ticker_sentiment_label"": ""Neutral""}]"
2024-10-26,"According to the paper, central banks collectively hold $2.2 trillion in gold as of Q1 2024 and continue to expand their gold allocations.",Cointelegraph,https://cointelegraph.com/news/the-case-bitcoin-reserve-asset-bitcoin-policy-institute,0.095899,https://cointelegraph.com/news/the-case-bitcoin-reserve-asset-bitcoin-policy-institute,'The Case for Bitcoin as a Reserve Asset' - Bitcoin Policy Institute,Vince Quill,"https://images.cointelegraph.com/cdn-cgi/image/format=auto,onerror=redirect,quality=90,width=1200/https://s3.cointelegraph.com/uploads/2024-10/0192c9b2-2400-7b20-bf3b-8c3606cb9073",cointelegraph.com,"Economy - Monetary,Technology",0.039148,Neutral,"[{""ticker"": ""MSTR"", ""relevance_score"": ""0.095899"", ""ticker_sentiment_score"": ""0.107246"", ""ticker_sentiment_label"": ""Neutral""}, {""ticker"": ""FOX"", ""relevance_score"": ""0.095899"", ""ticker_sentiment_score"": ""-0.013249"", ""ticker_sentiment_label"": ""Neutral""}, {""ticker"": ""CRYPTO:BTC"", ""relevance_score"": ""0.959459"", ""ticker_sentiment_score"": ""0.142214"", ""ticker_sentiment_label"": ""Neutral""}, {""ticker"": ""CRYPTO:ADA"", ""relevance_score"": ""0.095899"", ""ticker_sentiment_score"": ""0.0195"", ""ticker_sentiment_label"": ""Neutral""}]"
2024-10-28,"Bitcoin ETFs are recording solid buying, a sign that traders believe to be an indicator that BTC will break through the range highs.",Cointelegraph,https://cointelegraph.com/news/price-analysis-10-28-spx-dxy-btc-eth-bnb-sol-xrp-doge-ton-ada,0.103183,https://cointelegraph.com/news/price-analysis-10-28-spx-dxy-btc-eth-bnb-sol-xrp-doge-ton-ada,"Price analysis 10/28: SPX, DXY, BTC, ETH, BNB, SOL, XRP, DOGE, TON, ADA",Rakesh Upadhyay,"https://images.cointelegraph.com/cdn-cgi/image/format=auto,onerror=redirect,quality=90,width=1200/https://s3.cointelegraph.com/uploads/2024-10/0192d3cb-7f5c-74c0-ba1c-0d55b887478d",cointelegraph.com,"Blockchain,Financial Markets,Economy - Macro",0.062856,Neutral,"[{""ticker"": ""FOREX:USD"", ""relevance_score"": ""0.03448"", ""ticker_sentiment_score"": ""-0.21976"", ""ticker_sentiment_label"": ""Somewhat-Bearish""}, {""ticker"": ""CRYPTO:BTC"", ""relevance_score"": ""0.365572"", ""ticker_sentiment_score"": ""0.232682"", ""ticker_sentiment_label"": ""Somewhat-Bullish""}, {""ticker"": ""CRYPTO:ETH"", ""relevance_score"": ""0.103183"", ""ticker_sentiment_score"": ""0.051242"", ""ticker_sentiment_label"": ""Neutral""}, {""ticker"": ""CRYPTO:DOGE"", ""relevance_score"": ""0.103183"", ""ticker_sentiment_score"": ""0.076933"", ""ticker_sentiment_label"": ""Neutral""}, {""ticker"": ""CRYPTO:ADA"", ""relevance_score"": ""0.103183"", ""ticker_sentiment_score"": ""0.116972"", ""ticker_sentiment_label"": ""Neutral""}]"
2024-10-30,"SINGAPORE, Oct. 30, 2024 ( GLOBE NEWSWIRE ) -- MELD, crypto native Neobank has announced Crypto native Debit cards. MELD has completed a partnership with a licensed Mastercard provider to bring Debit Cards to European customers of MELD. The new MELD cards will begin issuing in Q1 of 2025 ...",Benzinga,https://www.benzinga.com/pressreleases/24/10/g41627663/meld-announces-crypto-debit-cards,0.057215,https://www.benzinga.com/pressreleases/24/10/g41627663/meld-announces-crypto-debit-cards,MELD announces Crypto Debit Cards,Globe Newswire,https://ml.globenewswire.com/Resource/Download/b294abb8-5473-4eb9-b53d-5e570a401adb/image-4.png,www.benzinga.com,"Blockchain,Financial Markets",0.263692,Somewhat-Bullish,"[{""ticker"": ""MA"", ""relevance_score"": ""0.057215"", ""ticker_sentiment_score"": ""0.0"", ""ticker_sentiment_label"": ""Neutral""}, {""ticker"": ""CRYPTO:BTC"", ""relevance_score"": ""0.057215"", ""ticker_sentiment_score"": ""0.13597"", ""ticker_sentiment_label"": ""Neutral""}, {""ticker"": ""CRYPTO:ETH"", ""relevance_score"": ""0.114137"", ""ticker_sentiment_score"": ""0.15541"", ""ticker_sentiment_label"": ""Somewhat-Bullish""}, {""ticker"": ""CRYPTO:ADA"", ""relevance_score"": ""0.057215"", ""ticker_sentiment_score"": ""0.140004"", ""ticker_sentiment_label"": ""Neutral""}]"
2024-10-30,Bitcoin's shallow pullback shows buyers are not rushing to the exit and increases the likelihood of a rebound to new all-time highs. Will altcoins follow?,Cointelegraph,https://cointelegraph.com/news/price-analysis-10-30-btc-eth-bnb-sol-xrp-doge-ton-ada-avax-shib,0.101869,https://cointelegraph.com/news/price-analysis-10-30-btc-eth-bnb-sol-xrp-doge-ton-ada-avax-shib,"Price analysis 10/30: BTC, ETH, BNB, SOL, XRP, DOGE, TON, ADA, AVAX, SHIB",Rakesh Upadhyay,"https://images.cointelegraph.com/cdn-cgi/image/format=auto,onerror=redirect,quality=90,width=1200/https://s3.cointelegraph.com/uploads/2024-10/0192de56-4fe4-72f9-b81a-5c41c5322b4f",cointelegraph.com,"Blockchain,Financial Markets",0.03861,Neutral,"[{""ticker"": ""CRYPTO:BTC"", ""relevance_score"": ""0.267193"", ""ticker_sentiment_score"": ""0.058961"", ""ticker_sentiment_label"": ""Neutral""}, {""ticker"": ""CRYPTO:ETH"", ""relevance_score"": ""0.101869"", ""ticker_sentiment_score"": ""0.007676"", ""ticker_sentiment_label"": ""Neutral""}, {""ticker"": ""CRYPTO:SHIB"", ""relevance_score"": ""0.101869"", ""ticker_sentiment_score"": ""0.019562"", ""ticker_sentiment_label"": ""Neutral""}, {""ticker"": ""CRYPTO:DOGE"", ""relevance_score"": ""0.101869"", ""ticker_sentiment_score"": ""0.023095"", ""ticker_sentiment_label"": ""Neutral""}, {""ticker"": ""CRYPTO:ADA"", ""relevance_score"": ""0.101869"", ""ticker_sentiment_score"": ""0.078436"", ""ticker_sentiment_label"": ""Neutral""}]"
2024-10-30,"While Donald Trump has been associated with broad support from the crypto community, many people in crypto have endorsed Kamala Harris as well.",Cointelegraph,https://cointelegraph.com/news/harris-vs-trump-2024-crypto-endorsements,0.046095,https://cointelegraph.com/news/harris-vs-trump-2024-crypto-endorsements,Harris vs Trump: Who is the crypto industry backing?,Helen Partz,"https://images.cointelegraph.com/cdn-cgi/image/format=auto,onerror=redirect,quality=90,width=1200/https://s3.cointelegraph.com/uploads/2024-10/0192d7ff-33d2-76dd-92fb-3402195b6cc1",cointelegraph.com,"Manufacturing,Technology,Finance,Blockchain",0.31648,Somewhat-Bullish,"[{""ticker"": ""MSTR"", ""relevance_score"": ""0.046095"", ""ticker_sentiment_score"": ""0.113465"", ""ticker_sentiment_label"": ""Neutral""}, {""ticker"": ""PYPL"", ""relevance_score"": ""0.046095"", ""ticker_sentiment_score"": ""0.136355"", ""ticker_sentiment_label"": ""Neutral""}, {""ticker"": ""TSLA"", ""relevance_score"": ""0.046095"", ""ticker_sentiment_score"": ""0.141338"", ""ticker_sentiment_label"": ""Neutral""}, {""ticker"": ""COIN"", ""relevance_score"": ""0.046095"", ""ticker_sentiment_score"": ""0.151086"", ""ticker_sentiment_label"": ""Somewhat-Bullish""}, {""ticker"": ""CRYPTO:BTC"", ""relevance_score"": ""0.436759"", ""ticker_sentiment_score"": ""0.337181"", ""ticker_sentiment_label"": ""Somewhat-Bullish""}, {""ticker"": ""CRYPTO:ADA"", ""relevance_score"": ""0.046095"", ""ticker_sentiment_score"": ""0.124406"", ""ticker_sentiment_label"": ""Neutral""}]"
2024-10-31,"Over the past 24 hours, Cardano's ADA/USD price has fallen 3.63% to $0.34. This continues its negative trend over the past week where it has experienced a 1.0% loss, moving from $0.35 to its current price.",Benzinga,https://www.benzinga.com/insights/cryptocurrency/24/10/41662570/cardano-decreases-more-than-3-within-24-hours,0.554365,https://www.benzinga.com/insights/cryptocurrency/24/10/41662570/cardano-decreases-more-than-3-within-24-hours,Cardano Decreases More Than 3% Within 24 hours,Benzinga Insights,https://www.benzinga.com/files/images/story/2024/1730401204_0.png,www.benzinga.com,Financial Markets,-0.054837,Neutral,"[{""ticker"": ""CRYPTO:ADA"", ""relevance_score"": ""0.554365"", ""ticker_sentiment_score"": ""-0.233702"", ""ticker_sentiment_label"": ""Somewhat-Bearish""}]"
2024-11-01,"Markets have started to sell-off, and Bitcoin needs to hold $70,000 for the BTC and altcoin rally to continue.",Cointelegraph,https://cointelegraph.com/news/price-analysis-11-1-btc-eth-bnb-sol-xrp-doge-ton-ada-avax-shib,0.102595,https://cointelegraph.com/news/price-analysis-11-1-btc-eth-bnb-sol-xrp-doge-ton-ada-avax-shib,"Price analysis 11/1: BTC, ETH, BNB, SOL, XRP, DOGE, TON, ADA, AVAX, SHIB",Rakesh Upadhyay,"https://images.cointelegraph.com/cdn-cgi/image/format=auto,onerror=redirect,quality=90,width=1200/https://s3.cointelegraph.com/uploads/2024-11/0192e8a0-9c9b-7849-979a-22c35ddbb688",cointelegraph.com,"Technology,Blockchain",0.052984,Neutral,"[{""ticker"": ""MSTR"", ""relevance_score"": ""0.034282"", ""ticker_sentiment_score"": ""0.045183"", ""ticker_sentiment_label"": ""Neutral""}, {""ticker"": ""CRYPTO:BTC"", ""relevance_score"": ""0.363629"", ""ticker_sentiment_score"": ""0.139187"", ""ticker_sentiment_label"": ""Neutral""}, {""ticker"": ""CRYPTO:AVAX"", ""relevance_score"": ""0.068502"", ""ticker_sentiment_score"": ""0.042847"", ""ticker_sentiment_label"": ""Neutral""}, {""ticker"": ""CRYPTO:BNB"", ""relevance_score"": ""0.102595"", ""ticker_sentiment_score"": ""0.042464"", ""ticker_sentiment_label"": ""Neutral""}, {""ticker"": ""CRYPTO:XRP"", ""relevance_score"": ""0.102595"", ""ticker_sentiment_score"": ""-0.057155"", ""ticker_sentiment_label"": ""Neutral""}, {""ticker"": ""CRYPTO:SHIB"", ""relevance_score"": ""0.102595"", ""ticker_sentiment_score"": ""0.082317"", ""ticker_sentiment_label"": ""Neutral""}, {""ticker"": ""CRYPTO:USDT"", ""relevance_score"": ""0.332658"", ""ticker_sentiment_score"": ""0.050508"", ""ticker_sentiment_label"": ""Neutral""}, {""ticker"": ""CRYPTO:ADA"", ""relevance_score"": ""0.102595"", ""ticker_sentiment_score"": ""-0.039467"", ""ticker_sentiment_label"": ""Neutral""}]"
2024-11-01,"Cardano's ADA/USD price has increased 3.88% over the past 24 hours to $0.36. Over the past week, ADA has experienced an uptick of over 6.0%, moving from $0.34 to its current price. As it stands right now, the coin's all-time high is $3.09.",Benzinga,https://www.benzinga.com/insights/cryptocurrency/24/11/41693599/cardanos-price-increased-more-than-3-within-24-hours,0.682689,https://www.benzinga.com/insights/cryptocurrency/24/11/41693599/cardanos-price-increased-more-than-3-within-24-hours,Cardano's Price Increased More Than 3% Within 24 hours,Benzinga Insights,https://www.benzinga.com/files/images/story/2024/1730487605_0.png,www.benzinga.com,Financial Markets,0.098744,Neutral,"[{""ticker"": ""CRYPTO:ADA"", ""relevance_score"": ""0.682689"", ""ticker_sentiment_score"": ""0.048553"", ""ticker_sentiment_label"": ""Neutral""}]"
2024-11-04,"Bitcoin price trades below $70,000 as traders derisk ahead of the election. Will altcoins follow this trend or take advantage of BTC's consolidation?",Cointelegraph,https://cointelegraph.com/news/price-analysis-11-4-spx-dxy-btc-eth-bnb-sol-xrp-doge-ton-ada,0.105295,https://cointelegraph.com/news/price-analysis-11-4-spx-dxy-btc-eth-bnb-sol-xrp-doge-ton-ada,"Price analysis 11/4: SPX, DXY, BTC, ETH, BNB, SOL, XRP, DOGE, TON, ADA",Rakesh Upadhyay,"https://images.cointelegraph.com/cdn-cgi/image/format=auto,onerror=redirect,quality=90,width=1200/https://s3.cointelegraph.com/uploads/2024-11/0192f7f8-1cb9-7f48-9aa4-e3d6dfab6299",cointelegraph.com,"Economy - Monetary,Financial Markets,Blockchain,Economy - Macro",0.019424,Neutral,"[{""ticker"": ""FOREX:USD"", ""relevance_score"": ""0.035189"", ""ticker_sentiment_score"": ""0.0"", ""ticker_sentiment_label"": ""Neutral""}, {""ticker"": ""CRYPTO:BTC"", ""relevance_score"": ""0.275867"", ""ticker_sentiment_score"": ""0.329901"", ""ticker_sentiment_label"": ""Somewhat-Bullish""}, {""ticker"": ""CRYPTO:BNB"", ""relevance_score"": ""0.105295"", ""ticker_sentiment_score"": ""0.008769"", ""ticker_sentiment_label"": ""Neutral""}, {""ticker"": ""CRYPTO:XRP"", ""relevance_score"": ""0.105295"", ""ticker_sentiment_score"": ""-0.07881"", ""ticker_sentiment_label"": ""Neutral""}, {""ticker"": ""CRYPTO:ETH"", ""relevance_score"": ""0.105295"", ""ticker_sentiment_score"": ""-0.094159"", ""ticker_sentiment_label"": ""Neutral""}, {""ticker"": ""CRYPTO:DOGE"", ""relevance_score"": ""0.105295"", ""ticker_sentiment_score"": ""-0.078013"", ""ticker_sentiment_label"": ""Neutral""}, {""ticker"": ""CRYPTO:USDT"", ""relevance_score"": ""0.275867"", ""ticker_sentiment_score"": ""-0.002121"", ""ticker_sentiment_label"": ""Neutral""}, {""ticker"": ""CRYPTO:ADA"", ""relevance_score"": ""0.105295"", ""ticker_sentiment_score"": ""-0.043274"", ""ticker_sentiment_label"": ""Neutral""}]"
2024-11-06,"Crypto-related stocks like NVDA, IBKR, BLK, ACN and CME are set to gain from Bitcoin's ongoing rally.",Zacks Commentary,https://www.zacks.com/stock/news/2365520/5-crypto-related-stocks-with-upside-as-bitcoin-hits-all-time-high,0.132855,https://www.zacks.com/stock/news/2365520/5-crypto-related-stocks-with-upside-as-bitcoin-hits-all-time-high,5 Crypto-Related Stocks With Upside as Bitcoin Hits All-Time High,Ritujay Ghosh,https://staticx-tuner.zacks.com/images/articles/main/12/3298.jpg,www.zacks.com,"Economy - Monetary,Financial Markets,Manufacturing,Earnings,Finance,Blockchain",0.328166,Somewhat-Bullish,"[{""ticker"": ""NVDA"", ""relevance_score"": ""0.262052"", ""ticker_sentiment_score"": ""0.304222"", ""ticker_sentiment_label"": ""Somewhat-Bullish""}, {""ticker"": ""CME"", ""relevance_score"": ""0.303711"", ""ticker_sentiment_score"": ""0.216748"", ""ticker_sentiment_label"": ""Somewhat-Bullish""}, {""ticker"": ""IBKR"", ""relevance_score"": ""0.344473"", ""ticker_sentiment_score"": ""0.247683"", ""ticker_sentiment_label"": ""Somewhat-Bullish""}, {""ticker"": ""ACN"", ""relevance_score"": ""0.21961"", ""ticker_sentiment_score"": ""0.226976"", ""ticker_sentiment_label"": ""Somewhat-Bullish""}, {""ticker"": ""CRYPTO:BTC"", ""relevance_score"": ""0.597088"", ""ticker_sentiment_score"": ""0.431803"", ""ticker_sentiment_label"": ""Bullish""}, {""ticker"": ""CRYPTO:ETH"", ""relevance_score"": ""0.262052"", ""ticker_sentiment_score"": ""0.198622"", ""ticker_sentiment_label"": ""Somewhat-Bullish""}, {""ticker"": ""CRYPTO:DOGE"", ""relevance_score"": ""0.132855"", ""ticker_sentiment_score"": ""0.110347"", ""ticker_sentiment_label"": ""Neutral""}, {""ticker"": ""CRYPTO:ADA"", ""relevance_score"": ""0.132855"", ""ticker_sentiment_score"": ""0.110347"", ""ticker_sentiment_label"": ""Neutral""}]"
2024-11-06,"The American political landscape is about to shift dramatically, and digital money will likely benefit from that movement.",Motley Fool,https://www.fool.com/investing/2024/11/06/why-altcoins-were-blasting-higher-on-wednesday/,0.185306,https://www.fool.com/investing/2024/11/06/why-altcoins-were-blasting-higher-on-wednesday/,Why Altcoins Were Blasting Higher on Wednesday,Eric Volkman,https://g.foolcdn.com/editorial/images/796861/person-in-a-data-center-using-a-tablet-computer.jpg,www.fool.com,Blockchain,0.269267,Somewhat-Bullish,"[{""ticker"": ""CRYPTO:BTC"", ""relevance_score"": ""0.587962"", ""ticker_sentiment_score"": ""0.34179"", ""ticker_sentiment_label"": ""Somewhat-Bullish""}, {""ticker"": ""CRYPTO:LINK"", ""relevance_score"": ""0.185306"", ""ticker_sentiment_score"": ""0.202959"", ""ticker_sentiment_label"": ""Somewhat-Bullish""}, {""ticker"": ""CRYPTO:ADA"", ""relevance_score"": ""0.185306"", ""ticker_sentiment_score"": ""0.202959"", ""ticker_sentiment_label"": ""Somewhat-Bullish""}, {""ticker"": ""CRYPTO:BCH"", ""relevance_score"": ""0.185306"", ""ticker_sentiment_score"": ""0.202959"", ""ticker_sentiment_label"": ""Somewhat-Bullish""}]"
2024-11-06,"Over the past 24 hours, Cardano's ADA/USD price rose 4.97% to $0.35. This continues its positive trend over the past week where it has experienced a 1.0% gain, moving from $0.35 to its current price. As it stands right now, the coin's all-time high is $3.09.",Benzinga,https://www.benzinga.com/insights/cryptocurrency/24/11/41776489/cardanos-price-increased-more-than-4-within-24-hours,0.532043,https://www.benzinga.com/insights/cryptocurrency/24/11/41776489/cardanos-price-increased-more-than-4-within-24-hours,Cardano's Price Increased More Than 4% Within 24 hours,Benzinga Insights,https://www.benzinga.com/files/images/story/2024/1730905411_0.png,www.benzinga.com,Financial Markets,0.122042,Neutral,"[{""ticker"": ""CRYPTO:ADA"", ""relevance_score"": ""0.532043"", ""ticker_sentiment_score"": ""0.088243"", ""ticker_sentiment_label"": ""Neutral""}]"
2024-11-06,"Crypto markets cheered Donald Trump's win by pushing Bitcoin to a new all-time high above $75,000, signaling the start of the next leg of the uptrend.",Cointelegraph,https://cointelegraph.com/news/price-analysis-11-6-btc-eth-sol-bnb-xrp-doge-ton-ada-shib-avax,0.103035,https://cointelegraph.com/news/price-analysis-11-6-btc-eth-sol-bnb-xrp-doge-ton-ada-shib-avax,"Price analysis 11/6: BTC, ETH, SOL, BNB, XRP, DOGE, TON, ADA, SHIB, AVAX",Rakesh Upadhyay,"https://images.cointelegraph.com/cdn-cgi/image/format=auto,onerror=redirect,quality=90,width=1200/https://s3.cointelegraph.com/uploads/2024-11/01930223-e1b8-7df1-8d7c-f2b48739e44a",cointelegraph.com,Blockchain,0.028901,Neutral,"[{""ticker"": ""CRYPTO:BTC"", ""relevance_score"": ""0.237469"", ""ticker_sentiment_score"": ""0.229225"", ""ticker_sentiment_label"": ""Somewhat-Bullish""}, {""ticker"": ""CRYPTO:AVAX"", ""relevance_score"": ""0.068797"", ""ticker_sentiment_score"": ""0.006093"", ""ticker_sentiment_label"": ""Neutral""}, {""ticker"": ""CRYPTO:BNB"", ""relevance_score"": ""0.103035"", ""ticker_sentiment_score"": ""0.00217"", ""ticker_sentiment_label"": ""Neutral""}, {""ticker"": ""CRYPTO:XRP"", ""relevance_score"": ""0.103035"", ""ticker_sentiment_score"": ""0.103717"", ""ticker_sentiment_label"": ""Neutral""}, {""ticker"": ""CRYPTO:ETH"", ""relevance_score"": ""0.103035"", ""ticker_sentiment_score"": ""-0.002185"", ""ticker_sentiment_label"": ""Neutral""}, {""ticker"": ""CRYPTO:SHIB"", ""relevance_score"": ""0.103035"", ""ticker_sentiment_score"": ""0.080313"", ""ticker_sentiment_label"": ""Neutral""}, {""ticker"": ""CRYPTO:USDT"", ""relevance_score"": ""0.334008"", ""ticker_sentiment_score"": ""-0.053165"", ""ticker_sentiment_label"": ""Neutral""}, {""ticker"": ""CRYPTO:ADA"", ""relevance_score"": ""0.103035"", ""ticker_sentiment_score"": ""-0.041419"", ""ticker_sentiment_label"": ""Neutral""}]"
2024-11-07,"Kraken's attorney, Michael O'Connor, criticized the SEC's move on Wednesday, calling it an 'Election Day gambit.' ...",Decrypt.co,https://decrypt.co/290539/sec-seeks-court-approval-to-dismiss-krakens-major-legal-defenses,0.19117,https://decrypt.co/290539/sec-seeks-court-approval-to-dismiss-krakens-major-legal-defenses,SEC Seeks Court Approval to Dismiss Kraken's Major Legal Defenses,Vismaya V,https://cdn.decrypt.co/resize/1024/height/512/wp-content/uploads/2023/06/sec-shutterstock_1128745520-16x9-1-gID_7.jpg,decrypt.co,"Blockchain,Financial Markets",0.012262,Neutral,"[{""ticker"": ""CRYPTO:ADA"", ""relevance_score"": ""0.19117"", ""ticker_sentiment_score"": ""0.095643"", ""ticker_sentiment_label"": ""Neutral""}]"
2024-11-08,Cardano ADA/USD raced past Bitcoin BTC/USD to become the week's best performer after a searing double-digit rally on Thursday. What happened: ADA spiked over 10% in the last 24 hours to reach its highest level since July 23.,Benzinga,https://www.benzinga.com/markets/cryptocurrency/24/11/41833131/this-ethereum-killer-trumped-bitcoin-gains-over-election-rally-to-emerge-as-best-peforming,0.628066,https://www.benzinga.com/markets/cryptocurrency/24/11/41833131/this-ethereum-killer-trumped-bitcoin-gains-over-election-rally-to-emerge-as-best-peforming,This 'Ethereum Killer' Trumped Bitcoin Gains Over Election Rally To Emerge As Best Peforming Large-Cap Crypto Over The Week,Aniket Verma,https://cdn.benzinga.com/files/images/story/2024/11/07/10--Cardano.jpeg?width=1200&height=800&fit=crop,www.benzinga.com,Blockchain,0.280325,Somewhat-Bullish,"[{""ticker"": ""CRYPTO:BTC"", ""relevance_score"": ""0.524949"", ""ticker_sentiment_score"": ""0.314132"", ""ticker_sentiment_label"": ""Somewhat-Bullish""}, {""ticker"": ""CRYPTO:ETH"", ""relevance_score"": ""0.524949"", ""ticker_sentiment_score"": ""0.327307"", ""ticker_sentiment_label"": ""Somewhat-Bullish""}, {""ticker"": ""CRYPTO:ADA"", ""relevance_score"": ""0.628066"", ""ticker_sentiment_score"": ""0.180854"", ""ticker_sentiment_label"": ""Somewhat-Bullish""}]"
2024-11-08,"Speculation has arisen regarding Charles Hoskinson, the co-founder of Ethereum ETH/USD and Cardano ADA/USD, potentially serving as a cryptocurrency policy advisor in the administration of president Donald Trump.",Benzinga,https://www.benzinga.com/markets/cryptocurrency/24/11/41853924/cardano-up-13-as-speculation-around-charles-hoskinson-as-trump-crypto-policy-advisor-bubbl,0.318074,https://www.benzinga.com/markets/cryptocurrency/24/11/41853924/cardano-up-13-as-speculation-around-charles-hoskinson-as-trump-crypto-policy-advisor-bubbl,Cardano Up 13% As Speculation Around Charles Hoskinson As Trump Crypto Policy Advisor Bubbles - Grayscale Ethereum Mini Trust  ( ETH )  Common units of fractional undivided beneficial interest  ( ARCA:ETH ) ,Murtuza Merchant,https://cdn.benzinga.com/files/images/story/2024/11/08/10--Cardano.jpeg?width=1200&height=800&fit=crop,www.benzinga.com,"Blockchain,Financial Markets",0.127447,Neutral,"[{""ticker"": ""CRYPTO:BTC"", ""relevance_score"": ""0.194242"", ""ticker_sentiment_score"": ""0.0"", ""ticker_sentiment_label"": ""Neutral""}, {""ticker"": ""CRYPTO:ETH"", ""relevance_score"": ""0.130217"", ""ticker_sentiment_score"": ""0.080929"", ""ticker_sentiment_label"": ""Neutral""}, {""ticker"": ""CRYPTO:USDT"", ""relevance_score"": ""0.065327"", ""ticker_sentiment_score"": ""0.0"", ""ticker_sentiment_label"": ""Neutral""}, {""ticker"": ""CRYPTO:ADA"", ""relevance_score"": ""0.318074"", ""ticker_sentiment_score"": ""0.089633"", ""ticker_sentiment_label"": ""Neutral""}]"
2024-11-08,"Cryptocurrency markets are trading mostly sideways to close out the week. IntoTheBlock data shows large transaction volume decreasing by 26.3% and daily active addresses falling by 10.2%. Transactions greater than $100,000 are up from 15,034 to 11,544 in a single day. Exchanges netflows are up by ...",Benzinga,https://www.benzinga.com/markets/cryptocurrency/24/11/41856813/bitcoin-ethereum-dogecoin-close-the-week-trading-sideways,0.087185,https://www.benzinga.com/markets/cryptocurrency/24/11/41856813/bitcoin-ethereum-dogecoin-close-the-week-trading-sideways,"Bitcoin, Ethereum, Dogecoin Close The Week Trading Sideways",Khyathi Dalal,https://cdn.benzinga.com/files/images/story/2024/11/08/Kamala-Harris-Focus-on-Cryptocurrency-an.jpeg?width=1200&height=800&fit=crop,www.benzinga.com,"Blockchain,Financial Markets",0.182314,Somewhat-Bullish,"[{""ticker"": ""SCBFF"", ""relevance_score"": ""0.087185"", ""ticker_sentiment_score"": ""0.0"", ""ticker_sentiment_label"": ""Neutral""}, {""ticker"": ""CRYPTO:BTC"", ""relevance_score"": ""0.845368"", ""ticker_sentiment_score"": ""0.353822"", ""ticker_sentiment_label"": ""Bullish""}, {""ticker"": ""CRYPTO:ETH"", ""relevance_score"": ""0.087185"", ""ticker_sentiment_score"": ""0.0"", ""ticker_sentiment_label"": ""Neutral""}, {""ticker"": ""CRYPTO:ADA"", ""relevance_score"": ""0.087185"", ""ticker_sentiment_score"": ""0.137216"", ""ticker_sentiment_label"": ""Neutral""}]"
2024-11-09,Is it time to pay closer attention to the world's second-most valuable cryptocurrency?,Motley Fool,https://www.fool.com/investing/2024/11/09/should-you-forget-bitcoin-and-buy-ethereum-instead/,0.141171,https://www.fool.com/investing/2024/11/09/should-you-forget-bitcoin-and-buy-ethereum-instead/,Should You Forget Bitcoin and Buy Ethereum Instead?,Leo Sun,https://g.foolcdn.com/image/?url=https%3A%2F%2Fg.foolcdn.com%2Feditorial%2Fimages%2F797160%2Fdigital-money-cube-placed-on-a-blockchain.jpg&op=resize&w=700,www.fool.com,"Economy - Monetary,Blockchain,Financial Markets",0.205346,Somewhat-Bullish,"[{""ticker"": ""CRYPTO:BTC"", ""relevance_score"": ""0.6865"", ""ticker_sentiment_score"": ""0.368516"", ""ticker_sentiment_label"": ""Bullish""}, {""ticker"": ""CRYPTO:ETH"", ""relevance_score"": ""0.485711"", ""ticker_sentiment_score"": ""0.321269"", ""ticker_sentiment_label"": ""Somewhat-Bullish""}, {""ticker"": ""CRYPTO:ADA"", ""relevance_score"": ""0.141171"", ""ticker_sentiment_score"": ""0.124164"", ""ticker_sentiment_label"": ""Neutral""}]"
2024-11-10,"In a historic development, Bitcoin BTC/USD has surpassed the $80,000 milestone, propelled by President-elect Donald Trump's supportive stance on cryptocurrencies and the potential for a crypto-friendly Congress.",Benzinga,https://www.benzinga.com/markets/cryptocurrency/24/11/41869034/skyrocketing-bitcoin-nears-80000-milestone-on-optimism-over-trump,0.230235,https://www.benzinga.com/markets/cryptocurrency/24/11/41869034/skyrocketing-bitcoin-nears-80000-milestone-on-optimism-over-trump,"Bitcoin Surges Past $80,000 Milestone For First Time On Optimism Over Trump - Grayscale Bitcoin Mini Trust  ( BTC )  Common units of fractional undivided beneficial interest  ( ARCA:BTC ) ",Bibhu Pattnaik,https://cdn.benzinga.com/files/images/story/2024/11/10/Bitcoin-a-90-000-o-30-000--Dipende-tutto.jpeg?width=1200&height=800&fit=crop,www.benzinga.com,"Economy - Monetary,Blockchain,Financial Markets",0.348115,Somewhat-Bullish,"[{""ticker"": ""CRYPTO:BTC"", ""relevance_score"": ""0.620083"", ""ticker_sentiment_score"": ""0.430773"", ""ticker_sentiment_label"": ""Bullish""}, {""ticker"": ""CRYPTO:DOGE"", ""relevance_score"": ""0.230235"", ""ticker_sentiment_score"": ""0.0"", ""ticker_sentiment_label"": ""Neutral""}, {""ticker"": ""CRYPTO:ADA"", ""relevance_score"": ""0.230235"", ""ticker_sentiment_score"": ""0.0"", ""ticker_sentiment_label"": ""Neutral""}]"
2024-11-10,"Bitcoin just set another new all-time high price, popping above $80,000 and rising nearly 17% over the past week.",Decrypt.co,https://decrypt.co/290994/bitcoin-price-80000-first-time,0.182506,https://decrypt.co/290994/bitcoin-price-80000-first-time,"Bitcoin Price Tops $80,000 for First Time as Trump Win Boosts Crypto Market",Andrew Hayward,https://cdn.decrypt.co/resize/1024/height/512/wp-content/uploads/2024/03/bitcoin-btc-gold-statue-green-futuristic-city-gID_7.jpg,decrypt.co,"Finance,Blockchain,Financial Markets",0.258474,Somewhat-Bullish,"[{""ticker"": ""COIN"", ""relevance_score"": ""0.182506"", ""ticker_sentiment_score"": ""0.087998"", ""ticker_sentiment_label"": ""Neutral""}, {""ticker"": ""CRYPTO:ETH"", ""relevance_score"": ""0.182506"", ""ticker_sentiment_score"": ""0.309555"", ""ticker_sentiment_label"": ""Somewhat-Bullish""}, {""ticker"": ""CRYPTO:DOGE"", ""relevance_score"": ""0.182506"", ""ticker_sentiment_score"": ""0.309555"", ""ticker_sentiment_label"": ""Somewhat-Bullish""}, {""ticker"": ""CRYPTO:ADA"", ""relevance_score"": ""0.182506"", ""ticker_sentiment_score"": ""0.309555"", ""ticker_sentiment_label"": ""Somewhat-Bullish""}]"
2024-11-10,"Cryptocurrencies extended their rally on Sunday, with bitcoin touching $80,000 for the first time ever.",CNBC,https://www.cnbc.com/2024/11/10/crypto-market-today.html,0.101582,https://www.cnbc.com/2024/11/10/crypto-market-today.html,"Bitcoin hits $80,000 for the first time as crypto traders bask in Trump election victory",,,www.cnbc.com,"Financial Markets,Earnings,Finance,Blockchain",0.229017,Somewhat-Bullish,"[{""ticker"": ""BRPHF"", ""relevance_score"": ""0.101582"", ""ticker_sentiment_score"": ""0.252372"", ""ticker_sentiment_label"": ""Somewhat-Bullish""}, {""ticker"": ""COIN"", ""relevance_score"": ""0.101582"", ""ticker_sentiment_score"": ""-0.063275"", ""ticker_sentiment_label"": ""Neutral""}, {""ticker"": ""CRYPTO:BTC"", ""relevance_score"": ""0.798255"", ""ticker_sentiment_score"": ""0.330234"", ""ticker_sentiment_label"": ""Somewhat-Bullish""}, {""ticker"": ""CRYPTO:ETH"", ""relevance_score"": ""0.201523"", ""ticker_sentiment_score"": ""0.197298"", ""ticker_sentiment_label"": ""Somewhat-Bullish""}, {""ticker"": ""CRYPTO:SHIB"", ""relevance_score"": ""0.101582"", ""ticker_sentiment_score"": ""0.099247"", ""ticker_sentiment_label"": ""Neutral""}, {""ticker"": ""CRYPTO:DOGE"", ""relevance_score"": ""0.101582"", ""ticker_sentiment_score"": ""0.099247"", ""ticker_sentiment_label"": ""Neutral""}, {""ticker"": ""CRYPTO:ADA"", ""relevance_score"": ""0.101582"", ""ticker_sentiment_score"": ""0.099247"", ""ticker_sentiment_label"": ""Neutral""}]"
2024-11-10,"The week has been a whirlwind of cryptocurrency news, with El Salvador's Bitcoin gamble paying off and Standard Chartered predicting a massive surge in the digital assets market. Meanwhile, Detroit is set to become the first major U.S. city to accept cryptocurrency for taxes and other city fees.",Benzinga,https://www.benzinga.com/markets/cryptocurrency/24/11/41868204/cryptocurrencies-rally-following-trump-victory-el-salvadors-bitcoin-bet-pays-off-and-more-,0.165598,https://www.benzinga.com/markets/cryptocurrency/24/11/41868204/cryptocurrencies-rally-following-trump-victory-el-salvadors-bitcoin-bet-pays-off-and-more-,"Cryptocurrencies Rally Following Trump Victory, El Salvador's Bitcoin Bet Pays Off And More: Top Crypto Updates This Week - Grayscale Bitcoin Mini Trust  ( BTC )  Common units of fractional undivided beneficial interest  ( ARCA:BTC ) ",Benzinga Neuro,https://cdn.benzinga.com/files/images/story/2024/11/10/6-ETFs-That-Let-You-Invest-In-Bitcoin--E.jpeg?width=1200&height=800&fit=crop,www.benzinga.com,"Blockchain,Financial Markets",0.336386,Somewhat-Bullish,"[{""ticker"": ""PYPL"", ""relevance_score"": ""0.083251"", ""ticker_sentiment_score"": ""0.207243"", ""ticker_sentiment_label"": ""Somewhat-Bullish""}, {""ticker"": ""SCBFF"", ""relevance_score"": ""0.324139"", ""ticker_sentiment_score"": ""0.368399"", ""ticker_sentiment_label"": ""Bullish""}, {""ticker"": ""CRYPTO:BTC"", ""relevance_score"": ""0.535653"", ""ticker_sentiment_score"": ""0.32392"", ""ticker_sentiment_label"": ""Somewhat-Bullish""}, {""ticker"": ""CRYPTO:ETH"", ""relevance_score"": ""0.246167"", ""ticker_sentiment_score"": ""0.249696"", ""ticker_sentiment_label"": ""Somewhat-Bullish""}, {""ticker"": ""CRYPTO:DOGE"", ""relevance_score"": ""0.165598"", ""ticker_sentiment_score"": ""0.229754"", ""ticker_sentiment_label"": ""Somewhat-Bullish""}, {""ticker"": ""CRYPTO:ADA"", ""relevance_score"": ""0.165598"", ""ticker_sentiment_score"": ""0.156768"", ""ticker_sentiment_label"": ""Somewhat-Bullish""}]"
2024-11-10,ADA looks poised to rise by over 100% in early 2025 after breaking above a three-year-old resistance trendline.,Cointelegraph,https://cointelegraph.com/news/ada-price-pumps-30-rumors-cardano-founder-trump,0.599092,https://cointelegraph.com/news/ada-price-pumps-30-rumors-cardano-founder-trump,ADA price pumps 30% amid rumors of Cardano founder-Trump collaboration,Yashu Gola,"https://images.cointelegraph.com/cdn-cgi/image/format=auto,onerror=redirect,quality=90,width=1200/https://s3.cointelegraph.com/uploads/2024-11/019314f7-e264-7e6a-8397-56d899423b0d",cointelegraph.com,"Technology,Blockchain",0.069732,Neutral,"[{""ticker"": ""GOOG"", ""relevance_score"": ""0.095517"", ""ticker_sentiment_score"": ""0.108197"", ""ticker_sentiment_label"": ""Neutral""}, {""ticker"": ""CRYPTO:ADA"", ""relevance_score"": ""0.599092"", ""ticker_sentiment_score"": ""-0.078718"", ""ticker_sentiment_label"": ""Neutral""}]"
2024-11-10,"Cardano founder Charles Hoskinson stated that when it comes to crypto policies in the United States, ""we have to do this, and we have to get it done."" ...",Cointelegraph,https://cointelegraph.com/news/cardano-founder-charles-hoskinson-united-states-government-crypto-policies,0.102013,https://cointelegraph.com/news/cardano-founder-charles-hoskinson-united-states-government-crypto-policies,Charles Hoskinson shares new plans to 'help foster' US crypto policies,Ciaran Lyons,"https://images.cointelegraph.com/cdn-cgi/image/format=auto,onerror=redirect,quality=90,width=1200/https://s3.cointelegraph.com/uploads/2024-11/01931460-266c-7c45-a336-209e7aae05bb",cointelegraph.com,"Blockchain,Financial Markets",0.308814,Somewhat-Bullish,"[{""ticker"": ""CRYPTO:ADA"", ""relevance_score"": ""0.102013"", ""ticker_sentiment_score"": ""0.193154"", ""ticker_sentiment_label"": ""Somewhat-Bullish""}]"
2024-11-10,Bitcoin is on the road to deliver its best weekly performance since February following Trump's reelection.,Cointelegraph,https://cointelegraph.com/news/bitcoin-price-80k-for-the-first-time-ever-new-inflation-adjusted-all-time-high,0.217834,https://cointelegraph.com/news/bitcoin-price-80k-for-the-first-time-ever-new-inflation-adjusted-all-time-high,Bitcoin price hits $80K for the first time - New 'inflation-adjusted' all-time high,Yashu Gola,"https://images.cointelegraph.com/cdn-cgi/image/format=auto,onerror=redirect,quality=90,width=1200/https://s3.cointelegraph.com/uploads/2024-11/01931609-219e-7ceb-b4de-ca31ad24b0f6",cointelegraph.com,"Economy - Monetary,Blockchain,Financial Markets",0.249076,Somewhat-Bullish,"[{""ticker"": ""CRYPTO:BTC"", ""relevance_score"": ""0.902881"", ""ticker_sentiment_score"": ""0.512879"", ""ticker_sentiment_label"": ""Bullish""}, {""ticker"": ""CRYPTO:ETH"", ""relevance_score"": ""0.217834"", ""ticker_sentiment_score"": ""0.033789"", ""ticker_sentiment_label"": ""Neutral""}, {""ticker"": ""CRYPTO:DOGE"", ""relevance_score"": ""0.217834"", ""ticker_sentiment_score"": ""0.033789"", ""ticker_sentiment_label"": ""Neutral""}, {""ticker"": ""CRYPTO:ADA"", ""relevance_score"": ""0.217834"", ""ticker_sentiment_score"": ""0.033789"", ""ticker_sentiment_label"": ""Neutral""}]"
2024-11-11,"""I'm going to be spending quite a bit of time working with lawmakers in Washington, D.C.,"" Cardano founder Charles Hoskinson said Saturday.",Decrypt.co,https://decrypt.co/291031/cardano-hits-7-month-high-founder-eyes-hopeful-role-shaping-trump-crypto-policy,0.761302,https://decrypt.co/291031/cardano-hits-7-month-high-founder-eyes-hopeful-role-shaping-trump-crypto-policy,Cardano Hits 7-Month High as Founder Eyes Hopeful Role in Shaping Trump Crypto Policy,Sebastian Sinclair,https://cdn.decrypt.co/resize/1024/height/512/wp-content/uploads/2023/11/charles-hoskinson-web-summit-gID_7.jpg,decrypt.co,Blockchain,0.281936,Somewhat-Bullish,"[{""ticker"": ""CRYPTO:BTC"", ""relevance_score"": ""0.072217"", ""ticker_sentiment_score"": ""0.249114"", ""ticker_sentiment_label"": ""Somewhat-Bullish""}, {""ticker"": ""CRYPTO:ETH"", ""relevance_score"": ""0.143843"", ""ticker_sentiment_score"": ""0.118877"", ""ticker_sentiment_label"": ""Neutral""}, {""ticker"": ""CRYPTO:ADA"", ""relevance_score"": ""0.761302"", ""ticker_sentiment_score"": ""0.446536"", ""ticker_sentiment_label"": ""Bullish""}]"
2024-11-11,Cardano ADA/USD rallied to its highest level in seven months after founder Charles Hoskinson said he would help to shape cryptocurrency policy under President-elect Donald Trump's administration.,Benzinga,https://www.benzinga.com/markets/cryptocurrency/24/11/41870941/cardano-soars-to-7-month-high-as-founder-charles-hoskinson-teases-potential-crypto-policy-,0.601928,https://www.benzinga.com/markets/cryptocurrency/24/11/41870941/cardano-soars-to-7-month-high-as-founder-charles-hoskinson-teases-potential-crypto-policy-,Cardano Soars To 7-Month High As Founder Charles Hoskinson Teases Potential Crypto Policy Role In Trump Administration,Aniket Verma,https://cdn.benzinga.com/files/images/story/2024/11/10/10--Cardano.jpeg?width=1200&height=800&fit=crop,www.benzinga.com,"Blockchain,Financial Markets",0.304868,Somewhat-Bullish,"[{""ticker"": ""CRYPTO:BTC"", ""relevance_score"": ""0.221819"", ""ticker_sentiment_score"": ""0.133991"", ""ticker_sentiment_label"": ""Neutral""}, {""ticker"": ""CRYPTO:ETH"", ""relevance_score"": ""0.221819"", ""ticker_sentiment_score"": ""0.133991"", ""ticker_sentiment_label"": ""Neutral""}, {""ticker"": ""CRYPTO:ADA"", ""relevance_score"": ""0.601928"", ""ticker_sentiment_score"": ""0.316003"", ""ticker_sentiment_label"": ""Somewhat-Bullish""}]"
2024-11-11,"Bitcoin hit another high on Monday, as the rally in cryptocurrencies continued following President-elect Donald Trump's election win.",CNBC,https://www.cnbc.com/2024/11/11/crypto-market-today.html,0.082963,https://www.cnbc.com/2024/11/11/crypto-market-today.html,"Bitcoin tops $82,000 as crypto euphoria over Trump win shows no sign of waning",,,www.cnbc.com,"Financial Markets,Earnings,Finance,Blockchain",0.206038,Somewhat-Bullish,"[{""ticker"": ""COIN"", ""relevance_score"": ""0.082963"", ""ticker_sentiment_score"": ""-0.059497"", ""ticker_sentiment_label"": ""Neutral""}, {""ticker"": ""C"", ""relevance_score"": ""0.082963"", ""ticker_sentiment_score"": ""0.081695"", ""ticker_sentiment_label"": ""Neutral""}, {""ticker"": ""HRGLF"", ""relevance_score"": ""0.082963"", ""ticker_sentiment_score"": ""0.197884"", ""ticker_sentiment_label"": ""Somewhat-Bullish""}, {""ticker"": ""CRYPTO:BTC"", ""relevance_score"": ""0.702434"", ""ticker_sentiment_score"": ""0.38194"", ""ticker_sentiment_label"": ""Bullish""}, {""ticker"": ""CRYPTO:SHIB"", ""relevance_score"": ""0.082963"", ""ticker_sentiment_score"": ""0.149453"", ""ticker_sentiment_label"": ""Neutral""}, {""ticker"": ""CRYPTO:DOGE"", ""relevance_score"": ""0.082963"", ""ticker_sentiment_score"": ""0.149453"", ""ticker_sentiment_label"": ""Neutral""}, {""ticker"": ""CRYPTO:ADA"", ""relevance_score"": ""0.082963"", ""ticker_sentiment_score"": ""-0.003112"", ""ticker_sentiment_label"": ""Neutral""}]"
2024-11-11,Trump is set to return to office with a new pro-crypto stance. Here's how the top tokens have been doing since he was last in office.,Cointelegraph,https://cointelegraph.com/news/top-10-crypto-trump-president,0.087106,https://cointelegraph.com/news/top-10-crypto-trump-president,What happened to the top 10 cryptos from when Trump was last president?,Yohan Yun,https://s3.cointelegraph.com/uploads/2024-11/01931bab-3f99-755e-8e83-938dd5e271d9,cointelegraph.com,"Economy - Monetary,Financial Markets,Earnings,Blockchain",0.217509,Somewhat-Bullish,"[{""ticker"": ""FOREX:UAH"", ""relevance_score"": ""0.021817"", ""ticker_sentiment_score"": ""0.080828"", ""ticker_sentiment_label"": ""Neutral""}, {""ticker"": ""CRYPTO:BTC"", ""relevance_score"": ""0.377459"", ""ticker_sentiment_score"": ""0.224329"", ""ticker_sentiment_label"": ""Somewhat-Bullish""}, {""ticker"": ""CRYPTO:ETH"", ""relevance_score"": ""0.236449"", ""ticker_sentiment_score"": ""0.061747"", ""ticker_sentiment_label"": ""Neutral""}, {""ticker"": ""CRYPTO:LINK"", ""relevance_score"": ""0.130335"", ""ticker_sentiment_score"": ""0.169935"", ""ticker_sentiment_label"": ""Somewhat-Bullish""}, {""ticker"": ""CRYPTO:LTC"", ""relevance_score"": ""0.130335"", ""ticker_sentiment_score"": ""0.162783"", ""ticker_sentiment_label"": ""Somewhat-Bullish""}, {""ticker"": ""CRYPTO:ADA"", ""relevance_score"": ""0.087106"", ""ticker_sentiment_score"": ""0.010516"", ""ticker_sentiment_label"": ""Neutral""}, {""ticker"": ""CRYPTO:BCH"", ""relevance_score"": ""0.130335"", ""ticker_sentiment_score"": ""0.162783"", ""ticker_sentiment_label"": ""Somewhat-Bullish""}]"
2024-11-11,Bitcoin is now up 23% over the last week as it continues pushing to new all-time highs-and crypto liquidations are piling up.,Decrypt.co,https://decrypt.co/291102/bitcoin-price-85000-liquidations,0.272788,https://decrypt.co/291102/bitcoin-price-85000-liquidations,"Bitcoin Price Nears $85,000 as Crypto Liquidations Top $680 Million",Andrew Hayward,https://cdn.decrypt.co/resize/1024/height/512/wp-content/uploads/2024/02/bitcoin-pixel-up-gID_7.png,decrypt.co,"Finance,Blockchain",0.073389,Neutral,"[{""ticker"": ""COIN"", ""relevance_score"": ""0.138464"", ""ticker_sentiment_score"": ""0.0"", ""ticker_sentiment_label"": ""Neutral""}, {""ticker"": ""CRYPTO:BTC"", ""relevance_score"": ""0.616842"", ""ticker_sentiment_score"": ""0.025216"", ""ticker_sentiment_label"": ""Neutral""}, {""ticker"": ""CRYPTO:ETH"", ""relevance_score"": ""0.138464"", ""ticker_sentiment_score"": ""-0.113694"", ""ticker_sentiment_label"": ""Neutral""}, {""ticker"": ""CRYPTO:DOGE"", ""relevance_score"": ""0.272788"", ""ticker_sentiment_score"": ""0.146367"", ""ticker_sentiment_label"": ""Neutral""}, {""ticker"": ""CRYPTO:ADA"", ""relevance_score"": ""0.272788"", ""ticker_sentiment_score"": ""0.146367"", ""ticker_sentiment_label"": ""Neutral""}]"
2024-11-11,"Bitcoin picked up momentum and soared above $84,500, pulling several altcoins higher.",Cointelegraph,https://cointelegraph.com/news/price-analysis-11-11-spx-dxy-btc-eth-sol-bnb-doge-xrp-ada-ton,0.104835,https://cointelegraph.com/news/price-analysis-11-11-spx-dxy-btc-eth-sol-bnb-doge-xrp-ada-ton,"Price analysis 11/11: SPX, DXY, BTC, ETH, SOL, BNB, DOGE, XRP, ADA, TON",Rakesh Upadhyay,https://s3.cointelegraph.com/uploads/2024-11/01931c0b-ddad-703e-a205-e526518b804a,cointelegraph.com,"Blockchain,Economy - Macro",0.062617,Neutral,"[{""ticker"": ""FOREX:USD"", ""relevance_score"": ""0.035035"", ""ticker_sentiment_score"": ""0.057015"", ""ticker_sentiment_label"": ""Neutral""}, {""ticker"": ""CRYPTO:BTC"", ""relevance_score"": ""0.37102"", ""ticker_sentiment_score"": ""0.152357"", ""ticker_sentiment_label"": ""Somewhat-Bullish""}, {""ticker"": ""CRYPTO:BNB"", ""relevance_score"": ""0.104835"", ""ticker_sentiment_score"": ""0.18407"", ""ticker_sentiment_label"": ""Somewhat-Bullish""}, {""ticker"": ""CRYPTO:XRP"", ""relevance_score"": ""0.104835"", ""ticker_sentiment_score"": ""0.015495"", ""ticker_sentiment_label"": ""Neutral""}, {""ticker"": ""CRYPTO:ETH"", ""relevance_score"": ""0.104835"", ""ticker_sentiment_score"": ""0.0"", ""ticker_sentiment_label"": ""Neutral""}, {""ticker"": ""CRYPTO:DOGE"", ""relevance_score"": ""0.104835"", ""ticker_sentiment_score"": ""-0.00766"", ""ticker_sentiment_label"": ""Neutral""}, {""ticker"": ""CRYPTO:USDT"", ""relevance_score"": ""0.274705"", ""ticker_sentiment_score"": ""0.150121"", ""ticker_sentiment_label"": ""Somewhat-Bullish""}, {""ticker"": ""CRYPTO:ADA"", ""relevance_score"": ""0.104835"", ""ticker_sentiment_score"": ""-0.042008"", ""ticker_sentiment_label"": ""Neutral""}]"
2024-11-11,Top coins were setting new records in the continuation of a strong rally.,Motley Fool,https://www.fool.com/investing/2024/11/11/why-altcoins-were-on-fire-again-today/,0.158519,https://www.fool.com/investing/2024/11/11/why-altcoins-were-on-fire-again-today/,Why Altcoins Were On Fire Again Today,Eric Volkman,https://g.foolcdn.com/editorial/images/797475/two-people-shake-hands-while-a-third-looks-on-happily-in-front-of-a-lapto-pc.jpg,www.fool.com,"Blockchain,Financial Markets",0.33422,Somewhat-Bullish,"[{""ticker"": ""CRYPTO:BTC"", ""relevance_score"": ""0.235823"", ""ticker_sentiment_score"": ""0.130321"", ""ticker_sentiment_label"": ""Neutral""}, {""ticker"": ""CRYPTO:SHIB"", ""relevance_score"": ""0.235823"", ""ticker_sentiment_score"": ""0.270091"", ""ticker_sentiment_label"": ""Somewhat-Bullish""}, {""ticker"": ""CRYPTO:DOGE"", ""relevance_score"": ""0.158519"", ""ticker_sentiment_score"": ""0.237913"", ""ticker_sentiment_label"": ""Somewhat-Bullish""}, {""ticker"": ""CRYPTO:SOL"", ""relevance_score"": ""0.079656"", ""ticker_sentiment_score"": ""0.131219"", ""ticker_sentiment_label"": ""Neutral""}, {""ticker"": ""CRYPTO:ADA"", ""relevance_score"": ""0.158519"", ""ticker_sentiment_score"": ""0.171855"", ""ticker_sentiment_label"": ""Somewhat-Bullish""}]"
2024-11-12,"Today's price action in the cryptocurrency market is becoming a bit more choppy, with a larger divergence among top tokens than we've seen over the past week. Since the presidential reelection of Donald Trump, most cryptocurrencies have been on a tear, and that rally hasn't stopped today, with ...",Motley Fool,https://www.fool.com/investing/2024/11/12/ethereum-cardano-and-solana-are-dropping-today-des/,0.283542,https://www.fool.com/investing/2024/11/12/ethereum-cardano-and-solana-are-dropping-today-des/,"Ethereum, Cardano, and Solana Are Dropping Today Despite Key Catalysts. Here's What to Know.",Chris MacDonald,https://g.foolcdn.com/editorial/images/797608/ether.jpg,www.fool.com,"Blockchain,Financial Markets",0.345932,Somewhat-Bullish,"[{""ticker"": ""CRYPTO:ETH"", ""relevance_score"": ""0.337044"", ""ticker_sentiment_score"": ""0.27141"", ""ticker_sentiment_label"": ""Somewhat-Bullish""}, {""ticker"": ""CRYPTO:ADA"", ""relevance_score"": ""0.283542"", ""ticker_sentiment_score"": ""0.313604"", ""ticker_sentiment_label"": ""Somewhat-Bullish""}]"
2024-11-13,"New York, NY, Nov. 13, 2024 ( GLOBE NEWSWIRE ) -- Bitcoin ( BTC ) has hit an all time high of almost $80,000 after Donald Trump said he likes digital assets and will create a Bitcoin fund and appoint pro crypto regulators.",Benzinga,https://www.benzinga.com/pressreleases/24/11/g41939499/stakingbonus-poised-to-help-investors-capitalize-as-bitcoin-surges-to-record-high-of-nearly-80-000,0.116067,https://www.benzinga.com/pressreleases/24/11/g41939499/stakingbonus-poised-to-help-investors-capitalize-as-bitcoin-surges-to-record-high-of-nearly-80-000,"StakingBonus Poised to Help Investors Capitalize as Bitcoin Surges to Record High of Nearly $80,000 Amid Pro-Crypto Sentiment from President-Elect Trump",Globe Newswire,https://blockchainwire.s3.amazonaws.com/1adb26d4-bc4d-4211-9667-ea6bd4c67fa3/editor_image/c4d6e824-a30d-40f0-9645-723f39127411.png,www.benzinga.com,"Earnings,Blockchain,Financial Markets",0.484126,Bullish,"[{""ticker"": ""CRYPTO:BTC"", ""relevance_score"": ""0.488777"", ""ticker_sentiment_score"": ""0.593119"", ""ticker_sentiment_label"": ""Bullish""}, {""ticker"": ""CRYPTO:BCH"", ""relevance_score"": ""0.116067"", ""ticker_sentiment_score"": ""0.154495"", ""ticker_sentiment_label"": ""Somewhat-Bullish""}, {""ticker"": ""CRYPTO:XRP"", ""relevance_score"": ""0.058188"", ""ticker_sentiment_score"": ""0.127991"", ""ticker_sentiment_label"": ""Neutral""}, {""ticker"": ""CRYPTO:ETH"", ""relevance_score"": ""0.338582"", ""ticker_sentiment_score"": ""0.476063"", ""ticker_sentiment_label"": ""Bullish""}, {""ticker"": ""CRYPTO:DOGE"", ""relevance_score"": ""0.284861"", ""ticker_sentiment_score"": ""0.396797"", ""ticker_sentiment_label"": ""Bullish""}, {""ticker"": ""CRYPTO:USDT"", ""relevance_score"": ""0.058188"", ""ticker_sentiment_score"": ""0.174"", ""ticker_sentiment_label"": ""Somewhat-Bullish""}, {""ticker"": ""CRYPTO:LTC"", ""relevance_score"": ""0.173333"", ""ticker_sentiment_score"": ""-0.007372"", ""ticker_sentiment_label"": ""Neutral""}, {""ticker"": ""CRYPTO:TRX"", ""relevance_score"": ""0.058188"", ""ticker_sentiment_score"": ""0.0"", ""ticker_sentiment_label"": ""Neutral""}, {""ticker"": ""CRYPTO:ADA"", ""relevance_score"": ""0.116067"", ""ticker_sentiment_score"": ""0.242551"", ""ticker_sentiment_label"": ""Somewhat-Bullish""}]"
2024-11-13,"Backed by a listing on Robinhood CRYPTO Crypto, Pepe PEPE/USD has reached a new all-time high, up 44% on the day. What Happened: Robinhood Crypto announced the addition on Wednesday, adding Solana SOL/USD, Cardano ADA/USD and XRP XRP/USD to the 19 tradable digital assets on its application.",Benzinga,https://www.benzinga.com/markets/cryptocurrency/24/11/41945111/pepe-listed-on-robinhood-coinbase-reaches-new-all-time-high-on-44-gain-traders-speculate-a,0.250386,https://www.benzinga.com/markets/cryptocurrency/24/11/41945111/pepe-listed-on-robinhood-coinbase-reaches-new-all-time-high-on-44-gain-traders-speculate-a,"Pepe Listed On Robinhood, Coinbase, Reaches New All-Time High On 44% Gain-Traders Speculate About 'Dogecoin Like Run'",Khyathi Dalal,https://cdn.benzinga.com/files/images/story/2024/11/13/Pepe-Coin_0.jpeg?width=1200&height=800&fit=crop,www.benzinga.com,"Finance,Financial Markets",0.219558,Somewhat-Bullish,"[{""ticker"": ""COIN"", ""relevance_score"": ""0.47672"", ""ticker_sentiment_score"": ""0.368199"", ""ticker_sentiment_label"": ""Bullish""}, {""ticker"": ""CRYPTO:ETH"", ""relevance_score"": ""0.126784"", ""ticker_sentiment_score"": ""0.147595"", ""ticker_sentiment_label"": ""Neutral""}, {""ticker"": ""CRYPTO:DOGE"", ""relevance_score"": ""0.250386"", ""ticker_sentiment_score"": ""0.0"", ""ticker_sentiment_label"": ""Neutral""}, {""ticker"": ""CRYPTO:ADA"", ""relevance_score"": ""0.250386"", ""ticker_sentiment_score"": ""0.118162"", ""ticker_sentiment_label"": ""Neutral""}]"
2024-11-13,Prosecutors are working to recover FTX-related crypto assets that have doubled in value since December 2023.,Decrypt.co,https://decrypt.co/291382/doj-seeks-seizure-of-16-million-in-ftx-linked-crypto-following-year-long-probe,0.214937,https://decrypt.co/291382/doj-seeks-seizure-of-16-million-in-ftx-linked-crypto-following-year-long-probe,DOJ Seeks Seizure of $16 Million in FTX-Linked Crypto Following Year-Long Probe,Vince Dioquino,https://cdn.decrypt.co/resize/1024/height/512/wp-content/uploads/2020/10/doj-department-of-justice-crime-feds-gID_7.jpg,decrypt.co,"Blockchain,Financial Markets",0.043341,Neutral,"[{""ticker"": ""CRYPTO:BTC"", ""relevance_score"": ""0.214937"", ""ticker_sentiment_score"": ""0.203967"", ""ticker_sentiment_label"": ""Somewhat-Bullish""}, {""ticker"": ""CRYPTO:ETH"", ""relevance_score"": ""0.108466"", ""ticker_sentiment_score"": ""0.280777"", ""ticker_sentiment_label"": ""Somewhat-Bullish""}, {""ticker"": ""CRYPTO:ADA"", ""relevance_score"": ""0.214937"", ""ticker_sentiment_score"": ""0.075761"", ""ticker_sentiment_label"": ""Neutral""}]"
2024-11-13,"The U.S. Department of Justice ( DOJ ) has filed a civil forfeiture complaint to seize approximately $16 million in cryptocurrency held in a Binance account. What Happened: This action follows a year-long investigation into funds allegedly linked to bribes authorized by Sam Bankman-Fried, ...",Benzinga,https://www.benzinga.com/markets/cryptocurrency/24/11/41943177/department-of-justice-seeks-to-seize-16-million-in-crypto-assets-tied-to-ftx-bribery-case,0.160633,https://www.benzinga.com/markets/cryptocurrency/24/11/41943177/department-of-justice-seeks-to-seize-16-million-in-crypto-assets-tied-to-ftx-bribery-case,Department Of Justice Seeks To Seize $16 Million In Crypto Assets Tied To FTX Bribery Case,Murtuza Merchant,https://cdn.benzinga.com/files/images/story/2024/11/13/FTX.jpeg?width=1200&height=800&fit=crop,www.benzinga.com,"Blockchain,Financial Markets",0.00733,Neutral,"[{""ticker"": ""CRYPTO:BTC"", ""relevance_score"": ""0.080728"", ""ticker_sentiment_score"": ""-0.024118"", ""ticker_sentiment_label"": ""Neutral""}, {""ticker"": ""CRYPTO:ADA"", ""relevance_score"": ""0.160633"", ""ticker_sentiment_score"": ""-0.178943"", ""ticker_sentiment_label"": ""Somewhat-Bearish""}]"
2024-11-13,"Robinhood pared back its crypto listings amid an industry-wide crackdown last year, but it's brought a couple back-along with newcomers.",Decrypt.co,https://decrypt.co/291462/robinhood-lists-solana-xrp-cardano-pepe,0.211806,https://decrypt.co/291462/robinhood-lists-solana-xrp-cardano-pepe,"Robinhood Lists Solana, XRP, Cardano and Pepe-And One Just Hit an All-Time High",André Beganski,https://cdn.decrypt.co/resize/1024/height/512/wp-content/uploads/2022/04/Robinhood-Bitcoin-gID_7.jpeg,decrypt.co,"Finance,Blockchain,Financial Markets",0.088028,Neutral,"[{""ticker"": ""COIN"", ""relevance_score"": ""0.071357"", ""ticker_sentiment_score"": ""0.068741"", ""ticker_sentiment_label"": ""Neutral""}, {""ticker"": ""CRYPTO:ETH"", ""relevance_score"": ""0.071357"", ""ticker_sentiment_score"": ""0.0"", ""ticker_sentiment_label"": ""Neutral""}, {""ticker"": ""CRYPTO:SHIB"", ""relevance_score"": ""0.279813"", ""ticker_sentiment_score"": ""0.039091"", ""ticker_sentiment_label"": ""Neutral""}, {""ticker"": ""CRYPTO:DOGE"", ""relevance_score"": ""0.211806"", ""ticker_sentiment_score"": ""0.03122"", ""ticker_sentiment_label"": ""Neutral""}, {""ticker"": ""CRYPTO:ADA"", ""relevance_score"": ""0.211806"", ""ticker_sentiment_score"": ""0.114667"", ""ticker_sentiment_label"": ""Neutral""}]"
2024-11-14,"Cardano's ADA/USD price has decreased 9.52% over the past 24 hours to $0.55. This is contrary to the coins performance over the past week where it has experienced an up-trend of 49.0%, moving from $0.38 to its current price.",Benzinga,https://www.benzinga.com/insights/cryptocurrency/24/11/41975674/test0-5593241348757155-cardano-down-more-than-9-within-24-hours,0.550532,https://www.benzinga.com/insights/cryptocurrency/24/11/41975674/test0-5593241348757155-cardano-down-more-than-9-within-24-hours,Test0.5593241348757155: Cardano Down More Than 9% Within 24 hours,Benzinga Insights,https://www.benzinga.com/files/images/story/2024/1731596406_0.png,www.benzinga.com,Financial Markets,0.058805,Neutral,"[{""ticker"": ""CRYPTO:ADA"", ""relevance_score"": ""0.550532"", ""ticker_sentiment_score"": ""-0.033251"", ""ticker_sentiment_label"": ""Neutral""}]"
2024-11-14,"Bitcoin's BTC/USD relentless climb over the $90,000 level has investors cheering, yet a specific technical indicator is sparking caution among experts, suggesting potential vulnerability in the current rally.",Benzinga,https://www.benzinga.com/markets/cryptocurrency/24/11/41969740/bitcoin-stays-above-91000-but-one-technical-indicator-spells-trouble,0.178459,https://www.benzinga.com/markets/cryptocurrency/24/11/41969740/bitcoin-stays-above-91000-but-one-technical-indicator-spells-trouble,"Bitcoin Stays Above $91,000-But One Technical Indicator Spells Trouble",Murtuza Merchant,https://cdn.benzinga.com/files/images/story/2024/11/14/Crollo-Bitcoin-potrebbe-scivolare-sotto-.jpeg?width=1200&height=800&fit=crop,www.benzinga.com,"Blockchain,Financial Markets",0.238605,Somewhat-Bullish,"[{""ticker"": ""CRYPTO:BTC"", ""relevance_score"": ""0.570165"", ""ticker_sentiment_score"": ""-0.027768"", ""ticker_sentiment_label"": ""Neutral""}, {""ticker"": ""CRYPTO:DOT"", ""relevance_score"": ""0.089797"", ""ticker_sentiment_score"": ""0.027653"", ""ticker_sentiment_label"": ""Neutral""}, {""ticker"": ""CRYPTO:ETH"", ""relevance_score"": ""0.178459"", ""ticker_sentiment_score"": ""-0.146233"", ""ticker_sentiment_label"": ""Neutral""}, {""ticker"": ""CRYPTO:XLM"", ""relevance_score"": ""0.089797"", ""ticker_sentiment_score"": ""0.027653"", ""ticker_sentiment_label"": ""Neutral""}, {""ticker"": ""CRYPTO:LINK"", ""relevance_score"": ""0.089797"", ""ticker_sentiment_score"": ""0.027653"", ""ticker_sentiment_label"": ""Neutral""}, {""ticker"": ""CRYPTO:ADA"", ""relevance_score"": ""0.178459"", ""ticker_sentiment_score"": ""0.039049"", ""ticker_sentiment_label"": ""Neutral""}]"
2024-11-15,"Dogecoin's DOGE/USD 9% price pullback presents a potential buying opportunity, according to optimistic cryptocurrency traders on social media. What Happened: After an 88% rally over the past week, Dogecoin has dropped 9% in Friday trading.",Benzinga,https://www.benzinga.com/markets/cryptocurrency/24/11/42009057/dogecoin-down-9-what-is-going-on,0.114682,https://www.benzinga.com/markets/cryptocurrency/24/11/42009057/dogecoin-down-9-what-is-going-on,Dogecoin Down 9%: What Is Going On?,Khyathi Dalal,https://cdn.benzinga.com/files/images/story/2024/11/15/Elon-Musk-rilancia-Dogecoin-la-meme-coin.jpeg?width=1200&height=800&fit=crop,www.benzinga.com,"Blockchain,Financial Markets",0.241105,Somewhat-Bullish,"[{""ticker"": ""FOREX:JPY"", ""relevance_score"": ""0.114682"", ""ticker_sentiment_score"": ""0.063204"", ""ticker_sentiment_label"": ""Neutral""}, {""ticker"": ""CRYPTO:DOGE"", ""relevance_score"": ""0.939207"", ""ticker_sentiment_score"": ""0.242803"", ""ticker_sentiment_label"": ""Somewhat-Bullish""}, {""ticker"": ""CRYPTO:ADA"", ""relevance_score"": ""0.114682"", ""ticker_sentiment_score"": ""0.063204"", ""ticker_sentiment_label"": ""Neutral""}, {""ticker"": ""CRYPTO:XRP"", ""relevance_score"": ""0.114682"", ""ticker_sentiment_score"": ""0.063204"", ""ticker_sentiment_label"": ""Neutral""}]"
2024-11-15,"Over the past 24 hours, Cardano's ADA/USD price rose 22.74% to $0.67. This continues its positive trend over the past week where it has experienced a 48.0% gain, moving from $0.44 to its current price. As it stands right now, the coin's all-time high is $3.09.",Benzinga,https://www.benzinga.com/insights/cryptocurrency/24/11/42010377/test0-8068580898849366-cardanos-price-increased-more-than-22-within-24-hours,0.543004,https://www.benzinga.com/insights/cryptocurrency/24/11/42010377/test0-8068580898849366-cardanos-price-increased-more-than-22-within-24-hours,Test0.8068580898849366: Cardano's Price Increased More Than 22% Within 24 hours,Benzinga Insights,https://www.benzinga.com/files/images/story/2024/1731682866_0.png,www.benzinga.com,Financial Markets,0.124398,Neutral,"[{""ticker"": ""CRYPTO:ADA"", ""relevance_score"": ""0.543004"", ""ticker_sentiment_score"": ""0.089322"", ""ticker_sentiment_label"": ""Neutral""}]"
2024-11-17,"The cryptocurrency market has undergone a remarkable transformation, evolving from a volatile asset favoured by retail traders into a more established space that is increasingly attracting institutional investors.",Benzinga,https://www.benzinga.com/news/24/11/42027036/emurgos-nikhil-joshi-cross-industry-collaboration-critical-for-developing-a-deeper-understanding-of-blockcha,0.211498,https://www.benzinga.com/news/24/11/42027036/emurgos-nikhil-joshi-cross-industry-collaboration-critical-for-developing-a-deeper-understanding-of-blockcha,EMURGO's Nikhil Joshi: Cross-Industry Collaboration Critical For Developing A Deeper Understanding Of Blockchain Tech,Bibhu Pattnaik,https://cdn.benzinga.com/files/images/story/2024/11/17/Nikhil-Joshi--COO-of-EMURGO.jpeg?width=1200&height=800&fit=crop,www.benzinga.com,"Blockchain,Financial Markets",0.358727,Bullish,"[{""ticker"": ""CRYPTO:XCP"", ""relevance_score"": ""0.035661"", ""ticker_sentiment_score"": ""0.128244"", ""ticker_sentiment_label"": ""Neutral""}, {""ticker"": ""CRYPTO:ADA"", ""relevance_score"": ""0.211498"", ""ticker_sentiment_score"": ""0.071523"", ""ticker_sentiment_label"": ""Neutral""}]"
2024-11-18,"Cryptocurrency analysts are forecasting a significant shift in market dynamics, suggesting Bitcoin's BTC/USD recent dominance could decline in favor of alternative cryptocurrencies by the end of this month.",Benzinga,https://www.benzinga.com/24/11/42030200/bitcoin-dominance-decline-expected-next-month-analyst-projects-altseason-to-peak-by-march-2025,0.203215,https://www.benzinga.com/24/11/42030200/bitcoin-dominance-decline-expected-next-month-analyst-projects-altseason-to-peak-by-march-2025,"Bitcoin Dominance Decline Expected Next Month, Analyst Projects 'Altseason' To Peak By March 2025 - Grayscale Bitcoin Mini Trust  ( BTC )  Common units of fractional undivided beneficial interest  ( ARCA:BTC ) ",Kaustubh Bagalkote,https://cdn.benzinga.com/files/images/story/2024/11/18/Crypto-Bitcoin-Altcoins-Shutterstock.jpeg?width=1200&height=800&fit=crop,www.benzinga.com,"Blockchain,Financial Markets",0.185616,Somewhat-Bullish,"[{""ticker"": ""CRYPTO:BTC"", ""relevance_score"": ""0.48028"", ""ticker_sentiment_score"": ""0.305833"", ""ticker_sentiment_label"": ""Somewhat-Bullish""}, {""ticker"": ""CRYPTO:MCAP"", ""relevance_score"": ""0.203215"", ""ticker_sentiment_score"": ""0.173605"", ""ticker_sentiment_label"": ""Somewhat-Bullish""}, {""ticker"": ""CRYPTO:SOL"", ""relevance_score"": ""0.102449"", ""ticker_sentiment_score"": ""0.095193"", ""ticker_sentiment_label"": ""Neutral""}, {""ticker"": ""CRYPTO:XRP"", ""relevance_score"": ""0.102449"", ""ticker_sentiment_score"": ""0.095193"", ""ticker_sentiment_label"": ""Neutral""}, {""ticker"": ""CRYPTO:DOT"", ""relevance_score"": ""0.102449"", ""ticker_sentiment_score"": ""0.095193"", ""ticker_sentiment_label"": ""Neutral""}, {""ticker"": ""CRYPTO:ETH"", ""relevance_score"": ""0.203215"", ""ticker_sentiment_score"": ""0.139235"", ""ticker_sentiment_label"": ""Neutral""}, {""ticker"": ""CRYPTO:DOGE"", ""relevance_score"": ""0.203215"", ""ticker_sentiment_score"": ""0.139235"", ""ticker_sentiment_label"": ""Neutral""}, {""ticker"": ""CRYPTO:ADA"", ""relevance_score"": ""0.203215"", ""ticker_sentiment_score"": ""0.139235"", ""ticker_sentiment_label"": ""Neutral""}]"
2024-11-18,"HAMAR, Norway, Nov. 18, 2024 ( GLOBE NEWSWIRE ) -- In an exciting collaboration, Iagon and Würth Group in conjunction with Würth Canada, Würth IT India and WAG ( Würth Additive Group ) are poised to revolutionize 3D printing with a new platform to safeguard intellectual property ( IP ) and ...",Benzinga,https://www.benzinga.com/pressreleases/24/11/g42040973/iagon-and-wurth-group-set-to-collaborate-on-a-tokenization-platform-for-secure-3d-printing-and-int,0.194242,https://www.benzinga.com/pressreleases/24/11/g42040973/iagon-and-wurth-group-set-to-collaborate-on-a-tokenization-platform-for-secure-3d-printing-and-int,Iagon and Wurth Group set to collaborate on a Tokenization Platform for Secure 3D Printing and Intellectual Property Management on Cardano,Globe Newswire,https://ml.globenewswire.com/Resource/Download/1dc95592-3266-45b1-9c6e-e135dc60a14b/iagonxwurth.png,www.benzinga.com,Blockchain,0.333897,Somewhat-Bullish,"[{""ticker"": ""TRMNF"", ""relevance_score"": ""0.039224"", ""ticker_sentiment_score"": ""0.143839"", ""ticker_sentiment_label"": ""Neutral""}, {""ticker"": ""CRYPTO:ADA"", ""relevance_score"": ""0.194242"", ""ticker_sentiment_score"": ""0.250334"", ""ticker_sentiment_label"": ""Somewhat-Bullish""}]"
2024-11-18,Robinhood Markets Inc HOOD shares are trading higher Monday. Needham upgraded the stock to Buy as the firm believes the company stands to materially benefit from Donald Trump's election win.,Benzinga,https://www.benzinga.com/analyst-ratings/upgrades/24/11/42041187/robinhood-analyst-sees-tailwinds-following-trumps-election-win-shares-surge,0.065866,https://www.benzinga.com/analyst-ratings/upgrades/24/11/42041187/robinhood-analyst-sees-tailwinds-following-trumps-election-win-shares-surge,"Robinhood Analyst Sees Tailwinds Following Trump's Election Win, Shares Surge - Robinhood Markets  ( NASDAQ:HOOD ) ",Adam Eckert,https://cdn.benzinga.com/files/images/story/2024/11/18/London--United-Kingdom---October-05--201.jpeg?width=1200&height=800&fit=crop,www.benzinga.com,"Financial Markets,Earnings,Finance,Blockchain",0.247938,Somewhat-Bullish,"[{""ticker"": ""HOOD"", ""relevance_score"": ""0.380012"", ""ticker_sentiment_score"": ""0.403686"", ""ticker_sentiment_label"": ""Bullish""}, {""ticker"": ""COIN"", ""relevance_score"": ""0.131284"", ""ticker_sentiment_score"": ""-0.089542"", ""ticker_sentiment_label"": ""Neutral""}, {""ticker"": ""CRYPTO:BTC"", ""relevance_score"": ""0.065866"", ""ticker_sentiment_score"": ""0.114541"", ""ticker_sentiment_label"": ""Neutral""}, {""ticker"": ""CRYPTO:ADA"", ""relevance_score"": ""0.065866"", ""ticker_sentiment_score"": ""0.0"", ""ticker_sentiment_label"": ""Neutral""}]"
2024-11-19,"President-elect Donald Trump was discussing potential cabinet appointments with Brian Armstrong, the CEO of cryptocurrency exchange platform Coinbase Global Inc. COIN, in a closed-door meeting Monday",Benzinga,https://www.benzinga.com/markets/cryptocurrency/24/11/42052797/trump-and-coinbase-ceo-brian-armstrong-reportedly-in-talks-over-cabinet-appointments,0.27432,https://www.benzinga.com/markets/cryptocurrency/24/11/42052797/trump-and-coinbase-ceo-brian-armstrong-reportedly-in-talks-over-cabinet-appointments,Trump And Coinbase CEO Brian Armstrong Reportedly In Talks Over Cabinet Appointments - Grayscale Ethereum Mini Trust  ( ETH )  Common units of fractional undivided beneficial interest  ( ARCA:ETH ) ,Aniket Verma,https://cdn.benzinga.com/files/images/story/2024/11/18/brian-armstrong-coinbase_1.jpeg?width=1200&height=800&fit=crop,www.benzinga.com,"Finance,Blockchain,Financial Markets",0.361544,Bullish,"[{""ticker"": ""COIN"", ""relevance_score"": ""0.517168"", ""ticker_sentiment_score"": ""0.323431"", ""ticker_sentiment_label"": ""Somewhat-Bullish""}, {""ticker"": ""CRYPTO:ETH"", ""relevance_score"": ""0.27432"", ""ticker_sentiment_score"": ""0.141096"", ""ticker_sentiment_label"": ""Neutral""}, {""ticker"": ""CRYPTO:ADA"", ""relevance_score"": ""0.27432"", ""ticker_sentiment_score"": ""0.141096"", ""ticker_sentiment_label"": ""Neutral""}]"
2024-11-20,"Robinhood Markets Inc. HOOD has been identified as the leading beneficiary of potential regulatory shifts in the cryptocurrency sector, according to a Bernstein report.",Benzinga,https://www.benzinga.com/markets/cryptocurrency/24/11/42086650/robinhood-positioned-as-top-crypto-deregulation-trade-says-bernstein,0.175221,https://www.benzinga.com/markets/cryptocurrency/24/11/42086650/robinhood-positioned-as-top-crypto-deregulation-trade-says-bernstein,"Robinhood Positioned As Top 'Crypto Deregulation' Trade, Says Bernstein - Robinhood Markets  ( NASDAQ:HOOD ) ",Murtuza Merchant,https://cdn.benzinga.com/files/images/story/2024/11/20/The-Robinhood-Trade.jpeg?width=1200&height=800&fit=crop,www.benzinga.com,"Financial Markets,Earnings,Finance,Blockchain",0.297294,Somewhat-Bullish,"[{""ticker"": ""HOOD"", ""relevance_score"": ""0.175221"", ""ticker_sentiment_score"": ""0.284239"", ""ticker_sentiment_label"": ""Somewhat-Bullish""}, {""ticker"": ""COIN"", ""relevance_score"": ""0.175221"", ""ticker_sentiment_score"": ""-0.155844"", ""ticker_sentiment_label"": ""Somewhat-Bearish""}, {""ticker"": ""CRYPTO:SOL"", ""relevance_score"": ""0.088147"", ""ticker_sentiment_score"": ""0.114648"", ""ticker_sentiment_label"": ""Neutral""}, {""ticker"": ""CRYPTO:ADA"", ""relevance_score"": ""0.175221"", ""ticker_sentiment_score"": ""0.155844"", ""ticker_sentiment_label"": ""Somewhat-Bullish""}, {""ticker"": ""CRYPTO:XRP"", ""relevance_score"": ""0.088147"", ""ticker_sentiment_score"": ""0.114648"", ""ticker_sentiment_label"": ""Neutral""}]"
2024-11-20,"Cardano's ADA/USD 56% surge over the past week has been fueled by bullish sentiment, community-driven developments, and speculation about high-profile partnerships. Trader Notes: Crypto trader Scofield highlighted ADA's impressive momentum, describing the altcoin as ""on fire.""",Benzinga,https://www.benzinga.com/markets/cryptocurrency/24/11/42087926/cardano-price-up-another-14-what-is-going-on-with-ada,0.854693,https://www.benzinga.com/markets/cryptocurrency/24/11/42087926/cardano-price-up-another-14-what-is-going-on-with-ada,Cardano Price Up Another 14%: What Is Going On With ADA?,Khyathi Dalal,https://cdn.benzinga.com/files/images/story/2024/11/20/10--Cardano.jpeg?width=1200&height=800&fit=crop,www.benzinga.com,Blockchain,0.188836,Somewhat-Bullish,"[{""ticker"": ""CRYPTO:ADA"", ""relevance_score"": ""0.854693"", ""ticker_sentiment_score"": ""0.328918"", ""ticker_sentiment_label"": ""Somewhat-Bullish""}]"
2024-11-20,"REDDING, Calif., Nov. 20, 2024 /PRNewswire/ -- According to a new market research report titled, 'Global eSports Market by Revenue Model ( Sponsorships, Media & Broadcasting Rights ) , Streaming ( Live, On-demand ) , Genre ( Real-time Strategy, Multiplayer Online Battle Arena, Others ) , ...",Benzinga,https://www.benzinga.com/pressreleases/24/11/n42095257/esports-market-to-be-worth-9-1-billion-by-2031-exclusive-report-by-meticulous-research,0.028558,https://www.benzinga.com/pressreleases/24/11/n42095257/esports-market-to-be-worth-9-1-billion-by-2031-exclusive-report-by-meticulous-research,eSports Market to Be Worth $9.1 Billion by 2031--Exclusive Report by Meticulous Research®,PRNewswire,https://mma.prnewswire.com/media/2563242/eSports_Market_Meticulous_Market_Research.jpg,www.benzinga.com,"Earnings,Mergers & Acquisitions,Technology,Blockchain",0.250755,Somewhat-Bullish,"[{""ticker"": ""SNEJF"", ""relevance_score"": ""0.057079"", ""ticker_sentiment_score"": ""0.074"", ""ticker_sentiment_label"": ""Neutral""}, {""ticker"": ""GOOG"", ""relevance_score"": ""0.028558"", ""ticker_sentiment_score"": ""0.166461"", ""ticker_sentiment_label"": ""Somewhat-Bullish""}, {""ticker"": ""META"", ""relevance_score"": ""0.028558"", ""ticker_sentiment_score"": ""0.166461"", ""ticker_sentiment_label"": ""Somewhat-Bullish""}, {""ticker"": ""STEAF"", ""relevance_score"": ""0.028558"", ""ticker_sentiment_score"": ""0.0"", ""ticker_sentiment_label"": ""Neutral""}, {""ticker"": ""HUYA"", ""relevance_score"": ""0.028558"", ""ticker_sentiment_score"": ""-0.008293"", ""ticker_sentiment_label"": ""Neutral""}, {""ticker"": ""NTDOF"", ""relevance_score"": ""0.028558"", ""ticker_sentiment_score"": ""-0.008293"", ""ticker_sentiment_label"": ""Neutral""}, {""ticker"": ""EA"", ""relevance_score"": ""0.028558"", ""ticker_sentiment_score"": ""-0.008293"", ""ticker_sentiment_label"": ""Neutral""}, {""ticker"": ""TCTZF"", ""relevance_score"": ""0.028558"", ""ticker_sentiment_score"": ""-0.008293"", ""ticker_sentiment_label"": ""Neutral""}, {""ticker"": ""GFIZF"", ""relevance_score"": ""0.028558"", ""ticker_sentiment_score"": ""-0.008293"", ""ticker_sentiment_label"": ""Neutral""}, {""ticker"": ""TTWO"", ""relevance_score"": ""0.028558"", ""ticker_sentiment_score"": ""-0.008293"", ""ticker_sentiment_label"": ""Neutral""}, {""ticker"": ""CRYPTO:ETH"", ""relevance_score"": ""0.028558"", ""ticker_sentiment_score"": ""0.071812"", ""ticker_sentiment_label"": ""Neutral""}, {""ticker"": ""CRYPTO:ADA"", ""relevance_score"": ""0.028558"", ""ticker_sentiment_score"": ""0.071812"", ""ticker_sentiment_label"": ""Neutral""}]"
2024-11-21,"Cryptocurrency markets are trading higher, with Bitcoin approaching $100,000, Solana ETF talks picking up steam and XRP gaining on Gary Gensler announcing his resignation on Donald Trump's inauguration day. IntoTheBlock data shows large transaction volume increasing by 8.5% and daily active ...",Benzinga,https://www.benzinga.com/markets/cryptocurrency/24/11/42125642/bitcoin-ethereum-dogecoin-prepping-for-an-early-thanksgiving-btc-is-currently-less-than-on,0.099476,https://www.benzinga.com/markets/cryptocurrency/24/11/42125642/bitcoin-ethereum-dogecoin-prepping-for-an-early-thanksgiving-btc-is-currently-less-than-on,"Bitcoin, Ethereum, Dogecoin Prepping For An Early Thanksgiving: 'BTC Is Currently  ( Less Than )  One ETH Away From $100,000,' Says Trader",Khyathi Dalal,https://cdn.benzinga.com/files/images/story/2024/11/21/The-Trump-Playbook--Polish-Presidential-.jpeg?width=1200&height=800&fit=crop,www.benzinga.com,"Financial Markets,Technology,Finance,Blockchain",0.121397,Neutral,"[{""ticker"": ""MSTR"", ""relevance_score"": ""0.099476"", ""ticker_sentiment_score"": ""0.534014"", ""ticker_sentiment_label"": ""Bullish""}, {""ticker"": ""GOOG"", ""relevance_score"": ""0.099476"", ""ticker_sentiment_score"": ""0.066264"", ""ticker_sentiment_label"": ""Neutral""}, {""ticker"": ""COIN"", ""relevance_score"": ""0.099476"", ""ticker_sentiment_score"": ""0.0"", ""ticker_sentiment_label"": ""Neutral""}, {""ticker"": ""CRYPTO:BTC"", ""relevance_score"": ""0.866386"", ""ticker_sentiment_score"": ""0.321783"", ""ticker_sentiment_label"": ""Somewhat-Bullish""}, {""ticker"": ""CRYPTO:ETH"", ""relevance_score"": ""0.099476"", ""ticker_sentiment_score"": ""0.0"", ""ticker_sentiment_label"": ""Neutral""}, {""ticker"": ""CRYPTO:ADA"", ""relevance_score"": ""0.099476"", ""ticker_sentiment_score"": ""0.0"", ""ticker_sentiment_label"": ""Neutral""}]"
2024-11-21,"Delray Beach, FL, Nov. 21, 2024 ( GLOBE NEWSWIRE ) -- The cryptocurrency market Size, Share, Industry Growth, Trends & Analysis is projected to reach USD 2.2 billion by 2026, growing at a CAGR of 7.1% during the forecast period.",Benzinga,https://www.benzinga.com/pressreleases/24/11/g42109014/cryptocurrency-adoption-in-emerging-markets-opportunities-challenges-and-future-outlook,0.126119,https://www.benzinga.com/pressreleases/24/11/g42109014/cryptocurrency-adoption-in-emerging-markets-opportunities-challenges-and-future-outlook,"Cryptocurrency Adoption in Emerging Markets: Opportunities, Challenges, and Future Outlook",Globe Newswire,https://www.benzinga.com/next-assets/images/schema-image-default.png,www.benzinga.com,"Blockchain,Financial Markets",0.384059,Bullish,"[{""ticker"": ""CRYPTO:BTC"", ""relevance_score"": ""0.249106"", ""ticker_sentiment_score"": ""0.356646"", ""ticker_sentiment_label"": ""Bullish""}, {""ticker"": ""CRYPTO:ETH"", ""relevance_score"": ""0.249106"", ""ticker_sentiment_score"": ""0.365116"", ""ticker_sentiment_label"": ""Bullish""}, {""ticker"": ""CRYPTO:USDT"", ""relevance_score"": ""0.063258"", ""ticker_sentiment_score"": ""0.172186"", ""ticker_sentiment_label"": ""Somewhat-Bullish""}, {""ticker"": ""CRYPTO:LTC"", ""relevance_score"": ""0.188193"", ""ticker_sentiment_score"": ""0.113681"", ""ticker_sentiment_label"": ""Neutral""}, {""ticker"": ""CRYPTO:ADA"", ""relevance_score"": ""0.126119"", ""ticker_sentiment_score"": ""0.089001"", ""ticker_sentiment_label"": ""Neutral""}, {""ticker"": ""CRYPTO:XRP"", ""relevance_score"": ""0.063258"", ""ticker_sentiment_score"": ""0.077029"", ""ticker_sentiment_label"": ""Neutral""}]"
2024-11-21,"Cardano ADA/USD co-founder Charles Hoskinson on Thursday named Coinbase Inc. COIN CEO Brian Armstrong for a potential crypto position at the White House, citing his unique position to bridge the gap between the digital asset industry and federal regulators.",Benzinga,https://www.benzinga.com/markets/cryptocurrency/24/11/42114875/coinbase-ceo-brian-armstrong-stands-out-as-candidate-for-donald-trumps-reported-crypto-cza,0.164468,https://www.benzinga.com/markets/cryptocurrency/24/11/42114875/coinbase-ceo-brian-armstrong-stands-out-as-candidate-for-donald-trumps-reported-crypto-cza,"Coinbase CEO Brian Armstrong 'Stands Out' As Candidate For Donald Trump's Reported 'Crypto Czar' Position, Cardano Co-Founder Says - Coinbase Glb  ( NASDAQ:COIN ) ",Murtuza Merchant,https://cdn.benzinga.com/files/images/story/2024/11/21/Brian-Armstrong---6-6-Billion-Net-Worth.jpeg?width=1200&height=800&fit=crop,www.benzinga.com,"Economy - Fiscal,Finance,Blockchain",0.276186,Somewhat-Bullish,"[{""ticker"": ""COIN"", ""relevance_score"": ""0.244518"", ""ticker_sentiment_score"": ""0.244872"", ""ticker_sentiment_label"": ""Somewhat-Bullish""}, {""ticker"": ""CRYPTO:DOGE"", ""relevance_score"": ""0.082677"", ""ticker_sentiment_score"": ""0.385898"", ""ticker_sentiment_label"": ""Bullish""}, {""ticker"": ""CRYPTO:ADA"", ""relevance_score"": ""0.164468"", ""ticker_sentiment_score"": ""0.050903"", ""ticker_sentiment_label"": ""Neutral""}]"
2024-11-22,"The crypto market continues to be on fire with values ripping higher across the board this week. But the biggest movers weren't Bitcoin or meme coins, it was altcoins that are trying to go mainstream.According to data provided by S&P Global Market Intelligence, Solana ( CRYPTO: SOL ) is up 21.2% ...",Motley Fool,https://www.fool.com/investing/2024/11/22/solana-and-altcoins-had-a-massive-week-heres-why/,0.247838,https://www.fool.com/investing/2024/11/22/solana-and-altcoins-had-a-massive-week-heres-why/,Solana and Altcoins Had a Massive Week -- Here's Why,Travis Hoium,https://g.foolcdn.com/editorial/images/798781/chart-going-up.jpg,www.fool.com,"Blockchain,Financial Markets",0.200509,Somewhat-Bullish,"[{""ticker"": ""SPGI"", ""relevance_score"": ""0.083833"", ""ticker_sentiment_score"": ""0.127037"", ""ticker_sentiment_label"": ""Neutral""}, {""ticker"": ""CRYPTO:BTC"", ""relevance_score"": ""0.326283"", ""ticker_sentiment_score"": ""-0.018875"", ""ticker_sentiment_label"": ""Neutral""}, {""ticker"": ""CRYPTO:ETH"", ""relevance_score"": ""0.083833"", ""ticker_sentiment_score"": ""0.072592"", ""ticker_sentiment_label"": ""Neutral""}, {""ticker"": ""CRYPTO:ADA"", ""relevance_score"": ""0.247838"", ""ticker_sentiment_score"": ""0.17007"", ""ticker_sentiment_label"": ""Somewhat-Bullish""}]"
2024-11-22,"Over the past 24 hours, Cardano's ADA/USD price rose 13.56% to $0.90. This continues its positive trend over the past week where it has experienced a 34.0% gain, moving from $0.67 to its current price. As it stands right now, the coin's all-time high is $3.09.",Benzinga,https://www.benzinga.com/insights/cryptocurrency/24/11/42139541/test0-41646414233755824-cardanos-price-increased-more-than-13-within-24-hours,0.558244,https://www.benzinga.com/insights/cryptocurrency/24/11/42139541/test0-41646414233755824-cardanos-price-increased-more-than-13-within-24-hours,Test0.41646414233755824: Cardano's Price Increased More Than 13% Within 24 hours,Benzinga Insights,https://www.benzinga.com/files/images/story/2024/1732287606_0.png,www.benzinga.com,Financial Markets,0.150121,Somewhat-Bullish,"[{""ticker"": ""CRYPTO:ADA"", ""relevance_score"": ""0.558244"", ""ticker_sentiment_score"": ""0.134188"", ""ticker_sentiment_label"": ""Neutral""}]"
2024-11-22,"Dogecoin hit its highest price in over a week, but other altcoins are seeing massive gains as Bitcoin approaches the $100,000 milestone.",Decrypt.co,https://decrypt.co/293077/dogecoin-rising-bitcoin-nears-100k,0.236972,https://decrypt.co/293077/dogecoin-rising-bitcoin-nears-100k,Dogecoin Rising as Bitcoin Nears $100K-But XRP and Other Alts Are Hotter,Mat Di Salvo,https://cdn.decrypt.co/resize/1024/height/512/wp-content/uploads/2022/04/dogecoin-price-trading-gID_7.jpeg,decrypt.co,"Blockchain,Financial Markets",0.178796,Somewhat-Bullish,"[{""ticker"": ""CRYPTO:BTC"", ""relevance_score"": ""0.11983"", ""ticker_sentiment_score"": ""-0.055265"", ""ticker_sentiment_label"": ""Neutral""}, {""ticker"": ""CRYPTO:DOGE"", ""relevance_score"": ""0.549012"", ""ticker_sentiment_score"": ""0.053134"", ""ticker_sentiment_label"": ""Neutral""}, {""ticker"": ""CRYPTO:ALGO"", ""relevance_score"": ""0.11983"", ""ticker_sentiment_score"": ""0.154725"", ""ticker_sentiment_label"": ""Somewhat-Bullish""}, {""ticker"": ""CRYPTO:ADA"", ""relevance_score"": ""0.236972"", ""ticker_sentiment_score"": ""0.065296"", ""ticker_sentiment_label"": ""Neutral""}]"
2024-11-24,"One key differentiating factor of being a cryptocurrency investor is that the markets never close. This is a 24/7 game, with trading open at all hours -- and some of the biggest moves often take place during Asian trading hours.The idea that money never sleeps is not lost on many traders with ...",Motley Fool,https://www.fool.com/investing/2024/11/24/why-stellar-polkadot-and-near-protocol-surged/,0.170878,https://www.fool.com/investing/2024/11/24/why-stellar-polkadot-and-near-protocol-surged/,"Why Stellar, Polkadot and NEAR Protocol Were 3 Of the Biggest Crypto Winners This Weekend",Chris MacDonald,https://g.foolcdn.com/editorial/images/798919/globe-cloud-software-network.jpg,www.fool.com,"Blockchain,Financial Markets",0.263019,Somewhat-Bullish,"[{""ticker"": ""CRYPTO:ADA"", ""relevance_score"": ""0.170878"", ""ticker_sentiment_score"": ""0.197383"", ""ticker_sentiment_label"": ""Somewhat-Bullish""}]"
2024-11-25,"Bitcoin's BTC/USD recent rally could face a sharp downturn, with a prominent trader warning of a potential correction if the cryptocurrency fails to break the $100,000 resistance level.",Benzinga,https://www.benzinga.com/markets/cryptocurrency/24/11/42172993/bitcoin-slides-below-95000-analyst-predicts-potential-correction-to-85000,0.138464,https://www.benzinga.com/markets/cryptocurrency/24/11/42172993/bitcoin-slides-below-95000-analyst-predicts-potential-correction-to-85000,"Bitcoin Slides Below $95,000 - Analyst Predicts Potential Correction To $85,000",Murtuza Merchant,https://cdn.benzinga.com/files/images/story/2024/11/25/Bitcoin-price.jpeg?width=1200&height=800&fit=crop,www.benzinga.com,"Blockchain,Financial Markets",-0.173847,Somewhat-Bearish,"[{""ticker"": ""CRYPTO:BTC"", ""relevance_score"": ""0.616842"", ""ticker_sentiment_score"": ""-0.477992"", ""ticker_sentiment_label"": ""Bearish""}, {""ticker"": ""CRYPTO:SOL"", ""relevance_score"": ""0.138464"", ""ticker_sentiment_score"": ""-0.124943"", ""ticker_sentiment_label"": ""Neutral""}, {""ticker"": ""CRYPTO:BNB"", ""relevance_score"": ""0.138464"", ""ticker_sentiment_score"": ""-0.124943"", ""ticker_sentiment_label"": ""Neutral""}, {""ticker"": ""CRYPTO:XRP"", ""relevance_score"": ""0.138464"", ""ticker_sentiment_score"": ""-0.124943"", ""ticker_sentiment_label"": ""Neutral""}, {""ticker"": ""CRYPTO:ETH"", ""relevance_score"": ""0.399204"", ""ticker_sentiment_score"": ""0.09618"", ""ticker_sentiment_label"": ""Neutral""}, {""ticker"": ""CRYPTO:DOGE"", ""relevance_score"": ""0.272788"", ""ticker_sentiment_score"": ""-0.203104"", ""ticker_sentiment_label"": ""Somewhat-Bearish""}, {""ticker"": ""CRYPTO:ADA"", ""relevance_score"": ""0.138464"", ""ticker_sentiment_score"": ""-0.124943"", ""ticker_sentiment_label"": ""Neutral""}]"
2024-11-26,"Too much leverage has led to an inevitable pause in the crypto market, but this is largely seen as a healthy correction, analysts argued.",Decrypt.co,https://decrypt.co/293562/dogecoin-solana-post-double-digit-losses-as-crypto-market-momentum-stalls,0.277958,https://decrypt.co/293562/dogecoin-solana-post-double-digit-losses-as-crypto-market-momentum-stalls,"Dogecoin, Solana Post Double-Digit Losses as Crypto Market Momentum Stalls",Vince Dioquino,https://cdn.decrypt.co/resize/1024/height/512/wp-content/uploads/2022/04/dogecoin-price-trading-gID_7.jpeg,decrypt.co,"Economy - Monetary,Blockchain",-0.157213,Somewhat-Bearish,"[{""ticker"": ""CRYPTO:BTC"", ""relevance_score"": ""0.277958"", ""ticker_sentiment_score"": ""-0.08613"", ""ticker_sentiment_label"": ""Neutral""}, {""ticker"": ""CRYPTO:ETH"", ""relevance_score"": ""0.09439"", ""ticker_sentiment_score"": ""0.142681"", ""ticker_sentiment_label"": ""Neutral""}, {""ticker"": ""CRYPTO:DOGE"", ""relevance_score"": ""0.277958"", ""ticker_sentiment_score"": ""-0.036795"", ""ticker_sentiment_label"": ""Neutral""}, {""ticker"": ""CRYPTO:ADA"", ""relevance_score"": ""0.277958"", ""ticker_sentiment_score"": ""-0.036795"", ""ticker_sentiment_label"": ""Neutral""}, {""ticker"": ""CRYPTO:XRP"", ""relevance_score"": ""0.187463"", ""ticker_sentiment_score"": ""-0.0269"", ""ticker_sentiment_label"": ""Neutral""}]"
2024-11-27,"Cardano ADA/USD founder Charles Hoskinson, a co-founder of Ethereum ETH/USD, predicted Bitcoin BTC/USD could surge to between $250,000 and $500,000 within the next 12 to 24 months, citing growing institutional investment and emerging decentralized finance opportunities.",Benzinga,https://www.benzinga.com/markets/cryptocurrency/24/11/42207866/bitcoin-as-a-strategic-reserve-asset-cardano-founder-charles-hoskinson-predicts-btc-will-s,0.279015,https://www.benzinga.com/markets/cryptocurrency/24/11/42207866/bitcoin-as-a-strategic-reserve-asset-cardano-founder-charles-hoskinson-predicts-btc-will-s,"Bitcoin Could Surge To $500K Amid DeFi Boom, Trump's Pledge To Establish A BTC Strategic Reserve, Says Cardano Founder Charles Hoskinson",Kaustubh Bagalkote,https://cdn.benzinga.com/files/images/story/2024/11/27/Value-of-Bitcoin.jpeg?width=1200&height=800&fit=crop,www.benzinga.com,"Blockchain,Financial Markets",0.359981,Bullish,"[{""ticker"": ""CRYPTO:BTC"", ""relevance_score"": ""0.809643"", ""ticker_sentiment_score"": ""0.552637"", ""ticker_sentiment_label"": ""Bullish""}, {""ticker"": ""CRYPTO:ETH"", ""relevance_score"": ""0.188193"", ""ticker_sentiment_score"": ""0.165444"", ""ticker_sentiment_label"": ""Somewhat-Bullish""}, {""ticker"": ""CRYPTO:ADA"", ""relevance_score"": ""0.279015"", ""ticker_sentiment_score"": ""0.449058"", ""ticker_sentiment_label"": ""Bullish""}]"
2024-11-27,"Over the past 24 hours, Cardano's ADA/USD price has risen 8.05% to $1.01. This continues its positive trend over the past week where it has experienced a 21.0% gain, moving from $0.83 to its current price. As it stands right now, the coin's all-time high is $3.09.",Benzinga,https://www.benzinga.com/insights/cryptocurrency/24/11/42215545/test0-12492911658933137-cardano-up-more-than-8-in-24-hours,0.535653,https://www.benzinga.com/insights/cryptocurrency/24/11/42215545/test0-12492911658933137-cardano-up-more-than-8-in-24-hours,Test0.12492911658933137: Cardano Up More Than 8% In 24 hours,Benzinga Insights,https://www.benzinga.com/files/images/story/2024/1732719607_0.png,www.benzinga.com,Financial Markets,0.118008,Neutral,"[{""ticker"": ""CRYPTO:ADA"", ""relevance_score"": ""0.535653"", ""ticker_sentiment_score"": ""0.079208"", ""ticker_sentiment_label"": ""Neutral""}]"
2024-11-27,"Cardano ADA/USD is back above $1 after rallying over 200% over the past 30 days, significantly outperforming Bitcoin BTC/USD and Ethereum ETH/USD in the process.",Benzinga,https://www.benzinga.com/markets/cryptocurrency/24/11/42221059/cardano-price-surges-above-one-dollar-on-200-30-day-rally-what-is-going-on-with-ada,0.856646,https://www.benzinga.com/markets/cryptocurrency/24/11/42221059/cardano-price-surges-above-one-dollar-on-200-30-day-rally-what-is-going-on-with-ada,Cardano Price Surges Above One Dollar On 200% 30-Day Rally: What Is Going On With ADA?,Khyathi Dalal,https://cdn.benzinga.com/files/images/story/2024/11/27/10--Cardano-ADA.jpeg?width=1200&height=800&fit=crop,www.benzinga.com,Blockchain,0.390864,Bullish,"[{""ticker"": ""CRYPTO:BTC"", ""relevance_score"": ""0.535653"", ""ticker_sentiment_score"": ""0.264209"", ""ticker_sentiment_label"": ""Somewhat-Bullish""}, {""ticker"": ""CRYPTO:ETH"", ""relevance_score"": ""0.230235"", ""ticker_sentiment_score"": ""0.191206"", ""ticker_sentiment_label"": ""Somewhat-Bullish""}, {""ticker"": ""CRYPTO:ADA"", ""relevance_score"": ""0.856646"", ""ticker_sentiment_score"": ""0.577139"", ""ticker_sentiment_label"": ""Bullish""}]"
2024-11-28,One of crypto's oldest index funds aims for the big leagues as NYSE Arca files to list shares under new digital asset rules.,Decrypt.co,https://decrypt.co/293969/bitwise-files-to-turn-1-4-billion-crypto-index-fund-into-an-etf,0.09186,https://decrypt.co/293969/bitwise-files-to-turn-1-4-billion-crypto-index-fund-into-an-etf,Bitwise Files To Turn $1.4 Billion Crypto Index Fund Into an ETF,Vince Dioquino,https://cdn.decrypt.co/resize/1024/height/512/wp-content/uploads/2024/03/Bitwise-shutterstock_2120686025-gID_7.jpg,decrypt.co,"Finance,Financial Markets",0.214841,Somewhat-Bullish,"[{""ticker"": ""BK"", ""relevance_score"": ""0.09186"", ""ticker_sentiment_score"": ""0.004233"", ""ticker_sentiment_label"": ""Neutral""}, {""ticker"": ""COIN"", ""relevance_score"": ""0.09186"", ""ticker_sentiment_score"": ""0.004233"", ""ticker_sentiment_label"": ""Neutral""}, {""ticker"": ""CRYPTO:BTC"", ""relevance_score"": ""0.355588"", ""ticker_sentiment_score"": ""0.215165"", ""ticker_sentiment_label"": ""Somewhat-Bullish""}, {""ticker"": ""CRYPTO:ETH"", ""relevance_score"": ""0.270773"", ""ticker_sentiment_score"": ""0.240345"", ""ticker_sentiment_label"": ""Somewhat-Bullish""}, {""ticker"": ""CRYPTO:LINK"", ""relevance_score"": ""0.182506"", ""ticker_sentiment_score"": ""0.010393"", ""ticker_sentiment_label"": ""Neutral""}, {""ticker"": ""CRYPTO:UNI"", ""relevance_score"": ""0.182506"", ""ticker_sentiment_score"": ""0.010393"", ""ticker_sentiment_label"": ""Neutral""}, {""ticker"": ""CRYPTO:ADA"", ""relevance_score"": ""0.09186"", ""ticker_sentiment_score"": ""0.0"", ""ticker_sentiment_label"": ""Neutral""}, {""ticker"": ""CRYPTO:BCH"", ""relevance_score"": ""0.182506"", ""ticker_sentiment_score"": ""0.010393"", ""ticker_sentiment_label"": ""Neutral""}]"
2024-11-29,"Cardano ADA/USD is up 4.5% over the past 24 hours, boosted by altcoins enjoying bullish sentiment. Trader Notes: Crypto trader Brandon Hong noted in a post on X on Friday that Cardano offered traders an entry of around 80 cents.",Benzinga,https://www.benzinga.com/markets/cryptocurrency/24/11/42249675/ada-price-up-4-5-in-24-hours-why-is-cardano-going-up,0.966843,https://www.benzinga.com/markets/cryptocurrency/24/11/42249675/ada-price-up-4-5-in-24-hours-why-is-cardano-going-up,ADA Price Up 4.5% In 24 Hours: Why Is Cardano Going Up?,Ivan Crnogatić,https://cdn.benzinga.com/files/images/story/2024/11/29/10--Cardano.jpeg?width=1200&height=800&fit=crop,www.benzinga.com,"Blockchain,Financial Markets",0.163358,Somewhat-Bullish,"[{""ticker"": ""CRYPTO:BTC"", ""relevance_score"": ""0.522333"", ""ticker_sentiment_score"": ""0.0"", ""ticker_sentiment_label"": ""Neutral""}, {""ticker"": ""CRYPTO:ETH"", ""relevance_score"": ""0.522333"", ""ticker_sentiment_score"": ""0.0"", ""ticker_sentiment_label"": ""Neutral""}, {""ticker"": ""CRYPTO:ADA"", ""relevance_score"": ""0.966843"", ""ticker_sentiment_score"": ""0.352425"", ""ticker_sentiment_label"": ""Bullish""}]"
2024-12-01,"After a blistering post-election rally that saw Bitcoin ( CRYPTO: BTC ) soar by nearly 40%, investors were quick to credit the pro-crypto optimism surrounding a Donald Trump presidency. While Bitcoin has since pulled back from the $100,000 mark, all lights seem to be flashing green for crypto as ...",Motley Fool,https://www.fool.com/investing/2024/12/01/heres-how-a-trump-presidency-could-affect-cryptocu/,0.090645,https://www.fool.com/investing/2024/12/01/heres-how-a-trump-presidency-could-affect-cryptocu/,Here's How a Trump Presidency Could Affect Cryptocurrency for the Next 4 Years,Dominic Basulto,https://g.foolcdn.com/image/?url=https%3A%2F%2Fg.foolcdn.com%2Feditorial%2Fimages%2F799261%2Fgettyimages-149282224.jpg&op=resize&w=700,www.fool.com,"Economy - Monetary,Economy - Fiscal,Financial Markets,Finance,Blockchain",0.205649,Somewhat-Bullish,"[{""ticker"": ""HOOD"", ""relevance_score"": ""0.090645"", ""ticker_sentiment_score"": ""0.104487"", ""ticker_sentiment_label"": ""Neutral""}, {""ticker"": ""COIN"", ""relevance_score"": ""0.090645"", ""ticker_sentiment_score"": ""0.06304"", ""ticker_sentiment_label"": ""Neutral""}, {""ticker"": ""CRYPTO:BTC"", ""relevance_score"": ""0.666827"", ""ticker_sentiment_score"": ""0.306439"", ""ticker_sentiment_label"": ""Somewhat-Bullish""}, {""ticker"": ""CRYPTO:ADA"", ""relevance_score"": ""0.090645"", ""ticker_sentiment_score"": ""0.104487"", ""ticker_sentiment_label"": ""Neutral""}]"
2024-12-02,"Stockholm, 2nd of December 2024 - Today Virtune announces that it has finalized its monthly rebalancing for Virtune Crypto Altcoin Index ETP, listed on Nasdaq Stockholm ( ISIN code SE0023260716, TICKER: VIRALT ) .In addition to Virtune Crypto Altcoin Index ETP, Virtune's product portfolio ...",GlobeNewswire,https://www.globenewswire.com/news-release/2024/12/02/2989840/0/en/Virtune-AB-Publ-Virtune-has-completed-the-monthly-rebalancing-for-November-2024-of-its-Virtune-Crypto-Altcoin-Index-ETP.html,0.085324,https://www.globenewswire.com/news-release/2024/12/02/2989840/0/en/Virtune-AB-Publ-Virtune-has-completed-the-monthly-rebalancing-for-November-2024-of-its-Virtune-Crypto-Altcoin-Index-ETP.html,"Virtune AB  ( Publ )   ( ""Virtune"" )  has completed the monthly rebalancing for November 2024 of its Virtune Crypto Altcoin Index ETP",Virtune AB (Publ),https://ml-eu.globenewswire.com/Resource/Download/da0bec69-79eb-4618-87fd-d96aa395aaed,www.globenewswire.com,"Blockchain,Financial Markets",0.268519,Somewhat-Bullish,"[{""ticker"": ""CRYPTO:BTC"", ""relevance_score"": ""0.252114"", ""ticker_sentiment_score"": ""0.43481"", ""ticker_sentiment_label"": ""Bullish""}, {""ticker"": ""CRYPTO:ETH"", ""relevance_score"": ""0.252114"", ""ticker_sentiment_score"": ""0.43481"", ""ticker_sentiment_label"": ""Bullish""}, {""ticker"": ""CRYPTO:ADA"", ""relevance_score"": ""0.085324"", ""ticker_sentiment_score"": ""0.375666"", ""ticker_sentiment_label"": ""Bullish""}]"
2024-12-02,"XRP is up more than 71% on the week to $2.47 and a further 367% over the last 30 days, bolstered by changing political winds.",Decrypt.co,https://decrypt.co/294232/xrp-flips-tether-becoming-worlds-third-largest-crypto-as-prices-soar,0.240489,https://decrypt.co/294232/xrp-flips-tether-becoming-worlds-third-largest-crypto-as-prices-soar,XRP Flips Tether Becoming World's Third Largest Crypto as Prices Soar,Sebastian Sinclair,https://cdn.decrypt.co/resize/1024/height/512/wp-content/uploads/2020/08/shutterstock_1180696078-2-scaled-gID_7.jpg,decrypt.co,"Blockchain,Financial Markets",0.195291,Somewhat-Bullish,"[{""ticker"": ""CRYPTO:BTC"", ""relevance_score"": ""0.12165"", ""ticker_sentiment_score"": ""0.221927"", ""ticker_sentiment_label"": ""Somewhat-Bullish""}, {""ticker"": ""CRYPTO:ADA"", ""relevance_score"": ""0.240489"", ""ticker_sentiment_score"": ""0.401572"", ""ticker_sentiment_label"": ""Bullish""}]"
2024-12-03,"Stockholm, 3rd of December 2024 - Today Virtune announces that it has finalized its monthly rebalancing for Virtune Crypto Top 10 Index ETP, listed on Nasdaq Stockholm for both the SEK-denominated ( ISIN code SE0020052207, ticker name VIR10SEK ) and the EUR-denominated ( ISIN code SE0020052215, ...",GlobeNewswire,https://www.globenewswire.com/news-release/2024/12/03/2990294/0/en/Virtune-AB-Publ-Virtune-has-completed-the-monthly-rebalancing-for-November-2024-of-its-Virtune-Crypto-Top-10-Index-ETP-the-first-crypto-index-ETP-in-the-Nordics.html,0.082393,https://www.globenewswire.com/news-release/2024/12/03/2990294/0/en/Virtune-AB-Publ-Virtune-has-completed-the-monthly-rebalancing-for-November-2024-of-its-Virtune-Crypto-Top-10-Index-ETP-the-first-crypto-index-ETP-in-the-Nordics.html,"Virtune AB  ( Publ )   ( ""Virtune"" )  has completed the monthly rebalancing for November 2024 of its Virtune Crypto Top 10 Index ETP, the first crypto index ETP in the Nordics",Virtune AB (Publ),https://ml-eu.globenewswire.com/Resource/Download/da0bec69-79eb-4618-87fd-d96aa395aaed,www.globenewswire.com,"Blockchain,Financial Markets",0.299796,Somewhat-Bullish,"[{""ticker"": ""CRYPTO:BTC"", ""relevance_score"": ""0.082393"", ""ticker_sentiment_score"": ""0.3735"", ""ticker_sentiment_label"": ""Bullish""}, {""ticker"": ""CRYPTO:ETH"", ""relevance_score"": ""0.082393"", ""ticker_sentiment_score"": ""0.3735"", ""ticker_sentiment_label"": ""Bullish""}, {""ticker"": ""CRYPTO:ADA"", ""relevance_score"": ""0.082393"", ""ticker_sentiment_score"": ""0.3735"", ""ticker_sentiment_label"": ""Bullish""}]"
2024-12-03,"Cryptocurrencies are evolving beyond mere financial instruments, driving utility across various sectors. Among the top contenders, XRP, XDC, QNT, POL, and ADA showcase unique use cases and innovative ecosystems. $XRP ( RIPPLE LABS CERTIFIED CURRENCY, TAXED LIKE BITCOIN ) XRP/USD revolutionizes ...",Benzinga,https://www.benzinga.com/markets/cryptocurrency/24/12/42295678/my-top-5-cryptocurrencies,0.439243,https://www.benzinga.com/markets/cryptocurrency/24/12/42295678/my-top-5-cryptocurrencies,My top 5 cryptocurrencies - My top 5 cryptocurrencies,Buzz Margin Call,https://cdn.benzinga.com/files/images/story/2024/12/03/xrp.png?width=1200&height=800&fit=crop,www.benzinga.com,"Economy - Monetary,Blockchain",0.214779,Somewhat-Bullish,"[{""ticker"": ""CRYPTO:BTC"", ""relevance_score"": ""0.06623"", ""ticker_sentiment_score"": ""0.224128"", ""ticker_sentiment_label"": ""Somewhat-Bullish""}, {""ticker"": ""CRYPTO:ETH"", ""relevance_score"": ""0.132004"", ""ticker_sentiment_score"": ""0.168375"", ""ticker_sentiment_label"": ""Somewhat-Bullish""}, {""ticker"": ""CRYPTO:ADA"", ""relevance_score"": ""0.439243"", ""ticker_sentiment_score"": ""0.305475"", ""ticker_sentiment_label"": ""Somewhat-Bullish""}, {""ticker"": ""CRYPTO:XRP"", ""relevance_score"": ""0.439243"", ""ticker_sentiment_score"": ""0.389311"", ""ticker_sentiment_label"": ""Bullish""}]"
2024-12-03,"Altcoin season has arrived: From Dogecoin and XRP to Tron and even metaverse tokens, traders are seeking heady gains following Bitcoin's meteoric rise.",Decrypt.co,https://decrypt.co/294645/bitcoin-altcoins-dogecoin-xrp-tron-solana,0.081552,https://decrypt.co/294645/bitcoin-altcoins-dogecoin-xrp-tron-solana,"As Bitcoin Hovers Around Its All-Time High, Traders Turn to Altcoins",Andrew Hayward,https://cdn.decrypt.co/resize/1024/height/512/wp-content/uploads/2024/12/altcoins-gID_7.png,decrypt.co,"Blockchain,Financial Markets",0.273838,Somewhat-Bullish,"[{""ticker"": ""CRYPTO:BTC"", ""relevance_score"": ""0.241284"", ""ticker_sentiment_score"": ""0.17831"", ""ticker_sentiment_label"": ""Somewhat-Bullish""}, {""ticker"": ""CRYPTO:MANA"", ""relevance_score"": ""0.162255"", ""ticker_sentiment_score"": ""0.0"", ""ticker_sentiment_label"": ""Neutral""}, {""ticker"": ""CRYPTO:ETH"", ""relevance_score"": ""0.162255"", ""ticker_sentiment_score"": ""0.169249"", ""ticker_sentiment_label"": ""Somewhat-Bullish""}, {""ticker"": ""CRYPTO:DOGE"", ""relevance_score"": ""0.162255"", ""ticker_sentiment_score"": ""0.170741"", ""ticker_sentiment_label"": ""Somewhat-Bullish""}, {""ticker"": ""CRYPTO:LINK"", ""relevance_score"": ""0.081552"", ""ticker_sentiment_score"": ""0.0"", ""ticker_sentiment_label"": ""Neutral""}, {""ticker"": ""CRYPTO:LTC"", ""relevance_score"": ""0.081552"", ""ticker_sentiment_score"": ""0.0"", ""ticker_sentiment_label"": ""Neutral""}, {""ticker"": ""CRYPTO:ALGO"", ""relevance_score"": ""0.162255"", ""ticker_sentiment_score"": ""0.061111"", ""ticker_sentiment_label"": ""Neutral""}, {""ticker"": ""CRYPTO:ADA"", ""relevance_score"": ""0.081552"", ""ticker_sentiment_score"": ""0.0"", ""ticker_sentiment_label"": ""Neutral""}, {""ticker"": ""CRYPTO:XTZ"", ""relevance_score"": ""0.081552"", ""ticker_sentiment_score"": ""0.0"", ""ticker_sentiment_label"": ""Neutral""}]"
2024-12-06,"Bitcoin surged during the last month, rocketing up nearly 40% in a few short weeks. The granddaddy of cryptocurrency is approaching the six-figure price mark as investors rejoice. As was the case with many runs during the last seven years, Bitcoin seems to be the tide lifting all boats.",Motley Fool,https://www.fool.com/investing/2024/12/06/is-the-cryptocurrency-xrp-ripple-a-millionaire-mak/,0.051111,https://www.fool.com/investing/2024/12/06/is-the-cryptocurrency-xrp-ripple-a-millionaire-mak/,Is the Cryptocurrency XRP  ( Ripple )  a Millionaire Maker?,Johnny Rice,https://g.foolcdn.com/editorial/images/799773/xrp-ripple-banking-industry-crypto-2024.jpg,www.fool.com,"Economy - Monetary,Blockchain,Financial Markets",0.222555,Somewhat-Bullish,"[{""ticker"": ""CURN"", ""relevance_score"": ""0.051111"", ""ticker_sentiment_score"": ""0.078956"", ""ticker_sentiment_label"": ""Neutral""}, {""ticker"": ""CRYPTO:BTC"", ""relevance_score"": ""0.202366"", ""ticker_sentiment_score"": ""0.228237"", ""ticker_sentiment_label"": ""Somewhat-Bullish""}, {""ticker"": ""CRYPTO:ADA"", ""relevance_score"": ""0.051111"", ""ticker_sentiment_score"": ""0.131394"", ""ticker_sentiment_label"": ""Neutral""}]"
2024-12-06,"For what feels like the umpteenth time this year, cryptocurrencies were having quite a stretch over the past few trading days. Buoyed by lingering optimism following the presidential election, they recently got an extra boost when one of their ilk finally vaulted over a very high price level.",Motley Fool,https://www.fool.com/investing/2024/12/06/why-altcoins-were-skyrocketing-in-price-this-week/,0.164468,https://www.fool.com/investing/2024/12/06/why-altcoins-were-skyrocketing-in-price-this-week/,Why Altcoins Were Skyrocketing in Price This Week,Eric Volkman,https://g.foolcdn.com/editorial/images/800140/person-reacting-joyfully-to-something-on-a-smartphone.jpg,www.fool.com,"Economy - Monetary,Blockchain",0.181598,Somewhat-Bullish,"[{""ticker"": ""SPGI"", ""relevance_score"": ""0.082677"", ""ticker_sentiment_score"": ""0.202935"", ""ticker_sentiment_label"": ""Somewhat-Bullish""}, {""ticker"": ""CRYPTO:BTC"", ""relevance_score"": ""0.322023"", ""ticker_sentiment_score"": ""0.140241"", ""ticker_sentiment_label"": ""Neutral""}, {""ticker"": ""CRYPTO:SHIB"", ""relevance_score"": ""0.164468"", ""ticker_sentiment_score"": ""0.266178"", ""ticker_sentiment_label"": ""Somewhat-Bullish""}, {""ticker"": ""CRYPTO:LINK"", ""relevance_score"": ""0.164468"", ""ticker_sentiment_score"": ""0.266178"", ""ticker_sentiment_label"": ""Somewhat-Bullish""}, {""ticker"": ""CRYPTO:LTC"", ""relevance_score"": ""0.164468"", ""ticker_sentiment_score"": ""0.266178"", ""ticker_sentiment_label"": ""Somewhat-Bullish""}, {""ticker"": ""CRYPTO:ADA"", ""relevance_score"": ""0.164468"", ""ticker_sentiment_score"": ""0.266178"", ""ticker_sentiment_label"": ""Somewhat-Bullish""}]"
2024-12-06,"NEW YORK, Dec. 6, 2024 /PRNewswire/ -- Report on how AI is driving market transformation - The global cryptocurrency market size is estimated to grow by USD 34.5 billion from 2024-2028, according to Technavio. The market is estimated to grow at a CAGR of 16.64% during the forecast period.",Benzinga,https://www.benzinga.com/pressreleases/24/12/n42370658/cryptocurrency-market-to-grow-by-usd-34-5-billion-2024-2028-driven-by-rising-digital-asset-investm,0.024102,https://www.benzinga.com/pressreleases/24/12/n42370658/cryptocurrency-market-to-grow-by-usd-34-5-billion-2024-2028-driven-by-rising-digital-asset-investm,"Cryptocurrency Market to grow by USD 34.5 Billion  ( 2024-2028 ) , driven by rising digital asset investments, with market evolution powered by AI - Technavio",PRNewswire,https://mma.prnewswire.com/media/2574642/IRTNTR74469_bw2.jpg,www.benzinga.com,"Life Sciences,Technology,Finance,Blockchain,Economy - Monetary,Retail & Wholesale,Financial Markets,Manufacturing,Real Estate & Construction",0.277515,Somewhat-Bullish,"[{""ticker"": ""MARA"", ""relevance_score"": ""0.024102"", ""ticker_sentiment_score"": ""0.068167"", ""ticker_sentiment_label"": ""Neutral""}, {""ticker"": ""MSFT"", ""relevance_score"": ""0.048181"", ""ticker_sentiment_score"": ""0.179585"", ""ticker_sentiment_label"": ""Somewhat-Bullish""}, {""ticker"": ""PYPL"", ""relevance_score"": ""0.024102"", ""ticker_sentiment_score"": ""0.168866"", ""ticker_sentiment_label"": ""Somewhat-Bullish""}, {""ticker"": ""TSLA"", ""relevance_score"": ""0.024102"", ""ticker_sentiment_score"": ""0.168866"", ""ticker_sentiment_label"": ""Somewhat-Bullish""}, {""ticker"": ""SBUX"", ""relevance_score"": ""0.072217"", ""ticker_sentiment_score"": ""0.18248"", ""ticker_sentiment_label"": ""Somewhat-Bullish""}, {""ticker"": ""RIOT"", ""relevance_score"": ""0.024102"", ""ticker_sentiment_score"": ""0.068167"", ""ticker_sentiment_label"": ""Neutral""}, {""ticker"": ""COIN"", ""relevance_score"": ""0.024102"", ""ticker_sentiment_score"": ""0.068167"", ""ticker_sentiment_label"": ""Neutral""}, {""ticker"": ""FOREX:USD"", ""relevance_score"": ""0.096187"", ""ticker_sentiment_score"": ""0.167276"", ""ticker_sentiment_label"": ""Somewhat-Bullish""}, {""ticker"": ""CRYPTO:BTC"", ""relevance_score"": ""0.305495"", ""ticker_sentiment_score"": ""0.235438"", ""ticker_sentiment_label"": ""Somewhat-Bullish""}, {""ticker"": ""CRYPTO:ETH"", ""relevance_score"": ""0.096187"", ""ticker_sentiment_score"": ""0.123818"", ""ticker_sentiment_label"": ""Neutral""}, {""ticker"": ""CRYPTO:SHIB"", ""relevance_score"": ""0.048181"", ""ticker_sentiment_score"": ""0.023"", ""ticker_sentiment_label"": ""Neutral""}, {""ticker"": ""CRYPTO:DOGE"", ""relevance_score"": ""0.048181"", ""ticker_sentiment_score"": ""0.023"", ""ticker_sentiment_label"": ""Neutral""}, {""ticker"": ""CRYPTO:KCS"", ""relevance_score"": ""0.024102"", ""ticker_sentiment_score"": ""0.068167"", ""ticker_sentiment_label"": ""Neutral""}, {""ticker"": ""CRYPTO:LTC"", ""relevance_score"": ""0.024102"", ""ticker_sentiment_score"": ""0.163495"", ""ticker_sentiment_label"": ""Somewhat-Bullish""}, {""ticker"": ""CRYPTO:BUSD"", ""relevance_score"": ""0.024102"", ""ticker_sentiment_score"": ""0.180432"", ""ticker_sentiment_label"": ""Somewhat-Bullish""}, {""ticker"": ""CRYPTO:ADA"", ""relevance_score"": ""0.024102"", ""ticker_sentiment_score"": ""0.068167"", ""ticker_sentiment_label"": ""Neutral""}]"
2024-12-08,"Bitcoin ( CRYPTO: BTC ) continues to prove that it's one of the best performing assets out there. In the past five years, it has soared 1,200%, with a monster 127% gain just in 2024 ( as of Dec. 4 ) to push above the $100,000 mark for the first time.",Motley Fool,https://www.fool.com/investing/2024/12/08/5-must-know-risks-before-you-buy-bitcoin/,0.060541,https://www.fool.com/investing/2024/12/08/5-must-know-risks-before-you-buy-bitcoin/,5 Must-Know Risks Before You Buy Bitcoin,Neil Patel,https://g.foolcdn.com/editorial/images/799948/getty-high-risk-risky-danger-investing-mistakes-penny-stocks-margin.jpg,www.fool.com,"Economy - Monetary,Blockchain",-0.041664,Neutral,"[{""ticker"": ""CRYPTO:BTC"", ""relevance_score"": ""0.596532"", ""ticker_sentiment_score"": ""0.06441"", ""ticker_sentiment_label"": ""Neutral""}, {""ticker"": ""CRYPTO:ETH"", ""relevance_score"": ""0.060541"", ""ticker_sentiment_score"": ""0.150381"", ""ticker_sentiment_label"": ""Somewhat-Bullish""}, {""ticker"": ""CRYPTO:ADA"", ""relevance_score"": ""0.060541"", ""ticker_sentiment_score"": ""0.150381"", ""ticker_sentiment_label"": ""Somewhat-Bullish""}]"
2024-12-10,"""Historically, these dips have been followed by swift recoveries as fresh capital flows back into oversold assets,"" a CoinSwitch analyst told Decrypt.",Decrypt.co,https://decrypt.co/295769/altcoins-xrp-tron-and-cardano-cool-off-as-market-reacts-to-bitcoin-plunge,0.218817,https://decrypt.co/295769/altcoins-xrp-tron-and-cardano-cool-off-as-market-reacts-to-bitcoin-plunge,"Altcoins XRP, Tron and Cardano Cool Off as Market Reacts to Bitcoin Plunge",Vismaya V,https://cdn.decrypt.co/resize/1024/height/512/wp-content/uploads/2024/12/xrp-coin-navy-blue-background-gID_7.jpg,decrypt.co,"Blockchain,Financial Markets",0.034566,Neutral,"[{""ticker"": ""CRYPTO:BTC"", ""relevance_score"": ""0.421485"", ""ticker_sentiment_score"": ""0.055685"", ""ticker_sentiment_label"": ""Neutral""}, {""ticker"": ""CRYPTO:ETH"", ""relevance_score"": ""0.146916"", ""ticker_sentiment_score"": ""-0.132524"", ""ticker_sentiment_label"": ""Neutral""}, {""ticker"": ""CRYPTO:DOGE"", ""relevance_score"": ""0.146916"", ""ticker_sentiment_score"": ""-0.132524"", ""ticker_sentiment_label"": ""Neutral""}, {""ticker"": ""CRYPTO:LTC"", ""relevance_score"": ""0.146916"", ""ticker_sentiment_score"": ""-0.204967"", ""ticker_sentiment_label"": ""Somewhat-Bearish""}, {""ticker"": ""CRYPTO:ADA"", ""relevance_score"": ""0.218817"", ""ticker_sentiment_score"": ""0.122016"", ""ticker_sentiment_label"": ""Neutral""}]"
2024-12-10,"Cardano's ADA/USD price has decreased 12.19% over the past 24 hours to $1.01, continuing its downward trend over the past week of -17.0%, moving from $1.2 to its current price. The chart below compares the price movement and volatility for Cardano over the past 24 hours ( left ) to its price ...",Benzinga,https://www.benzinga.com/insights/cryptocurrency/24/12/42415588/test0-9756651954386945-cardano-falls-more-than-12-in-24-hours,0.578355,https://www.benzinga.com/insights/cryptocurrency/24/12/42415588/test0-9756651954386945-cardano-falls-more-than-12-in-24-hours,Test0.9756651954386945: Cardano Falls More Than 12% In 24 hours,Benzinga Insights,https://www.benzinga.com/files/images/story/2024/1733842806_0.png,www.benzinga.com,Financial Markets,0.042614,Neutral,"[{""ticker"": ""CRYPTO:ADA"", ""relevance_score"": ""0.578355"", ""ticker_sentiment_score"": ""-0.085444"", ""ticker_sentiment_label"": ""Neutral""}]"
2024-12-10,"Meme coins took a hard hit as Bitcoin plunged on Monday and liquidations surged, with Dogecoin and others still showing red.",Decrypt.co,https://decrypt.co/295814/dogecoin-shiba-inu-down-bad-bitcoin-recovers,0.152499,https://decrypt.co/295814/dogecoin-shiba-inu-down-bad-bitcoin-recovers,"Dogecoin, Shiba Inu and Bonk Are Still Down Bad as Bitcoin Recovers",Andrew Hayward,https://cdn.decrypt.co/resize/1024/height/512/wp-content/uploads/2024/09/CatDogFrogPriceDown-1-gID_7.jpeg,decrypt.co,Blockchain,-0.037825,Neutral,"[{""ticker"": ""CRYPTO:BTC"", ""relevance_score"": ""0.436009"", ""ticker_sentiment_score"": ""-0.040595"", ""ticker_sentiment_label"": ""Neutral""}, {""ticker"": ""CRYPTO:ETH"", ""relevance_score"": ""0.152499"", ""ticker_sentiment_score"": ""-0.06391"", ""ticker_sentiment_label"": ""Neutral""}, {""ticker"": ""CRYPTO:SHIB"", ""relevance_score"": ""0.436009"", ""ticker_sentiment_score"": ""-0.119176"", ""ticker_sentiment_label"": ""Neutral""}, {""ticker"": ""CRYPTO:DOGE"", ""relevance_score"": ""0.299478"", ""ticker_sentiment_score"": ""0.015624"", ""ticker_sentiment_label"": ""Neutral""}, {""ticker"": ""CRYPTO:ADA"", ""relevance_score"": ""0.152499"", ""ticker_sentiment_score"": ""-0.06391"", ""ticker_sentiment_label"": ""Neutral""}, {""ticker"": ""CRYPTO:XRP"", ""relevance_score"": ""0.152499"", ""ticker_sentiment_score"": ""-0.06391"", ""ticker_sentiment_label"": ""Neutral""}]"
2024-12-11,"Bitcoin rose back above $100,000 per coin Wednesday after U.S. inflation data matched expectations, with other top coins also popping.",Decrypt.co,https://decrypt.co/296008/bitcoin-100k-xrp-dogecoin-solana-rebound,0.096283,https://decrypt.co/296008/bitcoin-100k-xrp-dogecoin-solana-rebound,"Bitcoin Bounces Back Above $100K as XRP, Dogecoin and Solana Rebound",Mat Di Salvo,https://cdn.decrypt.co/resize/1024/height/512/wp-content/uploads/2024/08/bitcoin-money-fed-central-bank-gID_7.jpg,decrypt.co,"Economy - Monetary,Blockchain,Financial Markets",0.101526,Neutral,"[{""ticker"": ""CRYPTO:BTC"", ""relevance_score"": ""0.371523"", ""ticker_sentiment_score"": ""0.195609"", ""ticker_sentiment_label"": ""Somewhat-Bullish""}, {""ticker"": ""CRYPTO:ETH"", ""relevance_score"": ""0.096283"", ""ticker_sentiment_score"": ""0.054369"", ""ticker_sentiment_label"": ""Neutral""}, {""ticker"": ""CRYPTO:SHIB"", ""relevance_score"": ""0.096283"", ""ticker_sentiment_score"": ""0.054369"", ""ticker_sentiment_label"": ""Neutral""}, {""ticker"": ""CRYPTO:DOGE"", ""relevance_score"": ""0.096283"", ""ticker_sentiment_score"": ""0.054369"", ""ticker_sentiment_label"": ""Neutral""}, {""ticker"": ""CRYPTO:ADA"", ""relevance_score"": ""0.096283"", ""ticker_sentiment_score"": ""0.0"", ""ticker_sentiment_label"": ""Neutral""}]"
2024-12-11,"When the financial history books are written, 2024 is sure to be recorded as a banner year for the burgeoning crypto industry. Market-boosting catalysts, from the introduction of spot exchange-traded funds ( ETFs ) to a presidential election that delivered a crypto-friendly administration to the ...",Motley Fool,https://www.fool.com/investing/2024/12/11/why-altcoins-were-zooming-higher-on-wednesday/,0.173333,https://www.fool.com/investing/2024/12/11/why-altcoins-were-zooming-higher-on-wednesday/,Why Altcoins Were Zooming Higher on Wednesday,Eric Volkman,https://g.foolcdn.com/editorial/images/800752/person-reacting-joyfully-to-something-on-a-smartphone.jpg,www.fool.com,"Economy - Monetary,Blockchain,Financial Markets",0.092862,Neutral,"[{""ticker"": ""CRYPTO:BTC"", ""relevance_score"": ""0.488777"", ""ticker_sentiment_score"": ""0.246246"", ""ticker_sentiment_label"": ""Somewhat-Bullish""}, {""ticker"": ""CRYPTO:SHIB"", ""relevance_score"": ""0.173333"", ""ticker_sentiment_score"": ""0.234314"", ""ticker_sentiment_label"": ""Somewhat-Bullish""}, {""ticker"": ""CRYPTO:ADA"", ""relevance_score"": ""0.173333"", ""ticker_sentiment_score"": ""0.234314"", ""ticker_sentiment_label"": ""Somewhat-Bullish""}, {""ticker"": ""CRYPTO:BCH"", ""relevance_score"": ""0.173333"", ""ticker_sentiment_score"": ""0.234314"", ""ticker_sentiment_label"": ""Somewhat-Bullish""}]"
2024-12-12,"SINGAPORE, Dec. 12, 2024 ( GLOBE NEWSWIRE ) -- HTX, a leading global crypto exchange, made its presence as a sponsor at Bitcoin MENA 2024 in Abu Dhabi, held on December 9-10 ( UTC ) .",Benzinga,https://www.benzinga.com/pressreleases/24/12/g42459422/htx-presents-at-bitcoin-mena-2024-expanding-footprint-in-the-middle-east,0.042647,https://www.benzinga.com/pressreleases/24/12/g42459422/htx-presents-at-bitcoin-mena-2024-expanding-footprint-in-the-middle-east,HTX Presents at Bitcoin MENA 2024: Expanding Footprint in the Middle East,Globe Newswire,https://ml.globenewswire.com/Resource/Download/353449b2-2791-4979-8c2e-769a8b8f16b5/photo-2024-12-12-12-57-29.jpeg,www.benzinga.com,"Blockchain,Financial Markets",0.376612,Bullish,"[{""ticker"": ""CRYPTO:BTC"", ""relevance_score"": ""0.407184"", ""ticker_sentiment_score"": ""0.418232"", ""ticker_sentiment_label"": ""Bullish""}, {""ticker"": ""CRYPTO:ETH"", ""relevance_score"": ""0.042647"", ""ticker_sentiment_score"": ""0.110586"", ""ticker_sentiment_label"": ""Neutral""}, {""ticker"": ""CRYPTO:SHIB"", ""relevance_score"": ""0.042647"", ""ticker_sentiment_score"": ""0.110586"", ""ticker_sentiment_label"": ""Neutral""}, {""ticker"": ""CRYPTO:USDT"", ""relevance_score"": ""0.042647"", ""ticker_sentiment_score"": ""0.161365"", ""ticker_sentiment_label"": ""Somewhat-Bullish""}, {""ticker"": ""CRYPTO:ADA"", ""relevance_score"": ""0.042647"", ""ticker_sentiment_score"": ""0.181107"", ""ticker_sentiment_label"": ""Somewhat-Bullish""}]"
2024-12-13,"In a somewhat atypical development in the cryptosphere, on Thursday a clutch of coins and tokens surged in price while the leading one sagged on the day.Among the many seeing notable improvements in price were Chainlink ( CRYPTO: LINK ) , with a rise of almost 21% from 4 p.m.",Motley Fool,https://www.fool.com/investing/2024/12/12/why-altcoins-were-thrashing-the-market-on-thursday/,0.185306,https://www.fool.com/investing/2024/12/12/why-altcoins-were-thrashing-the-market-on-thursday/,Why Altcoins Were Thrashing the Market on Thursday,Eric Volkman,https://g.foolcdn.com/editorial/images/800882/happy-person-using-headphones-and-a-phone-while-lying-on-a-couch.jpg,www.fool.com,"Economy - Monetary,Blockchain,Financial Markets",0.199745,Somewhat-Bullish,"[{""ticker"": ""CRYPTO:BTC"", ""relevance_score"": ""0.274834"", ""ticker_sentiment_score"": ""0.008161"", ""ticker_sentiment_label"": ""Neutral""}, {""ticker"": ""CRYPTO:LINK"", ""relevance_score"": ""0.185306"", ""ticker_sentiment_score"": ""0.216033"", ""ticker_sentiment_label"": ""Somewhat-Bullish""}, {""ticker"": ""CRYPTO:ADA"", ""relevance_score"": ""0.185306"", ""ticker_sentiment_score"": ""0.216033"", ""ticker_sentiment_label"": ""Somewhat-Bullish""}]"
2024-12-13,"A popular cryptocurrency analyst cautioned Dogecoin DOGE/USD traders on Thursday not to overly focus on the cryptocurrency, as its movements are linked to what Bitcoin BTC/USD does.",Benzinga,https://www.benzinga.com/24/12/42477447/dogecoins-fate-tied-to-bitcoin-not-worth-overly-focusing-on-analyst-says-as-apex-memecoin-mirrors-btcs-pullback,0.199859,https://www.benzinga.com/24/12/42477447/dogecoins-fate-tied-to-bitcoin-not-worth-overly-focusing-on-analyst-says-as-apex-memecoin-mirrors-btcs-pullback,"Dogecoin's Fate Tied To Bitcoin, Says Crypto Analyst: 'Sit Back And Wait'",Aniket Verma,https://cdn.benzinga.com/files/images/story/2024/12/13/Elon-Musk-rilancia-Dogecoin-la-meme-coin.jpeg?width=1200&height=800&fit=crop,www.benzinga.com,"Blockchain,Financial Markets",0.06013,Neutral,"[{""ticker"": ""CRYPTO:BTC"", ""relevance_score"": ""0.295867"", ""ticker_sentiment_score"": ""0.122694"", ""ticker_sentiment_label"": ""Neutral""}, {""ticker"": ""CRYPTO:ETH"", ""relevance_score"": ""0.199859"", ""ticker_sentiment_score"": ""0.016076"", ""ticker_sentiment_label"": ""Neutral""}, {""ticker"": ""CRYPTO:SHIB"", ""relevance_score"": ""0.199859"", ""ticker_sentiment_score"": ""0.016076"", ""ticker_sentiment_label"": ""Neutral""}, {""ticker"": ""CRYPTO:DOGE"", ""relevance_score"": ""0.688777"", ""ticker_sentiment_score"": ""-0.045617"", ""ticker_sentiment_label"": ""Neutral""}, {""ticker"": ""CRYPTO:ADA"", ""relevance_score"": ""0.199859"", ""ticker_sentiment_score"": ""0.016076"", ""ticker_sentiment_label"": ""Neutral""}]"
2024-12-13,"The election of Donald Trump has had a boon to crypto. In the weeks after Nov. 5, Bitcoin topped $100,000 for the first time as investors anticipate a major shift in how the industry is viewed by the nation's top office.",Motley Fool,https://www.fool.com/investing/2024/12/13/president-elect-trump-could-be-a-game-changer-for/,0.062926,https://www.fool.com/investing/2024/12/13/president-elect-trump-could-be-a-game-changer-for/,President-Elect Trump Could Be a Game Changer for Ripple. Should You Buy XRP Before Jan. 20?,Johnny Rice,https://g.foolcdn.com/editorial/images/800626/trump-impact-on-cryptocurrency-market-bitcoin-xrp.jpg,www.fool.com,"Blockchain,Financial Markets",0.177529,Somewhat-Bullish,"[{""ticker"": ""CRYPTO:BTC"", ""relevance_score"": ""0.364275"", ""ticker_sentiment_score"": ""0.237441"", ""ticker_sentiment_label"": ""Somewhat-Bullish""}, {""ticker"": ""CRYPTO:ADA"", ""relevance_score"": ""0.062926"", ""ticker_sentiment_score"": ""0.098041"", ""ticker_sentiment_label"": ""Neutral""}]"
2024-12-13,"SINGAPORE, Dec. 13, 2024 ( GLOBE NEWSWIRE ) -- HTX, a leading global crypto exchange, made its presence as a sponsor at Bitcoin MENA 2024 in Abu Dhabi, held on December 9-10 ( UTC ) .",Benzinga,https://www.benzinga.com/pressreleases/24/12/g42487558/htx-presents-at-bitcoin-mena-2024-expanding-footprint-in-the-middle-east,0.047749,https://www.benzinga.com/pressreleases/24/12/g42487558/htx-presents-at-bitcoin-mena-2024-expanding-footprint-in-the-middle-east,HTX Presents at Bitcoin MENA 2024: Expanding Footprint in the Middle East,Globe Newswire,https://ml.globenewswire.com/Resource/Download/8abc09dd-af0e-4f44-b52e-222cdb85a044/photo-2024-12-12-12-57-29.jpeg,www.benzinga.com,"Blockchain,Financial Markets",0.353597,Bullish,"[{""ticker"": ""CRYPTO:BTC"", ""relevance_score"": ""0.450695"", ""ticker_sentiment_score"": ""0.444114"", ""ticker_sentiment_label"": ""Bullish""}, {""ticker"": ""CRYPTO:ETH"", ""relevance_score"": ""0.047749"", ""ticker_sentiment_score"": ""0.111832"", ""ticker_sentiment_label"": ""Neutral""}, {""ticker"": ""CRYPTO:USDT"", ""relevance_score"": ""0.047749"", ""ticker_sentiment_score"": ""0.162469"", ""ticker_sentiment_label"": ""Somewhat-Bullish""}, {""ticker"": ""CRYPTO:ADA"", ""relevance_score"": ""0.047749"", ""ticker_sentiment_score"": ""0.182723"", ""ticker_sentiment_label"": ""Somewhat-Bullish""}]"
2024-12-14,"Even with Bitcoin up on the week, Dogecoin is the biggest loser in the top 10 cryptocurrencies-and other meme coins are down bad too.",Decrypt.co,https://decrypt.co/296618/dogecoin-down-since-3-year-high-bitcoin-rebound,0.175859,https://decrypt.co/296618/dogecoin-down-since-3-year-high-bitcoin-rebound,Dogecoin Down 19% Since Hitting 3-Year High-Despite Bitcoin Rebound,Andrew Hayward,https://cdn.decrypt.co/resize/1024/height/512/wp-content/uploads/2023/04/0_0-2-gID_7.png,decrypt.co,Blockchain,-0.043072,Neutral,"[{""ticker"": ""CRYPTO:BTC"", ""relevance_score"": ""0.495015"", ""ticker_sentiment_score"": ""-0.094545"", ""ticker_sentiment_label"": ""Neutral""}, {""ticker"": ""CRYPTO:SHIB"", ""relevance_score"": ""0.343279"", ""ticker_sentiment_score"": ""-0.25095"", ""ticker_sentiment_label"": ""Somewhat-Bearish""}, {""ticker"": ""CRYPTO:DOGE"", ""relevance_score"": ""0.625937"", ""ticker_sentiment_score"": ""-0.200573"", ""ticker_sentiment_label"": ""Somewhat-Bearish""}, {""ticker"": ""CRYPTO:ADA"", ""relevance_score"": ""0.175859"", ""ticker_sentiment_score"": ""0.042296"", ""ticker_sentiment_label"": ""Neutral""}]"
2024-12-16,"NEW YORK, Dec. 15, 2024 /PRNewswire/ -- Report on how AI is redefining market landscape - The global cryptocurrency market size is estimated to grow by USD 34.5 billion from 2024-2028, according to Technavio. The market is estimated to grow at a CAGR of 16.64% during the forecast period.",Benzinga,https://www.benzinga.com/pressreleases/24/12/n42500830/cryptocurrency-market-to-grow-by-usd-34-5-billion-2024-2028-driven-by-rising-investments-in-digita,0.023579,https://www.benzinga.com/pressreleases/24/12/n42500830/cryptocurrency-market-to-grow-by-usd-34-5-billion-2024-2028-driven-by-rising-investments-in-digita,"Cryptocurrency Market to grow by USD 34.5 Billion  ( 2024-2028 ) , driven by rising investments in digital assets, Report on AI's impact on market trends - Technavio",PRNewswire,https://mma.prnewswire.com/media/2581207/Technavio.jpg,www.benzinga.com,"Life Sciences,Technology,Finance,Blockchain,Economy - Monetary,Retail & Wholesale,Financial Markets,Manufacturing,Real Estate & Construction",0.286431,Somewhat-Bullish,"[{""ticker"": ""MARA"", ""relevance_score"": ""0.023579"", ""ticker_sentiment_score"": ""0.067947"", ""ticker_sentiment_label"": ""Neutral""}, {""ticker"": ""MSFT"", ""relevance_score"": ""0.047138"", ""ticker_sentiment_score"": ""0.179421"", ""ticker_sentiment_label"": ""Somewhat-Bullish""}, {""ticker"": ""PYPL"", ""relevance_score"": ""0.023579"", ""ticker_sentiment_score"": ""0.168476"", ""ticker_sentiment_label"": ""Somewhat-Bullish""}, {""ticker"": ""TSLA"", ""relevance_score"": ""0.023579"", ""ticker_sentiment_score"": ""0.168476"", ""ticker_sentiment_label"": ""Somewhat-Bullish""}, {""ticker"": ""SBUX"", ""relevance_score"": ""0.070656"", ""ticker_sentiment_score"": ""0.182082"", ""ticker_sentiment_label"": ""Somewhat-Bullish""}, {""ticker"": ""RIOT"", ""relevance_score"": ""0.023579"", ""ticker_sentiment_score"": ""0.067947"", ""ticker_sentiment_label"": ""Neutral""}, {""ticker"": ""COIN"", ""relevance_score"": ""0.023579"", ""ticker_sentiment_score"": ""0.067947"", ""ticker_sentiment_label"": ""Neutral""}, {""ticker"": ""FOREX:USD"", ""relevance_score"": ""0.094112"", ""ticker_sentiment_score"": ""0.166364"", ""ticker_sentiment_label"": ""Somewhat-Bullish""}, {""ticker"": ""CRYPTO:BTC"", ""relevance_score"": ""0.320974"", ""ticker_sentiment_score"": ""0.237182"", ""ticker_sentiment_label"": ""Somewhat-Bullish""}, {""ticker"": ""CRYPTO:ETH"", ""relevance_score"": ""0.117486"", ""ticker_sentiment_score"": ""0.126644"", ""ticker_sentiment_label"": ""Neutral""}, {""ticker"": ""CRYPTO:SHIB"", ""relevance_score"": ""0.047138"", ""ticker_sentiment_score"": ""0.022998"", ""ticker_sentiment_label"": ""Neutral""}, {""ticker"": ""CRYPTO:DOGE"", ""relevance_score"": ""0.047138"", ""ticker_sentiment_score"": ""0.022998"", ""ticker_sentiment_label"": ""Neutral""}, {""ticker"": ""CRYPTO:KCS"", ""relevance_score"": ""0.023579"", ""ticker_sentiment_score"": ""0.067947"", ""ticker_sentiment_label"": ""Neutral""}, {""ticker"": ""CRYPTO:LTC"", ""relevance_score"": ""0.023579"", ""ticker_sentiment_score"": ""0.163175"", ""ticker_sentiment_label"": ""Somewhat-Bullish""}, {""ticker"": ""CRYPTO:BUSD"", ""relevance_score"": ""0.023579"", ""ticker_sentiment_score"": ""0.179981"", ""ticker_sentiment_label"": ""Somewhat-Bullish""}, {""ticker"": ""CRYPTO:ADA"", ""relevance_score"": ""0.023579"", ""ticker_sentiment_score"": ""0.067947"", ""ticker_sentiment_label"": ""Neutral""}]"
2024-12-16,"Despite Cardano's ADA/USD 4% decline over the past week, crypto traders and community developments paint an optimistic picture for the altcoin's near-term future. Trader Notes: Crypto trader Cantonese Cat noted that ADA's weekly close signals potential for significant upward momentum.",Benzinga,https://www.benzinga.com/24/12/42511938/cardano-declines-6-in-a-week-but-trader-anticipates-36-spike-following-breakout,0.453501,https://www.benzinga.com/24/12/42511938/cardano-declines-6-in-a-week-but-trader-anticipates-36-spike-following-breakout,Cardano Down 4% In A Week: What Is Going On With ADA?,Khyathi Dalal,https://cdn.benzinga.com/files/images/story/2024/12/16/10--Cardano.jpeg?width=1200&height=800&fit=crop,www.benzinga.com,Blockchain,0.355407,Bullish,"[{""ticker"": ""CRYPTO:ADA"", ""relevance_score"": ""0.453501"", ""ticker_sentiment_score"": ""0.363513"", ""ticker_sentiment_label"": ""Bullish""}]"
2024-12-19,"On Wednesday, there was a distinct stumbling-near-the-finish-line quality to the crypto market. Although the Federal Reserve's rate cut announced that day was welcome, if expected, speculation about future slices wasn't as encouraging.",Motley Fool,https://www.fool.com/investing/2024/12/18/why-major-cryptocurrencies-wilted-on-wednesday/,0.18046,https://www.fool.com/investing/2024/12/18/why-major-cryptocurrencies-wilted-on-wednesday/,Why Major Cryptocurrencies Wilted on Wednesday,Eric Volkman,https://g.foolcdn.com/editorial/images/801505/yellow-down-arrows-over-stock-chart-investment.jpg,www.fool.com,"Economy - Monetary,Blockchain,Financial Markets",0.036591,Neutral,"[{""ticker"": ""CRYPTO:BTC"", ""relevance_score"": ""0.18046"", ""ticker_sentiment_score"": ""-0.120126"", ""ticker_sentiment_label"": ""Neutral""}, {""ticker"": ""CRYPTO:ETH"", ""relevance_score"": ""0.18046"", ""ticker_sentiment_score"": ""-0.120126"", ""ticker_sentiment_label"": ""Neutral""}, {""ticker"": ""CRYPTO:ADA"", ""relevance_score"": ""0.18046"", ""ticker_sentiment_score"": ""-0.120126"", ""ticker_sentiment_label"": ""Neutral""}]"
2024-12-19,Why is recent news from the Federal Reserve causing big sell-offs for cryptocurrencies?,Motley Fool,https://www.fool.com/investing/2024/12/19/why-shiba-inu-is-sinking-today/,0.359262,https://www.fool.com/investing/2024/12/19/why-shiba-inu-is-sinking-today/,Why Altcoins Are Plummeting Today,Keith Noonan,https://g.foolcdn.com/editorial/images/801642/gettyimages-1167797024.jpg,www.fool.com,"Economy - Monetary,Blockchain,Financial Markets",0.142035,Neutral,"[{""ticker"": ""CRYPTO:SHIB"", ""relevance_score"": ""0.451494"", ""ticker_sentiment_score"": ""0.169549"", ""ticker_sentiment_label"": ""Somewhat-Bullish""}, {""ticker"": ""CRYPTO:LINK"", ""relevance_score"": ""0.359262"", ""ticker_sentiment_score"": ""0.226593"", ""ticker_sentiment_label"": ""Somewhat-Bullish""}, {""ticker"": ""CRYPTO:ADA"", ""relevance_score"": ""0.359262"", ""ticker_sentiment_score"": ""0.226593"", ""ticker_sentiment_label"": ""Somewhat-Bullish""}]"
2024-12-20,"The launch of the spot Bitcoin ( CRYPTO: BTC ) exchange-traded funds ( ETFs ) in January was a landmark event. For good reason, the ETFs are widely seen as one of the primary catalysts behind Bitcoin's triple-digit percentage gains this year.",Motley Fool,https://www.fool.com/investing/2024/12/20/bitcoin-is-great-but-here-are-3-altcoins-worth-con/,0.543935,https://www.fool.com/investing/2024/12/20/bitcoin-is-great-but-here-are-3-altcoins-worth-con/,"Bitcoin Is Great, but Here Are 3 Altcoins Worth Considering in 2025",Dominic Basulto,https://g.foolcdn.com/image/?url=https%3A%2F%2Fg.foolcdn.com%2Feditorial%2Fimages%2F801299%2Fperson-looking-thoughtfully-at-screen-computer.jpg&op=resize&w=700,www.fool.com,"Blockchain,Financial Markets",0.187224,Somewhat-Bullish,"[{""ticker"": ""CRYPTO:BTC"", ""relevance_score"": ""0.380736"", ""ticker_sentiment_score"": ""0.210964"", ""ticker_sentiment_label"": ""Somewhat-Bullish""}, {""ticker"": ""CRYPTO:ETH"", ""relevance_score"": ""0.465478"", ""ticker_sentiment_score"": ""0.234197"", ""ticker_sentiment_label"": ""Somewhat-Bullish""}, {""ticker"": ""CRYPTO:ADA"", ""relevance_score"": ""0.543935"", ""ticker_sentiment_score"": ""0.248247"", ""ticker_sentiment_label"": ""Somewhat-Bullish""}]"
2024-12-22,"Bitcoin has plunged 12% in the last five days since setting a new high, while Dogecoin and XRP have fallen hard after recent milestones.",Decrypt.co,https://decrypt.co/298447/dogecoin-down-bitcoin-xrp-stumble,0.1331,https://decrypt.co/298447/dogecoin-down-bitcoin-xrp-stumble,Dogecoin Down 23% This Week as Bitcoin and XRP Stumble After Surges,Andrew Hayward,https://cdn.decrypt.co/resize/1024/height/512/wp-content/uploads/2022/01/dogecoin-down-bad-gID_7.jpeg,decrypt.co,Blockchain,-0.169707,Somewhat-Bearish,"[{""ticker"": ""CRYPTO:BTC"", ""relevance_score"": ""0.262522"", ""ticker_sentiment_score"": ""-0.143948"", ""ticker_sentiment_label"": ""Neutral""}, {""ticker"": ""CRYPTO:ETH"", ""relevance_score"": ""0.1331"", ""ticker_sentiment_score"": ""-0.088962"", ""ticker_sentiment_label"": ""Neutral""}, {""ticker"": ""CRYPTO:SHIB"", ""relevance_score"": ""0.262522"", ""ticker_sentiment_score"": ""-0.226026"", ""ticker_sentiment_label"": ""Somewhat-Bearish""}, {""ticker"": ""CRYPTO:DOGE"", ""relevance_score"": ""0.685386"", ""ticker_sentiment_score"": ""-0.248638"", ""ticker_sentiment_label"": ""Somewhat-Bearish""}, {""ticker"": ""CRYPTO:ADA"", ""relevance_score"": ""0.1331"", ""ticker_sentiment_score"": ""-0.088962"", ""ticker_sentiment_label"": ""Neutral""}, {""ticker"": ""CRYPTO:XRP"", ""relevance_score"": ""0.262522"", ""ticker_sentiment_score"": ""-0.143948"", ""ticker_sentiment_label"": ""Neutral""}]"
2024-12-22,"On December 17, Bitcoin ( CRYPTO: BTC ) hit a new all-time high above $108,000. While Bitcoin has been fairly volatile, it's still up more than 50% since the presidential election. And it is up a staggering 148% year to date.However, Bitcoin might be overheating.",Motley Fool,https://www.fool.com/investing/2024/12/22/bitcoin-has-hit-a-new-all-time-high-here-are-2-mor/,0.719066,https://www.fool.com/investing/2024/12/22/bitcoin-has-hit-a-new-all-time-high-here-are-2-mor/,Bitcoin Has Hit a New All-Time High. Here Are 2 More Affordable Alternative Cryptocurrencies.,Dominic Basulto,https://g.foolcdn.com/image/?url=https%3A%2F%2Fg.foolcdn.com%2Feditorial%2Fimages%2F801413%2Fgettyimages-1414921475.jpg&op=resize&w=700,www.fool.com,"Blockchain,Financial Markets",0.148443,Neutral,"[{""ticker"": ""CRYPTO:BTC"", ""relevance_score"": ""0.719066"", ""ticker_sentiment_score"": ""0.200921"", ""ticker_sentiment_label"": ""Somewhat-Bullish""}, {""ticker"": ""CRYPTO:ETH"", ""relevance_score"": ""0.248851"", ""ticker_sentiment_score"": ""-0.007661"", ""ticker_sentiment_label"": ""Neutral""}, {""ticker"": ""CRYPTO:SHIB"", ""relevance_score"": ""0.100941"", ""ticker_sentiment_score"": ""0.054869"", ""ticker_sentiment_label"": ""Neutral""}, {""ticker"": ""CRYPTO:LTC"", ""relevance_score"": ""0.7464"", ""ticker_sentiment_score"": ""0.193816"", ""ticker_sentiment_label"": ""Somewhat-Bullish""}, {""ticker"": ""CRYPTO:ADA"", ""relevance_score"": ""0.719066"", ""ticker_sentiment_score"": ""0.231188"", ""ticker_sentiment_label"": ""Somewhat-Bullish""}]"
2024-12-22,"The performance of Bitcoin ( CRYPTO: BTC ) this year has been nothing short of extraordinary. It's now up about 46% since the election on Nov. 5, and 146% year to date. Best of all, Bitcoin recently broke through the $100,000 price level to hit another all-time high just north of $108,000.But ...",Motley Fool,https://www.fool.com/investing/2024/12/22/my-top-cryptocurrency-to-buy-right-now-hint-its-no/,0.056407,https://www.fool.com/investing/2024/12/22/my-top-cryptocurrency-to-buy-right-now-hint-its-no/,My Top Cryptocurrency to Buy Right Now  ( Hint: It's Not Bitcoin ) ,Dominic Basulto,https://s3.tradingview.com/snapshots/n/N1K12uR4.png,www.fool.com,"Finance,Blockchain,Financial Markets",0.132475,Neutral,"[{""ticker"": ""COIN"", ""relevance_score"": ""0.112532"", ""ticker_sentiment_score"": ""0.093991"", ""ticker_sentiment_label"": ""Neutral""}, {""ticker"": ""CRYPTO:BTC"", ""relevance_score"": ""0.47574"", ""ticker_sentiment_score"": ""0.209678"", ""ticker_sentiment_label"": ""Somewhat-Bullish""}, {""ticker"": ""CRYPTO:ETH"", ""relevance_score"": ""0.47574"", ""ticker_sentiment_score"": ""0.203776"", ""ticker_sentiment_label"": ""Somewhat-Bullish""}, {""ticker"": ""CRYPTO:SHIB"", ""relevance_score"": ""0.056407"", ""ticker_sentiment_score"": ""0.084"", ""ticker_sentiment_label"": ""Neutral""}, {""ticker"": ""CRYPTO:LINK"", ""relevance_score"": ""0.056407"", ""ticker_sentiment_score"": ""0.084"", ""ticker_sentiment_label"": ""Neutral""}, {""ticker"": ""CRYPTO:LTC"", ""relevance_score"": ""0.056407"", ""ticker_sentiment_score"": ""0.084"", ""ticker_sentiment_label"": ""Neutral""}, {""ticker"": ""CRYPTO:ADA"", ""relevance_score"": ""0.056407"", ""ticker_sentiment_score"": ""0.084"", ""ticker_sentiment_label"": ""Neutral""}]"
2024-12-23,"If you're an Ethereum ( CRYPTO: ETH ) investor, the good news is that the world's second-largest cryptocurrency is up an impressive 50% for the year. Ethereum recently broke through the $4,000 price level and, even with a recent pullback, is within striking distance of regaining its all-time high ...",Motley Fool,https://www.fool.com/investing/2024/12/23/ethereum-is-the-second-largest-cryptocurrency/,0.060236,https://www.fool.com/investing/2024/12/23/ethereum-is-the-second-largest-cryptocurrency/,Ethereum Is the World's Second-Largest Cryptocurrency. But Is It a Buy?,Dominic Basulto,https://s3.tradingview.com/snapshots/x/xSUJDzrS.png,www.fool.com,"Blockchain,Financial Markets",0.22827,Somewhat-Bullish,"[{""ticker"": ""CRYPTO:BTC"", ""relevance_score"": ""0.34974"", ""ticker_sentiment_score"": ""0.152702"", ""ticker_sentiment_label"": ""Somewhat-Bullish""}, {""ticker"": ""CRYPTO:ETH"", ""relevance_score"": ""0.930261"", ""ticker_sentiment_score"": ""0.392769"", ""ticker_sentiment_label"": ""Bullish""}, {""ticker"": ""CRYPTO:ADA"", ""relevance_score"": ""0.060236"", ""ticker_sentiment_score"": ""0.233109"", ""ticker_sentiment_label"": ""Somewhat-Bullish""}]"
2024-12-24,"VICTORIA, Seychelles, Dec. 23, 2024 ( GLOBE NEWSWIRE ) -- We are thrilled to announce that SNEK ( SNEK ) has been listed on XT Exchange! The SNEK/USDT trading pair is available in the Innovation Zone ( MEMEs ) .",Benzinga,https://www.benzinga.com/pressreleases/24/12/g42665178/discover-the-snek-snek-listing-on-xt,0.334762,https://www.benzinga.com/pressreleases/24/12/g42665178/discover-the-snek-snek-listing-on-xt,Discover the SNEK  ( Snek )  Listing on XT,Globe Newswire,https://ml.globenewswire.com/Resource/Download/303bf059-4720-4725-a33e-16a7192a4357/image-12.png,www.benzinga.com,"Blockchain,Financial Markets",0.496865,Bullish,"[{""ticker"": ""CRYPTO:SHIB"", ""relevance_score"": ""0.114682"", ""ticker_sentiment_score"": ""0.17623"", ""ticker_sentiment_label"": ""Somewhat-Bullish""}, {""ticker"": ""CRYPTO:DOGE"", ""relevance_score"": ""0.114682"", ""ticker_sentiment_score"": ""0.17623"", ""ticker_sentiment_label"": ""Somewhat-Bullish""}, {""ticker"": ""CRYPTO:USDT"", ""relevance_score"": ""0.114682"", ""ticker_sentiment_score"": ""0.198705"", ""ticker_sentiment_label"": ""Somewhat-Bullish""}, {""ticker"": ""CRYPTO:ADA"", ""relevance_score"": ""0.334762"", ""ticker_sentiment_score"": ""0.455279"", ""ticker_sentiment_label"": ""Bullish""}]"
2024-12-25,"On Dec. 4, Bitcoin ( CRYPTO: BTC ) crossed the $100,000 price level for the first time. That highlighted a post-election rally that saw Bitcoin soar by more than 40% within a remarkably short period of time. Even with recent volatility in the crypto market, Bitcoin is up more than 110% in ...",Motley Fool,https://www.fool.com/investing/2024/12/25/bitcoin-crosses-100000-but-are-other-cryptocurrenc/,0.050894,https://www.fool.com/investing/2024/12/25/bitcoin-crosses-100000-but-are-other-cryptocurrenc/,"Bitcoin Crosses $100,000. But Are Other Cryptocurrencies Also on the Rise?",Dominic Basulto,https://g.foolcdn.com/image/?url=https%3A%2F%2Fg.foolcdn.com%2Feditorial%2Fimages%2F801778%2Fsurprised-man-using-phone-on-the-street-in-city.jpg&op=resize&w=700,www.fool.com,"Technology,Blockchain,Financial Markets",0.293415,Somewhat-Bullish,"[{""ticker"": ""META"", ""relevance_score"": ""0.101582"", ""ticker_sentiment_score"": ""0.172408"", ""ticker_sentiment_label"": ""Somewhat-Bullish""}, {""ticker"": ""CRYPTO:BTC"", ""relevance_score"": ""0.390396"", ""ticker_sentiment_score"": ""0.291127"", ""ticker_sentiment_label"": ""Somewhat-Bullish""}, {""ticker"": ""CRYPTO:ETH"", ""relevance_score"": ""0.434349"", ""ticker_sentiment_score"": ""0.535746"", ""ticker_sentiment_label"": ""Bullish""}, {""ticker"": ""CRYPTO:DOGE"", ""relevance_score"": ""0.298264"", ""ticker_sentiment_score"": ""0.244701"", ""ticker_sentiment_label"": ""Somewhat-Bullish""}, {""ticker"": ""CRYPTO:ADA"", ""relevance_score"": ""0.050894"", ""ticker_sentiment_score"": ""0.071907"", ""ticker_sentiment_label"": ""Neutral""}]"
2024-12-27,"A notable headwind rocked the cryptocurrency market on Thursday, driving down not only the sector's leading asset but a great many coins and tokens that tend to slipstream behind it.It almost seemed as if none could really escape this trend.",Motley Fool,https://www.fool.com/investing/2024/12/26/why-altcoins-were-tumbling-on-thursday/,0.18967,https://www.fool.com/investing/2024/12/26/why-altcoins-were-tumbling-on-thursday/,Why Altcoins Were Tumbling on Thursday,Eric Volkman,https://g.foolcdn.com/editorial/images/802199/person-using-a-smartphone-while-seated-at-a-desk-with-a-laptop.jpg,www.fool.com,"Blockchain,Financial Markets",-0.002451,Neutral,"[{""ticker"": ""CRYPTO:BTC"", ""relevance_score"": ""0.18967"", ""ticker_sentiment_score"": ""0.015652"", ""ticker_sentiment_label"": ""Neutral""}, {""ticker"": ""CRYPTO:SHIB"", ""relevance_score"": ""0.18967"", ""ticker_sentiment_score"": ""-0.100838"", ""ticker_sentiment_label"": ""Neutral""}, {""ticker"": ""CRYPTO:ADA"", ""relevance_score"": ""0.18967"", ""ticker_sentiment_score"": ""-0.100838"", ""ticker_sentiment_label"": ""Neutral""}]"
2024-12-27,"HAMILTON, Bermuda, Dec. 27, 2024 ( GLOBE NEWSWIRE ) -- Arcanum Capital ISA ( ""Arcanum Capital"" ) announced today that Tether, the issuer of the world's largest stablecoin, has made a novel venture capital fund investment, into Arcanum Emerging Technologies Fund II ( Offshore ) ISA, an ...",Benzinga,https://www.benzinga.com/pressreleases/24/12/g42698387/tether-supports-arcanum-capitals-fund-ii-deepening-web3-venture-capital-activities,0.049629,https://www.benzinga.com/pressreleases/24/12/g42698387/tether-supports-arcanum-capitals-fund-ii-deepening-web3-venture-capital-activities,"Tether Supports Arcanum Capital's Fund II, Deepening Web3 Venture Capital Activities",Globe Newswire,https://ml.globenewswire.com/Resource/Download/5f84907b-6d2c-420b-aee7-ad07500e1da2/2024-12-25-192039-1735172460mpwovzm2af.jpg,www.benzinga.com,"Economy - Monetary,Blockchain,Financial Markets",0.300132,Somewhat-Bullish,"[{""ticker"": ""CRYPTO:BTC"", ""relevance_score"": ""0.049629"", ""ticker_sentiment_score"": ""0.097431"", ""ticker_sentiment_label"": ""Neutral""}, {""ticker"": ""CRYPTO:ADA"", ""relevance_score"": ""0.049629"", ""ticker_sentiment_score"": ""0.146134"", ""ticker_sentiment_label"": ""Neutral""}]"
2024-12-31,The world's most-volatile asset class may be in for another wild ride.,Motley Fool,https://www.fool.com/investing/2024/12/31/5-cryptocurrency-predictions-for-2025/,0.031038,https://www.fool.com/investing/2024/12/31/5-cryptocurrency-predictions-for-2025/,5 Cryptocurrency Predictions for 2025,Sean Williams,https://g.foolcdn.com/image/?url=https%3A%2F%2Fg.foolcdn.com%2Feditorial%2Fimages%2F802323%2Fbitcoin-price-chart-cryptocurrency-ethereum-ripple-getty.jpg&op=resize&w=700,www.fool.com,"Economy - Monetary,Financial Markets,Manufacturing,Technology,Finance,Blockchain",0.185193,Somewhat-Bullish,"[{""ticker"": ""MSTR"", ""relevance_score"": ""0.123685"", ""ticker_sentiment_score"": ""0.052923"", ""ticker_sentiment_label"": ""Neutral""}, {""ticker"": ""BCS"", ""relevance_score"": ""0.031038"", ""ticker_sentiment_score"": ""-0.076805"", ""ticker_sentiment_label"": ""Neutral""}, {""ticker"": ""TSLA"", ""relevance_score"": ""0.031038"", ""ticker_sentiment_score"": ""0.217369"", ""ticker_sentiment_label"": ""Somewhat-Bullish""}, {""ticker"": ""CRYPTO:BTC"", ""relevance_score"": ""0.756917"", ""ticker_sentiment_score"": ""0.274514"", ""ticker_sentiment_label"": ""Somewhat-Bullish""}, {""ticker"": ""CRYPTO:ETH"", ""relevance_score"": ""0.273807"", ""ticker_sentiment_score"": ""0.167205"", ""ticker_sentiment_label"": ""Somewhat-Bullish""}, {""ticker"": ""CRYPTO:SHIB"", ""relevance_score"": ""0.123685"", ""ticker_sentiment_score"": ""0.01328"", ""ticker_sentiment_label"": ""Neutral""}, {""ticker"": ""CRYPTO:DOGE"", ""relevance_score"": ""0.273807"", ""ticker_sentiment_score"": ""0.193403"", ""ticker_sentiment_label"": ""Somewhat-Bullish""}, {""ticker"": ""CRYPTO:ADA"", ""relevance_score"": ""0.031038"", ""ticker_sentiment_score"": ""0.040724"", ""ticker_sentiment_label"": ""Neutral""}]"
2025-01-02,"Today was a volatile day in the stock market, with all three major indices closing lower to end the day after being up considerably in early morning trading. However, for most top-tier crypto projects, it was a solid day to kick off the first ""official"" trading day of the year ( though the crypto ...",Motley Fool,https://www.fool.com/investing/2025/01/02/why-solana-cardano-and-aptos-are-kicking-off-the-n/,0.457274,https://www.fool.com/investing/2025/01/02/why-solana-cardano-and-aptos-are-kicking-off-the-n/,"Why Solana, Cardano, and Aptos Are Kicking Off the New Year Right",Chris MacDonald,https://g.foolcdn.com/editorial/images/802663/crypto-up.jpg,www.fool.com,"Blockchain,Financial Markets",0.213318,Somewhat-Bullish,"[{""ticker"": ""CRYPTO:BTC"", ""relevance_score"": ""0.138066"", ""ticker_sentiment_score"": ""0.177441"", ""ticker_sentiment_label"": ""Somewhat-Bullish""}, {""ticker"": ""CRYPTO:ETH"", ""relevance_score"": ""0.069294"", ""ticker_sentiment_score"": ""0.066216"", ""ticker_sentiment_label"": ""Neutral""}, {""ticker"": ""CRYPTO:ADA"", ""relevance_score"": ""0.457274"", ""ticker_sentiment_score"": ""0.38101"", ""ticker_sentiment_label"": ""Bullish""}]"
2025-01-02,"Bitcoin is rising in the new year, propelling Solana and XRP to major gains as Dogecoin climbs-and Fartcoin blasts off again.",Decrypt.co,https://decrypt.co/299328/solana-xrp-surge-dogecoin-bitcoin-weekly-highs,0.239305,https://decrypt.co/299328/solana-xrp-surge-dogecoin-bitcoin-weekly-highs,Solana and XRP Surge as Dogecoin and Bitcoin Hit Weekly Highs,Andrew Hayward,https://cdn.decrypt.co/resize/1024/height/512/wp-content/uploads/2025/01/solana-markets-gID_7.png,decrypt.co,"Blockchain,Financial Markets",0.042774,Neutral,"[{""ticker"": ""CRYPTO:BTC"", ""relevance_score"": ""0.352223"", ""ticker_sentiment_score"": ""0.094623"", ""ticker_sentiment_label"": ""Neutral""}, {""ticker"": ""CRYPTO:DOGE"", ""relevance_score"": ""0.352223"", ""ticker_sentiment_score"": ""0.032807"", ""ticker_sentiment_label"": ""Neutral""}, {""ticker"": ""CRYPTO:LINK"", ""relevance_score"": ""0.239305"", ""ticker_sentiment_score"": ""0.273435"", ""ticker_sentiment_label"": ""Somewhat-Bullish""}, {""ticker"": ""CRYPTO:ADA"", ""relevance_score"": ""0.239305"", ""ticker_sentiment_score"": ""0.273435"", ""ticker_sentiment_label"": ""Somewhat-Bullish""}]"
2025-01-02,"Stockholm, 2nd of January 2024 - Today Virtune announces that it has finalized its monthly rebalancing for Virtune Crypto Altcoin Index ETP, listed on Nasdaq Stockholm ( ISIN code SE0023260716, TICKER: VIRALT ) .In addition to the Virtune Crypto Altcoin Index ETP, Virtune's product portfolio ...",GlobeNewswire,https://www.globenewswire.com/news-release/2025/01/02/3003360/0/en/Virtune-AB-Publ-Virtune-has-completed-the-monthly-rebalancing-for-December-2024-of-its-Virtune-Crypto-Altcoin-Index-ETP.html,0.086245,https://www.globenewswire.com/news-release/2025/01/02/3003360/0/en/Virtune-AB-Publ-Virtune-has-completed-the-monthly-rebalancing-for-December-2024-of-its-Virtune-Crypto-Altcoin-Index-ETP.html,"Virtune AB  ( Publ )   ( ""Virtune"" )  has completed the monthly rebalancing for December 2024 of its Virtune Crypto Altcoin Index ETP",Virtune AB (Publ),https://ml-eu.globenewswire.com/Resource/Download/da0bec69-79eb-4618-87fd-d96aa395aaed,www.globenewswire.com,"Blockchain,Financial Markets",0.217868,Somewhat-Bullish,"[{""ticker"": ""CRYPTO:BTC"", ""relevance_score"": ""0.171485"", ""ticker_sentiment_score"": ""0.237823"", ""ticker_sentiment_label"": ""Somewhat-Bullish""}, {""ticker"": ""CRYPTO:ETH"", ""relevance_score"": ""0.171485"", ""ticker_sentiment_score"": ""0.237823"", ""ticker_sentiment_label"": ""Somewhat-Bullish""}, {""ticker"": ""CRYPTO:LINK"", ""relevance_score"": ""0.086245"", ""ticker_sentiment_score"": ""0.117413"", ""ticker_sentiment_label"": ""Neutral""}, {""ticker"": ""CRYPTO:ADA"", ""relevance_score"": ""0.086245"", ""ticker_sentiment_score"": ""0.117413"", ""ticker_sentiment_label"": ""Neutral""}]"
2025-01-02,"US Stocks To Open Higher In The First Trading Session Of 2025: Analyst Says History Favors Rebound After Year-End Dip Analyst Says It's 'Unusual' For 'Santa Claus Rally' To Fizzle Out, But That Was The Case Last Year Too: 'Anything Is Possible' On Wall Street",Benzinga,https://www.benzinga.com/25/01/42763833/us-stocks-kick-off-2025-on-a-positive-note-cryptocurrencies-rally-as-analysts-eye-blue-chip-momentum-gamestop-soa,0.096477,https://www.benzinga.com/25/01/42763833/us-stocks-kick-off-2025-on-a-positive-note-cryptocurrencies-rally-as-analysts-eye-blue-chip-momentum-gamestop-soa,US Stocks Kick Off 2025 On A Positive Note; Cryptocurrencies Rally As Analysts Eye Blue-Chip Momentum; GameStop Soars Premarket With Roaring Kitty's Viral Comeback- Top Headlines Today While US Slept,Akanksha Bakshi,https://cdn.benzinga.com/files/images/story/2025/01/02/nyse-shutter3.jpeg?width=1200&height=800&fit=crop,www.benzinga.com,"Life Sciences,Energy & Transportation,Technology,Blockchain,Retail & Wholesale,Financial Markets,Manufacturing",0.10686,Neutral,"[{""ticker"": ""BABA"", ""relevance_score"": ""0.096477"", ""ticker_sentiment_score"": ""0.12014"", ""ticker_sentiment_label"": ""Neutral""}, {""ticker"": ""MSTR"", ""relevance_score"": ""0.096477"", ""ticker_sentiment_score"": ""0.0852"", ""ticker_sentiment_label"": ""Neutral""}, {""ticker"": ""XPEV"", ""relevance_score"": ""0.048327"", ""ticker_sentiment_score"": ""0.217921"", ""ticker_sentiment_label"": ""Somewhat-Bullish""}, {""ticker"": ""GOOG"", ""relevance_score"": ""0.048327"", ""ticker_sentiment_score"": ""0.0"", ""ticker_sentiment_label"": ""Neutral""}, {""ticker"": ""AVGO"", ""relevance_score"": ""0.048327"", ""ticker_sentiment_score"": ""-0.167137"", ""ticker_sentiment_label"": ""Somewhat-Bearish""}, {""ticker"": ""NMRA"", ""relevance_score"": ""0.048327"", ""ticker_sentiment_score"": ""-0.393548"", ""ticker_sentiment_label"": ""Bearish""}, {""ticker"": ""NVAAF"", ""relevance_score"": ""0.048327"", ""ticker_sentiment_score"": ""-0.03101"", ""ticker_sentiment_label"": ""Neutral""}, {""ticker"": ""KOS"", ""relevance_score"": ""0.048327"", ""ticker_sentiment_score"": ""0.0"", ""ticker_sentiment_label"": ""Neutral""}, {""ticker"": ""HCM"", ""relevance_score"": ""0.048327"", ""ticker_sentiment_score"": ""-0.237972"", ""ticker_sentiment_label"": ""Somewhat-Bearish""}, {""ticker"": ""TSLA"", ""relevance_score"": ""0.238133"", ""ticker_sentiment_score"": ""0.132092"", ""ticker_sentiment_label"": ""Neutral""}, {""ticker"": ""LI"", ""relevance_score"": ""0.048327"", ""ticker_sentiment_score"": ""0.217921"", ""ticker_sentiment_label"": ""Somewhat-Bullish""}, {""ticker"": ""SURRF"", ""relevance_score"": ""0.048327"", ""ticker_sentiment_score"": ""0.0"", ""ticker_sentiment_label"": ""Neutral""}, {""ticker"": ""GME"", ""relevance_score"": ""0.096477"", ""ticker_sentiment_score"": ""0.078864"", ""ticker_sentiment_label"": ""Neutral""}, {""ticker"": ""SYNA"", ""relevance_score"": ""0.048327"", ""ticker_sentiment_score"": ""0.0"", ""ticker_sentiment_label"": ""Neutral""}, {""ticker"": ""CRYPTO:BTC"", ""relevance_score"": ""0.144275"", ""ticker_sentiment_score"": ""0.251362"", ""ticker_sentiment_label"": ""Somewhat-Bullish""}, {""ticker"": ""CRYPTO:ETH"", ""relevance_score"": ""0.048327"", ""ticker_sentiment_score"": ""0.194878"", ""ticker_sentiment_label"": ""Somewhat-Bullish""}, {""ticker"": ""CRYPTO:SHIB"", ""relevance_score"": ""0.048327"", ""ticker_sentiment_score"": ""0.119029"", ""ticker_sentiment_label"": ""Neutral""}, {""ticker"": ""CRYPTO:DOGE"", ""relevance_score"": ""0.144275"", ""ticker_sentiment_score"": ""0.272096"", ""ticker_sentiment_label"": ""Somewhat-Bullish""}, {""ticker"": ""CRYPTO:KSM"", ""relevance_score"": ""0.048327"", ""ticker_sentiment_score"": ""0.119029"", ""ticker_sentiment_label"": ""Neutral""}, {""ticker"": ""CRYPTO:ADA"", ""relevance_score"": ""0.096477"", ""ticker_sentiment_score"": ""0.0"", ""ticker_sentiment_label"": ""Neutral""}]"
2025-01-02,"Cardano ADA/USD is up over 13% in the past 24 hours, driven by renewed market enthusiasm after co-founder Charles Hoskinson expressed confidence in the platform's future. Trader Notes: Crypto analyst Ali Martinez on Thursday flagged a buy signal on ADA's daily chart, pointing to potential further ...",Benzinga,https://www.benzinga.com/markets/cryptocurrency/25/01/42762145/cardano-price-surges-13-on-thursday-what-is-driving-ada-momentum,0.703273,https://www.benzinga.com/markets/cryptocurrency/25/01/42762145/cardano-price-surges-13-on-thursday-what-is-driving-ada-momentum,Cardano Price Surges 13% On Thursday: What Is Driving ADA Momentum?,Khyathi Dalal,https://cdn.benzinga.com/files/images/story/2025/01/02/10--Cardano.jpeg?width=1200&height=800&fit=crop,www.benzinga.com,"Blockchain,Financial Markets",0.327374,Somewhat-Bullish,"[{""ticker"": ""CRYPTO:BTC"", ""relevance_score"": ""0.103778"", ""ticker_sentiment_score"": ""-0.068615"", ""ticker_sentiment_label"": ""Neutral""}, {""ticker"": ""CRYPTO:ADA"", ""relevance_score"": ""0.703273"", ""ticker_sentiment_score"": ""0.501077"", ""ticker_sentiment_label"": ""Bullish""}]"
2025-01-02,"Over the past 24 hours, Cardano's ADA/USD price has risen 11.72% to $0.96. This continues its positive trend over the past week where it has experienced a 11.0% gain, moving from $0.87 to its current price. As it stands right now, the coin's all-time high is $3.09.",Benzinga,https://www.benzinga.com/insights/cryptocurrency/25/01/42765795/cardano-rises-more-than-11-in-24-hours,0.532043,https://www.benzinga.com/insights/cryptocurrency/25/01/42765795/cardano-rises-more-than-11-in-24-hours,Cardano Rises More Than 11% In 24 hours,Benzinga Insights,https://www.benzinga.com/files/images/story/2025/1735830009_0.png,www.benzinga.com,Financial Markets,0.143018,Neutral,"[{""ticker"": ""CRYPTO:ADA"", ""relevance_score"": ""0.532043"", ""ticker_sentiment_score"": ""0.12399"", ""ticker_sentiment_label"": ""Neutral""}]"
2025-01-03,"Dogecoin is getting hot again, rising by 18% since the start of the year while Bitcoin inches above $98K and Fartcoin blasts to new heights.",Decrypt.co,https://decrypt.co/299470/dogecoin-keeps-surging-fartcoin-all-time-high,0.12165,https://decrypt.co/299470/dogecoin-keeps-surging-fartcoin-all-time-high,Dogecoin Keeps Surging as Fartcoin Rides AI Hype to All-Time High Price,Andrew Hayward,https://cdn.decrypt.co/resize/1024/height/512/wp-content/uploads/2024/04/doge-moon-gID_7.jpg,decrypt.co,Blockchain,0.303685,Somewhat-Bullish,"[{""ticker"": ""CRYPTO:BTC"", ""relevance_score"": ""0.240489"", ""ticker_sentiment_score"": ""0.288937"", ""ticker_sentiment_label"": ""Somewhat-Bullish""}, {""ticker"": ""CRYPTO:ETH"", ""relevance_score"": ""0.12165"", ""ticker_sentiment_score"": ""0.0"", ""ticker_sentiment_label"": ""Neutral""}, {""ticker"": ""CRYPTO:DOGE"", ""relevance_score"": ""0.555911"", ""ticker_sentiment_score"": ""0.455144"", ""ticker_sentiment_label"": ""Bullish""}, {""ticker"": ""CRYPTO:ADA"", ""relevance_score"": ""0.12165"", ""ticker_sentiment_score"": ""0.246081"", ""ticker_sentiment_label"": ""Somewhat-Bullish""}]"
2025-01-06,"The cryptocurrency market witnessed a sizable jump over the last week, with some unconventional meme coins taking the lead over market heavyweights. What happened: Parody coin SPX6900 emerged as the market's top performer, rallying over 66% in the last seven days.",Benzinga,https://www.benzinga.com/25/01/42807027/bitcoin-ethereum-made-rapid-strides-this-week-but-spx6900-fartcoin-stole-limelight-as-biggest-gainers,0.294093,https://www.benzinga.com/25/01/42807027/bitcoin-ethereum-made-rapid-strides-this-week-but-spx6900-fartcoin-stole-limelight-as-biggest-gainers,"Bitcoin, Ethereum Made Rapid Strides Last Week But SPX6900, Fartcoin Stole The Limelight With Biggest Gains - Grayscale Ethereum Mini Trust  ( ETH )  Common units of fractional undivided beneficial interest  ( ARCA:ETH ) ",Aniket Verma,https://cdn.benzinga.com/files/images/story/2025/01/06/Cryptocurrency-Photo-by-CMP-NZ-on-Shutte.jpeg?width=1200&height=800&fit=crop,www.benzinga.com,Blockchain,0.293612,Somewhat-Bullish,"[{""ticker"": ""CRYPTO:BTC"", ""relevance_score"": ""0.294093"", ""ticker_sentiment_score"": ""0.379707"", ""ticker_sentiment_label"": ""Bullish""}, {""ticker"": ""CRYPTO:ETH"", ""relevance_score"": ""0.428632"", ""ticker_sentiment_score"": ""0.292522"", ""ticker_sentiment_label"": ""Somewhat-Bullish""}, {""ticker"": ""CRYPTO:DOGE"", ""relevance_score"": ""0.294093"", ""ticker_sentiment_score"": ""0.223689"", ""ticker_sentiment_label"": ""Somewhat-Bullish""}, {""ticker"": ""CRYPTO:SOL"", ""relevance_score"": ""0.149656"", ""ticker_sentiment_score"": ""0.058738"", ""ticker_sentiment_label"": ""Neutral""}, {""ticker"": ""CRYPTO:ADA"", ""relevance_score"": ""0.294093"", ""ticker_sentiment_score"": ""0.223689"", ""ticker_sentiment_label"": ""Somewhat-Bullish""}, {""ticker"": ""CRYPTO:XRP"", ""relevance_score"": ""0.294093"", ""ticker_sentiment_score"": ""0.223689"", ""ticker_sentiment_label"": ""Somewhat-Bullish""}]"
2025-01-06,"Cardano ADA/USD climbed higher on Sunday, capping off a successful week for the market's ninth-largest cryptocurrency. It was worth noting the contribution of whale investors to the rally. What happened: ADA rose over 2% in the last 24 hours, with its trading volume jumping by more than 35% to ...",Benzinga,https://www.benzinga.com/25/01/42807182/ethereum-killer-ada-surges-25-in-a-week-as-whale-investors-pile-on-millions-worth-of-crypto,0.755492,https://www.benzinga.com/25/01/42807182/ethereum-killer-ada-surges-25-in-a-week-as-whale-investors-pile-on-millions-worth-of-crypto,Cardano Surges 25% Over The Week As Whale Investors Pile On Millions Worth Of The 'Ethereum Killer',Aniket Verma,https://cdn.benzinga.com/files/images/story/2025/01/06/10--Cardano.jpeg?width=1200&height=800&fit=crop,www.benzinga.com,"Blockchain,Financial Markets",0.26726,Somewhat-Bullish,"[{""ticker"": ""CRYPTO:ETH"", ""relevance_score"": ""0.102888"", ""ticker_sentiment_score"": ""0.033834"", ""ticker_sentiment_label"": ""Neutral""}, {""ticker"": ""CRYPTO:ADA"", ""relevance_score"": ""0.755492"", ""ticker_sentiment_score"": ""0.358016"", ""ticker_sentiment_label"": ""Bullish""}]"
2025-01-06,Dogecoin is already one of 2025's biggest gainers-and a prominent crypto firm believes the meme coin will finally hit $1 this year.,Decrypt.co,https://decrypt.co/299707/dogecoin-dollar-galaxy-predicts-meme-milestone,0.25168,https://decrypt.co/299707/dogecoin-dollar-galaxy-predicts-meme-milestone,Dogecoin to a Dollar? Galaxy Predicts Meme Milestone as DOGE Continues Surge,Andrew Hayward,https://cdn.decrypt.co/resize/1024/height/512/wp-content/uploads/2021/06/dogecoin-price-market-up-gID_7.jpeg,decrypt.co,Blockchain,0.112727,Neutral,"[{""ticker"": ""BRPHF"", ""relevance_score"": ""0.127456"", ""ticker_sentiment_score"": ""0.044009"", ""ticker_sentiment_label"": ""Neutral""}, {""ticker"": ""CRYPTO:BTC"", ""relevance_score"": ""0.127456"", ""ticker_sentiment_score"": ""-0.060291"", ""ticker_sentiment_label"": ""Neutral""}, {""ticker"": ""CRYPTO:DOGE"", ""relevance_score"": ""0.922387"", ""ticker_sentiment_score"": ""0.199458"", ""ticker_sentiment_label"": ""Somewhat-Bullish""}, {""ticker"": ""CRYPTO:ADA"", ""relevance_score"": ""0.25168"", ""ticker_sentiment_score"": ""0.185023"", ""ticker_sentiment_label"": ""Somewhat-Bullish""}]"
2025-01-08,"Wednesday was another trading session full of losses for all types of cryptocurrencies. Several macroeconomic news items from the previous day continued to push down sentiment, as did rising bond yields. As a result, more than a few investors were strictly in sell mode.There were a great many red ...",Motley Fool,https://www.fool.com/investing/2025/01/08/why-altcoins-like-cardano-and-shiba-inu-were-slidi/,0.16849,https://www.fool.com/investing/2025/01/08/why-altcoins-like-cardano-and-shiba-inu-were-slidi/,Why Altcoins Like Cardano and Shiba Inu Were Sliding Today,Eric Volkman,https://g.foolcdn.com/editorial/images/803369/a-person-in-free-fall-wearing-a-pair-of-glasses.jpg,www.fool.com,"Economy - Monetary,Blockchain,Financial Markets",0.012283,Neutral,"[{""ticker"": ""CRYPTO:BTC"", ""relevance_score"": ""0.16849"", ""ticker_sentiment_score"": ""-0.217803"", ""ticker_sentiment_label"": ""Somewhat-Bearish""}, {""ticker"": ""CRYPTO:SHIB"", ""relevance_score"": ""0.16849"", ""ticker_sentiment_score"": ""0.042368"", ""ticker_sentiment_label"": ""Neutral""}, {""ticker"": ""CRYPTO:LTC"", ""relevance_score"": ""0.16849"", ""ticker_sentiment_score"": ""0.042368"", ""ticker_sentiment_label"": ""Neutral""}, {""ticker"": ""CRYPTO:ADA"", ""relevance_score"": ""0.16849"", ""ticker_sentiment_score"": ""0.042368"", ""ticker_sentiment_label"": ""Neutral""}]"
2025-01-08,"STAMFORD, Conn., Jan. 08, 2025 ( GLOBE NEWSWIRE ) -- Grayscale Investments®, an asset management firm with expertise in crypto investing, offering more than 25 crypto investment products, and manager of Grayscale® Decentralized AI Fund ( AI Fund ) , Grayscale® Decentralized Finance ( DeFi ) Fund ...",GlobeNewswire,https://www.globenewswire.com/news-release/2025/01/08/3006697/0/en/Grayscale-Investments-Announces-Rebalancing-of-Multi-Asset-Funds-for-Fourth-Quarter-2024.html,0.077177,https://www.globenewswire.com/news-release/2025/01/08/3006697/0/en/Grayscale-Investments-Announces-Rebalancing-of-Multi-Asset-Funds-for-Fourth-Quarter-2024.html,Grayscale Investments® Announces Rebalancing of Multi-Asset Funds for Fourth Quarter 2024,Grayscale Investments,https://ml.globenewswire.com/Resource/Download/4b944bce-637f-4386-ac51-330819cae5f3,www.globenewswire.com,"Blockchain,Financial Markets",0.16914,Somewhat-Bullish,"[{""ticker"": ""CRYPTO:ETH"", ""relevance_score"": ""0.128272"", ""ticker_sentiment_score"": ""0.11715"", ""ticker_sentiment_label"": ""Neutral""}, {""ticker"": ""CRYPTO:ADA"", ""relevance_score"": ""0.077177"", ""ticker_sentiment_score"": ""0.006118"", ""ticker_sentiment_label"": ""Neutral""}]"
2025-01-08,"Amid the fervor surrounding Bitcoin's recent surge above $100,000, altcoins like Solana, Cardano, and Dogecoin have enjoyed their own rallies. There is clear excitement in the world of crypto investing.XRP ( CRYPTO: XRP ) in particular has garnered a lot of attention for shooting up about 400% ...",Motley Fool,https://www.fool.com/investing/2025/01/08/should-you-buy-xrp-while-its-under-3/,0.069495,https://www.fool.com/investing/2025/01/08/should-you-buy-xrp-while-its-under-3/,Should You Buy XRP While It's Under $3?,Johnny Rice,https://g.foolcdn.com/editorial/images/803032/trump-xrp-sec-regulatory-impact-crypto-investing.jpg,www.fool.com,"Earnings,Blockchain,Financial Markets",0.221727,Somewhat-Bullish,"[{""ticker"": ""CRYPTO:BTC"", ""relevance_score"": ""0.138464"", ""ticker_sentiment_score"": ""0.174862"", ""ticker_sentiment_label"": ""Somewhat-Bullish""}, {""ticker"": ""CRYPTO:DOGE"", ""relevance_score"": ""0.069495"", ""ticker_sentiment_score"": ""0.320574"", ""ticker_sentiment_label"": ""Somewhat-Bullish""}, {""ticker"": ""CRYPTO:ADA"", ""relevance_score"": ""0.069495"", ""ticker_sentiment_score"": ""0.320574"", ""ticker_sentiment_label"": ""Somewhat-Bullish""}]"
2025-01-08,"Pseudonymous cryptocurrency analyst Ali Martinez has cautioned that Bitcoin BTC/USD is vulnerable to a steep decline, citing a lack of substantial support below the $92,000 mark.",Benzinga,https://www.benzinga.com/markets/cryptocurrency/25/01/42882375/92000-is-bitcoins-key-support-heres-what-top-analyst-says-will-happen-if-it-fails,0.194242,https://www.benzinga.com/markets/cryptocurrency/25/01/42882375/92000-is-bitcoins-key-support-heres-what-top-analyst-says-will-happen-if-it-fails,"$92,000 Is Bitcoin's Key Support - Here's What Top Analyst Says Will Happen If It Fails",Murtuza Merchant,https://cdn.benzinga.com/files/images/story/2025/01/08/analysis-4937349_0.jpeg?width=1200&height=800&fit=crop,www.benzinga.com,"Blockchain,Financial Markets",-0.147973,Neutral,"[{""ticker"": ""CRYPTO:BTC"", ""relevance_score"": ""0.859898"", ""ticker_sentiment_score"": ""-0.458772"", ""ticker_sentiment_label"": ""Bearish""}, {""ticker"": ""CRYPTO:DOGE"", ""relevance_score"": ""0.194242"", ""ticker_sentiment_score"": ""0.268152"", ""ticker_sentiment_label"": ""Somewhat-Bullish""}, {""ticker"": ""CRYPTO:SOL"", ""relevance_score"": ""0.097854"", ""ticker_sentiment_score"": ""0.188786"", ""ticker_sentiment_label"": ""Somewhat-Bullish""}, {""ticker"": ""CRYPTO:ALIS"", ""relevance_score"": ""0.097854"", ""ticker_sentiment_score"": ""0.092179"", ""ticker_sentiment_label"": ""Neutral""}, {""ticker"": ""CRYPTO:ADA"", ""relevance_score"": ""0.194242"", ""ticker_sentiment_score"": ""0.268152"", ""ticker_sentiment_label"": ""Somewhat-Bullish""}]"
2025-01-09,"The remainder of the fund's assets will be split among XRP, Solana, and now Cardano.",Decrypt.co,https://decrypt.co/300214/grayscale-lage-cap-fund-bitcoin-ethereum-cardano,0.488007,https://decrypt.co/300214/grayscale-lage-cap-fund-bitcoin-ethereum-cardano,Grayscale Rebalances Crypto Large Cap Fund to 90% Bitcoin and Ethereum,Connor Sephton,https://cdn.decrypt.co/resize/1024/height/512/wp-content/uploads/2025/01/Shutterstock_2253092361-gID_7.jpg,decrypt.co,"Blockchain,Financial Markets",0.068926,Neutral,"[{""ticker"": ""CRYPTO:BTC"", ""relevance_score"": ""0.130217"", ""ticker_sentiment_score"": ""-0.117529"", ""ticker_sentiment_label"": ""Neutral""}, {""ticker"": ""CRYPTO:ETH"", ""relevance_score"": ""0.256989"", ""ticker_sentiment_score"": ""0.037077"", ""ticker_sentiment_label"": ""Neutral""}, {""ticker"": ""CRYPTO:FIL"", ""relevance_score"": ""0.130217"", ""ticker_sentiment_score"": ""0.0"", ""ticker_sentiment_label"": ""Neutral""}, {""ticker"": ""CRYPTO:AAVE"", ""relevance_score"": ""0.130217"", ""ticker_sentiment_score"": ""0.086825"", ""ticker_sentiment_label"": ""Neutral""}, {""ticker"": ""CRYPTO:UNI"", ""relevance_score"": ""0.130217"", ""ticker_sentiment_score"": ""0.086825"", ""ticker_sentiment_label"": ""Neutral""}, {""ticker"": ""CRYPTO:ADA"", ""relevance_score"": ""0.488007"", ""ticker_sentiment_score"": ""-0.221945"", ""ticker_sentiment_label"": ""Somewhat-Bearish""}]"
2025-01-09,"Santiment data reveals shifting sentiment across the largest crypto market caps, with trends ranging from neutral to bullish. Dogecoin exhibits bearish sentiment, while XRP maintains a slightly bullish outlook. Get Monthly Picks of Market's Fastest Movers",Benzinga,https://www.benzinga.com/markets/cryptocurrency/25/01/42900509/social-media-sentiment-report-shows-only-one-out-of-bitcoin-xrp-dogecoin-is-bullish,0.236588,https://www.benzinga.com/markets/cryptocurrency/25/01/42900509/social-media-sentiment-report-shows-only-one-out-of-bitcoin-xrp-dogecoin-is-bullish,"Social Media Sentiment Report Shows Only One Out Of Bitcoin, XRP, Dogecoin Is Bullish",Khyathi Dalal,https://cdn.benzinga.com/files/images/story/2025/01/09/Cryptocurrency-Photo-by-Avi-Rozen-on-Shu.jpeg?width=1200&height=800&fit=crop,www.benzinga.com,"Blockchain,Financial Markets",0.359614,Bullish,"[{""ticker"": ""CRYPTO:BTC"", ""relevance_score"": ""0.236588"", ""ticker_sentiment_score"": ""0.160828"", ""ticker_sentiment_label"": ""Somewhat-Bullish""}, {""ticker"": ""CRYPTO:ETH"", ""relevance_score"": ""0.236588"", ""ticker_sentiment_score"": ""0.056336"", ""ticker_sentiment_label"": ""Neutral""}, {""ticker"": ""CRYPTO:DOGE"", ""relevance_score"": ""0.311829"", ""ticker_sentiment_score"": ""0.138056"", ""ticker_sentiment_label"": ""Neutral""}, {""ticker"": ""CRYPTO:ADA"", ""relevance_score"": ""0.236588"", ""ticker_sentiment_score"": ""0.078337"", ""ticker_sentiment_label"": ""Neutral""}, {""ticker"": ""CRYPTO:BNB"", ""relevance_score"": ""0.159043"", ""ticker_sentiment_score"": ""0.040088"", ""ticker_sentiment_label"": ""Neutral""}, {""ticker"": ""CRYPTO:XRP"", ""relevance_score"": ""0.236588"", ""ticker_sentiment_score"": ""0.343846"", ""ticker_sentiment_label"": ""Somewhat-Bullish""}]"
2025-01-10,"Ignoring recent downsides, a popular cryptocurrency trader on Thursday reiterated their bullish forecast for Dogecoin DOGE/USD this year. What Happened: Trader Tardigrade, noted for recognizing patterns and forecasting price movements, expressed confidence that the dog-themed cryptocurrency will ...",Benzinga,https://www.benzinga.com/25/01/42904831/dogecoin-has-dropped-16-over-the-past-month-but-this-analyst-says-retracement-often-occurs-before-a-massive-spike,0.181819,https://www.benzinga.com/25/01/42904831/dogecoin-has-dropped-16-over-the-past-month-but-this-analyst-says-retracement-often-occurs-before-a-massive-spike,"Dogecoin Has Dropped 16% Over A Month, But This Trader Is Confident The Meme King Will Hit $1 In 2025",Aniket Verma,https://cdn.benzinga.com/files/images/story/2025/01/09/Elon-Musk-rilancia-Dogecoin-la-meme-coin.jpeg?width=1200&height=800&fit=crop,www.benzinga.com,Blockchain,0.217935,Somewhat-Bullish,"[{""ticker"": ""CRYPTO:BTC"", ""relevance_score"": ""0.091509"", ""ticker_sentiment_score"": ""-0.076498"", ""ticker_sentiment_label"": ""Neutral""}, {""ticker"": ""CRYPTO:ETH"", ""relevance_score"": ""0.181819"", ""ticker_sentiment_score"": ""0.15701"", ""ticker_sentiment_label"": ""Somewhat-Bullish""}, {""ticker"": ""CRYPTO:DOGE"", ""relevance_score"": ""0.86489"", ""ticker_sentiment_score"": ""0.316889"", ""ticker_sentiment_label"": ""Somewhat-Bullish""}, {""ticker"": ""CRYPTO:ADA"", ""relevance_score"": ""0.181819"", ""ticker_sentiment_score"": ""0.15701"", ""ticker_sentiment_label"": ""Somewhat-Bullish""}]"
2025-01-10,"The altcoin momentum that drove many cryptocurrencies sharply higher in the second half of 2024 has reversed in 2025 and values are dropping like a rock. This week alone, many altcoins were down double digits and the slide may continue as the speculative bubble bursts.According to data provided ...",Motley Fool,https://www.fool.com/investing/2025/01/10/why-cardano-solana-aptos-and-polkadot-all-crashed/,0.239698,https://www.fool.com/investing/2025/01/10/why-cardano-solana-aptos-and-polkadot-all-crashed/,"Why Cardano, Solana, Aptos, and Polkadot All Crashed This Week",Travis Hoium,https://g.foolcdn.com/image/?url=https%3A%2F%2Fg.foolcdn.com%2Feditorial%2Fimages%2F803537%2Fcryptocurrency-tracking-on-phone.jpg&op=resize&w=700,www.fool.com,"Economy - Monetary,Blockchain,Economy - Macro",0.207112,Somewhat-Bullish,"[{""ticker"": ""SPGI"", ""relevance_score"": ""0.081001"", ""ticker_sentiment_score"": ""0.014417"", ""ticker_sentiment_label"": ""Neutral""}, {""ticker"": ""CRYPTO:DOT"", ""relevance_score"": ""0.081001"", ""ticker_sentiment_score"": ""0.014417"", ""ticker_sentiment_label"": ""Neutral""}, {""ticker"": ""CRYPTO:SOL"", ""relevance_score"": ""0.081001"", ""ticker_sentiment_score"": ""0.014417"", ""ticker_sentiment_label"": ""Neutral""}, {""ticker"": ""CRYPTO:ADA"", ""relevance_score"": ""0.239698"", ""ticker_sentiment_score"": ""-0.016601"", ""ticker_sentiment_label"": ""Neutral""}]"
2025-01-10,"XRP XRP/USD is gaining traction, with an increase in wallet holders and a potential bullish breakout, reflecting renewed investor confidence in the altcoin. Trader Notes: Crypto trader Mayne highlighted XRP's chart as one of the most promising among major cryptocurrencies.",Benzinga,https://www.benzinga.com/markets/cryptocurrency/25/01/42925984/xrp-price-up-2-has-incredible-stuff-coming-out-advocate-touts,0.09989,https://www.benzinga.com/markets/cryptocurrency/25/01/42925984/xrp-price-up-2-has-incredible-stuff-coming-out-advocate-touts,"XRP Price Up 2%, Has 'Incredible Stuff Coming Out,' Advocate Touts",Khyathi Dalal,https://cdn.benzinga.com/files/images/story/2025/01/10/7--XRP.jpeg?width=1200&height=800&fit=crop,www.benzinga.com,Blockchain,0.286793,Somewhat-Bullish,"[{""ticker"": ""CRYPTO:BTC"", ""relevance_score"": ""0.09989"", ""ticker_sentiment_score"": ""0.138345"", ""ticker_sentiment_label"": ""Neutral""}, {""ticker"": ""CRYPTO:ETH"", ""relevance_score"": ""0.198221"", ""ticker_sentiment_score"": ""0.156585"", ""ticker_sentiment_label"": ""Somewhat-Bullish""}, {""ticker"": ""CRYPTO:LINK"", ""relevance_score"": ""0.09989"", ""ticker_sentiment_score"": ""0.089176"", ""ticker_sentiment_label"": ""Neutral""}, {""ticker"": ""CRYPTO:ADA"", ""relevance_score"": ""0.09989"", ""ticker_sentiment_score"": ""0.089176"", ""ticker_sentiment_label"": ""Neutral""}, {""ticker"": ""CRYPTO:XRP"", ""relevance_score"": ""0.7414"", ""ticker_sentiment_score"": ""0.597271"", ""ticker_sentiment_label"": ""Bullish""}]"
2025-01-14,"Thomas Lee suggests Bitcoin's price correction is normal but believes it could drop to $70,000. Fairlead Strategies shows a short-term bearish outlook for both Bitcoin and Ethereum, but is long-term bullish. Get Real-Time News and Alerts for Your Portfolio",Benzinga,https://www.benzinga.com/markets/cryptocurrency/25/01/42969737/bitcoin-rebounds-to-96500-defies-284m-etf-outflows-heres-what-experts-see-happening-next,0.134214,https://www.benzinga.com/markets/cryptocurrency/25/01/42969737/bitcoin-rebounds-to-96500-defies-284m-etf-outflows-heres-what-experts-see-happening-next,"Bitcoin Rebounds To $96,500, Defies $284M ETF Outflows: Here's What Experts See Happening Next",Murtuza Merchant,https://cdn.benzinga.com/files/images/story/2025/01/14/Why-It-Matters.jpeg?width=1200&height=800&fit=crop,www.benzinga.com,"Blockchain,Financial Markets",0.105287,Neutral,"[{""ticker"": ""CRYPTO:BTC"", ""relevance_score"": ""0.553082"", ""ticker_sentiment_score"": ""0.068196"", ""ticker_sentiment_label"": ""Neutral""}, {""ticker"": ""CRYPTO:ETH"", ""relevance_score"": ""0.500995"", ""ticker_sentiment_score"": ""-0.070692"", ""ticker_sentiment_label"": ""Neutral""}, {""ticker"": ""CRYPTO:SHIB"", ""relevance_score"": ""0.134214"", ""ticker_sentiment_score"": ""0.112119"", ""ticker_sentiment_label"": ""Neutral""}, {""ticker"": ""CRYPTO:DOGE"", ""relevance_score"": ""0.134214"", ""ticker_sentiment_score"": ""0.112119"", ""ticker_sentiment_label"": ""Neutral""}, {""ticker"": ""CRYPTO:SOL"", ""relevance_score"": ""0.067347"", ""ticker_sentiment_score"": ""0.094222"", ""ticker_sentiment_label"": ""Neutral""}, {""ticker"": ""CRYPTO:ADA"", ""relevance_score"": ""0.134214"", ""ticker_sentiment_score"": ""0.112119"", ""ticker_sentiment_label"": ""Neutral""}]"
2025-01-15,Cardano's ADA/USD price rally has caught social media traders' attention as whale activity surges and institutional interest grows. Trader Notes: Crypto influencer More Crypto Online points out price has yet to achieve an upside breakout.,Benzinga,https://www.benzinga.com/markets/cryptocurrency/25/01/43012691/cardano-price-up-6-whats-going-on-with-ada,0.817578,https://www.benzinga.com/markets/cryptocurrency/25/01/43012691/cardano-price-up-6-whats-going-on-with-ada,Cardano Price Up 6%: What's Going On With ADA?,Khyathi Dalal,https://cdn.benzinga.com/files/images/story/2025/01/15/untitled_2.jpeg?width=1200&height=800&fit=crop,www.benzinga.com,Financial Markets,0.232291,Somewhat-Bullish,"[{""ticker"": ""CRYPTO:ADA"", ""relevance_score"": ""0.817578"", ""ticker_sentiment_score"": ""0.266036"", ""ticker_sentiment_label"": ""Somewhat-Bullish""}]"
2025-01-15,"XRP is now less than 10% away from an all-time high as Bitcoin hovers around $100,000 and Solana and Dogecoin hit weekly price peaks.",Decrypt.co,https://decrypt.co/301211/xrp-3-first-time-2018-dogecoin-solana-weekly-highs,0.16171,https://decrypt.co/301211/xrp-3-first-time-2018-dogecoin-solana-weekly-highs,"XRP Blasts Above $3 for First Time Since 2018 as Dogecoin, Solana Hit Weekly Highs",Andrew Hayward,https://cdn.decrypt.co/resize/1024/height/512/wp-content/uploads/2023/07/xrp-shutterstock_1705593328-16x9-1-gID_7.jpg,decrypt.co,"Economy - Monetary,Financial Markets",0.112478,Neutral,"[{""ticker"": ""CRYPTO:BTC"", ""relevance_score"": ""0.316846"", ""ticker_sentiment_score"": ""0.022942"", ""ticker_sentiment_label"": ""Neutral""}, {""ticker"": ""CRYPTO:DOGE"", ""relevance_score"": ""0.316846"", ""ticker_sentiment_score"": ""0.113879"", ""ticker_sentiment_label"": ""Neutral""}, {""ticker"": ""CRYPTO:ADA"", ""relevance_score"": ""0.16171"", ""ticker_sentiment_score"": ""0.067631"", ""ticker_sentiment_label"": ""Neutral""}]"
2025-01-16,"Stockholm, January 16, 2025 - Virtune, a leading Swedish regulated crypto asset manager and issuer of exchange-traded products ( ETPs ) , announces it has surpassed SEK 3 billion in assets under management ( AUM ) at the beginning of 2025. The company also reports its first profitable quarter ...",GlobeNewswire,https://www.globenewswire.com/news-release/2025/01/16/3010658/0/en/Virtune-Surpasses-SEK-3-Billion-in-Assets-Under-Management-AUM-and-Reports-Its-First-Profitable-Quarter.html,0.108712,https://www.globenewswire.com/news-release/2025/01/16/3010658/0/en/Virtune-Surpasses-SEK-3-Billion-in-Assets-Under-Management-AUM-and-Reports-Its-First-Profitable-Quarter.html,Virtune Surpasses SEK 3 Billion in Assets Under Management  ( AUM )  and Reports Its First Profitable Quarter,Virtune AB (Publ),https://ml-eu.globenewswire.com/Resource/Download/da0bec69-79eb-4618-87fd-d96aa395aaed,www.globenewswire.com,"Finance,Blockchain,Financial Markets",0.305901,Somewhat-Bullish,"[{""ticker"": ""COIN"", ""relevance_score"": ""0.108712"", ""ticker_sentiment_score"": ""0.151972"", ""ticker_sentiment_label"": ""Somewhat-Bullish""}, {""ticker"": ""FLTLF"", ""relevance_score"": ""0.054483"", ""ticker_sentiment_score"": ""0.160827"", ""ticker_sentiment_label"": ""Somewhat-Bullish""}, {""ticker"": ""CRYPTO:BTC"", ""relevance_score"": ""0.054483"", ""ticker_sentiment_score"": ""0.02197"", ""ticker_sentiment_label"": ""Neutral""}, {""ticker"": ""CRYPTO:ETH"", ""relevance_score"": ""0.162437"", ""ticker_sentiment_score"": ""0.029646"", ""ticker_sentiment_label"": ""Neutral""}, {""ticker"": ""CRYPTO:ADA"", ""relevance_score"": ""0.108712"", ""ticker_sentiment_score"": ""0.024128"", ""ticker_sentiment_label"": ""Neutral""}]"
2025-01-17,"In 2025, Ethereum ( CRYPTO: ETH ) will celebrate its 10th anniversary. When Ethereum first launched in July 2015, it traded for less than $3. Ten years later, it's now trading for $3,200. Over the past decade, Ethereum has even outperformed Bitcoin ( CRYPTO: BTC ) .However, there's growing ...",Motley Fool,https://www.fool.com/investing/2025/01/17/should-you-buy-ethereum-in-2025/,0.113329,https://www.fool.com/investing/2025/01/17/should-you-buy-ethereum-in-2025/,Should You Buy Ethereum in 2025?,Dominic Basulto,https://s3.tradingview.com/snapshots/v/vIfV3qYW.png,www.fool.com,"Finance,Blockchain,Financial Markets",0.163351,Somewhat-Bullish,"[{""ticker"": ""COIN"", ""relevance_score"": ""0.113329"", ""ticker_sentiment_score"": ""0.122953"", ""ticker_sentiment_label"": ""Neutral""}, {""ticker"": ""CRYPTO:BTC"", ""relevance_score"": ""0.27838"", ""ticker_sentiment_score"": ""0.132139"", ""ticker_sentiment_label"": ""Neutral""}, {""ticker"": ""CRYPTO:ETH"", ""relevance_score"": ""0.925165"", ""ticker_sentiment_score"": ""0.291801"", ""ticker_sentiment_label"": ""Somewhat-Bullish""}, {""ticker"": ""CRYPTO:ADA"", ""relevance_score"": ""0.113329"", ""ticker_sentiment_score"": ""0.057937"", ""ticker_sentiment_label"": ""Neutral""}]"
2025-01-18,Consider these pros and cons before starting a position in this leading cryptocurrency.,Motley Fool,https://www.fool.com/investing/2025/01/18/should-you-buy-ethereum-while-its-under-3500/,0.073773,https://www.fool.com/investing/2025/01/18/should-you-buy-ethereum-while-its-under-3500/,"Should You Buy Ethereum While It's Under $3,500?",Anders Bylund,https://g.foolcdn.com/editorial/images/804331/crypto-currency-ethereum-eth.jpg,www.fool.com,"Retail & Wholesale,Blockchain,Financial Markets",0.170727,Somewhat-Bullish,"[{""ticker"": ""BBY"", ""relevance_score"": ""0.036926"", ""ticker_sentiment_score"": ""0.165128"", ""ticker_sentiment_label"": ""Somewhat-Bullish""}, {""ticker"": ""CRYPTO:BTC"", ""relevance_score"": ""0.218817"", ""ticker_sentiment_score"": ""-0.061859"", ""ticker_sentiment_label"": ""Neutral""}, {""ticker"": ""CRYPTO:ETH"", ""relevance_score"": ""0.66906"", ""ticker_sentiment_score"": ""0.238124"", ""ticker_sentiment_label"": ""Somewhat-Bullish""}, {""ticker"": ""CRYPTO:ADA"", ""relevance_score"": ""0.073773"", ""ticker_sentiment_score"": ""0.223957"", ""ticker_sentiment_label"": ""Somewhat-Bullish""}]"
2025-01-19,"Sherpa, a highly followed crypto analyst, has forecasted a significant surge for the altcoin Hyperliquid HYPE/USD. What Happened: In a post on X, Sherpa shared his bullish perspective on Hyperliquid.",Benzinga,https://www.benzinga.com/markets/cryptocurrency/25/01/43076996/forget-dogecoin-and-shiba-inu-this-altcoin-expected-to-skyrocket-by-116-before-end-of-this,0.364275,https://www.benzinga.com/markets/cryptocurrency/25/01/43076996/forget-dogecoin-and-shiba-inu-this-altcoin-expected-to-skyrocket-by-116-before-end-of-this,Forget Dogecoin And Shiba Inu - This Altcoin Expected To Skyrocket By 116% Before End Of This Cycle,Bibhu Pattnaik,https://cdn.benzinga.com/files/images/story/2025/01/19/Crypto-Bitcoin-Altcoins-Shutterstock.jpeg?width=1200&height=800&fit=crop,www.benzinga.com,"Blockchain,Financial Markets",0.220239,Somewhat-Bullish,"[{""ticker"": ""CRYPTO:DOGE"", ""relevance_score"": ""0.472338"", ""ticker_sentiment_score"": ""0.333464"", ""ticker_sentiment_label"": ""Somewhat-Bullish""}, {""ticker"": ""CRYPTO:ADA"", ""relevance_score"": ""0.364275"", ""ticker_sentiment_score"": ""0.342958"", ""ticker_sentiment_label"": ""Somewhat-Bullish""}, {""ticker"": ""CRYPTO:XRP"", ""relevance_score"": ""0.247838"", ""ticker_sentiment_score"": ""0.259126"", ""ticker_sentiment_label"": ""Somewhat-Bullish""}]"
2025-01-22,"NEW YORK, Jan. 21, 2025 /PRNewswire/ -- Report with the AI impact on market trends - The global cryptocurrency market size is estimated to grow by USD 39.75 billion from 2025-2029, according to Technavio. The market is estimated to grow at a CAGR of 16.7% during the forecast period.",Benzinga,https://www.benzinga.com/pressreleases/25/01/n43118980/cryptocurrency-market-to-grow-by-usd-39-75-billion-2025-2029-fueled-by-digital-asset-investments-r,0.023603,https://www.benzinga.com/pressreleases/25/01/n43118980/cryptocurrency-market-to-grow-by-usd-39-75-billion-2025-2029-fueled-by-digital-asset-investments-r,"Cryptocurrency Market to Grow by USD 39.75 Billion  ( 2025-2029 ) , Fueled by Digital Asset Investments, Report Highlights AI-Driven Market Transformation - Technavio",PRNewswire,https://mma.prnewswire.com/media/2602753/Technavio_Global_Cryptocurrency_Market_2025_2029_Infographic.jpg,www.benzinga.com,"Life Sciences,Technology,Finance,Blockchain,Economy - Monetary,Retail & Wholesale,Financial Markets,Manufacturing,Real Estate & Construction",0.290798,Somewhat-Bullish,"[{""ticker"": ""MARA"", ""relevance_score"": ""0.023603"", ""ticker_sentiment_score"": ""0.067956"", ""ticker_sentiment_label"": ""Neutral""}, {""ticker"": ""MSFT"", ""relevance_score"": ""0.047185"", ""ticker_sentiment_score"": ""0.179429"", ""ticker_sentiment_label"": ""Somewhat-Bullish""}, {""ticker"": ""PYPL"", ""relevance_score"": ""0.023603"", ""ticker_sentiment_score"": ""0.168494"", ""ticker_sentiment_label"": ""Somewhat-Bullish""}, {""ticker"": ""TSLA"", ""relevance_score"": ""0.023603"", ""ticker_sentiment_score"": ""0.168494"", ""ticker_sentiment_label"": ""Somewhat-Bullish""}, {""ticker"": ""SBUX"", ""relevance_score"": ""0.070725"", ""ticker_sentiment_score"": ""0.182099"", ""ticker_sentiment_label"": ""Somewhat-Bullish""}, {""ticker"": ""RIOT"", ""relevance_score"": ""0.023603"", ""ticker_sentiment_score"": ""0.067956"", ""ticker_sentiment_label"": ""Neutral""}, {""ticker"": ""COIN"", ""relevance_score"": ""0.023603"", ""ticker_sentiment_score"": ""0.067956"", ""ticker_sentiment_label"": ""Neutral""}, {""ticker"": ""FOREX:USD"", ""relevance_score"": ""0.094204"", ""ticker_sentiment_score"": ""0.166404"", ""ticker_sentiment_label"": ""Somewhat-Bullish""}, {""ticker"": ""CRYPTO:BTC"", ""relevance_score"": ""0.321273"", ""ticker_sentiment_score"": ""0.241793"", ""ticker_sentiment_label"": ""Somewhat-Bullish""}, {""ticker"": ""CRYPTO:ETH"", ""relevance_score"": ""0.117601"", ""ticker_sentiment_score"": ""0.131293"", ""ticker_sentiment_label"": ""Neutral""}, {""ticker"": ""CRYPTO:SHIB"", ""relevance_score"": ""0.047185"", ""ticker_sentiment_score"": ""0.022999"", ""ticker_sentiment_label"": ""Neutral""}, {""ticker"": ""CRYPTO:DOGE"", ""relevance_score"": ""0.047185"", ""ticker_sentiment_score"": ""0.022999"", ""ticker_sentiment_label"": ""Neutral""}, {""ticker"": ""CRYPTO:KCS"", ""relevance_score"": ""0.023603"", ""ticker_sentiment_score"": ""0.067956"", ""ticker_sentiment_label"": ""Neutral""}, {""ticker"": ""CRYPTO:LTC"", ""relevance_score"": ""0.023603"", ""ticker_sentiment_score"": ""0.163189"", ""ticker_sentiment_label"": ""Somewhat-Bullish""}, {""ticker"": ""CRYPTO:BUSD"", ""relevance_score"": ""0.023603"", ""ticker_sentiment_score"": ""0.180002"", ""ticker_sentiment_label"": ""Somewhat-Bullish""}, {""ticker"": ""CRYPTO:ADA"", ""relevance_score"": ""0.023603"", ""ticker_sentiment_score"": ""0.067956"", ""ticker_sentiment_label"": ""Neutral""}]"
2025-01-23,"""I'm back with AIntivirus. An AI version of myself. You didn't think I would miss this cycle, did you,"" his X account asked. But is it real?",Decrypt.co,https://decrypt.co/302398/john-mcafees-twitter-promoting-solana-ai-token,0.05133,https://decrypt.co/302398/john-mcafees-twitter-promoting-solana-ai-token,Back From the Dead? John McAfee's Twitter Used to Promote Solana AI Token,Vismaya V,https://cdn.decrypt.co/resize/1024/height/512/wp-content/uploads/2022/07/Xeni-Jardin-John-McAfee-27342443604-gID_7.jpg,decrypt.co,"Finance,Blockchain,Financial Markets",-0.133485,Neutral,"[{""ticker"": ""WBD"", ""relevance_score"": ""0.05133"", ""ticker_sentiment_score"": ""-0.376897"", ""ticker_sentiment_label"": ""Bearish""}, {""ticker"": ""COIN"", ""relevance_score"": ""0.05133"", ""ticker_sentiment_score"": ""0.002997"", ""ticker_sentiment_label"": ""Neutral""}, {""ticker"": ""CRYPTO:BTC"", ""relevance_score"": ""0.05133"", ""ticker_sentiment_score"": ""-0.084375"", ""ticker_sentiment_label"": ""Neutral""}, {""ticker"": ""CRYPTO:ADA"", ""relevance_score"": ""0.05133"", ""ticker_sentiment_score"": ""0.007067"", ""ticker_sentiment_label"": ""Neutral""}]"
2025-01-24,"This week was the culmination of a lot of promises years coming in the crypto industry. President Trump ended some of the crypto regulation by enforcement actions taken over the last few years, and the Securities and Exchange Commission ( SEC ) pulled back SAB 122, which kept banks from holding ...",Motley Fool,https://www.fool.com/investing/2025/01/24/why-the-cryptocurrency-market-crashed-despite-trum/,0.294977,https://www.fool.com/investing/2025/01/24/why-the-cryptocurrency-market-crashed-despite-trum/,Why the Cryptocurrency Market Crashed Despite Trump's Executive Orders,Travis Hoium,https://g.foolcdn.com/editorial/images/805241/cryptocurrency-tracking-on-phone.jpg,www.fool.com,"Blockchain,Financial Markets",-0.024387,Neutral,"[{""ticker"": ""SPGI"", ""relevance_score"": ""0.075397"", ""ticker_sentiment_score"": ""-0.208568"", ""ticker_sentiment_label"": ""Somewhat-Bearish""}, {""ticker"": ""CRYPTO:ETH"", ""relevance_score"": ""0.223522"", ""ticker_sentiment_score"": ""0.241402"", ""ticker_sentiment_label"": ""Somewhat-Bullish""}, {""ticker"": ""CRYPTO:UNI"", ""relevance_score"": ""0.294977"", ""ticker_sentiment_score"": ""-0.051947"", ""ticker_sentiment_label"": ""Neutral""}, {""ticker"": ""CRYPTO:ADA"", ""relevance_score"": ""0.294977"", ""ticker_sentiment_score"": ""-0.293314"", ""ticker_sentiment_label"": ""Somewhat-Bearish""}]"
2025-01-24,"LIJA, Malta, Jan. 24, 2025 ( GLOBE NEWSWIRE ) -- Blocscale, the pioneering Initial DEX Offering ( IDO ) launchpad built on the XRP Ledger ( XRPL ) , is aimed to significantly contribute to the anticipated growth of XRP. This initiative aligns with recent market developments and analysis ...",Benzinga,https://www.benzinga.com/pressreleases/25/01/g43186049/blocscale-launchpad-on-xrp-ledger-set-to-propel-xrps-growth-as-investors-interest-in-blocscales-bl,0.071357,https://www.benzinga.com/pressreleases/25/01/g43186049/blocscale-launchpad-on-xrp-ledger-set-to-propel-xrps-growth-as-investors-interest-in-blocscales-bl,"Blocscale Launchpad on XRP Ledger Set to Propel XRP's Growth, As Investors Interest in Blocscale's $BLOC Token Sale Continues to Surge",Globe Newswire,https://ml.globenewswire.com/Resource/Download/23ff0d22-15a8-4826-b1ff-dd8d36fc0996/photo-2025-01-24-16-06-35.jpeg,www.benzinga.com,"Finance,Blockchain,Financial Markets",0.428832,Bullish,"[{""ticker"": ""COIN"", ""relevance_score"": ""0.071357"", ""ticker_sentiment_score"": ""0.201553"", ""ticker_sentiment_label"": ""Somewhat-Bullish""}, {""ticker"": ""CRYPTO:ETH"", ""relevance_score"": ""0.071357"", ""ticker_sentiment_score"": ""0.212348"", ""ticker_sentiment_label"": ""Somewhat-Bullish""}, {""ticker"": ""CRYPTO:ADA"", ""relevance_score"": ""0.071357"", ""ticker_sentiment_score"": ""0.212348"", ""ticker_sentiment_label"": ""Somewhat-Bullish""}, {""ticker"": ""CRYPTO:XRP"", ""relevance_score"": ""0.872088"", ""ticker_sentiment_score"": ""0.691934"", ""ticker_sentiment_label"": ""Bullish""}]"
2025-01-27,"Cryptocurrencies struggled Monday as tech and artificial intelligence ( AI ) stocks sold off and with the Federal Reserve's January meeting on the docket this week. Bitcoin, the world's largest cryptocurrency and a bellwether for the sector, traded 4% lower since the late afternoon yesterday, ...",Motley Fool,https://www.fool.com/investing/2025/01/27/why-cryptocurrencies-shiba-inu-solana-and-cardano/,0.2035,https://www.fool.com/investing/2025/01/27/why-cryptocurrencies-shiba-inu-solana-and-cardano/,"Why Cryptocurrencies Shiba Inu, Solana, and Cardano Are Falling Today",Bram Berkowitz,https://g.foolcdn.com/editorial/images/805392/person-concerned-3.jpg,www.fool.com,"Economy - Monetary,Blockchain",0.00486,Neutral,"[{""ticker"": ""CRYPTO:BTC"", ""relevance_score"": ""0.136499"", ""ticker_sentiment_score"": ""0.008891"", ""ticker_sentiment_label"": ""Neutral""}, {""ticker"": ""CRYPTO:SHIB"", ""relevance_score"": ""0.2035"", ""ticker_sentiment_score"": ""0.006767"", ""ticker_sentiment_label"": ""Neutral""}, {""ticker"": ""CRYPTO:SOL"", ""relevance_score"": ""0.068502"", ""ticker_sentiment_score"": ""-0.071083"", ""ticker_sentiment_label"": ""Neutral""}, {""ticker"": ""CRYPTO:ADA"", ""relevance_score"": ""0.2035"", ""ticker_sentiment_score"": ""0.006767"", ""ticker_sentiment_label"": ""Neutral""}]"
2025-01-27,"Dogecoin fell hard on Monday, dropping below $0.31 as Bitcoin, Solana, and other coins echoed the stock market's dive.",Decrypt.co,https://decrypt.co/303002/dogecoin-lowest-price-2025-trump-solana-stumble,0.304428,https://decrypt.co/303002/dogecoin-lowest-price-2025-trump-solana-stumble,Dogecoin Hits Lowest Price So Far in 2025 as Trump Meme Coin and Solana Stumble,Mat Di Salvo,https://cdn.decrypt.co/resize/1024/height/512/wp-content/uploads/2023/04/0_0-2-gID_7.png,decrypt.co,"Blockchain,Financial Markets,Manufacturing",-0.009661,Neutral,"[{""ticker"": ""TSLA"", ""relevance_score"": ""0.103778"", ""ticker_sentiment_score"": ""0.159406"", ""ticker_sentiment_label"": ""Somewhat-Bullish""}, {""ticker"": ""CRYPTO:BTC"", ""relevance_score"": ""0.304428"", ""ticker_sentiment_score"": ""0.030814"", ""ticker_sentiment_label"": ""Neutral""}, {""ticker"": ""CRYPTO:ETH"", ""relevance_score"": ""0.103778"", ""ticker_sentiment_score"": ""-0.088634"", ""ticker_sentiment_label"": ""Neutral""}, {""ticker"": ""CRYPTO:DOGE"", ""relevance_score"": ""0.398148"", ""ticker_sentiment_score"": ""-0.016627"", ""ticker_sentiment_label"": ""Neutral""}, {""ticker"": ""CRYPTO:ADA"", ""relevance_score"": ""0.304428"", ""ticker_sentiment_score"": ""-0.185931"", ""ticker_sentiment_label"": ""Somewhat-Bearish""}]"
2025-01-28,"The ETFs aim to track 200% of their reference assets' daily performance through swaps, call options, and direct investments.",Decrypt.co,https://decrypt.co/303115/tuttle-captial-seeks-sec-approval-for-first-ever-chainlink-cardano-and-polkadot-etfs,0.227007,https://decrypt.co/303115/tuttle-captial-seeks-sec-approval-for-first-ever-chainlink-cardano-and-polkadot-etfs,"Tuttle Captial Seeks SEC Approval for First-Ever Chainlink, Cardano, and Polkadot ETFs",Vismaya V,https://cdn.decrypt.co/resize/1024/height/512/wp-content/uploads/2024/04/crypto-etf-gID_7.jpg,decrypt.co,"Economy - Fiscal,Financial Markets",0.225846,Somewhat-Bullish,"[{""ticker"": ""CRYPTO:DOGE"", ""relevance_score"": ""0.114682"", ""ticker_sentiment_score"": ""0.218943"", ""ticker_sentiment_label"": ""Somewhat-Bullish""}, {""ticker"": ""CRYPTO:LINK"", ""relevance_score"": ""0.227007"", ""ticker_sentiment_score"": ""0.064773"", ""ticker_sentiment_label"": ""Neutral""}, {""ticker"": ""CRYPTO:LTC"", ""relevance_score"": ""0.171282"", ""ticker_sentiment_score"": ""0.262296"", ""ticker_sentiment_label"": ""Somewhat-Bullish""}, {""ticker"": ""CRYPTO:ADA"", ""relevance_score"": ""0.227007"", ""ticker_sentiment_score"": ""0.064773"", ""ticker_sentiment_label"": ""Neutral""}]"
2025-01-28,"A leveraged ETF amplifies the daily returns of an underlying asset through derivatives and debt. The proposed ETFs would offer 2x leveraged exposure to some hot crypto assets, including XRP, Solana, Litecoin, Cardano and Chainlin. Get Wall Street's Hottest Chart Every Morning",Benzinga,https://www.benzinga.com/25/01/43267246/tuttle-capital-pushes-boundaries-with-trump-and-melania-memecoin-etfs-along-with-few-others,0.31583,https://www.benzinga.com/25/01/43267246/tuttle-capital-pushes-boundaries-with-trump-and-melania-memecoin-etfs-along-with-few-others,"Tuttle Capital Pushes Boundaries With TRUMP And MELANIA Memecoin ETFs, Along With Few Others",Chandrima Sanyal,https://cdn.benzinga.com/files/images/story/2025/01/28/Donald-And-Melania-Trump-Memecoins-Crash.jpeg?width=1200&height=800&fit=crop,www.benzinga.com,"Technology,Blockchain,Financial Markets",0.258989,Somewhat-Bullish,"[{""ticker"": ""MSTR"", ""relevance_score"": ""0.081001"", ""ticker_sentiment_score"": ""0.091529"", ""ticker_sentiment_label"": ""Neutral""}, {""ticker"": ""CRYPTO:BTC"", ""relevance_score"": ""0.081001"", ""ticker_sentiment_score"": ""0.091529"", ""ticker_sentiment_label"": ""Neutral""}, {""ticker"": ""CRYPTO:LINK"", ""relevance_score"": ""0.239698"", ""ticker_sentiment_score"": ""0.280829"", ""ticker_sentiment_label"": ""Somewhat-Bullish""}, {""ticker"": ""CRYPTO:LTC"", ""relevance_score"": ""0.16117"", ""ticker_sentiment_score"": ""0.249629"", ""ticker_sentiment_label"": ""Somewhat-Bullish""}, {""ticker"": ""CRYPTO:ADA"", ""relevance_score"": ""0.31583"", ""ticker_sentiment_score"": ""0.337283"", ""ticker_sentiment_label"": ""Somewhat-Bullish""}]"
2025-01-29,"Cardano's Plomin hard fork is set to go live late Wednesday, letting ADA token holders participate in network governance.",Decrypt.co,https://decrypt.co/303424/cardano-hard-fork-ada-holders-governance,0.741116,https://decrypt.co/303424/cardano-hard-fork-ada-holders-governance,Major Cardano Hard Fork Will Give ADA Holders a Say in Network's Future,Mat Di Salvo,https://cdn.decrypt.co/resize/1024/height/512/wp-content/uploads/2025/01/cardano-gID_7.png,decrypt.co,Blockchain,0.232532,Somewhat-Bullish,"[{""ticker"": ""CRYPTO:ETH"", ""relevance_score"": ""0.128135"", ""ticker_sentiment_score"": ""0.241245"", ""ticker_sentiment_label"": ""Somewhat-Bullish""}, {""ticker"": ""CRYPTO:ADA"", ""relevance_score"": ""0.741116"", ""ticker_sentiment_score"": ""0.433345"", ""ticker_sentiment_label"": ""Bullish""}]"
2025-01-29,"Cardano's ADA/USD price has decreased 4.76% over the past 24 hours to $0.92, continuing its downward trend over the past week of -8.0%, moving from $0.99 to its current price. The chart below compares the price movement and volatility for Cardano over the past 24 hours ( left ) to its price ...",Benzinga,https://www.benzinga.com/insights/cryptocurrency/25/01/43306044/cardano-falls-more-than-4-in-24-hours,0.578355,https://www.benzinga.com/insights/cryptocurrency/25/01/43306044/cardano-falls-more-than-4-in-24-hours,Cardano Falls More Than 4% In 24 hours,Benzinga Insights,https://www.benzinga.com/files/images/story/2025/1738162877_0.png,www.benzinga.com,Financial Markets,0.042614,Neutral,"[{""ticker"": ""CRYPTO:ADA"", ""relevance_score"": ""0.578355"", ""ticker_sentiment_score"": ""-0.085444"", ""ticker_sentiment_label"": ""Neutral""}]"
2025-01-29,Futures trading will allow Robinhood users to speculate on price movements or hedge against market volatility across multiple asset classes. The platform's move into derivatives positions it as a competitor to traditional brokerages offering crypto and commodity futures.,Benzinga,https://www.benzinga.com/markets/cryptocurrency/25/01/43310167/robinhood-expands-trading-services-with-bitcoin-oil-gold-futures,0.159043,https://www.benzinga.com/markets/cryptocurrency/25/01/43310167/robinhood-expands-trading-services-with-bitcoin-oil-gold-futures,"Robinhood Expands Trading Services With Bitcoin, Oil, Gold Futures - Robinhood Markets  ( NASDAQ:HOOD ) ",Murtuza Merchant,https://cdn.benzinga.com/files/images/story/2025/01/29/Robinhood-Markets-Inc-.jpeg?width=1200&height=800&fit=crop,www.benzinga.com,"Finance,Blockchain,Financial Markets",0.239487,Somewhat-Bullish,"[{""ticker"": ""COIN"", ""relevance_score"": ""0.236588"", ""ticker_sentiment_score"": ""0.145889"", ""ticker_sentiment_label"": ""Neutral""}, {""ticker"": ""FOREX:EUR"", ""relevance_score"": ""0.079921"", ""ticker_sentiment_score"": ""0.072117"", ""ticker_sentiment_label"": ""Neutral""}, {""ticker"": ""FOREX:USD"", ""relevance_score"": ""0.517534"", ""ticker_sentiment_score"": ""0.399338"", ""ticker_sentiment_label"": ""Bullish""}, {""ticker"": ""CRYPTO:BTC"", ""relevance_score"": ""0.236588"", ""ticker_sentiment_score"": ""0.108802"", ""ticker_sentiment_label"": ""Neutral""}, {""ticker"": ""CRYPTO:ADA"", ""relevance_score"": ""0.159043"", ""ticker_sentiment_score"": ""0.323064"", ""ticker_sentiment_label"": ""Somewhat-Bullish""}]"
2025-01-30,"Dogecoin has been added to GMCI's newly launched USA Select Index alongside XRP, Solana, Chainlink and Cardano. A crypto trader highlights DOGE as one of the strongest altcoins that has consistently survived multiple market cycles. Get the Real Story Behind Every Major Earnings Report",Benzinga,https://www.benzinga.com/markets/cryptocurrency/25/01/43333080/dogecoin-sentiment-improves-after-etf-applicationwhen-will-the-explosive-move-come,0.204936,https://www.benzinga.com/markets/cryptocurrency/25/01/43333080/dogecoin-sentiment-improves-after-etf-applicationwhen-will-the-explosive-move-come,Dogecoin Sentiment Improves After ETF Application-When Will The 'Explosive' Move Come?,Khyathi Dalal,https://cdn.benzinga.com/files/images/story/2025/01/30/Dogecoin-Could-Surge-7185-In-2025--Top-A.jpeg?width=1200&height=800&fit=crop,www.benzinga.com,"Earnings,Blockchain,Financial Markets",0.197309,Somewhat-Bullish,"[{""ticker"": ""CRYPTO:BTC"", ""relevance_score"": ""0.204936"", ""ticker_sentiment_score"": ""-0.112209"", ""ticker_sentiment_label"": ""Neutral""}, {""ticker"": ""CRYPTO:DOGE"", ""relevance_score"": ""0.846873"", ""ticker_sentiment_score"": ""0.196267"", ""ticker_sentiment_label"": ""Somewhat-Bullish""}, {""ticker"": ""CRYPTO:LINK"", ""relevance_score"": ""0.204936"", ""ticker_sentiment_score"": ""-0.024337"", ""ticker_sentiment_label"": ""Neutral""}, {""ticker"": ""CRYPTO:LTC"", ""relevance_score"": ""0.103331"", ""ticker_sentiment_score"": ""-0.153781"", ""ticker_sentiment_label"": ""Somewhat-Bearish""}, {""ticker"": ""CRYPTO:ADA"", ""relevance_score"": ""0.204936"", ""ticker_sentiment_score"": ""-0.024337"", ""ticker_sentiment_label"": ""Neutral""}]"
2025-01-30,The SEC fined Kraken $30 million back in 2023 and forced it to shut down a similar staking product for U.S. customers.,Decrypt.co,https://decrypt.co/303602/crypto-exchange-kraken-staking,0.117486,https://decrypt.co/303602/crypto-exchange-kraken-staking,"Crypto Exchange Kraken Launches New Staking Business for Ethereum, Solana",Mat Di Salvo,https://cdn.decrypt.co/resize/1024/height/512/wp-content/uploads/2022/02/kraken-bitcoin-ethereum-exchange-gID_7.jpg,decrypt.co,"Blockchain,Financial Markets",0.257048,Somewhat-Bullish,"[{""ticker"": ""CRYPTO:ETH"", ""relevance_score"": ""0.232439"", ""ticker_sentiment_score"": ""0.147738"", ""ticker_sentiment_label"": ""Neutral""}, {""ticker"": ""CRYPTO:ADA"", ""relevance_score"": ""0.117486"", ""ticker_sentiment_score"": ""0.231234"", ""ticker_sentiment_label"": ""Somewhat-Bullish""}]"
2025-01-30,"MMC earnings call for the period ending December 31, 2024.",Motley Fool,https://www.fool.com/earnings/call-transcripts/2025/01/30/marsh-mclennan-companies-mmc-q4-2024-earnings-call/,0.014839,https://www.fool.com/earnings/call-transcripts/2025/01/30/marsh-mclennan-companies-mmc-q4-2024-earnings-call/,Marsh & McLennan Companies  ( MMC )  Q4 2024 Earnings Call Transcript,Motley Fool Transcribing,https://g.foolcdn.com/misc-assets/fool-transcripts-logo.png,www.fool.com,"Economy - Monetary,IPO,Financial Markets,Earnings,Mergers & Acquisitions,Finance",0.300122,Somewhat-Bullish,"[{""ticker"": ""EVR"", ""relevance_score"": ""0.004947"", ""ticker_sentiment_score"": ""0.0"", ""ticker_sentiment_label"": ""Neutral""}, {""ticker"": ""BCS"", ""relevance_score"": ""0.004947"", ""ticker_sentiment_score"": ""0.0"", ""ticker_sentiment_label"": ""Neutral""}, {""ticker"": ""GS"", ""relevance_score"": ""0.004947"", ""ticker_sentiment_score"": ""-0.062516"", ""ticker_sentiment_label"": ""Neutral""}, {""ticker"": ""WFC"", ""relevance_score"": ""0.004947"", ""ticker_sentiment_score"": ""0.0"", ""ticker_sentiment_label"": ""Neutral""}, {""ticker"": ""CRYPTO:ADA"", ""relevance_score"": ""0.014839"", ""ticker_sentiment_score"": ""0.214303"", ""ticker_sentiment_label"": ""Somewhat-Bullish""}]"
2025-01-30,"NEW YORK, Jan. 30, 2025 /PRNewswire/ -- Report with market evolution powered by AI - The global cryptocurrency market size is estimated to grow by USD 39.75 billion from 2025-2029, according to Technavio. The market is estimated to grow at a CAGR of 16.7% during the forecast period.",Benzinga,https://www.benzinga.com/pressreleases/25/01/n43327508/cryptocurrency-market-to-grow-by-usd-39-75-billion-2025-2029-rising-investment-in-digital-assets-t,0.024826,https://www.benzinga.com/pressreleases/25/01/n43327508/cryptocurrency-market-to-grow-by-usd-39-75-billion-2025-2029-rising-investment-in-digital-assets-t,"Cryptocurrency Market to Grow by USD 39.75 Billion  ( 2025-2029 ) , Rising Investment in Digital Assets to Boost Revenue, Report on AI Driving Market Transformation - Technavio",PRNewswire,https://mma.prnewswire.com/media/2608956/Technavio_Infographic.jpg,www.benzinga.com,"Life Sciences,Retail & Wholesale,Financial Markets,Real Estate & Construction,Finance,Blockchain",0.220519,Somewhat-Bullish,"[{""ticker"": ""MARA"", ""relevance_score"": ""0.024826"", ""ticker_sentiment_score"": ""0.068468"", ""ticker_sentiment_label"": ""Neutral""}, {""ticker"": ""RIOT"", ""relevance_score"": ""0.024826"", ""ticker_sentiment_score"": ""0.068468"", ""ticker_sentiment_label"": ""Neutral""}, {""ticker"": ""SBUX"", ""relevance_score"": ""0.123653"", ""ticker_sentiment_score"": ""0.178331"", ""ticker_sentiment_label"": ""Somewhat-Bullish""}, {""ticker"": ""COIN"", ""relevance_score"": ""0.024826"", ""ticker_sentiment_score"": ""0.068468"", ""ticker_sentiment_label"": ""Neutral""}, {""ticker"": ""FOREX:USD"", ""relevance_score"": ""0.099066"", ""ticker_sentiment_score"": ""0.14289"", ""ticker_sentiment_label"": ""Neutral""}, {""ticker"": ""CRYPTO:BTC"", ""relevance_score"": ""0.291182"", ""ticker_sentiment_score"": ""0.146985"", ""ticker_sentiment_label"": ""Neutral""}, {""ticker"": ""CRYPTO:ETH"", ""relevance_score"": ""0.19661"", ""ticker_sentiment_score"": ""0.096279"", ""ticker_sentiment_label"": ""Neutral""}, {""ticker"": ""CRYPTO:SHIB"", ""relevance_score"": ""0.024826"", ""ticker_sentiment_score"": ""0.068468"", ""ticker_sentiment_label"": ""Neutral""}, {""ticker"": ""CRYPTO:DOGE"", ""relevance_score"": ""0.024826"", ""ticker_sentiment_score"": ""0.068468"", ""ticker_sentiment_label"": ""Neutral""}, {""ticker"": ""CRYPTO:KCS"", ""relevance_score"": ""0.024826"", ""ticker_sentiment_score"": ""0.068468"", ""ticker_sentiment_label"": ""Neutral""}, {""ticker"": ""CRYPTO:LTC"", ""relevance_score"": ""0.024826"", ""ticker_sentiment_score"": ""0.041652"", ""ticker_sentiment_label"": ""Neutral""}, {""ticker"": ""CRYPTO:BUSD"", ""relevance_score"": ""0.024826"", ""ticker_sentiment_score"": ""0.14448"", ""ticker_sentiment_label"": ""Neutral""}, {""ticker"": ""CRYPTO:ADA"", ""relevance_score"": ""0.024826"", ""ticker_sentiment_score"": ""0.068468"", ""ticker_sentiment_label"": ""Neutral""}]"
2025-01-31,"NYSE Arca seeks to convert Grayscale's XRP Trust into a spot ETF, with Coinbase Custody and BNY Mellon handling key roles.",Decrypt.co,https://decrypt.co/303771/grayscale-seeks-xrp-etf-approval-as-trump-era-regulators-warm-to-crypto,0.169081,https://decrypt.co/303771/grayscale-seeks-xrp-etf-approval-as-trump-era-regulators-warm-to-crypto,Grayscale Seeks XRP ETF Approval as Trump-Era Regulators Warm to Crypto,Liz Napolitano,https://cdn.decrypt.co/resize/1024/height/512/wp-content/uploads/2022/09/grayscale-crypto-bitcoin-ethereum-gID_7.jpeg,decrypt.co,"Finance,Blockchain,Financial Markets",0.394364,Bullish,"[{""ticker"": ""COIN"", ""relevance_score"": ""0.085022"", ""ticker_sentiment_score"": ""0.202827"", ""ticker_sentiment_label"": ""Somewhat-Bullish""}, {""ticker"": ""CRYPTO:BTC"", ""relevance_score"": ""0.330654"", ""ticker_sentiment_score"": ""0.44344"", ""ticker_sentiment_label"": ""Bullish""}, {""ticker"": ""CRYPTO:ETH"", ""relevance_score"": ""0.251247"", ""ticker_sentiment_score"": ""0.428907"", ""ticker_sentiment_label"": ""Bullish""}, {""ticker"": ""CRYPTO:LINK"", ""relevance_score"": ""0.085022"", ""ticker_sentiment_score"": ""0.228759"", ""ticker_sentiment_label"": ""Somewhat-Bullish""}, {""ticker"": ""CRYPTO:ADA"", ""relevance_score"": ""0.169081"", ""ticker_sentiment_score"": ""0.216465"", ""ticker_sentiment_label"": ""Somewhat-Bullish""}]"
2025-01-31,"AI leaders emphasize cost-efficient inference-time compute, establishing performance per dollar and watt as key industry benchmarks. Security concerns emerge as DeepSeek's open-source approach could challenge regulatory frameworks and raise geopolitical AI tensions.",Benzinga,https://www.benzinga.com/markets/cryptocurrency/25/01/43382103/experts-say-deepseek-proves-high-performance-ai-possible-without-silicon-valleys-spending,0.092927,https://www.benzinga.com/markets/cryptocurrency/25/01/43382103/experts-say-deepseek-proves-high-performance-ai-possible-without-silicon-valleys-spending,Experts Say DeepSeek Proves High-Performance AI Possible Without Silicon Valley's Spending,Murtuza Merchant,https://cdn.benzinga.com/files/images/story/2025/01/31/deepseek-ai7.png?width=1200&height=800&fit=crop,www.benzinga.com,"Earnings,Blockchain,Financial Markets",0.098783,Neutral,"[{""ticker"": ""CRYPTO:BTC"", ""relevance_score"": ""0.092927"", ""ticker_sentiment_score"": ""-0.081314"", ""ticker_sentiment_label"": ""Neutral""}, {""ticker"": ""CRYPTO:ETH"", ""relevance_score"": ""0.092927"", ""ticker_sentiment_score"": ""-0.081314"", ""ticker_sentiment_label"": ""Neutral""}, {""ticker"": ""CRYPTO:DOGE"", ""relevance_score"": ""0.092927"", ""ticker_sentiment_score"": ""0.111703"", ""ticker_sentiment_label"": ""Neutral""}, {""ticker"": ""CRYPTO:SOL"", ""relevance_score"": ""0.046543"", ""ticker_sentiment_score"": ""0.105614"", ""ticker_sentiment_label"": ""Neutral""}, {""ticker"": ""CRYPTO:ADA"", ""relevance_score"": ""0.092927"", ""ticker_sentiment_score"": ""0.111703"", ""ticker_sentiment_label"": ""Neutral""}, {""ticker"": ""CRYPTO:BNB"", ""relevance_score"": ""0.092927"", ""ticker_sentiment_score"": ""0.111703"", ""ticker_sentiment_label"": ""Neutral""}]"
2025-02-02,"In previous crypto bull market cycles, Ethereum ( CRYPTO: ETH ) , XRP ( CRYPTO: XRP ) , and Chainlink ( CRYPTO: LINK ) have been top performers. As a result, many investors may be expecting an encore performance this year.But this is 2025, not 2021 or 2017.",Motley Fool,https://www.fool.com/investing/2025/02/02/oldies-but-goodies-should-you-still-be-investing-i/,0.045139,https://www.fool.com/investing/2025/02/02/oldies-but-goodies-should-you-still-be-investing-i/,"Oldies but Goodies: Should You Still Be Investing in Ethereum, XRP, or Chainlink in 2025?",Dominic Basulto,https://s3.tradingview.com/snapshots/e/eQVDKcwi.png,www.fool.com,"Blockchain,Financial Markets",0.198325,Somewhat-Bullish,"[{""ticker"": ""CRYPTO:BTC"", ""relevance_score"": ""0.179121"", ""ticker_sentiment_score"": ""0.029297"", ""ticker_sentiment_label"": ""Neutral""}, {""ticker"": ""CRYPTO:ETH"", ""relevance_score"": ""0.46648"", ""ticker_sentiment_score"": ""0.187927"", ""ticker_sentiment_label"": ""Somewhat-Bullish""}, {""ticker"": ""CRYPTO:LINK"", ""relevance_score"": ""0.349329"", ""ticker_sentiment_score"": ""0.43165"", ""ticker_sentiment_label"": ""Bullish""}, {""ticker"": ""CRYPTO:ADA"", ""relevance_score"": ""0.045139"", ""ticker_sentiment_score"": ""0.081684"", ""ticker_sentiment_label"": ""Neutral""}]"
2025-02-03,"From 4 p.m. ET on Friday, Cardano ( CRYPTO: ADA ) , Polkadot ( CRYPTO: DOT ) , and Avalanche ( CRYPTO: AVAX ) are among the worst performing large-cap cryptocurrencies, losing 39.3%, 33.7%, and 33.1%, respectively, as of 3 p.m.",Motley Fool,https://www.fool.com/investing/2025/02/03/crypto-crash-underway-cardano-polkado-and-avalanch/,0.412298,https://www.fool.com/investing/2025/02/03/crypto-crash-underway-cardano-polkado-and-avalanch/,"Crypto Crash Underway: Cardano, Polkado, and Avalanche Plunge More than 30%. Here's Why.",Chris MacDonald,https://g.foolcdn.com/editorial/images/806316/market-crash2.jpg,www.fool.com,"Blockchain,Financial Markets",0.152522,Somewhat-Bullish,"[{""ticker"": ""CRYPTO:ADA"", ""relevance_score"": ""0.412298"", ""ticker_sentiment_score"": ""0.03752"", ""ticker_sentiment_label"": ""Neutral""}]"
2025-02-05,"Helsinki, February 5th, 2025 - Virtune, a Swedish regulated digital asset manager and issuer of crypto exchange-traded products, today announced the listing of Virtune Avalanche ETP and Virtune Staked Cardano ETP on Nasdaq Helsinki.",GlobeNewswire,https://www.globenewswire.com/news-release/2025/02/05/3020960/0/en/Virtune-AB-Publ-launches-two-new-Crypto-ETPs-on-Nasdaq-Helsinki.html,0.526267,https://www.globenewswire.com/news-release/2025/02/05/3020960/0/en/Virtune-AB-Publ-launches-two-new-Crypto-ETPs-on-Nasdaq-Helsinki.html,Virtune AB  ( Publ )  launches two new Crypto ETPs on Nasdaq Helsinki,Virtune AB (Publ),https://ml-eu.globenewswire.com/Resource/Download/da0bec69-79eb-4618-87fd-d96aa395aaed,www.globenewswire.com,"Finance,Blockchain,Financial Markets",0.212772,Somewhat-Bullish,"[{""ticker"": ""COIN"", ""relevance_score"": ""0.071357"", ""ticker_sentiment_score"": ""0.153252"", ""ticker_sentiment_label"": ""Somewhat-Bullish""}, {""ticker"": ""CRYPTO:BTC"", ""relevance_score"": ""0.071357"", ""ticker_sentiment_score"": ""0.049364"", ""ticker_sentiment_label"": ""Neutral""}, {""ticker"": ""CRYPTO:ETH"", ""relevance_score"": ""0.071357"", ""ticker_sentiment_score"": ""0.049364"", ""ticker_sentiment_label"": ""Neutral""}, {""ticker"": ""CRYPTO:ADA"", ""relevance_score"": ""0.526267"", ""ticker_sentiment_score"": ""0.367828"", ""ticker_sentiment_label"": ""Bullish""}]"
2025-02-06,Three of the top coins have shed a quarter of their respective value in the last week as Bitcoin struggles amid Trump's trade war.,Decrypt.co,https://decrypt.co/304737/dogecoin-xrp-cardano-down-bad-bitcoin-sinks,0.419733,https://decrypt.co/304737/dogecoin-xrp-cardano-down-bad-bitcoin-sinks,"Dogecoin, XRP and Cardano Down 26% as Bitcoin Sinks Again",Andrew Hayward,https://cdn.decrypt.co/resize/1024/height/512/wp-content/uploads/2023/01/crypto-dogecoin-market-gID_7.jpg,decrypt.co,"Technology,Blockchain",-0.050114,Neutral,"[{""ticker"": ""GOOG"", ""relevance_score"": ""0.109956"", ""ticker_sentiment_score"": ""0.004475"", ""ticker_sentiment_label"": ""Neutral""}, {""ticker"": ""CRYPTO:BTC"", ""relevance_score"": ""0.217834"", ""ticker_sentiment_score"": ""-0.037077"", ""ticker_sentiment_label"": ""Neutral""}, {""ticker"": ""CRYPTO:ETH"", ""relevance_score"": ""0.109956"", ""ticker_sentiment_score"": ""0.0"", ""ticker_sentiment_label"": ""Neutral""}, {""ticker"": ""CRYPTO:DOGE"", ""relevance_score"": ""0.217834"", ""ticker_sentiment_score"": ""-0.054019"", ""ticker_sentiment_label"": ""Neutral""}, {""ticker"": ""CRYPTO:ADA"", ""relevance_score"": ""0.419733"", ""ticker_sentiment_score"": ""0.060324"", ""ticker_sentiment_label"": ""Neutral""}, {""ticker"": ""CRYPTO:XRP"", ""relevance_score"": ""0.321673"", ""ticker_sentiment_score"": ""-0.316279"", ""ticker_sentiment_label"": ""Somewhat-Bearish""}]"
2025-02-06,"Cardano's ADA/USD price has decreased 4.87% over the past 24 hours to $0.73, continuing its downward trend over the past week of -24.0%, moving from $0.98 to its current price. The chart below compares the price movement and volatility for Cardano over the past 24 hours ( left ) to its price ...",Benzinga,https://www.benzinga.com/insights/cryptocurrency/25/02/43530970/cardano-falls-more-than-4-in-24-hours,0.570165,https://www.benzinga.com/insights/cryptocurrency/25/02/43530970/cardano-falls-more-than-4-in-24-hours,Cardano Falls More Than 4% In 24 hours,Benzinga Insights,https://www.benzinga.com/files/images/story/2025/1738854012_0.png,www.benzinga.com,Financial Markets,-0.042762,Neutral,"[{""ticker"": ""CRYPTO:ADA"", ""relevance_score"": ""0.570165"", ""ticker_sentiment_score"": ""-0.229769"", ""ticker_sentiment_label"": ""Somewhat-Bearish""}]"
2025-02-07,"NEW YORK, Feb. 7, 2025 /PRNewswire/ -- Report with the AI impact on market trends - The global cryptocurrency market size is estimated to grow by USD 39.75 billion from 2025-2029, according to Technavio. The market is estimated to grow at a CAGR of 16.7% during the forecast period.",Benzinga,https://www.benzinga.com/pressreleases/25/02/n43552466/cryptocurrency-market-to-grow-by-usd-39-75-billion-from-2025-2029-driven-by-rising-investment-in-d,0.024077,https://www.benzinga.com/pressreleases/25/02/n43552466/cryptocurrency-market-to-grow-by-usd-39-75-billion-from-2025-2029-driven-by-rising-investment-in-d,"Cryptocurrency Market to Grow by USD 39.75 Billion from 2025-2029, Driven by Rising Investment in Digital Assets, with AI Transforming the Market - Technavio",PRNewswire,https://mma.prnewswire.com/media/2614854/IRTNTR74469_bw2.jpg,www.benzinga.com,"Life Sciences,Retail & Wholesale,Financial Markets,Real Estate & Construction,Finance,Blockchain",0.220944,Somewhat-Bullish,"[{""ticker"": ""MARA"", ""relevance_score"": ""0.024077"", ""ticker_sentiment_score"": ""0.068157"", ""ticker_sentiment_label"": ""Neutral""}, {""ticker"": ""RIOT"", ""relevance_score"": ""0.024077"", ""ticker_sentiment_score"": ""0.068157"", ""ticker_sentiment_label"": ""Neutral""}, {""ticker"": ""SBUX"", ""relevance_score"": ""0.096091"", ""ticker_sentiment_score"": ""0.121052"", ""ticker_sentiment_label"": ""Neutral""}, {""ticker"": ""COIN"", ""relevance_score"": ""0.024077"", ""ticker_sentiment_score"": ""0.068157"", ""ticker_sentiment_label"": ""Neutral""}, {""ticker"": ""FOREX:USD"", ""relevance_score"": ""0.096091"", ""ticker_sentiment_score"": ""0.124699"", ""ticker_sentiment_label"": ""Neutral""}, {""ticker"": ""CRYPTO:BTC"", ""relevance_score"": ""0.305203"", ""ticker_sentiment_score"": ""0.162177"", ""ticker_sentiment_label"": ""Somewhat-Bullish""}, {""ticker"": ""CRYPTO:ETH"", ""relevance_score"": ""0.1437"", ""ticker_sentiment_score"": ""0.105674"", ""ticker_sentiment_label"": ""Neutral""}, {""ticker"": ""CRYPTO:SHIB"", ""relevance_score"": ""0.024077"", ""ticker_sentiment_score"": ""0.068157"", ""ticker_sentiment_label"": ""Neutral""}, {""ticker"": ""CRYPTO:DOGE"", ""relevance_score"": ""0.024077"", ""ticker_sentiment_score"": ""0.068157"", ""ticker_sentiment_label"": ""Neutral""}, {""ticker"": ""CRYPTO:KCS"", ""relevance_score"": ""0.024077"", ""ticker_sentiment_score"": ""0.068157"", ""ticker_sentiment_label"": ""Neutral""}, {""ticker"": ""CRYPTO:LTC"", ""relevance_score"": ""0.024077"", ""ticker_sentiment_score"": ""0.140341"", ""ticker_sentiment_label"": ""Neutral""}, {""ticker"": ""CRYPTO:BUSD"", ""relevance_score"": ""0.024077"", ""ticker_sentiment_score"": ""0.11835"", ""ticker_sentiment_label"": ""Neutral""}, {""ticker"": ""CRYPTO:ADA"", ""relevance_score"": ""0.024077"", ""ticker_sentiment_score"": ""0.068157"", ""ticker_sentiment_label"": ""Neutral""}]"
2025-02-07,"The crypto market continued to swoon this week following a collapse in values last weekend. It all started with tariffs announced last Saturday, which seems like a year ago at this point. The stock market recovered some of its losses, but the crypto market can't say the same.According to data ...",Motley Fool,https://www.fool.com/investing/2025/02/07/why-ethereum-xrp-and-cardano-pulled-the-crypto-mar/,0.149192,https://www.fool.com/investing/2025/02/07/why-ethereum-xrp-and-cardano-pulled-the-crypto-mar/,"Why Ethereum, XRP, and Cardano Pulled the Crypto Market Down This Week",Travis Hoium,https://g.foolcdn.com/editorial/images/806961/currency-and-crypto-digitization.jpg,www.fool.com,"Economy - Monetary,Financial Markets,Finance,Blockchain",0.014621,Neutral,"[{""ticker"": ""SPGI"", ""relevance_score"": ""0.074926"", ""ticker_sentiment_score"": ""0.003073"", ""ticker_sentiment_label"": ""Neutral""}, {""ticker"": ""COIN"", ""relevance_score"": ""0.074926"", ""ticker_sentiment_score"": ""0.119185"", ""ticker_sentiment_label"": ""Neutral""}, {""ticker"": ""CRYPTO:ETH"", ""relevance_score"": ""0.293214"", ""ticker_sentiment_score"": ""0.108259"", ""ticker_sentiment_label"": ""Neutral""}, {""ticker"": ""CRYPTO:ADA"", ""relevance_score"": ""0.149192"", ""ticker_sentiment_score"": ""0.003979"", ""ticker_sentiment_label"": ""Neutral""}]"
2025-02-11,"NYSE Arca has filed for a Cardano ETF on behalf of Grayscale, which already operates Bitcoin and Ethereum funds-and hopes to launch more.",Decrypt.co,https://decrypt.co/305379/grayscale-cardano-etf-approval-solana-xrp-dogecoin,0.861079,https://decrypt.co/305379/grayscale-cardano-etf-approval-solana-xrp-dogecoin,"Grayscale Seeks Cardano ETF Approval After Filing for Solana, XRP and Dogecoin Funds",Jason Nelson,https://cdn.decrypt.co/resize/1024/height/512/wp-content/uploads/2021/03/Cardano-gID_7.jpg,decrypt.co,"Finance,Blockchain,Financial Markets",0.388006,Bullish,"[{""ticker"": ""COIN"", ""relevance_score"": ""0.107016"", ""ticker_sentiment_score"": ""0.234896"", ""ticker_sentiment_label"": ""Somewhat-Bullish""}, {""ticker"": ""CRYPTO:BTC"", ""relevance_score"": ""0.409503"", ""ticker_sentiment_score"": ""0.590282"", ""ticker_sentiment_label"": ""Bullish""}, {""ticker"": ""CRYPTO:ETH"", ""relevance_score"": ""0.313484"", ""ticker_sentiment_score"": ""0.565882"", ""ticker_sentiment_label"": ""Bullish""}, {""ticker"": ""CRYPTO:DOGE"", ""relevance_score"": ""0.313484"", ""ticker_sentiment_score"": ""0.495898"", ""ticker_sentiment_label"": ""Bullish""}, {""ticker"": ""CRYPTO:ADA"", ""relevance_score"": ""0.861079"", ""ticker_sentiment_score"": ""0.588369"", ""ticker_sentiment_label"": ""Bullish""}]"
2025-02-11,"Leading cryptocurrencies mirrored stock gains on Monday, as investors set aside tariff threats by President Donald Trump. What Happened: Bitcoin rose to an intraday high of $98,333, as the leading cryptocurrency looked to recapture levels above $100,000 lost during the 'Black Sunday' crash.",Benzinga,https://www.benzinga.com/trading-ideas/movers/25/02/43613481/alt-bitcoin-ethereum-dogecoin-rise-as-investors-shrug-off-trumps-tariff-order-analyst-sees-h,0.076115,https://www.benzinga.com/trading-ideas/movers/25/02/43613481/alt-bitcoin-ethereum-dogecoin-rise-as-investors-shrug-off-trumps-tariff-order-analyst-sees-h,"Alt: Bitcoin, Ethereum, Dogecoin Rise As Investors Shrug Off Trump's Tariff Order: Analyst Sees 'Healthier Market Cycle' As Trader Interest Shifts From Meme Coins To BTC - Grayscale Bitcoin Mini Trust  ( BTC )  Common units of fractional undivided beneficial interest  ( ARCA:BTC ) ",Aniket Verma,https://cdn.benzinga.com/files/images/story/2025/02/10/Cryptocurrency-Photo-by-Avi-Rozen-on-Shu_0.jpeg?width=1200&height=800&fit=crop,www.benzinga.com,"Economy - Monetary,Blockchain,Financial Markets",0.159356,Somewhat-Bullish,"[{""ticker"": ""CRYPTO:BTC"", ""relevance_score"": ""0.49637"", ""ticker_sentiment_score"": ""0.385645"", ""ticker_sentiment_label"": ""Bullish""}, {""ticker"": ""CRYPTO:ETH"", ""relevance_score"": ""0.151539"", ""ticker_sentiment_score"": ""0.136679"", ""ticker_sentiment_label"": ""Neutral""}, {""ticker"": ""CRYPTO:DOGE"", ""relevance_score"": ""0.076115"", ""ticker_sentiment_score"": ""0.194623"", ""ticker_sentiment_label"": ""Somewhat-Bullish""}, {""ticker"": ""CRYPTO:ADA"", ""relevance_score"": ""0.076115"", ""ticker_sentiment_score"": ""0.194623"", ""ticker_sentiment_label"": ""Somewhat-Bullish""}]"
2025-02-11,Cardano ADA/USD surged double digits on Monday evening after digital asset management giant Grayscale Investments applied for the U.S.'s first-ever spot Cardano exchange-traded fund.,Benzinga,https://www.benzinga.com/25/02/43613700/cardano-outgains-bitcoin-ethereum-with-11-rally-after-its-first-ever-spot-etf-application-in-the-us,0.800656,https://www.benzinga.com/25/02/43613700/cardano-outgains-bitcoin-ethereum-with-11-rally-after-its-first-ever-spot-etf-application-in-the-us,"Cardano Outperforms Bitcoin, Ethereum With 11% Gains After Grayscale Applies For First Ever ADA Spot ETF In US",Aniket Verma,https://cdn.benzinga.com/files/images/story/2025/02/10/untitled_4.jpeg?width=1200&height=800&fit=crop,www.benzinga.com,"Economy - Fiscal,Financial Markets,Finance,Blockchain",0.397795,Bullish,"[{""ticker"": ""COIN"", ""relevance_score"": ""0.127456"", ""ticker_sentiment_score"": ""0.0"", ""ticker_sentiment_label"": ""Neutral""}, {""ticker"": ""CRYPTO:BTC"", ""relevance_score"": ""0.478939"", ""ticker_sentiment_score"": ""0.141471"", ""ticker_sentiment_label"": ""Neutral""}, {""ticker"": ""CRYPTO:ETH"", ""relevance_score"": ""0.478939"", ""ticker_sentiment_score"": ""0.141471"", ""ticker_sentiment_label"": ""Neutral""}, {""ticker"": ""CRYPTO:DOGE"", ""relevance_score"": ""0.369685"", ""ticker_sentiment_score"": ""0.508825"", ""ticker_sentiment_label"": ""Bullish""}, {""ticker"": ""CRYPTO:LTC"", ""relevance_score"": ""0.25168"", ""ticker_sentiment_score"": ""0.417986"", ""ticker_sentiment_label"": ""Bullish""}, {""ticker"": ""CRYPTO:ADA"", ""relevance_score"": ""0.800656"", ""ticker_sentiment_score"": ""0.554664"", ""ticker_sentiment_label"": ""Bullish""}]"
2025-02-11,"Over the past 24 hours, Cardano's ADA/USD price has risen 12.63% to $0.79. This continues its positive trend over the past week where it has experienced a 3.0% gain, moving from $0.77 to its current price. As it stands right now, the coin's all-time high is $3.09.",Benzinga,https://www.benzinga.com/insights/cryptocurrency/25/02/43626306/cardano-up-more-than-12-in-24-hours,0.546745,https://www.benzinga.com/insights/cryptocurrency/25/02/43626306/cardano-up-more-than-12-in-24-hours,Cardano Up More Than 12% In 24 hours,Benzinga Insights,https://www.benzinga.com/files/images/story/2025/1739286010_0.png,www.benzinga.com,Financial Markets,0.094651,Neutral,"[{""ticker"": ""CRYPTO:ADA"", ""relevance_score"": ""0.546745"", ""ticker_sentiment_score"": ""0.036832"", ""ticker_sentiment_label"": ""Neutral""}]"
2025-02-11,"Certain cryptocurrencies zoomed higher today as rumors swirled about the potential for new spot crypto exchange-traded funds ( ETFs ) . Spot ETFs previously served as powerful catalysts for the largest cryptocurrencies, Bitcoin and Ethereum.As of 10:23 a.m.",Motley Fool,https://www.fool.com/investing/2025/02/11/why-cryptocurrencies-cardano-litecoin-and-dogecoin/,0.441059,https://www.fool.com/investing/2025/02/11/why-cryptocurrencies-cardano-litecoin-and-dogecoin/,"Why Cryptocurrencies Cardano, Litecoin, and Dogecoin Are Rising Today",Bram Berkowitz,https://g.foolcdn.com/editorial/images/807289/woman-holding-phone.jpg,www.fool.com,"Blockchain,Financial Markets",0.220402,Somewhat-Bullish,"[{""ticker"": ""CRYPTO:BTC"", ""relevance_score"": ""0.229872"", ""ticker_sentiment_score"": ""0.254218"", ""ticker_sentiment_label"": ""Somewhat-Bullish""}, {""ticker"": ""CRYPTO:ETH"", ""relevance_score"": ""0.154455"", ""ticker_sentiment_score"": ""0.154464"", ""ticker_sentiment_label"": ""Somewhat-Bullish""}, {""ticker"": ""CRYPTO:DOGE"", ""relevance_score"": ""0.56415"", ""ticker_sentiment_score"": ""0.258059"", ""ticker_sentiment_label"": ""Somewhat-Bullish""}, {""ticker"": ""CRYPTO:LTC"", ""relevance_score"": ""0.56415"", ""ticker_sentiment_score"": ""0.274666"", ""ticker_sentiment_label"": ""Somewhat-Bullish""}, {""ticker"": ""CRYPTO:ADA"", ""relevance_score"": ""0.441059"", ""ticker_sentiment_score"": ""0.124409"", ""ticker_sentiment_label"": ""Neutral""}]"
2025-02-11,"The global cryptocurrency market cap is down 1.3%, currently at $3.15 trillion. One trader expects a dip below $94,100 before reclaiming and pushing higher, while another highlights growing U.S. institutional demand.",Benzinga,https://www.benzinga.com/markets/cryptocurrency/25/02/43638542/bitcoin-ethereum-xrp-dogecoin-slide-lower-final-move-down-before-the-recovery-trader-says,0.076115,https://www.benzinga.com/markets/cryptocurrency/25/02/43638542/bitcoin-ethereum-xrp-dogecoin-slide-lower-final-move-down-before-the-recovery-trader-says,"Bitcoin, Ethereum, XRP, Dogecoin Slide Lower: 'Final Move Down Before The Recovery,' Trader Says",Khyathi Dalal,https://cdn.benzinga.com/files/images/story/2025/02/11/Cryptocurrency-Photo-by-SvetlanaParnikov.jpeg?width=1200&height=800&fit=crop,www.benzinga.com,"Blockchain,Financial Markets",0.083719,Neutral,"[{""ticker"": ""CRYPTO:BTC"", ""relevance_score"": ""0.660632"", ""ticker_sentiment_score"": ""-0.14464"", ""ticker_sentiment_label"": ""Neutral""}, {""ticker"": ""CRYPTO:ETH"", ""relevance_score"": ""0.076115"", ""ticker_sentiment_score"": ""-0.252782"", ""ticker_sentiment_label"": ""Somewhat-Bearish""}, {""ticker"": ""CRYPTO:DOGE"", ""relevance_score"": ""0.076115"", ""ticker_sentiment_score"": ""0.320298"", ""ticker_sentiment_label"": ""Somewhat-Bullish""}, {""ticker"": ""CRYPTO:LTC"", ""relevance_score"": ""0.076115"", ""ticker_sentiment_score"": ""0.320298"", ""ticker_sentiment_label"": ""Somewhat-Bullish""}, {""ticker"": ""CRYPTO:ADA"", ""relevance_score"": ""0.076115"", ""ticker_sentiment_score"": ""-0.072743"", ""ticker_sentiment_label"": ""Neutral""}]"
2025-02-12,"Cardano is a third-gen blockchain using proof-of-stake to enhance scalability, security, and governance.",Decrypt.co,https://decrypt.co/resources/cardano,0.981833,https://decrypt.co/resources/cardano,What is Cardano? Inside the Third-Generation Blockchain,"Scott Chipolina,Adriana Hamacher,Jason Nelson,Matt Hussey",https://cdn.decrypt.co/resize/1024/height/512/wp-content/uploads/2019/03/cardano_litepaper-gID_4-pID_4.png,decrypt.co,Blockchain,0.222511,Somewhat-Bullish,"[{""ticker"": ""CRYPTO:BTC"", ""relevance_score"": ""0.140621"", ""ticker_sentiment_score"": ""0.219536"", ""ticker_sentiment_label"": ""Somewhat-Bullish""}, {""ticker"": ""CRYPTO:ETH"", ""relevance_score"": ""0.232217"", ""ticker_sentiment_score"": ""0.230429"", ""ticker_sentiment_label"": ""Somewhat-Bullish""}, {""ticker"": ""CRYPTO:ADA"", ""relevance_score"": ""0.981833"", ""ticker_sentiment_score"": ""0.3913"", ""ticker_sentiment_label"": ""Bullish""}]"
2025-02-13,"Cardano's social engagement is spiking, while Ethereum and Dogecoin fade from crypto discussions. Whales have accumulated 1.41 billion ADA ( 2.4% of total supply ) over the past 15 months, driving a 107% price surge.",Benzinga,https://www.benzinga.com/markets/cryptocurrency/25/02/43708955/cardano-jumps-12-in-7-days-why-is-ada-going-up,0.796338,https://www.benzinga.com/markets/cryptocurrency/25/02/43708955/cardano-jumps-12-in-7-days-why-is-ada-going-up,Cardano Jumps 12% In 7 Days: Why Is ADA Going Up?,Khyathi Dalal,https://cdn.benzinga.com/files/images/story/2025/02/13/10--Cardano.jpeg?width=1200&height=800&fit=crop,www.benzinga.com,Financial Markets,0.157528,Somewhat-Bullish,"[{""ticker"": ""CRYPTO:BTC"", ""relevance_score"": ""0.101154"", ""ticker_sentiment_score"": ""0.245581"", ""ticker_sentiment_label"": ""Somewhat-Bullish""}, {""ticker"": ""CRYPTO:ETH"", ""relevance_score"": ""0.200688"", ""ticker_sentiment_score"": ""0.152102"", ""ticker_sentiment_label"": ""Somewhat-Bullish""}, {""ticker"": ""CRYPTO:DOGE"", ""relevance_score"": ""0.200688"", ""ticker_sentiment_score"": ""0.152102"", ""ticker_sentiment_label"": ""Somewhat-Bullish""}, {""ticker"": ""CRYPTO:ADA"", ""relevance_score"": ""0.796338"", ""ticker_sentiment_score"": ""0.028181"", ""ticker_sentiment_label"": ""Neutral""}]"
2025-02-14,"XRP's ETF approval may depend on the SEC's ongoing legal battle with Ripple, adding regulatory uncertainty to the process. Hashdex is set to launch a Nasdaq-listed crypto index ETP on February 14, initially including Bitcoin and Ethereum with plans to expand.",Benzinga,https://www.benzinga.com/markets/cryptocurrency/25/02/43730035/does-this-sec-decision-mean-dogecoin-xrp-etfs-are-on-their-way,0.155954,https://www.benzinga.com/markets/cryptocurrency/25/02/43730035/does-this-sec-decision-mean-dogecoin-xrp-etfs-are-on-their-way,"Does This SEC Decision Mean Dogecoin, XRP ETFs Are On Their Way?",Murtuza Merchant,https://cdn.benzinga.com/files/images/story/2025/02/14/Dogecoin-Could-Surge-7185-In-2025--Top-A.jpeg?width=1200&height=800&fit=crop,www.benzinga.com,"Earnings,Blockchain,Financial Markets",0.236163,Somewhat-Bullish,"[{""ticker"": ""CRYPTO:BTC"", ""relevance_score"": ""0.306007"", ""ticker_sentiment_score"": ""0.169624"", ""ticker_sentiment_label"": ""Somewhat-Bullish""}, {""ticker"": ""CRYPTO:ETH"", ""relevance_score"": ""0.306007"", ""ticker_sentiment_score"": ""0.169624"", ""ticker_sentiment_label"": ""Somewhat-Bullish""}, {""ticker"": ""CRYPTO:DOGE"", ""relevance_score"": ""0.232069"", ""ticker_sentiment_score"": ""0.429005"", ""ticker_sentiment_label"": ""Bullish""}, {""ticker"": ""CRYPTO:LINK"", ""relevance_score"": ""0.155954"", ""ticker_sentiment_score"": ""0.145554"", ""ticker_sentiment_label"": ""Neutral""}, {""ticker"": ""CRYPTO:LTC"", ""relevance_score"": ""0.155954"", ""ticker_sentiment_score"": ""0.145554"", ""ticker_sentiment_label"": ""Neutral""}, {""ticker"": ""CRYPTO:ADA"", ""relevance_score"": ""0.155954"", ""ticker_sentiment_score"": ""0.145554"", ""ticker_sentiment_label"": ""Neutral""}]"
2025-02-14,"Berlin, Germany, Feb. 14, 2025 ( GLOBE NEWSWIRE ) -- - TAP Protocol, a protocol that enables the development of decentralized applications ( DApps ) on Bitcoin Layer-1, is announcing the launch of its TAP Launch Bot to make it easier to create, launch and fund token projects on Bitcoin.",Benzinga,https://www.benzinga.com/pressreleases/25/02/g43723773/tap-protocol-launches-its-tap-launch-bot-the-ultimate-no-code-solution-to-launching-token-projects,0.051441,https://www.benzinga.com/pressreleases/25/02/g43723773/tap-protocol-launches-its-tap-launch-bot-the-ultimate-no-code-solution-to-launching-token-projects,"TAP Protocol Launches its TAP Launch Bot, The Ultimate No-Code Solution to Launching Token Projects on Bitcoin With No Bonding Curve",Globe Newswire,https://www.benzinga.com/next-assets/images/schema-image-default.png,www.benzinga.com,Blockchain,0.33846,Somewhat-Bullish,"[{""ticker"": ""CRYPTO:BTC"", ""relevance_score"": ""0.561184"", ""ticker_sentiment_score"": ""0.484672"", ""ticker_sentiment_label"": ""Bullish""}, {""ticker"": ""CRYPTO:ETH"", ""relevance_score"": ""0.102668"", ""ticker_sentiment_score"": ""0.099556"", ""ticker_sentiment_label"": ""Neutral""}, {""ticker"": ""CRYPTO:ADA"", ""relevance_score"": ""0.051441"", ""ticker_sentiment_score"": ""0.0"", ""ticker_sentiment_label"": ""Neutral""}]"
2025-02-15,"NEW YORK, Feb. 14, 2025 /PRNewswire/ -- Report with market evolution powered by AI - The global cryptocurrency market size is estimated to grow by USD 39.75 billion from 2025-2029, according to Technavio. The market is estimated to grow at a CAGR of 16.7% during the forecast period.",Benzinga,https://www.benzinga.com/pressreleases/25/02/n43753805/cryptocurrency-market-to-grow-by-usd-39-75-billion-from-2025-2029-driven-by-rising-digital-asset-i,0.024053,https://www.benzinga.com/pressreleases/25/02/n43753805/cryptocurrency-market-to-grow-by-usd-39-75-billion-from-2025-2029-driven-by-rising-digital-asset-i,"Cryptocurrency Market to Grow by USD 39.75 Billion from 2025-2029, Driven by Rising Digital Asset Investments, Report on How AI is Redefining Market Landscape - Technavio",,https://mma.prnewswire.com/media/2619505/Technavio_Global_Cryptocurrency_Market.jpg,www.benzinga.com,"Life Sciences,Retail & Wholesale,Financial Markets,Real Estate & Construction,Finance,Blockchain",0.220948,Somewhat-Bullish,"[{""ticker"": ""MARA"", ""relevance_score"": ""0.024053"", ""ticker_sentiment_score"": ""0.068146"", ""ticker_sentiment_label"": ""Neutral""}, {""ticker"": ""RIOT"", ""relevance_score"": ""0.024053"", ""ticker_sentiment_score"": ""0.068146"", ""ticker_sentiment_label"": ""Neutral""}, {""ticker"": ""SBUX"", ""relevance_score"": ""0.095995"", ""ticker_sentiment_score"": ""0.121022"", ""ticker_sentiment_label"": ""Neutral""}, {""ticker"": ""COIN"", ""relevance_score"": ""0.024053"", ""ticker_sentiment_score"": ""0.068146"", ""ticker_sentiment_label"": ""Neutral""}, {""ticker"": ""FOREX:USD"", ""relevance_score"": ""0.095995"", ""ticker_sentiment_score"": ""0.125731"", ""ticker_sentiment_label"": ""Neutral""}, {""ticker"": ""CRYPTO:BTC"", ""relevance_score"": ""0.304912"", ""ticker_sentiment_score"": ""0.16206"", ""ticker_sentiment_label"": ""Somewhat-Bullish""}, {""ticker"": ""CRYPTO:ETH"", ""relevance_score"": ""0.143557"", ""ticker_sentiment_score"": ""0.10561"", ""ticker_sentiment_label"": ""Neutral""}, {""ticker"": ""CRYPTO:SHIB"", ""relevance_score"": ""0.024053"", ""ticker_sentiment_score"": ""0.068146"", ""ticker_sentiment_label"": ""Neutral""}, {""ticker"": ""CRYPTO:DOGE"", ""relevance_score"": ""0.024053"", ""ticker_sentiment_score"": ""0.068146"", ""ticker_sentiment_label"": ""Neutral""}, {""ticker"": ""CRYPTO:KCS"", ""relevance_score"": ""0.024053"", ""ticker_sentiment_score"": ""0.068146"", ""ticker_sentiment_label"": ""Neutral""}, {""ticker"": ""CRYPTO:LTC"", ""relevance_score"": ""0.024053"", ""ticker_sentiment_score"": ""0.14033"", ""ticker_sentiment_label"": ""Neutral""}, {""ticker"": ""CRYPTO:BUSD"", ""relevance_score"": ""0.024053"", ""ticker_sentiment_score"": ""0.118334"", ""ticker_sentiment_label"": ""Neutral""}, {""ticker"": ""CRYPTO:ADA"", ""relevance_score"": ""0.024053"", ""ticker_sentiment_score"": ""0.068146"", ""ticker_sentiment_label"": ""Neutral""}]"
2025-02-16,"Crypto analyst foresees a major upsurge for Onyxcoin, predicting a break from its descending triangle pattern. Bitcoin faces a critical resistance level, with a potential downturn on the cards if it slips below $92,110.",Benzinga,https://www.benzinga.com/markets/cryptocurrency/25/02/43759439/crypto-analyst-predicts-more-gains-for-altcoin-that-skyrocketed-920-in-just-one-month,0.617188,https://www.benzinga.com/markets/cryptocurrency/25/02/43759439/crypto-analyst-predicts-more-gains-for-altcoin-that-skyrocketed-920-in-just-one-month,Crypto Analyst Predicts More Gains for Altcoin That Skyrocketed 920% in Just One Month,Bibhu Pattnaik,https://cdn.benzinga.com/files/images/story/2025/02/16/Onyxcoin-Xcn-Coin-Stacks-Cryptocurrency-.jpeg?width=1200&height=800&fit=crop,www.benzinga.com,"Blockchain,Financial Markets",0.137027,Neutral,"[{""ticker"": ""CRYPTO:BTC"", ""relevance_score"": ""0.617188"", ""ticker_sentiment_score"": ""-0.044754"", ""ticker_sentiment_label"": ""Neutral""}, {""ticker"": ""CRYPTO:ADA"", ""relevance_score"": ""0.617188"", ""ticker_sentiment_score"": ""0.428936"", ""ticker_sentiment_label"": ""Bullish""}, {""ticker"": ""CRYPTO:XCN"", ""relevance_score"": ""0.337427"", ""ticker_sentiment_score"": ""0.119761"", ""ticker_sentiment_label"": ""Neutral""}]"
2025-02-18,"Bitcoin has fallen to its lowest price in weeks as Solana continues to bleed amid the LIBRA controversy, plus other top coins dip.",Decrypt.co,https://decrypt.co/306545/bitcoin-below-95k-solana-xrp-dogecoin-falling,0.133841,https://decrypt.co/306545/bitcoin-below-95k-solana-xrp-dogecoin-falling,"Bitcoin Drops Below $95K as Solana, XRP and Dogecoin Keep Falling",Andrew Hayward,https://cdn.decrypt.co/resize/1024/height/512/wp-content/uploads/2023/04/bitcoin-down-gID_7.jpg,decrypt.co,Financial Markets,-0.211178,Somewhat-Bearish,"[{""ticker"": ""CRYPTO:BTC"", ""relevance_score"": ""0.263942"", ""ticker_sentiment_score"": ""-0.142278"", ""ticker_sentiment_label"": ""Neutral""}, {""ticker"": ""CRYPTO:ETH"", ""relevance_score"": ""0.133841"", ""ticker_sentiment_score"": ""-0.021932"", ""ticker_sentiment_label"": ""Neutral""}, {""ticker"": ""CRYPTO:DOGE"", ""relevance_score"": ""0.263942"", ""ticker_sentiment_score"": ""-0.049573"", ""ticker_sentiment_label"": ""Neutral""}, {""ticker"": ""CRYPTO:ADA"", ""relevance_score"": ""0.133841"", ""ticker_sentiment_score"": ""-0.021932"", ""ticker_sentiment_label"": ""Neutral""}, {""ticker"": ""CRYPTO:BNB"", ""relevance_score"": ""0.386875"", ""ticker_sentiment_score"": ""-0.066191"", ""ticker_sentiment_label"": ""Neutral""}]"
2025-02-18,"Altcoins remain weak as Bitcoin trades between $91,000 and $108,000, but a breakout could be near. Trader sees similarities to 2017, suggesting the biggest altcoin moves will come in the final year of the cycle ( 2025 ) .",Benzinga,https://www.benzinga.com/markets/cryptocurrency/25/02/43795227/dogecoin-cardano-among-four-iconic-altcoins-trader-sees-pretty-close-to-an-end-to-this-cho,0.162255,https://www.benzinga.com/markets/cryptocurrency/25/02/43795227/dogecoin-cardano-among-four-iconic-altcoins-trader-sees-pretty-close-to-an-end-to-this-cho,"Dogecoin, Cardano Among Four Iconic Altcoins: Trader Sees 'Pretty Close To An End To This Chop' - Grayscale Bitcoin Mini Trust  ( BTC )  Common units of fractional undivided beneficial interest  ( ARCA:BTC ) ",Khyathi Dalal,https://cdn.benzinga.com/files/images/story/2025/02/18/Dogecoin-Has-Dropped-16-Over-A-Month--Bu.jpeg?width=1200&height=800&fit=crop,www.benzinga.com,"Blockchain,Financial Markets",-0.069692,Neutral,"[{""ticker"": ""CRYPTO:BTC"", ""relevance_score"": ""0.526455"", ""ticker_sentiment_score"": ""-0.287812"", ""ticker_sentiment_label"": ""Somewhat-Bearish""}, {""ticker"": ""CRYPTO:ETH"", ""relevance_score"": ""0.162255"", ""ticker_sentiment_score"": ""-0.302123"", ""ticker_sentiment_label"": ""Somewhat-Bearish""}, {""ticker"": ""CRYPTO:DOGE"", ""relevance_score"": ""0.162255"", ""ticker_sentiment_score"": ""-0.224617"", ""ticker_sentiment_label"": ""Somewhat-Bearish""}, {""ticker"": ""CRYPTO:LTC"", ""relevance_score"": ""0.162255"", ""ticker_sentiment_score"": ""-0.224617"", ""ticker_sentiment_label"": ""Somewhat-Bearish""}, {""ticker"": ""CRYPTO:ADA"", ""relevance_score"": ""0.162255"", ""ticker_sentiment_score"": ""-0.224617"", ""ticker_sentiment_label"": ""Somewhat-Bearish""}]"
2025-02-19,"Argentine President Javier Milei has found himself in a meme coin mess. These four men are allegedly behind the Solana token, Libra.",Decrypt.co,https://decrypt.co/306594/who-launched-president-milei-libra-solana-meme-coin,0.024572,https://decrypt.co/306594/who-launched-president-milei-libra-solana-meme-coin,Everything You Need to Know About the Team Behind Milei's Libra Meme Coin,Ryan S. Gladwin,https://cdn.decrypt.co/resize/1024/height/512/wp-content/uploads/2025/02/javier-milei-gID_7.png,decrypt.co,"Technology,Blockchain,Financial Markets",0.054354,Neutral,"[{""ticker"": ""GOOG"", ""relevance_score"": ""0.024572"", ""ticker_sentiment_score"": ""0.126231"", ""ticker_sentiment_label"": ""Neutral""}, {""ticker"": ""FOREX:LAK"", ""relevance_score"": ""0.399453"", ""ticker_sentiment_score"": ""0.027138"", ""ticker_sentiment_label"": ""Neutral""}, {""ticker"": ""CRYPTO:BTC"", ""relevance_score"": ""0.024572"", ""ticker_sentiment_score"": ""0.067444"", ""ticker_sentiment_label"": ""Neutral""}, {""ticker"": ""CRYPTO:ETH"", ""relevance_score"": ""0.073622"", ""ticker_sentiment_score"": ""0.022237"", ""ticker_sentiment_label"": ""Neutral""}, {""ticker"": ""CRYPTO:ADA"", ""relevance_score"": ""0.024572"", ""ticker_sentiment_score"": ""0.0"", ""ticker_sentiment_label"": ""Neutral""}]"
2025-02-20,Participants say favourable regulatory environment could lead to enthusiasm for diversified indices of digital tokens ...,Financial Times,https://www.ft.com/content/0e039fbc-a19d-4c51-9c4d-f3df956f6447,0.040484,https://www.ft.com/content/0e039fbc-a19d-4c51-9c4d-f3df956f6447,Innovations expected to turbo-charge crypto ETF industry,Steve Johnson,https://www.ft.com/__origami/service/image/v2/images/raw/https%3A%2F%2Fd1e00ek4ebabms.cloudfront.net%2Fproduction%2Fb658fb37-c868-4a88-8919-53399ec24be0.jpg?source=next-article&fit=scale-down&quality=highest&width=700&dpr=1,www.ft.com,"Financial Markets,Technology,Finance,Blockchain",0.181788,Somewhat-Bullish,"[{""ticker"": ""IVZ"", ""relevance_score"": ""0.040484"", ""ticker_sentiment_score"": ""0.198156"", ""ticker_sentiment_label"": ""Somewhat-Bullish""}, {""ticker"": ""DJT"", ""relevance_score"": ""0.040484"", ""ticker_sentiment_score"": ""0.048282"", ""ticker_sentiment_label"": ""Neutral""}, {""ticker"": ""CRYPTO:BTC"", ""relevance_score"": ""0.080865"", ""ticker_sentiment_score"": ""0.182749"", ""ticker_sentiment_label"": ""Somewhat-Bullish""}, {""ticker"": ""CRYPTO:ETH"", ""relevance_score"": ""0.121037"", ""ticker_sentiment_score"": ""0.09245"", ""ticker_sentiment_label"": ""Neutral""}, {""ticker"": ""CRYPTO:XBC"", ""relevance_score"": ""0.040484"", ""ticker_sentiment_score"": ""0.048282"", ""ticker_sentiment_label"": ""Neutral""}, {""ticker"": ""CRYPTO:LTC"", ""relevance_score"": ""0.040484"", ""ticker_sentiment_score"": ""-0.014727"", ""ticker_sentiment_label"": ""Neutral""}, {""ticker"": ""CRYPTO:ADA"", ""relevance_score"": ""0.040484"", ""ticker_sentiment_score"": ""0.048282"", ""ticker_sentiment_label"": ""Neutral""}]"
2025-02-22,"Solana ( CRYPTO: SOL ) and Cardano ( CRYPTO: ADA ) are two cryptocurrencies that are quite similar in terms of their capabilities, objectives, and target users, but they're quite different in terms of their merits as investments.",Motley Fool,https://www.fool.com/investing/2025/02/22/better-cryptocurrency-to-buy-solana-vs-cardano/,0.555911,https://www.fool.com/investing/2025/02/22/better-cryptocurrency-to-buy-solana-vs-cardano/,"Better Cryptocurrency to Buy With $1,000: Solana vs. Cardano",Alex Carchidi,https://g.foolcdn.com/editorial/images/808137/two-investors-consider-a-laptop.jpg,www.fool.com,"Blockchain,Financial Markets",0.166451,Somewhat-Bullish,"[{""ticker"": ""CRYPTO:ETH"", ""relevance_score"": ""0.061003"", ""ticker_sentiment_score"": ""0.122015"", ""ticker_sentiment_label"": ""Neutral""}, {""ticker"": ""CRYPTO:SOL"", ""relevance_score"": ""0.061003"", ""ticker_sentiment_score"": ""0.122015"", ""ticker_sentiment_label"": ""Neutral""}, {""ticker"": ""CRYPTO:ADA"", ""relevance_score"": ""0.555911"", ""ticker_sentiment_score"": ""0.254273"", ""ticker_sentiment_label"": ""Somewhat-Bullish""}]"
2025-02-22,"Even if you're new to investing in crypto, you've doubtlessly heard a lot about both Bitcoin ( CRYPTO: BTC ) and Cardano, ( CRYPTO: ADA ) but likely for a very different set of reasons.Let's take a look at this pair to see which one is a better pick for an investment of $5,000.There are a ...",Motley Fool,https://www.fool.com/investing/2025/02/22/got-5000-should-you-buy-bitcoin-or-cardano/,0.315493,https://www.fool.com/investing/2025/02/22/got-5000-should-you-buy-bitcoin-or-cardano/,"Got $5,000? Should You Buy Bitcoin or Cardano?",Alex Carchidi,https://g.foolcdn.com/editorial/images/808144/two-investors-meet-and-discuss.jpg,www.fool.com,"Economy - Monetary,Blockchain,Financial Markets",0.15654,Somewhat-Bullish,"[{""ticker"": ""CRYPTO:BTC"", ""relevance_score"": ""0.412017"", ""ticker_sentiment_score"": ""0.109526"", ""ticker_sentiment_label"": ""Neutral""}, {""ticker"": ""CRYPTO:ETH"", ""relevance_score"": ""0.053992"", ""ticker_sentiment_score"": ""0.055073"", ""ticker_sentiment_label"": ""Neutral""}, {""ticker"": ""CRYPTO:ADA"", ""relevance_score"": ""0.315493"", ""ticker_sentiment_score"": ""0.135502"", ""ticker_sentiment_label"": ""Neutral""}]"
2025-02-23,Is this smaller altcoin a viable alternative to the world's top cryptocurrency?,Motley Fool,https://www.fool.com/investing/2025/02/23/should-you-forget-bitcoin-and-buy-cardano-instead/,0.610896,https://www.fool.com/investing/2025/02/23/should-you-forget-bitcoin-and-buy-cardano-instead/,Should You Forget Bitcoin and Buy Cardano Instead?,Leo Sun,https://g.foolcdn.com/image/?url=https%3A%2F%2Fg.foolcdn.com%2Feditorial%2Fimages%2F808358%2Fillustrration-of-cardano-tokens.jpg&op=resize&w=700,www.fool.com,"Blockchain,Financial Markets",0.178683,Somewhat-Bullish,"[{""ticker"": ""CRYPTO:BTC"", ""relevance_score"": ""0.570165"", ""ticker_sentiment_score"": ""0.34969"", ""ticker_sentiment_label"": ""Somewhat-Bullish""}, {""ticker"": ""CRYPTO:ETH"", ""relevance_score"": ""0.22595"", ""ticker_sentiment_score"": ""0.142713"", ""ticker_sentiment_label"": ""Neutral""}, {""ticker"": ""CRYPTO:ADA"", ""relevance_score"": ""0.610896"", ""ticker_sentiment_score"": ""0.286866"", ""ticker_sentiment_label"": ""Somewhat-Bullish""}]"
2025-02-23,"Everyone loves a good story of a scrappy underdog picking a fight with the reigning champion. That's exactly the situation between Ethereum ( CRYPTO: ETH ) and a cryptocurrency designed specifically to unseat it, created by one of its very founders: Cardano ( CRYPTO: ADA ) .Which of these two ...",Motley Fool,https://www.fool.com/investing/2025/02/23/better-cryptocurrency-to-buy-right-now-with-2000-e/,0.445569,https://www.fool.com/investing/2025/02/23/better-cryptocurrency-to-buy-right-now-with-2000-e/,"Better Cryptocurrency to Buy Right Now With $2,000: Ethereum vs. Cardano",Alex Carchidi,https://g.foolcdn.com/editorial/images/808246/investors-drinks-and-examines-laptop.jpg,www.fool.com,"Blockchain,Financial Markets",0.112455,Neutral,"[{""ticker"": ""CRYPTO:ETH"", ""relevance_score"": ""0.663242"", ""ticker_sentiment_score"": ""0.148893"", ""ticker_sentiment_label"": ""Neutral""}, {""ticker"": ""CRYPTO:ADA"", ""relevance_score"": ""0.445569"", ""ticker_sentiment_score"": ""0.110809"", ""ticker_sentiment_label"": ""Neutral""}]"
2025-02-24,"The cryptocurrency market encountered headwinds last week, although a few under-the-radar coins notched up significant gains. What happened: IP, the native token of Layer-1 blockchain Story, powered above the rest of the market with a whopping 138% jump last week.",Benzinga,https://www.benzinga.com/25/02/43905455/bitcoin-dogecoin-disappointed-traders-but-this-10-days-old-crypto-delighted-with-a-smashing-138-rally-last-week,0.255641,https://www.benzinga.com/25/02/43905455/bitcoin-dogecoin-disappointed-traders-but-this-10-days-old-crypto-delighted-with-a-smashing-138-rally-last-week,"Bitcoin, Dogecoin Stumble, But This New Crypto Skyrockets 140% In A Week - Grayscale Ethereum Mini Trust  ( ETH )  Common units of fractional undivided beneficial interest  ( ARCA:ETH ) ",Aniket Verma,https://cdn.benzinga.com/files/images/story/2025/02/24/Cryptocurrency-Photo-by-Igor-Faun-on-Shu.jpeg?width=1200&height=800&fit=crop,www.benzinga.com,Blockchain,0.228713,Somewhat-Bullish,"[{""ticker"": ""CRYPTO:BTC"", ""relevance_score"": ""0.255641"", ""ticker_sentiment_score"": ""0.378918"", ""ticker_sentiment_label"": ""Bullish""}, {""ticker"": ""CRYPTO:SOL"", ""relevance_score"": ""0.129516"", ""ticker_sentiment_score"": ""0.138463"", ""ticker_sentiment_label"": ""Neutral""}, {""ticker"": ""CRYPTO:MKR"", ""relevance_score"": ""0.129516"", ""ticker_sentiment_score"": ""0.154999"", ""ticker_sentiment_label"": ""Somewhat-Bullish""}, {""ticker"": ""CRYPTO:XRP"", ""relevance_score"": ""0.255641"", ""ticker_sentiment_score"": ""0.220578"", ""ticker_sentiment_label"": ""Somewhat-Bullish""}, {""ticker"": ""CRYPTO:ETH"", ""relevance_score"": ""0.485711"", ""ticker_sentiment_score"": ""0.185257"", ""ticker_sentiment_label"": ""Somewhat-Bullish""}, {""ticker"": ""CRYPTO:SHIB"", ""relevance_score"": ""0.255641"", ""ticker_sentiment_score"": ""-0.061369"", ""ticker_sentiment_label"": ""Neutral""}, {""ticker"": ""CRYPTO:DOGE"", ""relevance_score"": ""0.255641"", ""ticker_sentiment_score"": ""-0.061369"", ""ticker_sentiment_label"": ""Neutral""}, {""ticker"": ""CRYPTO:ADA"", ""relevance_score"": ""0.255641"", ""ticker_sentiment_score"": ""0.220578"", ""ticker_sentiment_label"": ""Somewhat-Bullish""}]"
2025-02-24,"Crypto prices are falling, as Bitcoin and Ethereum lead $686 million worth of liquidations and Solana and Dogecoin show double-digit losses.",Decrypt.co,https://decrypt.co/307561/bitcoin-ethereum-liquidations-surge-solana-xrp-dogecoin,0.098255,https://decrypt.co/307561/bitcoin-ethereum-liquidations-surge-solana-xrp-dogecoin,"Bitcoin, Ethereum Liquidations Surge as Solana, XRP and Dogecoin Plummet",Andrew Hayward,https://cdn.decrypt.co/resize/1024/height/512/wp-content/uploads/2024/05/bitcoin-ethereum-red-down-market-gID_7.jpeg,decrypt.co,Blockchain,-0.227618,Somewhat-Bearish,"[{""ticker"": ""CRYPTO:BTC"", ""relevance_score"": ""0.098255"", ""ticker_sentiment_score"": ""0.027057"", ""ticker_sentiment_label"": ""Neutral""}, {""ticker"": ""CRYPTO:ETH"", ""relevance_score"": ""0.288893"", ""ticker_sentiment_score"": ""-0.129009"", ""ticker_sentiment_label"": ""Neutral""}, {""ticker"": ""CRYPTO:DOGE"", ""relevance_score"": ""0.288893"", ""ticker_sentiment_score"": ""-0.173147"", ""ticker_sentiment_label"": ""Somewhat-Bearish""}, {""ticker"": ""CRYPTO:ADA"", ""relevance_score"": ""0.098255"", ""ticker_sentiment_score"": ""-0.07428"", ""ticker_sentiment_label"": ""Neutral""}, {""ticker"": ""CRYPTO:XRP"", ""relevance_score"": ""0.195025"", ""ticker_sentiment_score"": ""-0.127377"", ""ticker_sentiment_label"": ""Neutral""}]"
2025-02-25,"Will the biggest and best-known crypto assets of today, like Bitcoin ( CRYPTO: BTC ) , continue to hold up against newer players like Cardano ( CRYPTO: ADA ) , or will they go the way of the dodo?To address this question, let's examine how and why these two coins might flourish during the coming ...",Motley Fool,https://www.fool.com/investing/2025/02/25/better-cryptocurrency-to-buy-and-hold-for-10-years/,0.328236,https://www.fool.com/investing/2025/02/25/better-cryptocurrency-to-buy-and-hold-for-10-years/,Better Cryptocurrency to Buy and Hold for 10 Years: Bitcoin vs. Cardano,Alex Carchidi,https://g.foolcdn.com/editorial/images/808570/investor-looks-out-window-while-pondering-and-holding-phone.jpg,www.fool.com,"Blockchain,Financial Markets",0.167314,Somewhat-Bullish,"[{""ticker"": ""CRYPTO:BTC"", ""relevance_score"": ""0.446966"", ""ticker_sentiment_score"": ""0.13604"", ""ticker_sentiment_label"": ""Neutral""}, {""ticker"": ""CRYPTO:ETH"", ""relevance_score"": ""0.13459"", ""ticker_sentiment_score"": ""0.075483"", ""ticker_sentiment_label"": ""Neutral""}, {""ticker"": ""CRYPTO:ADA"", ""relevance_score"": ""0.328236"", ""ticker_sentiment_score"": ""0.200011"", ""ticker_sentiment_label"": ""Somewhat-Bullish""}]"
2025-02-25,"The 2021 Uranium Finance hack saw attackers exploit a smart contract vulnerability, draining $50 million in assets.",Decrypt.co,https://decrypt.co/307601/feds-recover-31-million-in-crypto-from-2021s-uranium-finance-exploit,0.159569,https://decrypt.co/307601/feds-recover-31-million-in-crypto-from-2021s-uranium-finance-exploit,Feds Recover $31 Million in Crypto From 2021's Uranium Finance Exploit,Vismaya V,https://cdn.decrypt.co/resize/1024/height/512/wp-content/uploads/2022/09/crypto-hack-exploit-gID_7.png,decrypt.co,"Blockchain,Financial Markets",-0.12632,Neutral,"[{""ticker"": ""CRYPTO:BTC"", ""relevance_score"": ""0.159569"", ""ticker_sentiment_score"": ""-0.167605"", ""ticker_sentiment_label"": ""Somewhat-Bearish""}, {""ticker"": ""CRYPTO:ETH"", ""relevance_score"": ""0.385286"", ""ticker_sentiment_score"": ""0.029471"", ""ticker_sentiment_label"": ""Neutral""}, {""ticker"": ""CRYPTO:BUSD"", ""relevance_score"": ""0.159569"", ""ticker_sentiment_score"": ""-0.167605"", ""ticker_sentiment_label"": ""Somewhat-Bearish""}, {""ticker"": ""CRYPTO:ADA"", ""relevance_score"": ""0.159569"", ""ticker_sentiment_score"": ""-0.167605"", ""ticker_sentiment_label"": ""Somewhat-Bearish""}, {""ticker"": ""CRYPTO:BNB"", ""relevance_score"": ""0.159569"", ""ticker_sentiment_score"": ""-0.167605"", ""ticker_sentiment_label"": ""Somewhat-Bearish""}]"
2025-02-25,"If you're looking to make an investment in cryptocurrency, it's natural to question whether it makes more sense to buy a focused fintech leader like XRP ( CRYPTO: XRP ) , or a more traditional decentralized finance ( DeFi ) play like Cardano ( CRYPTO: ADA ) .",Motley Fool,https://www.fool.com/investing/2025/02/25/better-buy-right-now-with-3000-xrp-or-cardano/,0.506433,https://www.fool.com/investing/2025/02/25/better-buy-right-now-with-3000-xrp-or-cardano/,"What's the Better Buy Right Now With $3,000: XRP, or Cardano?",Alex Carchidi,https://g.foolcdn.com/editorial/images/808316/presentation-start-up-investors.jpg,www.fool.com,"Earnings,Blockchain,Financial Markets",0.248007,Somewhat-Bullish,"[{""ticker"": ""CURN"", ""relevance_score"": ""0.049629"", ""ticker_sentiment_score"": ""-0.006"", ""ticker_sentiment_label"": ""Neutral""}, {""ticker"": ""CRYPTO:ETH"", ""relevance_score"": ""0.336934"", ""ticker_sentiment_score"": ""0.271457"", ""ticker_sentiment_label"": ""Somewhat-Bullish""}, {""ticker"": ""CRYPTO:ADA"", ""relevance_score"": ""0.506433"", ""ticker_sentiment_score"": ""0.368493"", ""ticker_sentiment_label"": ""Bullish""}]"
2025-02-25,"Cardano was not immune to a widespread cryptocurrency market downturn Tuesday. ADA fell as much as 6% to 63 cents in early trading. Get two weeks of free access to pro-level trading tools, including news alerts, scanners, and real-time market insights.",Benzinga,https://www.benzinga.com/news/25/02/43941732/why-cardano-ada-is-falling,0.791422,https://www.benzinga.com/news/25/02/43941732/why-cardano-ada-is-falling,Why Cardano  ( ADA )  Is Falling,Henry Khederian,https://cdn.benzinga.com/files/images/story/2025/02/25/analysis-4937349.jpeg?width=1200&height=800&fit=crop,www.benzinga.com,"Blockchain,Financial Markets",-0.172202,Somewhat-Bearish,"[{""ticker"": ""CRYPTO:BTC"", ""relevance_score"": ""0.280615"", ""ticker_sentiment_score"": ""-0.161529"", ""ticker_sentiment_label"": ""Somewhat-Bearish""}, {""ticker"": ""CRYPTO:ETH"", ""relevance_score"": ""0.410059"", ""ticker_sentiment_score"": ""-0.251997"", ""ticker_sentiment_label"": ""Somewhat-Bearish""}, {""ticker"": ""CRYPTO:ADA"", ""relevance_score"": ""0.791422"", ""ticker_sentiment_score"": ""-0.408477"", ""ticker_sentiment_label"": ""Bearish""}]"
2025-02-25,"Cardano and XRP took a heavy hit as the broader crypto market saw a sharp sell-off. The SEC acknowledged Grayscale's Cardano ETF filing, while XRP Ledger announced its most significant upgrade since 2013.",Benzinga,https://www.benzinga.com/markets/cryptocurrency/25/02/43953447/xrp-cardano-plunge-10-what-is-going-on-with-altcoins,0.806505,https://www.benzinga.com/markets/cryptocurrency/25/02/43953447/xrp-cardano-plunge-10-what-is-going-on-with-altcoins,"XRP, Cardano Plunge 10%: What Is Going On With Altcoins?",Khyathi Dalal,https://cdn.benzinga.com/files/images/story/2025/02/25/What-Happened.jpeg?width=1200&height=800&fit=crop,www.benzinga.com,"Blockchain,Financial Markets",-0.002443,Neutral,"[{""ticker"": ""CRYPTO:BTC"", ""relevance_score"": ""0.074001"", ""ticker_sentiment_score"": ""0.074579"", ""ticker_sentiment_label"": ""Neutral""}, {""ticker"": ""CRYPTO:ETH"", ""relevance_score"": ""0.074001"", ""ticker_sentiment_score"": ""0.074579"", ""ticker_sentiment_label"": ""Neutral""}, {""ticker"": ""CRYPTO:DOGE"", ""relevance_score"": ""0.074001"", ""ticker_sentiment_score"": ""0.141324"", ""ticker_sentiment_label"": ""Neutral""}, {""ticker"": ""CRYPTO:ADA"", ""relevance_score"": ""0.806505"", ""ticker_sentiment_score"": ""-0.316479"", ""ticker_sentiment_label"": ""Somewhat-Bearish""}]"
2025-02-25,The crypto fund issuer received SEC acknowledgement on Monday for a Cardano fund and has applied to convert its XRP Trust into an ETF.,Decrypt.co,https://decrypt.co/307678/grayscale-applies-polkadot-etf,0.079921,https://decrypt.co/307678/grayscale-applies-polkadot-etf,"Grayscale Applies for Polkadot ETF, Joining Dogecoin and XRP Filings",James Rubin,https://cdn.decrypt.co/resize/1024/height/512/wp-content/uploads/2024/05/polkadot-coins-gID_7.jpg,decrypt.co,"Blockchain,Financial Markets",0.209868,Somewhat-Bullish,"[{""ticker"": ""CRYPTO:BTC"", ""relevance_score"": ""0.236588"", ""ticker_sentiment_score"": ""0.181512"", ""ticker_sentiment_label"": ""Somewhat-Bullish""}, {""ticker"": ""CRYPTO:ETH"", ""relevance_score"": ""0.159043"", ""ticker_sentiment_score"": ""0.135613"", ""ticker_sentiment_label"": ""Neutral""}, {""ticker"": ""CRYPTO:ADA"", ""relevance_score"": ""0.079921"", ""ticker_sentiment_score"": ""0.048957"", ""ticker_sentiment_label"": ""Neutral""}]"
2025-02-26,Is Ethereum's current price dip a buying opportunity? Here's what you need to know.,Motley Fool,https://www.fool.com/investing/2025/02/26/should-you-buy-ethereum-while-its-under-2500/,0.122269,https://www.fool.com/investing/2025/02/26/should-you-buy-ethereum-while-its-under-2500/,"Should You Buy Ethereum While It's Under $2,500?",Anders Bylund,https://g.foolcdn.com/editorial/images/808887/crypto-currency-ethereum-eth.jpg,www.fool.com,"Economy - Monetary,Blockchain,Financial Markets",0.189625,Somewhat-Bullish,"[{""ticker"": ""CRYPTO:BTC"", ""relevance_score"": ""0.202366"", ""ticker_sentiment_score"": ""0.072279"", ""ticker_sentiment_label"": ""Neutral""}, {""ticker"": ""CRYPTO:ETH"", ""relevance_score"": ""0.863033"", ""ticker_sentiment_score"": ""0.325465"", ""ticker_sentiment_label"": ""Somewhat-Bullish""}, {""ticker"": ""CRYPTO:LINK"", ""relevance_score"": ""0.081691"", ""ticker_sentiment_score"": ""0.058543"", ""ticker_sentiment_label"": ""Neutral""}, {""ticker"": ""CRYPTO:ADA"", ""relevance_score"": ""0.122269"", ""ticker_sentiment_score"": ""0.056166"", ""ticker_sentiment_label"": ""Neutral""}]"
2025-02-26,Bitcoin ETFs are shedding assets as crypto prices plummet amid a looming trade war and other macroeconomic uncertainty.,Decrypt.co,https://decrypt.co/307890/bitcoin-etfs-worst-day-ever,0.065685,https://decrypt.co/307890/bitcoin-etfs-worst-day-ever,Bitcoin ETFs Just Had Their Worst Day Ever,James Rubin,https://cdn.decrypt.co/resize/1024/height/512/wp-content/uploads/2020/04/shutterstock_416681971-gID_7.jpg,decrypt.co,"Economy - Monetary,Financial Markets,Finance,Blockchain",0.024099,Neutral,"[{""ticker"": ""IVZ"", ""relevance_score"": ""0.065685"", ""ticker_sentiment_score"": ""0.03547"", ""ticker_sentiment_label"": ""Neutral""}, {""ticker"": ""SCBFF"", ""relevance_score"": ""0.065685"", ""ticker_sentiment_score"": ""-0.006044"", ""ticker_sentiment_label"": ""Neutral""}, {""ticker"": ""CRYPTO:BTC"", ""relevance_score"": ""0.436009"", ""ticker_sentiment_score"": ""-0.096898"", ""ticker_sentiment_label"": ""Neutral""}, {""ticker"": ""CRYPTO:ETH"", ""relevance_score"": ""0.130926"", ""ticker_sentiment_score"": ""-0.114455"", ""ticker_sentiment_label"": ""Neutral""}, {""ticker"": ""CRYPTO:LTC"", ""relevance_score"": ""0.065685"", ""ticker_sentiment_score"": ""0.124218"", ""ticker_sentiment_label"": ""Neutral""}, {""ticker"": ""CRYPTO:ADA"", ""relevance_score"": ""0.065685"", ""ticker_sentiment_score"": ""0.124218"", ""ticker_sentiment_label"": ""Neutral""}]"
2025-02-26,The NYSE Arca filing details how the SEC could allow Grayscale's Ethereum funds to earn staking rewards while maintaining custody safeguards.,Decrypt.co,https://decrypt.co/307783/sec-acknowledges-grayscales-revised-staking-proposal-for-its-ethereum-etf,0.080728,https://decrypt.co/307783/sec-acknowledges-grayscales-revised-staking-proposal-for-its-ethereum-etf,SEC Acknowledges Grayscale's Revised Staking Proposal for its Ethereum ETF,Vince Dioquino,https://cdn.decrypt.co/resize/1024/height/512/wp-content/uploads/2021/02/Webp.net-resizeimage29-gID_7.jpg,decrypt.co,"Blockchain,Financial Markets",0.309642,Somewhat-Bullish,"[{""ticker"": ""CRYPTO:BTC"", ""relevance_score"": ""0.080728"", ""ticker_sentiment_score"": ""0.102824"", ""ticker_sentiment_label"": ""Neutral""}, {""ticker"": ""CRYPTO:ETH"", ""relevance_score"": ""0.945855"", ""ticker_sentiment_score"": ""0.531734"", ""ticker_sentiment_label"": ""Bullish""}, {""ticker"": ""CRYPTO:ADA"", ""relevance_score"": ""0.080728"", ""ticker_sentiment_score"": ""0.102824"", ""ticker_sentiment_label"": ""Neutral""}]"
2025-02-26,"The second-largest cryptocurrency, Ethereum ( CRYPTO: ETH ) , and the smaller chain originally designed to outcompete it, Cardano ( CRYPTO: ADA ) , have both been decent investments for many people. And they could well continue to be, given their positions in the steadily expanding crypto ...",Motley Fool,https://www.fool.com/investing/2025/02/26/3-reasons-to-sell-ethereum-and-cardano-today-and-b/,0.377958,https://www.fool.com/investing/2025/02/26/3-reasons-to-sell-ethereum-and-cardano-today-and-b/,3 Reasons to Sell Ethereum and Cardano Today and Buy Solana Instead,Alex Carchidi,https://g.foolcdn.com/editorial/images/808710/distressed-investor-considers-papers-at-table.jpg,www.fool.com,"Blockchain,Financial Markets",0.170122,Somewhat-Bullish,"[{""ticker"": ""CRYPTO:ETH"", ""relevance_score"": ""0.377958"", ""ticker_sentiment_score"": ""0.153988"", ""ticker_sentiment_label"": ""Somewhat-Bullish""}, {""ticker"": ""CRYPTO:SOL"", ""relevance_score"": ""0.056143"", ""ticker_sentiment_score"": ""0.186963"", ""ticker_sentiment_label"": ""Somewhat-Bullish""}, {""ticker"": ""CRYPTO:ADA"", ""relevance_score"": ""0.377958"", ""ticker_sentiment_score"": ""0.222264"", ""ticker_sentiment_label"": ""Somewhat-Bullish""}]"
2025-02-27,"Artificial intelligence-related cryptocurrencies were the market's biggest gainers on Wednesday as Nvidia Corp. NVDA shattered its fourth-quarter revenue record. What happened: KAITO, the native token of the AI-powered InfoFi network, soared over 40% to become the most successful cryptocurrency ...",Benzinga,https://www.benzinga.com/25/02/43997622/nvidias-record-breaking-financials-drive-ai-based-cryptos-higher,0.25168,https://www.benzinga.com/25/02/43997622/nvidias-record-breaking-financials-drive-ai-based-cryptos-higher,"Nvidia's Q4 Revenue, Earnings Beat Drives AI-Based Cryptos Higher Even As Major Coins Bleed - TRX Gold  ( AMEX:TRX ) ",Aniket Verma,https://cdn.benzinga.com/files/images/story/2025/02/27/Top-10-Cryptocurrencies-In-The-World-By-.jpeg?width=1200&height=800&fit=crop,www.benzinga.com,"Financial Markets,Manufacturing,Earnings,Blockchain",0.222778,Somewhat-Bullish,"[{""ticker"": ""NVDA"", ""relevance_score"": ""0.478939"", ""ticker_sentiment_score"": ""0.222557"", ""ticker_sentiment_label"": ""Somewhat-Bullish""}, {""ticker"": ""CRYPTO:BTC"", ""relevance_score"": ""0.25168"", ""ticker_sentiment_score"": ""-0.23058"", ""ticker_sentiment_label"": ""Somewhat-Bearish""}, {""ticker"": ""CRYPTO:ADA"", ""relevance_score"": ""0.25168"", ""ticker_sentiment_score"": ""0.205135"", ""ticker_sentiment_label"": ""Somewhat-Bullish""}, {""ticker"": ""CRYPTO:TRX"", ""relevance_score"": ""0.127456"", ""ticker_sentiment_score"": ""0.129208"", ""ticker_sentiment_label"": ""Neutral""}]"
2025-02-27,"Wondering whether Ethereum is a contender in the crypto race, despite recent price drops? Cathie Wood has some thoughts, and even a restrained version of her analysis suggests market-beating returns in the long run.",Motley Fool,https://www.fool.com/investing/2025/02/27/1-top-cryptocurrency-to-buy-before-it-soars-337/,0.046184,https://www.fool.com/investing/2025/02/27/1-top-cryptocurrency-to-buy-before-it-soars-337/,"1 Top Cryptocurrency to Buy Before It Soars 337%, According to Cathie Wood",Anders Bylund,https://g.foolcdn.com/editorial/images/809017/cryptocurrency-coins-bitcoin-ethereum-ripple-litecoin.jpg,www.fool.com,"Economy - Monetary,Blockchain,Financial Markets",0.305705,Somewhat-Bullish,"[{""ticker"": ""CRYPTO:BTC"", ""relevance_score"": ""0.183198"", ""ticker_sentiment_score"": ""0.200231"", ""ticker_sentiment_label"": ""Somewhat-Bullish""}, {""ticker"": ""CRYPTO:ETH"", ""relevance_score"": ""0.882114"", ""ticker_sentiment_score"": ""0.498197"", ""ticker_sentiment_label"": ""Bullish""}, {""ticker"": ""CRYPTO:ADA"", ""relevance_score"": ""0.046184"", ""ticker_sentiment_score"": ""0.20643"", ""ticker_sentiment_label"": ""Somewhat-Bullish""}]"
2025-02-27,Crypto exchanges appear to now be in safe waters-but legal experts say it's still too early for token projects to rest easy.,Decrypt.co,https://decrypt.co/307934/solana-polygon-cardano-sec-crypto-case-dismissals,0.060694,https://decrypt.co/307934/solana-polygon-cardano-sec-crypto-case-dismissals,"Are Solana, Polygon and Cardano in the Clear After SEC Crypto Case Dismissals?",Sander Lutz,https://cdn.decrypt.co/resize/1024/height/512/wp-content/uploads/2019/08/Veritaseum-SEC-lawsuit-response-gID_1.jpg,decrypt.co,"Finance,Blockchain",0.204108,Somewhat-Bullish,"[{""ticker"": ""COIN"", ""relevance_score"": ""0.060694"", ""ticker_sentiment_score"": ""-0.213102"", ""ticker_sentiment_label"": ""Somewhat-Bearish""}, {""ticker"": ""CRYPTO:UNI"", ""relevance_score"": ""0.060694"", ""ticker_sentiment_score"": ""-0.213102"", ""ticker_sentiment_label"": ""Somewhat-Bearish""}, {""ticker"": ""CRYPTO:ADA"", ""relevance_score"": ""0.060694"", ""ticker_sentiment_score"": ""0.056176"", ""ticker_sentiment_label"": ""Neutral""}]"
2025-02-27,The funds based on Bitcoin's spot price have been shedding assets as markets shy away from crypto and other risk-on investments.,Decrypt.co,https://decrypt.co/308094/bitcoin-etfs-shed-billions-this-week,0.078099,https://decrypt.co/308094/bitcoin-etfs-shed-billions-this-week,Bitcoin ETFs Have Shed More Than $2.4 Billion So Far This Week,James Rubin,https://cdn.decrypt.co/resize/1024/height/512/wp-content/uploads/2024/03/Bitcoin-ETF-shutterstock_1162777840-gID_7.jpg,decrypt.co,"Economy - Monetary,Economy - Fiscal,Financial Markets,Blockchain,Economy - Macro",0.082535,Neutral,"[{""ticker"": ""CRYPTO:BTC"", ""relevance_score"": ""0.376005"", ""ticker_sentiment_score"": ""0.11862"", ""ticker_sentiment_label"": ""Neutral""}, {""ticker"": ""CRYPTO:ETH"", ""relevance_score"": ""0.155451"", ""ticker_sentiment_score"": ""0.043751"", ""ticker_sentiment_label"": ""Neutral""}, {""ticker"": ""CRYPTO:LTC"", ""relevance_score"": ""0.078099"", ""ticker_sentiment_score"": ""0.139058"", ""ticker_sentiment_label"": ""Neutral""}, {""ticker"": ""CRYPTO:ADA"", ""relevance_score"": ""0.078099"", ""ticker_sentiment_score"": ""0.139058"", ""ticker_sentiment_label"": ""Neutral""}]"
2025-02-28,TRUMP took a double digit hit as the U.S. President continues his global trade war.,Decrypt.co,https://decrypt.co/308232/trump-dogecoin-cardano-down-bad,0.102888,https://decrypt.co/308232/trump-dogecoin-cardano-down-bad,"TRUMP, Dogecoin and Cardano Down Bad as Market Continues to Bleed",Ryan S. Gladwin,https://cdn.decrypt.co/resize/1024/height/512/wp-content/uploads/2019/11/darren-halstead-B_vXFdzvw3g-unsplash-Cropped-scaled-gID_7.jpg,decrypt.co,"Blockchain,Financial Markets",-0.155242,Somewhat-Bearish,"[{""ticker"": ""CRYPTO:BTC"", ""relevance_score"": ""0.204072"", ""ticker_sentiment_score"": ""-0.073675"", ""ticker_sentiment_label"": ""Neutral""}, {""ticker"": ""CRYPTO:UNI"", ""relevance_score"": ""0.204072"", ""ticker_sentiment_score"": ""-0.188221"", ""ticker_sentiment_label"": ""Somewhat-Bearish""}, {""ticker"": ""CRYPTO:WDC"", ""relevance_score"": ""0.102888"", ""ticker_sentiment_score"": ""-0.28807"", ""ticker_sentiment_label"": ""Somewhat-Bearish""}, {""ticker"": ""CRYPTO:ETH"", ""relevance_score"": ""0.301933"", ""ticker_sentiment_score"": ""-0.165111"", ""ticker_sentiment_label"": ""Somewhat-Bearish""}, {""ticker"": ""CRYPTO:SHIB"", ""relevance_score"": ""0.204072"", ""ticker_sentiment_score"": ""-0.015458"", ""ticker_sentiment_label"": ""Neutral""}, {""ticker"": ""CRYPTO:DOGE"", ""relevance_score"": ""0.301933"", ""ticker_sentiment_score"": ""-0.020984"", ""ticker_sentiment_label"": ""Neutral""}, {""ticker"": ""CRYPTO:ADA"", ""relevance_score"": ""0.102888"", ""ticker_sentiment_score"": ""-0.28807"", ""ticker_sentiment_label"": ""Somewhat-Bearish""}]"
2025-02-28,Bitcoin's sharp recovery is proof that dip buyers remain active at lower levels. Will altcoins follow?,Cointelegraph,https://cointelegraph.com/news/price-analysis-2-28-btc-eth-xrp-bnb-sol-doge-ada-ltc-link-avax,0.100308,https://cointelegraph.com/news/price-analysis-2-28-btc-eth-xrp-bnb-sol-doge-ada-ltc-link-avax,"Price analysis 2/28: BTC, ETH, XRP, BNB, SOL, DOGE, ADA, LTC, LINK, AVAX",Rakesh Upadhyay,https://s3.cointelegraph.com/uploads/2025-02/01954d54-5b7a-757b-8255-4c91848f2bca,cointelegraph.com,Blockchain,-0.012177,Neutral,"[{""ticker"": ""SCBFF"", ""relevance_score"": ""0.033515"", ""ticker_sentiment_score"": ""0.121792"", ""ticker_sentiment_label"": ""Neutral""}, {""ticker"": ""CRYPTO:BTC"", ""relevance_score"": ""0.356051"", ""ticker_sentiment_score"": ""0.103931"", ""ticker_sentiment_label"": ""Neutral""}, {""ticker"": ""CRYPTO:AVAX"", ""relevance_score"": ""0.06697"", ""ticker_sentiment_score"": ""-0.087144"", ""ticker_sentiment_label"": ""Neutral""}, {""ticker"": ""CRYPTO:BNB"", ""relevance_score"": ""0.100308"", ""ticker_sentiment_score"": ""-0.001107"", ""ticker_sentiment_label"": ""Neutral""}, {""ticker"": ""CRYPTO:XRP"", ""relevance_score"": ""0.100308"", ""ticker_sentiment_score"": ""0.066515"", ""ticker_sentiment_label"": ""Neutral""}, {""ticker"": ""CRYPTO:ETH"", ""relevance_score"": ""0.100308"", ""ticker_sentiment_score"": ""-0.024159"", ""ticker_sentiment_label"": ""Neutral""}, {""ticker"": ""CRYPTO:DOGE"", ""relevance_score"": ""0.100308"", ""ticker_sentiment_score"": ""-0.030857"", ""ticker_sentiment_label"": ""Neutral""}, {""ticker"": ""CRYPTO:LINK"", ""relevance_score"": ""0.100308"", ""ticker_sentiment_score"": ""0.025081"", ""ticker_sentiment_label"": ""Neutral""}, {""ticker"": ""CRYPTO:USDT"", ""relevance_score"": ""0.325637"", ""ticker_sentiment_score"": ""-0.038295"", ""ticker_sentiment_label"": ""Neutral""}, {""ticker"": ""CRYPTO:LTC"", ""relevance_score"": ""0.100308"", ""ticker_sentiment_score"": ""-0.031292"", ""ticker_sentiment_label"": ""Neutral""}, {""ticker"": ""CRYPTO:ADA"", ""relevance_score"": ""0.100308"", ""ticker_sentiment_score"": ""-0.085543"", ""ticker_sentiment_label"": ""Neutral""}]"
2025-02-28,"Cryptocurrencies have had an incredible run over the past few months, but that's coming to an end as many altcoins are crashing this week.According to data provided by S&P Global Market Intelligence, Solana ( CRYPTO: SOL ) had dropped 14.5% over the past week as of 4 p.m.",Motley Fool,https://www.fool.com/investing/2025/02/28/big-picture-uncertainty-takes-a-crypto-toll/,0.162802,https://www.fool.com/investing/2025/02/28/big-picture-uncertainty-takes-a-crypto-toll/,Big-Picture Uncertainty Takes a Crypto Toll,Travis Hoium,https://g.foolcdn.com/editorial/images/809528/chart-going-up.jpg,www.fool.com,"Blockchain,Financial Markets",-0.100962,Neutral,"[{""ticker"": ""SPGI"", ""relevance_score"": ""0.08183"", ""ticker_sentiment_score"": ""0.015493"", ""ticker_sentiment_label"": ""Neutral""}, {""ticker"": ""CRYPTO:LINK"", ""relevance_score"": ""0.242084"", ""ticker_sentiment_score"": ""0.062711"", ""ticker_sentiment_label"": ""Neutral""}, {""ticker"": ""CRYPTO:ADA"", ""relevance_score"": ""0.162802"", ""ticker_sentiment_score"": ""0.020752"", ""ticker_sentiment_label"": ""Neutral""}]"
2025-03-01,"With the price of Solana ( CRYPTO: SOL ) crashing by 34% in the past 30 days, many investors are either looking for the exit or already well on their way out the door. Rocked by scandals connected to coins on the Solana platform and facing down a few macroeconomic headwinds, it's obvious that ...",Motley Fool,https://www.fool.com/investing/2025/03/01/is-it-the-end-of-the-road-for-solana/,0.059785,https://www.fool.com/investing/2025/03/01/is-it-the-end-of-the-road-for-solana/,Is It the End of the Road for Solana?,Alex Carchidi,https://g.foolcdn.com/editorial/images/808772/downbeat-investor-looks-at-screen.jpg,www.fool.com,"Blockchain,Financial Markets",-0.012322,Neutral,"[{""ticker"": ""CRYPTO:ETH"", ""relevance_score"": ""0.059785"", ""ticker_sentiment_score"": ""0.077999"", ""ticker_sentiment_label"": ""Neutral""}, {""ticker"": ""CRYPTO:ADA"", ""relevance_score"": ""0.059785"", ""ticker_sentiment_score"": ""0.077999"", ""ticker_sentiment_label"": ""Neutral""}]"
2025-03-02,"The timing of the trade has raised speculation, given the trader scaled into Ethereum longs just minutes before Trump's announcement.",Decrypt.co,https://decrypt.co/308424/trader-nets-6-8m-after-well-timed-bitcoin-ethereum-bets-ahead-of-trumps-reserve-announcement,0.215894,https://decrypt.co/308424/trader-nets-6-8m-after-well-timed-bitcoin-ethereum-bets-ahead-of-trumps-reserve-announcement,"Trader Nets $6.8M After Well-Timed Bitcoin, Ethereum Bets Ahead of Trump's Reserve Announcement",Sebastian Sinclair,https://cdn.decrypt.co/resize/1024/height/512/wp-content/uploads/2024/06/money-bag-gID_7.png,decrypt.co,Finance,0.129687,Neutral,"[{""ticker"": ""COIN"", ""relevance_score"": ""0.108958"", ""ticker_sentiment_score"": ""-0.082953"", ""ticker_sentiment_label"": ""Neutral""}, {""ticker"": ""CRYPTO:BTC"", ""relevance_score"": ""0.588876"", ""ticker_sentiment_score"": ""0.309413"", ""ticker_sentiment_label"": ""Somewhat-Bullish""}, {""ticker"": ""CRYPTO:ETH"", ""relevance_score"": ""0.726873"", ""ticker_sentiment_score"": ""0.218096"", ""ticker_sentiment_label"": ""Somewhat-Bullish""}, {""ticker"": ""CRYPTO:ADA"", ""relevance_score"": ""0.215894"", ""ticker_sentiment_score"": ""0.19649"", ""ticker_sentiment_label"": ""Somewhat-Bullish""}]"
2025-03-02,"When President Trump speaks, the crypto market listens.",Motley Fool,https://www.fool.com/investing/2025/03/02/why-bitcoin-xrp-and-cardano-led-a-crypto-explosion/,0.139265,https://www.fool.com/investing/2025/03/02/why-bitcoin-xrp-and-cardano-led-a-crypto-explosion/,"Why Bitcoin, XRP, and Cardano Led a Crypto Explosion Today",Travis Hoium,https://g.foolcdn.com/editorial/images/809613/bitcoin-digital.jpg,www.fool.com,"Economy - Monetary,Blockchain,Financial Markets",0.112603,Neutral,"[{""ticker"": ""CRYPTO:BTC"", ""relevance_score"": ""0.27432"", ""ticker_sentiment_score"": ""0.235985"", ""ticker_sentiment_label"": ""Somewhat-Bullish""}, {""ticker"": ""CRYPTO:ETH"", ""relevance_score"": ""0.207571"", ""ticker_sentiment_score"": ""0.194393"", ""ticker_sentiment_label"": ""Somewhat-Bullish""}, {""ticker"": ""CRYPTO:ADA"", ""relevance_score"": ""0.139265"", ""ticker_sentiment_score"": ""0.151005"", ""ticker_sentiment_label"": ""Somewhat-Bullish""}]"
2025-03-02,The inclusion of altcoins in Trump's US Crypto Strategic Reserve announcement sent Bitcoin up 10% but dented its dominance over altcoins.,Cointelegraph,https://cointelegraph.com/news/bitcoin-dominance-shrinks-trump-announces-crypto-reserve,0.303175,https://cointelegraph.com/news/bitcoin-dominance-shrinks-trump-announces-crypto-reserve,Bitcoin dominance drops below 50% as Trump touts crypto reserve plan,Brayden Lindrea,https://s3.cointelegraph.com/uploads/2025-03/01955914-bf30-7d07-8cdb-6404f21148c4,cointelegraph.com,"Life Sciences,Blockchain",0.256297,Somewhat-Bullish,"[{""ticker"": ""RIOT"", ""relevance_score"": ""0.103331"", ""ticker_sentiment_score"": ""-0.097591"", ""ticker_sentiment_label"": ""Neutral""}, {""ticker"": ""CRYPTO:BTC"", ""relevance_score"": ""0.962283"", ""ticker_sentiment_score"": ""0.372305"", ""ticker_sentiment_label"": ""Bullish""}, {""ticker"": ""CRYPTO:ETH"", ""relevance_score"": ""0.303175"", ""ticker_sentiment_score"": ""0.185982"", ""ticker_sentiment_label"": ""Somewhat-Bullish""}, {""ticker"": ""CRYPTO:ADA"", ""relevance_score"": ""0.303175"", ""ticker_sentiment_score"": ""0.436939"", ""ticker_sentiment_label"": ""Bullish""}, {""ticker"": ""CRYPTO:XRP"", ""relevance_score"": ""0.303175"", ""ticker_sentiment_score"": ""0.436939"", ""ticker_sentiment_label"": ""Bullish""}]"
2025-03-02,Bitcoin price gains top 8% as a surprise from US President Trump sends crypto market valuations flying higher.,Cointelegraph,https://cointelegraph.com/news/bitcoin-price-suddenly-jumps-93k-xrp-flips-ethereum,0.28387,https://cointelegraph.com/news/bitcoin-price-suddenly-jumps-93k-xrp-flips-ethereum,Bitcoin price jumps to $93K as XRP 'flips' Ethereum by fully diluted value,William Suberg,https://s3.cointelegraph.com/uploads/2025-03/019557e3-02b9-726d-a957-825c236bea94,cointelegraph.com,Blockchain,0.165139,Somewhat-Bullish,"[{""ticker"": ""CRYPTO:BTC"", ""relevance_score"": ""0.854205"", ""ticker_sentiment_score"": ""0.437445"", ""ticker_sentiment_label"": ""Bullish""}, {""ticker"": ""CRYPTO:ETH"", ""relevance_score"": ""0.532941"", ""ticker_sentiment_score"": ""0.507487"", ""ticker_sentiment_label"": ""Bullish""}, {""ticker"": ""CRYPTO:ADA"", ""relevance_score"": ""0.28387"", ""ticker_sentiment_score"": ""0.0"", ""ticker_sentiment_label"": ""Neutral""}, {""ticker"": ""CRYPTO:XRP"", ""relevance_score"": ""0.414559"", ""ticker_sentiment_score"": ""0.081763"", ""ticker_sentiment_label"": ""Neutral""}]"
2025-03-02,Both Bitcoin and Ethereum are flying high Sunday after President Trump confirmed both will feature in a planned national crypto reserve.,Decrypt.co,https://decrypt.co/308417/bitcoin-ethereum-skyrocket-trump-us-reserve-assets,0.297661,https://decrypt.co/308417/bitcoin-ethereum-skyrocket-trump-us-reserve-assets,Bitcoin and Ethereum Surge as Trump Reveals Planned US Crypto Reserve Assets,Andrew Hayward,https://cdn.decrypt.co/resize/1024/height/512/wp-content/uploads/2020/12/bitcoin-usa-lawmakers-regulation-gID_7.jpg,decrypt.co,Blockchain,0.29095,Somewhat-Bullish,"[{""ticker"": ""CRYPTO:BTC"", ""relevance_score"": ""0.818966"", ""ticker_sentiment_score"": ""0.501717"", ""ticker_sentiment_label"": ""Bullish""}, {""ticker"": ""CRYPTO:ETH"", ""relevance_score"": ""0.74841"", ""ticker_sentiment_score"": ""0.588722"", ""ticker_sentiment_label"": ""Bullish""}, {""ticker"": ""CRYPTO:ADA"", ""relevance_score"": ""0.297661"", ""ticker_sentiment_score"": ""0.326857"", ""ticker_sentiment_label"": ""Somewhat-Bullish""}, {""ticker"": ""CRYPTO:XRP"", ""relevance_score"": ""0.297661"", ""ticker_sentiment_score"": ""0.326857"", ""ticker_sentiment_label"": ""Somewhat-Bullish""}]"
2025-03-02,"President Trump said Sunday that the U.S. will create a strategic crypto reserve that includes Cardano, Solana, and XRP. Where's Bitcoin?",Decrypt.co,https://decrypt.co/308413/trump-crypto-reserve-xrp-solana-cardano,0.481177,https://decrypt.co/308413/trump-crypto-reserve-xrp-solana-cardano,"Trump Says Crypto Reserve Will Hold XRP, Solana and Cardano-But Doesn't Mention Bitcoin",Mat Di Salvo,https://cdn.decrypt.co/resize/1024/height/512/wp-content/uploads/2025/02/donald-trump-meme-coin-president-gID_7.jpg,decrypt.co,,0.18792,Somewhat-Bullish,"[{""ticker"": ""CRYPTO:BTC"", ""relevance_score"": ""0.252987"", ""ticker_sentiment_score"": ""0.401292"", ""ticker_sentiment_label"": ""Bullish""}, {""ticker"": ""CRYPTO:ADA"", ""relevance_score"": ""0.481177"", ""ticker_sentiment_score"": ""0.247602"", ""ticker_sentiment_label"": ""Somewhat-Bullish""}]"
2025-03-02,"XRP, ADA and SOL rallied after President Trump's post about a crypto strategic reserve. Will other altcoins latch on and rally too?",Cointelegraph,https://cointelegraph.com/news/xrp-ada-sol-go-parabolic-after-trump-us-crypto-reserve-post-will-altcoins-follow,0.069798,https://cointelegraph.com/news/xrp-ada-sol-go-parabolic-after-trump-us-crypto-reserve-post-will-altcoins-follow,"XRP, ADA, SOL go parabolic after Trump US crypto reserve post: Will other altcoins follow?",Rakesh Upadhyay,https://s3.cointelegraph.com/uploads/2025-03/019557f2-8e0d-794e-9008-921f8a9ac6ae,cointelegraph.com,"Blockchain,Financial Markets",0.002422,Neutral,"[{""ticker"": ""CRYPTO:BTC"", ""relevance_score"": ""0.400797"", ""ticker_sentiment_score"": ""0.145838"", ""ticker_sentiment_label"": ""Neutral""}, {""ticker"": ""CRYPTO:ETH"", ""relevance_score"": ""0.069798"", ""ticker_sentiment_score"": ""0.087639"", ""ticker_sentiment_label"": ""Neutral""}, {""ticker"": ""CRYPTO:LTC"", ""relevance_score"": ""0.104531"", ""ticker_sentiment_score"": ""-0.011037"", ""ticker_sentiment_label"": ""Neutral""}, {""ticker"": ""CRYPTO:XMR"", ""relevance_score"": ""0.104531"", ""ticker_sentiment_score"": ""0.028277"", ""ticker_sentiment_label"": ""Neutral""}, {""ticker"": ""CRYPTO:ADA"", ""relevance_score"": ""0.069798"", ""ticker_sentiment_score"": ""0.087639"", ""ticker_sentiment_label"": ""Neutral""}]"
2025-03-03,"Bitcoin's rally was triggered by President Donald Trump's plan for a ""US Crypto Reserve,"" which would include BTC, ETH, SOL, XRP and other assets.",Cointelegraph,https://cointelegraph.com/news/mstr-stock-pops-following-bitcoin-weekend-rally,0.214937,https://cointelegraph.com/news/mstr-stock-pops-following-bitcoin-weekend-rally,MSTR stock pops 15% following Bitcoin weekend rally,Sam Bourgi,https://s3.cointelegraph.com/uploads/2025-03/01955cb4-5400-7602-a2be-9606fd42ec1d,cointelegraph.com,"Blockchain,Financial Markets",-0.009533,Neutral,"[{""ticker"": ""STRK"", ""relevance_score"": ""0.108466"", ""ticker_sentiment_score"": ""0.006689"", ""ticker_sentiment_label"": ""Neutral""}, {""ticker"": ""CRYPTO:BTC"", ""relevance_score"": ""0.95919"", ""ticker_sentiment_score"": ""0.034332"", ""ticker_sentiment_label"": ""Neutral""}, {""ticker"": ""CRYPTO:ETH"", ""relevance_score"": ""0.214937"", ""ticker_sentiment_score"": ""-0.251727"", ""ticker_sentiment_label"": ""Somewhat-Bearish""}, {""ticker"": ""CRYPTO:ADA"", ""relevance_score"": ""0.214937"", ""ticker_sentiment_score"": ""-0.251727"", ""ticker_sentiment_label"": ""Somewhat-Bearish""}]"
2025-03-03,"President Donald Trump's comments over the weekend about a U.S. strategic crypto reserve led to extreme volatility in the sector with many cryptocurrencies surging following the news and then pulling back this morning.Since the late afternoon yesterday, the price of the meme tokens Dogecoin ( ...",Motley Fool,https://www.fool.com/investing/2025/03/03/dogecoin-shiba-inu-and-cardano-experience-extreme/,0.428632,https://www.fool.com/investing/2025/03/03/dogecoin-shiba-inu-and-cardano-experience-extreme/,"Dogecoin, Shiba Inu, and Cardano Experience Extreme Volatility Following Trump's Comments on U.S. Strategic Crypto Reserve",Bram Berkowitz,https://media.ycharts.com/charts/a03b268935066b8f45fdf675bc621957.png,www.fool.com,Blockchain,0.158971,Somewhat-Bullish,"[{""ticker"": ""CRYPTO:BTC"", ""relevance_score"": ""0.253646"", ""ticker_sentiment_score"": ""0.242465"", ""ticker_sentiment_label"": ""Somewhat-Bullish""}, {""ticker"": ""CRYPTO:ETH"", ""relevance_score"": ""0.191675"", ""ticker_sentiment_score"": ""0.183281"", ""ticker_sentiment_label"": ""Somewhat-Bullish""}, {""ticker"": ""CRYPTO:SHIB"", ""relevance_score"": ""0.253646"", ""ticker_sentiment_score"": ""0.046658"", ""ticker_sentiment_label"": ""Neutral""}, {""ticker"": ""CRYPTO:DOGE"", ""relevance_score"": ""0.253646"", ""ticker_sentiment_score"": ""0.046658"", ""ticker_sentiment_label"": ""Neutral""}, {""ticker"": ""CRYPTO:ADA"", ""relevance_score"": ""0.428632"", ""ticker_sentiment_score"": ""0.221291"", ""ticker_sentiment_label"": ""Somewhat-Bullish""}, {""ticker"": ""CRYPTO:XRP"", ""relevance_score"": ""0.128478"", ""ticker_sentiment_score"": ""0.142687"", ""ticker_sentiment_label"": ""Neutral""}]"
2025-03-03,The dropped lawsuit follows dismissals of other SEC lawsuits and investigations against other cryptocurrency companies like Coinbase and Gemini.,Cointelegraph,https://cointelegraph.com/news/sec-drops-lawsuit-against-kraken-ending-politically-motivated-campaign,0.212115,https://cointelegraph.com/news/sec-drops-lawsuit-against-kraken-ending-politically-motivated-campaign,"SEC drops lawsuit against Kraken, ending 'politically motivated campaign'",Christopher Tepedino,"https://images.cointelegraph.com/cdn-cgi/image/format=auto,onerror=redirect,quality=90,width=1200/https://s3.cointelegraph.com/uploads/2025-03/01955cbb-bb80-70f5-9a99-843566c3f602",cointelegraph.com,"Finance,Blockchain,Financial Markets",-0.055729,Neutral,"[{""ticker"": ""COIN"", ""relevance_score"": ""0.212115"", ""ticker_sentiment_score"": ""-0.184352"", ""ticker_sentiment_label"": ""Somewhat-Bearish""}, {""ticker"": ""CRYPTO:BTC"", ""relevance_score"": ""0.212115"", ""ticker_sentiment_score"": ""0.056506"", ""ticker_sentiment_label"": ""Neutral""}, {""ticker"": ""CRYPTO:ETH"", ""relevance_score"": ""0.212115"", ""ticker_sentiment_score"": ""0.056506"", ""ticker_sentiment_label"": ""Neutral""}, {""ticker"": ""CRYPTO:UNI"", ""relevance_score"": ""0.212115"", ""ticker_sentiment_score"": ""-0.184352"", ""ticker_sentiment_label"": ""Somewhat-Bearish""}, {""ticker"": ""CRYPTO:ADA"", ""relevance_score"": ""0.212115"", ""ticker_sentiment_score"": ""0.056506"", ""ticker_sentiment_label"": ""Neutral""}]"
2025-03-03,"The crypto token XRP ( CRYPTO: XRP ) is falling on Monday, dropping 10.3% since 4:30 p.m. ET on Sunday. The move comes as the S&P 500 ( SNPINDEX: ^GSPC ) lost 0.4% and the Nasdaq Composite ( NASDAQINDEX: ^IXIC ) lost 0.6% in the day's trading.XRP retreated after rallying more than 30% following ...",Motley Fool,https://www.fool.com/investing/2025/03/03/why-xrp-ripple-is-plummeting-today/,0.133841,https://www.fool.com/investing/2025/03/03/why-xrp-ripple-is-plummeting-today/,Why XRP  ( Ripple )  Is Plummeting Today,Johnny Rice,https://g.foolcdn.com/editorial/images/809711/xrp-trump-2025.jpg,www.fool.com,Blockchain,-0.071782,Neutral,"[{""ticker"": ""CRYPTO:BTC"", ""relevance_score"": ""0.263942"", ""ticker_sentiment_score"": ""0.076376"", ""ticker_sentiment_label"": ""Neutral""}, {""ticker"": ""CRYPTO:ETH"", ""relevance_score"": ""0.133841"", ""ticker_sentiment_score"": ""0.129939"", ""ticker_sentiment_label"": ""Neutral""}, {""ticker"": ""CRYPTO:ADA"", ""relevance_score"": ""0.133841"", ""ticker_sentiment_score"": ""0.129939"", ""ticker_sentiment_label"": ""Neutral""}, {""ticker"": ""CRYPTO:XRP"", ""relevance_score"": ""0.822443"", ""ticker_sentiment_score"": ""-0.122102"", ""ticker_sentiment_label"": ""Neutral""}]"
2025-03-03,The first of its kind group will allow pro-industry lawmakers to vote as a bloc on key legislation.,Decrypt.co,https://decrypt.co/308471/bipartisan-congressional-crypto-caucus-trump-bitcoin,0.082393,https://decrypt.co/308471/bipartisan-congressional-crypto-caucus-trump-bitcoin,Lawmakers Launch Bipartisan Congressional Crypto Caucus Following Trump Bitcoin Push,Sander Lutz,https://cdn.decrypt.co/resize/1024/height/512/wp-content/uploads/2020/05/shutterstock_5672319101-gID_7.jpg,decrypt.co,"Economy - Monetary,Blockchain",0.185902,Somewhat-Bullish,"[{""ticker"": ""CRYPTO:BTC"", ""relevance_score"": ""0.082393"", ""ticker_sentiment_score"": ""0.092873"", ""ticker_sentiment_label"": ""Neutral""}, {""ticker"": ""CRYPTO:ETH"", ""relevance_score"": ""0.082393"", ""ticker_sentiment_score"": ""0.092873"", ""ticker_sentiment_label"": ""Neutral""}, {""ticker"": ""CRYPTO:ADA"", ""relevance_score"": ""0.082393"", ""ticker_sentiment_score"": ""0.092873"", ""ticker_sentiment_label"": ""Neutral""}, {""ticker"": ""CRYPTO:XRP"", ""relevance_score"": ""0.082393"", ""ticker_sentiment_score"": ""0.092873"", ""ticker_sentiment_label"": ""Neutral""}]"
2025-03-03,The new caucus will have the goal of cementing the US's leadership in the future of digital assets and blockchain innovation.,Cointelegraph,https://cointelegraph.com/news/us-congressmen-launch-bipartisan-congressional-crypto-caucus,0.203215,https://cointelegraph.com/news/us-congressmen-launch-bipartisan-congressional-crypto-caucus,US members of Congress to launch bipartisan 'Congressional Crypto Caucus',Christopher Tepedino,https://s3.cointelegraph.com/uploads/2025-03/01955d33-38c1-79e3-81dd-7ccfe5170c71,cointelegraph.com,Blockchain,0.260545,Somewhat-Bullish,"[{""ticker"": ""CRYPTO:BTC"", ""relevance_score"": ""0.203215"", ""ticker_sentiment_score"": ""0.251033"", ""ticker_sentiment_label"": ""Somewhat-Bullish""}, {""ticker"": ""CRYPTO:ETH"", ""relevance_score"": ""0.203215"", ""ticker_sentiment_score"": ""0.251033"", ""ticker_sentiment_label"": ""Somewhat-Bullish""}, {""ticker"": ""CRYPTO:ADA"", ""relevance_score"": ""0.203215"", ""ticker_sentiment_score"": ""0.251033"", ""ticker_sentiment_label"": ""Somewhat-Bullish""}, {""ticker"": ""CRYPTO:XRP"", ""relevance_score"": ""0.203215"", ""ticker_sentiment_score"": ""0.251033"", ""ticker_sentiment_label"": ""Somewhat-Bullish""}]"
2025-03-03,"Adding altcoins to the national reserve also increases centralization risk, one analyst said.",Cointelegraph,https://cointelegraph.com/news/us-crypto-reserve-no-substitute-sec-clarity-exec,0.398148,https://cointelegraph.com/news/us-crypto-reserve-no-substitute-sec-clarity-exec,US crypto reserve no substitute for SEC clarity - Industry exec,Alex O’Donnell,https://s3.cointelegraph.com/uploads/2025-03/01955d50-d18b-7202-a4cd-a76d0c22046a,cointelegraph.com,"Blockchain,Financial Markets",0.222744,Somewhat-Bullish,"[{""ticker"": ""CRYPTO:BTC"", ""relevance_score"": ""0.485711"", ""ticker_sentiment_score"": ""-0.034882"", ""ticker_sentiment_label"": ""Neutral""}, {""ticker"": ""CRYPTO:ETH"", ""relevance_score"": ""0.205807"", ""ticker_sentiment_score"": ""0.296449"", ""ticker_sentiment_label"": ""Somewhat-Bullish""}, {""ticker"": ""CRYPTO:ADA"", ""relevance_score"": ""0.398148"", ""ticker_sentiment_score"": ""0.449798"", ""ticker_sentiment_label"": ""Bullish""}]"
2025-03-03,"Trump plans to include ADA in a US strategic Bitcoin reserve, and futures traders are bullish.",Cointelegraph,https://cointelegraph.com/news/traders-longing-ada-futures-spike-after-trump-s-crypto-reserve-reveal-bitrue,0.841002,https://cointelegraph.com/news/traders-longing-ada-futures-spike-after-trump-s-crypto-reserve-reveal-bitrue,Traders longing ADA futures spike after Trump's crypto reserve reveal: Bitrue,Alex O’Donnell,https://s3.cointelegraph.com/uploads/2025-03/01955d75-e0b5-7866-964a-e31e6ea1fcab,cointelegraph.com,"Blockchain,Financial Markets",0.226104,Somewhat-Bullish,"[{""ticker"": ""CRYPTO:BTC"", ""relevance_score"": ""0.221819"", ""ticker_sentiment_score"": ""0.029879"", ""ticker_sentiment_label"": ""Neutral""}, {""ticker"": ""CRYPTO:ETH"", ""relevance_score"": ""0.601928"", ""ticker_sentiment_score"": ""0.129729"", ""ticker_sentiment_label"": ""Neutral""}, {""ticker"": ""CRYPTO:USDT"", ""relevance_score"": ""0.112008"", ""ticker_sentiment_score"": ""0.366154"", ""ticker_sentiment_label"": ""Bullish""}, {""ticker"": ""CRYPTO:ADA"", ""relevance_score"": ""0.841002"", ""ticker_sentiment_score"": ""0.360992"", ""ticker_sentiment_label"": ""Bullish""}, {""ticker"": ""CRYPTO:XRP"", ""relevance_score"": ""0.221819"", ""ticker_sentiment_score"": ""0.376117"", ""ticker_sentiment_label"": ""Bullish""}]"
2025-03-03,"ADA, XRP and SOL are seeing profit booking just a day after rallying following President Trump's US strategic crypto reserve announcement. Is the market headed toward new lows?",Cointelegraph,https://cointelegraph.com/news/trump-crypto-strategic-reserve-coins-ada-xrp-sol-dump-bitcoin-follows,0.17715,https://cointelegraph.com/news/trump-crypto-strategic-reserve-coins-ada-xrp-sol-dump-bitcoin-follows,"Trump crypto strategic reserve coins 'ADA, XRP, SOL' dump, Bitcoin follows",Rakesh Upadhyay,https://s3.cointelegraph.com/uploads/2025-03/01955cf0-5e5b-7e6e-9bbe-e1d08aa7a65c,cointelegraph.com,"Blockchain,Financial Markets",0.028999,Neutral,"[{""ticker"": ""CRYPTO:BTC"", ""relevance_score"": ""0.17715"", ""ticker_sentiment_score"": ""0.227856"", ""ticker_sentiment_label"": ""Somewhat-Bullish""}, {""ticker"": ""CRYPTO:ETH"", ""relevance_score"": ""0.211806"", ""ticker_sentiment_score"": ""0.195265"", ""ticker_sentiment_label"": ""Somewhat-Bullish""}, {""ticker"": ""CRYPTO:ADA"", ""relevance_score"": ""0.17715"", ""ticker_sentiment_score"": ""0.19865"", ""ticker_sentiment_label"": ""Somewhat-Bullish""}]"
2025-03-03,The stock price of the firm positioning itself as a leveraged Bitcoin bet has fallen over 40% since November.,Decrypt.co,https://decrypt.co/308482/strategy-stock-premium-hits-10-month-low-as-bitcoin-falls-firm-skips-btc-buy,0.082393,https://decrypt.co/308482/strategy-stock-premium-hits-10-month-low-as-bitcoin-falls-firm-skips-btc-buy,"Strategy Stock Premium Hits 10-Month Low as Bitcoin Falls, Firm Skips BTC Buy",André Beganski,https://cdn.decrypt.co/resize/1024/height/512/wp-content/uploads/2023/02/michael-saylor-microstrategy-gID_7.jpg,decrypt.co,"Blockchain,Financial Markets",0.176469,Somewhat-Bullish,"[{""ticker"": ""STRK"", ""relevance_score"": ""0.163909"", ""ticker_sentiment_score"": ""0.126089"", ""ticker_sentiment_label"": ""Neutral""}, {""ticker"": ""CRYPTO:BTC"", ""relevance_score"": ""0.744851"", ""ticker_sentiment_score"": ""0.327389"", ""ticker_sentiment_label"": ""Somewhat-Bullish""}, {""ticker"": ""CRYPTO:ETH"", ""relevance_score"": ""0.082393"", ""ticker_sentiment_score"": ""0.044828"", ""ticker_sentiment_label"": ""Neutral""}, {""ticker"": ""CRYPTO:ADA"", ""relevance_score"": ""0.082393"", ""ticker_sentiment_score"": ""0.044828"", ""ticker_sentiment_label"": ""Neutral""}]"
2025-03-03,"President Donald Trump's influence is being felt in the crypto markets, with coins falling alongside stocks ahead of tariffs taking effect.",Decrypt.co,https://decrypt.co/308512/trump-solana-meme-coins-crashes-trade-war,0.107495,https://decrypt.co/308512/trump-solana-meme-coins-crashes-trade-war,"Trump Solana Meme Coin Crashes 25% as Trade War Slams Bitcoin, Dogecoin",Andrew Hayward,https://cdn.decrypt.co/resize/1024/height/512/wp-content/uploads/2025/01/pres-donald-trump-gID_7.jpg,decrypt.co,"Economy - Monetary,Manufacturing,Finance,Blockchain",0.067175,Neutral,"[{""ticker"": ""NVDA"", ""relevance_score"": ""0.107495"", ""ticker_sentiment_score"": ""0.057416"", ""ticker_sentiment_label"": ""Neutral""}, {""ticker"": ""COIN"", ""relevance_score"": ""0.107495"", ""ticker_sentiment_score"": ""0.057416"", ""ticker_sentiment_label"": ""Neutral""}, {""ticker"": ""CRYPTO:BTC"", ""relevance_score"": ""0.213048"", ""ticker_sentiment_score"": ""0.250482"", ""ticker_sentiment_label"": ""Somewhat-Bullish""}, {""ticker"": ""CRYPTO:ETH"", ""relevance_score"": ""0.213048"", ""ticker_sentiment_score"": ""0.12736"", ""ticker_sentiment_label"": ""Neutral""}, {""ticker"": ""CRYPTO:DOGE"", ""relevance_score"": ""0.107495"", ""ticker_sentiment_score"": ""-0.014392"", ""ticker_sentiment_label"": ""Neutral""}, {""ticker"": ""CRYPTO:ADA"", ""relevance_score"": ""0.107495"", ""ticker_sentiment_score"": ""0.156824"", ""ticker_sentiment_label"": ""Somewhat-Bullish""}, {""ticker"": ""CRYPTO:XRP"", ""relevance_score"": ""0.213048"", ""ticker_sentiment_score"": ""0.12736"", ""ticker_sentiment_label"": ""Neutral""}]"
2025-03-03,A backlash over President Donald Trump's plan to include three small and relatively risky tokens in an eagerly awaited U.S. strategic crypto reserve helped largely erase a rally for bitcoin and other digital assets on Monday.,MarketWatch,https://www.marketwatch.com/story/why-bitcoin-bulls-arent-happy-about-trumps-plans-for-something-theyve-long-wanted-a-crypto-reserve-49a05354,0.377142,https://www.marketwatch.com/story/why-bitcoin-bulls-arent-happy-about-trumps-plans-for-something-theyve-long-wanted-a-crypto-reserve-49a05354,Why bitcoin bulls aren't happy about Trump's plans for a U.S. crypto reserve,Frances Yue,https://images.mktw.net/im-809887?width=1260&height=840,www.marketwatch.com,,0.18238,Somewhat-Bullish,"[{""ticker"": ""CRYPTO:BTC"", ""relevance_score"": ""0.859898"", ""ticker_sentiment_score"": ""0.309358"", ""ticker_sentiment_label"": ""Somewhat-Bullish""}, {""ticker"": ""CRYPTO:ADA"", ""relevance_score"": ""0.377142"", ""ticker_sentiment_score"": ""0.210457"", ""ticker_sentiment_label"": ""Somewhat-Bullish""}]"
2025-03-03,President Trump's plan to create a strategic reserve of altcoins-and not solely Bitcoin-is puzzling analysts at Bernstein.,Decrypt.co,https://decrypt.co/308529/ethereum-solana-bitcoin-reserve-rationale-unclear-bernstein,0.096671,https://decrypt.co/308529/ethereum-solana-bitcoin-reserve-rationale-unclear-bernstein,"Ethereum and Solana in the 'Strategic Bitcoin Reserve'? Rationale Is 'Unclear', Says Bernstein",Mat Di Salvo,https://cdn.decrypt.co/resize/1024/height/512/wp-content/uploads/2025/01/donald-trump-arms-crossed-gID_7.jpg,decrypt.co,"Economy - Monetary,Blockchain,Financial Markets",0.073365,Neutral,"[{""ticker"": ""CRYPTO:BTC"", ""relevance_score"": ""0.533842"", ""ticker_sentiment_score"": ""0.0338"", ""ticker_sentiment_label"": ""Neutral""}, {""ticker"": ""CRYPTO:ETH"", ""relevance_score"": ""0.372912"", ""ticker_sentiment_score"": ""-0.054933"", ""ticker_sentiment_label"": ""Neutral""}, {""ticker"": ""CRYPTO:ADA"", ""relevance_score"": ""0.096671"", ""ticker_sentiment_score"": ""-0.081016"", ""ticker_sentiment_label"": ""Neutral""}, {""ticker"": ""CRYPTO:XRP"", ""relevance_score"": ""0.096671"", ""ticker_sentiment_score"": ""-0.081016"", ""ticker_sentiment_label"": ""Neutral""}]"
2025-03-03,"The Trump pump may prove to be short-lived, as Bitcoin, Ethereum, and other major assets are cooling off following Sunday's surge.",Decrypt.co,https://decrypt.co/308464/bitcoin-ethereum-solana-falling-trump-reserve-hype,0.235823,https://decrypt.co/308464/bitcoin-ethereum-solana-falling-trump-reserve-hype,"Bitcoin, Ethereum and Solana Falling as Trump US Crypto Reserve Hype Cools",Andrew Hayward,https://cdn.decrypt.co/resize/1024/height/512/wp-content/uploads/2023/03/Bitcoin-Ethereum-shutterstock_661271398-16x9-1-gID_7.jpg,decrypt.co,Blockchain,0.238302,Somewhat-Bullish,"[{""ticker"": ""CRYPTO:BTC"", ""relevance_score"": ""0.769861"", ""ticker_sentiment_score"": ""0.434187"", ""ticker_sentiment_label"": ""Bullish""}, {""ticker"": ""CRYPTO:ETH"", ""relevance_score"": ""0.451494"", ""ticker_sentiment_score"": ""0.506523"", ""ticker_sentiment_label"": ""Bullish""}, {""ticker"": ""CRYPTO:ADA"", ""relevance_score"": ""0.235823"", ""ticker_sentiment_score"": ""0.253512"", ""ticker_sentiment_label"": ""Somewhat-Bullish""}, {""ticker"": ""CRYPTO:XRP"", ""relevance_score"": ""0.235823"", ""ticker_sentiment_score"": ""0.253512"", ""ticker_sentiment_label"": ""Somewhat-Bullish""}]"
2025-03-03,"After spiking Sunday on President Trump's crypto reserve posts, Bitcoin and other coins are falling fast amid broader market turmoil.",Decrypt.co,https://decrypt.co/308480/bitcoin-xrp-dogecoin-dive-trump-tariff-fears,0.321673,https://decrypt.co/308480/bitcoin-xrp-dogecoin-dive-trump-tariff-fears,"Bitcoin, XRP and Dogecoin Dive as Trump Tariff Fears Overtake Reserve Hype",Andrew Hayward,https://cdn.decrypt.co/resize/1024/height/512/wp-content/uploads/2024/07/bitcoin-btc-price-markets-falling-gID_7.jpeg,decrypt.co,"Economy - Monetary,Financial Markets,Manufacturing,Blockchain",-0.014434,Neutral,"[{""ticker"": ""NVDA"", ""relevance_score"": ""0.109956"", ""ticker_sentiment_score"": ""-0.10941"", ""ticker_sentiment_label"": ""Neutral""}, {""ticker"": ""CRYPTO:BTC"", ""relevance_score"": ""0.321673"", ""ticker_sentiment_score"": ""0.062026"", ""ticker_sentiment_label"": ""Neutral""}, {""ticker"": ""CRYPTO:ETH"", ""relevance_score"": ""0.419733"", ""ticker_sentiment_score"": ""0.320867"", ""ticker_sentiment_label"": ""Somewhat-Bullish""}, {""ticker"": ""CRYPTO:DOGE"", ""relevance_score"": ""0.109956"", ""ticker_sentiment_score"": ""-0.074307"", ""ticker_sentiment_label"": ""Neutral""}, {""ticker"": ""CRYPTO:ADA"", ""relevance_score"": ""0.321673"", ""ticker_sentiment_score"": ""0.139189"", ""ticker_sentiment_label"": ""Neutral""}, {""ticker"": ""CRYPTO:XRP"", ""relevance_score"": ""0.419733"", ""ticker_sentiment_score"": ""0.169223"", ""ticker_sentiment_label"": ""Somewhat-Bullish""}]"
2025-03-03,"Extreme sentiment suggests a potential market bottom, President Trump announces a crypto strategic reserve, and Tesla is renewed as a ""Top Pick"" at Morgan Stanley.",Zacks Commentary,https://www.zacks.com/commentary/2424473/happening-now-market-extremes-crypto-reserve-tesla-top-pick,0.079921,https://www.zacks.com/commentary/2424473/happening-now-market-extremes-crypto-reserve-tesla-top-pick,"Happening Now: Market Extremes, Crypto Reserve, Tesla Top Pick",Andrew Rocco,https://staticx-tuner.zacks.com/images/articles/main/39/82889.jpg,www.zacks.com,"Financial Markets,Manufacturing,Finance,Blockchain",0.128507,Neutral,"[{""ticker"": ""WBD"", ""relevance_score"": ""0.079921"", ""ticker_sentiment_score"": ""-0.140035"", ""ticker_sentiment_label"": ""Neutral""}, {""ticker"": ""TSLA"", ""relevance_score"": ""0.577838"", ""ticker_sentiment_score"": ""0.322478"", ""ticker_sentiment_label"": ""Somewhat-Bullish""}, {""ticker"": ""STRK"", ""relevance_score"": ""0.079921"", ""ticker_sentiment_score"": ""0.121063"", ""ticker_sentiment_label"": ""Neutral""}, {""ticker"": ""COIN"", ""relevance_score"": ""0.159043"", ""ticker_sentiment_score"": ""0.156686"", ""ticker_sentiment_label"": ""Somewhat-Bullish""}, {""ticker"": ""CRYPTO:BTC"", ""relevance_score"": ""0.159043"", ""ticker_sentiment_score"": ""0.156686"", ""ticker_sentiment_label"": ""Somewhat-Bullish""}, {""ticker"": ""CRYPTO:ETH"", ""relevance_score"": ""0.079921"", ""ticker_sentiment_score"": ""0.121063"", ""ticker_sentiment_label"": ""Neutral""}, {""ticker"": ""CRYPTO:ADA"", ""relevance_score"": ""0.079921"", ""ticker_sentiment_score"": ""0.121063"", ""ticker_sentiment_label"": ""Neutral""}]"
2025-03-03,"Trump announced plans to create a strategic crypto reserve that would include Bitcoin, Ethereum and other popular cryptos. Several crypto-related stocks are moving higher alongside the broader crypto market.",Benzinga,https://www.benzinga.com/25/03/44078229/bitcoin-mining-stocks-are-surging-monday-whats-driving-the-action,0.182506,https://www.benzinga.com/25/03/44078229/bitcoin-mining-stocks-are-surging-monday-whats-driving-the-action,Bitcoin Mining Stocks Are Surging Monday: What's Driving The Action?,Adam Eckert,https://cdn.benzinga.com/files/images/story/2025/03/03/Bitcoin-Over-A-Microprocessor-In-A-Mothe.jpeg?width=1200&height=800&fit=crop,www.benzinga.com,"Life Sciences,Financial Markets,Real Estate & Construction,Blockchain",0.220766,Somewhat-Bullish,"[{""ticker"": ""RIOT"", ""relevance_score"": ""0.270773"", ""ticker_sentiment_score"": ""0.12969"", ""ticker_sentiment_label"": ""Neutral""}, {""ticker"": ""INSM"", ""relevance_score"": ""0.09186"", ""ticker_sentiment_score"": ""0.097823"", ""ticker_sentiment_label"": ""Neutral""}, {""ticker"": ""UBER"", ""relevance_score"": ""0.09186"", ""ticker_sentiment_score"": ""0.097823"", ""ticker_sentiment_label"": ""Neutral""}, {""ticker"": ""CLSK"", ""relevance_score"": ""0.436009"", ""ticker_sentiment_score"": ""0.141086"", ""ticker_sentiment_label"": ""Neutral""}, {""ticker"": ""CRYPTO:BTC"", ""relevance_score"": ""0.950184"", ""ticker_sentiment_score"": ""0.372389"", ""ticker_sentiment_label"": ""Bullish""}, {""ticker"": ""CRYPTO:ETH"", ""relevance_score"": ""0.436009"", ""ticker_sentiment_score"": ""0.704092"", ""ticker_sentiment_label"": ""Bullish""}, {""ticker"": ""CRYPTO:ADA"", ""relevance_score"": ""0.182506"", ""ticker_sentiment_score"": ""0.150985"", ""ticker_sentiment_label"": ""Somewhat-Bullish""}, {""ticker"": ""CRYPTO:XRP"", ""relevance_score"": ""0.182506"", ""ticker_sentiment_score"": ""0.150985"", ""ticker_sentiment_label"": ""Somewhat-Bullish""}]"
2025-03-03,"S&P 500 Correction 'Overdue:' Will The Market's 'Sideways' Movement Turn Into A Tumble? 'Focus On Balance And Diversification,' Says Analyst Tom Lee Sees Stocks Potentially Hitting First-Half Lows This Week: 'Bad News Has Gotten Priced In'",Benzinga,https://www.benzinga.com/markets/25/03/44079895/analysts-warn-of-an-overdue-sp-500-correction-crypto-consolidates-post-trump-announcement-xpeng-surges-57,0.075995,https://www.benzinga.com/markets/25/03/44079895/analysts-warn-of-an-overdue-sp-500-correction-crypto-consolidates-post-trump-announcement-xpeng-surges-57,"Analysts Warn Of An Overdue S&P 500 Correction; Crypto Consolidates Post-Trump Announcement; Xpeng Surges 570% YoY, While Li Auto And Nio See Annual Growth Despite Monthly Dips - Top Headlines While The U.S. Slept",Akanksha Bakshi,https://cdn.benzinga.com/files/images/story/2025/03/03/Cryptocurrency-Photo-by-Igor-Faun-on-Shu.jpeg?width=1200&height=800&fit=crop,www.benzinga.com,"Financial Markets,Manufacturing,Earnings,Technology,Blockchain",0.046572,Neutral,"[{""ticker"": ""SSNLF"", ""relevance_score"": ""0.03804"", ""ticker_sentiment_score"": ""0.146433"", ""ticker_sentiment_label"": ""Neutral""}, {""ticker"": ""XPEV"", ""relevance_score"": ""0.03804"", ""ticker_sentiment_score"": ""0.173135"", ""ticker_sentiment_label"": ""Somewhat-Bullish""}, {""ticker"": ""GOOG"", ""relevance_score"": ""0.03804"", ""ticker_sentiment_score"": ""0.146433"", ""ticker_sentiment_label"": ""Neutral""}, {""ticker"": ""NVDA"", ""relevance_score"": ""0.151301"", ""ticker_sentiment_score"": ""0.004285"", ""ticker_sentiment_label"": ""Neutral""}, {""ticker"": ""AVGO"", ""relevance_score"": ""0.03804"", ""ticker_sentiment_score"": ""0.0"", ""ticker_sentiment_label"": ""Neutral""}, {""ticker"": ""TSLA"", ""relevance_score"": ""0.297211"", ""ticker_sentiment_score"": ""0.02966"", ""ticker_sentiment_label"": ""Neutral""}, {""ticker"": ""NOW"", ""relevance_score"": ""0.03804"", ""ticker_sentiment_score"": ""0.0"", ""ticker_sentiment_label"": ""Neutral""}, {""ticker"": ""LI"", ""relevance_score"": ""0.03804"", ""ticker_sentiment_score"": ""0.173135"", ""ticker_sentiment_label"": ""Somewhat-Bullish""}, {""ticker"": ""ACON"", ""relevance_score"": ""0.03804"", ""ticker_sentiment_score"": ""0.0"", ""ticker_sentiment_label"": ""Neutral""}, {""ticker"": ""CRYPTO:BTC"", ""relevance_score"": ""0.261517"", ""ticker_sentiment_score"": ""0.097127"", ""ticker_sentiment_label"": ""Neutral""}, {""ticker"": ""CRYPTO:ETH"", ""relevance_score"": ""0.113776"", ""ticker_sentiment_score"": ""-0.135881"", ""ticker_sentiment_label"": ""Neutral""}, {""ticker"": ""CRYPTO:DOGE"", ""relevance_score"": ""0.151301"", ""ticker_sentiment_score"": ""0.071197"", ""ticker_sentiment_label"": ""Neutral""}, {""ticker"": ""CRYPTO:ADA"", ""relevance_score"": ""0.075995"", ""ticker_sentiment_score"": ""0.143719"", ""ticker_sentiment_label"": ""Neutral""}, {""ticker"": ""CRYPTO:XRP"", ""relevance_score"": ""0.113776"", ""ticker_sentiment_score"": ""0.171219"", ""ticker_sentiment_label"": ""Somewhat-Bullish""}]"
2025-03-03,"David Sacks confirmed he no longer holds Bitcoin, Ethereum, or Solana and has also exited his position in the Bitwise ETF. On Trump's strategic reserve announcement, Sacks said the President is staying true to his crypto capital promise for the U.S.",Benzinga,https://www.benzinga.com/markets/cryptocurrency/25/03/44080002/crypto-czar-david-sacks-confirms-selling-all-bitcoin-ethereum-solana-holdings-denies-large,0.091162,https://www.benzinga.com/markets/cryptocurrency/25/03/44080002/crypto-czar-david-sacks-confirms-selling-all-bitcoin-ethereum-solana-holdings-denies-large,"Crypto Czar David Sacks Confirms Selling All Bitcoin, Ethereum, Solana Holdings, Denies 'Large Indirect Holdings'",Khyathi Dalal,https://cdn.benzinga.com/files/images/story/2025/03/03/Cuban-Caught-David-Sacks-Attention-Too.jpeg?width=1200&height=800&fit=crop,www.benzinga.com,"Life Sciences,Blockchain,Financial Markets",0.187799,Somewhat-Bullish,"[{""ticker"": ""INSM"", ""relevance_score"": ""0.091162"", ""ticker_sentiment_score"": ""0.097666"", ""ticker_sentiment_label"": ""Neutral""}, {""ticker"": ""UBER"", ""relevance_score"": ""0.091162"", ""ticker_sentiment_score"": ""0.097666"", ""ticker_sentiment_label"": ""Neutral""}, {""ticker"": ""CRYPTO:BTC"", ""relevance_score"": ""0.268786"", ""ticker_sentiment_score"": ""-0.093898"", ""ticker_sentiment_label"": ""Neutral""}, {""ticker"": ""CRYPTO:ETH"", ""relevance_score"": ""0.268786"", ""ticker_sentiment_score"": ""-0.093898"", ""ticker_sentiment_label"": ""Neutral""}, {""ticker"": ""CRYPTO:ADA"", ""relevance_score"": ""0.091162"", ""ticker_sentiment_score"": ""0.130057"", ""ticker_sentiment_label"": ""Neutral""}]"
2025-03-03,"The cryptocurrency market soared Sunday after President Donald Trump announced the inclusion of blue-chip coins in a U.S. strategic cryptocurrency reserve. What Happened: Bitcoin soared past $95,000, rebounding losses from Friday's dramatic plunge below $80,000.",Benzinga,https://www.benzinga.com/25/03/44068814/bitcoin-ethereum-dogecoin-rally-on-trumps-strategic-crypto-reserve-announcement-cardano-xrp-solana-skyrocket-anal,0.183895,https://www.benzinga.com/25/03/44068814/bitcoin-ethereum-dogecoin-rally-on-trumps-strategic-crypto-reserve-announcement-cardano-xrp-solana-skyrocket-anal,"Bitcoin, Ethereum, Dogecoin Rally On Trump's Strategic Crypto Reserve Announcement: Analyst Says BTC's New ATH Possible This Month - Grayscale Bitcoin Mini Trust  ( BTC )  Common units of fractional undivided beneficial interest  ( ARCA:BTC ) ",Aniket Verma,https://cdn.benzinga.com/files/images/story/2025/03/02/Il-Bitcoin--Secondo-un-trader-superer-or.jpeg?width=1200&height=800&fit=crop,www.benzinga.com,"Blockchain,Financial Markets",0.132393,Neutral,"[{""ticker"": ""CRYPTO:BTC"", ""relevance_score"": ""0.439026"", ""ticker_sentiment_score"": ""0.447447"", ""ticker_sentiment_label"": ""Bullish""}, {""ticker"": ""CRYPTO:ETH"", ""relevance_score"": ""0.183895"", ""ticker_sentiment_score"": ""0.216254"", ""ticker_sentiment_label"": ""Somewhat-Bullish""}, {""ticker"": ""CRYPTO:SOL"", ""relevance_score"": ""0.092569"", ""ticker_sentiment_score"": ""0.0"", ""ticker_sentiment_label"": ""Neutral""}, {""ticker"": ""CRYPTO:ADA"", ""relevance_score"": ""0.183895"", ""ticker_sentiment_score"": ""0.0"", ""ticker_sentiment_label"": ""Neutral""}, {""ticker"": ""CRYPTO:XRP"", ""relevance_score"": ""0.183895"", ""ticker_sentiment_score"": ""0.0"", ""ticker_sentiment_label"": ""Neutral""}]"
2025-03-03,The world's largest cryptocurrency is up by more than 20 per cent from the November lows.,South China Morning Post,https://www.scmp.com/tech/blockchain/article/3300771/bitcoin-fifth-after-trump-names-cryptocurrencies-strategic-reserve,0.165598,https://www.scmp.com/tech/blockchain/article/3300771/bitcoin-fifth-after-trump-names-cryptocurrencies-strategic-reserve,Bitcoin up after Trump names cryptocurrencies in strategic reserve,Reuters,"https://img.i-scmp.com/cdn-cgi/image/fit=contain,width=1024,format=auto/sites/default/files/d8/images/canvas/2025/03/03/52cb3800-66ae-4dad-a453-e90b8543fd36_0cacd984.jpg",www.scmp.com,"Blockchain,Financial Markets,Manufacturing",0.111852,Neutral,"[{""ticker"": ""NVDA"", ""relevance_score"": ""0.083251"", ""ticker_sentiment_score"": ""0.1043"", ""ticker_sentiment_label"": ""Neutral""}, {""ticker"": ""CRYPTO:BTC"", ""relevance_score"": ""0.469457"", ""ticker_sentiment_score"": ""0.212506"", ""ticker_sentiment_label"": ""Somewhat-Bullish""}, {""ticker"": ""CRYPTO:ETH"", ""relevance_score"": ""0.246167"", ""ticker_sentiment_score"": ""0.26909"", ""ticker_sentiment_label"": ""Somewhat-Bullish""}, {""ticker"": ""CRYPTO:ADA"", ""relevance_score"": ""0.165598"", ""ticker_sentiment_score"": ""0.170316"", ""ticker_sentiment_label"": ""Somewhat-Bullish""}, {""ticker"": ""CRYPTO:XRP"", ""relevance_score"": ""0.165598"", ""ticker_sentiment_score"": ""0.170316"", ""ticker_sentiment_label"": ""Somewhat-Bullish""}]"
2025-03-03,Renowned economist Peter Schiff questioned the inclusion of XRP XRP/USD in the cryptocurrency reserve announced by President Donald Trump on Sunday while acknowledging the rationale behind including Bitcoin BTC/USD.,Benzinga,https://www.benzinga.com/markets/cryptocurrency/25/03/44069015/bitcoin-is-digital-gold-but-whats-the-rationale-for-an-xrp-reserve-asks-peter-schiff-carda,0.391923,https://www.benzinga.com/markets/cryptocurrency/25/03/44069015/bitcoin-is-digital-gold-but-whats-the-rationale-for-an-xrp-reserve-asks-peter-schiff-carda,"Bitcoin Is Digital Gold But 'What's The Rationale For An XRP Reserve', Asks Peter Schiff: Cardano Founder Charles Hoskinson Says Trump Made The Right Decision",Aniket Verma,https://cdn.benzinga.com/files/images/story/2025/03/02/XRP.jpeg?width=1200&height=800&fit=crop,www.benzinga.com,"Blockchain,Financial Markets",0.198323,Somewhat-Bullish,"[{""ticker"": ""CRYPTO:BTC"", ""relevance_score"": ""0.751437"", ""ticker_sentiment_score"": ""0.215629"", ""ticker_sentiment_label"": ""Somewhat-Bullish""}, {""ticker"": ""CRYPTO:ETH"", ""relevance_score"": ""0.299478"", ""ticker_sentiment_score"": ""0.191788"", ""ticker_sentiment_label"": ""Somewhat-Bullish""}, {""ticker"": ""CRYPTO:ADA"", ""relevance_score"": ""0.391923"", ""ticker_sentiment_score"": ""0.306107"", ""ticker_sentiment_label"": ""Somewhat-Bullish""}]"
2025-03-03,"Bitcoin and several other cryptocurrencies surged after U.S. President Trump announced plans to include them in a new strategic reserve. This news spurred a significant rally in crypto markets, with Bitcoin climbing over 20% from its recent lows and notable gains seen in ether, XRP, solana, and ...",Economic Times,https://cfo.economictimes.indiatimes.com/news/economy/bitcoin-up-by-a-fifth-after-trump-lists-reserve-tokens/118672558,0.176502,https://cfo.economictimes.indiatimes.com/news/economy/bitcoin-up-by-a-fifth-after-trump-lists-reserve-tokens/118672558,Bitcoin up by a fifth after Trump lists reserve tokens - ETCFO,ETCFO,https://st.etb2bimg.com/Themes/Release/theme4/images/bar-codes/cfo_barcode.png?mod=2844,cfo.economictimes.indiatimes.com,"Blockchain,Financial Markets,Manufacturing",0.1004,Neutral,"[{""ticker"": ""NVDA"", ""relevance_score"": ""0.088799"", ""ticker_sentiment_score"": ""0.009547"", ""ticker_sentiment_label"": ""Neutral""}, {""ticker"": ""CRYPTO:BTC"", ""relevance_score"": ""0.496597"", ""ticker_sentiment_score"": ""0.168391"", ""ticker_sentiment_label"": ""Somewhat-Bullish""}, {""ticker"": ""CRYPTO:ETH"", ""relevance_score"": ""0.262052"", ""ticker_sentiment_score"": ""0.280518"", ""ticker_sentiment_label"": ""Somewhat-Bullish""}, {""ticker"": ""CRYPTO:ADA"", ""relevance_score"": ""0.176502"", ""ticker_sentiment_score"": ""0.174996"", ""ticker_sentiment_label"": ""Somewhat-Bullish""}]"
2025-03-03,"Large-cap altcoins XRP, Solana, and Cardano topped the market gainers list Sunday after President Donald Trump confirmed their inclusion in a U.S. strategic cryptocurrency reserve.",Benzinga,https://www.benzinga.com/trading-ideas/movers/25/03/44069381/cardano-surges-57-whales-pile-on-xrp-solana-heres-how-the-3-altcoins-reacted-to-inclusion-in,0.489394,https://www.benzinga.com/trading-ideas/movers/25/03/44069381/cardano-surges-57-whales-pile-on-xrp-solana-heres-how-the-3-altcoins-reacted-to-inclusion-in,"Cardano Surges 57%, Whales Pile On XRP, Solana: Here's How The 3 Altcoins Reacted To Inclusion In US Crypto Reserve",Aniket Verma,https://cdn.benzinga.com/files/images/story/2025/03/02/10--Cardano.jpeg?width=1200&height=800&fit=crop,www.benzinga.com,"Technology,Blockchain,Financial Markets",0.241769,Somewhat-Bullish,"[{""ticker"": ""GOOG"", ""relevance_score"": ""0.104683"", ""ticker_sentiment_score"": ""0.243751"", ""ticker_sentiment_label"": ""Somewhat-Bullish""}, {""ticker"": ""CRYPTO:BTC"", ""relevance_score"": ""0.207571"", ""ticker_sentiment_score"": ""0.179594"", ""ticker_sentiment_label"": ""Somewhat-Bullish""}, {""ticker"": ""CRYPTO:ETH"", ""relevance_score"": ""0.207571"", ""ticker_sentiment_score"": ""0.179594"", ""ticker_sentiment_label"": ""Somewhat-Bullish""}, {""ticker"": ""CRYPTO:SOL"", ""relevance_score"": ""0.207571"", ""ticker_sentiment_score"": ""-0.160578"", ""ticker_sentiment_label"": ""Somewhat-Bearish""}, {""ticker"": ""CRYPTO:ADA"", ""relevance_score"": ""0.489394"", ""ticker_sentiment_score"": ""0.371125"", ""ticker_sentiment_label"": ""Bullish""}, {""ticker"": ""CRYPTO:XRP"", ""relevance_score"": ""0.570165"", ""ticker_sentiment_score"": ""0.471907"", ""ticker_sentiment_label"": ""Bullish""}]"
2025-03-03,Trump's plan to dilute the Bitcoin reserve with other cryptos has triggered an industry divide between purists and pragmatists.,Decrypt.co,https://decrypt.co/308434/crypto-twitter-balks-at-trumps-proposal-to-include-altcoins-in-us-bitcoin-reserve,0.170878,https://decrypt.co/308434/crypto-twitter-balks-at-trumps-proposal-to-include-altcoins-in-us-bitcoin-reserve,Crypto Twitter Balks at Trump's Proposal to Include Altcoins in US Bitcoin Reserve,Vince Dioquino,https://cdn.decrypt.co/resize/1024/height/512/wp-content/uploads/2023/06/solana-ripple-bitcoin-cardano-ethereum-coins-gID_7.jpg,decrypt.co,"Finance,Blockchain",0.14298,Neutral,"[{""ticker"": ""COIN"", ""relevance_score"": ""0.085936"", ""ticker_sentiment_score"": ""0.301048"", ""ticker_sentiment_label"": ""Somewhat-Bullish""}, {""ticker"": ""CRYPTO:BTC"", ""relevance_score"": ""0.549988"", ""ticker_sentiment_score"": ""0.378007"", ""ticker_sentiment_label"": ""Bullish""}, {""ticker"": ""CRYPTO:ETH"", ""relevance_score"": ""0.170878"", ""ticker_sentiment_score"": ""0.240006"", ""ticker_sentiment_label"": ""Somewhat-Bullish""}, {""ticker"": ""CRYPTO:ADA"", ""relevance_score"": ""0.170878"", ""ticker_sentiment_score"": ""0.227659"", ""ticker_sentiment_label"": ""Somewhat-Bullish""}, {""ticker"": ""CRYPTO:XRP"", ""relevance_score"": ""0.170878"", ""ticker_sentiment_score"": ""0.227659"", ""ticker_sentiment_label"": ""Somewhat-Bullish""}]"
2025-03-03,"Gordon Johnson, an analyst at GLJ Research, criticized what he called market ""corruption"" Sunday following President Donald Trump's announcement of a strategic U.S. cryptocurrency reserve that would include several digital assets. What Happened: ""Markets driven by corruption.",Benzinga,https://www.benzinga.com/markets/cryptocurrency/25/03/44069546/gordon-johnson-slams-market-corruption-following-trumps-crypto-reserve-announcement,0.42503,https://www.benzinga.com/markets/cryptocurrency/25/03/44069546/gordon-johnson-slams-market-corruption-following-trumps-crypto-reserve-announcement,"Gordon Johnson Says 'Market Driven By Corruption' Over Trump's Bitcoin, Ethereum Crypto Reserve Plan: David Sacks Denies Conflict - Grayscale Bitcoin Mini Trust  ( BTC )  Common units of fractional undivided beneficial interest  ( ARCA:BTC ) ",Kaustubh Bagalkote,https://cdn.benzinga.com/files/images/story/2025/03/03/Why-It-Matters.jpeg?width=1200&height=800&fit=crop,www.benzinga.com,"Blockchain,Financial Markets",-0.062322,Neutral,"[{""ticker"": ""CRYPTO:BTC"", ""relevance_score"": ""0.516656"", ""ticker_sentiment_score"": ""-0.031971"", ""ticker_sentiment_label"": ""Neutral""}, {""ticker"": ""CRYPTO:ETH"", ""relevance_score"": ""0.42503"", ""ticker_sentiment_score"": ""-0.028152"", ""ticker_sentiment_label"": ""Neutral""}, {""ticker"": ""CRYPTO:ADA"", ""relevance_score"": ""0.42503"", ""ticker_sentiment_score"": ""0.149697"", ""ticker_sentiment_label"": ""Neutral""}, {""ticker"": ""CRYPTO:XRP"", ""relevance_score"": ""0.325924"", ""ticker_sentiment_score"": ""0.123757"", ""ticker_sentiment_label"": ""Neutral""}]"
2025-03-03,"Bitcoin's ""digital gold"" status justifies its reserve role, but other blockchain assets lack clear sovereign rationale, says Bernstein. Funding the U.S. Crypto Reserve could involve gold reallocation or debt, yet non-Bitcoin assets remain a tough sell.",Benzinga,https://www.benzinga.com/markets/cryptocurrency/25/03/44077079/analysts-doubt-us-crypto-reserve-expansion-beyond-bitcoin-cite-funding-challenges,0.1437,https://www.benzinga.com/markets/cryptocurrency/25/03/44077079/analysts-doubt-us-crypto-reserve-expansion-beyond-bitcoin-cite-funding-challenges,"Analysts Doubt US Crypto Reserve Expansion Beyond Bitcoin, Cite Funding Challenges - Grayscale Bitcoin Mini Trust  ( BTC )  Common units of fractional undivided beneficial interest  ( ARCA:BTC ) ",Murtuza Merchant,https://cdn.benzinga.com/files/images/story/2025/03/03/Price-Action.jpeg?width=1200&height=800&fit=crop,www.benzinga.com,"Economy - Monetary,Life Sciences,Financial Markets,Finance,Blockchain",0.183085,Somewhat-Bullish,"[{""ticker"": ""SCBFF"", ""relevance_score"": ""0.048133"", ""ticker_sentiment_score"": ""0.041016"", ""ticker_sentiment_label"": ""Neutral""}, {""ticker"": ""INSM"", ""relevance_score"": ""0.048133"", ""ticker_sentiment_score"": ""0.092995"", ""ticker_sentiment_label"": ""Neutral""}, {""ticker"": ""STRK"", ""relevance_score"": ""0.048133"", ""ticker_sentiment_score"": ""0.240933"", ""ticker_sentiment_label"": ""Somewhat-Bullish""}, {""ticker"": ""UBER"", ""relevance_score"": ""0.048133"", ""ticker_sentiment_score"": ""0.092995"", ""ticker_sentiment_label"": ""Neutral""}, {""ticker"": ""COIN"", ""relevance_score"": ""0.096091"", ""ticker_sentiment_score"": ""0.119441"", ""ticker_sentiment_label"": ""Neutral""}, {""ticker"": ""CRYPTO:BTC"", ""relevance_score"": ""0.634764"", ""ticker_sentiment_score"": ""0.302757"", ""ticker_sentiment_label"": ""Somewhat-Bullish""}, {""ticker"": ""CRYPTO:ETH"", ""relevance_score"": ""0.237204"", ""ticker_sentiment_score"": ""0.132913"", ""ticker_sentiment_label"": ""Neutral""}, {""ticker"": ""CRYPTO:ADA"", ""relevance_score"": ""0.1437"", ""ticker_sentiment_score"": ""0.110623"", ""ticker_sentiment_label"": ""Neutral""}]"
2025-03-03,"In the pre-market trading session on Monday, the shares of Strategy Inc. MSTR climbed 12.6% following the surge in Bitcoin BTC/USD. This rally was triggered by President Donald Trump's announcement of a U.S. strategic cryptocurrency reserve.",Benzinga,https://www.benzinga.com/markets/cryptocurrency/25/03/44073346/mstr-stock-up-nearly-13-in-monday-pre-market-whats-going-on,0.219809,https://www.benzinga.com/markets/cryptocurrency/25/03/44073346/mstr-stock-up-nearly-13-in-monday-pre-market-whats-going-on,https://editorial.benzinga.com/wp-admin/post.php?post=805850&action=edit - Grayscale Bitcoin Mini Trust  ( BTC )  Common units of fractional undivided beneficial interest  ( ARCA:BTC ) ,Namrata Sen,https://editorial-assets.benzinga.com/wp-content/uploads/2025/03/03064410/image-10.png,www.benzinga.com,"Blockchain,Financial Markets",0.258008,Somewhat-Bullish,"[{""ticker"": ""CRYPTO:BTC"", ""relevance_score"": ""0.735697"", ""ticker_sentiment_score"": ""0.376969"", ""ticker_sentiment_label"": ""Bullish""}, {""ticker"": ""CRYPTO:ETH"", ""relevance_score"": ""0.324495"", ""ticker_sentiment_score"": ""0.36608"", ""ticker_sentiment_label"": ""Bullish""}, {""ticker"": ""CRYPTO:SOL"", ""relevance_score"": ""0.110973"", ""ticker_sentiment_score"": ""0.212967"", ""ticker_sentiment_label"": ""Somewhat-Bullish""}, {""ticker"": ""CRYPTO:ADA"", ""relevance_score"": ""0.219809"", ""ticker_sentiment_score"": ""0.317418"", ""ticker_sentiment_label"": ""Somewhat-Bullish""}, {""ticker"": ""CRYPTO:XRP"", ""relevance_score"": ""0.219809"", ""ticker_sentiment_score"": ""0.317418"", ""ticker_sentiment_label"": ""Somewhat-Bullish""}]"
2025-03-03,"SINGAPORE, March 03, 2025 ( GLOBE NEWSWIRE ) -- The cryptocurrency market is experiencing heightened volatility following President Donald Trump's announcement that Bitcoin ( BTC ) , Ethereum ( ETH ) , Ripple ( XRP ) , Solana ( SOL ) , and Cardano ( ADA ) will be included in the newly ...",Benzinga,https://www.benzinga.com/pressreleases/25/03/g44079363/bexback-launches-double-deposit-bonus-50-welcome-bonus-and-100x-leverage-crypto-trading-no-kyc,0.166935,https://www.benzinga.com/pressreleases/25/03/g44079363/bexback-launches-double-deposit-bonus-50-welcome-bonus-and-100x-leverage-crypto-trading-no-kyc,"BexBack Launches Double Deposit Bonus, $50 Welcome Bonus and 100x Leverage Crypto Trading - No KYC",Globe Newswire,https://ml.globenewswire.com/Resource/Download/4bc32b02-8235-4155-ae51-038aad6628e6/bexback.jpeg,www.benzinga.com,"Blockchain,Financial Markets",0.461248,Bullish,"[{""ticker"": ""AWON"", ""relevance_score"": ""0.056011"", ""ticker_sentiment_score"": ""0.110898"", ""ticker_sentiment_label"": ""Neutral""}, {""ticker"": ""CRYPTO:BTC"", ""relevance_score"": ""0.708055"", ""ticker_sentiment_score"": ""0.44188"", ""ticker_sentiment_label"": ""Bullish""}, {""ticker"": ""CRYPTO:ETH"", ""relevance_score"": ""0.221313"", ""ticker_sentiment_score"": ""0.188956"", ""ticker_sentiment_label"": ""Somewhat-Bullish""}, {""ticker"": ""CRYPTO:ADA"", ""relevance_score"": ""0.166935"", ""ticker_sentiment_score"": ""0.153712"", ""ticker_sentiment_label"": ""Somewhat-Bullish""}, {""ticker"": ""CRYPTO:XRP"", ""relevance_score"": ""0.111747"", ""ticker_sentiment_score"": ""0.124337"", ""ticker_sentiment_label"": ""Neutral""}]"
2025-03-03,"Prominent trader adopts cautious approach after Trump's strategic cryptocurrency reserve announcement sent Bitcoin above $94,000. Industry leaders offer mixed reactions to Trump's announcement, with some skeptical about congressional approval for including altcoins.",Benzinga,https://www.benzinga.com/markets/cryptocurrency/25/03/44076200/bitcoin-ethereum-xrp-consolidate-after-trump-strategic-reserve-announcement,0.086556,https://www.benzinga.com/markets/cryptocurrency/25/03/44076200/bitcoin-ethereum-xrp-consolidate-after-trump-strategic-reserve-announcement,"Bitcoin, Ethereum, XRP Consolidate After Trump Strategic Reserve Announcement",Khyathi Dalal,https://cdn.benzinga.com/files/images/story/2025/03/03/Cryptocurrency-Photo-by-CMP-NZ-on-Shutte.jpeg?width=1200&height=800&fit=crop,www.benzinga.com,"Finance,Blockchain,Financial Markets",0.172376,Somewhat-Bullish,"[{""ticker"": ""COIN"", ""relevance_score"": ""0.086556"", ""ticker_sentiment_score"": ""0.116337"", ""ticker_sentiment_label"": ""Neutral""}, {""ticker"": ""CRYPTO:BTC"", ""relevance_score"": ""0.553265"", ""ticker_sentiment_score"": ""0.27651"", ""ticker_sentiment_label"": ""Somewhat-Bullish""}, {""ticker"": ""CRYPTO:SOL"", ""relevance_score"": ""0.086556"", ""ticker_sentiment_score"": ""0.15673"", ""ticker_sentiment_label"": ""Somewhat-Bullish""}, {""ticker"": ""CRYPTO:ADA"", ""relevance_score"": ""0.086556"", ""ticker_sentiment_score"": ""0.097347"", ""ticker_sentiment_label"": ""Neutral""}, {""ticker"": ""CRYPTO:XRP"", ""relevance_score"": ""0.086556"", ""ticker_sentiment_score"": ""0.097347"", ""ticker_sentiment_label"": ""Neutral""}]"
2025-03-03,"President Donald Trump took the cryptocurrency world by surprise Sunday, announcing a strategic reserve comprising of top coins such as Bitcoin BTC/USD and Ethereum ETH/USD. As the market came to terms with the significant development, influential industry figures proposed suggestions and ...",Benzinga,https://www.benzinga.com/25/03/44070857/coinbase-ceo-brian-armstrong-thinks-having-a-bitcoin-only-crypto-reserve-best-option-while-arthur-hayes,0.169081,https://www.benzinga.com/25/03/44070857/coinbase-ceo-brian-armstrong-thinks-having-a-bitcoin-only-crypto-reserve-best-option-while-arthur-hayes,Coinbase's Brian Armstrong Thinks Having A Bitcoin-Only Crypto Reserve 'Best Option' While Arthur Hayes Says Trump's Announcement Insignificant Until Congressional Approval - Grayscale Bitcoin Mini Trust  ( BTC )  Common units of fractional undivided beneficial interest  ( ARCA:BTC ) ,Aniket Verma,https://cdn.benzinga.com/files/images/story/2025/03/03/GameStop-Inspired-Coins-Surge-As-Vivek-R.jpeg?width=1200&height=800&fit=crop,www.benzinga.com,"Finance,Blockchain,Financial Markets",0.32462,Somewhat-Bullish,"[{""ticker"": ""COIN"", ""relevance_score"": ""0.085022"", ""ticker_sentiment_score"": ""0.295275"", ""ticker_sentiment_label"": ""Somewhat-Bullish""}, {""ticker"": ""CRYPTO:BTC"", ""relevance_score"": ""0.834833"", ""ticker_sentiment_score"": ""0.528574"", ""ticker_sentiment_label"": ""Bullish""}, {""ticker"": ""CRYPTO:ETH"", ""relevance_score"": ""0.251247"", ""ticker_sentiment_score"": ""0.103811"", ""ticker_sentiment_label"": ""Neutral""}, {""ticker"": ""CRYPTO:SOL"", ""relevance_score"": ""0.085022"", ""ticker_sentiment_score"": ""-0.049139"", ""ticker_sentiment_label"": ""Neutral""}, {""ticker"": ""CRYPTO:ADA"", ""relevance_score"": ""0.169081"", ""ticker_sentiment_score"": ""-0.065561"", ""ticker_sentiment_label"": ""Neutral""}, {""ticker"": ""CRYPTO:XRP"", ""relevance_score"": ""0.251247"", ""ticker_sentiment_score"": ""-0.053882"", ""ticker_sentiment_label"": ""Neutral""}]"
2025-03-03,"NEW YORK, March 03, 2025 ( GLOBE NEWSWIRE ) -- Rezolve Ai RZLV, a pioneer in AI-driven payment and engagement solutions, welcomes President Donald Trump's landmark announcement designating cryptocurrencies - including XRP, Solana ( SOL ) , and Cardano ( ADA ) - as part of the U.S. strategic ...",Benzinga,https://www.benzinga.com/pressreleases/25/03/g44074941/rezolve-ai-poised-to-capitalize-on-u-s-strategic-cryptocurrency-reserve-initiative,0.206392,https://www.benzinga.com/pressreleases/25/03/g44074941/rezolve-ai-poised-to-capitalize-on-u-s-strategic-cryptocurrency-reserve-initiative,Rezolve Ai Poised to Capitalize on U.S. Strategic Cryptocurrency Reserve Initiative - Rezolve AI  ( NASDAQ:RZLV ) ,Globe Newswire,https://ml.globenewswire.com/media/d7c6e8ce-e67f-484a-bead-d7785b8e8464/small/rezolveai-logo-png.png,www.benzinga.com,"Earnings,Blockchain",0.441147,Bullish,"[{""ticker"": ""RZLV"", ""relevance_score"": ""0.458446"", ""ticker_sentiment_score"": ""0.595292"", ""ticker_sentiment_label"": ""Bullish""}, {""ticker"": ""CRYPTO:BTC"", ""relevance_score"": ""0.399204"", ""ticker_sentiment_score"": ""0.381883"", ""ticker_sentiment_label"": ""Bullish""}, {""ticker"": ""CRYPTO:USDT"", ""relevance_score"": ""0.138464"", ""ticker_sentiment_score"": ""0.165497"", ""ticker_sentiment_label"": ""Somewhat-Bullish""}, {""ticker"": ""CRYPTO:ADA"", ""relevance_score"": ""0.206392"", ""ticker_sentiment_score"": ""0.303781"", ""ticker_sentiment_label"": ""Somewhat-Bullish""}, {""ticker"": ""CRYPTO:XRP"", ""relevance_score"": ""0.138464"", ""ticker_sentiment_score"": ""0.234993"", ""ticker_sentiment_label"": ""Somewhat-Bullish""}]"
2025-03-03,"ZachXBT said major stablecoin issuers like Tether and Circle define blockchain legitimacy, while questioning the absence of stablecoins on Cardano and XRP Ledger.",Cointelegraph,https://cointelegraph.com/news/zachxbt-stablecoin-legitimacy-cardano-xrp,0.793902,https://cointelegraph.com/news/zachxbt-stablecoin-legitimacy-cardano-xrp,"Stablecoin presence key to blockchain legitimacy, says ZachXBT",Ezra Reguerra,https://s3.cointelegraph.com/uploads/2025-03/01955bbd-0906-7d52-829b-61ead67becf9,cointelegraph.com,"Blockchain,Financial Markets",0.14897,Neutral,"[{""ticker"": ""CRYPTO:BTC"", ""relevance_score"": ""0.181819"", ""ticker_sentiment_score"": ""0.237472"", ""ticker_sentiment_label"": ""Somewhat-Bullish""}, {""ticker"": ""CRYPTO:ETH"", ""relevance_score"": ""0.181819"", ""ticker_sentiment_score"": ""0.237472"", ""ticker_sentiment_label"": ""Somewhat-Bullish""}, {""ticker"": ""CRYPTO:ADA"", ""relevance_score"": ""0.793902"", ""ticker_sentiment_score"": ""0.314603"", ""ticker_sentiment_label"": ""Somewhat-Bullish""}, {""ticker"": ""CRYPTO:XRP"", ""relevance_score"": ""0.578948"", ""ticker_sentiment_score"": ""0.197898"", ""ticker_sentiment_label"": ""Somewhat-Bullish""}]"
2025-03-03,"Donald Trump's crypto reserve announcement positions retail investors at an advantage over institutions, son claims. Crypto market surges 6% in 24 hours, pushing valuation above $3 trillion.",Benzinga,https://www.benzinga.com/markets/cryptocurrency/25/03/44075328/eric-trump-says-timing-of-strategic-bitcoin-xrp-cardano-reserve-announcement-was-a-win-for,0.188193,https://www.benzinga.com/markets/cryptocurrency/25/03/44075328/eric-trump-says-timing-of-strategic-bitcoin-xrp-cardano-reserve-announcement-was-a-win-for,"Eric Trump Says Timing Of Strategic Bitcoin, XRP, Cardano Reserve Announcement Was A 'Win' For Retail Investors",Khyathi Dalal,https://cdn.benzinga.com/files/images/story/2025/03/03/What-Happened_1.jpeg?width=1200&height=800&fit=crop,www.benzinga.com,"Economy - Monetary,Life Sciences,Financial Markets,Blockchain",0.147518,Neutral,"[{""ticker"": ""INSM"", ""relevance_score"": ""0.094762"", ""ticker_sentiment_score"": ""0.098511"", ""ticker_sentiment_label"": ""Neutral""}, {""ticker"": ""UBER"", ""relevance_score"": ""0.094762"", ""ticker_sentiment_score"": ""0.098511"", ""ticker_sentiment_label"": ""Neutral""}, {""ticker"": ""CRYPTO:BTC"", ""relevance_score"": ""0.448316"", ""ticker_sentiment_score"": ""0.171416"", ""ticker_sentiment_label"": ""Somewhat-Bullish""}, {""ticker"": ""CRYPTO:ETH"", ""relevance_score"": ""0.188193"", ""ticker_sentiment_score"": ""0.0"", ""ticker_sentiment_label"": ""Neutral""}, {""ticker"": ""CRYPTO:SOL"", ""relevance_score"": ""0.094762"", ""ticker_sentiment_score"": ""0.0"", ""ticker_sentiment_label"": ""Neutral""}, {""ticker"": ""CRYPTO:ADA"", ""relevance_score"": ""0.188193"", ""ticker_sentiment_score"": ""0.0"", ""ticker_sentiment_label"": ""Neutral""}, {""ticker"": ""CRYPTO:XRP"", ""relevance_score"": ""0.188193"", ""ticker_sentiment_score"": ""0.0"", ""ticker_sentiment_label"": ""Neutral""}]"
2025-03-04,Ripple CEO Brad Garlinghouse and Strategy executive chair Michael Saylor said they had received invitations to the March 7 event.,Cointelegraph,https://cointelegraph.com/news/white-house-donald-trump-crypto-summit,0.17715,https://cointelegraph.com/news/white-house-donald-trump-crypto-summit,What to expect at Donald Trump's crypto summit,Turner Wright,https://s3.cointelegraph.com/uploads/2025-03/01956276-2745-779d-b419-a24ac47cb969,cointelegraph.com,"Economy - Monetary,Financial Markets,Finance,Blockchain",0.151618,Somewhat-Bullish,"[{""ticker"": ""COIN"", ""relevance_score"": ""0.089129"", ""ticker_sentiment_score"": ""0.124255"", ""ticker_sentiment_label"": ""Neutral""}, {""ticker"": ""CRYPTO:LINK"", ""relevance_score"": ""0.089129"", ""ticker_sentiment_score"": ""0.114892"", ""ticker_sentiment_label"": ""Neutral""}, {""ticker"": ""CRYPTO:ADA"", ""relevance_score"": ""0.17715"", ""ticker_sentiment_score"": ""0.113722"", ""ticker_sentiment_label"": ""Neutral""}]"
2025-03-04,Global cryptocurrency market capitalization is trading relatively flat with 0.08% increase to $2.88 trillion. One trader anticipates consolidation and advises monitoring key macro events and the summit before the week concludes. Our government trade tracker caught Pelosi's 169% AI winner.,Benzinga,https://www.benzinga.com/markets/cryptocurrency/25/03/44123565/bitcoin-ethereum-xrp-recover-losses-dogecoin-lags-trader-expects-consolidation-until-frida,0.086245,https://www.benzinga.com/markets/cryptocurrency/25/03/44123565/bitcoin-ethereum-xrp-recover-losses-dogecoin-lags-trader-expects-consolidation-until-frida,"Bitcoin, Ethereum, XRP, Recover Losses, Dogecoin Lags: Trader Expects Consolidation Until Friday's Crypto Summit",Khyathi Dalal,https://cdn.benzinga.com/files/images/story/2025/03/04/Cryptocurrency-Photo-by-SvetlanaParnikov.jpeg?width=1200&height=800&fit=crop,www.benzinga.com,"Blockchain,Financial Markets",0.108552,Neutral,"[{""ticker"": ""CRYPTO:BTC"", ""relevance_score"": ""0.670305"", ""ticker_sentiment_score"": ""0.18411"", ""ticker_sentiment_label"": ""Somewhat-Bullish""}, {""ticker"": ""CRYPTO:ETH"", ""relevance_score"": ""0.171485"", ""ticker_sentiment_score"": ""-0.388744"", ""ticker_sentiment_label"": ""Bearish""}, {""ticker"": ""CRYPTO:ADA"", ""relevance_score"": ""0.086245"", ""ticker_sentiment_score"": ""-0.202297"", ""ticker_sentiment_label"": ""Somewhat-Bearish""}, {""ticker"": ""CRYPTO:XRP"", ""relevance_score"": ""0.086245"", ""ticker_sentiment_score"": ""-0.202297"", ""ticker_sentiment_label"": ""Somewhat-Bearish""}]"
2025-03-04,"Cardano's surprise inclusion in Trump's crypto reserve and strong price action fuel optimism. A key breakout above $1.19 could trigger a rally to $2.20, according to a top crypto trader.",Benzinga,https://www.benzinga.com/markets/cryptocurrency/25/03/44123272/cardano-rallies-43-in-seven-days-what-is-going-on-with-ada,0.800175,https://www.benzinga.com/markets/cryptocurrency/25/03/44123272/cardano-rallies-43-in-seven-days-what-is-going-on-with-ada,Cardano Rallies 43% In Seven Days: What Is Going On With ADA?,Khyathi Dalal,https://cdn.benzinga.com/files/images/story/2025/03/04/10--Cardano.jpeg?width=1200&height=800&fit=crop,www.benzinga.com,"Life Sciences,Financial Markets",0.266434,Somewhat-Bullish,"[{""ticker"": ""INSM"", ""relevance_score"": ""0.102013"", ""ticker_sentiment_score"": ""0.100443"", ""ticker_sentiment_label"": ""Neutral""}, {""ticker"": ""UBER"", ""relevance_score"": ""0.102013"", ""ticker_sentiment_score"": ""0.100443"", ""ticker_sentiment_label"": ""Neutral""}, {""ticker"": ""CRYPTO:BTC"", ""relevance_score"": ""0.102013"", ""ticker_sentiment_score"": ""0.072553"", ""ticker_sentiment_label"": ""Neutral""}, {""ticker"": ""CRYPTO:DOGE"", ""relevance_score"": ""0.102013"", ""ticker_sentiment_score"": ""0.072553"", ""ticker_sentiment_label"": ""Neutral""}, {""ticker"": ""CRYPTO:ADA"", ""relevance_score"": ""0.800175"", ""ticker_sentiment_score"": ""0.274222"", ""ticker_sentiment_label"": ""Somewhat-Bullish""}]"
2025-03-04,"DOGE's $1 trillion spending cut goal clashes with the reserve, fueling criticism from fiscal conservatives in 2025. Bitcoin surged to $92,000 after Trump's March announcement, but critics see benefits skewed to wealthy investors. Every week, our Whisper Index uncovers five overlooked stocks with ...",Benzinga,https://www.benzinga.com/markets/cryptocurrency/25/03/44120900/donald-trumps-bitcoin-xrp-cardano-reserve-proposal-drives-wedge-in-crypto-industry,0.07887,https://www.benzinga.com/markets/cryptocurrency/25/03/44120900/donald-trumps-bitcoin-xrp-cardano-reserve-proposal-drives-wedge-in-crypto-industry,"Donald Trump's Bitcoin, XRP, Cardano Reserve Proposal Drives Wedge In Crypto Industry",Murtuza Merchant,https://cdn.benzinga.com/files/images/story/2025/03/04/Trump-crypto.jpeg?width=1200&height=800&fit=crop,www.benzinga.com,"Economy - Fiscal,Financial Markets,Technology,Blockchain",-0.009879,Neutral,"[{""ticker"": ""FOX"", ""relevance_score"": ""0.039483"", ""ticker_sentiment_score"": ""-0.123362"", ""ticker_sentiment_label"": ""Neutral""}, {""ticker"": ""CRYPTO:BTC"", ""relevance_score"": ""0.344074"", ""ticker_sentiment_score"": ""0.042447"", ""ticker_sentiment_label"": ""Neutral""}, {""ticker"": ""CRYPTO:ETH"", ""relevance_score"": ""0.118064"", ""ticker_sentiment_score"": ""0.140806"", ""ticker_sentiment_label"": ""Neutral""}, {""ticker"": ""CRYPTO:SOL"", ""relevance_score"": ""0.118064"", ""ticker_sentiment_score"": ""0.092626"", ""ticker_sentiment_label"": ""Neutral""}, {""ticker"": ""CRYPTO:ADA"", ""relevance_score"": ""0.07887"", ""ticker_sentiment_score"": ""0.126981"", ""ticker_sentiment_label"": ""Neutral""}, {""ticker"": ""CRYPTO:XRP"", ""relevance_score"": ""0.118064"", ""ticker_sentiment_score"": ""0.092626"", ""ticker_sentiment_label"": ""Neutral""}]"
2025-03-04,"XRP's inclusion in the crypto strategic reserve triggered record-high liquidations since Feb 3. Traders are split-one predicts a move to $1, while another eyes a re-entry near $2 for better risk-reward.",Benzinga,https://www.benzinga.com/25/03/44118971/xrp-down-8-in-24-hours-is-it-at-risk-of-correction-to-1,0.080728,https://www.benzinga.com/25/03/44118971/xrp-down-8-in-24-hours-is-it-at-risk-of-correction-to-1,XRP Down 8% In 24 Hours: Could It Correct To $1?,Khyathi Dalal,https://cdn.benzinga.com/files/images/story/2025/03/04/XRP-Becomes-Third-Most-Valued-Crypto--Be.jpeg?width=1200&height=800&fit=crop,www.benzinga.com,"Life Sciences,Financial Markets",0.091922,Neutral,"[{""ticker"": ""INSM"", ""relevance_score"": ""0.080728"", ""ticker_sentiment_score"": ""0.095675"", ""ticker_sentiment_label"": ""Neutral""}, {""ticker"": ""UBER"", ""relevance_score"": ""0.080728"", ""ticker_sentiment_score"": ""0.095675"", ""ticker_sentiment_label"": ""Neutral""}, {""ticker"": ""CRYPTO:BTC"", ""relevance_score"": ""0.238913"", ""ticker_sentiment_score"": ""-0.077438"", ""ticker_sentiment_label"": ""Neutral""}, {""ticker"": ""CRYPTO:ETH"", ""relevance_score"": ""0.080728"", ""ticker_sentiment_score"": ""0.118155"", ""ticker_sentiment_label"": ""Neutral""}, {""ticker"": ""CRYPTO:ADA"", ""relevance_score"": ""0.080728"", ""ticker_sentiment_score"": ""0.118155"", ""ticker_sentiment_label"": ""Neutral""}]"
2025-03-04,"Here, we pick three stocks, COIN, CIFR and CME, which are well-poised to benefit from the growing proliferation of Bitcoin and other cryptocurrencies.",Zacks Commentary,https://www.zacks.com/stock/news/2425436/top-cryptocurrency-stocks-you-should-purchase-for-solid-returns,0.087663,https://www.zacks.com/stock/news/2425436/top-cryptocurrency-stocks-you-should-purchase-for-solid-returns,Top Cryptocurrency Stocks You Should Purchase for Solid Returns,Aniruddha Ganguly,https://staticx-tuner.zacks.com/images/articles/main/26/62324.jpg,www.zacks.com,"Retail & Wholesale,Financial Markets,Manufacturing,Real Estate & Construction,Finance,Blockchain",0.296916,Somewhat-Bullish,"[{""ticker"": ""NVDA"", ""relevance_score"": ""0.087663"", ""ticker_sentiment_score"": ""0.228992"", ""ticker_sentiment_label"": ""Somewhat-Bullish""}, {""ticker"": ""CME"", ""relevance_score"": ""0.21686"", ""ticker_sentiment_score"": ""0.334634"", ""ticker_sentiment_label"": ""Somewhat-Bullish""}, {""ticker"": ""CIFR"", ""relevance_score"": ""0.131164"", ""ticker_sentiment_score"": ""0.155956"", ""ticker_sentiment_label"": ""Somewhat-Bullish""}, {""ticker"": ""AMZN"", ""relevance_score"": ""0.087663"", ""ticker_sentiment_score"": ""0.228992"", ""ticker_sentiment_label"": ""Somewhat-Bullish""}, {""ticker"": ""COIN"", ""relevance_score"": ""0.340329"", ""ticker_sentiment_score"": ""0.300815"", ""ticker_sentiment_label"": ""Somewhat-Bullish""}, {""ticker"": ""CRYPTO:BTC"", ""relevance_score"": ""0.340329"", ""ticker_sentiment_score"": ""0.213195"", ""ticker_sentiment_label"": ""Somewhat-Bullish""}, {""ticker"": ""CRYPTO:ETH"", ""relevance_score"": ""0.131164"", ""ticker_sentiment_score"": ""0.070818"", ""ticker_sentiment_label"": ""Neutral""}, {""ticker"": ""CRYPTO:DOGE"", ""relevance_score"": ""0.043898"", ""ticker_sentiment_score"": ""-0.141892"", ""ticker_sentiment_label"": ""Neutral""}, {""ticker"": ""CRYPTO:ADA"", ""relevance_score"": ""0.087663"", ""ticker_sentiment_score"": ""0.034827"", ""ticker_sentiment_label"": ""Neutral""}]"
2025-03-04,Donald Trump's announcement of a crypto strategic reserve has raised concerns over potential conflicts of interest. Nancy Pelosi Stock Tracker reveals crypto holdings of Trump's cabinet members and how a reserve could benefit them. Our government trade tracker caught Pelosi's 169% AI winner.,Benzinga,https://www.benzinga.com/markets/cryptocurrency/25/03/44114998/trumps-cabinet-holds-bitcoin-solana-ethereumbut-no-cardano-or-xrp,0.174587,https://www.benzinga.com/markets/cryptocurrency/25/03/44114998/trumps-cabinet-holds-bitcoin-solana-ethereumbut-no-cardano-or-xrp,"Trump's Cabinet Holds Bitcoin, Solana, Ethereum-But No Cardano Or XRP",Khyathi Dalal,https://cdn.benzinga.com/files/images/story/2025/03/04/untitled.jpeg?width=1200&height=800&fit=crop,www.benzinga.com,"Blockchain,Financial Markets",0.220621,Somewhat-Bullish,"[{""ticker"": ""CRYPTO:BTC"", ""relevance_score"": ""0.622414"", ""ticker_sentiment_score"": ""0.010729"", ""ticker_sentiment_label"": ""Neutral""}, {""ticker"": ""CRYPTO:ETH"", ""relevance_score"": ""0.259267"", ""ticker_sentiment_score"": ""0.206284"", ""ticker_sentiment_label"": ""Somewhat-Bullish""}, {""ticker"": ""CRYPTO:XBC"", ""relevance_score"": ""0.087824"", ""ticker_sentiment_score"": ""0.0"", ""ticker_sentiment_label"": ""Neutral""}, {""ticker"": ""CRYPTO:DOGE"", ""relevance_score"": ""0.174587"", ""ticker_sentiment_score"": ""0.308243"", ""ticker_sentiment_label"": ""Somewhat-Bullish""}, {""ticker"": ""CRYPTO:ADA"", ""relevance_score"": ""0.174587"", ""ticker_sentiment_score"": ""0.254562"", ""ticker_sentiment_label"": ""Somewhat-Bullish""}]"
2025-03-04,"US Futures Tumble As Traders Await Trump's Congress Address: 'Volatility Is Certainly Being Fed By Trump 2.0 Moves,' Says Expert Dow Dips Over 600 Points, S&P 500 Records Worst Session Since December; Fear & Greed Index Remains In 'Extreme Fear' Zone",Benzinga,https://www.benzinga.com/markets/cryptocurrency/25/03/44111968/trudeau-hits-back-with-25-tariffs-as-trade-war-escalates-trump-targets-chips-act-cuts-sec-,0.083833,https://www.benzinga.com/markets/cryptocurrency/25/03/44111968/trudeau-hits-back-with-25-tariffs-as-trade-war-escalates-trump-targets-chips-act-cuts-sec-,Trudeau Hits Back With 25% Tariffs As Trade War Escalates; Trump Targets Chips Act Cuts; SEC Drops Lawsuit Against Crypto Exchange Kraken - Top Headlines Today,Akanksha Bakshi,https://cdn.benzinga.com/files/images/story/2025/03/04/Tariffs-Overshadow-Bond-Market-Moves.jpeg?width=1200&height=800&fit=crop,www.benzinga.com,"Life Sciences,Energy & Transportation,Technology,Blockchain,Retail & Wholesale,Financial Markets,Manufacturing,Earnings,Mergers & Acquisitions",-0.078476,Neutral,"[{""ticker"": ""BABA"", ""relevance_score"": ""0.041975"", ""ticker_sentiment_score"": ""0.110388"", ""ticker_sentiment_label"": ""Neutral""}, {""ticker"": ""MSFT"", ""relevance_score"": ""0.041975"", ""ticker_sentiment_score"": ""-0.231803"", ""ticker_sentiment_label"": ""Somewhat-Bearish""}, {""ticker"": ""NVDA"", ""relevance_score"": ""0.083833"", ""ticker_sentiment_score"": ""0.028624"", ""ticker_sentiment_label"": ""Neutral""}, {""ticker"": ""AVGO"", ""relevance_score"": ""0.041975"", ""ticker_sentiment_score"": ""0.0"", ""ticker_sentiment_label"": ""Neutral""}, {""ticker"": ""TSLA"", ""relevance_score"": ""0.12546"", ""ticker_sentiment_score"": ""0.024691"", ""ticker_sentiment_label"": ""Neutral""}, {""ticker"": ""TTE"", ""relevance_score"": ""0.041975"", ""ticker_sentiment_score"": ""0.207793"", ""ticker_sentiment_label"": ""Somewhat-Bullish""}, {""ticker"": ""ONC"", ""relevance_score"": ""0.041975"", ""ticker_sentiment_score"": ""-0.064002"", ""ticker_sentiment_label"": ""Neutral""}, {""ticker"": ""AZO"", ""relevance_score"": ""0.041975"", ""ticker_sentiment_score"": ""0.069909"", ""ticker_sentiment_label"": ""Neutral""}, {""ticker"": ""ACN"", ""relevance_score"": ""0.041975"", ""ticker_sentiment_score"": ""0.297034"", ""ticker_sentiment_label"": ""Somewhat-Bullish""}, {""ticker"": ""PFE"", ""relevance_score"": ""0.041975"", ""ticker_sentiment_score"": ""-0.094594"", ""ticker_sentiment_label"": ""Neutral""}, {""ticker"": ""MIRA"", ""relevance_score"": ""0.041975"", ""ticker_sentiment_score"": ""-0.227798"", ""ticker_sentiment_label"": ""Somewhat-Bearish""}, {""ticker"": ""FOREX:USD"", ""relevance_score"": ""0.041975"", ""ticker_sentiment_score"": ""-0.242823"", ""ticker_sentiment_label"": ""Somewhat-Bearish""}, {""ticker"": ""CRYPTO:BTC"", ""relevance_score"": ""0.166743"", ""ticker_sentiment_score"": ""-0.15309"", ""ticker_sentiment_label"": ""Somewhat-Bearish""}, {""ticker"": ""CRYPTO:ETH"", ""relevance_score"": ""0.12546"", ""ticker_sentiment_score"": ""-0.067963"", ""ticker_sentiment_label"": ""Neutral""}, {""ticker"": ""CRYPTO:DOGE"", ""relevance_score"": ""0.041975"", ""ticker_sentiment_score"": ""0.0"", ""ticker_sentiment_label"": ""Neutral""}, {""ticker"": ""CRYPTO:ADA"", ""relevance_score"": ""0.083833"", ""ticker_sentiment_score"": ""-0.036423"", ""ticker_sentiment_label"": ""Neutral""}]"
2025-03-04,"According to data from CoinGlass, altcoins like SOL, XRP and ADA saw more than $150 million in liquidations on March 4.",Cointelegraph,https://cointelegraph.com/news/tariff-turmoil-sparks-1-billion-liquidations-coinglass,0.294682,https://cointelegraph.com/news/tariff-turmoil-sparks-1-billion-liquidations-coinglass,Tariff turmoil sparks $1 billion in liquidations: CoinGlass,Alex O’Donnell,https://s3.cointelegraph.com/uploads/2025-03/01956219-782b-7462-bd28-90fd864bbd17,cointelegraph.com,"Technology,Blockchain,Financial Markets",-0.107068,Neutral,"[{""ticker"": ""GOOG"", ""relevance_score"": ""0.100308"", ""ticker_sentiment_score"": ""-0.092572"", ""ticker_sentiment_label"": ""Neutral""}, {""ticker"": ""CRYPTO:BTC"", ""relevance_score"": ""0.550532"", ""ticker_sentiment_score"": ""0.054685"", ""ticker_sentiment_label"": ""Neutral""}, {""ticker"": ""CRYPTO:ETH"", ""relevance_score"": ""0.294682"", ""ticker_sentiment_score"": ""0.077262"", ""ticker_sentiment_label"": ""Neutral""}, {""ticker"": ""CRYPTO:ADA"", ""relevance_score"": ""0.294682"", ""ticker_sentiment_score"": ""0.119961"", ""ticker_sentiment_label"": ""Neutral""}]"
2025-03-04,Weighing on cryptocurrency prices was the Trump administration's imposition of 25 per cent tariffs against Canada and Mexico.,South China Morning Post,https://www.scmp.com/tech/tech-trends/article/3301030/bitcoin-value-dives-uncertainty-grips-global-cryptocurrency-market,0.188193,https://www.scmp.com/tech/tech-trends/article/3301030/bitcoin-value-dives-uncertainty-grips-global-cryptocurrency-market,Bitcoin value dives as uncertainty grips global cryptocurrency market,Agence France-Presse,https://cdn.i-scmp.com/sites/default/files/styles/1020x680/public/d8/images/canvas/2025/03/04/5e2ff510-45b5-4cc7-816f-af51fd2423bd_31b016a2.jpg?itok=9aEo4CzB&v=1741083814,www.scmp.com,"Finance,Blockchain",0.064861,Neutral,"[{""ticker"": ""COIN"", ""relevance_score"": ""0.188193"", ""ticker_sentiment_score"": ""0.311223"", ""ticker_sentiment_label"": ""Somewhat-Bullish""}, {""ticker"": ""CRYPTO:BTC"", ""relevance_score"": ""0.448316"", ""ticker_sentiment_score"": ""0.280604"", ""ticker_sentiment_label"": ""Somewhat-Bullish""}, {""ticker"": ""CRYPTO:ETH"", ""relevance_score"": ""0.188193"", ""ticker_sentiment_score"": ""0.076066"", ""ticker_sentiment_label"": ""Neutral""}, {""ticker"": ""CRYPTO:ADA"", ""relevance_score"": ""0.188193"", ""ticker_sentiment_score"": ""0.104799"", ""ticker_sentiment_label"": ""Neutral""}, {""ticker"": ""CRYPTO:XRP"", ""relevance_score"": ""0.188193"", ""ticker_sentiment_score"": ""0.104799"", ""ticker_sentiment_label"": ""Neutral""}]"
2025-03-04,"President Donald Trump's recent crypto reserve plan has sparked discontent among his tech community supporters. The plan, announced on Sunday, has led to a significant divide among his tech allies.",Benzinga,https://www.benzinga.com/25/03/44107003/trump-faces-backlash-over-crypto-reserve-plan-from-bitcoin-supporters-including-his-own-dont-think-the-government,0.222838,https://www.benzinga.com/25/03/44107003/trump-faces-backlash-over-crypto-reserve-plan-from-bitcoin-supporters-including-his-own-dont-think-the-government,"Trump Faces Backlash Over Crypto Reserve Plan From Bitcoin Supporters, Including His Own. 'Don't Think The Government Should Be Pumping Our Crypto Bags With Taxpayer Money' - Grayscale Bitcoin Mini Trust  ( BTC )  Common units of fractional undivided beneficial interest  ( ARCA:BTC ) ",Namrata Sen,https://cdn.benzinga.com/files/images/story/2025/03/04/Canada-And-Mexico-Tariffs-Go-Into-Effect.jpeg?width=1200&height=800&fit=crop,www.benzinga.com,Blockchain,0.101685,Neutral,"[{""ticker"": ""CRYPTO:BTC"", ""relevance_score"": ""0.700607"", ""ticker_sentiment_score"": ""0.038724"", ""ticker_sentiment_label"": ""Neutral""}, {""ticker"": ""CRYPTO:ETH"", ""relevance_score"": ""0.222838"", ""ticker_sentiment_score"": ""-0.087534"", ""ticker_sentiment_label"": ""Neutral""}, {""ticker"": ""CRYPTO:SOL"", ""relevance_score"": ""0.294093"", ""ticker_sentiment_score"": ""0.044167"", ""ticker_sentiment_label"": ""Neutral""}, {""ticker"": ""CRYPTO:ADA"", ""relevance_score"": ""0.222838"", ""ticker_sentiment_score"": ""0.151836"", ""ticker_sentiment_label"": ""Somewhat-Bullish""}, {""ticker"": ""CRYPTO:XRP"", ""relevance_score"": ""0.294093"", ""ticker_sentiment_score"": ""0.044167"", ""ticker_sentiment_label"": ""Neutral""}]"
2025-03-04,"XRP retraced most of its recent ""Trump pump"" and data shows whales selling their positions.",Cointelegraph,https://cointelegraph.com/news/xrp-distribution-hits-record-level-as-the-altcoin-trades-below-3,0.170878,https://cointelegraph.com/news/xrp-distribution-hits-record-level-as-the-altcoin-trades-below-3,XRP 'distribution' hits record level as the altcoin trades below $3,Biraajmaan Tamuly,https://s3.cointelegraph.com/uploads/2025-03/01955cbb-7f0d-7e8c-b4d8-1f060bd0fd2a,cointelegraph.com,Blockchain,0.044948,Neutral,"[{""ticker"": ""CRYPTO:BTC"", ""relevance_score"": ""0.253866"", ""ticker_sentiment_score"": ""0.187976"", ""ticker_sentiment_label"": ""Somewhat-Bullish""}, {""ticker"": ""CRYPTO:ADA"", ""relevance_score"": ""0.170878"", ""ticker_sentiment_score"": ""0.0"", ""ticker_sentiment_label"": ""Neutral""}, {""ticker"": ""CRYPTO:XRP"", ""relevance_score"": ""0.804667"", ""ticker_sentiment_score"": ""0.020169"", ""ticker_sentiment_label"": ""Neutral""}]"
2025-03-04,"Renowned economist and market commentator Peter Schiff called for a Congressional investigation Monday into President Donald Trump's recent cryptocurrency announcements, citing potential insider trading and manipulation.",Benzinga,https://www.benzinga.com/25/03/44100165/peter-schiff-anthony-scaramucci-question-trumps-crypto-reserve-announcements-seek-congressional-inquiry,0.160633,https://www.benzinga.com/25/03/44100165/peter-schiff-anthony-scaramucci-question-trumps-crypto-reserve-announcements-seek-congressional-inquiry,"Peter Schiff, Anthony Scaramucci Question Trump's Crypto Reserve Announcements: 'Who Authored The Two Sunday Afternoon Posts…'",Aniket Verma,https://cdn.benzinga.com/files/images/story/2025/03/03/What-Happened_3.jpeg?width=1200&height=800&fit=crop,www.benzinga.com,"Blockchain,Financial Markets",0.13101,Neutral,"[{""ticker"": ""CRYPTO:BTC"", ""relevance_score"": ""0.521961"", ""ticker_sentiment_score"": ""0.065466"", ""ticker_sentiment_label"": ""Neutral""}, {""ticker"": ""CRYPTO:ETH"", ""relevance_score"": ""0.238913"", ""ticker_sentiment_score"": ""0.20738"", ""ticker_sentiment_label"": ""Somewhat-Bullish""}, {""ticker"": ""CRYPTO:SOL"", ""relevance_score"": ""0.080728"", ""ticker_sentiment_score"": ""0.177573"", ""ticker_sentiment_label"": ""Somewhat-Bullish""}, {""ticker"": ""CRYPTO:ADA"", ""relevance_score"": ""0.160633"", ""ticker_sentiment_score"": ""0.230631"", ""ticker_sentiment_label"": ""Somewhat-Bullish""}, {""ticker"": ""CRYPTO:XRP"", ""relevance_score"": ""0.160633"", ""ticker_sentiment_score"": ""0.230631"", ""ticker_sentiment_label"": ""Somewhat-Bullish""}]"
2025-03-04,"Brian Armstrong and Tyler Winklevoss say that Bitcoin is a clear ""successor to gold,"" making it most suitable for inclusion as a US reserve asset.",Cointelegraph,https://cointelegraph.com/news/coinbase-gemini-ceo-advocate-for-bitcoin-only-us-crypto-reserve,0.387674,https://cointelegraph.com/news/coinbase-gemini-ceo-advocate-for-bitcoin-only-us-crypto-reserve,"Coinbase, Gemini CEO throws support behind Bitcoin-only US crypto reserve",Brayden Lindrea,https://s3.cointelegraph.com/uploads/2025-03/01955f7a-5375-75ae-8daf-cdb33e4bc278,cointelegraph.com,"Finance,Blockchain",0.297563,Somewhat-Bullish,"[{""ticker"": ""COIN"", ""relevance_score"": ""0.080728"", ""ticker_sentiment_score"": ""-0.03294"", ""ticker_sentiment_label"": ""Neutral""}, {""ticker"": ""CRYPTO:BTC"", ""relevance_score"": ""0.638317"", ""ticker_sentiment_score"": ""0.535669"", ""ticker_sentiment_label"": ""Bullish""}, {""ticker"": ""CRYPTO:ETH"", ""relevance_score"": ""0.387674"", ""ticker_sentiment_score"": ""0.433437"", ""ticker_sentiment_label"": ""Bullish""}, {""ticker"": ""CRYPTO:LTC"", ""relevance_score"": ""0.160633"", ""ticker_sentiment_score"": ""0.0"", ""ticker_sentiment_label"": ""Neutral""}, {""ticker"": ""CRYPTO:ADA"", ""relevance_score"": ""0.387674"", ""ticker_sentiment_score"": ""0.278671"", ""ticker_sentiment_label"": ""Somewhat-Bullish""}, {""ticker"": ""CRYPTO:XRP"", ""relevance_score"": ""0.31482"", ""ticker_sentiment_score"": ""0.244606"", ""ticker_sentiment_label"": ""Somewhat-Bullish""}]"
2025-03-04,NYSE Arca has filed paperwork that would enable the exchange to list the Bitwise Dogecoin ETF if approved by the SEC.,Cointelegraph,https://cointelegraph.com/news/nyse-arca-proposes-rule-change-list-bitwise-dogecoin-etf,0.238133,https://cointelegraph.com/news/nyse-arca-proposes-rule-change-list-bitwise-dogecoin-etf,NYSE Arca proposes rule change to list Bitwise Dogecoin ETF,Martin Young,https://s3.cointelegraph.com/uploads/2025-03/01955f96-1a7f-7dca-afe7-d4207c3099ef,cointelegraph.com,"Finance,Blockchain,Financial Markets",0.175579,Somewhat-Bullish,"[{""ticker"": ""BK"", ""relevance_score"": ""0.120431"", ""ticker_sentiment_score"": ""0.0"", ""ticker_sentiment_label"": ""Neutral""}, {""ticker"": ""COIN"", ""relevance_score"": ""0.120431"", ""ticker_sentiment_score"": ""0.0"", ""ticker_sentiment_label"": ""Neutral""}, {""ticker"": ""CRYPTO:DOGE"", ""relevance_score"": ""0.774534"", ""ticker_sentiment_score"": ""0.265248"", ""ticker_sentiment_label"": ""Somewhat-Bullish""}, {""ticker"": ""CRYPTO:ADA"", ""relevance_score"": ""0.238133"", ""ticker_sentiment_score"": ""0.113462"", ""ticker_sentiment_label"": ""Neutral""}, {""ticker"": ""CRYPTO:LTC"", ""relevance_score"": ""0.238133"", ""ticker_sentiment_score"": ""0.113462"", ""ticker_sentiment_label"": ""Neutral""}]"
2025-03-04,"Crypto-centric stocks like NVDA, IBKR, V and HOOR are poised to gain once the Bitcoin rally resumes.",Zacks Commentary,https://www.zacks.com/stock/news/2425422/bitcoin-price-retreats-on-trade-war-fears-4-stocks-to-buy-the-dip,0.044304,https://www.zacks.com/stock/news/2425422/bitcoin-price-retreats-on-trade-war-fears-4-stocks-to-buy-the-dip,Bitcoin Price Retreats on Trade War Fears: 4 Stocks to Buy the Dip,Ritujay Ghosh,https://staticx-tuner.zacks.com/images/articles/main/63/5033.jpg,www.zacks.com,"Financial Markets,Manufacturing,Earnings,Finance,Blockchain",0.167628,Somewhat-Bullish,"[{""ticker"": ""NVDA"", ""relevance_score"": ""0.218817"", ""ticker_sentiment_score"": ""0.324255"", ""ticker_sentiment_label"": ""Somewhat-Bullish""}, {""ticker"": ""IBKR"", ""relevance_score"": ""0.261117"", ""ticker_sentiment_score"": ""0.303398"", ""ticker_sentiment_label"": ""Somewhat-Bullish""}, {""ticker"": ""HOOD"", ""relevance_score"": ""0.261117"", ""ticker_sentiment_score"": ""0.316023"", ""ticker_sentiment_label"": ""Somewhat-Bullish""}, {""ticker"": ""V"", ""relevance_score"": ""0.302642"", ""ticker_sentiment_score"": ""0.364375"", ""ticker_sentiment_label"": ""Bullish""}, {""ticker"": ""CRYPTO:BTC"", ""relevance_score"": ""0.5633"", ""ticker_sentiment_score"": ""0.021026"", ""ticker_sentiment_label"": ""Neutral""}, {""ticker"": ""CRYPTO:ETH"", ""relevance_score"": ""0.088472"", ""ticker_sentiment_score"": ""0.154247"", ""ticker_sentiment_label"": ""Somewhat-Bullish""}, {""ticker"": ""CRYPTO:DOGE"", ""relevance_score"": ""0.044304"", ""ticker_sentiment_score"": ""0.113023"", ""ticker_sentiment_label"": ""Neutral""}, {""ticker"": ""CRYPTO:ADA"", ""relevance_score"": ""0.044304"", ""ticker_sentiment_score"": ""0.1847"", ""ticker_sentiment_label"": ""Somewhat-Bullish""}]"
2025-03-04,"David Bailey, a well-known Bitcoin BTC/USD advocate and CEO of Bitcoin Magazine, disclosed Sunday that China was holding confidential discussions to assess the creation of a strategic Bitcoin reserve.",Benzinga,https://www.benzinga.com/25/03/44100824/china-working-behind-closed-doors-to-create-strategic-bitcoin-reserve-says-bitcoiner-who-orange-pilled-trump,0.205807,https://www.benzinga.com/25/03/44100824/china-working-behind-closed-doors-to-create-strategic-bitcoin-reserve-says-bitcoiner-who-orange-pilled-trump,"China Working Behind Closed Doors To Create Strategic Bitcoin Reserve, Says Bitcoiner Who 'Orange Pilled' Trump - Grayscale Bitcoin Mini Trust  ( BTC )  Common units of fractional undivided beneficial interest  ( ARCA:BTC ) ",Aniket Verma,https://cdn.benzinga.com/files/images/story/2025/03/04/Bitcoin-in-China-and-Hong-Kong.jpeg?width=1200&height=800&fit=crop,www.benzinga.com,"Blockchain,Financial Markets",0.247506,Somewhat-Bullish,"[{""ticker"": ""CRYPTO:BTC"", ""relevance_score"": ""0.75957"", ""ticker_sentiment_score"": ""0.424262"", ""ticker_sentiment_label"": ""Bullish""}, {""ticker"": ""CRYPTO:ETH"", ""relevance_score"": ""0.205807"", ""ticker_sentiment_score"": ""0.129532"", ""ticker_sentiment_label"": ""Neutral""}, {""ticker"": ""CRYPTO:SOL"", ""relevance_score"": ""0.103778"", ""ticker_sentiment_score"": ""0.088008"", ""ticker_sentiment_label"": ""Neutral""}, {""ticker"": ""CRYPTO:ADA"", ""relevance_score"": ""0.205807"", ""ticker_sentiment_score"": ""0.129532"", ""ticker_sentiment_label"": ""Neutral""}, {""ticker"": ""CRYPTO:XRP"", ""relevance_score"": ""0.205807"", ""ticker_sentiment_score"": ""0.129532"", ""ticker_sentiment_label"": ""Neutral""}]"
2025-03-04,"The Albanese government has no plans to follow the lead of the Trump administration, which has announced plans to stockpile XRP, Solana, Cardano, Ether and Bitcoin.",Cointelegraph,https://cointelegraph.com/news/australia-government-no-plans-crypto-reserve,0.183895,https://cointelegraph.com/news/australia-government-no-plans-crypto-reserve,Australia's government has no plans to establish a strategic crypto reserve,Stephen Katte,"https://images.cointelegraph.com/cdn-cgi/image/format=auto,onerror=redirect,quality=90,width=1200/https://s3.cointelegraph.com/uploads/2024-11/01935d0d-892c-7c48-b73d-777fd9a7138f",cointelegraph.com,"Blockchain,Financial Markets",0.207526,Somewhat-Bullish,"[{""ticker"": ""CRYPTO:BTC"", ""relevance_score"": ""0.272788"", ""ticker_sentiment_score"": ""0.191426"", ""ticker_sentiment_label"": ""Somewhat-Bullish""}, {""ticker"": ""CRYPTO:ETH"", ""relevance_score"": ""0.183895"", ""ticker_sentiment_score"": ""0.232168"", ""ticker_sentiment_label"": ""Somewhat-Bullish""}, {""ticker"": ""CRYPTO:ADA"", ""relevance_score"": ""0.183895"", ""ticker_sentiment_score"": ""0.232168"", ""ticker_sentiment_label"": ""Somewhat-Bullish""}]"
2025-03-04,"Coinbase, MicroStrategy, IBIT, Tesla and Morgan Stanley's have been highlighted in this Investment Ideas article.",Zacks Commentary,https://www.zacks.com/stock/news/2424867/zacks-investment-ideas-feature-highlights-coinbase-microstrategy-ibit-tesla-and-morgan-stanleys,0.07446,https://www.zacks.com/stock/news/2424867/zacks-investment-ideas-feature-highlights-coinbase-microstrategy-ibit-tesla-and-morgan-stanleys,"Zacks Investment Ideas feature highlights Coinbase, MicroStrategy, IBIT, Tesla and Morgan Stanley's",Zacks Investment Research,https://staticx-tuner.zacks.com/images/articles/main/7c/572.jpg,www.zacks.com,"Financial Markets,Manufacturing,Finance,Blockchain",0.151853,Somewhat-Bullish,"[{""ticker"": ""WBD"", ""relevance_score"": ""0.07446"", ""ticker_sentiment_score"": ""-0.286608"", ""ticker_sentiment_label"": ""Somewhat-Bearish""}, {""ticker"": ""TSLA"", ""relevance_score"": ""0.59972"", ""ticker_sentiment_score"": ""0.308714"", ""ticker_sentiment_label"": ""Somewhat-Bullish""}, {""ticker"": ""STRK"", ""relevance_score"": ""0.148273"", ""ticker_sentiment_score"": ""0.114644"", ""ticker_sentiment_label"": ""Neutral""}, {""ticker"": ""COIN"", ""relevance_score"": ""0.220809"", ""ticker_sentiment_score"": ""0.151838"", ""ticker_sentiment_label"": ""Somewhat-Bullish""}, {""ticker"": ""CRYPTO:BTC"", ""relevance_score"": ""0.220809"", ""ticker_sentiment_score"": ""0.151838"", ""ticker_sentiment_label"": ""Somewhat-Bullish""}, {""ticker"": ""CRYPTO:ETH"", ""relevance_score"": ""0.07446"", ""ticker_sentiment_score"": ""0.153571"", ""ticker_sentiment_label"": ""Somewhat-Bullish""}, {""ticker"": ""CRYPTO:ADA"", ""relevance_score"": ""0.07446"", ""ticker_sentiment_score"": ""0.153571"", ""ticker_sentiment_label"": ""Somewhat-Bullish""}]"
2025-03-04,"Approving multiple smaller assets for Grayscale's ETFs could help pave the way for an index ETF, a source told Decrypt.",Decrypt.co,https://decrypt.co/308577/grayscale-pursues-sixth-altcoin-etf-as-nasdaq-seeks-to-list-hedera-fund,0.303175,https://decrypt.co/308577/grayscale-pursues-sixth-altcoin-etf-as-nasdaq-seeks-to-list-hedera-fund,Grayscale Pursues Sixth Altcoin ETF as Nasdaq Seeks to List Hedera Fund,Vismaya V,https://cdn.decrypt.co/resize/1024/height/512/wp-content/uploads/2023/06/grayscale-logo-on-smart-phone-gID_7.jpg,decrypt.co,"Blockchain,Financial Markets",0.138011,Neutral,"[{""ticker"": ""CRYPTO:DOGE"", ""relevance_score"": ""0.303175"", ""ticker_sentiment_score"": ""0.233212"", ""ticker_sentiment_label"": ""Somewhat-Bullish""}, {""ticker"": ""CRYPTO:ADA"", ""relevance_score"": ""0.303175"", ""ticker_sentiment_score"": ""0.0"", ""ticker_sentiment_label"": ""Neutral""}, {""ticker"": ""CRYPTO:LTC"", ""relevance_score"": ""0.103331"", ""ticker_sentiment_score"": ""0.0"", ""ticker_sentiment_label"": ""Neutral""}]"
2025-03-05,"Cardano's ADA/USD price has increased 15.2% over the past 24 hours to $0.96. Over the past week, ADA has experienced an uptick of over 42.0%, moving from $0.68 to its current price. As it stands right now, the coin's all-time high is $3.09.",Benzinga,https://www.benzinga.com/insights/cryptocurrency/25/03/44142783/cardanos-price-increased-more-than-15-within-24-hours,0.670742,https://www.benzinga.com/insights/cryptocurrency/25/03/44142783/cardanos-price-increased-more-than-15-within-24-hours,Cardano's Price Increased More Than 15% Within 24 hours,Benzinga Insights,https://www.benzinga.com/files/images/story/2025/1741186810_0.png,www.benzinga.com,Financial Markets,0.077572,Neutral,"[{""ticker"": ""CRYPTO:ADA"", ""relevance_score"": ""0.670742"", ""ticker_sentiment_score"": ""0.003702"", ""ticker_sentiment_label"": ""Neutral""}]"
2025-03-05,"XRP processes transactions at 6x the rate of Cardano but still lags 165x behind Solana in adoption. A millionaire trader revealed a secret accumulation of XRP, Cardano and Dogecoin in 2022-2023 at ultra-low prices.",Benzinga,https://www.benzinga.com/markets/cryptocurrency/25/03/44149730/dogecoin-millionaire-says-hes-been-accumulating-xrp-since-0-40,0.538782,https://www.benzinga.com/markets/cryptocurrency/25/03/44149730/dogecoin-millionaire-says-hes-been-accumulating-xrp-since-0-40,'Dogecoin Millionaire' Says He's Been Accumulating XRP Since $0.40,Khyathi Dalal,https://cdn.benzinga.com/files/images/story/2025/03/05/7--XRP.jpeg?width=1200&height=800&fit=crop,www.benzinga.com,"Life Sciences,Blockchain,Financial Markets",0.097554,Neutral,"[{""ticker"": ""INSM"", ""relevance_score"": ""0.083833"", ""ticker_sentiment_score"": ""0.096193"", ""ticker_sentiment_label"": ""Neutral""}, {""ticker"": ""UBER"", ""relevance_score"": ""0.083833"", ""ticker_sentiment_score"": ""0.096193"", ""ticker_sentiment_label"": ""Neutral""}, {""ticker"": ""RIOT"", ""relevance_score"": ""0.083833"", ""ticker_sentiment_score"": ""0.0309"", ""ticker_sentiment_label"": ""Neutral""}, {""ticker"": ""CRYPTO:DOGE"", ""relevance_score"": ""0.326283"", ""ticker_sentiment_score"": ""0.147856"", ""ticker_sentiment_label"": ""Neutral""}, {""ticker"": ""CRYPTO:SOL"", ""relevance_score"": ""0.083833"", ""ticker_sentiment_score"": ""-0.042894"", ""ticker_sentiment_label"": ""Neutral""}, {""ticker"": ""CRYPTO:ADA"", ""relevance_score"": ""0.538782"", ""ticker_sentiment_score"": ""-0.159453"", ""ticker_sentiment_label"": ""Somewhat-Bearish""}, {""ticker"": ""CRYPTO:XRP"", ""relevance_score"": ""0.907859"", ""ticker_sentiment_score"": ""0.12209"", ""ticker_sentiment_label"": ""Neutral""}]"
2025-03-05,"The big three cryptocurrencies are on the move today. Bitcoin ( CRYPTO: BTC ) , Ethereum ( CRYPTO: ETH ) , and Dogecoin ( CRYPTO: DOGE ) are up 2.3%, 2.6%, and 1.7%, respectively, as of 12:30 p.m. ET. Earlier in the day, however, they were up as much as 6.1%, 5.5%, and 4.4%.The three followed a ...",Motley Fool,https://www.fool.com/investing/2025/03/05/why-bitcoin-ethereum-and-dogecoin-are-trading-high/,0.069094,https://www.fool.com/investing/2025/03/05/why-bitcoin-ethereum-and-dogecoin-are-trading-high/,"Why Bitcoin, Ethereum, and Dogecoin Are Trading Higher Today",Johnny Rice,https://g.foolcdn.com/editorial/images/810100/btc-eth-doge-2025.jpg,www.fool.com,"Blockchain,Financial Markets",0.156032,Somewhat-Bullish,"[{""ticker"": ""CRYPTO:BTC"", ""relevance_score"": ""0.512093"", ""ticker_sentiment_score"": ""0.315113"", ""ticker_sentiment_label"": ""Somewhat-Bullish""}, {""ticker"": ""CRYPTO:ETH"", ""relevance_score"": ""0.512093"", ""ticker_sentiment_score"": ""0.315113"", ""ticker_sentiment_label"": ""Somewhat-Bullish""}, {""ticker"": ""CRYPTO:DOGE"", ""relevance_score"": ""0.512093"", ""ticker_sentiment_score"": ""0.200561"", ""ticker_sentiment_label"": ""Somewhat-Bullish""}, {""ticker"": ""CRYPTO:ADA"", ""relevance_score"": ""0.069094"", ""ticker_sentiment_score"": ""0.104389"", ""ticker_sentiment_label"": ""Neutral""}]"
2025-03-05,"Bitcoin struggles to overcome $90,000 as bears attempt to hold the level as resistance, but BTC and altcoin charts suggest the upside is the most likely path that prices will take.",Cointelegraph,https://cointelegraph.com/news/price-analysis-3-5-btc-eth-xrp-bnb-sol-ada-doge-pi-hbar-link,0.098524,https://cointelegraph.com/news/price-analysis-3-5-btc-eth-xrp-bnb-sol-ada-doge-pi-hbar-link,"Price analysis 3/5: BTC, ETH, XRP, BNB, SOL, ADA, DOGE, PI, HBAR, LINK",Rakesh Upadhyay,https://s3.cointelegraph.com/uploads/2025-03/01956723-8d00-77b9-8dd8-dce8b03810ab,cointelegraph.com,"Blockchain,Financial Markets",-0.091146,Neutral,"[{""ticker"": ""CRYPTO:BTC"", ""relevance_score"": ""0.32014"", ""ticker_sentiment_score"": ""0.009508"", ""ticker_sentiment_label"": ""Neutral""}, {""ticker"": ""CRYPTO:BNB"", ""relevance_score"": ""0.098524"", ""ticker_sentiment_score"": ""-0.1133"", ""ticker_sentiment_label"": ""Neutral""}, {""ticker"": ""CRYPTO:XRP"", ""relevance_score"": ""0.098524"", ""ticker_sentiment_score"": ""-0.080025"", ""ticker_sentiment_label"": ""Neutral""}, {""ticker"": ""CRYPTO:ETH"", ""relevance_score"": ""0.098524"", ""ticker_sentiment_score"": ""-0.109036"", ""ticker_sentiment_label"": ""Neutral""}, {""ticker"": ""CRYPTO:DOGE"", ""relevance_score"": ""0.098524"", ""ticker_sentiment_score"": ""0.022858"", ""ticker_sentiment_label"": ""Neutral""}, {""ticker"": ""CRYPTO:LINK"", ""relevance_score"": ""0.098524"", ""ticker_sentiment_score"": ""-0.015164"", ""ticker_sentiment_label"": ""Neutral""}, {""ticker"": ""CRYPTO:USDT"", ""relevance_score"": ""0.32014"", ""ticker_sentiment_score"": ""-0.114224"", ""ticker_sentiment_label"": ""Neutral""}, {""ticker"": ""CRYPTO:HBAR"", ""relevance_score"": ""0.065775"", ""ticker_sentiment_score"": ""-0.083344"", ""ticker_sentiment_label"": ""Neutral""}, {""ticker"": ""CRYPTO:ADA"", ""relevance_score"": ""0.098524"", ""ticker_sentiment_score"": ""-0.117733"", ""ticker_sentiment_label"": ""Neutral""}]"
2025-03-05,Howard Lutnick said Bitcoin will likely be treated differently than the other assets tipped to be in the US crypto reserve.,Cointelegraph,https://cointelegraph.com/news/trump-commerce-secretary-hints-bitcoin-only-strategic-reserve,0.18967,https://cointelegraph.com/news/trump-commerce-secretary-hints-bitcoin-only-strategic-reserve,Trump's commerce secretary hints at Bitcoin-only strategic reserve,Sam Bourgi,https://s3.cointelegraph.com/uploads/2025-03/0195671e-bcb4-73df-aea7-57c3971e6d3d,cointelegraph.com,"Finance,Blockchain,Financial Markets",0.197043,Somewhat-Bullish,"[{""ticker"": ""COIN"", ""relevance_score"": ""0.095517"", ""ticker_sentiment_score"": ""0.0871"", ""ticker_sentiment_label"": ""Neutral""}, {""ticker"": ""CRYPTO:BTC"", ""relevance_score"": ""0.813165"", ""ticker_sentiment_score"": ""0.226936"", ""ticker_sentiment_label"": ""Somewhat-Bullish""}, {""ticker"": ""CRYPTO:ETH"", ""relevance_score"": ""0.18967"", ""ticker_sentiment_score"": ""0.115828"", ""ticker_sentiment_label"": ""Neutral""}, {""ticker"": ""CRYPTO:LINK"", ""relevance_score"": ""0.095517"", ""ticker_sentiment_score"": ""0.0871"", ""ticker_sentiment_label"": ""Neutral""}, {""ticker"": ""CRYPTO:ADA"", ""relevance_score"": ""0.18967"", ""ticker_sentiment_score"": ""0.115828"", ""ticker_sentiment_label"": ""Neutral""}]"
2025-03-05,"Between Bitcoin, Ethereum and Solana there is a clear favorite for Benzinga readers in 2025. While one crypto wins the poll, the largest vote getter is investors staying away from the sector.",Benzinga,https://www.benzinga.com/markets/cryptocurrency/25/03/44155576/bitcoin-ethereum-solana-stablecoins-or-no-crypto-in-2025-heres-what-readers-choose,0.177802,https://www.benzinga.com/markets/cryptocurrency/25/03/44155576/bitcoin-ethereum-solana-stablecoins-or-no-crypto-in-2025-heres-what-readers-choose,"Bitcoin, Ethereum, Solana, Stablecoins Or No Crypto In 2025: Here's What Readers Choose - Grayscale Bitcoin Mini Trust  ( BTC )  Common units of fractional undivided beneficial interest  ( ARCA:BTC ) ",Chris Katje,https://cdn.benzinga.com/files/images/story/2025/03/05/Context-Matters.jpeg?width=1200&height=800&fit=crop,www.benzinga.com,"Life Sciences,Blockchain,Financial Markets",0.255028,Somewhat-Bullish,"[{""ticker"": ""INSM"", ""relevance_score"": ""0.089462"", ""ticker_sentiment_score"": ""0.097294"", ""ticker_sentiment_label"": ""Neutral""}, {""ticker"": ""UBER"", ""relevance_score"": ""0.089462"", ""ticker_sentiment_score"": ""0.097294"", ""ticker_sentiment_label"": ""Neutral""}, {""ticker"": ""CRYPTO:BTC"", ""relevance_score"": ""0.688096"", ""ticker_sentiment_score"": ""0.266393"", ""ticker_sentiment_label"": ""Somewhat-Bullish""}, {""ticker"": ""CRYPTO:ETH"", ""relevance_score"": ""0.425746"", ""ticker_sentiment_score"": ""0.34615"", ""ticker_sentiment_label"": ""Somewhat-Bullish""}, {""ticker"": ""CRYPTO:ADA"", ""relevance_score"": ""0.177802"", ""ticker_sentiment_score"": ""0.187233"", ""ticker_sentiment_label"": ""Somewhat-Bullish""}]"
2025-03-05,"Trump's first White House Crypto Summit confirms key industry leaders, fueling speculation over a potential US Bitcoin reserve policy announcement.",Cointelegraph,https://cointelegraph.com/news/trump-white-house-crypto-summit-bitcoin-reserve-policy,0.087185,https://cointelegraph.com/news/trump-white-house-crypto-summit-bitcoin-reserve-policy,Trump's White House Crypto Summit: Confirmed attendees so far,Helen Partz,https://s3.cointelegraph.com/uploads/2025-03/0195672e-17de-7eb9-a919-4b41e1445f3a,cointelegraph.com,Blockchain,0.126818,Neutral,"[{""ticker"": ""CRYPTO:BTC"", ""relevance_score"": ""0.257442"", ""ticker_sentiment_score"": ""0.232868"", ""ticker_sentiment_label"": ""Somewhat-Bullish""}, {""ticker"": ""CRYPTO:ETH"", ""relevance_score"": ""0.087185"", ""ticker_sentiment_score"": ""0.0"", ""ticker_sentiment_label"": ""Neutral""}, {""ticker"": ""CRYPTO:ADA"", ""relevance_score"": ""0.087185"", ""ticker_sentiment_score"": ""0.0"", ""ticker_sentiment_label"": ""Neutral""}]"
2025-03-05,"Bitcoin and Ether were widely expected in a US crypto reserve, but American-made projects like Ripple, Solana and Cardano raise eyebrows.",Cointelegraph,https://cointelegraph.com/news/xrp-sol-ada-belong-crypto-reserve,0.355588,https://cointelegraph.com/news/xrp-sol-ada-belong-crypto-reserve,"Does XRP, SOL or ADA belong in a US crypto reserve?",Yohan Yun,https://s3.cointelegraph.com/uploads/2025-03/019566f0-4edc-7e54-a496-705998230cb1,cointelegraph.com,"Financial Markets,Manufacturing,Finance,Blockchain",0.067478,Neutral,"[{""ticker"": ""AXP"", ""relevance_score"": ""0.028321"", ""ticker_sentiment_score"": ""0.192643"", ""ticker_sentiment_label"": ""Somewhat-Bullish""}, {""ticker"": ""NVDA"", ""relevance_score"": ""0.028321"", ""ticker_sentiment_score"": ""-0.021942"", ""ticker_sentiment_label"": ""Neutral""}, {""ticker"": ""CRYPTO:BTC"", ""relevance_score"": ""0.250673"", ""ticker_sentiment_score"": ""0.025387"", ""ticker_sentiment_label"": ""Neutral""}, {""ticker"": ""CRYPTO:ETH"", ""relevance_score"": ""0.196268"", ""ticker_sentiment_score"": ""0.114392"", ""ticker_sentiment_label"": ""Neutral""}, {""ticker"": ""CRYPTO:ADA"", ""relevance_score"": ""0.355588"", ""ticker_sentiment_score"": ""0.096328"", ""ticker_sentiment_label"": ""Neutral""}]"
2025-03-05,"Major crypto policy announcements expected at Friday's summit, including details on a potential U.S. Bitcoin strategic reserve. Regulatory clarity, financial innovation, and economic opportunities in the evolving digital asset landscape will be key discussion points.",Benzinga,https://www.benzinga.com/markets/cryptocurrency/25/03/44143660/howard-lutnick-says-president-definitely-thinks-theres-a-bitcoin-strategic-reserve,0.172713,https://www.benzinga.com/markets/cryptocurrency/25/03/44143660/howard-lutnick-says-president-definitely-thinks-theres-a-bitcoin-strategic-reserve,Howard Lutnick Says 'President Definitely Thinks There's A Bitcoin Strategic Reserve',Khyathi Dalal,https://cdn.benzinga.com/files/images/story/2025/03/05/Howard-Lutnick.jpeg?width=1200&height=800&fit=crop,www.benzinga.com,"Life Sciences,Blockchain,Financial Markets",0.288451,Somewhat-Bullish,"[{""ticker"": ""INSM"", ""relevance_score"": ""0.08687"", ""ticker_sentiment_score"": ""0.096762"", ""ticker_sentiment_label"": ""Neutral""}, {""ticker"": ""UBER"", ""relevance_score"": ""0.08687"", ""ticker_sentiment_score"": ""0.096762"", ""ticker_sentiment_label"": ""Neutral""}, {""ticker"": ""CRYPTO:BTC"", ""relevance_score"": ""0.554916"", ""ticker_sentiment_score"": ""0.430749"", ""ticker_sentiment_label"": ""Bullish""}, {""ticker"": ""CRYPTO:DOGE"", ""relevance_score"": ""0.172713"", ""ticker_sentiment_score"": ""0.049388"", ""ticker_sentiment_label"": ""Neutral""}, {""ticker"": ""CRYPTO:ADA"", ""relevance_score"": ""0.172713"", ""ticker_sentiment_score"": ""0.049388"", ""ticker_sentiment_label"": ""Neutral""}]"
2025-03-05,"The digital asset's volatility is reaching cycle highs across multiple measures, according to data from TradingView and Glassnode.",Cointelegraph,https://cointelegraph.com/news/bitcoin-volatility-soars-crypto-reserve-tariff-jitters,0.200688,https://cointelegraph.com/news/bitcoin-volatility-soars-crypto-reserve-tariff-jitters,"Bitcoin volatility soars amid US crypto reserve, tariff jitters",Alex O’Donnell,https://s3.cointelegraph.com/uploads/2025-03/019567f5-ae6e-77a8-9085-57f1f49ef867,cointelegraph.com,"Technology,Blockchain,Financial Markets",-0.004911,Neutral,"[{""ticker"": ""GOOG"", ""relevance_score"": ""0.101154"", ""ticker_sentiment_score"": ""-0.06203"", ""ticker_sentiment_label"": ""Neutral""}, {""ticker"": ""CRYPTO:BTC"", ""relevance_score"": ""0.554365"", ""ticker_sentiment_score"": ""-0.122728"", ""ticker_sentiment_label"": ""Neutral""}, {""ticker"": ""CRYPTO:ETH"", ""relevance_score"": ""0.388879"", ""ticker_sentiment_score"": ""0.016246"", ""ticker_sentiment_label"": ""Neutral""}, {""ticker"": ""CRYPTO:ADA"", ""relevance_score"": ""0.200688"", ""ticker_sentiment_score"": ""0.135233"", ""ticker_sentiment_label"": ""Neutral""}]"
2025-03-05,"Shiba Inu burnt 39.2 million SHIB in 24 hours pushing burn rate higher by 5,440.9%. SHIB community draws parallels between BONE's trajectory and past Cardano, XRP growth but technical indicators suggest sell rating for SHIB. Our government trade tracker caught Pelosi's 169% AI winner.",Benzinga,https://www.benzinga.com/markets/cryptocurrency/25/03/44141226/shiba-inu-burn-rate-soars-5440-but-why-do-technicals-flash-sell,0.223866,https://www.benzinga.com/markets/cryptocurrency/25/03/44141226/shiba-inu-burn-rate-soars-5440-but-why-do-technicals-flash-sell,"Shiba Inu Burn Rate Soars 5,440%, But Why Do Technicals Flash 'Sell'?",Khyathi Dalal,https://cdn.benzinga.com/files/images/story/2025/03/05/Shytoshi-Celebrates-As-Shiba-Inu-Virtual.jpeg?width=1200&height=800&fit=crop,www.benzinga.com,Financial Markets,0.246521,Somewhat-Bullish,"[{""ticker"": ""CRYPTO:SHIB"", ""relevance_score"": ""0.844916"", ""ticker_sentiment_score"": ""0.184191"", ""ticker_sentiment_label"": ""Somewhat-Bullish""}, {""ticker"": ""CRYPTO:ADA"", ""relevance_score"": ""0.223866"", ""ticker_sentiment_score"": ""0.158377"", ""ticker_sentiment_label"": ""Somewhat-Bullish""}]"
2025-03-05,"Bitcoin is set to hold a unique status within the crypto reserve, said Lutnick, while altcoins will be treated ""positively, but differently."" ...",Decrypt.co,https://decrypt.co/308708/howard-lutnick-bitcoin-reserve-altcoins,0.114137,https://decrypt.co/308708/howard-lutnick-bitcoin-reserve-altcoins,"Bitcoin Reserve Announcement Coming Friday, According to Commerce Secretary: Report",Stephen Graves,https://cdn.decrypt.co/resize/1024/height/512/wp-content/uploads/2025/03/howard-lutnick-gID_7.jpg,decrypt.co,"Finance,Blockchain",0.09671,Neutral,"[{""ticker"": ""COIN"", ""relevance_score"": ""0.114137"", ""ticker_sentiment_score"": ""-0.003544"", ""ticker_sentiment_label"": ""Neutral""}, {""ticker"": ""CRYPTO:BTC"", ""relevance_score"": ""0.610896"", ""ticker_sentiment_score"": ""0.237222"", ""ticker_sentiment_label"": ""Somewhat-Bullish""}, {""ticker"": ""CRYPTO:ADA"", ""relevance_score"": ""0.114137"", ""ticker_sentiment_score"": ""0.264569"", ""ticker_sentiment_label"": ""Somewhat-Bullish""}, {""ticker"": ""CRYPTO:XRP"", ""relevance_score"": ""0.114137"", ""ticker_sentiment_score"": ""0.264569"", ""ticker_sentiment_label"": ""Somewhat-Bullish""}]"
2025-03-05,"The upcoming White House Crypto Summit may provide clarity on whether the reserve will remain multi-asset or shift to Bitcoin-only. Jin argues Trump's approach reflects his business mindset, possibly leveraging undervalued crypto assets for strategic financial positioning",Benzinga,https://www.benzinga.com/markets/cryptocurrency/25/03/44141114/trumps-xrp-cardano-inclusion-in-crypto-reserve-proposal-could-be-result-of-businessman-ins,0.406526,https://www.benzinga.com/markets/cryptocurrency/25/03/44141114/trumps-xrp-cardano-inclusion-in-crypto-reserve-proposal-could-be-result-of-businessman-ins,"Trump's XRP, Cardano Inclusion In Crypto Reserve Proposal Could Be Result Of 'Businessman' Instincts, MEXC's Tracy Jin Says",Murtuza Merchant,https://cdn.benzinga.com/files/images/story/2025/03/05/What-Happened_1.jpeg?width=1200&height=800&fit=crop,www.benzinga.com,Blockchain,0.109179,Neutral,"[{""ticker"": ""CRYPTO:BTC"", ""relevance_score"": ""0.478198"", ""ticker_sentiment_score"": ""0.265899"", ""ticker_sentiment_label"": ""Somewhat-Bullish""}, {""ticker"": ""CRYPTO:ETH"", ""relevance_score"": ""0.251247"", ""ticker_sentiment_score"": ""0.160655"", ""ticker_sentiment_label"": ""Somewhat-Bullish""}, {""ticker"": ""CRYPTO:SOL"", ""relevance_score"": ""0.085022"", ""ticker_sentiment_score"": ""0.119075"", ""ticker_sentiment_label"": ""Neutral""}, {""ticker"": ""CRYPTO:ADA"", ""relevance_score"": ""0.406526"", ""ticker_sentiment_score"": ""0.333386"", ""ticker_sentiment_label"": ""Somewhat-Bullish""}, {""ticker"": ""CRYPTO:XRP"", ""relevance_score"": ""0.330654"", ""ticker_sentiment_score"": ""0.28882"", ""ticker_sentiment_label"": ""Somewhat-Bullish""}]"
2025-03-05,"XRP and Cardano have climbed 375% and 163% since election day, while Ethereum and Solana have fallen over this timespan and bitcoin has relinquished some of its earlier gains.",Decrypt.co,https://decrypt.co/308673/trumps-crypto-picks-face-reality-xrp-ada-hold-gains-as-majors-slide,0.612033,https://decrypt.co/308673/trumps-crypto-picks-face-reality-xrp-ada-hold-gains-as-majors-slide,"Trump's Crypto Picks Face Reality: XRP, ADA Hold Gains as Majors Slide",André Beganski,https://img.decrypt.co/insecure/rs:fit:3840:0:0:0/plain/https://cdn.decrypt.co/wp-content/uploads/2025/03/Untitled-design-73.png@webp,decrypt.co,"Finance,Blockchain,Financial Markets",0.138843,Neutral,"[{""ticker"": ""COIN"", ""relevance_score"": ""0.170878"", ""ticker_sentiment_score"": ""-0.032149"", ""ticker_sentiment_label"": ""Neutral""}, {""ticker"": ""SCBFF"", ""relevance_score"": ""0.085936"", ""ticker_sentiment_score"": ""0.273951"", ""ticker_sentiment_label"": ""Somewhat-Bullish""}, {""ticker"": ""CRYPTO:BTC"", ""relevance_score"": ""0.253866"", ""ticker_sentiment_score"": ""0.097126"", ""ticker_sentiment_label"": ""Neutral""}, {""ticker"": ""CRYPTO:ETH"", ""relevance_score"": ""0.170878"", ""ticker_sentiment_score"": ""0.08355"", ""ticker_sentiment_label"": ""Neutral""}, {""ticker"": ""CRYPTO:ADA"", ""relevance_score"": ""0.612033"", ""ticker_sentiment_score"": ""0.266174"", ""ticker_sentiment_label"": ""Somewhat-Bullish""}]"
2025-03-05,"Blockstream is set to launch three funds in total, two of which will allow institutional investors to lend and borrow with Bitcoin collateral.",Cointelegraph,https://cointelegraph.com/news/blockstream-to-launch-bitcoin-lending-funds-with-multi-billion-investment,0.245339,https://cointelegraph.com/news/blockstream-to-launch-bitcoin-lending-funds-with-multi-billion-investment,Blockstream to launch Bitcoin lending funds with multi-billion investment,Martin Young,https://s3.cointelegraph.com/uploads/2025-03/0195646a-122d-72f3-9f1a-af3aa12f915a,cointelegraph.com,"Blockchain,Financial Markets",0.206513,Somewhat-Bullish,"[{""ticker"": ""BRPHF"", ""relevance_score"": ""0.124164"", ""ticker_sentiment_score"": ""0.0"", ""ticker_sentiment_label"": ""Neutral""}, {""ticker"": ""CRYPTO:BTC"", ""relevance_score"": ""0.95777"", ""ticker_sentiment_score"": ""0.379665"", ""ticker_sentiment_label"": ""Bullish""}, {""ticker"": ""CRYPTO:ETH"", ""relevance_score"": ""0.245339"", ""ticker_sentiment_score"": ""0.190281"", ""ticker_sentiment_label"": ""Somewhat-Bullish""}, {""ticker"": ""CRYPTO:ADA"", ""relevance_score"": ""0.245339"", ""ticker_sentiment_score"": ""-0.26313"", ""ticker_sentiment_label"": ""Somewhat-Bearish""}]"
2025-03-05,"Coinbase, Cipher, CME, Amazon and NVIDIA are included in this Analyst Blog.",Zacks Commentary,https://www.zacks.com/stock/news/2425633/the-zacks-analyst-blog-coinbase-cipher-cme-amazon-and-nvidia,0.081138,https://www.zacks.com/stock/news/2425633/the-zacks-analyst-blog-coinbase-cipher-cme-amazon-and-nvidia,"The Zacks Analyst Blog Coinbase, Cipher, CME, Amazon and NVIDIA",Zacks Investment Research,https://staticx-tuner.zacks.com/images/articles/main/bd/90871.jpg,www.zacks.com,"Retail & Wholesale,Financial Markets,Manufacturing,Real Estate & Construction,Finance,Blockchain",0.294402,Somewhat-Bullish,"[{""ticker"": ""NVDA"", ""relevance_score"": ""0.121445"", ""ticker_sentiment_score"": ""0.134453"", ""ticker_sentiment_label"": ""Neutral""}, {""ticker"": ""CME"", ""relevance_score"": ""0.240093"", ""ticker_sentiment_score"": ""0.279465"", ""ticker_sentiment_label"": ""Somewhat-Bullish""}, {""ticker"": ""CIFR"", ""relevance_score"": ""0.240093"", ""ticker_sentiment_score"": ""0.185279"", ""ticker_sentiment_label"": ""Somewhat-Bullish""}, {""ticker"": ""AMZN"", ""relevance_score"": ""0.121445"", ""ticker_sentiment_score"": ""0.134453"", ""ticker_sentiment_label"": ""Neutral""}, {""ticker"": ""COIN"", ""relevance_score"": ""0.389485"", ""ticker_sentiment_score"": ""0.281836"", ""ticker_sentiment_label"": ""Somewhat-Bullish""}, {""ticker"": ""CRYPTO:BTC"", ""relevance_score"": ""0.316337"", ""ticker_sentiment_score"": ""0.206378"", ""ticker_sentiment_label"": ""Somewhat-Bullish""}, {""ticker"": ""CRYPTO:ETH"", ""relevance_score"": ""0.121445"", ""ticker_sentiment_score"": ""0.073042"", ""ticker_sentiment_label"": ""Neutral""}, {""ticker"": ""CRYPTO:DOGE"", ""relevance_score"": ""0.040622"", ""ticker_sentiment_score"": ""-0.141068"", ""ticker_sentiment_label"": ""Neutral""}, {""ticker"": ""CRYPTO:ADA"", ""relevance_score"": ""0.081138"", ""ticker_sentiment_score"": ""0.037465"", ""ticker_sentiment_label"": ""Neutral""}]"
2025-03-05,"Bitwise CIO Matt Hougan maintains bullish outlook on Trump's strategic crypto reserve announcement despite initial market volatility. Hougan expects Friday's White House Crypto Summit to refine proposal, likely towards Bitcoin-centric reserve.",Benzinga,https://www.benzinga.com/markets/cryptocurrency/25/03/44138085/donald-trumps-bitcoin-ethereum-xrp-reserve-is-imperfect-but-bullish-says-bitwises-matt-hou,0.215574,https://www.benzinga.com/markets/cryptocurrency/25/03/44138085/donald-trumps-bitcoin-ethereum-xrp-reserve-is-imperfect-but-bullish-says-bitwises-matt-hou,"Donald Trump's Bitcoin, Ethereum, XRP Reserve Is 'Imperfect' But Bullish, Says Bitwise's Matt Hougan",Murtuza Merchant,https://cdn.benzinga.com/files/images/story/2025/03/05/Bitcoin-manipolazione.jpeg?width=1200&height=800&fit=crop,www.benzinga.com,"Finance,Blockchain,Financial Markets",0.279028,Somewhat-Bullish,"[{""ticker"": ""COIN"", ""relevance_score"": ""0.144708"", ""ticker_sentiment_score"": ""0.014057"", ""ticker_sentiment_label"": ""Neutral""}, {""ticker"": ""CRYPTO:BTC"", ""relevance_score"": ""0.638154"", ""ticker_sentiment_score"": ""0.147582"", ""ticker_sentiment_label"": ""Neutral""}, {""ticker"": ""CRYPTO:ETH"", ""relevance_score"": ""0.144708"", ""ticker_sentiment_score"": ""0.129279"", ""ticker_sentiment_label"": ""Neutral""}, {""ticker"": ""CRYPTO:SOL"", ""relevance_score"": ""0.072655"", ""ticker_sentiment_score"": ""0.104733"", ""ticker_sentiment_label"": ""Neutral""}, {""ticker"": ""CRYPTO:ADA"", ""relevance_score"": ""0.215574"", ""ticker_sentiment_score"": ""0.256981"", ""ticker_sentiment_label"": ""Somewhat-Bullish""}, {""ticker"": ""CRYPTO:XRP"", ""relevance_score"": ""0.072655"", ""ticker_sentiment_score"": ""0.104733"", ""ticker_sentiment_label"": ""Neutral""}]"
2025-03-05,Can Cardano outpace Ethereum in the crypto marathon? One of these smart contract experts is clearly a better buy than the other.,Motley Fool,https://www.fool.com/investing/2025/03/05/better-buy-cardano-vs-ethereum/,0.51768,https://www.fool.com/investing/2025/03/05/better-buy-cardano-vs-ethereum/,Better Buy: Cardano vs Ethereum,Anders Bylund,https://g.foolcdn.com/editorial/images/809811/blockchain-data-information-cryptocurrency.jpg,www.fool.com,"Blockchain,Financial Markets",0.208869,Somewhat-Bullish,"[{""ticker"": ""CRYPTO:BTC"", ""relevance_score"": ""0.111747"", ""ticker_sentiment_score"": ""0.035201"", ""ticker_sentiment_label"": ""Neutral""}, {""ticker"": ""CRYPTO:ETH"", ""relevance_score"": ""0.674691"", ""ticker_sentiment_score"": ""0.373471"", ""ticker_sentiment_label"": ""Bullish""}, {""ticker"": ""CRYPTO:ADA"", ""relevance_score"": ""0.51768"", ""ticker_sentiment_score"": ""0.331159"", ""ticker_sentiment_label"": ""Somewhat-Bullish""}]"
2025-03-05,"Strategy Inc. MSTR shares rose 3.94% in Wednesday's pre-market trading, as Bitcoin BTC/USD moves closer to the $90,000 mark, according to data from Benzinga Pro. What Happened: Strategy, a major Bitcoin holder, saw its shares rise as the cryptocurrency recovered its previous losses amid bargain ...",Benzinga,https://www.benzinga.com/markets/25/03/44138476/mstr-stock-rises-nearly-4-in-wednesday-pre-market-trading-whats-going-on,0.232439,https://www.benzinga.com/markets/25/03/44138476/mstr-stock-rises-nearly-4-in-wednesday-pre-market-trading-whats-going-on,MSTR Stock Rises Nearly 4% in Wednesday Pre-Market Trading: What's Going On? - Grayscale Bitcoin Mini Trust  ( BTC )  Common units of fractional undivided beneficial interest  ( ARCA:BTC ) ,Namrata Sen,https://cdn.benzinga.com/files/images/story/2025/03/05/Why-It-Matters_0.jpeg?width=1200&height=800&fit=crop,www.benzinga.com,"Blockchain,Financial Markets",0.257923,Somewhat-Bullish,"[{""ticker"": ""CRYPTO:BTC"", ""relevance_score"": ""0.895969"", ""ticker_sentiment_score"": ""0.33892"", ""ticker_sentiment_label"": ""Somewhat-Bullish""}, {""ticker"": ""CRYPTO:ETH"", ""relevance_score"": ""0.232439"", ""ticker_sentiment_score"": ""0.178787"", ""ticker_sentiment_label"": ""Somewhat-Bullish""}, {""ticker"": ""CRYPTO:SOL"", ""relevance_score"": ""0.117486"", ""ticker_sentiment_score"": ""0.114335"", ""ticker_sentiment_label"": ""Neutral""}, {""ticker"": ""CRYPTO:ADA"", ""relevance_score"": ""0.232439"", ""ticker_sentiment_score"": ""0.178787"", ""ticker_sentiment_label"": ""Somewhat-Bullish""}, {""ticker"": ""CRYPTO:XRP"", ""relevance_score"": ""0.232439"", ""ticker_sentiment_score"": ""0.178787"", ""ticker_sentiment_label"": ""Somewhat-Bullish""}]"
2025-03-05,"President Donald Trump's announcement of a strategic cryptocurrency reserve marked a tectonic shift in U.S. fiscal policy, contrasting with the restrictive approach of the previous Joe Biden administration.",Benzinga,https://www.benzinga.com/markets/cryptocurrency/25/03/44135017/trump-announced-crypto-reserve-will-include-these-coins-but-one-name-has-made-investors-ex,0.416844,https://www.benzinga.com/markets/cryptocurrency/25/03/44135017/trump-announced-crypto-reserve-will-include-these-coins-but-one-name-has-made-investors-ex,"Trump-Announced Crypto Reserve Will Include These Coins, But One Name Has Made Investors Exceptionally Rich Over 5 Years - Grayscale Ethereum Mini Trust  ( ETH )  Common units of fractional undivided beneficial interest  ( ARCA:ETH ) ",Aniket Verma,https://cdn.benzinga.com/files/images/story/2025/03/05/Trumps-Frustration.jpeg?width=1200&height=800&fit=crop,www.benzinga.com,"Economy - Fiscal,Blockchain,Financial Markets",0.23095,Somewhat-Bullish,"[{""ticker"": ""CRYPTO:BTC"", ""relevance_score"": ""0.535653"", ""ticker_sentiment_score"": ""0.508524"", ""ticker_sentiment_label"": ""Bullish""}, {""ticker"": ""CRYPTO:ETH"", ""relevance_score"": ""0.416844"", ""ticker_sentiment_score"": ""0.330649"", ""ticker_sentiment_label"": ""Somewhat-Bullish""}, {""ticker"": ""CRYPTO:ADA"", ""relevance_score"": ""0.416844"", ""ticker_sentiment_score"": ""0.522651"", ""ticker_sentiment_label"": ""Bullish""}, {""ticker"": ""CRYPTO:XRP"", ""relevance_score"": ""0.416844"", ""ticker_sentiment_score"": ""0.522651"", ""ticker_sentiment_label"": ""Bullish""}]"
2025-03-05,"Santiment data reveals the biggest drivers of crypto sentiment, with stock-crypto correlations leading discussions. Bitcoin surged to new highs post-Trump's election win, while tariff news pushed BTC to levels unseen since November 2024.",Benzinga,https://www.benzinga.com/markets/cryptocurrency/25/03/44139160/trump-tariffs-stock-markets-crypto-reserve-what-key-themes-are-driving-crypto-markets,0.14131,https://www.benzinga.com/markets/cryptocurrency/25/03/44139160/trump-tariffs-stock-markets-crypto-reserve-what-key-themes-are-driving-crypto-markets,"Trump, Tariffs, Stock Markets, Crypto Reserve: What Key Themes Are Driving Crypto Markets?",Khyathi Dalal,https://cdn.benzinga.com/files/images/story/2025/03/05/Cryptocurrency-Photo-by-Avi-Rozen-on-Shu_0.jpeg?width=1200&height=800&fit=crop,www.benzinga.com,"Blockchain,Financial Markets",0.089178,Neutral,"[{""ticker"": ""RDDT"", ""relevance_score"": ""0.070935"", ""ticker_sentiment_score"": ""0.107577"", ""ticker_sentiment_label"": ""Neutral""}, {""ticker"": ""CRYPTO:BTC"", ""relevance_score"": ""0.576977"", ""ticker_sentiment_score"": ""-0.111521"", ""ticker_sentiment_label"": ""Neutral""}, {""ticker"": ""CRYPTO:ETH"", ""relevance_score"": ""0.14131"", ""ticker_sentiment_score"": ""0.006393"", ""ticker_sentiment_label"": ""Neutral""}, {""ticker"": ""CRYPTO:ADA"", ""relevance_score"": ""0.14131"", ""ticker_sentiment_score"": ""0.006393"", ""ticker_sentiment_label"": ""Neutral""}]"
2025-03-06,"US President Donald Trump could issue an executive order as soon as March 7 to create a reserve for the country to buy Bitcoin, Bloomberg reports.",Cointelegraph,https://cointelegraph.com/news/trump-could-sign-bitcoin-reserve-executive-order-crypto-summit-bloomberg,0.331765,https://cointelegraph.com/news/trump-could-sign-bitcoin-reserve-executive-order-crypto-summit-bloomberg,Trump may sign Bitcoin reserve executive order at crypto summit: Report,Jesse Coghlan,"https://images.cointelegraph.com/cdn-cgi/image/format=auto,onerror=redirect,quality=90,width=1200/https://s3.cointelegraph.com/uploads/2025-02/0194cda3-1c16-7a17-bc84-e3eae0c885a7",cointelegraph.com,,0.219237,Somewhat-Bullish,"[{""ticker"": ""CRYPTO:BTC"", ""relevance_score"": ""0.801457"", ""ticker_sentiment_score"": ""0.367723"", ""ticker_sentiment_label"": ""Bullish""}, {""ticker"": ""CRYPTO:ETH"", ""relevance_score"": ""0.331765"", ""ticker_sentiment_score"": ""0.44092"", ""ticker_sentiment_label"": ""Bullish""}, {""ticker"": ""CRYPTO:ADA"", ""relevance_score"": ""0.331765"", ""ticker_sentiment_score"": ""0.44092"", ""ticker_sentiment_label"": ""Bullish""}]"
2025-03-06,"The market is still assigning a relatively low probability to the creation of a national crypto reserve, Sygnum Bank's head of research said.",Cointelegraph,https://cointelegraph.com/news/us-crypto-reserve-could-boost-bitcoin-market-cap-by-460-b-research,0.158,https://cointelegraph.com/news/us-crypto-reserve-could-boost-bitcoin-market-cap-by-460-b-research,US crypto reserve could boost Bitcoin market cap by $460B - Research,Alex O’Donnell,https://s3.cointelegraph.com/uploads/2024-12/0193b732-2731-7e3d-82b9-293cf8f9b991,cointelegraph.com,"Economy - Fiscal,Blockchain,Financial Markets",0.199314,Somewhat-Bullish,"[{""ticker"": ""CRYPTO:BTC"", ""relevance_score"": ""0.630286"", ""ticker_sentiment_score"": ""0.497963"", ""ticker_sentiment_label"": ""Bullish""}, {""ticker"": ""CRYPTO:ETH"", ""relevance_score"": ""0.235062"", ""ticker_sentiment_score"": ""0.353209"", ""ticker_sentiment_label"": ""Bullish""}, {""ticker"": ""CRYPTO:ADA"", ""relevance_score"": ""0.158"", ""ticker_sentiment_score"": ""0.142876"", ""ticker_sentiment_label"": ""Neutral""}]"
2025-03-06,The protocol's co-founder is among a number of crypto industry players who have taken issue with U.S. President Donald Trump's plans to create a digital asset reserve.,Decrypt.co,https://decrypt.co/308993/this-sol-founder-prefers-no-crypto-reserve,0.212115,https://decrypt.co/308993/this-sol-founder-prefers-no-crypto-reserve,Solana in the US Crypto Stockpile? This SOL Founder Prefers 'No Reserve',Liz Napolitano,https://cdn.decrypt.co/resize/1024/height/512/wp-content/uploads/2024/03/Solana-Anatoly-Yakovenko-gID_7.jpeg,decrypt.co,"Economy - Monetary,Blockchain",0.102354,Neutral,"[{""ticker"": ""CRYPTO:BTC"", ""relevance_score"": ""0.409503"", ""ticker_sentiment_score"": ""0.129184"", ""ticker_sentiment_label"": ""Neutral""}, {""ticker"": ""CRYPTO:ETH"", ""relevance_score"": ""0.107016"", ""ticker_sentiment_score"": ""0.047587"", ""ticker_sentiment_label"": ""Neutral""}, {""ticker"": ""CRYPTO:ADA"", ""relevance_score"": ""0.212115"", ""ticker_sentiment_score"": ""0.044526"", ""ticker_sentiment_label"": ""Neutral""}, {""ticker"": ""CRYPTO:XRP"", ""relevance_score"": ""0.107016"", ""ticker_sentiment_score"": ""0.0"", ""ticker_sentiment_label"": ""Neutral""}]"
2025-03-06,Stocks and crypto have been battered by the president's push to tax goods from America's largest trading partners.,Decrypt.co,https://decrypt.co/308965/bitcoin-hits-91k-as-trump-broadens-tariff-delays,0.276909,https://decrypt.co/308965/bitcoin-hits-91k-as-trump-broadens-tariff-delays,Bitcoin Seesaws as Trump Broadens Tariff Delays,André Beganski,https://cdn.decrypt.co/resize/1024/height/512/wp-content/uploads/2023/10/Mexico-Bitcoin-shutterstock_1128909425-16x9-1-gID_7.jpg,decrypt.co,Economy - Monetary,0.09756,Neutral,"[{""ticker"": ""CRYPTO:BTC"", ""relevance_score"": ""0.186738"", ""ticker_sentiment_score"": ""0.140362"", ""ticker_sentiment_label"": ""Neutral""}, {""ticker"": ""CRYPTO:ETH"", ""relevance_score"": ""0.186738"", ""ticker_sentiment_score"": ""0.127239"", ""ticker_sentiment_label"": ""Neutral""}, {""ticker"": ""CRYPTO:ADA"", ""relevance_score"": ""0.276909"", ""ticker_sentiment_score"": ""0.173001"", ""ticker_sentiment_label"": ""Somewhat-Bullish""}]"
2025-03-06,"Bitcoin and the altcoins selected for the US crypto strategic reserve could stay range-bound in the short term, barring a blockbuster announcement on March 7.",Cointelegraph,https://cointelegraph.com/news/bitcoin-eth-xrp-sol-ada-charts-versus-us-crypto-reserve-rumors-which-to-trade,0.184246,https://cointelegraph.com/news/bitcoin-eth-xrp-sol-ada-charts-versus-us-crypto-reserve-rumors-which-to-trade,"Bitcoin, ETH, XRP, SOL, ADA charts versus US crypto reserve rumors - Which to trade?",Rakesh Upadhyay,https://s3.cointelegraph.com/uploads/2025-03/01956c6a-7ec8-771a-897f-b9d163f22340,cointelegraph.com,Blockchain,0.036018,Neutral,"[{""ticker"": ""CRYPTO:BTC"", ""relevance_score"": ""0.358798"", ""ticker_sentiment_score"": ""0.062923"", ""ticker_sentiment_label"": ""Neutral""}, {""ticker"": ""CRYPTO:ETH"", ""relevance_score"": ""0.184246"", ""ticker_sentiment_score"": ""-0.095346"", ""ticker_sentiment_label"": ""Neutral""}, {""ticker"": ""CRYPTO:USDT"", ""relevance_score"": ""0.229149"", ""ticker_sentiment_score"": ""0.023494"", ""ticker_sentiment_label"": ""Neutral""}, {""ticker"": ""CRYPTO:ADA"", ""relevance_score"": ""0.184246"", ""ticker_sentiment_score"": ""0.07615"", ""ticker_sentiment_label"": ""Neutral""}, {""ticker"": ""CRYPTO:XRP"", ""relevance_score"": ""0.184246"", ""ticker_sentiment_score"": ""0.018111"", ""ticker_sentiment_label"": ""Neutral""}]"
2025-03-06,"David Sacks' observation mirrored President Donald Trump's initial vision for a ""strategic Bitcoin stockpile."" ...",Decrypt.co,https://decrypt.co/308910/crypto-czar-david-sacks-says-u-s-can-hodl-bitcoin-ahead-of-white-house-summit,0.169676,https://decrypt.co/308910/crypto-czar-david-sacks-says-u-s-can-hodl-bitcoin-ahead-of-white-house-summit,Crypto Czar David Sacks Says U.S. Can HODL Bitcoin Ahead of White House Summit,André Beganski,https://cdn.decrypt.co/resize/1024/height/512/wp-content/uploads/2025/03/121724-David-Sacks-2-gID_7.jpg,decrypt.co,"Finance,Blockchain",0.19004,Somewhat-Bullish,"[{""ticker"": ""COIN"", ""relevance_score"": ""0.085324"", ""ticker_sentiment_score"": ""0.194655"", ""ticker_sentiment_label"": ""Somewhat-Bullish""}, {""ticker"": ""CRYPTO:BTC"", ""relevance_score"": ""0.866386"", ""ticker_sentiment_score"": ""0.336291"", ""ticker_sentiment_label"": ""Somewhat-Bullish""}, {""ticker"": ""CRYPTO:ETH"", ""relevance_score"": ""0.169676"", ""ticker_sentiment_score"": ""0.140232"", ""ticker_sentiment_label"": ""Neutral""}, {""ticker"": ""CRYPTO:ADA"", ""relevance_score"": ""0.169676"", ""ticker_sentiment_score"": ""0.126099"", ""ticker_sentiment_label"": ""Neutral""}, {""ticker"": ""CRYPTO:XRP"", ""relevance_score"": ""0.085324"", ""ticker_sentiment_score"": ""0.092057"", ""ticker_sentiment_label"": ""Neutral""}]"
2025-03-06,"This wasn't supposed to happen: Ethereum ( CRYPTO: ETH ) , the world's second-largest cryptocurrency, is now down significantly for the year after an absolutely disastrous February when it lost 32% of its value. Wasn't 2025 supposed to be a banner year for all cryptocurrencies, and especially a ...",Motley Fool,https://www.fool.com/investing/2025/03/06/ethereum-dropped-more-than-30-in-february-is-it-wo/,0.153145,https://www.fool.com/investing/2025/03/06/ethereum-dropped-more-than-30-in-february-is-it-wo/,Ethereum Dropped More Than 30% in February. Is It Worth Buying the Dip?,Dominic Basulto,https://g.foolcdn.com/image/?url=https%3A%2F%2Fg.foolcdn.com%2Feditorial%2Fimages%2F809677%2Finvestor-staring-at-chart.jpg&op=resize&w=700,www.fool.com,"Blockchain,Financial Markets",0.342458,Somewhat-Bullish,"[{""ticker"": ""CRCW"", ""relevance_score"": ""0.05133"", ""ticker_sentiment_score"": ""0.310756"", ""ticker_sentiment_label"": ""Somewhat-Bullish""}, {""ticker"": ""CRYPTO:BTC"", ""relevance_score"": ""0.05133"", ""ticker_sentiment_score"": ""0.02396"", ""ticker_sentiment_label"": ""Neutral""}, {""ticker"": ""CRYPTO:ETH"", ""relevance_score"": ""0.954034"", ""ticker_sentiment_score"": ""0.565719"", ""ticker_sentiment_label"": ""Bullish""}, {""ticker"": ""CRYPTO:ADA"", ""relevance_score"": ""0.153145"", ""ticker_sentiment_score"": ""0.124319"", ""ticker_sentiment_label"": ""Neutral""}]"
2025-03-06,Proponents of a strategic Bitcoin reserve argue that nation states should stockpile Bitcoin alongside assets such as gold.,Decrypt.co,https://decrypt.co/resources/what-is-a-strategic-bitcoin-reserve-how-nation-states-could-hold-btc,0.062271,https://decrypt.co/resources/what-is-a-strategic-bitcoin-reserve-how-nation-states-could-hold-btc,What is a Strategic Bitcoin Reserve? How Nation States Could Hold BTC,Jason Nelson,https://cdn.decrypt.co/resize/1024/height/512/wp-content/uploads/2019/03/bitcoins_limitation_litepaper-gID_5-pID_6.png,decrypt.co,"Economy - Monetary,Blockchain",0.127433,Neutral,"[{""ticker"": ""FOREX:USD"", ""relevance_score"": ""0.031159"", ""ticker_sentiment_score"": ""0.11946"", ""ticker_sentiment_label"": ""Neutral""}, {""ticker"": ""CRYPTO:BTC"", ""relevance_score"": ""0.899125"", ""ticker_sentiment_score"": ""0.244961"", ""ticker_sentiment_label"": ""Somewhat-Bullish""}, {""ticker"": ""CRYPTO:ETH"", ""relevance_score"": ""0.062271"", ""ticker_sentiment_score"": ""0.139067"", ""ticker_sentiment_label"": ""Neutral""}, {""ticker"": ""CRYPTO:SPR"", ""relevance_score"": ""0.031159"", ""ticker_sentiment_score"": ""0.062253"", ""ticker_sentiment_label"": ""Neutral""}, {""ticker"": ""CRYPTO:ADA"", ""relevance_score"": ""0.062271"", ""ticker_sentiment_score"": ""0.139067"", ""ticker_sentiment_label"": ""Neutral""}, {""ticker"": ""CRYPTO:XRP"", ""relevance_score"": ""0.031159"", ""ticker_sentiment_score"": ""0.131238"", ""ticker_sentiment_label"": ""Neutral""}]"
2025-03-06,"Solana co-founder Anatoly Yakovenko opposes a US national crypto reserve, warning that government control could undermine decentralization.",Cointelegraph,https://cointelegraph.com/news/solana-yakovenko-us-crypto-reserve-risks,0.446742,https://cointelegraph.com/news/solana-yakovenko-us-crypto-reserve-risks,Solana co-founder prefers 'no reserve' despite SOL inclusion,Ezra Reguerra,https://s3.cointelegraph.com/uploads/2025-03/01956af9-6b7f-76ac-b53b-0c02159f5e25,cointelegraph.com,"Economy - Monetary,Blockchain",-0.02371,Neutral,"[{""ticker"": ""CRYPTO:BTC"", ""relevance_score"": ""0.446742"", ""ticker_sentiment_score"": ""0.195031"", ""ticker_sentiment_label"": ""Somewhat-Bullish""}, {""ticker"": ""CRYPTO:ETH"", ""relevance_score"": ""0.187463"", ""ticker_sentiment_score"": ""0.303249"", ""ticker_sentiment_label"": ""Somewhat-Bullish""}, {""ticker"": ""CRYPTO:ADA"", ""relevance_score"": ""0.446742"", ""ticker_sentiment_score"": ""0.126881"", ""ticker_sentiment_label"": ""Neutral""}, {""ticker"": ""CRYPTO:XRP"", ""relevance_score"": ""0.187463"", ""ticker_sentiment_score"": ""0.303249"", ""ticker_sentiment_label"": ""Somewhat-Bullish""}]"
2025-03-06,"A US crypto reserve could offer ""cover"" to institutional investors, like pension funds, which have been hesitant to invest in crypto.",Cointelegraph,https://cointelegraph.com/news/reaction-trump-crypto-reserve-short-optimism-long-caution,0.171607,https://cointelegraph.com/news/reaction-trump-crypto-reserve-short-optimism-long-caution,"Reaction to Trump's crypto reserve: 'Short-term optimism, long-term caution'",Andrew Singer,https://s3.cointelegraph.com/uploads/2025-03/01956b14-55af-783d-a440-c4429fd213da,cointelegraph.com,"Blockchain,Financial Markets,Manufacturing",0.069192,Neutral,"[{""ticker"": ""NYT"", ""relevance_score"": ""0.069094"", ""ticker_sentiment_score"": ""0.109093"", ""ticker_sentiment_label"": ""Neutral""}, {""ticker"": ""CRYPTO:BTC"", ""relevance_score"": ""0.335367"", ""ticker_sentiment_score"": ""0.2139"", ""ticker_sentiment_label"": ""Somewhat-Bullish""}, {""ticker"": ""CRYPTO:ETH"", ""relevance_score"": ""0.137671"", ""ticker_sentiment_score"": ""0.00245"", ""ticker_sentiment_label"": ""Neutral""}, {""ticker"": ""CRYPTO:ADA"", ""relevance_score"": ""0.171607"", ""ticker_sentiment_score"": ""0.109623"", ""ticker_sentiment_label"": ""Neutral""}]"
2025-03-06,"That loud and clear, collective sigh of relief you heard Wednesday was the sound of thousands of cryptocurrency investors, who were happy their assets generally moved in the right direction. Since Monday, the top names in the asset class had been sluggish at best.",Motley Fool,https://www.fool.com/investing/2025/03/05/why-altcoins-were-soaring-on-wednesday/,0.18046,https://www.fool.com/investing/2025/03/05/why-altcoins-were-soaring-on-wednesday/,Why Altcoins Were Soaring on Wednesday,Eric Volkman,https://g.foolcdn.com/editorial/images/810145/two-people-shake-hands-while-a-third-looks-on-happily-in-front-of-a-lapto-pc.jpg,www.fool.com,"Blockchain,Financial Markets",0.208963,Somewhat-Bullish,"[{""ticker"": ""CRYPTO:BTC"", ""relevance_score"": ""0.090816"", ""ticker_sentiment_score"": ""0.204741"", ""ticker_sentiment_label"": ""Somewhat-Bullish""}, {""ticker"": ""CRYPTO:LINK"", ""relevance_score"": ""0.18046"", ""ticker_sentiment_score"": ""0.282429"", ""ticker_sentiment_label"": ""Somewhat-Bullish""}, {""ticker"": ""CRYPTO:ADA"", ""relevance_score"": ""0.18046"", ""ticker_sentiment_score"": ""0.282429"", ""ticker_sentiment_label"": ""Somewhat-Bullish""}, {""ticker"": ""CRYPTO:BCH"", ""relevance_score"": ""0.18046"", ""ticker_sentiment_score"": ""0.282429"", ""ticker_sentiment_label"": ""Somewhat-Bullish""}]"
2025-03-06,"Bitwise investment chief Matt Hougan says Trump's crypto reserve announcement should be seen as bullish and that the market is ""misreading things."" ...",Cointelegraph,https://cointelegraph.com/news/trump-crypto-reserve-mostly-bitcoin-bigger-than-expected-bitwise,0.246999,https://cointelegraph.com/news/trump-crypto-reserve-mostly-bitcoin-bigger-than-expected-bitwise,"Trump's crypto reserve likely to be mostly Bitcoin, bigger than expected: Bitwise",Jesse Coghlan,https://s3.cointelegraph.com/uploads/2025-03/01956935-89b3-766d-8526-2934c29fc18f,cointelegraph.com,"Finance,Blockchain",0.072061,Neutral,"[{""ticker"": ""COIN"", ""relevance_score"": ""0.083541"", ""ticker_sentiment_score"": ""-0.079768"", ""ticker_sentiment_label"": ""Neutral""}, {""ticker"": ""CRYPTO:BTC"", ""relevance_score"": ""0.598621"", ""ticker_sentiment_score"": ""0.139476"", ""ticker_sentiment_label"": ""Neutral""}, {""ticker"": ""CRYPTO:ETH"", ""relevance_score"": ""0.166169"", ""ticker_sentiment_score"": ""0.245089"", ""ticker_sentiment_label"": ""Somewhat-Bullish""}, {""ticker"": ""CRYPTO:ADA"", ""relevance_score"": ""0.246999"", ""ticker_sentiment_score"": ""0.24477"", ""ticker_sentiment_label"": ""Somewhat-Bullish""}, {""ticker"": ""CRYPTO:XRP"", ""relevance_score"": ""0.166169"", ""ticker_sentiment_score"": ""0.245089"", ""ticker_sentiment_label"": ""Somewhat-Bullish""}]"
2025-03-06,"Fartcoin tops the meme coin gainer list with a 16% rally and ranks fifth in trading volume. Prominent crypto trader opens a sizeable position in Fartcoin, calling it a high-risk, high-reward play. Every week, our Whisper Index uncovers five overlooked stocks with big breakout potential.",Benzinga,https://www.benzinga.com/markets/cryptocurrency/25/03/44163205/fartcoin-surges-16-in-a-day-outpacing-dogecoin-shiba-inu-as-trump-crypto-summit-anticipati,0.092927,https://www.benzinga.com/markets/cryptocurrency/25/03/44163205/fartcoin-surges-16-in-a-day-outpacing-dogecoin-shiba-inu-as-trump-crypto-summit-anticipati,"Fartcoin Surges 16% In A Day, Outpacing Dogecoin, Shiba Inu As Trump Crypto Summit Anticipation Builds",Khyathi Dalal,https://cdn.benzinga.com/files/images/story/2025/03/06/Health-Care--Pain-Asian-Young-Woman-Suff.jpeg?width=1200&height=800&fit=crop,www.benzinga.com,"Blockchain,Financial Markets",0.303201,Somewhat-Bullish,"[{""ticker"": ""CRYPTO:BTC"", ""relevance_score"": ""0.092927"", ""ticker_sentiment_score"": ""-0.057271"", ""ticker_sentiment_label"": ""Neutral""}, {""ticker"": ""CRYPTO:ETH"", ""relevance_score"": ""0.092927"", ""ticker_sentiment_score"": ""-0.057271"", ""ticker_sentiment_label"": ""Neutral""}, {""ticker"": ""CRYPTO:SOL"", ""relevance_score"": ""0.092927"", ""ticker_sentiment_score"": ""0.13508"", ""ticker_sentiment_label"": ""Neutral""}, {""ticker"": ""CRYPTO:ADA"", ""relevance_score"": ""0.092927"", ""ticker_sentiment_score"": ""-0.057271"", ""ticker_sentiment_label"": ""Neutral""}, {""ticker"": ""CRYPTO:XRP"", ""relevance_score"": ""0.092927"", ""ticker_sentiment_score"": ""-0.057271"", ""ticker_sentiment_label"": ""Neutral""}]"
2025-03-06,"Cardano's Hoskinson says he woke up to messages of congratulations but had ""no idea what the heck was going on."" ...",Cointelegraph,https://cointelegraph.com/news/cardano-hoskinson-knew-nothing-ada-being-selected-us-reserve,0.622414,https://cointelegraph.com/news/cardano-hoskinson-knew-nothing-ada-being-selected-us-reserve,Charles Hoskinson says he 'knew nothing' of ADA being selected for US reserve,Martin Young,"https://images.cointelegraph.com/cdn-cgi/image/format=auto,onerror=redirect,quality=90,width=1200/https://s3.cointelegraph.com/uploads/2025-03/019569c7-26ed-7c5d-b8cb-5eee46852313",cointelegraph.com,"Finance,Blockchain",0.091344,Neutral,"[{""ticker"": ""COIN"", ""relevance_score"": ""0.100308"", ""ticker_sentiment_score"": ""0.0"", ""ticker_sentiment_label"": ""Neutral""}, {""ticker"": ""CRYPTO:BTC"", ""relevance_score"": ""0.294682"", ""ticker_sentiment_score"": ""0.049361"", ""ticker_sentiment_label"": ""Neutral""}, {""ticker"": ""CRYPTO:ETH"", ""relevance_score"": ""0.199037"", ""ticker_sentiment_score"": ""0.06302"", ""ticker_sentiment_label"": ""Neutral""}, {""ticker"": ""CRYPTO:ADA"", ""relevance_score"": ""0.622414"", ""ticker_sentiment_score"": ""0.057152"", ""ticker_sentiment_label"": ""Neutral""}, {""ticker"": ""CRYPTO:XRP"", ""relevance_score"": ""0.199037"", ""ticker_sentiment_score"": ""0.06302"", ""ticker_sentiment_label"": ""Neutral""}]"
2025-03-06,"One of the largest banking groups in the region, Dubai-state-run Emirates NBD, offers crypto trading services in collaboration with Aquanow and Zodia Custody.",Cointelegraph,https://cointelegraph.com/news/emirates-nbd-liv-digital-bank-crypto-trading,0.28387,https://cointelegraph.com/news/emirates-nbd-liv-digital-bank-crypto-trading,Dubai state-owned bank Emirates NBD debuts crypto trading on Liv X app,Helen Partz,"https://images.cointelegraph.com/cdn-cgi/image/format=auto,onerror=redirect,quality=90,width=1200/https://s3.cointelegraph.com/uploads/2025-03/01956a8b-e7d9-76da-8887-80fc7b555d27",cointelegraph.com,Blockchain,0.295889,Somewhat-Bullish,"[{""ticker"": ""CRYPTO:BTC"", ""relevance_score"": ""0.28387"", ""ticker_sentiment_score"": ""0.229538"", ""ticker_sentiment_label"": ""Somewhat-Bullish""}, {""ticker"": ""CRYPTO:ETH"", ""relevance_score"": ""0.28387"", ""ticker_sentiment_score"": ""0.229538"", ""ticker_sentiment_label"": ""Somewhat-Bullish""}, {""ticker"": ""CRYPTO:ADA"", ""relevance_score"": ""0.28387"", ""ticker_sentiment_score"": ""0.229538"", ""ticker_sentiment_label"": ""Somewhat-Bullish""}, {""ticker"": ""CRYPTO:XRP"", ""relevance_score"": ""0.28387"", ""ticker_sentiment_score"": ""0.229538"", ""ticker_sentiment_label"": ""Somewhat-Bullish""}]"
2025-03-06,"Anatoly Yakovenko, the co-founder of the Solana SOL/USD ecosystem, argued against a federal government-controlled cryptocurrency reserve Wednesday, citing a threat to decentralization. What Happened: In an X post, Yakovenko outlined his order of preference for a potential cryptocurrency reserve.",Benzinga,https://www.benzinga.com/markets/cryptocurrency/25/03/44160415/solana-co-founder-says-a-federally-controlled-crypto-reserve-will-harm-decentralization-et,0.193465,https://www.benzinga.com/markets/cryptocurrency/25/03/44160415/solana-co-founder-says-a-federally-controlled-crypto-reserve-will-harm-decentralization-et,"Solana Co-Founder Says A Federally Controlled Crypto Reserve Will Harm Decentralization Ethos, Proposes States Control Their Own Reserves - Emeren Group  ( NYSE:SOL ) ",Aniket Verma,https://cdn.benzinga.com/files/images/story/2025/03/06/Best-Purr-formers-of-2024.jpeg?width=1200&height=800&fit=crop,www.benzinga.com,"Economy - Monetary,Finance,Blockchain",0.081931,Neutral,"[{""ticker"": ""COIN"", ""relevance_score"": ""0.097457"", ""ticker_sentiment_score"": ""0.144274"", ""ticker_sentiment_label"": ""Neutral""}, {""ticker"": ""CRYPTO:BTC"", ""relevance_score"": ""0.537474"", ""ticker_sentiment_score"": ""0.483224"", ""ticker_sentiment_label"": ""Bullish""}, {""ticker"": ""CRYPTO:ETH"", ""relevance_score"": ""0.193465"", ""ticker_sentiment_score"": ""0.215353"", ""ticker_sentiment_label"": ""Somewhat-Bullish""}, {""ticker"": ""CRYPTO:SOL"", ""relevance_score"": ""0.375722"", ""ticker_sentiment_score"": ""-0.052577"", ""ticker_sentiment_label"": ""Neutral""}, {""ticker"": ""CRYPTO:ADA"", ""relevance_score"": ""0.193465"", ""ticker_sentiment_score"": ""0.215353"", ""ticker_sentiment_label"": ""Somewhat-Bullish""}, {""ticker"": ""CRYPTO:XRP"", ""relevance_score"": ""0.193465"", ""ticker_sentiment_score"": ""0.215353"", ""ticker_sentiment_label"": ""Somewhat-Bullish""}]"
2025-03-06,New Hampshire's Bitcoin bill will now be voted on in the House after its House commerce committee voted in favor of the bill in a 16-1 vote.,Cointelegraph,https://cointelegraph.com/news/new-hampshires-bitcoin-bill-passes-through-house-committee,0.202366,https://cointelegraph.com/news/new-hampshires-bitcoin-bill-passes-through-house-committee,New Hampshire Bitcoin bill passes through House committee in a landslide,Brayden Lindrea,https://s3.cointelegraph.com/uploads/2025-03/0195698d-02c9-7ab5-a451-3f664e44c694,cointelegraph.com,"Blockchain,Financial Markets",0.203803,Somewhat-Bullish,"[{""ticker"": ""CRYPTO:BTC"", ""relevance_score"": ""0.694939"", ""ticker_sentiment_score"": ""0.176997"", ""ticker_sentiment_label"": ""Somewhat-Bullish""}, {""ticker"": ""CRYPTO:ETH"", ""relevance_score"": ""0.202366"", ""ticker_sentiment_score"": ""0.221065"", ""ticker_sentiment_label"": ""Somewhat-Bullish""}, {""ticker"": ""CRYPTO:ADA"", ""relevance_score"": ""0.202366"", ""ticker_sentiment_score"": ""0.221065"", ""ticker_sentiment_label"": ""Somewhat-Bullish""}]"
2025-03-07,"The Democratic lawmaker asked David Sacks to make official filings public showing he had ""made appropriate divestments"" to crypto that didn't represent conflicts of interest.",Cointelegraph,https://cointelegraph.com/news/senator-elizabeth-warren-financial-disclosures-david-sacks,0.186738,https://cointelegraph.com/news/senator-elizabeth-warren-financial-disclosures-david-sacks,Sen. Warren requests financial disclosures from Trump's crypto czar,Turner Wright,https://s3.cointelegraph.com/uploads/2025-03/0195715d-1dcb-72fe-977e-d2008662046f,cointelegraph.com,Financial Markets,0.116305,Neutral,"[{""ticker"": ""CRYPTO:BTC"", ""relevance_score"": ""0.186738"", ""ticker_sentiment_score"": ""0.127755"", ""ticker_sentiment_label"": ""Neutral""}, {""ticker"": ""CRYPTO:ETH"", ""relevance_score"": ""0.186738"", ""ticker_sentiment_score"": ""0.127755"", ""ticker_sentiment_label"": ""Neutral""}, {""ticker"": ""CRYPTO:ADA"", ""relevance_score"": ""0.186738"", ""ticker_sentiment_score"": ""0.127755"", ""ticker_sentiment_label"": ""Neutral""}]"
2025-03-07,"Peter Schiff insists no government should invest in crypto, calling it a waste of resources. David Sacks clarifies that Cardano, Solana, and XRP were mentioned due to their market rankings, but he's unsure if the government actually",Benzinga,https://www.benzinga.com/markets/cryptocurrency/25/03/44201364/peter-schiff-blasts-government-crypto-investments-as-waste-of-resources,0.277958,https://www.benzinga.com/markets/cryptocurrency/25/03/44201364/peter-schiff-blasts-government-crypto-investments-as-waste-of-resources,Peter Schiff Blasts Government Crypto Investments As 'Waste of Resources',Khyathi Dalal,https://cdn.benzinga.com/files/images/story/2025/03/07/Peter-Schiff-Predicts-A-Bitcoin-Strategi.jpeg?width=1200&height=800&fit=crop,www.benzinga.com,"Blockchain,Financial Markets",0.172935,Somewhat-Bullish,"[{""ticker"": ""CRYPTO:BTC"", ""relevance_score"": ""0.446742"", ""ticker_sentiment_score"": ""-0.072311"", ""ticker_sentiment_label"": ""Neutral""}, {""ticker"": ""CRYPTO:ETH"", ""relevance_score"": ""0.187463"", ""ticker_sentiment_score"": ""0.106996"", ""ticker_sentiment_label"": ""Neutral""}, {""ticker"": ""CRYPTO:SOL"", ""relevance_score"": ""0.09439"", ""ticker_sentiment_score"": ""0.079502"", ""ticker_sentiment_label"": ""Neutral""}, {""ticker"": ""CRYPTO:ADA"", ""relevance_score"": ""0.277958"", ""ticker_sentiment_score"": ""0.033237"", ""ticker_sentiment_label"": ""Neutral""}, {""ticker"": ""CRYPTO:XRP"", ""relevance_score"": ""0.277958"", ""ticker_sentiment_score"": ""0.033237"", ""ticker_sentiment_label"": ""Neutral""}]"
2025-03-07,"Treasury and Commerce secretaries will explore buying more Bitcoin in a ""budget neutral way,"" but such conversations have not happened yet, says the White House's crypto czar.",Decrypt.co,https://decrypt.co/309122/no-plan-yet-sell-gold-buy-more-bitcoin-treasury-will-decide-david-sacks,0.096671,https://decrypt.co/309122/no-plan-yet-sell-gold-buy-more-bitcoin-treasury-will-decide-david-sacks,"No Plan Yet to Sell Gold to Buy More Bitcoin, But Treasury Will Decide: David Sacks",Sander Lutz,https://cdn.decrypt.co/resize/1024/height/512/wp-content/uploads/2025/03/david-sacks-gID_7.jpg,decrypt.co,Blockchain,0.161929,Somewhat-Bullish,"[{""ticker"": ""CRYPTO:BTC"", ""relevance_score"": ""0.775472"", ""ticker_sentiment_score"": ""0.296134"", ""ticker_sentiment_label"": ""Somewhat-Bullish""}, {""ticker"": ""CRYPTO:ETH"", ""relevance_score"": ""0.096671"", ""ticker_sentiment_score"": ""0.152017"", ""ticker_sentiment_label"": ""Somewhat-Bullish""}, {""ticker"": ""CRYPTO:ADA"", ""relevance_score"": ""0.096671"", ""ticker_sentiment_score"": ""0.152017"", ""ticker_sentiment_label"": ""Somewhat-Bullish""}, {""ticker"": ""CRYPTO:XRP"", ""relevance_score"": ""0.096671"", ""ticker_sentiment_score"": ""0.152017"", ""ticker_sentiment_label"": ""Somewhat-Bullish""}]"
2025-03-07,"Trump's WLFI DeFi platform tripled its Ether holdings within a week during the market downturn, ahead of the first White House Crypto Summit.",Cointelegraph,https://cointelegraph.com/news/trump-wlfi-triples-ether-holdings-solana-485-m-outflows-finance-redefined,0.066598,https://cointelegraph.com/news/trump-wlfi-triples-ether-holdings-solana-485-m-outflows-finance-redefined,"Trump-linked WLFI triples Ether holdings, Solana sees $485M outflows: Finance Redefined",Zoltan Vardai,https://s3.cointelegraph.com/uploads/2025-03/019570d1-6923-7151-b1a8-20966a028d73,cointelegraph.com,"Blockchain,Financial Markets",0.114684,Neutral,"[{""ticker"": ""CRYPTO:BTC"", ""relevance_score"": ""0.132733"", ""ticker_sentiment_score"": ""0.102769"", ""ticker_sentiment_label"": ""Neutral""}, {""ticker"": ""CRYPTO:WBTC"", ""relevance_score"": ""0.066598"", ""ticker_sentiment_score"": ""0.077132"", ""ticker_sentiment_label"": ""Neutral""}, {""ticker"": ""CRYPTO:BCH"", ""relevance_score"": ""0.066598"", ""ticker_sentiment_score"": ""0.118261"", ""ticker_sentiment_label"": ""Neutral""}, {""ticker"": ""CRYPTO:BNB"", ""relevance_score"": ""0.066598"", ""ticker_sentiment_score"": ""0.038049"", ""ticker_sentiment_label"": ""Neutral""}, {""ticker"": ""CRYPTO:ERC"", ""relevance_score"": ""0.033328"", ""ticker_sentiment_score"": ""-0.02409"", ""ticker_sentiment_label"": ""Neutral""}, {""ticker"": ""CRYPTO:ETH"", ""relevance_score"": ""0.354204"", ""ticker_sentiment_score"": ""0.156405"", ""ticker_sentiment_label"": ""Somewhat-Bullish""}, {""ticker"": ""CRYPTO:RUNE"", ""relevance_score"": ""0.033328"", ""ticker_sentiment_score"": ""-0.100409"", ""ticker_sentiment_label"": ""Neutral""}, {""ticker"": ""CRYPTO:ADA"", ""relevance_score"": ""0.066598"", ""ticker_sentiment_score"": ""0.118261"", ""ticker_sentiment_label"": ""Neutral""}]"
2025-03-07,"President Donald Trump has several options for creating a Bitcoin reserve, according to one analyst.",Decrypt.co,https://decrypt.co/309110/us-sell-gold-treasury-funds-bitcoin-stockpile-standard-chartered,0.158519,https://decrypt.co/309110/us-sell-gold-treasury-funds-bitcoin-stockpile-standard-chartered,"US Could Sell Gold, Tap Treasury Funds to Build Bitcoin Stockpile: Standard Chartered",André Beganski,https://cdn.decrypt.co/resize/1024/height/512/wp-content/uploads/2022/09/Goldimage1-scaled-gID_7.jpg,decrypt.co,Economy - Macro,0.191269,Somewhat-Bullish,"[{""ticker"": ""SCBFF"", ""relevance_score"": ""0.079656"", ""ticker_sentiment_score"": ""0.0"", ""ticker_sentiment_label"": ""Neutral""}, {""ticker"": ""CRYPTO:BTC"", ""relevance_score"": ""0.866386"", ""ticker_sentiment_score"": ""0.296415"", ""ticker_sentiment_label"": ""Somewhat-Bullish""}, {""ticker"": ""CRYPTO:ETH"", ""relevance_score"": ""0.079656"", ""ticker_sentiment_score"": ""0.05378"", ""ticker_sentiment_label"": ""Neutral""}, {""ticker"": ""CRYPTO:ADA"", ""relevance_score"": ""0.158519"", ""ticker_sentiment_score"": ""0.069395"", ""ticker_sentiment_label"": ""Neutral""}]"
2025-03-07,Crypto markets fell along with stocks as traders digested the latest macroeconomic data.,Decrypt.co,https://decrypt.co/309088/bitcoin-ethereum-drop-with-stocks-on-weak-jobs-report-tariff-angst,0.227007,https://decrypt.co/309088/bitcoin-ethereum-drop-with-stocks-on-weak-jobs-report-tariff-angst,"Bitcoin, Ethereum Drop With Stocks on Weak Jobs Report, Tariff Angst",Mat Di Salvo,https://cdn.decrypt.co/resize/1024/height/512/wp-content/uploads/2019/11/indeed-bitcoin-crypto-blockchain-jobs-career-gID_7.jpg,decrypt.co,"Blockchain,Financial Markets",-0.067582,Neutral,"[{""ticker"": ""CRYPTO:BTC"", ""relevance_score"": ""0.227007"", ""ticker_sentiment_score"": ""-0.121655"", ""ticker_sentiment_label"": ""Neutral""}, {""ticker"": ""CRYPTO:ETH"", ""relevance_score"": ""0.227007"", ""ticker_sentiment_score"": ""0.096312"", ""ticker_sentiment_label"": ""Neutral""}, {""ticker"": ""CRYPTO:ADA"", ""relevance_score"": ""0.227007"", ""ticker_sentiment_score"": ""0.04275"", ""ticker_sentiment_label"": ""Neutral""}, {""ticker"": ""CRYPTO:XRP"", ""relevance_score"": ""0.227007"", ""ticker_sentiment_score"": ""0.096312"", ""ticker_sentiment_label"": ""Neutral""}]"
2025-03-07,"Bitcoin is trying to form a higher low at $85,000, but the recovery attempt faces stiff resistance at $90,000, signaling a tough battle between the bulls and the bears.",Cointelegraph,https://cointelegraph.com/news/price-analysis-3-7-btc-eth-xrp-bnb-sol-ada-doge-pi-hbar-link,0.095644,https://cointelegraph.com/news/price-analysis-3-7-btc-eth-xrp-bnb-sol-ada-doge-pi-hbar-link,"Price analysis 3/7: BTC, ETH, XRP, BNB, SOL, ADA, DOGE, PI, HBAR, LINK",Rakesh Upadhyay,https://s3.cointelegraph.com/uploads/2025-03/0195717d-aa36-74cc-b601-dc55fe88535e,cointelegraph.com,Blockchain,-0.040633,Neutral,"[{""ticker"": ""CRYPTO:BTC"", ""relevance_score"": ""0.452028"", ""ticker_sentiment_score"": ""-0.005991"", ""ticker_sentiment_label"": ""Neutral""}, {""ticker"": ""CRYPTO:BNB"", ""relevance_score"": ""0.095644"", ""ticker_sentiment_score"": ""0.079979"", ""ticker_sentiment_label"": ""Neutral""}, {""ticker"": ""CRYPTO:XRP"", ""relevance_score"": ""0.095644"", ""ticker_sentiment_score"": ""0.064506"", ""ticker_sentiment_label"": ""Neutral""}, {""ticker"": ""CRYPTO:ETH"", ""relevance_score"": ""0.095644"", ""ticker_sentiment_score"": ""-0.075608"", ""ticker_sentiment_label"": ""Neutral""}, {""ticker"": ""CRYPTO:DOGE"", ""relevance_score"": ""0.095644"", ""ticker_sentiment_score"": ""-0.078049"", ""ticker_sentiment_label"": ""Neutral""}, {""ticker"": ""CRYPTO:LINK"", ""relevance_score"": ""0.095644"", ""ticker_sentiment_score"": ""-0.005364"", ""ticker_sentiment_label"": ""Neutral""}, {""ticker"": ""CRYPTO:USDT"", ""relevance_score"": ""0.311237"", ""ticker_sentiment_score"": ""-0.100921"", ""ticker_sentiment_label"": ""Neutral""}, {""ticker"": ""CRYPTO:HBAR"", ""relevance_score"": ""0.063848"", ""ticker_sentiment_score"": ""-0.087054"", ""ticker_sentiment_label"": ""Neutral""}, {""ticker"": ""CRYPTO:ADA"", ""relevance_score"": ""0.095644"", ""ticker_sentiment_score"": ""0.045615"", ""ticker_sentiment_label"": ""Neutral""}]"
2025-03-07,"Regarding ETH, SOL, XRP and ADA, ""The president just mentioned the top five cryptocurrencies by market cap, so I think people are just reading into this a little bit too much,"" said Sacks.",Cointelegraph,https://cointelegraph.com/news/bitcoin-scarce-valuable-us-strategic-reserve-david-sacks,0.126784,https://cointelegraph.com/news/bitcoin-scarce-valuable-us-strategic-reserve-david-sacks,"'We've decided Bitcoin is scarce, it's valuable' for US strategic reserve - David Sacks",Sam Bourgi,https://s3.cointelegraph.com/uploads/2025-03/0195724d-24a4-76d0-8cdb-4f9c0af9c726,cointelegraph.com,"Economy - Monetary,Blockchain",0.155879,Somewhat-Bullish,"[{""ticker"": ""FOREX:JPY"", ""relevance_score"": ""0.063594"", ""ticker_sentiment_score"": ""0.091051"", ""ticker_sentiment_label"": ""Neutral""}, {""ticker"": ""FOREX:EUR"", ""relevance_score"": ""0.063594"", ""ticker_sentiment_score"": ""0.091051"", ""ticker_sentiment_label"": ""Neutral""}, {""ticker"": ""CRYPTO:BTC"", ""relevance_score"": ""0.798255"", ""ticker_sentiment_score"": ""0.246387"", ""ticker_sentiment_label"": ""Somewhat-Bullish""}, {""ticker"": ""CRYPTO:ETH"", ""relevance_score"": ""0.126784"", ""ticker_sentiment_score"": ""0.0"", ""ticker_sentiment_label"": ""Neutral""}, {""ticker"": ""CRYPTO:ADA"", ""relevance_score"": ""0.126784"", ""ticker_sentiment_score"": ""0.0"", ""ticker_sentiment_label"": ""Neutral""}, {""ticker"": ""CRYPTO:XRP"", ""relevance_score"": ""0.126784"", ""ticker_sentiment_score"": ""0.0"", ""ticker_sentiment_label"": ""Neutral""}]"
2025-03-07,Sen. David McCormick bought shares in a Bitcoin ETF ahead of Donald Trump's Executive Order to explore a Strategic Bitcoin Reserve. The Pennsylvania Congressman is on a subcommittee for digital assets. Our government trade tracker caught Pelosi's 169% AI winner.,Benzinga,https://www.benzinga.com/markets/cryptocurrency/25/03/44194484/congressman-on-digital-assets-subcommittee-buys-bitcoin-etf-before-trumps-strategic-reserv,0.128822,https://www.benzinga.com/markets/cryptocurrency/25/03/44194484/congressman-on-digital-assets-subcommittee-buys-bitcoin-etf-before-trumps-strategic-reserv,Congressman On Digital Assets Subcommittee Buys Bitcoin ETF Before Trump's Strategic Reserve Announcement - Bitwise Bitcoin ETF Common Shares of Beneficial Interest  ( ARCA:BITB ) ,Chris Katje,https://cdn.benzinga.com/files/images/story/2025/03/07/United-States-Of-America---March-3--2025_1.jpeg?width=1200&height=800&fit=crop,www.benzinga.com,"Finance,Blockchain,Financial Markets",0.310485,Somewhat-Bullish,"[{""ticker"": ""COIN"", ""relevance_score"": ""0.064623"", ""ticker_sentiment_score"": ""0.156005"", ""ticker_sentiment_label"": ""Somewhat-Bullish""}, {""ticker"": ""CRYPTO:BTC"", ""relevance_score"": ""0.743681"", ""ticker_sentiment_score"": ""0.254419"", ""ticker_sentiment_label"": ""Somewhat-Bullish""}, {""ticker"": ""CRYPTO:ETH"", ""relevance_score"": ""0.128822"", ""ticker_sentiment_score"": ""0.072304"", ""ticker_sentiment_label"": ""Neutral""}, {""ticker"": ""CRYPTO:ADA"", ""relevance_score"": ""0.128822"", ""ticker_sentiment_score"": ""0.072304"", ""ticker_sentiment_label"": ""Neutral""}]"
2025-03-07,"A senior White House official said Friday that the U.S. government won't sell Bitcoin it collects, but it could sell altcoins.",Decrypt.co,https://decrypt.co/309089/white-house-bitcoin-deserves-special-treatment-xrp-solana-cardano,0.327366,https://decrypt.co/309089/white-house-bitcoin-deserves-special-treatment-xrp-solana-cardano,"White House: Bitcoin 'Deserves Special Treatment' Over XRP, Solana, Cardano in Crypto Reserve",Sander Lutz,https://cdn.decrypt.co/resize/1024/height/512/wp-content/uploads/2020/09/white-house-us-gID_1.jpg,decrypt.co,Blockchain,0.201146,Somewhat-Bullish,"[{""ticker"": ""CRYPTO:BTC"", ""relevance_score"": ""0.426824"", ""ticker_sentiment_score"": ""0.414064"", ""ticker_sentiment_label"": ""Bullish""}, {""ticker"": ""CRYPTO:ADA"", ""relevance_score"": ""0.327366"", ""ticker_sentiment_score"": ""0.145752"", ""ticker_sentiment_label"": ""Neutral""}, {""ticker"": ""CRYPTO:XRP"", ""relevance_score"": ""0.327366"", ""ticker_sentiment_score"": ""0.145752"", ""ticker_sentiment_label"": ""Neutral""}]"
2025-03-07,Bitcoin's price tumbled after US President Donald Trump made a pledge not to sell any of the government's current Bitcoin holdings but made no firm commitment to buying more.,Cointelegraph,https://cointelegraph.com/news/bitcoin-plunges-trump-strategic-bitcoin-reserve-eo,0.613172,https://cointelegraph.com/news/bitcoin-plunges-trump-strategic-bitcoin-reserve-eo,Bitcoin plunges 6% as Trump's crypto reserve falls short of hopes,Ciaran Lyons,https://s3.cointelegraph.com/uploads/2025-03/01956e30-4b91-77d8-8f80-431c2b9974bc,cointelegraph.com,,-0.190191,Somewhat-Bearish,"[{""ticker"": ""CRYPTO:BTC"", ""relevance_score"": ""0.956537"", ""ticker_sentiment_score"": ""-0.275014"", ""ticker_sentiment_label"": ""Somewhat-Bearish""}, {""ticker"": ""CRYPTO:ETH"", ""relevance_score"": ""0.613172"", ""ticker_sentiment_score"": ""-0.350737"", ""ticker_sentiment_label"": ""Bearish""}, {""ticker"": ""CRYPTO:ADA"", ""relevance_score"": ""0.613172"", ""ticker_sentiment_score"": ""-0.350737"", ""ticker_sentiment_label"": ""Bearish""}]"
2025-03-07,"Bitcoin fell 5.7% to just under $85,000 as investors reacted to Trump's executive order establishing a Strategic Bitcoin Reserve.",Decrypt.co,https://decrypt.co/309035/bitcoin-price-slides-as-crypto-market-reacts-to-trumps-strategic-reserve-order,0.104683,https://decrypt.co/309035/bitcoin-price-slides-as-crypto-market-reacts-to-trumps-strategic-reserve-order,Bitcoin Price Slides as Crypto Market Reacts to Trump's Strategic Reserve Order,Sebastian Sinclair,https://cdn.decrypt.co/resize/1024/height/512/wp-content/uploads/2024/10/bitcoin-btc-closeup-gID_7.png,decrypt.co,"Economy - Monetary,Economy - Fiscal,Financial Markets",-0.069827,Neutral,"[{""ticker"": ""CRYPTO:BTC"", ""relevance_score"": ""0.76367"", ""ticker_sentiment_score"": ""-0.015852"", ""ticker_sentiment_label"": ""Neutral""}, {""ticker"": ""CRYPTO:ETH"", ""relevance_score"": ""0.104683"", ""ticker_sentiment_score"": ""-0.185756"", ""ticker_sentiment_label"": ""Somewhat-Bearish""}, {""ticker"": ""CRYPTO:DOGE"", ""relevance_score"": ""0.104683"", ""ticker_sentiment_score"": ""-0.185756"", ""ticker_sentiment_label"": ""Somewhat-Bearish""}, {""ticker"": ""CRYPTO:ADA"", ""relevance_score"": ""0.104683"", ""ticker_sentiment_score"": ""-0.185756"", ""ticker_sentiment_label"": ""Somewhat-Bearish""}]"
2025-03-07,"Cryptocurrencies dropped after Trump signed an executive order creating a U.S. strategic bitcoin reserve and a separate ""digital asset stockpile."" ...",CNBC,https://www.cnbc.com/2025/03/07/crypto-market-today.html,0.142144,https://www.cnbc.com/2025/03/07/crypto-market-today.html,Cryptocurrencies fall after Trump officially establishes U.S. bitcoin reserve,,,www.cnbc.com,"Economy - Monetary,Financial Markets,Finance,Blockchain",-0.112485,Neutral,"[{""ticker"": ""COIN"", ""relevance_score"": ""0.071357"", ""ticker_sentiment_score"": ""0.0"", ""ticker_sentiment_label"": ""Neutral""}, {""ticker"": ""CRYPTO:BTC"", ""relevance_score"": ""0.82082"", ""ticker_sentiment_score"": ""-0.209537"", ""ticker_sentiment_label"": ""Somewhat-Bearish""}, {""ticker"": ""CRYPTO:ETH"", ""relevance_score"": ""0.142144"", ""ticker_sentiment_score"": ""-0.024493"", ""ticker_sentiment_label"": ""Neutral""}, {""ticker"": ""CRYPTO:ADA"", ""relevance_score"": ""0.142144"", ""ticker_sentiment_score"": ""-0.024493"", ""ticker_sentiment_label"": ""Neutral""}]"
2025-03-07,The tech-focused stock exchange is seeking trading hours that more accurately reflect the global nature of capital markets.,Cointelegraph,https://cointelegraph.com/news/nasdaq-allow-24-hour-trading-5-days-week,0.317527,https://cointelegraph.com/news/nasdaq-allow-24-hour-trading-5-days-week,Nasdaq stock exchange to offer 24-hour trading 5 days a week,Vince Quill,https://s3.cointelegraph.com/uploads/2025-03/01957165-7076-736c-bdbc-cfbba8745622,cointelegraph.com,"Blockchain,Financial Markets",0.168037,Somewhat-Bullish,"[{""ticker"": ""CRYPTO:ADA"", ""relevance_score"": ""0.317527"", ""ticker_sentiment_score"": ""0.08807"", ""ticker_sentiment_label"": ""Neutral""}]"
2025-03-07,Is Ethereum's recent dip a buying opportunity or a sign of more trouble ahead? Explore Ethereum's future prospects and see where it could go from here.,Motley Fool,https://www.fool.com/investing/2025/03/07/ethereum-buy-sell-or-hold/,0.069094,https://www.fool.com/investing/2025/03/07/ethereum-buy-sell-or-hold/,"Ethereum: Buy, Sell, or Hold?",Anders Bylund,https://media.ycharts.com/charts/4425fe7e39a8cedede62997a72db5476.png,www.fool.com,"Blockchain,Financial Markets",0.2057,Somewhat-Bullish,"[{""ticker"": ""CRYPTO:BTC"", ""relevance_score"": ""0.205225"", ""ticker_sentiment_score"": ""0.137452"", ""ticker_sentiment_label"": ""Neutral""}, {""ticker"": ""CRYPTO:ETH"", ""relevance_score"": ""0.701875"", ""ticker_sentiment_score"": ""0.328818"", ""ticker_sentiment_label"": ""Somewhat-Bullish""}, {""ticker"": ""CRYPTO:ADA"", ""relevance_score"": ""0.069094"", ""ticker_sentiment_score"": ""0.123622"", ""ticker_sentiment_label"": ""Neutral""}]"
2025-03-07,The White House Crypto Summit brings top industry leaders together as President Trump's Bitcoin reserve plans spark debate over the future of crypto policy in the US.,Cointelegraph,https://cointelegraph.com/news/blockchain-industry-braces-for-white-house-crypto-summit-what-to-expect,0.048425,https://cointelegraph.com/news/blockchain-industry-braces-for-white-house-crypto-summit-what-to-expect,Blockchain industry braces for White House Crypto Summit: What to expect,Aaron Wood,https://s3.cointelegraph.com/uploads/2025-03/01957124-f281-7fec-b8ba-4fef000c5124,cointelegraph.com,"Finance,Blockchain",0.177394,Somewhat-Bullish,"[{""ticker"": ""COIN"", ""relevance_score"": ""0.048425"", ""ticker_sentiment_score"": ""0.056298"", ""ticker_sentiment_label"": ""Neutral""}, {""ticker"": ""CRYPTO:BTC"", ""relevance_score"": ""0.69811"", ""ticker_sentiment_score"": ""0.24146"", ""ticker_sentiment_label"": ""Somewhat-Bullish""}, {""ticker"": ""CRYPTO:LINK"", ""relevance_score"": ""0.048425"", ""ticker_sentiment_score"": ""0.137899"", ""ticker_sentiment_label"": ""Neutral""}, {""ticker"": ""CRYPTO:ADA"", ""relevance_score"": ""0.048425"", ""ticker_sentiment_score"": ""0.044412"", ""ticker_sentiment_label"": ""Neutral""}]"
2025-03-07,"President Donald Trump's executive order establishing a Strategic Bitcoin BTC/USD Reserve did not have the expected bullish impact on Thursday, as the leading cryptocurrency dropped on the announcement.",Benzinga,https://www.benzinga.com/markets/cryptocurrency/25/03/44184474/trump-announced-strategic-bitcoin-reserve-to-allow-buying-additional-btc-peter-schiff-does,0.148273,https://www.benzinga.com/markets/cryptocurrency/25/03/44184474/trump-announced-strategic-bitcoin-reserve-to-allow-buying-additional-btc-peter-schiff-does,Trump-Announced Strategic Bitcoin Reserve To Allow Buying Additional BTC? Peter Schiff Doesn't Think So But Here's What The Order Says - Grayscale Bitcoin Mini Trust  ( BTC )  Common units of fractional undivided beneficial interest  ( ARCA:BTC ) ,Aniket Verma,https://cdn.benzinga.com/files/images/story/2025/03/06/Benzingas-Note.jpeg?width=1200&height=800&fit=crop,www.benzinga.com,Blockchain,0.166217,Somewhat-Bullish,"[{""ticker"": ""CRYPTO:BTC"", ""relevance_score"": ""0.887891"", ""ticker_sentiment_score"": ""0.169292"", ""ticker_sentiment_label"": ""Somewhat-Bullish""}, {""ticker"": ""CRYPTO:ETH"", ""relevance_score"": ""0.148273"", ""ticker_sentiment_score"": ""0.043423"", ""ticker_sentiment_label"": ""Neutral""}, {""ticker"": ""CRYPTO:SOL"", ""relevance_score"": ""0.07446"", ""ticker_sentiment_score"": ""0.033724"", ""ticker_sentiment_label"": ""Neutral""}, {""ticker"": ""CRYPTO:ADA"", ""relevance_score"": ""0.148273"", ""ticker_sentiment_score"": ""0.043423"", ""ticker_sentiment_label"": ""Neutral""}, {""ticker"": ""CRYPTO:XRP"", ""relevance_score"": ""0.148273"", ""ticker_sentiment_score"": ""0.043423"", ""ticker_sentiment_label"": ""Neutral""}]"
2025-03-07,"Over the past 24 hours, Cardano's ADA/USD price has fallen 4.27% to $0.88. This is opposite to its positive trend over the past week where it has experienced a 41.0% gain, moving from $0.62 to its current price.",Benzinga,https://www.benzinga.com/insights/cryptocurrency/25/03/44192037/cardano-decreases-more-than-4-within-24-hours,0.56217,https://www.benzinga.com/insights/cryptocurrency/25/03/44192037/cardano-decreases-more-than-4-within-24-hours,Cardano Decreases More Than 4% Within 24 hours,Benzinga Insights,https://www.benzinga.com/files/images/story/2025/1741359686_0.png,www.benzinga.com,Financial Markets,0.104099,Neutral,"[{""ticker"": ""CRYPTO:ADA"", ""relevance_score"": ""0.56217"", ""ticker_sentiment_score"": ""0.051017"", ""ticker_sentiment_label"": ""Neutral""}]"
2025-03-08,"XRP ( CRYPTO: XRP ) has seen big volatility over the last week, but it's still posted substantial gains across the period. The cryptocurrency's token price was up 6.7% over the last seven days of trading as of 5:45 p.m.",Motley Fool,https://www.fool.com/investing/2025/03/08/why-xrp-soared-this-week/,0.130217,https://www.fool.com/investing/2025/03/08/why-xrp-soared-this-week/,Why XRP Jumped This Week,Keith Noonan,https://g.foolcdn.com/editorial/images/810472/gettyimages-1366942177.jpg,www.fool.com,Blockchain,0.224288,Somewhat-Bullish,"[{""ticker"": ""CRYPTO:BTC"", ""relevance_score"": ""0.256989"", ""ticker_sentiment_score"": ""0.241727"", ""ticker_sentiment_label"": ""Somewhat-Bullish""}, {""ticker"": ""CRYPTO:ETH"", ""relevance_score"": ""0.130217"", ""ticker_sentiment_score"": ""0.168438"", ""ticker_sentiment_label"": ""Somewhat-Bullish""}, {""ticker"": ""CRYPTO:ADA"", ""relevance_score"": ""0.130217"", ""ticker_sentiment_score"": ""0.168438"", ""ticker_sentiment_label"": ""Somewhat-Bullish""}, {""ticker"": ""CRYPTO:XRP"", ""relevance_score"": ""0.587597"", ""ticker_sentiment_score"": ""0.311754"", ""ticker_sentiment_label"": ""Somewhat-Bullish""}]"
2025-03-08,A classic technical setup and the US government's commitment to only selling altcoins from its new Digital Asset Stockpile are posing a threat to XRP's uptrend prospects.,Cointelegraph,https://cointelegraph.com/news/xrp-price-risks-20-drop-digital-asset-stockpile,0.068306,https://cointelegraph.com/news/xrp-price-risks-20-drop-digital-asset-stockpile,XRP price risks another 20% drop after 'Digital Asset Stockpile' letdown,Yashu Gola,https://s3.cointelegraph.com/uploads/2025-03/0195757e-e537-72b2-9240-3e4a40e459ec,cointelegraph.com,Blockchain,-0.072308,Neutral,"[{""ticker"": ""CRYPTO:BTC"", ""relevance_score"": ""0.331765"", ""ticker_sentiment_score"": ""0.026857"", ""ticker_sentiment_label"": ""Neutral""}, {""ticker"": ""CRYPTO:ETH"", ""relevance_score"": ""0.068306"", ""ticker_sentiment_score"": ""-0.029216"", ""ticker_sentiment_label"": ""Neutral""}, {""ticker"": ""CRYPTO:ADA"", ""relevance_score"": ""0.068306"", ""ticker_sentiment_score"": ""-0.029216"", ""ticker_sentiment_label"": ""Neutral""}, {""ticker"": ""CRYPTO:XRP"", ""relevance_score"": ""0.769861"", ""ticker_sentiment_score"": ""-0.119628"", ""ticker_sentiment_label"": ""Neutral""}]"
2025-03-08,"David Sacks, the White House's ""Crypto Czar,"" highlighted a significant financial oversight by the U.S. government that cost it billions in gains. What Happened: The Department of Justice ( DOJ ) could have secured over $17 billion had it retained its Bitcoin BTC/USD holdings instead of selling ...",Benzinga,https://www.benzinga.com/25/03/44209136/trumps-crypto-czar-david-sacks-reveals-us-government-missed-out-on-gains-of-over-17-billion-by-selling-bitcoin-ea,0.184598,https://www.benzinga.com/25/03/44209136/trumps-crypto-czar-david-sacks-reveals-us-government-missed-out-on-gains-of-over-17-billion-by-selling-bitcoin-ea,Trump's Crypto Czar David Sacks Reveals US Government Missed Out On Gains Of Over $17 Billion By Selling Bitcoin Early - Grayscale Bitcoin Mini Trust  ( BTC )  Common units of fractional undivided beneficial interest  ( ARCA:BTC ) ,Rounak Jain,https://cdn.benzinga.com/files/images/story/2025/03/08/US-Man-Funneled-Thousands-In-Crypto-To-I.jpeg?width=1200&height=800&fit=crop,www.benzinga.com,"Blockchain,Financial Markets",0.239048,Somewhat-Bullish,"[{""ticker"": ""PYPL"", ""relevance_score"": ""0.092927"", ""ticker_sentiment_score"": ""0.0"", ""ticker_sentiment_label"": ""Neutral""}, {""ticker"": ""CRYPTO:BTC"", ""relevance_score"": ""0.83872"", ""ticker_sentiment_score"": ""0.422783"", ""ticker_sentiment_label"": ""Bullish""}, {""ticker"": ""CRYPTO:ETH"", ""relevance_score"": ""0.184598"", ""ticker_sentiment_score"": ""0.112088"", ""ticker_sentiment_label"": ""Neutral""}, {""ticker"": ""CRYPTO:SOL"", ""relevance_score"": ""0.092927"", ""ticker_sentiment_score"": ""0.080268"", ""ticker_sentiment_label"": ""Neutral""}, {""ticker"": ""CRYPTO:ADA"", ""relevance_score"": ""0.184598"", ""ticker_sentiment_score"": ""0.112088"", ""ticker_sentiment_label"": ""Neutral""}, {""ticker"": ""CRYPTO:XRP"", ""relevance_score"": ""0.184598"", ""ticker_sentiment_score"": ""0.112088"", ""ticker_sentiment_label"": ""Neutral""}]"
2025-03-08,"Strategy ( NASDAQ: MSTR ) stock posted strong gains over the last week of trading despite volatility. The company's share price closed out the period up 11.8%, according to data from S&P Global Market Intelligence.Strategy stock surged in this week's trading after President Trump confirmed plans ...",Motley Fool,https://www.fool.com/investing/2025/03/08/why-strategy-stock-soared-this-week/,0.13459,https://www.fool.com/investing/2025/03/08/why-strategy-stock-soared-this-week/,Why Strategy Stock Soared This Week,Keith Noonan,https://g.foolcdn.com/editorial/images/810471/gettyimages-1043663584.jpg,www.fool.com,"Blockchain,Financial Markets",0.486418,Bullish,"[{""ticker"": ""SPGI"", ""relevance_score"": ""0.13459"", ""ticker_sentiment_score"": ""0.383921"", ""ticker_sentiment_label"": ""Bullish""}, {""ticker"": ""CRYPTO:BTC"", ""relevance_score"": ""0.764552"", ""ticker_sentiment_score"": ""0.679795"", ""ticker_sentiment_label"": ""Bullish""}, {""ticker"": ""CRYPTO:ETH"", ""relevance_score"": ""0.13459"", ""ticker_sentiment_score"": ""0.14595"", ""ticker_sentiment_label"": ""Neutral""}, {""ticker"": ""CRYPTO:ADA"", ""relevance_score"": ""0.13459"", ""ticker_sentiment_score"": ""0.14595"", ""ticker_sentiment_label"": ""Neutral""}, {""ticker"": ""CRYPTO:XRP"", ""relevance_score"": ""0.13459"", ""ticker_sentiment_score"": ""0.14595"", ""ticker_sentiment_label"": ""Neutral""}]"
2025-03-09,"The past week in the crypto world was dominated by President Donald Trump's announcement of a strategic U.S. cryptocurrency reserve. The move has sparked a flurry of reactions, with some questioning the inclusion of certain digital currencies and others calling for a Congressional investigation.",Benzinga,https://www.benzinga.com/markets/cryptocurrency/25/03/44210658/trumps-crypto-reserve-plan-sparks-controversy-schiff-questions-xrp-inclusion-polymarket-ce,0.122894,https://www.benzinga.com/markets/cryptocurrency/25/03/44210658/trumps-crypto-reserve-plan-sparks-controversy-schiff-questions-xrp-inclusion-polymarket-ce,"Trump's Crypto Reserve Plan Sparks Controversy, Schiff Questions XRP Inclusion, Polymarket CEO Invited To White House: This Week In Crypto",Ananya Gairola,https://cdn.benzinga.com/files/images/story/2025/03/09/US-Man-Funneled-Thousands-In-Crypto-To-I.jpeg?width=1200&height=800&fit=crop,www.benzinga.com,"Blockchain,Financial Markets",0.083911,Neutral,"[{""ticker"": ""CRYPTO:BTC"", ""relevance_score"": ""0.122894"", ""ticker_sentiment_score"": ""0.144358"", ""ticker_sentiment_label"": ""Neutral""}, {""ticker"": ""CRYPTO:ETH"", ""relevance_score"": ""0.122894"", ""ticker_sentiment_score"": ""0.144358"", ""ticker_sentiment_label"": ""Neutral""}, {""ticker"": ""CRYPTO:ADA"", ""relevance_score"": ""0.122894"", ""ticker_sentiment_score"": ""0.144358"", ""ticker_sentiment_label"": ""Neutral""}, {""ticker"": ""CRYPTO:XRP"", ""relevance_score"": ""0.357293"", ""ticker_sentiment_score"": ""0.189535"", ""ticker_sentiment_label"": ""Somewhat-Bullish""}]"
2025-03-09,"Bitcoin, XRP, and Cardano have shed their gains from last week's Trump ""reserve"" pump, while Dogecoin continues to lose ground.",Decrypt.co,https://decrypt.co/309229/dogecoin-4-month-low-bitcoin-xrp-cardano,0.325924,https://decrypt.co/309229/dogecoin-4-month-low-bitcoin-xrp-cardano,"Dogecoin Falls to 4-Month Low Price as Bitcoin, XRP and Cardano Sink",Andrew Hayward,https://cdn.decrypt.co/resize/1024/height/512/wp-content/uploads/2022/01/dogecoin-down-bad-gID_7.jpeg,decrypt.co,Blockchain,0.082722,Neutral,"[{""ticker"": ""CRYPTO:BTC"", ""relevance_score"": ""0.111488"", ""ticker_sentiment_score"": ""0.10404"", ""ticker_sentiment_label"": ""Neutral""}, {""ticker"": ""CRYPTO:ETH"", ""relevance_score"": ""0.111488"", ""ticker_sentiment_score"": ""0.10404"", ""ticker_sentiment_label"": ""Neutral""}, {""ticker"": ""CRYPTO:DOGE"", ""relevance_score"": ""0.220809"", ""ticker_sentiment_score"": ""-0.087923"", ""ticker_sentiment_label"": ""Neutral""}, {""ticker"": ""CRYPTO:ADA"", ""relevance_score"": ""0.325924"", ""ticker_sentiment_score"": ""0.306446"", ""ticker_sentiment_label"": ""Somewhat-Bullish""}, {""ticker"": ""CRYPTO:XRP"", ""relevance_score"": ""0.111488"", ""ticker_sentiment_score"": ""-0.022547"", ""ticker_sentiment_label"": ""Neutral""}]"
2025-03-10,"Last week, Trump hosted crypto leaders at the White House and unveiled a Bitcoin-first strategy, vowing to ""never sell."" Here's the latest.",Decrypt.co,https://decrypt.co/309281/five-key-moves-in-march-the-white-house-has-made-for-crypto,0.061159,https://decrypt.co/309281/five-key-moves-in-march-the-white-house-has-made-for-crypto,Five Key Moves in March the White House Has Made for Crypto,Vince Dioquino,https://cdn.decrypt.co/resize/1024/height/512/wp-content/uploads/2023/03/White-House-shutterstock_114757342-16x9-1-gID_7.jpg,decrypt.co,"Economy - Monetary,Blockchain",0.249054,Somewhat-Bullish,"[{""ticker"": ""FOREX:USD"", ""relevance_score"": ""0.061159"", ""ticker_sentiment_score"": ""0.225158"", ""ticker_sentiment_label"": ""Somewhat-Bullish""}, {""ticker"": ""CRYPTO:BTC"", ""relevance_score"": ""0.557075"", ""ticker_sentiment_score"": ""0.389194"", ""ticker_sentiment_label"": ""Bullish""}, {""ticker"": ""CRYPTO:ADA"", ""relevance_score"": ""0.061159"", ""ticker_sentiment_score"": ""0.150039"", ""ticker_sentiment_label"": ""Somewhat-Bullish""}, {""ticker"": ""CRYPTO:XRP"", ""relevance_score"": ""0.061159"", ""ticker_sentiment_score"": ""0.150039"", ""ticker_sentiment_label"": ""Somewhat-Bullish""}]"
2025-03-10,"The cryptocurrency market capped last week on a sour note after Bitcoin BTC/USD crashed to $80,000 on Sunday evening. While the broader market crashed, investors sought refuge in gold-backed coins.",Benzinga,https://www.benzinga.com/25/03/44212784/bitcoin-dogecoin-bled-but-these-gold-backed-cryptos-preserved-investors-wealth-last-week,0.303175,https://www.benzinga.com/25/03/44212784/bitcoin-dogecoin-bled-but-these-gold-backed-cryptos-preserved-investors-wealth-last-week,"Bitcoin, Dogecoin Bled But These Gold-Backed Cryptos Preserved Investors' Wealth Last Week - Grayscale Bitcoin Mini Trust  ( BTC )  Common units of fractional undivided beneficial interest  ( ARCA:BTC ) ",Aniket Verma,https://cdn.benzinga.com/files/images/story/2025/03/10/Top-10-Cryptocurrencies-In-The-World-By-.jpeg?width=1200&height=800&fit=crop,www.benzinga.com,"Blockchain,Financial Markets",0.049124,Neutral,"[{""ticker"": ""CRYPTO:BTC"", ""relevance_score"": ""0.827318"", ""ticker_sentiment_score"": ""-0.094726"", ""ticker_sentiment_label"": ""Neutral""}, {""ticker"": ""CRYPTO:SOL"", ""relevance_score"": ""0.154455"", ""ticker_sentiment_score"": ""-0.162122"", ""ticker_sentiment_label"": ""Somewhat-Bearish""}, {""ticker"": ""CRYPTO:BCH"", ""relevance_score"": ""0.303175"", ""ticker_sentiment_score"": ""0.085722"", ""ticker_sentiment_label"": ""Neutral""}, {""ticker"": ""CRYPTO:XRP"", ""relevance_score"": ""0.303175"", ""ticker_sentiment_score"": ""-0.266187"", ""ticker_sentiment_label"": ""Somewhat-Bearish""}, {""ticker"": ""CRYPTO:ETH"", ""relevance_score"": ""0.303175"", ""ticker_sentiment_score"": ""-0.042873"", ""ticker_sentiment_label"": ""Neutral""}, {""ticker"": ""CRYPTO:SHIB"", ""relevance_score"": ""0.303175"", ""ticker_sentiment_score"": ""-0.304592"", ""ticker_sentiment_label"": ""Somewhat-Bearish""}, {""ticker"": ""CRYPTO:DOGE"", ""relevance_score"": ""0.303175"", ""ticker_sentiment_score"": ""-0.304592"", ""ticker_sentiment_label"": ""Somewhat-Bearish""}, {""ticker"": ""CRYPTO:ADA"", ""relevance_score"": ""0.303175"", ""ticker_sentiment_score"": ""-0.266187"", ""ticker_sentiment_label"": ""Somewhat-Bearish""}]"
2025-03-10,"The order allows Treasury and Commerce to expand bitcoin holdings through budget-neutral strategies, excluding altcoins. Treasury Secretary Scott Bessent suggested altcoins may eventually be included, despite the order's clear focus on Bitcoin.",Benzinga,https://www.benzinga.com/markets/cryptocurrency/25/03/44221339/why-did-trumps-strategic-reserve-not-include-xrp,0.137278,https://www.benzinga.com/markets/cryptocurrency/25/03/44221339/why-did-trumps-strategic-reserve-not-include-xrp,Why Did Trump's Strategic Crypto Reserve Not Include XRP?,Murtuza Merchant,https://cdn.benzinga.com/files/images/story/2025/03/10/Trump-Bitcoin-Shutterstock.png?width=1200&height=800&fit=crop,www.benzinga.com,Blockchain,0.23384,Somewhat-Bullish,"[{""ticker"": ""CRYPTO:BTC"", ""relevance_score"": ""0.6584"", ""ticker_sentiment_score"": ""0.219643"", ""ticker_sentiment_label"": ""Somewhat-Bullish""}, {""ticker"": ""CRYPTO:ETH"", ""relevance_score"": ""0.137278"", ""ticker_sentiment_score"": ""0.234974"", ""ticker_sentiment_label"": ""Somewhat-Bullish""}, {""ticker"": ""CRYPTO:SOL"", ""relevance_score"": ""0.068896"", ""ticker_sentiment_score"": ""0.195001"", ""ticker_sentiment_label"": ""Somewhat-Bullish""}, {""ticker"": ""CRYPTO:ADA"", ""relevance_score"": ""0.137278"", ""ticker_sentiment_score"": ""0.234974"", ""ticker_sentiment_label"": ""Somewhat-Bullish""}, {""ticker"": ""CRYPTO:XRP"", ""relevance_score"": ""0.454945"", ""ticker_sentiment_score"": ""0.270052"", ""ticker_sentiment_label"": ""Somewhat-Bullish""}]"
2025-03-10,"Crypto prices and stocks alike are falling Monday, with Bitcoin diving as traders react to President Trump's recession comments and more.",Decrypt.co,https://decrypt.co/309326/bitcoin-dives-80k-solana-dogecoin-stocks-fall,0.27432,https://decrypt.co/309326/bitcoin-dives-80k-solana-dogecoin-stocks-fall,"Bitcoin Dives Under $80K as Solana, Dogecoin and Stocks Fall on Inflation Fears",Andrew Hayward,https://cdn.decrypt.co/resize/1024/height/512/wp-content/uploads/2023/04/bitcoin-down-gID_7.jpg,decrypt.co,"Economy - Monetary,Financial Markets,Technology,Blockchain",-0.234976,Somewhat-Bearish,"[{""ticker"": ""FOX"", ""relevance_score"": ""0.139265"", ""ticker_sentiment_score"": ""-0.236309"", ""ticker_sentiment_label"": ""Somewhat-Bearish""}, {""ticker"": ""CRYPTO:BTC"", ""relevance_score"": ""0.401331"", ""ticker_sentiment_score"": ""-0.448351"", ""ticker_sentiment_label"": ""Bearish""}, {""ticker"": ""CRYPTO:ETH"", ""relevance_score"": ""0.27432"", ""ticker_sentiment_score"": ""0.0"", ""ticker_sentiment_label"": ""Neutral""}, {""ticker"": ""CRYPTO:DOGE"", ""relevance_score"": ""0.27432"", ""ticker_sentiment_score"": ""0.0"", ""ticker_sentiment_label"": ""Neutral""}, {""ticker"": ""CRYPTO:ADA"", ""relevance_score"": ""0.27432"", ""ticker_sentiment_score"": ""0.0"", ""ticker_sentiment_label"": ""Neutral""}]"
2025-03-10,"Bitcoin ( BTC ) bulls tried to push the price above $85,000, but the bears held their ground. A minor positive is that larger investors seem to be accumulating at lower levels. Research firm Santiment said in a post on X that wallets with 10 BTC or more have bought roughly 5,000 Bitcoin since ...",Cointelegraph,https://cointelegraph.com/news/price-analysis-3-10-spx-dxy-btc-eth-xrp-bnb-sol-doge-ada-pi,0.098659,https://cointelegraph.com/news/price-analysis-3-10-spx-dxy-btc-eth-xrp-bnb-sol-doge-ada-pi,"Price analysis 3/10: SPX, DXY, BTC, ETH, XRP, BNB, SOL, DOGE, ADA, PI",Rakesh Upadhyay,https://s3.cointelegraph.com/uploads/2025-03/019580cb-3a23-78cf-b628-588ec30ca43f,cointelegraph.com,"Blockchain,Financial Markets,Economy - Macro",-0.115647,Neutral,"[{""ticker"": ""FOREX:USD"", ""relevance_score"": ""0.032961"", ""ticker_sentiment_score"": ""-0.133334"", ""ticker_sentiment_label"": ""Neutral""}, {""ticker"": ""CRYPTO:BTC"", ""relevance_score"": ""0.380012"", ""ticker_sentiment_score"": ""-0.029552"", ""ticker_sentiment_label"": ""Neutral""}, {""ticker"": ""CRYPTO:ETH"", ""relevance_score"": ""0.098659"", ""ticker_sentiment_score"": ""-0.04647"", ""ticker_sentiment_label"": ""Neutral""}, {""ticker"": ""CRYPTO:DOGE"", ""relevance_score"": ""0.098659"", ""ticker_sentiment_score"": ""-0.115436"", ""ticker_sentiment_label"": ""Neutral""}, {""ticker"": ""CRYPTO:ADA"", ""relevance_score"": ""0.098659"", ""ticker_sentiment_score"": ""-0.101722"", ""ticker_sentiment_label"": ""Neutral""}]"
2025-03-10,"The proposed fund will track the price of the native MOVE token of Movement, an Ethereum layer-2 scaling network.",Decrypt.co,https://decrypt.co/309370/rex-osprey-movement-etf-ethereum-mainnet,0.105141,https://decrypt.co/309370/rex-osprey-movement-etf-ethereum-mainnet,"Rex Shares, Osprey Seek Movement ETF Approval as Ethereum Layer-2 Mainnet Launches",James Rubin,https://cdn.decrypt.co/resize/1024/height/512/wp-content/uploads/2024/04/crypto-etf-gID_7.jpg,decrypt.co,"Finance,Blockchain,Financial Markets",0.200351,Somewhat-Bullish,"[{""ticker"": ""COIN"", ""relevance_score"": ""0.105141"", ""ticker_sentiment_score"": ""0.176401"", ""ticker_sentiment_label"": ""Somewhat-Bullish""}, {""ticker"": ""CRYPTO:BTC"", ""relevance_score"": ""0.208464"", ""ticker_sentiment_score"": ""0.078051"", ""ticker_sentiment_label"": ""Neutral""}, {""ticker"": ""CRYPTO:ETH"", ""relevance_score"": ""0.208464"", ""ticker_sentiment_score"": ""0.078051"", ""ticker_sentiment_label"": ""Neutral""}, {""ticker"": ""CRYPTO:DOGE"", ""relevance_score"": ""0.208464"", ""ticker_sentiment_score"": ""0.269836"", ""ticker_sentiment_label"": ""Somewhat-Bullish""}, {""ticker"": ""CRYPTO:LTC"", ""relevance_score"": ""0.105141"", ""ticker_sentiment_score"": ""0.026031"", ""ticker_sentiment_label"": ""Neutral""}, {""ticker"": ""CRYPTO:ADA"", ""relevance_score"": ""0.105141"", ""ticker_sentiment_score"": ""0.026031"", ""ticker_sentiment_label"": ""Neutral""}]"
2025-03-10,The establishment of a Strategic Bitcoin BTC/USD Reserve and a Digital Asset Stockpile in the U.S. represents a new paradigm in the evolution of cryptocurrencies and one that could influence monetary policy in countries around the world.,Benzinga,https://www.benzinga.com/markets/cryptocurrency/25/03/44214942/trump-excluded-binance-coin-and-litecoin-from-us-crypto-reserves-analysts-say-china-czs-pa,0.115787,https://www.benzinga.com/markets/cryptocurrency/25/03/44214942/trump-excluded-binance-coin-and-litecoin-from-us-crypto-reserves-analysts-say-china-czs-pa,"Trump Excluded Binance Coin And Litecoin From US Crypto Reserves, Analysts Say China, CZ's Past And Privacy Concerns Behind The Move - Grayscale Bitcoin Mini Trust  ( BTC )  Common units of fractional undivided beneficial interest  ( ARCA:BTC ) ",Aniket Verma,https://cdn.benzinga.com/files/images/story/2025/03/10/United-States-Of-America---March-3--2025.jpeg?width=1200&height=800&fit=crop,www.benzinga.com,"Economy - Monetary,Blockchain,Financial Markets",0.069716,Neutral,"[{""ticker"": ""CRYPTO:BTC"", ""relevance_score"": ""0.337811"", ""ticker_sentiment_score"": ""0.070161"", ""ticker_sentiment_label"": ""Neutral""}, {""ticker"": ""CRYPTO:ETH"", ""relevance_score"": ""0.172919"", ""ticker_sentiment_score"": ""0.035999"", ""ticker_sentiment_label"": ""Neutral""}, {""ticker"": ""CRYPTO:LTC"", ""relevance_score"": ""0.337811"", ""ticker_sentiment_score"": ""0.414881"", ""ticker_sentiment_label"": ""Bullish""}, {""ticker"": ""CRYPTO:KMD"", ""relevance_score"": ""0.058047"", ""ticker_sentiment_score"": ""-0.099978"", ""ticker_sentiment_label"": ""Neutral""}, {""ticker"": ""CRYPTO:ADA"", ""relevance_score"": ""0.115787"", ""ticker_sentiment_score"": ""0.056737"", ""ticker_sentiment_label"": ""Neutral""}, {""ticker"": ""CRYPTO:BNB"", ""relevance_score"": ""0.2842"", ""ticker_sentiment_score"": ""-0.099003"", ""ticker_sentiment_label"": ""Neutral""}]"
2025-03-11,"Opinion by: Tim Haldorsson, founder of Lunar StrategyWhen US President Donald Trump announced the US strategic crypto reserve on March 2, the immediate focus fell on the price surges of the included coins. Behind the market excitement lies a much bigger story that extends far beyond the named ...",Cointelegraph,https://cointelegraph.com/news/the-strategic-crypto-reserve,0.269115,https://cointelegraph.com/news/the-strategic-crypto-reserve,The strategic crypto reserve will fuel ecosystem growth,Tim Haldorsson,"https://images.cointelegraph.com/cdn-cgi/image/format=auto,onerror=redirect,quality=90,width=1200/https://s3.cointelegraph.com/uploads/2025-03/01958456-f46a-773e-b8ad-42bff3dbf32b",cointelegraph.com,"Blockchain,Financial Markets",0.401957,Bullish,"[{""ticker"": ""CRYPTO:BTC"", ""relevance_score"": ""0.060925"", ""ticker_sentiment_score"": ""0.0"", ""ticker_sentiment_label"": ""Neutral""}, {""ticker"": ""CRYPTO:ETH"", ""relevance_score"": ""0.297661"", ""ticker_sentiment_score"": ""0.398877"", ""ticker_sentiment_label"": ""Bullish""}, {""ticker"": ""CRYPTO:ADA"", ""relevance_score"": ""0.269115"", ""ticker_sentiment_score"": ""0.260059"", ""ticker_sentiment_label"": ""Somewhat-Bullish""}, {""ticker"": ""CRYPTO:XRP"", ""relevance_score"": ""0.091277"", ""ticker_sentiment_score"": ""0.0"", ""ticker_sentiment_label"": ""Neutral""}]"
2025-03-11,"TALLINN, Estonia, March 11, 2025 ( GLOBE NEWSWIRE ) -- The XRP community is buzzing as XRPTurbo ( $XRT ) , an innovative AI-driven launchpad, rapidly establishes itself as the go-to platform for groundbreaking blockchain projects within the Ripple ecosystem.",Benzinga,https://www.benzinga.com/pressreleases/25/03/g44242412/xrpturbo-on-a-mission-to-become-the-daomaker-of-the-ripple-xrp-blockchain-presale-gains-massive-tr,0.187221,https://www.benzinga.com/pressreleases/25/03/g44242412/xrpturbo-on-a-mission-to-become-the-daomaker-of-the-ripple-xrp-blockchain-presale-gains-massive-tr,XRPTurbo On A Mission To Become The DAOMaker Of The Ripple  ( $XRP )  Blockchain - Presale Gains Massive Traction,Globe Newswire,https://ml.globenewswire.com/Resource/Download/6ad3c259-df30-4d70-a2d4-cd07ade5840b/photo-2025-03-11-15-51-38.jpeg,www.benzinga.com,"Blockchain,Financial Markets",0.400202,Bullish,"[{""ticker"": ""CRYPTO:ADA"", ""relevance_score"": ""0.187221"", ""ticker_sentiment_score"": ""0.322051"", ""ticker_sentiment_label"": ""Somewhat-Bullish""}]"
2025-03-11,"In this podcast, Motley Fool analyst Asit Sharma and host Mary Long discuss:Then, Mary and Motley Fool host Ricky Mulvey debrief on their trip to a crypto conference in downtown Denver.To catch full episodes of all The Motley Fool's free podcasts, check out our podcast center.",Motley Fool,https://www.fool.com/investing/2025/03/11/checking-in-on-washington-dc-happenings/,0.007218,https://www.fool.com/investing/2025/03/11/checking-in-on-washington-dc-happenings/,"Checking In on Washington, D.C., Happenings","Motley Fool Staff,Asit Sharma,and Mary Long,Ricky Mulvey",https://g.foolcdn.com/editorial/images/810168/cryptos-new-backer.jpg,www.fool.com,"Financial Markets,Earnings,Technology,Blockchain",0.141486,Neutral,"[{""ticker"": ""V"", ""relevance_score"": ""0.014436"", ""ticker_sentiment_score"": ""0.083597"", ""ticker_sentiment_label"": ""Neutral""}, {""ticker"": ""ZM"", ""relevance_score"": ""0.007218"", ""ticker_sentiment_score"": ""0.040544"", ""ticker_sentiment_label"": ""Neutral""}, {""ticker"": ""FOREX:USD"", ""relevance_score"": ""0.007218"", ""ticker_sentiment_score"": ""0.075407"", ""ticker_sentiment_label"": ""Neutral""}, {""ticker"": ""CRYPTO:BTC"", ""relevance_score"": ""0.072087"", ""ticker_sentiment_score"": ""0.070742"", ""ticker_sentiment_label"": ""Neutral""}, {""ticker"": ""CRYPTO:ETH"", ""relevance_score"": ""0.014436"", ""ticker_sentiment_score"": ""0.047996"", ""ticker_sentiment_label"": ""Neutral""}, {""ticker"": ""CRYPTO:ADA"", ""relevance_score"": ""0.007218"", ""ticker_sentiment_score"": ""0.046884"", ""ticker_sentiment_label"": ""Neutral""}]"
2025-03-12,"Grayscale, Canary Capital, Bitwise and 21Shares have filed for ETFs in recent months tracking the price of the sixrh largest crypto by market value.",Decrypt.co,https://decrypt.co/309664/cboe-applies-for-rules-change-franklin-templeton-solana-etf,0.113597,https://decrypt.co/309664/cboe-applies-for-rules-change-franklin-templeton-solana-etf,CBOE Applies for Rules Change to List Franklin Templeton Solana ETF,Mat Di Salvo,https://cdn.decrypt.co/resize/1024/height/512/wp-content/uploads/2024/07/solana-sol-solanaprice-gID_7.jpg,decrypt.co,"Blockchain,Financial Markets",0.196478,Somewhat-Bullish,"[{""ticker"": ""CRYPTO:BTC"", ""relevance_score"": ""0.224903"", ""ticker_sentiment_score"": ""0.271455"", ""ticker_sentiment_label"": ""Somewhat-Bullish""}, {""ticker"": ""CRYPTO:ETH"", ""relevance_score"": ""0.224903"", ""ticker_sentiment_score"": ""0.271455"", ""ticker_sentiment_label"": ""Somewhat-Bullish""}, {""ticker"": ""CRYPTO:DOGE"", ""relevance_score"": ""0.113597"", ""ticker_sentiment_score"": ""0.0"", ""ticker_sentiment_label"": ""Neutral""}, {""ticker"": ""CRYPTO:LTC"", ""relevance_score"": ""0.113597"", ""ticker_sentiment_score"": ""0.0"", ""ticker_sentiment_label"": ""Neutral""}, {""ticker"": ""CRYPTO:ADA"", ""relevance_score"": ""0.113597"", ""ticker_sentiment_score"": ""0.0"", ""ticker_sentiment_label"": ""Neutral""}]"
2025-03-12,"Bitcoin ( BTC ) bounced from $76,606 on March 11, but the bulls could not sustain the price above $84,500 on March 12. Nansen principal research analyst Aurelie Barthere told Cointelegraph that Bitcoin is in a macro correction in a bull market, with the next crucial level being ""$71,000-$72,000, ...",Cointelegraph,https://cointelegraph.com/news/price-analysis-3-12-btc-eth-xrp-bnb-sol-ada-doge-pi-leo-hbar,0.101296,https://cointelegraph.com/news/price-analysis-3-12-btc-eth-xrp-bnb-sol-ada-doge-pi-leo-hbar,"Price analysis 3/12: BTC, ETH, XRP, BNB, SOL, ADA, DOGE, PI, LEO, HBAR",Rakesh Upadhyay,https://s3.cointelegraph.com/uploads/2025-03/01958afd-cd37-75af-954a-7b436b152da5,cointelegraph.com,"Blockchain,Financial Markets,Economy - Macro",-0.086801,Neutral,"[{""ticker"": ""FOREX:USD"", ""relevance_score"": ""0.101296"", ""ticker_sentiment_score"": ""-0.045718"", ""ticker_sentiment_label"": ""Neutral""}, {""ticker"": ""CRYPTO:BTC"", ""relevance_score"": ""0.265739"", ""ticker_sentiment_score"": ""0.17416"", ""ticker_sentiment_label"": ""Somewhat-Bullish""}, {""ticker"": ""CRYPTO:ETH"", ""relevance_score"": ""0.101296"", ""ticker_sentiment_score"": ""-0.164805"", ""ticker_sentiment_label"": ""Somewhat-Bearish""}, {""ticker"": ""CRYPTO:DOGE"", ""relevance_score"": ""0.101296"", ""ticker_sentiment_score"": ""-0.112401"", ""ticker_sentiment_label"": ""Neutral""}, {""ticker"": ""CRYPTO:ADA"", ""relevance_score"": ""0.101296"", ""ticker_sentiment_score"": ""-0.078398"", ""ticker_sentiment_label"": ""Neutral""}, {""ticker"": ""CRYPTO:LEO"", ""relevance_score"": ""0.101296"", ""ticker_sentiment_score"": ""-0.033999"", ""ticker_sentiment_label"": ""Neutral""}]"
2025-03-12,"Cardano's ( CRYPTO: ADA ) price fell by 33% during the past three months, and it's also been a laggard compared to its larger competitors in the cryptocurrency sector during the past three years, falling 9% while Bitcoin is up roughly 115%.So, is this dip a buying opportunity or a warning sign ...",Motley Fool,https://www.fool.com/investing/2025/03/12/down-16-in-3-months-is-cardano-still-a-buy-with-15/,0.560594,https://www.fool.com/investing/2025/03/12/down-16-in-3-months-is-cardano-still-a-buy-with-15/,"Down 33% in 3 Months, Is Cardano Still a Buy With $1,500?",Alex Carchidi,https://g.foolcdn.com/editorial/images/810267/investor-thinks-while-looking-out-a-window.jpg,www.fool.com,"Blockchain,Financial Markets",0.175169,Somewhat-Bullish,"[{""ticker"": ""CRYPTO:BTC"", ""relevance_score"": ""0.061631"", ""ticker_sentiment_score"": ""-0.111021"", ""ticker_sentiment_label"": ""Neutral""}, {""ticker"": ""CRYPTO:ETH"", ""relevance_score"": ""0.463792"", ""ticker_sentiment_score"": ""0.323562"", ""ticker_sentiment_label"": ""Somewhat-Bullish""}, {""ticker"": ""CRYPTO:ADA"", ""relevance_score"": ""0.560594"", ""ticker_sentiment_score"": ""0.212502"", ""ticker_sentiment_label"": ""Somewhat-Bullish""}]"
2025-03-12,"It's hard to imagine a larger catalyst for cryptocurrencies than the one on March 6, when the White House issued an executive order that the U.S. would be forming both a Strategic Bitcoin Reserve and a national Digital Asset Stockpile.",Motley Fool,https://www.fool.com/investing/2025/03/12/heres-why-cryptocurrencies-are-falling-despite-gre/,0.181137,https://www.fool.com/investing/2025/03/12/heres-why-cryptocurrencies-are-falling-despite-gre/,Here's Why Cryptocurrencies Are Falling Despite Great News,Alex Carchidi,https://g.foolcdn.com/editorial/images/810578/two-investors-work-at-a-table-with-a-laptop-and-a-phone.jpg,www.fool.com,Blockchain,0.121094,Neutral,"[{""ticker"": ""CRYPTO:BTC"", ""relevance_score"": ""0.458593"", ""ticker_sentiment_score"": ""0.189892"", ""ticker_sentiment_label"": ""Somewhat-Bullish""}, {""ticker"": ""CRYPTO:ETH"", ""relevance_score"": ""0.181137"", ""ticker_sentiment_score"": ""0.068811"", ""ticker_sentiment_label"": ""Neutral""}, {""ticker"": ""CRYPTO:SOL"", ""relevance_score"": ""0.060848"", ""ticker_sentiment_score"": ""0.0"", ""ticker_sentiment_label"": ""Neutral""}, {""ticker"": ""CRYPTO:ADA"", ""relevance_score"": ""0.181137"", ""ticker_sentiment_score"": ""0.068811"", ""ticker_sentiment_label"": ""Neutral""}, {""ticker"": ""CRYPTO:XRP"", ""relevance_score"": ""0.181137"", ""ticker_sentiment_score"": ""0.068811"", ""ticker_sentiment_label"": ""Neutral""}]"
2025-03-13,"Meg Lister warns Bitcoin, Ethereum, XRP bottoms may extend months ahead, tied to U.S. economic policy shifts. Experts expect crypto legislation effects on prices in 1-2 years, potentially impacting market stability by 2026-2027. Find out which stock just plummeted to the bottom of the new ...",Benzinga,https://www.benzinga.com/markets/cryptocurrency/25/03/44312723/bitcoin-tumbles-around-80000-experts-see-60000-floor-if-btc-eth-xrp-continue-downtrend,0.140076,https://www.benzinga.com/markets/cryptocurrency/25/03/44312723/bitcoin-tumbles-around-80000-experts-see-60000-floor-if-btc-eth-xrp-continue-downtrend,"Bitcoin Tumbles Around $80,000, Experts See $60,000 Floor If BTC, ETH, XRP Continue Downtrend",Murtuza Merchant,https://cdn.benzinga.com/files/images/story/2025/03/13/Dogecoin-Doge--Ethereum-Eth--Bitcoin-Btc.jpeg?width=1200&height=800&fit=crop,www.benzinga.com,"Blockchain,Financial Markets",0.057819,Neutral,"[{""ticker"": ""CRYPTO:BTC"", ""relevance_score"": ""0.340915"", ""ticker_sentiment_score"": ""-0.03406"", ""ticker_sentiment_label"": ""Neutral""}, {""ticker"": ""CRYPTO:ETH"", ""relevance_score"": ""0.208764"", ""ticker_sentiment_score"": ""0.049296"", ""ticker_sentiment_label"": ""Neutral""}, {""ticker"": ""CRYPTO:DOGE"", ""relevance_score"": ""0.140076"", ""ticker_sentiment_score"": ""0.099967"", ""ticker_sentiment_label"": ""Neutral""}, {""ticker"": ""CRYPTO:ADA"", ""relevance_score"": ""0.140076"", ""ticker_sentiment_score"": ""0.099967"", ""ticker_sentiment_label"": ""Neutral""}]"
2025-03-13,"Across the board, cryptocurrencies are down for the year. In fact, some large market cap cryptocurrencies are down as much as 45% for the year. Just because they're on sale, though, doesn't mean that you should buy them.Three beaten-down cryptos to avoid for now are Cardano ( CRYPTO: ADA ) , ...",Motley Fool,https://www.fool.com/investing/2025/03/13/3-beaten-down-cryptos-that-arent-worth-buying-on-t/,0.56217,https://www.fool.com/investing/2025/03/13/3-beaten-down-cryptos-that-arent-worth-buying-on-t/,3 Beaten-Down Cryptos That Aren't Worth Buying on the Dip,Dominic Basulto,https://g.foolcdn.com/image/?url=https%3A%2F%2Fg.foolcdn.com%2Feditorial%2Fimages%2F811055%2Fdistressed-investor-with-laptop.jpg&op=resize&w=700,www.fool.com,"Blockchain,Financial Markets",0.050495,Neutral,"[{""ticker"": ""CRYPTO:BTC"", ""relevance_score"": ""0.153797"", ""ticker_sentiment_score"": ""0.241003"", ""ticker_sentiment_label"": ""Somewhat-Bullish""}, {""ticker"": ""CRYPTO:DOGE"", ""relevance_score"": ""0.56217"", ""ticker_sentiment_score"": ""-0.109871"", ""ticker_sentiment_label"": ""Neutral""}, {""ticker"": ""CRYPTO:LTC"", ""relevance_score"": ""0.634626"", ""ticker_sentiment_score"": ""0.04061"", ""ticker_sentiment_label"": ""Neutral""}, {""ticker"": ""CRYPTO:ADA"", ""relevance_score"": ""0.56217"", ""ticker_sentiment_score"": ""-0.017355"", ""ticker_sentiment_label"": ""Neutral""}]"
2025-03-13,"Trump's executive order creating a U.S. crypto reserve with Bitcoin is seen as a global signal. Despite market dips due to tariff concerns, Teng sees long-term growth with Sacks as White House crypto and AI czar. Find out which stock just claimed the top spot in the new Benzinga Rankings.",Benzinga,https://www.benzinga.com/markets/cryptocurrency/25/03/44300120/binance-ceo-richard-teng-hails-donald-trumps-bitcoin-reserve-xrp-ethereum-solana-digital-a,0.129866,https://www.benzinga.com/markets/cryptocurrency/25/03/44300120/binance-ceo-richard-teng-hails-donald-trumps-bitcoin-reserve-xrp-ethereum-solana-digital-a,"Binance CEO Richard Teng Hails Donald Trump's Bitcoin Reserve, XRP, Ethereum, Solana Digital Asset Stockpile",Murtuza Merchant,https://cdn.benzinga.com/files/images/story/2025/03/13/Binance-Photo-by-Iryna-Budanova-on-Shutt.jpeg?width=1200&height=800&fit=crop,www.benzinga.com,"Blockchain,Financial Markets",0.249634,Somewhat-Bullish,"[{""ticker"": ""CRYPTO:BTC"", ""relevance_score"": ""0.317254"", ""ticker_sentiment_score"": ""0.149008"", ""ticker_sentiment_label"": ""Neutral""}, {""ticker"": ""CRYPTO:ETH"", ""relevance_score"": ""0.129866"", ""ticker_sentiment_score"": ""0.212015"", ""ticker_sentiment_label"": ""Somewhat-Bullish""}, {""ticker"": ""CRYPTO:SOL"", ""relevance_score"": ""0.06515"", ""ticker_sentiment_score"": ""0.180383"", ""ticker_sentiment_label"": ""Somewhat-Bullish""}, {""ticker"": ""CRYPTO:ADA"", ""relevance_score"": ""0.129866"", ""ticker_sentiment_score"": ""0.212015"", ""ticker_sentiment_label"": ""Somewhat-Bullish""}, {""ticker"": ""CRYPTO:XRP"", ""relevance_score"": ""0.129866"", ""ticker_sentiment_score"": ""0.212015"", ""ticker_sentiment_label"": ""Somewhat-Bullish""}]"
2025-03-14,"A Democrat lawmaker has called on the US Treasury to ""cease all attempts"" to create a strategic crypto reserve in the United States, citing conflicts of interest with US President Donald Trump and arguing that a stockpile would not benefit the American people.House Representative Gerald E.",Cointelegraph,https://cointelegraph.com/news/democrat-asks-scott-bessent-cease-trumps-bitcoin-reserve,0.16171,https://cointelegraph.com/news/democrat-asks-scott-bessent-cease-trumps-bitcoin-reserve,Democrat lawmaker urges Treasury to cease Trump's Bitcoin reserve plans,Brayden Lindrea,https://s3.cointelegraph.com/uploads/2025-03/01959285-21a7-7786-8ab3-40fd804544ef,cointelegraph.com,"Economy - Monetary,Economy - Fiscal,Financial Markets,Blockchain",0.102256,Neutral,"[{""ticker"": ""CRYPTO:BTC"", ""relevance_score"": ""0.524949"", ""ticker_sentiment_score"": ""0.029982"", ""ticker_sentiment_label"": ""Neutral""}, {""ticker"": ""CRYPTO:ETH"", ""relevance_score"": ""0.16171"", ""ticker_sentiment_score"": ""-0.065337"", ""ticker_sentiment_label"": ""Neutral""}, {""ticker"": ""CRYPTO:ADA"", ""relevance_score"": ""0.16171"", ""ticker_sentiment_score"": ""-0.065337"", ""ticker_sentiment_label"": ""Neutral""}, {""ticker"": ""CRYPTO:XRP"", ""relevance_score"": ""0.16171"", ""ticker_sentiment_score"": ""-0.065337"", ""ticker_sentiment_label"": ""Neutral""}]"
2025-03-14,"Bitcoin ( BTC ) has risen back above the 200-day simple moving average ( $83,754 ) , indicating that the bulls are attempting a comeback. The failure of the bears to capitalize on the drop below the 200-day SMA shows that selling dries up at lower levels.However, Bitcoin may not be out of the ...",Cointelegraph,https://cointelegraph.com/news/price-analysis-3-14-btc-eth-xrp-bnb-sol-ada-doge-pi-leo-link,0.097721,https://cointelegraph.com/news/price-analysis-3-14-btc-eth-xrp-bnb-sol-ada-doge-pi-leo-link,"Price analysis 3/14: BTC, ETH, XRP, BNB, SOL, ADA, DOGE, PI, LEO, LINK",Rakesh Upadhyay,https://s3.cointelegraph.com/uploads/2025-03/0195955a-501f-7189-a8bc-1bf9b70ca8be,cointelegraph.com,"Blockchain,Financial Markets",-0.086319,Neutral,"[{""ticker"": ""CRYPTO:BTC"", ""relevance_score"": ""0.287387"", ""ticker_sentiment_score"": ""-0.088686"", ""ticker_sentiment_label"": ""Neutral""}, {""ticker"": ""CRYPTO:ETH"", ""relevance_score"": ""0.097721"", ""ticker_sentiment_score"": ""-0.017541"", ""ticker_sentiment_label"": ""Neutral""}, {""ticker"": ""CRYPTO:DOGE"", ""relevance_score"": ""0.097721"", ""ticker_sentiment_score"": ""-0.003274"", ""ticker_sentiment_label"": ""Neutral""}, {""ticker"": ""CRYPTO:LINK"", ""relevance_score"": ""0.097721"", ""ticker_sentiment_score"": ""-0.022913"", ""ticker_sentiment_label"": ""Neutral""}, {""ticker"": ""CRYPTO:ADA"", ""relevance_score"": ""0.097721"", ""ticker_sentiment_score"": ""0.008842"", ""ticker_sentiment_label"": ""Neutral""}, {""ticker"": ""CRYPTO:LEO"", ""relevance_score"": ""0.097721"", ""ticker_sentiment_score"": ""-0.035066"", ""ticker_sentiment_label"": ""Neutral""}]"
2025-03-14,"XRP's fully diluted valuation ( FDV ) has surpassed Ether ( ETH ) , according to March 14 data from CoinGecko. The FDV flip signifies a reversal of fortune for both layer-1 ( L1 ) blockchain networks behind the tokens, as XRP Ledger's decentralized finance ( DeFi ) ecosystem gains traction and ...",Cointelegraph,https://cointelegraph.com/news/xrp-flips-ether-fdv-change-market-dynamics,0.205807,https://cointelegraph.com/news/xrp-flips-ether-fdv-change-market-dynamics,XRP flips Ether's FDV amid change in market dynamics,Alex O’Donnell,https://s3.cointelegraph.com/uploads/2025-03/019595f3-c522-7bac-a216-cbe414572c9d,cointelegraph.com,"Finance,Blockchain,Financial Markets",0.15392,Somewhat-Bullish,"[{""ticker"": ""COIN"", ""relevance_score"": ""0.103778"", ""ticker_sentiment_score"": ""0.0"", ""ticker_sentiment_label"": ""Neutral""}, {""ticker"": ""CRYPTO:ETH"", ""relevance_score"": ""0.398148"", ""ticker_sentiment_score"": ""0.154905"", ""ticker_sentiment_label"": ""Somewhat-Bullish""}, {""ticker"": ""CRYPTO:UNI"", ""relevance_score"": ""0.103778"", ""ticker_sentiment_score"": ""0.0"", ""ticker_sentiment_label"": ""Neutral""}, {""ticker"": ""CRYPTO:ADA"", ""relevance_score"": ""0.205807"", ""ticker_sentiment_score"": ""0.293394"", ""ticker_sentiment_label"": ""Somewhat-Bullish""}]"
2025-03-14,"Cryptocurrencies have had an incredible run since the U.S. election in November, but that's come crashing to a halt in just the last few weeks. Economic uncertainty and a disappointing crypto strategic reserve announcement has led investors to ""sell the news"" in crypto, and that sell-off ...",Motley Fool,https://www.fool.com/investing/2025/03/14/polkadot-cardano-and-chainlink-collapse/,0.309864,https://www.fool.com/investing/2025/03/14/polkadot-cardano-and-chainlink-collapse/,"Why Polkadot, Cardano, and Chainlink Collapsed This Week",Travis Hoium,https://g.foolcdn.com/editorial/images/811188/cryptocurrency-tracking-on-phone.jpg,www.fool.com,"Blockchain,Financial Markets",0.017034,Neutral,"[{""ticker"": ""SPGI"", ""relevance_score"": ""0.079392"", ""ticker_sentiment_score"": ""0.046225"", ""ticker_sentiment_label"": ""Neutral""}, {""ticker"": ""CRYPTO:DOT"", ""relevance_score"": ""0.079392"", ""ticker_sentiment_score"": ""0.046225"", ""ticker_sentiment_label"": ""Neutral""}, {""ticker"": ""CRYPTO:LINK"", ""relevance_score"": ""0.235062"", ""ticker_sentiment_score"": ""0.146402"", ""ticker_sentiment_label"": ""Neutral""}, {""ticker"": ""CRYPTO:ADA"", ""relevance_score"": ""0.309864"", ""ticker_sentiment_score"": ""0.170425"", ""ticker_sentiment_label"": ""Somewhat-Bullish""}]"
2025-03-15,"On the surface, the newly announced Strategic Bitcoin Reserve sounds like the perfect catalyst for sending Bitcoin ( CRYPTO: BTC ) higher for years to come. Now that it has the support of the U.S. government, shouldn't the world's most popular cryptocurrency soar in value?Unfortunately, it's more ...",Motley Fool,https://www.fool.com/investing/2025/03/15/is-the-crypto-strategic-reserve-a-millionaire-make/,0.102013,https://www.fool.com/investing/2025/03/15/is-the-crypto-strategic-reserve-a-millionaire-make/,Is the Strategic Bitcoin Reserve Really Going to Send Bitcoin Skyrocketing in Value?  ( The Answer Might Surprise You ) ,Dominic Basulto,https://g.foolcdn.com/image/?url=https%3A%2F%2Fg.foolcdn.com%2Feditorial%2Fimages%2F809855%2Finvestor-on-top-of-pile-of-money.jpg&op=resize&w=700,www.fool.com,"Economy - Monetary,Finance,Blockchain",0.135237,Neutral,"[{""ticker"": ""COIN"", ""relevance_score"": ""0.051111"", ""ticker_sentiment_score"": ""0.027979"", ""ticker_sentiment_label"": ""Neutral""}, {""ticker"": ""CRYPTO:BTC"", ""relevance_score"": ""0.936969"", ""ticker_sentiment_score"": ""0.277698"", ""ticker_sentiment_label"": ""Somewhat-Bullish""}, {""ticker"": ""CRYPTO:ETH"", ""relevance_score"": ""0.102013"", ""ticker_sentiment_score"": ""0.079735"", ""ticker_sentiment_label"": ""Neutral""}, {""ticker"": ""CRYPTO:ADA"", ""relevance_score"": ""0.102013"", ""ticker_sentiment_score"": ""0.079735"", ""ticker_sentiment_label"": ""Neutral""}, {""ticker"": ""CRYPTO:XRP"", ""relevance_score"": ""0.152499"", ""ticker_sentiment_score"": ""0.096754"", ""ticker_sentiment_label"": ""Neutral""}]"
2025-03-16,"There's a risk of making a serious mistake with Cardano ( CRYPTO: ADA ) right now, and by the looks of it, many investors have already fallen victim. The risk won't resolve itself for at least a little while, though establishing an exact timeline isn't possible at the moment.What's this pitfall, ...",Motley Fool,https://www.fool.com/investing/2025/03/16/1-serious-mistake-to-avoid-with-cardano-right-now/,0.423504,https://www.fool.com/investing/2025/03/16/1-serious-mistake-to-avoid-with-cardano-right-now/,1 Serious Mistake to Avoid With Cardano Right Now,Alex Carchidi,https://g.foolcdn.com/editorial/images/811131/downbeat-investor-looks-at-screen.jpg,www.fool.com,Blockchain,0.004827,Neutral,"[{""ticker"": ""CRYPTO:BTC"", ""relevance_score"": ""0.126784"", ""ticker_sentiment_score"": ""0.019909"", ""ticker_sentiment_label"": ""Neutral""}, {""ticker"": ""CRYPTO:ETH"", ""relevance_score"": ""0.126784"", ""ticker_sentiment_score"": ""0.005901"", ""ticker_sentiment_label"": ""Neutral""}, {""ticker"": ""CRYPTO:ADA"", ""relevance_score"": ""0.423504"", ""ticker_sentiment_score"": ""-0.081368"", ""ticker_sentiment_label"": ""Neutral""}, {""ticker"": ""CRYPTO:XRP"", ""relevance_score"": ""0.126784"", ""ticker_sentiment_score"": ""-0.088054"", ""ticker_sentiment_label"": ""Neutral""}]"
2025-03-17,"Bitcoin ( BTC ) has largely stayed above $80,000 since March 11, indicating that the bulls are not waiting for a deeper correction to buy. However, the failure to propel the price above $86,000 shows that the bears have not given up and continue to sell on rallies.CoinShares' weekly report shows ...",Cointelegraph,https://cointelegraph.com/news/price-analysis-3-17-spx-dxy-btc-eth-xrp-bnb-sol-doge-ada-pi,0.101439,https://cointelegraph.com/news/price-analysis-3-17-spx-dxy-btc-eth-xrp-bnb-sol-doge-ada-pi,"Price analysis 3/17: SPX, DXY, BTC, ETH, XRP, BNB, SOL, DOGE, ADA, PI",Rakesh Upadhyay,https://s3.cointelegraph.com/uploads/2025-03/0195a4e7-398e-7819-9749-78bbceae99e9,cointelegraph.com,"Blockchain,Financial Markets,Economy - Macro",-0.04588,Neutral,"[{""ticker"": ""FOREX:USD"", ""relevance_score"": ""0.033894"", ""ticker_sentiment_score"": ""-0.091791"", ""ticker_sentiment_label"": ""Neutral""}, {""ticker"": ""CRYPTO:BTC"", ""relevance_score"": ""0.201244"", ""ticker_sentiment_score"": ""-0.001635"", ""ticker_sentiment_label"": ""Neutral""}, {""ticker"": ""CRYPTO:ETH"", ""relevance_score"": ""0.168255"", ""ticker_sentiment_score"": ""0.129013"", ""ticker_sentiment_label"": ""Neutral""}, {""ticker"": ""CRYPTO:DOGE"", ""relevance_score"": ""0.101439"", ""ticker_sentiment_score"": ""-0.088898"", ""ticker_sentiment_label"": ""Neutral""}, {""ticker"": ""CRYPTO:ADA"", ""relevance_score"": ""0.101439"", ""ticker_sentiment_score"": ""-0.082014"", ""ticker_sentiment_label"": ""Neutral""}]"
2025-03-17,"Asset manager Hashdex has amended its S-1 regulatory filing for its cryptocurrency index exchange-traded fund ( ETF ) to include seven altcoins in addition to Bitcoin ( BTC ) and Ether ( ETH ) , according to a March 14 filing. The revision proposes adding seven specific altcoins to the index ETF ...",Cointelegraph,https://cointelegraph.com/news/hashdex-amends-s1-crypto-index-etf-seven-altcoins,0.152983,https://cointelegraph.com/news/hashdex-amends-s1-crypto-index-etf-seven-altcoins,"Hashdex amends S-1 for crypto index ETF, adds seven altcoins",Alex O’Donnell,https://s3.cointelegraph.com/uploads/2025-03/0195a59f-9fbb-7b26-b9e7-f122a2424947,cointelegraph.com,"Blockchain,Financial Markets",0.111851,Neutral,"[{""ticker"": ""CRYPTO:BTC"", ""relevance_score"": ""0.500477"", ""ticker_sentiment_score"": ""0.167601"", ""ticker_sentiment_label"": ""Somewhat-Bullish""}, {""ticker"": ""CRYPTO:ETH"", ""relevance_score"": ""0.500477"", ""ticker_sentiment_score"": ""0.167601"", ""ticker_sentiment_label"": ""Somewhat-Bullish""}, {""ticker"": ""CRYPTO:LINK"", ""relevance_score"": ""0.152983"", ""ticker_sentiment_score"": ""-0.064009"", ""ticker_sentiment_label"": ""Neutral""}, {""ticker"": ""CRYPTO:UNI"", ""relevance_score"": ""0.152983"", ""ticker_sentiment_score"": ""-0.064009"", ""ticker_sentiment_label"": ""Neutral""}, {""ticker"": ""CRYPTO:LTC"", ""relevance_score"": ""0.152983"", ""ticker_sentiment_score"": ""-0.064009"", ""ticker_sentiment_label"": ""Neutral""}, {""ticker"": ""CRYPTO:ADA"", ""relevance_score"": ""0.152983"", ""ticker_sentiment_score"": ""-0.064009"", ""ticker_sentiment_label"": ""Neutral""}]"
2025-03-17,"The submission comes three months after Hashdex's fund, which currently focuses on Bitcoin and Ethereum, first received SEC approval.",Decrypt.co,https://decrypt.co/310193/hashdex-solana-xrp-cardano-etf-bitcoin,0.146916,https://decrypt.co/310193/hashdex-solana-xrp-cardano-etf-bitcoin,"Hashdex Seeks to Add Solana, XRP and Cardano to Index ETF Holding Bitcoin and Ethereum",James Rubin,https://cdn.decrypt.co/resize/1024/height/512/wp-content/uploads/2023/08/Hashdex-16x9-1-gID_7.jpg,decrypt.co,"Blockchain,Financial Markets",0.160431,Somewhat-Bullish,"[{""ticker"": ""CRYPTO:BTC"", ""relevance_score"": ""0.541149"", ""ticker_sentiment_score"": ""0.142548"", ""ticker_sentiment_label"": ""Neutral""}, {""ticker"": ""CRYPTO:UNI"", ""relevance_score"": ""0.146916"", ""ticker_sentiment_score"": ""-0.103954"", ""ticker_sentiment_label"": ""Neutral""}, {""ticker"": ""CRYPTO:ETH"", ""relevance_score"": ""0.288893"", ""ticker_sentiment_score"": ""0.027613"", ""ticker_sentiment_label"": ""Neutral""}, {""ticker"": ""CRYPTO:DOGE"", ""relevance_score"": ""0.146916"", ""ticker_sentiment_score"": ""0.051192"", ""ticker_sentiment_label"": ""Neutral""}, {""ticker"": ""CRYPTO:LINK"", ""relevance_score"": ""0.146916"", ""ticker_sentiment_score"": ""-0.103954"", ""ticker_sentiment_label"": ""Neutral""}, {""ticker"": ""CRYPTO:LTC"", ""relevance_score"": ""0.146916"", ""ticker_sentiment_score"": ""-0.103954"", ""ticker_sentiment_label"": ""Neutral""}, {""ticker"": ""CRYPTO:ADA"", ""relevance_score"": ""0.146916"", ""ticker_sentiment_score"": ""0.192186"", ""ticker_sentiment_label"": ""Somewhat-Bullish""}]"
2025-03-17,Layer-1 blockchain Solana is celebrating its fifth year since its mainnet launch in 2020 - becoming one of the biggest chains by transaction activity and one of few select cryptocurrencies included in a proposed US digital asset stockpile.,Cointelegraph,https://cointelegraph.com/news/solana-five-year-birthday-anniversary-key-events-achievements,0.077468,https://cointelegraph.com/news/solana-five-year-birthday-anniversary-key-events-achievements,Solana's 5th birthday: From pandemic origins to US crypto stockpile,Brayden Lindrea,https://s3.cointelegraph.com/uploads/2025-03/0195a279-532a-72af-a7c0-78a29926c4ed,cointelegraph.com,"Economy - Monetary,Technology,Blockchain",0.01449,Neutral,"[{""ticker"": ""GOOG"", ""relevance_score"": ""0.077468"", ""ticker_sentiment_score"": ""-0.045165"", ""ticker_sentiment_label"": ""Neutral""}, {""ticker"": ""CRYPTO:BTC"", ""relevance_score"": ""0.077468"", ""ticker_sentiment_score"": ""0.087079"", ""ticker_sentiment_label"": ""Neutral""}, {""ticker"": ""CRYPTO:ETH"", ""relevance_score"": ""0.266412"", ""ticker_sentiment_score"": ""0.034205"", ""ticker_sentiment_label"": ""Neutral""}, {""ticker"": ""CRYPTO:ADA"", ""relevance_score"": ""0.077468"", ""ticker_sentiment_score"": ""0.057666"", ""ticker_sentiment_label"": ""Neutral""}, {""ticker"": ""CRYPTO:XRP"", ""relevance_score"": ""0.077468"", ""ticker_sentiment_score"": ""0.057666"", ""ticker_sentiment_label"": ""Neutral""}]"
2025-03-18,"SINGAPORE, March 18, 2025 ( GLOBE NEWSWIRE ) -- Following President Donald Trump's announcement to include Bitcoin ( BTC ) , Ethereum ( ETH ) , Ripple ( XRP ) , Solana ( SOL ) , and Cardano ( ADA ) in the newly established U.S. Strategic Crypto Reserve, the cryptocurrency market has experienced ...",Benzinga,https://www.benzinga.com/pressreleases/25/03/g44377552/bexback-launches-double-deposit-bonus-50-welcome-bonus-and-100x-leverage-crypto-trading-no-kyc,0.165788,https://www.benzinga.com/pressreleases/25/03/g44377552/bexback-launches-double-deposit-bonus-50-welcome-bonus-and-100x-leverage-crypto-trading-no-kyc,"BexBack Launches Double Deposit Bonus, $50 Welcome Bonus and 100x Leverage Crypto Trading - No KYC",Globe Newswire,https://ml.globenewswire.com/Resource/Download/eb840044-85aa-4014-b510-de15fbc4f516/bexback.jpeg,www.benzinga.com,"Blockchain,Financial Markets",0.465585,Bullish,"[{""ticker"": ""AWON"", ""relevance_score"": ""0.055621"", ""ticker_sentiment_score"": ""0.110874"", ""ticker_sentiment_label"": ""Neutral""}, {""ticker"": ""CRYPTO:BTC"", ""relevance_score"": ""0.635581"", ""ticker_sentiment_score"": ""0.478935"", ""ticker_sentiment_label"": ""Bullish""}, {""ticker"": ""CRYPTO:ETH"", ""relevance_score"": ""0.219809"", ""ticker_sentiment_score"": ""0.200538"", ""ticker_sentiment_label"": ""Somewhat-Bullish""}, {""ticker"": ""CRYPTO:ADA"", ""relevance_score"": ""0.165788"", ""ticker_sentiment_score"": ""0.163344"", ""ticker_sentiment_label"": ""Somewhat-Bullish""}, {""ticker"": ""CRYPTO:XRP"", ""relevance_score"": ""0.110973"", ""ticker_sentiment_score"": ""0.131972"", ""ticker_sentiment_label"": ""Neutral""}]"
2025-03-18,"On March 2, President Donald Trump mentioned Cardano's ADA ( ADA ) token among the cryptocurrencies to be included in the US strategic crypto reserve. Trump's March 6 executive order clarified that altcoins would be part of the Digital Asset Stockpile ( DAS ) under the ""responsible stewardship"" ...",Cointelegraph,https://cointelegraph.com/news/cardano-s-ada-lands-spot-in-us-digital-asset-stockpile-will-it-generate-value,0.755783,https://cointelegraph.com/news/cardano-s-ada-lands-spot-in-us-digital-asset-stockpile-will-it-generate-value,Cardano's ADA lands spot in US Digital Asset Stockpile - Will it generate value?,Marie Poteriaieva,https://s3.cointelegraph.com/uploads/2025-03/0195a392-656f-7f37-b65c-541506a24144,cointelegraph.com,"Economy - Monetary,Blockchain,Financial Markets",0.067418,Neutral,"[{""ticker"": ""CRYPTO:BTC"", ""relevance_score"": ""0.088309"", ""ticker_sentiment_score"": ""0.0"", ""ticker_sentiment_label"": ""Neutral""}, {""ticker"": ""CRYPTO:ETH"", ""relevance_score"": ""0.088309"", ""ticker_sentiment_score"": ""-0.033991"", ""ticker_sentiment_label"": ""Neutral""}, {""ticker"": ""CRYPTO:ADA"", ""relevance_score"": ""0.755783"", ""ticker_sentiment_score"": ""0.023849"", ""ticker_sentiment_label"": ""Neutral""}]"
2025-03-19,"Cardano's ( ADA ) price has managed a steady 13.5% in March after experiencing a 32% dip in February. The altcoin is still down 15% in Q1, but technical data is beginning to point to the continuation of the recent positive price action.Cardano 1-day chart.",Cointelegraph,https://cointelegraph.com/news/cardano-ada-on-verge-of-20-breakout-as-social-sentiment-indicator-hits-4-month-high,0.722311,https://cointelegraph.com/news/cardano-ada-on-verge-of-20-breakout-as-social-sentiment-indicator-hits-4-month-high,Cardano  ( ADA )  on verge of 20% breakout as social sentiment indicator hits 4 month high,Biraajmaan Tamuly,https://s3.cointelegraph.com/uploads/2025-03/0195ae9a-fbb5-72ea-87e8-4d22a7ed0987,cointelegraph.com,"Blockchain,Financial Markets",0.269298,Somewhat-Bullish,"[{""ticker"": ""CRYPTO:BTC"", ""relevance_score"": ""0.078611"", ""ticker_sentiment_score"": ""0.0"", ""ticker_sentiment_label"": ""Neutral""}, {""ticker"": ""CRYPTO:ADA"", ""relevance_score"": ""0.722311"", ""ticker_sentiment_score"": ""0.445716"", ""ticker_sentiment_label"": ""Bullish""}]"
2025-03-19,"Bitcoin ( BTC ) has been clinging to the 200-day simple moving average ( $84,359 ) , which suggests that the bulls have kept up the pressure. That improves the prospects of an upside breakout, signaling the corrective phase may be ending.",Cointelegraph,https://cointelegraph.com/news/price-analysis-3-19-btc-eth-xrp-bnb-sol-ada-doge-link-leo-ton,0.105914,https://cointelegraph.com/news/price-analysis-3-19-btc-eth-xrp-bnb-sol-ada-doge-link-leo-ton,"Price analysis 3/19: BTC, ETH, XRP, BNB, SOL, ADA, DOGE, LINK, LEO, TON",Rakesh Upadhyay,https://s3.cointelegraph.com/uploads/2025-03/0195af1a-118a-7085-af45-53d02ee4262a,cointelegraph.com,"Blockchain,Financial Markets",-0.06239,Neutral,"[{""ticker"": ""CRYPTO:BTC"", ""relevance_score"": ""0.374568"", ""ticker_sentiment_score"": ""-0.071259"", ""ticker_sentiment_label"": ""Neutral""}, {""ticker"": ""CRYPTO:ETH"", ""relevance_score"": ""0.105914"", ""ticker_sentiment_score"": ""0.029468"", ""ticker_sentiment_label"": ""Neutral""}, {""ticker"": ""CRYPTO:DOGE"", ""relevance_score"": ""0.105914"", ""ticker_sentiment_score"": ""0.054893"", ""ticker_sentiment_label"": ""Neutral""}, {""ticker"": ""CRYPTO:LINK"", ""relevance_score"": ""0.105914"", ""ticker_sentiment_score"": ""-0.043644"", ""ticker_sentiment_label"": ""Neutral""}, {""ticker"": ""CRYPTO:ADA"", ""relevance_score"": ""0.105914"", ""ticker_sentiment_score"": ""-0.089654"", ""ticker_sentiment_label"": ""Neutral""}, {""ticker"": ""CRYPTO:LEO"", ""relevance_score"": ""0.105914"", ""ticker_sentiment_score"": ""0.063636"", ""ticker_sentiment_label"": ""Neutral""}]"
2025-03-19,"SINGAPORE, March 19, 2025 ( GLOBE NEWSWIRE ) -- Following President Donald Trump's announcement to include Bitcoin ( BTC ) , Ethereum ( ETH ) , Ripple ( XRP ) , Solana ( SOL ) , and Cardano ( ADA ) in the U.S. Strategic Crypto Reserve, the crypto market has experienced significant volatility.",Benzinga,https://www.benzinga.com/pressreleases/25/03/g44398180/bexback-launches-no-kyc-100x-leverage-crypto-futures-trading-double-deposit-bonus-50-welcome-bonus,0.229872,https://www.benzinga.com/pressreleases/25/03/g44398180/bexback-launches-no-kyc-100x-leverage-crypto-futures-trading-double-deposit-bonus-50-welcome-bonus,"BexBack Launches No KYC, 100x Leverage Crypto Futures Trading, Double Deposit Bonus & $50 Welcome Bonus",Globe Newswire,https://ml.globenewswire.com/Resource/Download/442bde6f-8dca-47cd-8b20-1f71c039ad58/bexback.jpeg,www.benzinga.com,"Blockchain,Financial Markets",0.426255,Bullish,"[{""ticker"": ""AWON"", ""relevance_score"": ""0.077593"", ""ticker_sentiment_score"": ""0.291283"", ""ticker_sentiment_label"": ""Somewhat-Bullish""}, {""ticker"": ""CRYPTO:BTC"", ""relevance_score"": ""0.619309"", ""ticker_sentiment_score"": ""0.458765"", ""ticker_sentiment_label"": ""Bullish""}, {""ticker"": ""CRYPTO:ETH"", ""relevance_score"": ""0.229872"", ""ticker_sentiment_score"": ""0.16602"", ""ticker_sentiment_label"": ""Somewhat-Bullish""}, {""ticker"": ""CRYPTO:ADA"", ""relevance_score"": ""0.229872"", ""ticker_sentiment_score"": ""0.16602"", ""ticker_sentiment_label"": ""Somewhat-Bullish""}, {""ticker"": ""CRYPTO:XRP"", ""relevance_score"": ""0.154455"", ""ticker_sentiment_score"": ""0.124467"", ""ticker_sentiment_label"": ""Neutral""}]"
2025-03-19,"Helsinki, March 19th, 2025 - Virtune, a Swedish regulated digital asset manager and issuer of crypto exchange-traded products, today announced the listing of Virtune Chainlink ETP on Nasdaq Helsinki.",GlobeNewswire,https://www.globenewswire.com/news-release/2025/03/19/3045147/0/en/Virtune-AB-Publ-launches-Virtune-Chainlink-ETP-on-Nasdaq-Helsinki.html,0.090474,https://www.globenewswire.com/news-release/2025/03/19/3045147/0/en/Virtune-AB-Publ-launches-Virtune-Chainlink-ETP-on-Nasdaq-Helsinki.html,Virtune AB  ( Publ )  launches Virtune Chainlink ETP on Nasdaq Helsinki,Virtune AB (Publ),https://ml-eu.globenewswire.com/Resource/Download/da0bec69-79eb-4618-87fd-d96aa395aaed,www.globenewswire.com,"Blockchain,Financial Markets",0.229391,Somewhat-Bullish,"[{""ticker"": ""CRYPTO:BTC"", ""relevance_score"": ""0.090474"", ""ticker_sentiment_score"": ""0.019929"", ""ticker_sentiment_label"": ""Neutral""}, {""ticker"": ""CRYPTO:ETH"", ""relevance_score"": ""0.090474"", ""ticker_sentiment_score"": ""0.019929"", ""ticker_sentiment_label"": ""Neutral""}, {""ticker"": ""CRYPTO:LINK"", ""relevance_score"": ""0.573651"", ""ticker_sentiment_score"": ""0.334157"", ""ticker_sentiment_label"": ""Somewhat-Bullish""}, {""ticker"": ""CRYPTO:ADA"", ""relevance_score"": ""0.090474"", ""ticker_sentiment_score"": ""0.019929"", ""ticker_sentiment_label"": ""Neutral""}]"
2025-03-19,"CHICAGO, March 19, 2025 ( GLOBE NEWSWIRE ) -- Zero Hash, the leading crypto and stablecoin infrastructure provider, today announced that tastytrade, a leading brokerage with an award winning platform for traders, has expanded their relationship with Zero Hash, enabling trading of five additional ...",Benzinga,https://www.benzinga.com/pressreleases/25/03/g44396866/tastytrade-expands-crypto-trading-with-new-digital-assets-powered-by-zero-hash,0.07913,https://www.benzinga.com/pressreleases/25/03/g44396866/tastytrade-expands-crypto-trading-with-new-digital-assets-powered-by-zero-hash,"Tastytrade Expands Crypto Trading with New Digital Assets, Powered by Zero Hash",Globe Newswire,https://www.benzinga.com/next-assets/images/schema-image-default.png,www.benzinga.com,"Economy - Monetary,Financial Markets,Real Estate & Construction,Finance,Blockchain",0.243736,Somewhat-Bullish,"[{""ticker"": ""APG"", ""relevance_score"": ""0.039614"", ""ticker_sentiment_score"": ""0.140185"", ""ticker_sentiment_label"": ""Neutral""}, {""ticker"": ""CURN"", ""relevance_score"": ""0.039614"", ""ticker_sentiment_score"": ""0.066588"", ""ticker_sentiment_label"": ""Neutral""}, {""ticker"": ""IBKR"", ""relevance_score"": ""0.039614"", ""ticker_sentiment_score"": ""0.084149"", ""ticker_sentiment_label"": ""Neutral""}, {""ticker"": ""IGGRF"", ""relevance_score"": ""0.039614"", ""ticker_sentiment_score"": ""0.11947"", ""ticker_sentiment_label"": ""Neutral""}, {""ticker"": ""LQDT"", ""relevance_score"": ""0.118452"", ""ticker_sentiment_score"": ""-0.048568"", ""ticker_sentiment_label"": ""Neutral""}, {""ticker"": ""CRYPTO:BCH"", ""relevance_score"": ""0.07913"", ""ticker_sentiment_score"": ""0.054073"", ""ticker_sentiment_label"": ""Neutral""}, {""ticker"": ""CRYPTO:SHIB"", ""relevance_score"": ""0.07913"", ""ticker_sentiment_score"": ""0.054073"", ""ticker_sentiment_label"": ""Neutral""}, {""ticker"": ""CRYPTO:DOGE"", ""relevance_score"": ""0.07913"", ""ticker_sentiment_score"": ""0.054073"", ""ticker_sentiment_label"": ""Neutral""}, {""ticker"": ""CRYPTO:BTC"", ""relevance_score"": ""0.118452"", ""ticker_sentiment_score"": ""0.060408"", ""ticker_sentiment_label"": ""Neutral""}, {""ticker"": ""CRYPTO:AAVE"", ""relevance_score"": ""0.07913"", ""ticker_sentiment_score"": ""0.054073"", ""ticker_sentiment_label"": ""Neutral""}, {""ticker"": ""CRYPTO:AVAX"", ""relevance_score"": ""0.039614"", ""ticker_sentiment_score"": ""0.05164"", ""ticker_sentiment_label"": ""Neutral""}, {""ticker"": ""CRYPTO:XRP"", ""relevance_score"": ""0.039614"", ""ticker_sentiment_score"": ""0.05164"", ""ticker_sentiment_label"": ""Neutral""}, {""ticker"": ""CRYPTO:ETH"", ""relevance_score"": ""0.07913"", ""ticker_sentiment_score"": ""0.054073"", ""ticker_sentiment_label"": ""Neutral""}, {""ticker"": ""CRYPTO:XLM"", ""relevance_score"": ""0.039614"", ""ticker_sentiment_score"": ""0.05164"", ""ticker_sentiment_label"": ""Neutral""}, {""ticker"": ""CRYPTO:LINK"", ""relevance_score"": ""0.07913"", ""ticker_sentiment_score"": ""0.054073"", ""ticker_sentiment_label"": ""Neutral""}, {""ticker"": ""CRYPTO:LTC"", ""relevance_score"": ""0.07913"", ""ticker_sentiment_score"": ""0.054073"", ""ticker_sentiment_label"": ""Neutral""}, {""ticker"": ""CRYPTO:ADA"", ""relevance_score"": ""0.07913"", ""ticker_sentiment_score"": ""0.054073"", ""ticker_sentiment_label"": ""Neutral""}, {""ticker"": ""CRYPTO:XTZ"", ""relevance_score"": ""0.07913"", ""ticker_sentiment_score"": ""0.054073"", ""ticker_sentiment_label"": ""Neutral""}]"
2025-03-20,Cryptos were supposed to skyrocket in value during a Trump presidency. They still might.,Motley Fool,https://www.fool.com/investing/2025/03/20/has-the-cryptocurrency-market-seen-the-last-of-the/,0.109206,https://www.fool.com/investing/2025/03/20/has-the-cryptocurrency-market-seen-the-last-of-the/,"Has the Cryptocurrency Market Seen the Last of the ""Trump Bump""?",Dominic Basulto,https://g.foolcdn.com/image/?url=https%3A%2F%2Fg.foolcdn.com%2Feditorial%2Fimages%2F811572%2Fconfused-investor-with-laptop.jpg&op=resize&w=700,www.fool.com,"Economy - Monetary,Blockchain,Financial Markets",0.344936,Somewhat-Bullish,"[{""ticker"": ""CRCW"", ""relevance_score"": ""0.054732"", ""ticker_sentiment_score"": ""0.134823"", ""ticker_sentiment_label"": ""Neutral""}, {""ticker"": ""CRYPTO:BTC"", ""relevance_score"": ""0.696872"", ""ticker_sentiment_score"": ""0.52954"", ""ticker_sentiment_label"": ""Bullish""}, {""ticker"": ""CRYPTO:ETH"", ""relevance_score"": ""0.109206"", ""ticker_sentiment_score"": ""0.124929"", ""ticker_sentiment_label"": ""Neutral""}, {""ticker"": ""CRYPTO:AAVE"", ""relevance_score"": ""0.054732"", ""ticker_sentiment_score"": ""0.134823"", ""ticker_sentiment_label"": ""Neutral""}, {""ticker"": ""CRYPTO:LINK"", ""relevance_score"": ""0.109206"", ""ticker_sentiment_score"": ""0.147746"", ""ticker_sentiment_label"": ""Neutral""}, {""ticker"": ""CRYPTO:ADA"", ""relevance_score"": ""0.109206"", ""ticker_sentiment_score"": ""0.124929"", ""ticker_sentiment_label"": ""Neutral""}]"
2025-03-21,"SINGAPORE, March 21, 2025 ( GLOBE NEWSWIRE ) -- Following President Donald Trump's announcement to include Bitcoin ( BTC ) , Ethereum ( ETH ) , Ripple ( XRP ) , Solana ( SOL ) , and Cardano ( ADA ) in the U.S. Strategic Crypto Reserve, the cryptocurrency market has experienced significant ...",Benzinga,https://www.benzinga.com/pressreleases/25/03/g44438338/bexback-launches-no-kyc-100x-leverage-crypto-futures-trading-for-all-double-deposit-bonus,0.182506,https://www.benzinga.com/pressreleases/25/03/g44438338/bexback-launches-no-kyc-100x-leverage-crypto-futures-trading-for-all-double-deposit-bonus,"BexBack Launches No KYC, 100x Leverage Crypto Futures Trading for All, Double Deposit Bonus",Globe Newswire,https://ml.globenewswire.com/Resource/Download/1266ae45-cedf-4a51-8364-55f9da3af7a8/bexback.jpeg,www.benzinga.com,"Blockchain,Financial Markets",0.416705,Bullish,"[{""ticker"": ""AWON"", ""relevance_score"": ""0.061315"", ""ticker_sentiment_score"": ""0.111015"", ""ticker_sentiment_label"": ""Neutral""}, {""ticker"": ""CRYPTO:BTC"", ""relevance_score"": ""0.682689"", ""ticker_sentiment_score"": ""0.391324"", ""ticker_sentiment_label"": ""Bullish""}, {""ticker"": ""CRYPTO:ETH"", ""relevance_score"": ""0.182506"", ""ticker_sentiment_score"": ""0.086949"", ""ticker_sentiment_label"": ""Neutral""}, {""ticker"": ""CRYPTO:ADA"", ""relevance_score"": ""0.182506"", ""ticker_sentiment_score"": ""0.086949"", ""ticker_sentiment_label"": ""Neutral""}, {""ticker"": ""CRYPTO:XRP"", ""relevance_score"": ""0.122269"", ""ticker_sentiment_score"": ""0.068107"", ""ticker_sentiment_label"": ""Neutral""}]"
2025-03-21,"Bitcoin's ( BTC ) recovery continues to face selling at higher levels, indicating that the bears have not given up. Trading resource Material Indicators said in a post on X that ""Spoofy the Whale"" has been suppressing Bitcoin's price below $87,500.Although the upside is currently restricted, ...",Cointelegraph,https://cointelegraph.com/news/price-analysis-3-21-btc-eth-xrp-bnb-sol-ada-doge-ton-link-leo,0.104078,https://cointelegraph.com/news/price-analysis-3-21-btc-eth-xrp-bnb-sol-ada-doge-ton-link-leo,"Price analysis 3/21: BTC, ETH, XRP, BNB, SOL, ADA, DOGE, TON, LINK, LEO",Rakesh Upadhyay,https://s3.cointelegraph.com/uploads/2025-03/0195b985-6a9e-70e3-b646-79117838f80f,cointelegraph.com,"Economy - Monetary,Blockchain",0.016976,Neutral,"[{""ticker"": ""CRYPTO:BTC"", ""relevance_score"": ""0.239811"", ""ticker_sentiment_score"": ""0.077258"", ""ticker_sentiment_label"": ""Neutral""}, {""ticker"": ""CRYPTO:BNB"", ""relevance_score"": ""0.069495"", ""ticker_sentiment_score"": ""0.06283"", ""ticker_sentiment_label"": ""Neutral""}, {""ticker"": ""CRYPTO:LEO"", ""relevance_score"": ""0.104078"", ""ticker_sentiment_score"": ""-0.044256"", ""ticker_sentiment_label"": ""Neutral""}, {""ticker"": ""CRYPTO:XRP"", ""relevance_score"": ""0.138464"", ""ticker_sentiment_score"": ""-0.075627"", ""ticker_sentiment_label"": ""Neutral""}, {""ticker"": ""CRYPTO:DOGE"", ""relevance_score"": ""0.104078"", ""ticker_sentiment_score"": ""-0.146822"", ""ticker_sentiment_label"": ""Neutral""}, {""ticker"": ""CRYPTO:LINK"", ""relevance_score"": ""0.104078"", ""ticker_sentiment_score"": ""0.0"", ""ticker_sentiment_label"": ""Neutral""}, {""ticker"": ""CRYPTO:USDT"", ""relevance_score"": ""0.305268"", ""ticker_sentiment_score"": ""0.027396"", ""ticker_sentiment_label"": ""Neutral""}, {""ticker"": ""CRYPTO:ADA"", ""relevance_score"": ""0.104078"", ""ticker_sentiment_score"": ""-0.027299"", ""ticker_sentiment_label"": ""Neutral""}]"
2025-03-22,"Earlier this month, U.S. President Donald Trump announced the creation of the Strategic Bitcoin ( CRYPTO: BTC ) Reserve and the United States Digital Asset Stockpile. The former will hold Bitcoin -- no surprises there. The latter will hold four more of the largest cryptocurrencies: Ethereum ( ...",Motley Fool,https://www.fool.com/investing/2025/03/22/president-trump-is-planning-a-crypto-reserve-with/,0.244928,https://www.fool.com/investing/2025/03/22/president-trump-is-planning-a-crypto-reserve-with/,President Trump Is Planning a Crypto Reserve With These 5 Coins. Should You Invest in Them?,Lyle Daly,https://g.foolcdn.com/editorial/images/811834/bitcoin-cryptocurrency-golden-coins.jpg,www.fool.com,"Economy - Monetary,Blockchain,Financial Markets",0.156863,Somewhat-Bullish,"[{""ticker"": ""CRYPTO:BTC"", ""relevance_score"": ""0.432626"", ""ticker_sentiment_score"": ""0.162158"", ""ticker_sentiment_label"": ""Somewhat-Bullish""}, {""ticker"": ""CRYPTO:ETH"", ""relevance_score"": ""0.533327"", ""ticker_sentiment_score"": ""0.306425"", ""ticker_sentiment_label"": ""Somewhat-Bullish""}, {""ticker"": ""CRYPTO:ADA"", ""relevance_score"": ""0.244928"", ""ticker_sentiment_score"": ""0.141914"", ""ticker_sentiment_label"": ""Neutral""}]"
2025-03-22,"On March 6, the White House announced the creation of the U.S. Digital Asset Stockpile. The move was highly anticipated by the crypto industry, which initially viewed it as a major step by the Trump administration toward making America the ""crypto capital of the world"" -- a commonly cited ...",Motley Fool,https://www.fool.com/investing/2025/03/22/3-important-details-about-digital-asset-stockpile/,0.094204,https://www.fool.com/investing/2025/03/22/3-important-details-about-digital-asset-stockpile/,3 Important Things to Know About the U.S. Digital Asset Stockpile,Dominic Basulto,https://g.foolcdn.com/image/?url=https%3A%2F%2Fg.foolcdn.com%2Feditorial%2Fimages%2F812016%2Fstack-of-gold-coins-with-zeroes-and-ones-on-them-cryptocurrency-virtual-digital-currency.jpg&op=resize&w=700,www.fool.com,"Blockchain,Financial Markets",0.167311,Somewhat-Bullish,"[{""ticker"": ""FOREX:USD"", ""relevance_score"": ""0.047185"", ""ticker_sentiment_score"": ""0.051687"", ""ticker_sentiment_label"": ""Neutral""}, {""ticker"": ""CRYPTO:BTC"", ""relevance_score"": ""0.232661"", ""ticker_sentiment_score"": ""0.154346"", ""ticker_sentiment_label"": ""Somewhat-Bullish""}, {""ticker"": ""CRYPTO:ETH"", ""relevance_score"": ""0.277433"", ""ticker_sentiment_score"": ""0.117942"", ""ticker_sentiment_label"": ""Neutral""}, {""ticker"": ""CRYPTO:LINK"", ""relevance_score"": ""0.140896"", ""ticker_sentiment_score"": ""0.140911"", ""ticker_sentiment_label"": ""Neutral""}, {""ticker"": ""CRYPTO:UNI"", ""relevance_score"": ""0.047185"", ""ticker_sentiment_score"": ""0.074963"", ""ticker_sentiment_label"": ""Neutral""}, {""ticker"": ""CRYPTO:ADA"", ""relevance_score"": ""0.094204"", ""ticker_sentiment_score"": ""0.053876"", ""ticker_sentiment_label"": ""Neutral""}, {""ticker"": ""CRYPTO:BNB"", ""relevance_score"": ""0.140896"", ""ticker_sentiment_score"": ""0.134388"", ""ticker_sentiment_label"": ""Neutral""}]"
2025-03-22,"Even if you're only trying to place a smaller investment of around $1,000 or so, it makes sense to bet on the fastest horse. On that note, both XRP ( CRYPTO: XRP ) and Cardano ( CRYPTO: ADA ) have experienced significant catalysts lately, including news of their potential inclusion in a planned ...",Motley Fool,https://www.fool.com/investing/2025/03/22/should-you-buy-xrp-with-1000-or-cardano/,0.449503,https://www.fool.com/investing/2025/03/22/should-you-buy-xrp-with-1000-or-cardano/,"Should You Buy XRP With $1,000, or Cardano?",Alex Carchidi,https://g.foolcdn.com/editorial/images/811594/two-investors-work-at-a-table-with-a-laptop-and-a-phone.jpg,www.fool.com,"Blockchain,Financial Markets",0.202163,Somewhat-Bullish,"[{""ticker"": ""CURN"", ""relevance_score"": ""0.059488"", ""ticker_sentiment_score"": ""0.053087"", ""ticker_sentiment_label"": ""Neutral""}, {""ticker"": ""CRYPTO:ETH"", ""relevance_score"": ""0.17715"", ""ticker_sentiment_score"": ""0.0"", ""ticker_sentiment_label"": ""Neutral""}, {""ticker"": ""CRYPTO:ADA"", ""relevance_score"": ""0.449503"", ""ticker_sentiment_score"": ""0.146365"", ""ticker_sentiment_label"": ""Neutral""}, {""ticker"": ""CRYPTO:XRP"", ""relevance_score"": ""0.498188"", ""ticker_sentiment_score"": ""0.312015"", ""ticker_sentiment_label"": ""Somewhat-Bullish""}]"
2025-03-24,"SINGAPORE, March 24, 2025 ( GLOBE NEWSWIRE ) -- The cryptocurrency landscape is shifting, and BexBack is leading the charge with a groundbreaking approach to crypto futures trading. As the market evolves, many traders face challenges with complex KYC procedures, limited leverage, and high fees.",Benzinga,https://www.benzinga.com/pressreleases/25/03/g44458535/bexback-brings-100x-leverage-double-deposit-bonus-and-no-kyc-to-crypto-futures-trading,0.109956,https://www.benzinga.com/pressreleases/25/03/g44458535/bexback-brings-100x-leverage-double-deposit-bonus-and-no-kyc-to-crypto-futures-trading,"BexBack Brings 100x Leverage, Double Deposit Bonus, and No KYC to Crypto Futures Trading",Globe Newswire,https://ml.globenewswire.com/Resource/Download/e4eda04a-58b6-4d5d-a59b-222ad9e04a77/bexback.jpeg,www.benzinga.com,"Blockchain,Financial Markets",0.394152,Bullish,"[{""ticker"": ""CRYPTO:BTC"", ""relevance_score"": ""0.321673"", ""ticker_sentiment_score"": ""0.446187"", ""ticker_sentiment_label"": ""Bullish""}, {""ticker"": ""CRYPTO:ETH"", ""relevance_score"": ""0.109956"", ""ticker_sentiment_score"": ""0.185698"", ""ticker_sentiment_label"": ""Somewhat-Bullish""}, {""ticker"": ""CRYPTO:ADA"", ""relevance_score"": ""0.109956"", ""ticker_sentiment_score"": ""0.185698"", ""ticker_sentiment_label"": ""Somewhat-Bullish""}, {""ticker"": ""CRYPTO:XRP"", ""relevance_score"": ""0.055109"", ""ticker_sentiment_score"": ""0.168886"", ""ticker_sentiment_label"": ""Somewhat-Bullish""}]"
2025-03-24,"Bitcoin ( BTC ) rose 4.25% last week to close above $86,000, and the bulls extended the recovery above $88,700 on March 24. 10x Research founder Markus Thielen said in a March 23 report that Bitcoin's reversal indicators had turned positive, suggesting a ""renewed uptrend.""Buyers seem to be ...",Cointelegraph,https://cointelegraph.com/news/price-analysis-3-24-spx-dxy-btc-eth-xrp-bnb-sol-doge-ada-link,0.103183,https://cointelegraph.com/news/price-analysis-3-24-spx-dxy-btc-eth-xrp-bnb-sol-doge-ada-link,"Price analysis 3/24: SPX, DXY, BTC, ETH, XRP, BNB, SOL, DOGE, ADA, LINK",Rakesh Upadhyay,https://s3.cointelegraph.com/uploads/2025-03/0195c90f-0d28-7c9b-b4d4-f0628b34ec8a,cointelegraph.com,"Blockchain,Financial Markets,Economy - Macro",0.019318,Neutral,"[{""ticker"": ""FOREX:USD"", ""relevance_score"": ""0.03448"", ""ticker_sentiment_score"": ""0.0"", ""ticker_sentiment_label"": ""Neutral""}, {""ticker"": ""CRYPTO:BTC"", ""relevance_score"": ""0.33446"", ""ticker_sentiment_score"": ""0.074344"", ""ticker_sentiment_label"": ""Neutral""}, {""ticker"": ""CRYPTO:ETH"", ""relevance_score"": ""0.137278"", ""ticker_sentiment_score"": ""-0.077984"", ""ticker_sentiment_label"": ""Neutral""}, {""ticker"": ""CRYPTO:DOGE"", ""relevance_score"": ""0.103183"", ""ticker_sentiment_score"": ""-0.040604"", ""ticker_sentiment_label"": ""Neutral""}, {""ticker"": ""CRYPTO:LINK"", ""relevance_score"": ""0.103183"", ""ticker_sentiment_score"": ""-0.060806"", ""ticker_sentiment_label"": ""Neutral""}, {""ticker"": ""CRYPTO:ADA"", ""relevance_score"": ""0.103183"", ""ticker_sentiment_score"": ""-0.148076"", ""ticker_sentiment_label"": ""Neutral""}]"
2025-03-25,The financial services giant is the latest issuer to take steps toward launching a fund based on the sixth largest cryptocurrency.,Decrypt.co,https://decrypt.co/311595/cboe-exchange-filing-to-list-fidelity-solana-etf,0.128822,https://decrypt.co/311595/cboe-exchange-filing-to-list-fidelity-solana-etf,Cboe Exchange Submits Filing to List Fidelity Solana ETF,Liz Napolitano,https://cdn.decrypt.co/resize/1024/height/512/wp-content/uploads/2019/12/shutterstock_1538684114-e1576595141232-gID_7.jpg,decrypt.co,"Blockchain,Financial Markets",0.20581,Somewhat-Bullish,"[{""ticker"": ""CRYPTO:BTC"", ""relevance_score"": ""0.483434"", ""ticker_sentiment_score"": ""0.098976"", ""ticker_sentiment_label"": ""Neutral""}, {""ticker"": ""CRYPTO:ETH"", ""relevance_score"": ""0.128822"", ""ticker_sentiment_score"": ""0.020822"", ""ticker_sentiment_label"": ""Neutral""}, {""ticker"": ""CRYPTO:DOGE"", ""relevance_score"": ""0.128822"", ""ticker_sentiment_score"": ""0.020822"", ""ticker_sentiment_label"": ""Neutral""}, {""ticker"": ""CRYPTO:ADA"", ""relevance_score"": ""0.128822"", ""ticker_sentiment_score"": ""0.020822"", ""ticker_sentiment_label"": ""Neutral""}]"
2025-03-25,"Cardano ( ADA ) gained 8% between March 23 and March 25, once again testing the $0.76 resistance level, which has held for over two weeks. Although still far from its March 3 high of $1.18, traders remain optimistic about further gains.",Cointelegraph,https://cointelegraph.com/news/3-reasons-why-cardano-ada-price-could-be-on-the-path-to-new-highs,0.665788,https://cointelegraph.com/news/3-reasons-why-cardano-ada-price-could-be-on-the-path-to-new-highs,3 reasons why Cardano  ( ADA )  price could be on the path to new highs,Marcel Pechman,https://s3.cointelegraph.com/uploads/2025-03/0195ce9f-34f7-79b0-8ead-d4df0901ad38,cointelegraph.com,"Blockchain,Financial Markets",0.255098,Somewhat-Bullish,"[{""ticker"": ""CRYPTO:BTC"", ""relevance_score"": ""0.05133"", ""ticker_sentiment_score"": ""0.047637"", ""ticker_sentiment_label"": ""Neutral""}, {""ticker"": ""CRYPTO:ETH"", ""relevance_score"": ""0.153145"", ""ticker_sentiment_score"": ""0.181456"", ""ticker_sentiment_label"": ""Somewhat-Bullish""}, {""ticker"": ""CRYPTO:ADA"", ""relevance_score"": ""0.665788"", ""ticker_sentiment_score"": ""0.463164"", ""ticker_sentiment_label"": ""Bullish""}, {""ticker"": ""CRYPTO:BNB"", ""relevance_score"": ""0.05133"", ""ticker_sentiment_score"": ""0.142427"", ""ticker_sentiment_label"": ""Neutral""}, {""ticker"": ""CRYPTO:XRP"", ""relevance_score"": ""0.102449"", ""ticker_sentiment_score"": ""0.147986"", ""ticker_sentiment_label"": ""Neutral""}]"
2025-03-25,"Nubank, a Latin American financial bank backed by Warren Buffett's Berkshire Hathaway, has expanded its crypto offerings by adding four altcoins to its portfolio. The bank is adding Cardano ( ADA ) , Near Protocol ( NEAR ) , Cosmos ( ATOM ) , and Algorand ( ALGO ) to its 100 million clients in ...",Cointelegraph,https://cointelegraph.com/news/berkshire-backed-nubank-adds-ada-near-atom-to-crypto-portfolio,0.33628,https://cointelegraph.com/news/berkshire-backed-nubank-adds-ada-near-atom-to-crypto-portfolio,"Berkshire-backed Nubank adds ADA, NEAR, ATOM to crypto offerings",Christopher Tepedino,"https://images.cointelegraph.com/cdn-cgi/image/format=auto,onerror=redirect,quality=90,width=1200/https://s3.cointelegraph.com/uploads/2025-03/0195ce7b-2bb0-7a9f-9c3d-242884ffeb39",cointelegraph.com,"Financial Markets,Technology,Finance,Blockchain",0.106906,Neutral,"[{""ticker"": ""AFG"", ""relevance_score"": ""0.115232"", ""ticker_sentiment_score"": ""0.055517"", ""ticker_sentiment_label"": ""Neutral""}, {""ticker"": ""BRK-A"", ""relevance_score"": ""0.33628"", ""ticker_sentiment_score"": ""0.10765"", ""ticker_sentiment_label"": ""Neutral""}, {""ticker"": ""NU"", ""relevance_score"": ""0.531326"", ""ticker_sentiment_score"": ""0.199159"", ""ticker_sentiment_label"": ""Somewhat-Bullish""}, {""ticker"": ""CRYPTO:BTC"", ""relevance_score"": ""0.43789"", ""ticker_sentiment_score"": ""0.216098"", ""ticker_sentiment_label"": ""Somewhat-Bullish""}, {""ticker"": ""CRYPTO:ETH"", ""relevance_score"": ""0.33628"", ""ticker_sentiment_score"": ""0.0"", ""ticker_sentiment_label"": ""Neutral""}, {""ticker"": ""CRYPTO:ALGO"", ""relevance_score"": ""0.228073"", ""ticker_sentiment_score"": ""0.0"", ""ticker_sentiment_label"": ""Neutral""}, {""ticker"": ""CRYPTO:ADA"", ""relevance_score"": ""0.33628"", ""ticker_sentiment_score"": ""0.0"", ""ticker_sentiment_label"": ""Neutral""}, {""ticker"": ""CRYPTO:XRP"", ""relevance_score"": ""0.228073"", ""ticker_sentiment_score"": ""0.0"", ""ticker_sentiment_label"": ""Neutral""}]"
2025-03-26,"Interactive Brokers IBKR, an automated global electronic broker, today announced the addition of four popular cryptocurrency tokens to its trading platform: Solana ( SOL ) , Cardano ( ADA ) , Ripple ( XRP ) , and Dogecoin ( DOGE ) .",Benzinga,https://www.benzinga.com/pressreleases/25/03/b44494526/interactive-brokers-expands-crypto-trading-with-new-tokens,0.158519,https://www.benzinga.com/pressreleases/25/03/b44494526/interactive-brokers-expands-crypto-trading-with-new-tokens,Interactive Brokers Expands Crypto Trading with New Tokens,,,www.benzinga.com,"Finance,Blockchain,Financial Markets",0.255943,Somewhat-Bullish,"[{""ticker"": ""IBKR"", ""relevance_score"": ""0.649352"", ""ticker_sentiment_score"": ""0.393782"", ""ticker_sentiment_label"": ""Bullish""}, {""ticker"": ""LQDT"", ""relevance_score"": ""0.053153"", ""ticker_sentiment_score"": ""0.049756"", ""ticker_sentiment_label"": ""Neutral""}, {""ticker"": ""CRYPTO:BTC"", ""relevance_score"": ""0.158519"", ""ticker_sentiment_score"": ""0.220862"", ""ticker_sentiment_label"": ""Somewhat-Bullish""}, {""ticker"": ""CRYPTO:ETH"", ""relevance_score"": ""0.10607"", ""ticker_sentiment_score"": ""0.182366"", ""ticker_sentiment_label"": ""Somewhat-Bullish""}, {""ticker"": ""CRYPTO:DOGE"", ""relevance_score"": ""0.158519"", ""ticker_sentiment_score"": ""0.220862"", ""ticker_sentiment_label"": ""Somewhat-Bullish""}, {""ticker"": ""CRYPTO:LTC"", ""relevance_score"": ""0.10607"", ""ticker_sentiment_score"": ""0.182366"", ""ticker_sentiment_label"": ""Somewhat-Bullish""}, {""ticker"": ""CRYPTO:ADA"", ""relevance_score"": ""0.158519"", ""ticker_sentiment_score"": ""0.220862"", ""ticker_sentiment_label"": ""Somewhat-Bullish""}, {""ticker"": ""CRYPTO:BCH"", ""relevance_score"": ""0.10607"", ""ticker_sentiment_score"": ""0.182366"", ""ticker_sentiment_label"": ""Somewhat-Bullish""}]"
2025-03-26,"Bitcoin ( BTC ) bulls have maintained the pressure and are attempting to push the price above the $90,000 resistance. A positive sign in favor of the bulls is that the US spot Bitcoin exchange-traded funds have witnessed net inflows for eight successive trading days, according to SoSoValue data.",Cointelegraph,https://cointelegraph.com/news/price-analysis-3-26-btc-eth-xrp-bnb-sol-doge-ada-link-avax-xlm,0.100729,https://cointelegraph.com/news/price-analysis-3-26-btc-eth-xrp-bnb-sol-doge-ada-link-avax-xlm,"Price analysis 3/26: BTC, ETH, XRP, BNB, SOL, DOGE, ADA, LINK, AVAX, XLM",Rakesh Upadhyay,https://s3.cointelegraph.com/uploads/2025-03/0195d35a-f76e-7e00-b1c5-c7474a51977d,cointelegraph.com,"Blockchain,Financial Markets",-0.007291,Neutral,"[{""ticker"": ""CRYPTO:BTC"", ""relevance_score"": ""0.357449"", ""ticker_sentiment_score"": ""0.11758"", ""ticker_sentiment_label"": ""Neutral""}, {""ticker"": ""CRYPTO:DOGE"", ""relevance_score"": ""0.100729"", ""ticker_sentiment_score"": ""0.035486"", ""ticker_sentiment_label"": ""Neutral""}, {""ticker"": ""CRYPTO:LINK"", ""relevance_score"": ""0.100729"", ""ticker_sentiment_score"": ""-0.029655"", ""ticker_sentiment_label"": ""Neutral""}, {""ticker"": ""CRYPTO:ADA"", ""relevance_score"": ""0.100729"", ""ticker_sentiment_score"": ""-0.016445"", ""ticker_sentiment_label"": ""Neutral""}]"
2025-03-26,"Interactive Brokers, a global brokerage that recorded $9.3 billion in revenue for 2024, is expanding its altcoin offerings to include four new tokens. According to a March 26 announcement, the platform has added Solana ( SOL ) , Cardano ( ADA ) , XRP ( XRP ) , and Dogecoin ( DOGE ) for trading.",Cointelegraph,https://cointelegraph.com/news/interactive-brokers-adds-sol-ada-xrp-doge-trading-platform,0.293506,https://cointelegraph.com/news/interactive-brokers-adds-sol-ada-xrp-doge-trading-platform,"Interactive Brokers adds SOL, ADA, XRP, DOGE for trading",Christopher Tepedino,"https://images.cointelegraph.com/cdn-cgi/image/format=auto,onerror=redirect,quality=90,width=1200/https://s3.cointelegraph.com/uploads/2025-03/0195d361-e2df-70a1-afa2-ddc683ec76d9",cointelegraph.com,"Financial Markets,Technology,Finance,Blockchain",0.117848,Neutral,"[{""ticker"": ""IBKR"", ""relevance_score"": ""0.198221"", ""ticker_sentiment_score"": ""0.096067"", ""ticker_sentiment_label"": ""Neutral""}, {""ticker"": ""NU"", ""relevance_score"": ""0.09989"", ""ticker_sentiment_score"": ""0.022212"", ""ticker_sentiment_label"": ""Neutral""}, {""ticker"": ""FOREX:USD"", ""relevance_score"": ""0.09989"", ""ticker_sentiment_score"": ""0.146553"", ""ticker_sentiment_label"": ""Neutral""}, {""ticker"": ""CRYPTO:BTC"", ""relevance_score"": ""0.384397"", ""ticker_sentiment_score"": ""-0.147506"", ""ticker_sentiment_label"": ""Neutral""}, {""ticker"": ""CRYPTO:BCH"", ""relevance_score"": ""0.198221"", ""ticker_sentiment_score"": ""0.0"", ""ticker_sentiment_label"": ""Neutral""}, {""ticker"": ""CRYPTO:ETH"", ""relevance_score"": ""0.198221"", ""ticker_sentiment_score"": ""0.0"", ""ticker_sentiment_label"": ""Neutral""}, {""ticker"": ""CRYPTO:DOGE"", ""relevance_score"": ""0.198221"", ""ticker_sentiment_score"": ""0.0"", ""ticker_sentiment_label"": ""Neutral""}, {""ticker"": ""CRYPTO:LTC"", ""relevance_score"": ""0.198221"", ""ticker_sentiment_score"": ""0.0"", ""ticker_sentiment_label"": ""Neutral""}, {""ticker"": ""CRYPTO:ALGO"", ""relevance_score"": ""0.198221"", ""ticker_sentiment_score"": ""0.032126"", ""ticker_sentiment_label"": ""Neutral""}, {""ticker"": ""CRYPTO:ADA"", ""relevance_score"": ""0.293506"", ""ticker_sentiment_score"": ""0.027291"", ""ticker_sentiment_label"": ""Neutral""}]"
2025-03-27,"There's a long-standing rivalry between the king of cryptocurrencies, Bitcoin ( CRYPTO: BTC ) , and the coin that many have considered to be the heir to the throne, Ethereum ( CRYPTO: ETH ) .But there aren't actually too many similarities between these two, despite what their competition ...",Motley Fool,https://www.fool.com/investing/2025/03/27/got-5000-is-it-better-to-buy-and-hold-bitcoin-or-e/,0.051551,https://www.fool.com/investing/2025/03/27/got-5000-is-it-better-to-buy-and-hold-bitcoin-or-e/,"Got $5,000? Is It Better to Buy and Hold Bitcoin or Ethereum?",Alex Carchidi,https://g.foolcdn.com/editorial/images/812339/investors-gather-around-a-table-at-work.jpg,www.fool.com,Blockchain,0.218212,Somewhat-Bullish,"[{""ticker"": ""CRYPTO:BTC"", ""relevance_score"": ""0.395012"", ""ticker_sentiment_score"": ""0.069968"", ""ticker_sentiment_label"": ""Neutral""}, {""ticker"": ""CRYPTO:ETH"", ""relevance_score"": ""0.523044"", ""ticker_sentiment_score"": ""0.356708"", ""ticker_sentiment_label"": ""Bullish""}, {""ticker"": ""CRYPTO:LTC"", ""relevance_score"": ""0.051551"", ""ticker_sentiment_score"": ""0.103979"", ""ticker_sentiment_label"": ""Neutral""}, {""ticker"": ""CRYPTO:ADA"", ""relevance_score"": ""0.051551"", ""ticker_sentiment_score"": ""-0.14146"", ""ticker_sentiment_label"": ""Neutral""}]"
2025-03-27,Established cryptos like Bitcoin and Ethereum are more likely to recover from a crash.,Motley Fool,https://www.fool.com/investing/2025/03/27/3-smart-cryptos-to-buy-in-a-market-crash/,0.152178,https://www.fool.com/investing/2025/03/27/3-smart-cryptos-to-buy-in-a-market-crash/,3 Smart Cryptos to Buy in a Market Crash,Emma Newbery,https://g.foolcdn.com/editorial/images/812490/gettyimages-1462668288.jpg,www.fool.com,"Blockchain,Financial Markets",0.157837,Somewhat-Bullish,"[{""ticker"": ""CRYPTO:BTC"", ""relevance_score"": ""0.345674"", ""ticker_sentiment_score"": ""-0.132568"", ""ticker_sentiment_label"": ""Neutral""}, {""ticker"": ""CRYPTO:ETH"", ""relevance_score"": ""0.29887"", ""ticker_sentiment_score"": ""0.344849"", ""ticker_sentiment_label"": ""Somewhat-Bullish""}, {""ticker"": ""CRYPTO:ADA"", ""relevance_score"": ""0.152178"", ""ticker_sentiment_score"": ""0.067351"", ""ticker_sentiment_label"": ""Neutral""}]"
2025-03-27,"SINGAPORE, March 27, 2025 ( GLOBE NEWSWIRE ) -- As crypto markets heat up once again, traders around the world are looking for faster, smarter, and more powerful ways to profit.",Benzinga,https://www.benzinga.com/pressreleases/25/03/g44515233/bexback-empowers-traders-with-100x-leverage-double-deposit-bonus-and-no-kyc-join-the-new-era-of-cr,0.156461,https://www.benzinga.com/pressreleases/25/03/g44515233/bexback-empowers-traders-with-100x-leverage-double-deposit-bonus-and-no-kyc-join-the-new-era-of-cr,"BexBack Empowers Traders with 100x Leverage, Double Deposit Bonus, and No KYC - Join the New Era of Crypto Futures",Globe Newswire,https://ml.globenewswire.com/Resource/Download/74a33ef3-9e93-4d7a-b89d-4208d9f02e5a/bexback.jpeg,www.benzinga.com,"Blockchain,Financial Markets",0.43134,Bullish,"[{""ticker"": ""CRYPTO:BTC"", ""relevance_score"": ""0.378285"", ""ticker_sentiment_score"": ""0.407007"", ""ticker_sentiment_label"": ""Bullish""}, {""ticker"": ""CRYPTO:ETH"", ""relevance_score"": ""0.156461"", ""ticker_sentiment_score"": ""0.153774"", ""ticker_sentiment_label"": ""Somewhat-Bullish""}, {""ticker"": ""CRYPTO:ADA"", ""relevance_score"": ""0.156461"", ""ticker_sentiment_score"": ""0.153774"", ""ticker_sentiment_label"": ""Somewhat-Bullish""}]"
2025-03-27,"Berkshire backed NeoBank expanded its crypto offerings by adding Cardano to its portfolio. Trader predicts a 10x surge for ADA, citing strong fundamentals and technical, despite broader market volatility. Pelosi's latest AI pick skyrocketed 169% in just one month.",Benzinga,https://www.benzinga.com/markets/cryptocurrency/25/03/44522178/ada-up-11-in-30-days-how-high-can-cardano-go,0.872202,https://www.benzinga.com/markets/cryptocurrency/25/03/44522178/ada-up-11-in-30-days-how-high-can-cardano-go,ADA Up 11% In 30 Days: How High Can Cardano Go?,Khyathi Dalal,https://cdn.benzinga.com/files/images/story/2025/03/27/10--Cardano.jpeg?width=1200&height=800&fit=crop,www.benzinga.com,"Technology,Blockchain,Financial Markets",0.21309,Somewhat-Bullish,"[{""ticker"": ""AMBK"", ""relevance_score"": ""0.121037"", ""ticker_sentiment_score"": ""0.0"", ""ticker_sentiment_label"": ""Neutral""}, {""ticker"": ""NU"", ""relevance_score"": ""0.121037"", ""ticker_sentiment_score"": ""0.0"", ""ticker_sentiment_label"": ""Neutral""}, {""ticker"": ""CRYPTO:ADA"", ""relevance_score"": ""0.872202"", ""ticker_sentiment_score"": ""0.348307"", ""ticker_sentiment_label"": ""Somewhat-Bullish""}]"
2025-03-28,"US stock exchange Nasdaq submitted a filing to the US Securities and Exchange Commission ( SEC ) seeking permission to list Grayscale Investments' spot Avalanche exchange-traded fund ( ETF ) .The document, filed on March 27, asks for a rule change to list the Grayscale Avalanche Trust ( AVAX ) .",Cointelegraph,https://cointelegraph.com/news/nasdaq-seeks-sec-approval-for-grayscale-s-avalance-etf,0.088799,https://cointelegraph.com/news/nasdaq-seeks-sec-approval-for-grayscale-s-avalance-etf,Nasdaq seeks SEC approval for Grayscale's Avalanche ETF listing,Adrian Zmudzinski,https://s3.cointelegraph.com/uploads/2025-03/0195dccc-2bc5-7eda-ba7d-3a709bcbf2b6,cointelegraph.com,Financial Markets,0.267601,Somewhat-Bullish,"[{""ticker"": ""CRYPTO:BTC"", ""relevance_score"": ""0.565003"", ""ticker_sentiment_score"": ""0.261179"", ""ticker_sentiment_label"": ""Somewhat-Bullish""}, {""ticker"": ""CRYPTO:ETH"", ""relevance_score"": ""0.684485"", ""ticker_sentiment_score"": ""0.400644"", ""ticker_sentiment_label"": ""Bullish""}, {""ticker"": ""CRYPTO:LTC"", ""relevance_score"": ""0.088799"", ""ticker_sentiment_score"": ""0.18879"", ""ticker_sentiment_label"": ""Somewhat-Bullish""}, {""ticker"": ""CRYPTO:ADA"", ""relevance_score"": ""0.088799"", ""ticker_sentiment_score"": ""0.18879"", ""ticker_sentiment_label"": ""Somewhat-Bullish""}]"
2025-03-28,"For years, Cardano ( ADA ) has been a cornerstone of the crypto landscape, consistently ranking among the top digital assets by market capitalization. Yet, despite its prominence, ADA's performance has left many investors questioning its long-term prospects.",Cointelegraph,https://cointelegraph.com/news/is-cardano-ada-zombie-crypto-video,0.860826,https://cointelegraph.com/news/is-cardano-ada-zombie-crypto-video,"Is Cardano  ( ADA )  a ""zombie crypto""?",Marco Castrovilli,"https://images.cointelegraph.com/cdn-cgi/image/format=auto,onerror=redirect,quality=90,width=1200/https://s3.cointelegraph.com/uploads/2025-03/0195dd87-d1cf-7bd5-9588-446f51193f31",cointelegraph.com,"Technology,Blockchain,Financial Markets",0.088108,Neutral,"[{""ticker"": ""GOOG"", ""relevance_score"": ""0.167322"", ""ticker_sentiment_score"": ""0.0"", ""ticker_sentiment_label"": ""Neutral""}, {""ticker"": ""CRYPTO:ETH"", ""relevance_score"": ""0.167322"", ""ticker_sentiment_score"": ""0.005806"", ""ticker_sentiment_label"": ""Neutral""}, {""ticker"": ""CRYPTO:ADA"", ""relevance_score"": ""0.860826"", ""ticker_sentiment_score"": ""0.260806"", ""ticker_sentiment_label"": ""Somewhat-Bullish""}]"
2025-03-29,Which of these volatile tokens is a better long-term investment?,Motley Fool,https://www.fool.com/investing/2025/03/29/better-meme-coin-ripple-xrp-vs-shiba-inu/,0.051886,https://www.fool.com/investing/2025/03/29/better-meme-coin-ripple-xrp-vs-shiba-inu/,Better Meme Coin: Ripple  ( XRP )  vs. Shiba Inu,Leo Sun,https://g.foolcdn.com/image/?url=https%3A%2F%2Fg.foolcdn.com%2Feditorial%2Fimages%2F812525%2Fa-visualization-of-a-blockchain.jpg&op=resize&w=700,www.fool.com,"Blockchain,Financial Markets",0.149492,Neutral,"[{""ticker"": ""CURN"", ""relevance_score"": ""0.051886"", ""ticker_sentiment_score"": ""-0.050928"", ""ticker_sentiment_label"": ""Neutral""}, {""ticker"": ""FOREX:USD"", ""relevance_score"": ""0.051886"", ""ticker_sentiment_score"": ""0.231644"", ""ticker_sentiment_label"": ""Somewhat-Bullish""}, {""ticker"": ""CRYPTO:ETH"", ""relevance_score"": ""0.103554"", ""ticker_sentiment_score"": ""0.245114"", ""ticker_sentiment_label"": ""Somewhat-Bullish""}, {""ticker"": ""CRYPTO:SHIB"", ""relevance_score"": ""0.525907"", ""ticker_sentiment_score"": ""0.22681"", ""ticker_sentiment_label"": ""Somewhat-Bullish""}, {""ticker"": ""CRYPTO:DOGE"", ""relevance_score"": ""0.051886"", ""ticker_sentiment_score"": ""0.128912"", ""ticker_sentiment_label"": ""Neutral""}, {""ticker"": ""CRYPTO:ADA"", ""relevance_score"": ""0.051886"", ""ticker_sentiment_score"": ""0.128912"", ""ticker_sentiment_label"": ""Neutral""}]"
2025-03-31,"Key takeawaysUS crypto investors must file their 2024 tax returns by April 15, 2025, ensuring all crypto transactions are accurately reported to the IRS.Crypto held for less than a year is taxed as ordinary income ( 10%-37% ) , while holdings over a year qualify for lower capital gains rates ( ...",Cointelegraph,https://cointelegraph.com/news/how-to-file-crypto-taxes-in-the-us,0.01435,https://cointelegraph.com/news/how-to-file-crypto-taxes-in-the-us,How to file crypto taxes in the US  ( 2024-2025 tax season ) ,Dilip Kumar Patairya,https://s3.cointelegraph.com/uploads/2025-03/0195e718-4545-73f7-ae77-b418e5f21cf0,cointelegraph.com,"Financial Markets,Earnings,Finance,Blockchain",0.203807,Somewhat-Bullish,"[{""ticker"": ""COIN"", ""relevance_score"": ""0.01435"", ""ticker_sentiment_score"": ""0.110662"", ""ticker_sentiment_label"": ""Neutral""}, {""ticker"": ""FOREX:USD"", ""relevance_score"": ""0.04303"", ""ticker_sentiment_score"": ""0.112985"", ""ticker_sentiment_label"": ""Neutral""}, {""ticker"": ""CRYPTO:BTC"", ""relevance_score"": ""0.01435"", ""ticker_sentiment_score"": ""0.08372"", ""ticker_sentiment_label"": ""Neutral""}, {""ticker"": ""CRYPTO:ETH"", ""relevance_score"": ""0.057352"", ""ticker_sentiment_score"": ""0.173992"", ""ticker_sentiment_label"": ""Somewhat-Bullish""}, {""ticker"": ""CRYPTO:ADA"", ""relevance_score"": ""0.01435"", ""ticker_sentiment_score"": ""0.096104"", ""ticker_sentiment_label"": ""Neutral""}]"
2025-03-31,"On March 19, Ripple CEO Brad Garlinghouse announced that the company had been cleared by the US Securities and Exchange Commission regarding an alleged $1.3 billion unregistered securities offering. Following the news, XRP ( XRP ) surged to $2.59, but the gains gradually faded as the ...",Cointelegraph,https://cointelegraph.com/news/xrp-funding-rate-flips-negative-will-smart-traders-flip-long-or-short,0.205807,https://cointelegraph.com/news/xrp-funding-rate-flips-negative-will-smart-traders-flip-long-or-short,XRP funding rate flips negative - Will smart traders flip long or short?,Marcel Pechman,https://s3.cointelegraph.com/uploads/2025-03/0195ed34-9caa-7093-8b73-aebb88af3f95,cointelegraph.com,"Financial Markets,Technology,Finance,Blockchain",0.130395,Neutral,"[{""ticker"": ""GOOG"", ""relevance_score"": ""0.138066"", ""ticker_sentiment_score"": ""0.183275"", ""ticker_sentiment_label"": ""Somewhat-Bullish""}, {""ticker"": ""IBKR"", ""relevance_score"": ""0.069294"", ""ticker_sentiment_score"": ""0.062199"", ""ticker_sentiment_label"": ""Neutral""}, {""ticker"": ""CRYPTO:BTC"", ""relevance_score"": ""0.272029"", ""ticker_sentiment_score"": ""0.10469"", ""ticker_sentiment_label"": ""Neutral""}, {""ticker"": ""CRYPTO:ETH"", ""relevance_score"": ""0.138066"", ""ticker_sentiment_score"": ""0.074891"", ""ticker_sentiment_label"": ""Neutral""}, {""ticker"": ""CRYPTO:DOGE"", ""relevance_score"": ""0.138066"", ""ticker_sentiment_score"": ""0.074891"", ""ticker_sentiment_label"": ""Neutral""}, {""ticker"": ""CRYPTO:LTC"", ""relevance_score"": ""0.138066"", ""ticker_sentiment_score"": ""0.074891"", ""ticker_sentiment_label"": ""Neutral""}, {""ticker"": ""CRYPTO:ADA"", ""relevance_score"": ""0.205807"", ""ticker_sentiment_score"": ""0.134326"", ""ticker_sentiment_label"": ""Neutral""}, {""ticker"": ""CRYPTO:BCH"", ""relevance_score"": ""0.138066"", ""ticker_sentiment_score"": ""0.074891"", ""ticker_sentiment_label"": ""Neutral""}]"
2025-03-31,"Bitcoin ( BTC ) fell 4.29% last week, but the bulls started a recovery by pushing the price back above $83,500 on March 31. However, traders are likely to remain on edge until April 2, when new US trade tariffs are set to kick in.",Cointelegraph,https://cointelegraph.com/news/price-analysis-3-31-spx-dxy-btc-eth-xrp-bnb-sol-doge-ada-ton,0.110973,https://cointelegraph.com/news/price-analysis-3-31-spx-dxy-btc-eth-xrp-bnb-sol-doge-ada-ton,"Price analysis 3/31: SPX, DXY, BTC, ETH, XRP, BNB, SOL, DOGE, ADA, TON",Rakesh Upadhyay,https://s3.cointelegraph.com/uploads/2025-03/0195ed18-eb68-703b-ae82-ebe78a430ec4,cointelegraph.com,"Blockchain,Financial Markets,Economy - Macro",-0.075236,Neutral,"[{""ticker"": ""FOREX:USD"", ""relevance_score"": ""0.037098"", ""ticker_sentiment_score"": ""-0.173653"", ""ticker_sentiment_label"": ""Somewhat-Bearish""}, {""ticker"": ""CRYPTO:BTC"", ""relevance_score"": ""0.290176"", ""ticker_sentiment_score"": ""-0.092893"", ""ticker_sentiment_label"": ""Neutral""}, {""ticker"": ""CRYPTO:ETH"", ""relevance_score"": ""0.110973"", ""ticker_sentiment_score"": ""0.072697"", ""ticker_sentiment_label"": ""Neutral""}, {""ticker"": ""CRYPTO:DOGE"", ""relevance_score"": ""0.110973"", ""ticker_sentiment_score"": ""-0.103685"", ""ticker_sentiment_label"": ""Neutral""}, {""ticker"": ""CRYPTO:ADA"", ""relevance_score"": ""0.110973"", ""ticker_sentiment_score"": ""0.144151"", ""ticker_sentiment_label"": ""Neutral""}]"
2025-04-01,"Digital assets rose a day before the U.S. president was set to announce sweeping trade tariffs, but analysts remain wary about their impact.",Decrypt.co,https://decrypt.co/312722/what-trumps-liberation-day-means-for-bitcoin,0.060236,https://decrypt.co/312722/what-trumps-liberation-day-means-for-bitcoin,"What Trump 'Liberation Day' Means for Bitcoin, Crypto Markets",Mat Di Salvo,https://cdn.decrypt.co/resize/1024/height/512/wp-content/uploads/2025/02/donald-trump-meme-coin-president-gID_7.jpg,decrypt.co,"Economy - Monetary,Economy - Fiscal,Financial Markets,Blockchain",-0.021898,Neutral,"[{""ticker"": ""FOREX:USD"", ""relevance_score"": ""0.060236"", ""ticker_sentiment_score"": ""-0.069019"", ""ticker_sentiment_label"": ""Neutral""}, {""ticker"": ""CRYPTO:BTC"", ""relevance_score"": ""0.12013"", ""ticker_sentiment_score"": ""-0.100928"", ""ticker_sentiment_label"": ""Neutral""}, {""ticker"": ""CRYPTO:ETH"", ""relevance_score"": ""0.12013"", ""ticker_sentiment_score"": ""0.0"", ""ticker_sentiment_label"": ""Neutral""}, {""ticker"": ""CRYPTO:DOGE"", ""relevance_score"": ""0.12013"", ""ticker_sentiment_score"": ""0.0"", ""ticker_sentiment_label"": ""Neutral""}, {""ticker"": ""CRYPTO:ADA"", ""relevance_score"": ""0.060236"", ""ticker_sentiment_score"": ""0.0"", ""ticker_sentiment_label"": ""Neutral""}]"
2025-04-01,"Asset manager Grayscale has filed to list an exchange-traded fund ( ETF ) holding a diverse basket of spot cryptocurrencies, US regulatory filings show.On April 1, Grayscale submitted an S-3 regulatory filing to the US Securities and Exchange Commission ( SEC ) , which is required to convert the ...",Cointelegraph,https://cointelegraph.com/news/grayscale-files-digital-large-cap-etf-cryptocurrencies,0.205807,https://cointelegraph.com/news/grayscale-files-digital-large-cap-etf-cryptocurrencies,Grayscale files S-3 for Digital Large Cap ETF,Alex O’Donnell,https://s3.cointelegraph.com/uploads/2025-04/0195f200-0c81-79ec-bcbd-83b0eb2d4dc4,cointelegraph.com,"Blockchain,Financial Markets",0.164155,Somewhat-Bullish,"[{""ticker"": ""CRYPTO:BTC"", ""relevance_score"": ""0.398148"", ""ticker_sentiment_score"": ""0.153747"", ""ticker_sentiment_label"": ""Somewhat-Bullish""}, {""ticker"": ""CRYPTO:ETH"", ""relevance_score"": ""0.398148"", ""ticker_sentiment_score"": ""0.153747"", ""ticker_sentiment_label"": ""Somewhat-Bullish""}, {""ticker"": ""CRYPTO:ADA"", ""relevance_score"": ""0.205807"", ""ticker_sentiment_score"": ""0.077325"", ""ticker_sentiment_label"": ""Neutral""}]"
2025-04-01,"Grayscale is looking to convert its private Digital Large Cap Fund, which contains Bitcoin, Ethereum, XRP, and Cardano, to become an ETF.",Decrypt.co,https://decrypt.co/312659/grayscale-large-cap-crypto-etf-btc-eth-xrp-ada,0.269776,https://decrypt.co/312659/grayscale-large-cap-crypto-etf-btc-eth-xrp-ada,"Grayscale Files to Convert Bitcoin, Ethereum, and XRP Large Cap Fund Into an ETF",Ryan S. Gladwin,https://cdn.decrypt.co/resize/1024/height/512/wp-content/uploads/2022/09/grayscale-crypto-bitcoin-ethereum-gID_7.jpeg,decrypt.co,"Blockchain,Financial Markets",0.234748,Somewhat-Bullish,"[{""ticker"": ""CRYPTO:BTC"", ""relevance_score"": ""0.509589"", ""ticker_sentiment_score"": ""0.320734"", ""ticker_sentiment_label"": ""Somewhat-Bullish""}, {""ticker"": ""CRYPTO:ETH"", ""relevance_score"": ""0.434514"", ""ticker_sentiment_score"": ""0.244307"", ""ticker_sentiment_label"": ""Somewhat-Bullish""}, {""ticker"": ""CRYPTO:DOGE"", ""relevance_score"": ""0.181819"", ""ticker_sentiment_score"": ""0.132715"", ""ticker_sentiment_label"": ""Neutral""}, {""ticker"": ""CRYPTO:ADA"", ""relevance_score"": ""0.269776"", ""ticker_sentiment_score"": ""0.059811"", ""ticker_sentiment_label"": ""Neutral""}]"
2025-04-01,"Cardano's ADA/USD price has increased 4.25% over the past 24 hours to $0.69, which is in the opposite direction of its trend over the past week, where it has experienced a 11.0% loss, moving from $0.76 to its current price. As it stands right now, the coin's all-time high is $3.09.",Benzinga,https://www.benzinga.com/insights/cryptocurrency/25/04/44588147/cardanos-price-increased-more-than-4-within-24-hours,0.550532,https://www.benzinga.com/insights/cryptocurrency/25/04/44588147/cardanos-price-increased-more-than-4-within-24-hours,Cardano's Price Increased More Than 4% Within 24 hours,Benzinga Insights,https://www.benzinga.com/files/images/story/2025/1743519607_0.png,www.benzinga.com,Financial Markets,0.07327,Neutral,"[{""ticker"": ""CRYPTO:ADA"", ""relevance_score"": ""0.550532"", ""ticker_sentiment_score"": ""-0.003355"", ""ticker_sentiment_label"": ""Neutral""}]"
2025-04-01,"DOGE and ADA surged Tuesday morning amid a crypto market rebound and ""renewed optimism,"" despite looming tariff concerns.",Decrypt.co,https://decrypt.co/312656/dogecoin-cardano-lead-gains-as-crypto-majors-rally,0.176502,https://decrypt.co/312656/dogecoin-cardano-lead-gains-as-crypto-majors-rally,"Dogecoin, Cardano Lead Gains as Crypto Majors Rally",Vince Dioquino,https://cdn.decrypt.co/resize/1024/height/512/wp-content/uploads/2022/04/dogecoin-price-trading-gID_7.jpeg,decrypt.co,Blockchain,-0.01704,Neutral,"[{""ticker"": ""CRYPTO:BTC"", ""relevance_score"": ""0.344473"", ""ticker_sentiment_score"": ""-0.047238"", ""ticker_sentiment_label"": ""Neutral""}, {""ticker"": ""CRYPTO:ETH"", ""relevance_score"": ""0.344473"", ""ticker_sentiment_score"": ""0.065769"", ""ticker_sentiment_label"": ""Neutral""}, {""ticker"": ""CRYPTO:DOGE"", ""relevance_score"": ""0.088799"", ""ticker_sentiment_score"": ""0.244226"", ""ticker_sentiment_label"": ""Somewhat-Bullish""}, {""ticker"": ""CRYPTO:ADA"", ""relevance_score"": ""0.176502"", ""ticker_sentiment_score"": ""0.329637"", ""ticker_sentiment_label"": ""Somewhat-Bullish""}, {""ticker"": ""CRYPTO:BNB"", ""relevance_score"": ""0.176502"", ""ticker_sentiment_score"": ""0.197555"", ""ticker_sentiment_label"": ""Somewhat-Bullish""}]"
2025-04-01,"Stockholm, 1st of April 2025 - Today Virtune announces that it has finalized its monthly rebalancing for Virtune Crypto Altcoin Index ETP, listed on Nasdaq Stockholm and Nasdaq Helsinki ( ISIN code SE0023260716 ) .",GlobeNewswire,https://www.globenewswire.com/news-release/2025/04/01/3053034/0/en/Virtune-AB-Publ-Virtune-has-completed-the-monthly-rebalancing-for-March-2025-of-its-Virtune-Crypto-Altcoin-Index-ETP.html,0.085022,https://www.globenewswire.com/news-release/2025/04/01/3053034/0/en/Virtune-AB-Publ-Virtune-has-completed-the-monthly-rebalancing-for-March-2025-of-its-Virtune-Crypto-Altcoin-Index-ETP.html,"Virtune AB  ( Publ )   ( ""Virtune"" )  has completed the monthly rebalancing for March 2025 of its Virtune Crypto Altcoin Index ETP",Virtune AB (Publ),https://ml-eu.globenewswire.com/Resource/Download/da0bec69-79eb-4618-87fd-d96aa395aaed,www.globenewswire.com,"Blockchain,Financial Markets",0.183071,Somewhat-Bullish,"[{""ticker"": ""CRYPTO:BTC"", ""relevance_score"": ""0.169081"", ""ticker_sentiment_score"": ""0.235617"", ""ticker_sentiment_label"": ""Somewhat-Bullish""}, {""ticker"": ""CRYPTO:ETH"", ""relevance_score"": ""0.169081"", ""ticker_sentiment_score"": ""0.235617"", ""ticker_sentiment_label"": ""Somewhat-Bullish""}, {""ticker"": ""CRYPTO:LTC"", ""relevance_score"": ""0.085022"", ""ticker_sentiment_score"": ""-0.07453"", ""ticker_sentiment_label"": ""Neutral""}, {""ticker"": ""CRYPTO:ADA"", ""relevance_score"": ""0.085022"", ""ticker_sentiment_score"": ""-0.07453"", ""ticker_sentiment_label"": ""Neutral""}]"
2025-04-01,"The cryptocurrency sector ended the first quarter on a sour note, with several of its mega-cap coins recording double-digit losses. What happened: The total cryptocurrency market capitalization shrank from $3.26 trillion on Jan. 1 to $2.68 trillion at the end of the quarter, marking a 17% decline.",Benzinga,https://www.benzinga.com/trading-ideas/movers/25/04/44577936/bitcoin-dogecoin-shaken-by-trumps-tariff-announcements-in-q1-but-this-lesser-known-crypto-ex,0.214937,https://www.benzinga.com/trading-ideas/movers/25/04/44577936/bitcoin-dogecoin-shaken-by-trumps-tariff-announcements-in-q1-but-this-lesser-known-crypto-ex,"Bitcoin, Dogecoin Shaken By Trump's Tariff Announcements In Q1 But This Lesser-Known Crypto Exploded 490% - Here's Why - Grayscale Bitcoin Mini Trust  ( BTC )  Common units of fractional undivided beneficial interest  ( ARCA:BTC ) ",Aniket Verma,https://cdn.benzinga.com/files/images/story/2025/04/01/Cryptocurrency-Photo-by-CMP-NZ-on-Shutte.jpeg?width=1200&height=800&fit=crop,www.benzinga.com,"Blockchain,Financial Markets",0.065533,Neutral,"[{""ticker"": ""CRYPTO:BTC"", ""relevance_score"": ""0.214937"", ""ticker_sentiment_score"": ""0.207411"", ""ticker_sentiment_label"": ""Somewhat-Bullish""}, {""ticker"": ""CRYPTO:ETH"", ""relevance_score"": ""0.214937"", ""ticker_sentiment_score"": ""0.207411"", ""ticker_sentiment_label"": ""Somewhat-Bullish""}, {""ticker"": ""CRYPTO:DOGE"", ""relevance_score"": ""0.214937"", ""ticker_sentiment_score"": ""-0.020116"", ""ticker_sentiment_label"": ""Neutral""}, {""ticker"": ""CRYPTO:SOL"", ""relevance_score"": ""0.108466"", ""ticker_sentiment_score"": ""-0.01302"", ""ticker_sentiment_label"": ""Neutral""}, {""ticker"": ""CRYPTO:ADA"", ""relevance_score"": ""0.214937"", ""ticker_sentiment_score"": ""-0.020116"", ""ticker_sentiment_label"": ""Neutral""}]"
2025-04-01,"The crypto market hasn't been doing well this year, and Ethereum ( CRYPTO: ETH ) has had one of the steeper drops. It's down 45% year-to-date at the time of this writing.Even after that decline, Ethereum is still the second-largest cryptocurrency by market cap.",Motley Fool,https://www.fool.com/investing/2025/04/01/should-you-buy-ethereum-while-its-down-45/,0.181137,https://www.fool.com/investing/2025/04/01/should-you-buy-ethereum-while-its-down-45/,Should You Buy Ethereum While It's Down 45% This Year?,Lyle Daly,https://media.ycharts.com/charts/e8f3a3af483ba423d40fe3e738a304a0.png,www.fool.com,"Blockchain,Financial Markets",0.117979,Neutral,"[{""ticker"": ""CRYPTO:BTC"", ""relevance_score"": ""0.181137"", ""ticker_sentiment_score"": ""0.046101"", ""ticker_sentiment_label"": ""Neutral""}, {""ticker"": ""CRYPTO:ETH"", ""relevance_score"": ""0.906924"", ""ticker_sentiment_score"": ""0.273103"", ""ticker_sentiment_label"": ""Somewhat-Bullish""}, {""ticker"": ""CRYPTO:SOL"", ""relevance_score"": ""0.060848"", ""ticker_sentiment_score"": ""0.056063"", ""ticker_sentiment_label"": ""Neutral""}, {""ticker"": ""CRYPTO:TRX"", ""relevance_score"": ""0.060848"", ""ticker_sentiment_score"": ""0.03106"", ""ticker_sentiment_label"": ""Neutral""}, {""ticker"": ""CRYPTO:ADA"", ""relevance_score"": ""0.181137"", ""ticker_sentiment_score"": ""0.046101"", ""ticker_sentiment_label"": ""Neutral""}]"
2025-04-02,"Stockholm, 2nd of April 2025 - Today Virtune announces that it has finalized its monthly rebalancing for Virtune Crypto Top 10 Index ETP, listed on Nasdaq Stockholm for both the SEK-denominated ( ISIN code SE0020052207, ticker name VIR10SEK ) and the EUR-denominated ( ISIN code SE0020052215, ...",GlobeNewswire,https://www.globenewswire.com/news-release/2025/04/02/3054024/0/en/Virtune-AB-Publ-Virtune-has-completed-the-monthly-rebalancing-for-March-2025-of-its-Virtune-Crypto-Top-10-Index-ETP-the-first-crypto-index-ETP-in-the-Nordics.html,0.083541,https://www.globenewswire.com/news-release/2025/04/02/3054024/0/en/Virtune-AB-Publ-Virtune-has-completed-the-monthly-rebalancing-for-March-2025-of-its-Virtune-Crypto-Top-10-Index-ETP-the-first-crypto-index-ETP-in-the-Nordics.html,"Virtune AB  ( Publ )   ( ""Virtune"" )  has completed the monthly rebalancing for March 2025 of its Virtune Crypto Top 10 Index ETP, the first crypto index ETP in the Nordics",Virtune AB (Publ),https://ml-eu.globenewswire.com/Resource/Download/da0bec69-79eb-4618-87fd-d96aa395aaed,www.globenewswire.com,"Blockchain,Financial Markets",0.270388,Somewhat-Bullish,"[{""ticker"": ""CRYPTO:BTC"", ""relevance_score"": ""0.083541"", ""ticker_sentiment_score"": ""0.12224"", ""ticker_sentiment_label"": ""Neutral""}, {""ticker"": ""CRYPTO:ETH"", ""relevance_score"": ""0.083541"", ""ticker_sentiment_score"": ""0.12224"", ""ticker_sentiment_label"": ""Neutral""}, {""ticker"": ""CRYPTO:ADA"", ""relevance_score"": ""0.083541"", ""ticker_sentiment_score"": ""0.12224"", ""ticker_sentiment_label"": ""Neutral""}]"
2025-04-02,"Major cryptocurrency asset manager Grayscale Investments announced two new Bitcoin outcome-oriented exchange-traded funds ( ETFs ) .According to an April 2 announcement, the new products are the Grayscale Bitcoin Covered Call ETF ( BTCC ) and the Grayscale Bitcoin Premium Income ETF ( BPI ) .",Cointelegraph,https://cointelegraph.com/news/grayscale-launches-bitcoin-covered-call-and-premium-income-etfs,0.273807,https://cointelegraph.com/news/grayscale-launches-bitcoin-covered-call-and-premium-income-etfs,Grayscale launches two new Bitcoin outcome-oriented products,Adrian Zmudzinski,"https://images.cointelegraph.com/cdn-cgi/image/format=auto,onerror=redirect,quality=90,width=1200/https://s3.cointelegraph.com/uploads/2024-11/0193195b-0d49-70b8-8383-bc795b6543f5",cointelegraph.com,"Earnings,Blockchain,Financial Markets",0.215439,Somewhat-Bullish,"[{""ticker"": ""CRYPTO:BTC"", ""relevance_score"": ""0.964374"", ""ticker_sentiment_score"": ""0.276476"", ""ticker_sentiment_label"": ""Somewhat-Bullish""}, {""ticker"": ""CRYPTO:ETH"", ""relevance_score"": ""0.184598"", ""ticker_sentiment_score"": ""0.0"", ""ticker_sentiment_label"": ""Neutral""}, {""ticker"": ""CRYPTO:LTC"", ""relevance_score"": ""0.092927"", ""ticker_sentiment_score"": ""0.223357"", ""ticker_sentiment_label"": ""Somewhat-Bullish""}, {""ticker"": ""CRYPTO:ADA"", ""relevance_score"": ""0.273807"", ""ticker_sentiment_score"": ""0.255884"", ""ticker_sentiment_label"": ""Somewhat-Bullish""}]"
2025-04-02,"Bitcoin ( BTC ) bulls have pushed the price above the $87,000 level even as US trade tariffs are slated to kick in on April 2. Bitcoin may remain volatile in the near term, but analysts remain bullish for the long term.According to Fidelity analyst Zack Wainwright, Bitcoin is currently in an ...",Cointelegraph,https://cointelegraph.com/news/price-analysis-4-2-btc-eth-xrp-bnb-sol-doge-ada-ton-link-leo,0.107175,https://cointelegraph.com/news/price-analysis-4-2-btc-eth-xrp-bnb-sol-doge-ada-ton-link-leo,"Price analysis 4/2: BTC, ETH, XRP, BNB, SOL, DOGE, ADA, TON, LINK, LEO",Rakesh Upadhyay,https://s3.cointelegraph.com/uploads/2025-04/0195f75a-b544-7194-8a30-109a1e599d06,cointelegraph.com,"Economy - Monetary,Blockchain",-0.084145,Neutral,"[{""ticker"": ""CRYPTO:BTC"", ""relevance_score"": ""0.313928"", ""ticker_sentiment_score"": ""0.103606"", ""ticker_sentiment_label"": ""Neutral""}, {""ticker"": ""CRYPTO:BNB"", ""relevance_score"": ""0.07157"", ""ticker_sentiment_score"": ""0.061755"", ""ticker_sentiment_label"": ""Neutral""}, {""ticker"": ""CRYPTO:LEO"", ""relevance_score"": ""0.107175"", ""ticker_sentiment_score"": ""-0.232407"", ""ticker_sentiment_label"": ""Somewhat-Bearish""}, {""ticker"": ""CRYPTO:XRP"", ""relevance_score"": ""0.07157"", ""ticker_sentiment_score"": ""-0.211046"", ""ticker_sentiment_label"": ""Somewhat-Bearish""}, {""ticker"": ""CRYPTO:ETH"", ""relevance_score"": ""0.107175"", ""ticker_sentiment_score"": ""-0.020272"", ""ticker_sentiment_label"": ""Neutral""}, {""ticker"": ""CRYPTO:DOGE"", ""relevance_score"": ""0.107175"", ""ticker_sentiment_score"": ""0.015693"", ""ticker_sentiment_label"": ""Neutral""}, {""ticker"": ""CRYPTO:LINK"", ""relevance_score"": ""0.107175"", ""ticker_sentiment_score"": ""0.058191"", ""ticker_sentiment_label"": ""Neutral""}, {""ticker"": ""CRYPTO:USDT"", ""relevance_score"": ""0.313928"", ""ticker_sentiment_score"": ""-0.032709"", ""ticker_sentiment_label"": ""Neutral""}, {""ticker"": ""CRYPTO:ADA"", ""relevance_score"": ""0.107175"", ""ticker_sentiment_score"": ""-0.035667"", ""ticker_sentiment_label"": ""Neutral""}]"
2025-04-02,"As one of the more serious altcoins in the crypto sector, Cardano ( CRYPTO: ADA ) has the shape of an asset that might be ripe for long-term holding. It certainly won't be going to zero anytime soon, and its team of developers isn't about to give up on their quest to upgrade the chain and make it ...",Motley Fool,https://www.fool.com/investing/2025/04/02/is-cardano-still-a-smart-long-term-hold/,0.339356,https://www.fool.com/investing/2025/04/02/is-cardano-still-a-smart-long-term-hold/,Is Cardano Still a Smart Long-Term Hold?,Alex Carchidi,https://g.foolcdn.com/editorial/images/813208/investor-talks-with-two-coworkers.jpg,www.fool.com,"Blockchain,Financial Markets",0.304686,Somewhat-Bullish,"[{""ticker"": ""CRYPTO:ETH"", ""relevance_score"": ""0.05833"", ""ticker_sentiment_score"": ""0.203005"", ""ticker_sentiment_label"": ""Somewhat-Bullish""}, {""ticker"": ""CRYPTO:ADA"", ""relevance_score"": ""0.339356"", ""ticker_sentiment_score"": ""0.192231"", ""ticker_sentiment_label"": ""Somewhat-Bullish""}]"
2025-04-03,"Cardano ( CRYPTO: ADA ) is plunging on Thursday. The cryptocurrency lost 8.6% as of 1:50 p.m. ET and was down as much as 9% earlier in the day. The decline comes as the broader crypto market retreats amid growing economic concerns.President Donald Trump's sweeping tariffs, announced yesterday ...",Motley Fool,https://www.fool.com/investing/2025/04/03/why-cardano-is-plummeting-today/,0.798255,https://www.fool.com/investing/2025/04/03/why-cardano-is-plummeting-today/,Why Cardano Is Plummeting Today,Johnny Rice,https://g.foolcdn.com/editorial/images/813613/ada-trump-tariffs.jpg,www.fool.com,"Economy - Monetary,Blockchain",0.086991,Neutral,"[{""ticker"": ""CRYPTO:ADA"", ""relevance_score"": ""0.798255"", ""ticker_sentiment_score"": ""0.177408"", ""ticker_sentiment_label"": ""Somewhat-Bullish""}]"
2025-04-04,"In early February, Eric Trump recommended buying Ethereum - since then, the asset has dropped 39%. Traders now question whether Ethereum can repeat history and reclaim market dominance. With stocks plunging, steady income is key. Tim Melvin & Ryan Faloona reveal dividend stocks and deep-value ...",Benzinga,https://www.benzinga.com/markets/cryptocurrency/25/04/44652091/if-you-had-invested-in-ethereum-when-eric-trump-said-its-a-great-time-youd-be-down-39,0.083833,https://www.benzinga.com/markets/cryptocurrency/25/04/44652091/if-you-had-invested-in-ethereum-when-eric-trump-said-its-a-great-time-youd-be-down-39,"If You Had Invested In Ethereum When Eric Trump Said 'It's A Great Time', You'd Be Down 39%",Khyathi Dalal,https://cdn.benzinga.com/files/images/story/2025/04/04/Why-It-Matters_2.jpeg?width=1200&height=800&fit=crop,www.benzinga.com,"Finance,Blockchain,Financial Markets",0.254633,Somewhat-Bullish,"[{""ticker"": ""COIN"", ""relevance_score"": ""0.083833"", ""ticker_sentiment_score"": ""-0.11628"", ""ticker_sentiment_label"": ""Neutral""}, {""ticker"": ""CRYPTO:BTC"", ""relevance_score"": ""0.247838"", ""ticker_sentiment_score"": ""0.174668"", ""ticker_sentiment_label"": ""Somewhat-Bullish""}, {""ticker"": ""CRYPTO:ETH"", ""relevance_score"": ""0.926461"", ""ticker_sentiment_score"": ""0.449574"", ""ticker_sentiment_label"": ""Bullish""}, {""ticker"": ""CRYPTO:ADA"", ""relevance_score"": ""0.083833"", ""ticker_sentiment_score"": ""0.254816"", ""ticker_sentiment_label"": ""Somewhat-Bullish""}]"
2025-04-04,The market doesn't like Donald Trump's plan to tariff the planet. Here's why it may be good for Bitcoin.,Decrypt.co,https://decrypt.co/313394/trump-tariffs-what-mean-bitcoin-why-crypto-market-bullish,0.040691,https://decrypt.co/313394/trump-tariffs-what-mean-bitcoin-why-crypto-market-bullish,Trump Tariffs: What They Mean for Bitcoin and Why Crypto May Turn Bullish,Andrew Urquhart,https://cdn.decrypt.co/resize/1024/height/512/wp-content/uploads/2025/04/donald-trump-white-house-gID_7.jpg,decrypt.co,"Economy - Monetary,IPO,Financial Markets,Finance,Blockchain",0.137747,Neutral,"[{""ticker"": ""COIN"", ""relevance_score"": ""0.040691"", ""ticker_sentiment_score"": ""0.017671"", ""ticker_sentiment_label"": ""Neutral""}, {""ticker"": ""FOREX:USD"", ""relevance_score"": ""0.040691"", ""ticker_sentiment_score"": ""-0.036299"", ""ticker_sentiment_label"": ""Neutral""}, {""ticker"": ""CRYPTO:BTC"", ""relevance_score"": ""0.459624"", ""ticker_sentiment_score"": ""0.208029"", ""ticker_sentiment_label"": ""Somewhat-Bullish""}, {""ticker"": ""CRYPTO:ETH"", ""relevance_score"": ""0.040691"", ""ticker_sentiment_score"": ""0.1749"", ""ticker_sentiment_label"": ""Somewhat-Bullish""}, {""ticker"": ""CRYPTO:ADA"", ""relevance_score"": ""0.040691"", ""ticker_sentiment_score"": ""0.1749"", ""ticker_sentiment_label"": ""Somewhat-Bullish""}]"
2025-04-04,A proposed bill would formally exempt crypto assets like Solana and XRP from SEC oversight. But the move could have ripple effects beyond digital assets.,Decrypt.co,https://decrypt.co/313335/crypto-legislation-free-industry-sec-oversight-critics-warn-pandoras-box,0.025734,https://decrypt.co/313335/crypto-legislation-free-industry-sec-oversight-critics-warn-pandoras-box,Crypto Legislation Could Free Industry of SEC Oversight-But Critics Warn It's a Pandora's Box,Sander Lutz,https://cdn.decrypt.co/resize/1024/height/512/wp-content/uploads/2024/12/ft-bitcoin-etf-sec-government-shutdown-gID_7.jpg,decrypt.co,"Financial Markets,Manufacturing,Finance,Blockchain",0.218604,Somewhat-Bullish,"[{""ticker"": ""AFG"", ""relevance_score"": ""0.025734"", ""ticker_sentiment_score"": ""-0.039833"", ""ticker_sentiment_label"": ""Neutral""}, {""ticker"": ""TSLA"", ""relevance_score"": ""0.051441"", ""ticker_sentiment_score"": ""0.132874"", ""ticker_sentiment_label"": ""Neutral""}, {""ticker"": ""CRYPTO:ETH"", ""relevance_score"": ""0.025734"", ""ticker_sentiment_score"": ""-0.01654"", ""ticker_sentiment_label"": ""Neutral""}, {""ticker"": ""CRYPTO:ADA"", ""relevance_score"": ""0.025734"", ""ticker_sentiment_score"": ""-0.01654"", ""ticker_sentiment_label"": ""Neutral""}]"
2025-04-04,"Bitcoin ( BTC ) price has managed to stay above the $80,000 level as volatility wrecked US stock markets on April 3 and April 4. The failure of the bears to capitalize on the opportunity shows a lack of selling at lower levels.Risky assets were rattled after US President Donald Trump announced ...",Cointelegraph,https://cointelegraph.com/news/price-analysis-4-4-btc-eth-xrp-bnb-sol-doge-ada-ton-leo-link,0.093047,https://cointelegraph.com/news/price-analysis-4-4-btc-eth-xrp-bnb-sol-doge-ada-ton-leo-link,"Price analysis 4/4: BTC, ETH, XRP, BNB, SOL, DOGE, ADA, TON, LEO, LINK",Rakesh Upadhyay,https://s3.cointelegraph.com/uploads/2025-04/019601ca-5b71-7ae6-8eb9-7b96b822d2e0,cointelegraph.com,"Blockchain,Financial Markets",-0.048784,Neutral,"[{""ticker"": ""CRYPTO:BTC"", ""relevance_score"": ""0.244723"", ""ticker_sentiment_score"": ""-0.085448"", ""ticker_sentiment_label"": ""Neutral""}, {""ticker"": ""CRYPTO:ETH"", ""relevance_score"": ""0.093047"", ""ticker_sentiment_score"": ""0.014754"", ""ticker_sentiment_label"": ""Neutral""}, {""ticker"": ""CRYPTO:DOGE"", ""relevance_score"": ""0.093047"", ""ticker_sentiment_score"": ""-0.072871"", ""ticker_sentiment_label"": ""Neutral""}, {""ticker"": ""CRYPTO:LINK"", ""relevance_score"": ""0.093047"", ""ticker_sentiment_score"": ""0.203261"", ""ticker_sentiment_label"": ""Somewhat-Bullish""}, {""ticker"": ""CRYPTO:ADA"", ""relevance_score"": ""0.093047"", ""ticker_sentiment_score"": ""-0.081101"", ""ticker_sentiment_label"": ""Neutral""}, {""ticker"": ""CRYPTO:LEO"", ""relevance_score"": ""0.093047"", ""ticker_sentiment_score"": ""-0.002181"", ""ticker_sentiment_label"": ""Neutral""}]"
2025-04-05,"President Trump started a trade war with nearly every country on Wednesday and the stock market tanked. Bitcoin is doing OK, though.",Decrypt.co,https://decrypt.co/313375/this-week-bitcoin-steady-trump-trade-war,0.089129,https://decrypt.co/313375/this-week-bitcoin-steady-trump-trade-war,This Week in Bitcoin: BTC Holds Steady as Trump's Trade War Wrecks Stocks,Mat Di Salvo,https://cdn.decrypt.co/resize/1024/height/512/wp-content/uploads/2025/01/bitcoin-btc-sitting-on-table-dark-lighting-gID_7.png,decrypt.co,"Blockchain,Financial Markets",0.150117,Somewhat-Bullish,"[{""ticker"": ""FOREX:USD"", ""relevance_score"": ""0.089129"", ""ticker_sentiment_score"": ""-0.156602"", ""ticker_sentiment_label"": ""Somewhat-Bearish""}, {""ticker"": ""CRYPTO:BTC"", ""relevance_score"": ""0.737032"", ""ticker_sentiment_score"": ""0.13683"", ""ticker_sentiment_label"": ""Neutral""}, {""ticker"": ""CRYPTO:ETH"", ""relevance_score"": ""0.089129"", ""ticker_sentiment_score"": ""0.051611"", ""ticker_sentiment_label"": ""Neutral""}, {""ticker"": ""CRYPTO:ADA"", ""relevance_score"": ""0.089129"", ""ticker_sentiment_score"": ""0.051611"", ""ticker_sentiment_label"": ""Neutral""}]"
2025-04-07,"Bitcoin ( BTC ) made a sharp comeback and is trading near the $78,000 level. The largest cryptocurrency by market capitalization tumbled below the psychological support of $80,000 after the US stock futures market opened sharply lower on April 6.",Cointelegraph,https://cointelegraph.com/news/price-analysis-4-7-spx-dxy-btc-eth-xrp-bnb-sol-doge-ada-leo,0.101154,https://cointelegraph.com/news/price-analysis-4-7-spx-dxy-btc-eth-xrp-bnb-sol-doge-ada-leo,"Price analysis 4/7: SPX, DXY, BTC, ETH, XRP, BNB, SOL, DOGE, ADA, LEO",Rakesh Upadhyay,https://s3.cointelegraph.com/uploads/2025-04/01961132-f32d-7ba8-9a46-673149597755,cointelegraph.com,"Blockchain,Financial Markets,Economy - Macro",-0.080165,Neutral,"[{""ticker"": ""FOREX:USD"", ""relevance_score"": ""0.067536"", ""ticker_sentiment_score"": ""0.069267"", ""ticker_sentiment_label"": ""Neutral""}, {""ticker"": ""CRYPTO:BTC"", ""relevance_score"": ""0.328236"", ""ticker_sentiment_score"": ""-0.066069"", ""ticker_sentiment_label"": ""Neutral""}, {""ticker"": ""CRYPTO:ETH"", ""relevance_score"": ""0.101154"", ""ticker_sentiment_score"": ""-0.078575"", ""ticker_sentiment_label"": ""Neutral""}, {""ticker"": ""CRYPTO:DOGE"", ""relevance_score"": ""0.101154"", ""ticker_sentiment_score"": ""-0.044949"", ""ticker_sentiment_label"": ""Neutral""}, {""ticker"": ""CRYPTO:ADA"", ""relevance_score"": ""0.101154"", ""ticker_sentiment_score"": ""-0.045203"", ""ticker_sentiment_label"": ""Neutral""}, {""ticker"": ""CRYPTO:LEO"", ""relevance_score"": ""0.101154"", ""ticker_sentiment_score"": ""-0.004376"", ""ticker_sentiment_label"": ""Neutral""}]"
2025-04-07,"US federal agencies are expected to disclose their cryptocurrency holdings to the Department of the Treasury by April 7, following an executive order signed by President Donald Trump earlier this year.Citing an unnamed White House official, journalist Eleanor Terrett reported that the deadline ...",Cointelegraph,https://cointelegraph.com/news/federal-agencies-crypto-holdings-disclosure-deadline,0.185306,https://cointelegraph.com/news/federal-agencies-crypto-holdings-disclosure-deadline,US federal agencies to report crypto holdings to Treasury by April 7,Ezra Reguerra,https://s3.cointelegraph.com/uploads/2025-04/0196100b-a199-76c7-8987-4c6ab3e6337e,cointelegraph.com,Blockchain,0.12495,Neutral,"[{""ticker"": ""CRYPTO:BTC"", ""relevance_score"": ""0.84035"", ""ticker_sentiment_score"": ""0.174373"", ""ticker_sentiment_label"": ""Somewhat-Bullish""}, {""ticker"": ""CRYPTO:ETH"", ""relevance_score"": ""0.185306"", ""ticker_sentiment_score"": ""0.165062"", ""ticker_sentiment_label"": ""Somewhat-Bullish""}, {""ticker"": ""CRYPTO:ADA"", ""relevance_score"": ""0.185306"", ""ticker_sentiment_score"": ""0.165062"", ""ticker_sentiment_label"": ""Somewhat-Bullish""}, {""ticker"": ""CRYPTO:XRP"", ""relevance_score"": ""0.185306"", ""ticker_sentiment_score"": ""0.165062"", ""ticker_sentiment_label"": ""Somewhat-Bullish""}]"
2025-04-07,"The cryptocurrency market recorded another week of losses spurred by President Donald Trump's sweeping new tariff measures. However, some unconventional coins bucked the trend with healthy returns.",Benzinga,https://www.benzinga.com/trading-ideas/movers/25/04/44660568/fartcoin-returns-over-8-in-a-week-marked-by-dogecoin-ethereum-bloodbath,0.288893,https://www.benzinga.com/trading-ideas/movers/25/04/44660568/fartcoin-returns-over-8-in-a-week-marked-by-dogecoin-ethereum-bloodbath,"Fartcoin Returns Over 8% In A Week Marked By Dogecoin, Ethereum Bloodbath - Emeren Group  ( NYSE:SOL ) ",Aniket Verma,https://cdn.benzinga.com/files/images/story/2025/04/07/Cryptocurrency-Photo-by-Avi-Rozen-on-Shu.jpeg?width=1200&height=800&fit=crop,www.benzinga.com,"Blockchain,Financial Markets",0.108264,Neutral,"[{""ticker"": ""CRYPTO:BTC"", ""relevance_score"": ""0.288893"", ""ticker_sentiment_score"": ""-0.309547"", ""ticker_sentiment_label"": ""Somewhat-Bearish""}, {""ticker"": ""CRYPTO:SOL"", ""relevance_score"": ""0.288893"", ""ticker_sentiment_score"": ""-0.135858"", ""ticker_sentiment_label"": ""Neutral""}, {""ticker"": ""CRYPTO:XRP"", ""relevance_score"": ""0.288893"", ""ticker_sentiment_score"": ""-0.165597"", ""ticker_sentiment_label"": ""Somewhat-Bearish""}, {""ticker"": ""CRYPTO:ETH"", ""relevance_score"": ""0.288893"", ""ticker_sentiment_score"": ""-0.309547"", ""ticker_sentiment_label"": ""Somewhat-Bearish""}, {""ticker"": ""CRYPTO:SHIB"", ""relevance_score"": ""0.288893"", ""ticker_sentiment_score"": ""0.361712"", ""ticker_sentiment_label"": ""Bullish""}, {""ticker"": ""CRYPTO:DOGE"", ""relevance_score"": ""0.288893"", ""ticker_sentiment_score"": ""0.361712"", ""ticker_sentiment_label"": ""Bullish""}, {""ticker"": ""CRYPTO:ADA"", ""relevance_score"": ""0.288893"", ""ticker_sentiment_score"": ""-0.165597"", ""ticker_sentiment_label"": ""Somewhat-Bearish""}]"
2025-04-07,"An investment of $1,500 could grow into a respectable amount of money in the right place, but it's not so large that it precludes taking a bit of a risk. On that note, for some investors, Cardano ( CRYPTO: ADA ) might seem like an appealing option, as it's riskier than a pick like Bitcoin but ...",Motley Fool,https://www.fool.com/investing/2025/04/07/got-1500-heres-what-you-need-to-know-before-buying/,0.572601,https://www.fool.com/investing/2025/04/07/got-1500-heres-what-you-need-to-know-before-buying/,"Got $1,500? Here's What You Need to Know Before Buying Cardano.",Alex Carchidi,https://g.foolcdn.com/editorial/images/813440/investor-looks-at-book-with-consternation.jpg,www.fool.com,"Blockchain,Financial Markets",0.197083,Somewhat-Bullish,"[{""ticker"": ""CRYPTO:BTC"", ""relevance_score"": ""0.126119"", ""ticker_sentiment_score"": ""0.11017"", ""ticker_sentiment_label"": ""Neutral""}, {""ticker"": ""CRYPTO:ETH"", ""relevance_score"": ""0.188193"", ""ticker_sentiment_score"": ""0.121584"", ""ticker_sentiment_label"": ""Neutral""}, {""ticker"": ""CRYPTO:ADA"", ""relevance_score"": ""0.572601"", ""ticker_sentiment_score"": ""0.287261"", ""ticker_sentiment_label"": ""Somewhat-Bullish""}]"
2025-04-07,"A crypto user has gone very long on Solana, staking a very small portion of the token for the next 3,000 years, according to blockchain analytics firm Arkham Intelligence.The unknown user staked $0.05 Solana ( SOL ) in 2023, and it will unlock in the year 5138, Arkham said in an April 5 post to ...",Cointelegraph,https://cointelegraph.com/news/trader-stakes-5-cents-solana-3000-years-arkham,0.16171,https://cointelegraph.com/news/trader-stakes-5-cents-solana-3000-years-arkham,"Trader stakes $0.05 of SOL for 3,000 years: Here's what it'll be worth in 5138",Stephen Katte,https://s3.cointelegraph.com/uploads/2025-04/01960e9e-7ec4-795f-b995-7428ee71b409,cointelegraph.com,"Economy - Monetary,Blockchain,Financial Markets",0.188454,Somewhat-Bullish,"[{""ticker"": ""CRYPTO:ETH"", ""relevance_score"": ""0.16171"", ""ticker_sentiment_score"": ""0.195703"", ""ticker_sentiment_label"": ""Somewhat-Bullish""}, {""ticker"": ""CRYPTO:ADA"", ""relevance_score"": ""0.16171"", ""ticker_sentiment_score"": ""0.195703"", ""ticker_sentiment_label"": ""Somewhat-Bullish""}, {""ticker"": ""CRYPTO:KMD"", ""relevance_score"": ""0.081276"", ""ticker_sentiment_score"": ""0.071252"", ""ticker_sentiment_label"": ""Neutral""}]"
2025-04-07,"The cryptocurrency market has been caught up in President Donald Trump's tariff-induced recession fears, with many coins falling sharply from their highs since the Republican took over the White House.",Benzinga,https://www.benzinga.com/25/04/44662677/trumps-tariff-moves-have-hammered-crypto-market-but-this-large-cap-coin-has-been-the-best-of-the-bad-bunch,0.137671,https://www.benzinga.com/25/04/44662677/trumps-tariff-moves-have-hammered-crypto-market-but-this-large-cap-coin-has-been-the-best-of-the-bad-bunch,"Trump's Second Term Hasn't Been Favorable To The Crypto Market, But This Large-Cap Coin Holds Steady",Aniket Verma,https://cdn.benzinga.com/files/images/story/2025/04/07/TRUMP-Coin-Can-Buy-You-Donald-Trump-Them.jpeg?width=1200&height=800&fit=crop,www.benzinga.com,Blockchain,0.04662,Neutral,"[{""ticker"": ""CRYPTO:BTC"", ""relevance_score"": ""0.271274"", ""ticker_sentiment_score"": ""0.031637"", ""ticker_sentiment_label"": ""Neutral""}, {""ticker"": ""CRYPTO:SOL"", ""relevance_score"": ""0.137671"", ""ticker_sentiment_score"": ""-0.039818"", ""ticker_sentiment_label"": ""Neutral""}, {""ticker"": ""CRYPTO:XRP"", ""relevance_score"": ""0.137671"", ""ticker_sentiment_score"": ""-0.039818"", ""ticker_sentiment_label"": ""Neutral""}, {""ticker"": ""CRYPTO:ETH"", ""relevance_score"": ""0.271274"", ""ticker_sentiment_score"": ""-0.0653"", ""ticker_sentiment_label"": ""Neutral""}, {""ticker"": ""CRYPTO:DOGE"", ""relevance_score"": ""0.271274"", ""ticker_sentiment_score"": ""0.038032"", ""ticker_sentiment_label"": ""Neutral""}, {""ticker"": ""CRYPTO:TRX"", ""relevance_score"": ""0.137671"", ""ticker_sentiment_score"": ""0.15959"", ""ticker_sentiment_label"": ""Somewhat-Bullish""}, {""ticker"": ""CRYPTO:ADA"", ""relevance_score"": ""0.137671"", ""ticker_sentiment_score"": ""-0.039818"", ""ticker_sentiment_label"": ""Neutral""}]"
2025-04-08,"Interactive Brokers IBKR, an automated global electronic broker, announced the addition of new cryptocurrency tokens to its trading platform: Chainlink ( LINK ) , Avalanche ( AVAX ) , and Sui ( SUI ) .",Benzinga,https://www.benzinga.com/pressreleases/25/04/b44685692/interactive-brokers-expands-crypto-trading-again-with-additional-tokens,0.101797,https://www.benzinga.com/pressreleases/25/04/b44685692/interactive-brokers-expands-crypto-trading-again-with-additional-tokens,Interactive Brokers Expands Crypto Trading Again with Additional Tokens,,,www.benzinga.com,"Finance,Blockchain,Financial Markets",0.26472,Somewhat-Bullish,"[{""ticker"": ""IBKR"", ""relevance_score"": ""0.693907"", ""ticker_sentiment_score"": ""0.420442"", ""ticker_sentiment_label"": ""Bullish""}, {""ticker"": ""LQDT"", ""relevance_score"": ""0.051003"", ""ticker_sentiment_score"": ""0.0496"", ""ticker_sentiment_label"": ""Neutral""}, {""ticker"": ""CRYPTO:BTC"", ""relevance_score"": ""0.152178"", ""ticker_sentiment_score"": ""0.09732"", ""ticker_sentiment_label"": ""Neutral""}, {""ticker"": ""CRYPTO:BCH"", ""relevance_score"": ""0.101797"", ""ticker_sentiment_score"": ""0.080776"", ""ticker_sentiment_label"": ""Neutral""}, {""ticker"": ""CRYPTO:ETH"", ""relevance_score"": ""0.101797"", ""ticker_sentiment_score"": ""0.080776"", ""ticker_sentiment_label"": ""Neutral""}, {""ticker"": ""CRYPTO:DOGE"", ""relevance_score"": ""0.101797"", ""ticker_sentiment_score"": ""0.080776"", ""ticker_sentiment_label"": ""Neutral""}, {""ticker"": ""CRYPTO:LINK"", ""relevance_score"": ""0.201944"", ""ticker_sentiment_score"": ""0.258625"", ""ticker_sentiment_label"": ""Somewhat-Bullish""}, {""ticker"": ""CRYPTO:LTC"", ""relevance_score"": ""0.101797"", ""ticker_sentiment_score"": ""0.080776"", ""ticker_sentiment_label"": ""Neutral""}, {""ticker"": ""CRYPTO:ADA"", ""relevance_score"": ""0.101797"", ""ticker_sentiment_score"": ""0.080776"", ""ticker_sentiment_label"": ""Neutral""}]"
2025-04-08,"SINGAPORE, April 08, 2025 ( GLOBE NEWSWIRE ) -- Amid heightened volatility in the global cryptocurrency market, BexBack, a rapidly growing crypto derivatives exchange, today announced the launch of three major promotional offers alongside two innovative trading tools.",Benzinga,https://www.benzinga.com/pressreleases/25/04/g44685686/bexback-launches-three-exclusive-promotions-and-two-innovative-tools-to-revolutionize-100x-crypto-,0.200688,https://www.benzinga.com/pressreleases/25/04/g44685686/bexback-launches-three-exclusive-promotions-and-two-innovative-tools-to-revolutionize-100x-crypto-,BexBack Launches Three Exclusive Promotions and Two Innovative Tools to Revolutionize 100x Crypto Futures Trading,Globe Newswire,https://ml.globenewswire.com/Resource/Download/1a4075b9-c14c-4bf3-96d7-48d29aba0a79/bexback.jpeg,www.benzinga.com,"Blockchain,Financial Markets",0.43043,Bullish,"[{""ticker"": ""CRYPTO:BTC"", ""relevance_score"": ""0.502207"", ""ticker_sentiment_score"": ""0.580598"", ""ticker_sentiment_label"": ""Bullish""}, {""ticker"": ""CRYPTO:ETH"", ""relevance_score"": ""0.200688"", ""ticker_sentiment_score"": ""0.276086"", ""ticker_sentiment_label"": ""Somewhat-Bullish""}, {""ticker"": ""CRYPTO:USDT"", ""relevance_score"": ""0.388879"", ""ticker_sentiment_score"": ""0.662832"", ""ticker_sentiment_label"": ""Bullish""}, {""ticker"": ""CRYPTO:ADA"", ""relevance_score"": ""0.200688"", ""ticker_sentiment_score"": ""0.276086"", ""ticker_sentiment_label"": ""Somewhat-Bullish""}, {""ticker"": ""CRYPTO:XRP"", ""relevance_score"": ""0.13459"", ""ticker_sentiment_score"": ""0.214161"", ""ticker_sentiment_label"": ""Somewhat-Bullish""}]"
2025-04-08,Dogecoin's rise has left it still 9.8% lower than it was this time last week and DOGE is trailing its price from last month by 16.4%.,Decrypt.co,https://decrypt.co/313881/dogecoin-avalanche-altcoin-rebound,0.090816,https://decrypt.co/313881/dogecoin-avalanche-altcoin-rebound,Dogecoin and Avalanche Lead Altcoin Rebound as Crypto Markets Bounce Back,Will McCurdy,https://cdn.decrypt.co/resize/1024/height/512/wp-content/uploads/2023/08/Shiba-Inu-shutterstock_1604677465-16x9-1-gID_7.jpg,decrypt.co,"Blockchain,Financial Markets",-0.014393,Neutral,"[{""ticker"": ""CRYPTO:BTC"", ""relevance_score"": ""0.267804"", ""ticker_sentiment_score"": ""0.0"", ""ticker_sentiment_label"": ""Neutral""}, {""ticker"": ""CRYPTO:DOGE"", ""relevance_score"": ""0.351807"", ""ticker_sentiment_score"": ""-0.024977"", ""ticker_sentiment_label"": ""Neutral""}, {""ticker"": ""CRYPTO:LINK"", ""relevance_score"": ""0.090816"", ""ticker_sentiment_score"": ""0.076843"", ""ticker_sentiment_label"": ""Neutral""}, {""ticker"": ""CRYPTO:ADA"", ""relevance_score"": ""0.090816"", ""ticker_sentiment_score"": ""0.076843"", ""ticker_sentiment_label"": ""Neutral""}]"
2025-04-08,"Cardano's ADA/USD price has increased 3.14% over the past 24 hours to $0.60, which is in the opposite direction of its trend over the past week, where it has experienced a 11.0% loss, moving from $0.68 to its current price. As it stands right now, the coin's all-time high is $3.09.",Benzinga,https://www.benzinga.com/insights/cryptocurrency/25/04/44694653/cardano-rises-more-than-3-in-24-hours,0.543004,https://www.benzinga.com/insights/cryptocurrency/25/04/44694653/cardano-rises-more-than-3-in-24-hours,Cardano Rises More Than 3% In 24 hours,Benzinga Insights,https://www.benzinga.com/files/images/story/2025/1744124407_0.png,www.benzinga.com,Financial Markets,0.073258,Neutral,"[{""ticker"": ""CRYPTO:ADA"", ""relevance_score"": ""0.543004"", ""ticker_sentiment_score"": ""-0.003328"", ""ticker_sentiment_label"": ""Neutral""}]"
2025-04-09,"Bitcoin and Ethereum plunge as the trade war intensifies, triggering $411 million in total liquidations over the past 24 hours.",Decrypt.co,https://decrypt.co/314059/bitcoin-ethereum-dip-trumps-tariffs-china,0.086556,https://decrypt.co/314059/bitcoin-ethereum-dip-trumps-tariffs-china,"Bitcoin, Ethereum Dip as Trump's Tariffs on China Take Effect","Sebastian Sinclair,Vince Dioquino",https://cdn.decrypt.co/resize/1024/height/512/wp-content/uploads/2023/09/Bitcoin-Ethereum-shutterstock_2111616764-16x9-1-gID_7.jpg,decrypt.co,"Blockchain,Financial Markets",-0.269071,Somewhat-Bearish,"[{""ticker"": ""CRYPTO:BTC"", ""relevance_score"": ""0.255641"", ""ticker_sentiment_score"": ""-0.028685"", ""ticker_sentiment_label"": ""Neutral""}, {""ticker"": ""CRYPTO:ETH"", ""relevance_score"": ""0.172097"", ""ticker_sentiment_score"": ""-0.094819"", ""ticker_sentiment_label"": ""Neutral""}, {""ticker"": ""CRYPTO:DOGE"", ""relevance_score"": ""0.086556"", ""ticker_sentiment_score"": ""-0.093602"", ""ticker_sentiment_label"": ""Neutral""}, {""ticker"": ""CRYPTO:ADA"", ""relevance_score"": ""0.086556"", ""ticker_sentiment_score"": ""-0.093602"", ""ticker_sentiment_label"": ""Neutral""}]"
2025-04-09,"The next generation of cryptocurrency projects must embrace a more collaborative approach to compete with major centralized tech companies entering the Web3 space, according to Cardano founder Charles Hoskinson.Speaking at Paris Blockchain Week 2025, Hoskinson said one of the main criticisms of ...",Cointelegraph,https://cointelegraph.com/news/crypto-needs-collaboration-to-compete-with-big-tech-hoskinson,0.262052,https://cointelegraph.com/news/crypto-needs-collaboration-to-compete-with-big-tech-hoskinson,4th gen crypto needs collaborative tokenomics against tech giants - Hoskinson,Zoltan Vardai,https://s3.cointelegraph.com/uploads/2025-04/019619dc-6949-7523-a12e-249679a90ec7,cointelegraph.com,"Technology,Blockchain",0.116164,Neutral,"[{""ticker"": ""MSFT"", ""relevance_score"": ""0.088799"", ""ticker_sentiment_score"": ""0.030721"", ""ticker_sentiment_label"": ""Neutral""}, {""ticker"": ""GOOG"", ""relevance_score"": ""0.088799"", ""ticker_sentiment_score"": ""0.030721"", ""ticker_sentiment_label"": ""Neutral""}, {""ticker"": ""CRYPTO:ETH"", ""relevance_score"": ""0.088799"", ""ticker_sentiment_score"": ""0.0"", ""ticker_sentiment_label"": ""Neutral""}, {""ticker"": ""CRYPTO:ADA"", ""relevance_score"": ""0.262052"", ""ticker_sentiment_score"": ""0.201315"", ""ticker_sentiment_label"": ""Somewhat-Bullish""}]"
2025-04-09,"Risky assets remain volatile as trade war tension between the United States and China keeps investors on the edge. A minor positive is that Bitcoin ( BTC ) has avoided a sharp fall and is trading well above the crucial near-term support at $73,777.",Cointelegraph,https://cointelegraph.com/news/price-analysis-4-9-btc-eth-xrp-bnb-sol-doge-ada-leo-link-ton,0.097589,https://cointelegraph.com/news/price-analysis-4-9-btc-eth-xrp-bnb-sol-doge-ada-leo-link-ton,"Price analysis 4/9: BTC, ETH, XRP, BNB, SOL, DOGE, ADA, LEO, LINK, TON",Rakesh Upadhyay,https://s3.cointelegraph.com/uploads/2025-04/01961b97-17f9-7a62-b2c9-aeb4664445c3,cointelegraph.com,"Blockchain,Financial Markets",-0.119068,Neutral,"[{""ticker"": ""BACHY"", ""relevance_score"": ""0.032602"", ""ticker_sentiment_score"": ""0.028573"", ""ticker_sentiment_label"": ""Neutral""}, {""ticker"": ""FOREX:CNY"", ""relevance_score"": ""0.032602"", ""ticker_sentiment_score"": ""0.028573"", ""ticker_sentiment_label"": ""Neutral""}, {""ticker"": ""CRYPTO:BTC"", ""relevance_score"": ""0.256314"", ""ticker_sentiment_score"": ""0.037015"", ""ticker_sentiment_label"": ""Neutral""}, {""ticker"": ""CRYPTO:ETH"", ""relevance_score"": ""0.097589"", ""ticker_sentiment_score"": ""0.042795"", ""ticker_sentiment_label"": ""Neutral""}, {""ticker"": ""CRYPTO:DOGE"", ""relevance_score"": ""0.097589"", ""ticker_sentiment_score"": ""-0.108859"", ""ticker_sentiment_label"": ""Neutral""}, {""ticker"": ""CRYPTO:LINK"", ""relevance_score"": ""0.097589"", ""ticker_sentiment_score"": ""0.088331"", ""ticker_sentiment_label"": ""Neutral""}, {""ticker"": ""CRYPTO:ADA"", ""relevance_score"": ""0.097589"", ""ticker_sentiment_score"": ""-0.049983"", ""ticker_sentiment_label"": ""Neutral""}, {""ticker"": ""CRYPTO:LEO"", ""relevance_score"": ""0.097589"", ""ticker_sentiment_score"": ""-0.139125"", ""ticker_sentiment_label"": ""Neutral""}]"
2025-04-09,"XRP, Solana, and Cardano have dropped sharply amid escalating geopolitical tensions from the ongoing tariff war. Some traders believe these current levels could present strong accumulation zones ahead of a potential rally. Pelosi's latest AI pick skyrocketed 169% in just one month.",Benzinga,https://www.benzinga.com/markets/cryptocurrency/25/04/44719038/xrp-solana-cardano-plunge-over-15-in-7-days-is-a-rebound-coming,0.381755,https://www.benzinga.com/markets/cryptocurrency/25/04/44719038/xrp-solana-cardano-plunge-over-15-in-7-days-is-a-rebound-coming,"XRP, Solana, Cardano Plunge Over 15% In 7 Days: Is A Rebound Coming?",Khyathi Dalal,https://cdn.benzinga.com/files/images/story/2025/04/09/XRP-Becomes-Third-Most-Valued-Crypto--Be.jpeg?width=1200&height=800&fit=crop,www.benzinga.com,"Blockchain,Financial Markets",0.148587,Neutral,"[{""ticker"": ""CRYPTO:ADA"", ""relevance_score"": ""0.381755"", ""ticker_sentiment_score"": ""-0.466279"", ""ticker_sentiment_label"": ""Bearish""}]"
2025-04-09,"Altcoins like DOGE and XRP are ripping higher after President Trump put a 90-day pause on most of his ""reciprocal"" tariffs.",Decrypt.co,https://decrypt.co/314175/xrp-solana-dogecoin-comeback-trump-tariff-pause,0.222838,https://decrypt.co/314175/xrp-solana-dogecoin-comeback-trump-tariff-pause,"XRP, Solana and Dogecoin Lead Altcoin Comeback After Trump Tariff Pause",Logan Hitchcock,https://cdn.decrypt.co/resize/1024/height/512/wp-content/uploads/2024/12/bitcoin-dogecoin-xrp-gID_7.png,decrypt.co,"Blockchain,Financial Markets",0.293617,Somewhat-Bullish,"[{""ticker"": ""CRYPTO:BTC"", ""relevance_score"": ""0.112532"", ""ticker_sentiment_score"": ""0.182788"", ""ticker_sentiment_label"": ""Somewhat-Bullish""}, {""ticker"": ""CRYPTO:ETH"", ""relevance_score"": ""0.222838"", ""ticker_sentiment_score"": ""0.260766"", ""ticker_sentiment_label"": ""Somewhat-Bullish""}, {""ticker"": ""CRYPTO:SHIB"", ""relevance_score"": ""0.222838"", ""ticker_sentiment_score"": ""0.236132"", ""ticker_sentiment_label"": ""Somewhat-Bullish""}, {""ticker"": ""CRYPTO:DOGE"", ""relevance_score"": ""0.428632"", ""ticker_sentiment_score"": ""0.194932"", ""ticker_sentiment_label"": ""Somewhat-Bullish""}, {""ticker"": ""CRYPTO:ADA"", ""relevance_score"": ""0.222838"", ""ticker_sentiment_score"": ""0.105486"", ""ticker_sentiment_label"": ""Neutral""}]"
2025-04-10,"Global cryptocurrency market capitalization is trading 1.8% higher to $2.52 trillion. Traders remain cautious: one says Bitcoin must flip $90,000 to confirm further upside, another spots a sell signal forming. Pelosi's latest AI pick skyrocketed 169% in just one month.",Benzinga,https://www.benzinga.com/markets/cryptocurrency/25/04/44749653/bitcoin-ethereum-xrp-dogecoin-lose-steam-trader-warns-of-new-lows-under-one-condition,0.074926,https://www.benzinga.com/markets/cryptocurrency/25/04/44749653/bitcoin-ethereum-xrp-dogecoin-lose-steam-trader-warns-of-new-lows-under-one-condition,"Bitcoin, Ethereum, XRP, Dogecoin Lose Steam, Trader Warns Of 'New Lows' Under One Condition",Khyathi Dalal,https://cdn.benzinga.com/files/images/story/2025/04/10/Cryptocurrency-Photo-by-SvetlanaParnikov_0.jpeg?width=1200&height=800&fit=crop,www.benzinga.com,"Blockchain,Financial Markets",-0.089531,Neutral,"[{""ticker"": ""CRYPTO:BTC"", ""relevance_score"": ""0.427425"", ""ticker_sentiment_score"": ""-0.330789"", ""ticker_sentiment_label"": ""Somewhat-Bearish""}, {""ticker"": ""CRYPTO:ADA"", ""relevance_score"": ""0.074926"", ""ticker_sentiment_score"": ""0.0"", ""ticker_sentiment_label"": ""Neutral""}]"
2025-04-10,"With financial markets wobbling amid the economic disruptions that are anticipated due to new tariffs, the possibility of a bear market in crypto is decisively on the table. If a bear market does happen, it could be a great opportunity to load up on quality crypto assets for pennies on the ...",Motley Fool,https://www.fool.com/investing/2025/04/10/is-ethereum-a-dirt-cheap-bear-market-buy/,0.057907,https://www.fool.com/investing/2025/04/10/is-ethereum-a-dirt-cheap-bear-market-buy/,Is Ethereum a Dirt Cheap Bear Market Buy?,Alex Carchidi,https://g.foolcdn.com/editorial/images/814115/pensive-investor-considers-computer.jpg,www.fool.com,"Blockchain,Financial Markets",-0.029667,Neutral,"[{""ticker"": ""FOREX:USD"", ""relevance_score"": ""0.057907"", ""ticker_sentiment_score"": ""-0.089617"", ""ticker_sentiment_label"": ""Neutral""}, {""ticker"": ""CRYPTO:ETH"", ""relevance_score"": ""0.438836"", ""ticker_sentiment_score"": ""-0.090464"", ""ticker_sentiment_label"": ""Neutral""}, {""ticker"": ""CRYPTO:ADA"", ""relevance_score"": ""0.057907"", ""ticker_sentiment_score"": ""-0.1094"", ""ticker_sentiment_label"": ""Neutral""}]"
2025-04-10,"A sharp rise in speculative interest is likely by late summer, according to Hoskinson's market outlook. The number of crypto users globally jumped 13% in 2024, further validating demand for decentralized finance alternatives. Feel unsure about the market's next move?",Benzinga,https://www.benzinga.com/markets/cryptocurrency/25/04/44738201/bitcoin-could-surge-to-250000-says-cardano-co-founder-charles-hoskinson,0.149656,https://www.benzinga.com/markets/cryptocurrency/25/04/44738201/bitcoin-could-surge-to-250000-says-cardano-co-founder-charles-hoskinson,"Bitcoin Could Surge To $250,000, Says Cardano Co-Founder Charles Hoskinson",Murtuza J Merchant,https://cdn.benzinga.com/files/images/story/2025/04/10/Downsides-In-Bitcoin.jpeg?width=1200&height=800&fit=crop,www.benzinga.com,"Economy - Monetary,Financial Markets,Technology,Blockchain",0.263217,Somewhat-Bullish,"[{""ticker"": ""MSFT"", ""relevance_score"": ""0.075161"", ""ticker_sentiment_score"": ""0.213702"", ""ticker_sentiment_label"": ""Somewhat-Bullish""}, {""ticker"": ""CRYPTO:BTC"", ""relevance_score"": ""0.294093"", ""ticker_sentiment_score"": ""0.052601"", ""ticker_sentiment_label"": ""Neutral""}, {""ticker"": ""CRYPTO:ETH"", ""relevance_score"": ""0.149656"", ""ticker_sentiment_score"": ""0.0"", ""ticker_sentiment_label"": ""Neutral""}, {""ticker"": ""CRYPTO:ADA"", ""relevance_score"": ""0.149656"", ""ticker_sentiment_score"": ""0.0"", ""ticker_sentiment_label"": ""Neutral""}]"
2025-04-11,"In a significant win for decentralized finance ( DeFi ) protocols, US President Donald Trump overturned the Internal Revenue Service's DeFi broker rule, which would have expanded existing reporting requirements to include DeFi platforms.",Cointelegraph,https://cointelegraph.com/news/trump-kills-defi-broker-rule-major-crypto-win-finance-redefined,0.070002,https://cointelegraph.com/news/trump-kills-defi-broker-rule-major-crypto-win-finance-redefined,Trump kills DeFi broker rule in major crypto win: Finance Redefined,Zoltan Vardai,https://s3.cointelegraph.com/uploads/2025-04/019624fc-15c3-758d-ae63-be41fde597a6,cointelegraph.com,"Financial Markets,Earnings,Technology,Blockchain",0.021737,Neutral,"[{""ticker"": ""MSFT"", ""relevance_score"": ""0.035035"", ""ticker_sentiment_score"": ""0.028351"", ""ticker_sentiment_label"": ""Neutral""}, {""ticker"": ""GOOG"", ""relevance_score"": ""0.035035"", ""ticker_sentiment_score"": ""0.028351"", ""ticker_sentiment_label"": ""Neutral""}, {""ticker"": ""CRYPTO:BTC"", ""relevance_score"": ""0.207868"", ""ticker_sentiment_score"": ""0.110334"", ""ticker_sentiment_label"": ""Neutral""}, {""ticker"": ""CRYPTO:ETH"", ""relevance_score"": ""0.070002"", ""ticker_sentiment_score"": ""-0.103203"", ""ticker_sentiment_label"": ""Neutral""}, {""ticker"": ""CRYPTO:ADA"", ""relevance_score"": ""0.070002"", ""ticker_sentiment_score"": ""0.116547"", ""ticker_sentiment_label"": ""Neutral""}]"
2025-04-11,"Bitcoin ( BTC ) is showing strength as buyers have pushed the price above $82,500, but higher levels are likely to attract solid selling from the bears. CryptoQuant analysts said in a recent market report that Bitcoin could face resistance around $84,000, but if the level is surpassed, the next ...",Cointelegraph,https://cointelegraph.com/news/price-analysis-4-11-btc-eth-xrp-bnb-sol-doge-ada-leo-link-avax,0.101012,https://cointelegraph.com/news/price-analysis-4-11-btc-eth-xrp-bnb-sol-doge-ada-leo-link-avax,"Price analysis 4/11: BTC, ETH, XRP, BNB, SOL, DOGE, ADA, LEO, LINK, AVAX",Rakesh Upadhyay,https://s3.cointelegraph.com/uploads/2025-04/01962598-0178-7ab4-9fc8-c038632a0408,cointelegraph.com,"Blockchain,Financial Markets",-0.072864,Neutral,"[{""ticker"": ""CRYPTO:BTC"", ""relevance_score"": ""0.296662"", ""ticker_sentiment_score"": ""0.0"", ""ticker_sentiment_label"": ""Neutral""}, {""ticker"": ""CRYPTO:ETH"", ""relevance_score"": ""0.101012"", ""ticker_sentiment_score"": ""-0.194612"", ""ticker_sentiment_label"": ""Somewhat-Bearish""}, {""ticker"": ""CRYPTO:DOGE"", ""relevance_score"": ""0.101012"", ""ticker_sentiment_score"": ""0.005637"", ""ticker_sentiment_label"": ""Neutral""}, {""ticker"": ""CRYPTO:LINK"", ""relevance_score"": ""0.101012"", ""ticker_sentiment_score"": ""-0.020478"", ""ticker_sentiment_label"": ""Neutral""}, {""ticker"": ""CRYPTO:ADA"", ""relevance_score"": ""0.101012"", ""ticker_sentiment_score"": ""0.096577"", ""ticker_sentiment_label"": ""Neutral""}, {""ticker"": ""CRYPTO:LEO"", ""relevance_score"": ""0.101012"", ""ticker_sentiment_score"": ""-0.118517"", ""ticker_sentiment_label"": ""Neutral""}]"
2025-04-12,Trump's policies should push more institutional investors to adopt Bitcoin.,Motley Fool,https://www.fool.com/investing/2025/04/12/president-donald-trump-just-instituted-2-key-polic/,0.068896,https://www.fool.com/investing/2025/04/12/president-donald-trump-just-instituted-2-key-polic/,President Donald Trump Just Instituted 2 Key Policies That Could Trigger Bitcoin's Next Bull Run,Adam Levy,https://g.foolcdn.com/image/?url=https%3A%2F%2Fg.foolcdn.com%2Feditorial%2Fimages%2F814315%2Fgetty-images-gold-coin-with-bitcoin-symbol-on-it-cryptocurrency-btc-2128x1409-3b482f4.jpeg&op=resize&w=700,www.fool.com,"Blockchain,Economy - Macro",0.12098,Neutral,"[{""ticker"": ""FOREX:USD"", ""relevance_score"": ""0.454945"", ""ticker_sentiment_score"": ""-0.089252"", ""ticker_sentiment_label"": ""Neutral""}, {""ticker"": ""CRYPTO:BTC"", ""relevance_score"": ""0.738953"", ""ticker_sentiment_score"": ""0.472147"", ""ticker_sentiment_label"": ""Bullish""}, {""ticker"": ""CRYPTO:ETH"", ""relevance_score"": ""0.068896"", ""ticker_sentiment_score"": ""0.155691"", ""ticker_sentiment_label"": ""Somewhat-Bullish""}, {""ticker"": ""CRYPTO:ADA"", ""relevance_score"": ""0.068896"", ""ticker_sentiment_score"": ""0.155691"", ""ticker_sentiment_label"": ""Somewhat-Bullish""}, {""ticker"": ""CRYPTO:XRP"", ""relevance_score"": ""0.068896"", ""ticker_sentiment_score"": ""0.155691"", ""ticker_sentiment_label"": ""Somewhat-Bullish""}]"
2025-04-14,"Trump Tariffs Have Put 'America Last' For Investors, Peter Schiff Warns Of A Financial Crisis Worse Than 2008 US Stocks Likely To Open Higher: Expert Says 'The Selling Pressure Is Starting To Be Exhausted' Dow Jumps Over 600 Points Following Strong Bank Earnings: Greed Index Remains In 'Extreme ...",Benzinga,https://www.benzinga.com/news/25/04/44792010/white-house-to-reveal-semiconductor-tariff-plan-this-week-michael-saylor-resumes-bitcoin-buying-after-brief-,0.034233,https://www.benzinga.com/news/25/04/44792010/white-house-to-reveal-semiconductor-tariff-plan-this-week-michael-saylor-resumes-bitcoin-buying-after-brief-,"White House To Reveal Semiconductor Tariff Plan This Week; Michael Saylor Resumes Bitcoin Buying After Brief Pause: 'No Tariffs On Orange Dots'; ConocoPhillips Vs. Occidental: Both Surge On Oil, But Only One Sets The Pace - Top Headlines While the U.S. Slept",Akanksha Bakshi,https://cdn.benzinga.com/files/images/story/2025/04/14/Import-Trade-Tariffs-Increase-Concept-Wi_0.jpeg?width=1200&height=800&fit=crop,www.benzinga.com,"Life Sciences,Energy & Transportation,Finance,Retail & Wholesale,Financial Markets,Manufacturing,Earnings",-0.056398,Neutral,"[{""ticker"": ""NVDA"", ""relevance_score"": ""0.102449"", ""ticker_sentiment_score"": ""-0.047715"", ""ticker_sentiment_label"": ""Neutral""}, {""ticker"": ""TSLA"", ""relevance_score"": ""0.068404"", ""ticker_sentiment_score"": ""0.0"", ""ticker_sentiment_label"": ""Neutral""}, {""ticker"": ""COP"", ""relevance_score"": ""0.034233"", ""ticker_sentiment_score"": ""0.0"", ""ticker_sentiment_label"": ""Neutral""}, {""ticker"": ""DNA"", ""relevance_score"": ""0.034233"", ""ticker_sentiment_score"": ""0.0"", ""ticker_sentiment_label"": ""Neutral""}, {""ticker"": ""CAKE"", ""relevance_score"": ""0.034233"", ""ticker_sentiment_score"": ""0.0"", ""ticker_sentiment_label"": ""Neutral""}, {""ticker"": ""NEM"", ""relevance_score"": ""0.034233"", ""ticker_sentiment_score"": ""0.043695"", ""ticker_sentiment_label"": ""Neutral""}, {""ticker"": ""RIVN"", ""relevance_score"": ""0.034233"", ""ticker_sentiment_score"": ""0.0"", ""ticker_sentiment_label"": ""Neutral""}, {""ticker"": ""GS"", ""relevance_score"": ""0.068404"", ""ticker_sentiment_score"": ""0.124439"", ""ticker_sentiment_label"": ""Neutral""}, {""ticker"": ""TSM"", ""relevance_score"": ""0.034233"", ""ticker_sentiment_score"": ""0.234531"", ""ticker_sentiment_label"": ""Somewhat-Bullish""}, {""ticker"": ""CRYPTO:BTC"", ""relevance_score"": ""0.268663"", ""ticker_sentiment_score"": ""-0.175561"", ""ticker_sentiment_label"": ""Somewhat-Bearish""}, {""ticker"": ""CRYPTO:ETH"", ""relevance_score"": ""0.068404"", ""ticker_sentiment_score"": ""-0.065171"", ""ticker_sentiment_label"": ""Neutral""}, {""ticker"": ""CRYPTO:DOGE"", ""relevance_score"": ""0.102449"", ""ticker_sentiment_score"": ""0.039451"", ""ticker_sentiment_label"": ""Neutral""}, {""ticker"": ""CRYPTO:ADA"", ""relevance_score"": ""0.034233"", ""ticker_sentiment_score"": ""-0.130905"", ""ticker_sentiment_label"": ""Neutral""}]"
2025-04-14,"Bitcoin ( BTC ) bulls are trying to start the week on a positive note by pushing the price above $85,000. Michael Saylor's Strategy has used the recent dip to buy 3,459 Bitcoin for $285.5 million at an average price of $82,618.",Cointelegraph,https://cointelegraph.com/news/price-analysis-4-14-spx-dxy-btc-eth-xrp-bnb-sol-doge-ada-leo,0.101012,https://cointelegraph.com/news/price-analysis-4-14-spx-dxy-btc-eth-xrp-bnb-sol-doge-ada-leo,"Price analysis 4/14: SPX, DXY, BTC, ETH, XRP, BNB, SOL, DOGE, ADA, LEO",Rakesh Upadhyay,https://s3.cointelegraph.com/uploads/2025-04/01963530-ccd3-7c87-83a3-17be643cd43a,cointelegraph.com,"Blockchain,Financial Markets,Economy - Macro",-0.031355,Neutral,"[{""ticker"": ""FOREX:USD"", ""relevance_score"": ""0.067441"", ""ticker_sentiment_score"": ""-0.063127"", ""ticker_sentiment_label"": ""Neutral""}, {""ticker"": ""CRYPTO:BTC"", ""relevance_score"": ""0.265017"", ""ticker_sentiment_score"": ""-0.008121"", ""ticker_sentiment_label"": ""Neutral""}, {""ticker"": ""CRYPTO:ETH"", ""relevance_score"": ""0.134402"", ""ticker_sentiment_score"": ""-0.002444"", ""ticker_sentiment_label"": ""Neutral""}, {""ticker"": ""CRYPTO:DOGE"", ""relevance_score"": ""0.101012"", ""ticker_sentiment_score"": ""-0.178059"", ""ticker_sentiment_label"": ""Somewhat-Bearish""}, {""ticker"": ""CRYPTO:ADA"", ""relevance_score"": ""0.101012"", ""ticker_sentiment_score"": ""-0.136803"", ""ticker_sentiment_label"": ""Neutral""}, {""ticker"": ""CRYPTO:LEO"", ""relevance_score"": ""0.101012"", ""ticker_sentiment_score"": ""0.002179"", ""ticker_sentiment_label"": ""Neutral""}]"
2025-04-14,"The cryptocurrency market charted an impressive recovery last week, aided by some relief from President Donald Trump's tariff measures. What happened: Onyxcoin, the governance and utility token of the Web3 protocol Onyx, surged 134% to last week's biggest gainers list.",Benzinga,https://www.benzinga.com/25/04/44782168/dogecoin-xrp-pumped-in-last-weeks-rebound-but-this-under-the-radar-token-was-the-real-head-turner-with-a-134-rall,0.238133,https://www.benzinga.com/25/04/44782168/dogecoin-xrp-pumped-in-last-weeks-rebound-but-this-under-the-radar-token-was-the-real-head-turner-with-a-134-rall,"Dogecoin, XRP Pumped In Last Week's Rebound But This Under-The-Radar Token Was The Real Head-Turner With A 134% Rally - Emeren Group  ( NYSE:SOL ) ",Aniket Verma,https://cdn.benzinga.com/files/images/story/2025/04/14/Cryptocurrency-Photo-by-Avi-Rozen-on-Shu.jpeg?width=1200&height=800&fit=crop,www.benzinga.com,"Blockchain,Financial Markets",0.336785,Somewhat-Bullish,"[{""ticker"": ""CRYPTO:BTC"", ""relevance_score"": ""0.238133"", ""ticker_sentiment_score"": ""0.208593"", ""ticker_sentiment_label"": ""Somewhat-Bullish""}, {""ticker"": ""CRYPTO:SOL"", ""relevance_score"": ""0.238133"", ""ticker_sentiment_score"": ""0.31836"", ""ticker_sentiment_label"": ""Somewhat-Bullish""}, {""ticker"": ""CRYPTO:XCN"", ""relevance_score"": ""0.120431"", ""ticker_sentiment_score"": ""0.0"", ""ticker_sentiment_label"": ""Neutral""}, {""ticker"": ""CRYPTO:XRP"", ""relevance_score"": ""0.238133"", ""ticker_sentiment_score"": ""0.366412"", ""ticker_sentiment_label"": ""Bullish""}, {""ticker"": ""CRYPTO:ETH"", ""relevance_score"": ""0.455525"", ""ticker_sentiment_score"": ""0.125374"", ""ticker_sentiment_label"": ""Neutral""}, {""ticker"": ""CRYPTO:SHIB"", ""relevance_score"": ""0.238133"", ""ticker_sentiment_score"": ""0.517828"", ""ticker_sentiment_label"": ""Bullish""}, {""ticker"": ""CRYPTO:DOGE"", ""relevance_score"": ""0.238133"", ""ticker_sentiment_score"": ""0.517828"", ""ticker_sentiment_label"": ""Bullish""}, {""ticker"": ""CRYPTO:ADA"", ""relevance_score"": ""0.238133"", ""ticker_sentiment_score"": ""0.366412"", ""ticker_sentiment_label"": ""Bullish""}]"
2025-04-15,"In its first five years of existence, Ethereum ( CRYPTO: ETH ) skyrocketed in value by more than 16,000% to hit an all-time high of $4,892 in November 2021. Today, it remains the second-largest cryptocurrency in the world, with a market cap of almost $200 billion.In many ways, Ethereum is at a ...",Motley Fool,https://www.fool.com/investing/2025/04/15/where-will-ethereum-be-in-5-years/,0.051999,https://www.fool.com/investing/2025/04/15/where-will-ethereum-be-in-5-years/,Where Will Ethereum Be in 5 Years?,Dominic Basulto,https://g.foolcdn.com/image/?url=https%3A%2F%2Fg.foolcdn.com%2Feditorial%2Fimages%2F814525%2Fwoman-using-ethereum.jpg&op=resize&w=700,www.fool.com,"Blockchain,Financial Markets",0.278127,Somewhat-Bullish,"[{""ticker"": ""CRCW"", ""relevance_score"": ""0.051999"", ""ticker_sentiment_score"": ""0.169921"", ""ticker_sentiment_label"": ""Somewhat-Bullish""}, {""ticker"": ""CRYPTO:BTC"", ""relevance_score"": ""0.103778"", ""ticker_sentiment_score"": ""0.074382"", ""ticker_sentiment_label"": ""Neutral""}, {""ticker"": ""CRYPTO:ETH"", ""relevance_score"": ""0.932163"", ""ticker_sentiment_score"": ""0.469701"", ""ticker_sentiment_label"": ""Bullish""}, {""ticker"": ""CRYPTO:ADA"", ""relevance_score"": ""0.051999"", ""ticker_sentiment_score"": ""-0.034998"", ""ticker_sentiment_label"": ""Neutral""}]"
2025-04-15,"XRP exchange-traded funds may be the next SEC-approved product that gives investors exposure to crypto, according to data firm Kaiko.",Decrypt.co,https://decrypt.co/314925/xrp-etfs-likely-next-sec-approval-kaiko,0.082111,https://decrypt.co/314925/xrp-etfs-likely-next-sec-approval-kaiko,"XRP ETFs Likely Next to Get SEC Approval, Beating DOGE and Solana: Kaiko",Mat Di Salvo,https://cdn.decrypt.co/resize/1024/height/512/wp-content/uploads/2025/01/xrp-gID_7.jpg,decrypt.co,"Blockchain,Financial Markets",0.143,Neutral,"[{""ticker"": ""CRYPTO:BTC"", ""relevance_score"": ""0.082111"", ""ticker_sentiment_score"": ""0.215113"", ""ticker_sentiment_label"": ""Somewhat-Bullish""}, {""ticker"": ""CRYPTO:ETH"", ""relevance_score"": ""0.082111"", ""ticker_sentiment_score"": ""0.215113"", ""ticker_sentiment_label"": ""Somewhat-Bullish""}, {""ticker"": ""CRYPTO:DOGE"", ""relevance_score"": ""0.082111"", ""ticker_sentiment_score"": ""0.003068"", ""ticker_sentiment_label"": ""Neutral""}, {""ticker"": ""CRYPTO:LTC"", ""relevance_score"": ""0.082111"", ""ticker_sentiment_score"": ""0.003068"", ""ticker_sentiment_label"": ""Neutral""}, {""ticker"": ""CRYPTO:ADA"", ""relevance_score"": ""0.082111"", ""ticker_sentiment_score"": ""0.003068"", ""ticker_sentiment_label"": ""Neutral""}]"
2025-04-16,"Cardano ( CRYPTO: ADA ) might have a significant lead in a domain that most other cryptocurrencies are only starting to think about. That domain pertains to a certain risk that could crack the cryptography that protects today's blockchains from intruders, hackers, and other bad actors.But does ...",Motley Fool,https://www.fool.com/investing/2025/04/16/cardano-might-get-ahead-of-this-1-big-risk-but-is/,0.474958,https://www.fool.com/investing/2025/04/16/cardano-might-get-ahead-of-this-1-big-risk-but-is/,Cardano Might Get Ahead of This 1 Big Risk. But Is It a Buy?,Alex Carchidi,https://g.foolcdn.com/editorial/images/814774/investor-holds-glasses-while-considering-laptop.jpg,www.fool.com,"Blockchain,Financial Markets",0.002466,Neutral,"[{""ticker"": ""CRYPTO:ADA"", ""relevance_score"": ""0.474958"", ""ticker_sentiment_score"": ""0.031497"", ""ticker_sentiment_label"": ""Neutral""}]"
2025-04-16,"The altcoins underperformed relative to the broader market in today's trading, despite some encouraging recent news emerging for the Solana ecosystem.",Decrypt.co,https://decrypt.co/315046/solana-cardano-avalanche-crypto-market-losses,0.259727,https://decrypt.co/315046/solana-cardano-avalanche-crypto-market-losses,"Solana, Cardano and Avalanche Lead Crypto Market Losses With 5% Dips",Will McCurdy,https://cdn.decrypt.co/resize/1024/height/512/wp-content/uploads/2024/07/solana-sol-solanaprice-gID_7.jpg,decrypt.co,"Finance,Blockchain,Financial Markets",0.048355,Neutral,"[{""ticker"": ""JNVR"", ""relevance_score"": ""0.131643"", ""ticker_sentiment_score"": ""0.065971"", ""ticker_sentiment_label"": ""Neutral""}, {""ticker"": ""CRYPTO:BTC"", ""relevance_score"": ""0.131643"", ""ticker_sentiment_score"": ""-0.151412"", ""ticker_sentiment_label"": ""Somewhat-Bearish""}, {""ticker"": ""CRYPTO:ETH"", ""relevance_score"": ""0.131643"", ""ticker_sentiment_score"": ""-0.096781"", ""ticker_sentiment_label"": ""Neutral""}, {""ticker"": ""CRYPTO:LINK"", ""relevance_score"": ""0.131643"", ""ticker_sentiment_score"": ""-0.151412"", ""ticker_sentiment_label"": ""Somewhat-Bearish""}, {""ticker"": ""CRYPTO:ADA"", ""relevance_score"": ""0.259727"", ""ticker_sentiment_score"": ""0.091254"", ""ticker_sentiment_label"": ""Neutral""}]"
2025-04-16,"Bitcoin ( BTC ) has risen above $85,000, signaling that the bulls are trying to form a higher low at $83,000. The short-term price action remains susceptible to news related to the US tariffs and the ongoing trade war with China.Gold has been a clear winner during the current bout of ...",Cointelegraph,https://cointelegraph.com/news/price-predictions-4-16-btc-eth-xrp-bnb-sol-doge-ada-leo-link-avax,0.100729,https://cointelegraph.com/news/price-predictions-4-16-btc-eth-xrp-bnb-sol-doge-ada-leo-link-avax,"Price predictions 4/16: BTC, ETH, XRP, BNB, SOL, DOGE, ADA, LEO, LINK, AVAX",Rakesh Upadhyay,https://s3.cointelegraph.com/uploads/2025-04/01963f96-117e-7033-b068-c9ce61a1e8aa,cointelegraph.com,"Finance,Blockchain,Financial Markets",0.009698,Neutral,"[{""ticker"": ""BAC"", ""relevance_score"": ""0.033656"", ""ticker_sentiment_score"": ""0.107999"", ""ticker_sentiment_label"": ""Neutral""}, {""ticker"": ""CRYPTO:BTC"", ""relevance_score"": ""0.2643"", ""ticker_sentiment_score"": ""0.054406"", ""ticker_sentiment_label"": ""Neutral""}, {""ticker"": ""CRYPTO:DOGE"", ""relevance_score"": ""0.100729"", ""ticker_sentiment_score"": ""-0.009963"", ""ticker_sentiment_label"": ""Neutral""}, {""ticker"": ""CRYPTO:LINK"", ""relevance_score"": ""0.100729"", ""ticker_sentiment_score"": ""-0.06927"", ""ticker_sentiment_label"": ""Neutral""}, {""ticker"": ""CRYPTO:ADA"", ""relevance_score"": ""0.100729"", ""ticker_sentiment_score"": ""0.019978"", ""ticker_sentiment_label"": ""Neutral""}, {""ticker"": ""CRYPTO:LEO"", ""relevance_score"": ""0.100729"", ""ticker_sentiment_score"": ""-0.053111"", ""ticker_sentiment_label"": ""Neutral""}]"
2025-04-16,"Solana ( CRYPTO: SOL ) holders are no stranger to risk, given the coin's wild volatility and its occasional use by unsavory characters. With such a risky profile to begin with, investors need to be on the lookout for new threats emerging that might make its balance of risk to reward somewhat less ...",Motley Fool,https://www.fool.com/investing/2025/04/16/1-emerging-risk-to-solana-that-could-be-devastatin/,0.05234,https://www.fool.com/investing/2025/04/16/1-emerging-risk-to-solana-that-could-be-devastatin/,1 Emerging Risk to Solana That Could Be Devastating for Holders,Alex Carchidi,https://g.foolcdn.com/editorial/images/814796/3-worried-investors-talk-at-a-table.jpg,www.fool.com,"Blockchain,Financial Markets",-0.1312,Neutral,"[{""ticker"": ""CRYPTO:ADA"", ""relevance_score"": ""0.05234"", ""ticker_sentiment_score"": ""0.010011"", ""ticker_sentiment_label"": ""Neutral""}]"
2025-04-17,"Ethereum's ( CRYPTO: ETH ) price decline of 48% during the past 12 months leaves it badly lagging behind both Solana ( CRYPTO: SOL ) , which gained 32%, and Cardano ( CRYPTO: ADA ) , which lost just 7% of its value. But there's one important metric about developers on the chain that seems to ...",Motley Fool,https://www.fool.com/investing/2025/04/17/this-1-metric-shows-ethereum-soaring-over-solana-a/,0.263373,https://www.fool.com/investing/2025/04/17/this-1-metric-shows-ethereum-soaring-over-solana-a/,This 1 Metric Shows Ethereum Soaring Over Solana and Cardano. But Is It a Buy?,Alex Carchidi,https://g.foolcdn.com/editorial/images/814813/two-investors-work-at-a-table-with-a-laptop-and-a-phone.jpg,www.fool.com,Blockchain,0.156424,Somewhat-Bullish,"[{""ticker"": ""CRYPTO:ETH"", ""relevance_score"": ""0.313484"", ""ticker_sentiment_score"": ""0.156123"", ""ticker_sentiment_label"": ""Somewhat-Bullish""}, {""ticker"": ""CRYPTO:SOL"", ""relevance_score"": ""0.053629"", ""ticker_sentiment_score"": ""0.075231"", ""ticker_sentiment_label"": ""Neutral""}, {""ticker"": ""CRYPTO:ADA"", ""relevance_score"": ""0.263373"", ""ticker_sentiment_score"": ""0.128458"", ""ticker_sentiment_label"": ""Neutral""}]"
2025-04-18,"Bitcoin ( BTC ) has been trading in a tight range for a few days, but a minor positive is that the bulls have kept the price above $83,000. Usually, a low volatility period is followed by a range expansion, but it is difficult to predict the direction of the breakout with certainty.Cryptocurrency ...",Cointelegraph,https://cointelegraph.com/news/price-predictions-4-18-btc-eth-xrp-bnb-sol-doge-ada-leo-link-avax,0.101154,https://cointelegraph.com/news/price-predictions-4-18-btc-eth-xrp-bnb-sol-doge-ada-leo-link-avax,"Price predictions 4/18: BTC, ETH, XRP, BNB, SOL, DOGE, ADA, LEO, LINK, AVAX",Rakesh Upadhyay,https://s3.cointelegraph.com/uploads/2025-04/019649d8-842d-73ce-868d-9291c29c649a,cointelegraph.com,"Blockchain,Financial Markets",-0.075107,Neutral,"[{""ticker"": ""CRYPTO:BTC"", ""relevance_score"": ""0.297061"", ""ticker_sentiment_score"": ""0.09803"", ""ticker_sentiment_label"": ""Neutral""}, {""ticker"": ""CRYPTO:AVAX"", ""relevance_score"": ""0.067536"", ""ticker_sentiment_score"": ""-0.207871"", ""ticker_sentiment_label"": ""Somewhat-Bearish""}, {""ticker"": ""CRYPTO:BNB"", ""relevance_score"": ""0.101154"", ""ticker_sentiment_score"": ""-0.027603"", ""ticker_sentiment_label"": ""Neutral""}, {""ticker"": ""CRYPTO:XRP"", ""relevance_score"": ""0.101154"", ""ticker_sentiment_score"": ""-0.07388"", ""ticker_sentiment_label"": ""Neutral""}, {""ticker"": ""CRYPTO:ETH"", ""relevance_score"": ""0.101154"", ""ticker_sentiment_score"": ""-0.075145"", ""ticker_sentiment_label"": ""Neutral""}, {""ticker"": ""CRYPTO:DOGE"", ""relevance_score"": ""0.101154"", ""ticker_sentiment_score"": ""0.070311"", ""ticker_sentiment_label"": ""Neutral""}, {""ticker"": ""CRYPTO:LINK"", ""relevance_score"": ""0.101154"", ""ticker_sentiment_score"": ""-0.14938"", ""ticker_sentiment_label"": ""Neutral""}, {""ticker"": ""CRYPTO:USDT"", ""relevance_score"": ""0.297061"", ""ticker_sentiment_score"": ""-0.075549"", ""ticker_sentiment_label"": ""Neutral""}, {""ticker"": ""CRYPTO:ADA"", ""relevance_score"": ""0.101154"", ""ticker_sentiment_score"": ""0.024653"", ""ticker_sentiment_label"": ""Neutral""}]"
2025-04-18,"Auckland, April 19, 2025 ( GLOBE NEWSWIRE ) -- Frumzi Casino recently ranked among the top casino sites in New Zealand after numerous nominations and various awards. This notable milestone comes barely five years after its entrance into the gaming arena, having been launched in 2020.",Benzinga,https://www.benzinga.com/pressreleases/25/04/g44886610/best-online-casinos-new-zealand-frumzi-rated-top-nz-casino-site,0.036365,https://www.benzinga.com/pressreleases/25/04/g44886610/best-online-casinos-new-zealand-frumzi-rated-top-nz-casino-site,Best Online Casinos New Zealand: Frumzi Rated Top NZ Casino Site,Globe Newswire,https://smallfarmtoday.com/wp-content/uploads/2025/04/Frumzi-logo.jpg,www.benzinga.com,Blockchain,0.401661,Bullish,"[{""ticker"": ""MA"", ""relevance_score"": ""0.036365"", ""ticker_sentiment_score"": ""0.134853"", ""ticker_sentiment_label"": ""Neutral""}, {""ticker"": ""PYTCF"", ""relevance_score"": ""0.036365"", ""ticker_sentiment_score"": ""0.133871"", ""ticker_sentiment_label"": ""Neutral""}, {""ticker"": ""CRYPTO:BTC"", ""relevance_score"": ""0.036365"", ""ticker_sentiment_score"": ""0.134853"", ""ticker_sentiment_label"": ""Neutral""}, {""ticker"": ""CRYPTO:DOGE"", ""relevance_score"": ""0.036365"", ""ticker_sentiment_score"": ""0.134853"", ""ticker_sentiment_label"": ""Neutral""}, {""ticker"": ""CRYPTO:USDT"", ""relevance_score"": ""0.036365"", ""ticker_sentiment_score"": ""0.134853"", ""ticker_sentiment_label"": ""Neutral""}, {""ticker"": ""CRYPTO:LTC"", ""relevance_score"": ""0.072655"", ""ticker_sentiment_score"": ""0.141102"", ""ticker_sentiment_label"": ""Neutral""}, {""ticker"": ""CRYPTO:ADA"", ""relevance_score"": ""0.036365"", ""ticker_sentiment_score"": ""0.134853"", ""ticker_sentiment_label"": ""Neutral""}]"
2025-04-18,"An Aptos community member submitted a proposal on April 18 to slash staking rewards for the network's native token, Aptos ( APT ) , by nearly 50%The proposal, submitted by a community member called MoonSheisty, aims at reducing reward yields from 7% to 3.79% in a three-month period, aligning ...",Cointelegraph,https://cointelegraph.com/news/aptos-community-proposal-to-cut-staking-rewards-by-nearly-50-faces-pushback,0.089797,https://cointelegraph.com/news/aptos-community-proposal-to-cut-staking-rewards-by-nearly-50-faces-pushback,Aptos community proposal seeks to slash staking rewards by nearly 50%,Christopher Tepedino,https://s3.cointelegraph.com/uploads/2025-04/01964a99-d87d-7de7-b01b-d4ad85e5a5f7,cointelegraph.com,Blockchain,0.205939,Somewhat-Bullish,"[{""ticker"": ""CRYPTO:ETH"", ""relevance_score"": ""0.089797"", ""ticker_sentiment_score"": ""-0.005206"", ""ticker_sentiment_label"": ""Neutral""}, {""ticker"": ""CRYPTO:ADA"", ""relevance_score"": ""0.089797"", ""ticker_sentiment_score"": ""0.088003"", ""ticker_sentiment_label"": ""Neutral""}, {""ticker"": ""CRYPTO:BNB"", ""relevance_score"": ""0.089797"", ""ticker_sentiment_score"": ""0.088003"", ""ticker_sentiment_label"": ""Neutral""}]"
2025-04-18,"Global grocery giant Spar has rolled out Bitcoin-based payments in a Swiss city, marking another step in the growing adoption of cryptocurrency for everyday transactions.A Spar supermarket in Zug, Switzerland, has implemented Bitcoin ( BTC ) payments via the Lightning Network.The store's Bitcoin ...",Cointelegraph,https://cointelegraph.com/news/spar-store-zug-switzerland-bitcoin-payments-lightning-network,0.087185,https://cointelegraph.com/news/spar-store-zug-switzerland-bitcoin-payments-lightning-network,Spar supermarket in Switzerland starts accepting Bitcoin payments,Zoltan Vardai,https://s3.cointelegraph.com/uploads/2025-04/0196481d-755b-7cda-bb96-e81f84d7efb5,cointelegraph.com,Blockchain,0.199488,Somewhat-Bullish,"[{""ticker"": ""AWON"", ""relevance_score"": ""0.087185"", ""ticker_sentiment_score"": ""0.093722"", ""ticker_sentiment_label"": ""Neutral""}, {""ticker"": ""CRYPTO:BTC"", ""relevance_score"": ""0.845368"", ""ticker_sentiment_score"": ""0.34345"", ""ticker_sentiment_label"": ""Somewhat-Bullish""}, {""ticker"": ""CRYPTO:ETH"", ""relevance_score"": ""0.087185"", ""ticker_sentiment_score"": ""0.108204"", ""ticker_sentiment_label"": ""Neutral""}, {""ticker"": ""CRYPTO:USDT"", ""relevance_score"": ""0.087185"", ""ticker_sentiment_score"": ""0.0"", ""ticker_sentiment_label"": ""Neutral""}, {""ticker"": ""CRYPTO:ADA"", ""relevance_score"": ""0.087185"", ""ticker_sentiment_score"": ""0.108204"", ""ticker_sentiment_label"": ""Neutral""}]"
2025-04-19,"Web3 and blockchain-focused investment fund ABCDE is halting new investments, but the $400 million fund remains committed to supporting its existing projects.In an April 19 X post, ABCDE co-founder and Huobi exchange founder Du Jun said the $400 million fund will no longer invest in new projects ...",Cointelegraph,https://cointelegraph.com/news/400-m-web3-investment-fund-abcde-halts-investments-fundraising,0.070725,https://cointelegraph.com/news/400-m-web3-investment-fund-abcde-halts-investments-fundraising,"$400M Web3 investment fund ABCDE halts new investments, fundraising",Zoltan Vardai,https://s3.cointelegraph.com/uploads/2025-04/01964d5c-81b2-7348-8c2b-bec270f766a8,cointelegraph.com,"Blockchain,Financial Markets",0.130311,Neutral,"[{""ticker"": ""CRYPTO:BTC"", ""relevance_score"": ""0.140896"", ""ticker_sentiment_score"": ""0.080631"", ""ticker_sentiment_label"": ""Neutral""}, {""ticker"": ""CRYPTO:ETH"", ""relevance_score"": ""0.140896"", ""ticker_sentiment_score"": ""0.106437"", ""ticker_sentiment_label"": ""Neutral""}, {""ticker"": ""CRYPTO:ADA"", ""relevance_score"": ""0.070725"", ""ticker_sentiment_score"": ""0.087418"", ""ticker_sentiment_label"": ""Neutral""}]"
2025-04-20,"Is Bitcoin on the path to $250,000 this year?",Motley Fool,https://www.fool.com/investing/2025/04/20/1-top-cryptocurrency-to-buy-before-it-soars-194-ac/,0.049424,https://www.fool.com/investing/2025/04/20/1-top-cryptocurrency-to-buy-before-it-soars-194-ac/,"1 Top Cryptocurrency to Buy Before It Soars 194%, According to the Co-Founder of Ethereum and Cardano",Dominic Basulto,https://g.foolcdn.com/image/?url=https%3A%2F%2Fg.foolcdn.com%2Feditorial%2Fimages%2F814940%2Fgold-coin-with-bitcoin-symbol-on-it-cryptocurrency-btc.jpg&op=resize&w=700,www.fool.com,"Technology,Blockchain,Financial Markets",0.184637,Somewhat-Bullish,"[{""ticker"": ""MSFT"", ""relevance_score"": ""0.147516"", ""ticker_sentiment_score"": ""0.0"", ""ticker_sentiment_label"": ""Neutral""}, {""ticker"": ""MSTR"", ""relevance_score"": ""0.098659"", ""ticker_sentiment_score"": ""0.122943"", ""ticker_sentiment_label"": ""Neutral""}, {""ticker"": ""FOREX:USD"", ""relevance_score"": ""0.049424"", ""ticker_sentiment_score"": ""0.243238"", ""ticker_sentiment_label"": ""Somewhat-Bullish""}, {""ticker"": ""CRYPTO:BTC"", ""relevance_score"": ""0.73545"", ""ticker_sentiment_score"": ""0.355476"", ""ticker_sentiment_label"": ""Bullish""}, {""ticker"": ""CRYPTO:ETH"", ""relevance_score"": ""0.049424"", ""ticker_sentiment_score"": ""0.12312"", ""ticker_sentiment_label"": ""Neutral""}, {""ticker"": ""CRYPTO:ADA"", ""relevance_score"": ""0.049424"", ""ticker_sentiment_score"": ""0.12312"", ""ticker_sentiment_label"": ""Neutral""}]"
2025-04-20,XRP's price is retracing from recent highs back in January.,Motley Fool,https://www.fool.com/investing/2025/04/20/down-37-from-its-all-time-high-is-now-a-good-time/,0.05339,https://www.fool.com/investing/2025/04/20/down-37-from-its-all-time-high-is-now-a-good-time/,"Down 46% From Its All-Time High, Is Now a Good Time to Buy the Dip in XRP  ( Ripple ) ? Here Is What History Suggests Could Happen Next.",Adam Spatacco,https://g.foolcdn.com/image/?url=https%3A%2F%2Fg.foolcdn.com%2Feditorial%2Fimages%2F815181%2Fgettyimages-1022259708.jpg&op=resize&w=700,www.fool.com,"Blockchain,Financial Markets",0.122575,Neutral,"[{""ticker"": ""CRYPTO:BTC"", ""relevance_score"": ""0.05339"", ""ticker_sentiment_score"": ""0.230824"", ""ticker_sentiment_label"": ""Somewhat-Bullish""}, {""ticker"": ""CRYPTO:ETH"", ""relevance_score"": ""0.05339"", ""ticker_sentiment_score"": ""0.230824"", ""ticker_sentiment_label"": ""Somewhat-Bullish""}, {""ticker"": ""CRYPTO:ADA"", ""relevance_score"": ""0.05339"", ""ticker_sentiment_score"": ""0.230824"", ""ticker_sentiment_label"": ""Somewhat-Bullish""}]"
2025-04-20,"SYDNEY, Australia, April 20, 2025 ( GLOBE NEWSWIRE ) -- XenDex is set to Launch as the Strategic Hidden Road Acquisition by Ripple founders signals XRP price surge. The recent news of Hidden Road being acquired by the Ripple's founding stakeholder has sent a wave of renewed excitement and ...",Benzinga,https://www.benzinga.com/pressreleases/25/04/g44891158/xendex-unveils-all-in-one-decentralized-exchange-with-lending-borrowing-functionality-on-xrp,0.050254,https://www.benzinga.com/pressreleases/25/04/g44891158/xendex-unveils-all-in-one-decentralized-exchange-with-lending-borrowing-functionality-on-xrp,XenDex Unveils All-In-One Decentralized Exchange With Lending & Borrowing Functionality on XRP,Globe Newswire,https://ml.globenewswire.com/Resource/Download/7059662a-4172-4c63-9bd6-70cd02e5d6a8/photo-2025-04-21-02-43-35.jpeg,www.benzinga.com,"Blockchain,Financial Markets",0.227877,Somewhat-Bullish,"[{""ticker"": ""CRYPTO:ETH"", ""relevance_score"": ""0.050254"", ""ticker_sentiment_score"": ""0.0"", ""ticker_sentiment_label"": ""Neutral""}, {""ticker"": ""CRYPTO:ADA"", ""relevance_score"": ""0.050254"", ""ticker_sentiment_score"": ""0.0"", ""ticker_sentiment_label"": ""Neutral""}]"
2025-04-21,"The US Dollar Index ( DXY ) plunged below the 98 level on April 21, falling to a three-year low. That catapulted gold to a new all-time high, and Bitcoin ( BTC ) also showed strength, rising above $88,000. BitMEX co-founder and Maelstrom chief investment officer Arthur Hayes believes it may be ...",Cointelegraph,https://cointelegraph.com/news/price-analysis-4-21-spx-dxy-btc-eth-xrp-bnb-sol-doge-ada-link,0.106699,https://cointelegraph.com/news/price-analysis-4-21-spx-dxy-btc-eth-xrp-bnb-sol-doge-ada-link,"Price analysis 4/21: SPX, DXY, BTC, ETH, XRP, BNB, SOL, DOGE, ADA, LINK",Rakesh Upadhyay,https://s3.cointelegraph.com/uploads/2025-04/019658fa-98cc-7396-b6fd-9010b06a471e,cointelegraph.com,"Economy - Monetary,Financial Markets,Blockchain,Economy - Macro",-0.016865,Neutral,"[{""ticker"": ""FOREX:USD"", ""relevance_score"": ""0.071251"", ""ticker_sentiment_score"": ""-0.036757"", ""ticker_sentiment_label"": ""Neutral""}, {""ticker"": ""CRYPTO:BTC"", ""relevance_score"": ""0.245693"", ""ticker_sentiment_score"": ""0.142551"", ""ticker_sentiment_label"": ""Neutral""}, {""ticker"": ""CRYPTO:BNB"", ""relevance_score"": ""0.106699"", ""ticker_sentiment_score"": ""-0.048606"", ""ticker_sentiment_label"": ""Neutral""}, {""ticker"": ""CRYPTO:XRP"", ""relevance_score"": ""0.106699"", ""ticker_sentiment_score"": ""-0.194773"", ""ticker_sentiment_label"": ""Somewhat-Bearish""}, {""ticker"": ""CRYPTO:ETH"", ""relevance_score"": ""0.106699"", ""ticker_sentiment_score"": ""-0.020006"", ""ticker_sentiment_label"": ""Neutral""}, {""ticker"": ""CRYPTO:DOGE"", ""relevance_score"": ""0.106699"", ""ticker_sentiment_score"": ""-0.052582"", ""ticker_sentiment_label"": ""Neutral""}, {""ticker"": ""CRYPTO:LINK"", ""relevance_score"": ""0.106699"", ""ticker_sentiment_score"": ""-0.045786"", ""ticker_sentiment_label"": ""Neutral""}, {""ticker"": ""CRYPTO:USDT"", ""relevance_score"": ""0.279414"", ""ticker_sentiment_score"": ""0.022995"", ""ticker_sentiment_label"": ""Neutral""}, {""ticker"": ""CRYPTO:ADA"", ""relevance_score"": ""0.106699"", ""ticker_sentiment_score"": ""-0.033453"", ""ticker_sentiment_label"": ""Neutral""}]"
2025-04-22,"PERTH, Australia, April 22, 2025 ( GLOBE NEWSWIRE ) -- Our team dove deep into the world of the best online casinos in Australia, meticulously evaluating countless platforms to find the cream of the crop. One casino rose above the rest: MIRAX Casino.",Benzinga,https://www.benzinga.com/pressreleases/25/04/g44919229/best-online-casinos-in-australia-2025-goes-to-mirax-casino-rated-by-experts,0.021708,https://www.benzinga.com/pressreleases/25/04/g44919229/best-online-casinos-in-australia-2025-goes-to-mirax-casino-rated-by-experts,"Best Online Casinos in Australia 2025 Goes to MIRAX Casino, Rated By Experts",Globe Newswire,https://ml.globenewswire.com/Resource/Download/b63195e5-ae9d-41c6-9915-4247272a1b60/mirax-casino-feat-image.jpg,www.benzinga.com,"Blockchain,Financial Markets",0.478814,Bullish,"[{""ticker"": ""MA"", ""relevance_score"": ""0.010855"", ""ticker_sentiment_score"": ""0.248727"", ""ticker_sentiment_label"": ""Somewhat-Bullish""}, {""ticker"": ""TRTPF"", ""relevance_score"": ""0.010855"", ""ticker_sentiment_score"": ""0.216028"", ""ticker_sentiment_label"": ""Somewhat-Bullish""}, {""ticker"": ""FOREX:AUD"", ""relevance_score"": ""0.108222"", ""ticker_sentiment_score"": ""0.148964"", ""ticker_sentiment_label"": ""Neutral""}, {""ticker"": ""FOREX:NZD"", ""relevance_score"": ""0.097457"", ""ticker_sentiment_score"": ""0.147284"", ""ticker_sentiment_label"": ""Neutral""}, {""ticker"": ""FOREX:EUR"", ""relevance_score"": ""0.118967"", ""ticker_sentiment_score"": ""0.149998"", ""ticker_sentiment_label"": ""Neutral""}, {""ticker"": ""FOREX:CAD"", ""relevance_score"": ""0.118967"", ""ticker_sentiment_score"": ""0.1593"", ""ticker_sentiment_label"": ""Somewhat-Bullish""}, {""ticker"": ""CRYPTO:BTC"", ""relevance_score"": ""0.12969"", ""ticker_sentiment_score"": ""0.232098"", ""ticker_sentiment_label"": ""Somewhat-Bullish""}, {""ticker"": ""CRYPTO:ETH"", ""relevance_score"": ""0.075874"", ""ticker_sentiment_score"": ""0.140103"", ""ticker_sentiment_label"": ""Neutral""}, {""ticker"": ""CRYPTO:DOGE"", ""relevance_score"": ""0.021708"", ""ticker_sentiment_score"": ""0.523655"", ""ticker_sentiment_label"": ""Bullish""}, {""ticker"": ""CRYPTO:LTC"", ""relevance_score"": ""0.054236"", ""ticker_sentiment_score"": ""0.086016"", ""ticker_sentiment_label"": ""Neutral""}, {""ticker"": ""CRYPTO:ADA"", ""relevance_score"": ""0.021708"", ""ticker_sentiment_score"": ""0.356508"", ""ticker_sentiment_label"": ""Bullish""}, {""ticker"": ""CRYPTO:BNB"", ""relevance_score"": ""0.021708"", ""ticker_sentiment_score"": ""0.240554"", ""ticker_sentiment_label"": ""Somewhat-Bullish""}]"
2025-04-23,"Bitcoin ETF inflows and BTCFi yield protocols underpin market momentum, critical for altcoin rally sustainability. Altcoin gains depend on Bitcoin's sustained high, with adoption and regulatory clarity driving long-term growth. Markets are messy-but the right setups can still deliver ...",Benzinga,https://www.benzinga.com/markets/cryptocurrency/25/04/44946725/xrp-ethereum-solana-dogecoin-surge-10-on-bitcoins-94000-push-how-high-can-they-go,0.131164,https://www.benzinga.com/markets/cryptocurrency/25/04/44946725/xrp-ethereum-solana-dogecoin-surge-10-on-bitcoins-94000-push-how-high-can-they-go,"XRP, Ethereum, Solana, Dogecoin Surge 10% On Bitcoin's $94,000 Push: How High Can They Go?",Murtuza J Merchant,https://cdn.benzinga.com/files/images/story/2025/04/23/Solana-Golden-Cryptocurrency-In-Close-up_0.jpeg?width=1200&height=800&fit=crop,www.benzinga.com,"Blockchain,Financial Markets",0.359171,Bullish,"[{""ticker"": ""PTAIF"", ""relevance_score"": ""0.043898"", ""ticker_sentiment_score"": ""0.269698"", ""ticker_sentiment_label"": ""Somewhat-Bullish""}, {""ticker"": ""CRYPTO:BTC"", ""relevance_score"": ""0.258808"", ""ticker_sentiment_score"": ""0.237664"", ""ticker_sentiment_label"": ""Somewhat-Bullish""}, {""ticker"": ""CRYPTO:ETH"", ""relevance_score"": ""0.379691"", ""ticker_sentiment_score"": ""0.240648"", ""ticker_sentiment_label"": ""Somewhat-Bullish""}, {""ticker"": ""CRYPTO:DOGE"", ""relevance_score"": ""0.131164"", ""ticker_sentiment_score"": ""0.019147"", ""ticker_sentiment_label"": ""Neutral""}, {""ticker"": ""CRYPTO:ADA"", ""relevance_score"": ""0.131164"", ""ticker_sentiment_score"": ""0.019147"", ""ticker_sentiment_label"": ""Neutral""}]"
2025-04-23,"Key points:Bitcoin's rally is backed by solid institutional buying in the spot BTC ETFs.A rally above the $95,000 level could be difficult, but analysts' end-of-year price projections now extend to $200,000.Select altcoins are showing signs of a price bottom.Bitcoin ( BTC ) price rallied close ...",Cointelegraph,https://cointelegraph.com/news/price-predictions-4-23-btc-eth-xrp-bnb-sol-doge-ada-link-avax-sui,0.106699,https://cointelegraph.com/news/price-predictions-4-23-btc-eth-xrp-bnb-sol-doge-ada-link-avax-sui,"Price predictions 4/23: BTC, ETH, XRP, BNB, SOL, DOGE, ADA, LINK, AVAX, SUI",Rakesh Upadhyay,https://s3.cointelegraph.com/uploads/2025-04/01966370-04aa-7a02-b71e-5e9278f387a7,cointelegraph.com,"Blockchain,Financial Markets",0.026586,Neutral,"[{""ticker"": ""SCBFF"", ""relevance_score"": ""0.035661"", ""ticker_sentiment_score"": ""-0.165983"", ""ticker_sentiment_label"": ""Somewhat-Bearish""}, {""ticker"": ""CRYPTO:BTC"", ""relevance_score"": ""0.312599"", ""ticker_sentiment_score"": ""0.08286"", ""ticker_sentiment_label"": ""Neutral""}, {""ticker"": ""CRYPTO:DOGE"", ""relevance_score"": ""0.106699"", ""ticker_sentiment_score"": ""-0.100755"", ""ticker_sentiment_label"": ""Neutral""}, {""ticker"": ""CRYPTO:LINK"", ""relevance_score"": ""0.106699"", ""ticker_sentiment_score"": ""0.054685"", ""ticker_sentiment_label"": ""Neutral""}, {""ticker"": ""CRYPTO:ADA"", ""relevance_score"": ""0.106699"", ""ticker_sentiment_score"": ""-0.123654"", ""ticker_sentiment_label"": ""Neutral""}]"
2025-04-23,"SYDNEY, Australia, April 23, 2025 ( GLOBE NEWSWIRE ) -- XenDex is thrilled to announce the first AI-powered all-in-one decentralized exchange ( DEX ) built on XRP, combining non-custodial lending and borrowing, AI copy trading, and DAO governance in a single user-centric platform.",Benzinga,https://www.benzinga.com/pressreleases/25/04/g44952893/xrp-news-xendex-announces-xdx-token-sale-as-sec-drops-ripple-xrp-lawsuit,0.057352,https://www.benzinga.com/pressreleases/25/04/g44952893/xrp-news-xendex-announces-xdx-token-sale-as-sec-drops-ripple-xrp-lawsuit,XRP News: XenDex Announces $XDX Token Sale As SEC Drops Ripple  ( XRP )  Lawsuit,Globe Newswire,https://ml.globenewswire.com/Resource/Download/3f59d62f-81ec-4c60-a99b-145716270a5a/photo-2025-04-23-19-45-02.jpeg,www.benzinga.com,"Blockchain,Financial Markets",0.26642,Somewhat-Bullish,"[{""ticker"": ""CRYPTO:ETH"", ""relevance_score"": ""0.057352"", ""ticker_sentiment_score"": ""0.213"", ""ticker_sentiment_label"": ""Somewhat-Bullish""}, {""ticker"": ""CRYPTO:ADA"", ""relevance_score"": ""0.057352"", ""ticker_sentiment_score"": ""0.213"", ""ticker_sentiment_label"": ""Somewhat-Bullish""}]"
2025-04-23,"PORTLAND, Ore., April 22, 2025 ( GLOBE NEWSWIRE ) -- Looking for a trusted no KYC casino with the best casino games and fast payouts? 7Bit Casino stands out in 2025 as one of the best no KYC online casinos.",Benzinga,https://www.benzinga.com/pressreleases/25/04/g44941240/best-no-kyc-casinos-7bit-casino-ranked-first-for-fast-withdrawals-easy-registration-and-top-bonuse,0.013538,https://www.benzinga.com/pressreleases/25/04/g44941240/best-no-kyc-casinos-7bit-casino-ranked-first-for-fast-withdrawals-easy-registration-and-top-bonuse,"Best No KYC Casinos: 7Bit Casino Ranked First for Fast Withdrawals, Easy Registration, and Top Bonuses!",Globe Newswire,https://ml.globenewswire.com/Resource/Download/f988b3a3-b5d7-4bc5-85db-0e90134fd3b2/7bit-casino-feat-image.png,www.benzinga.com,"Technology,Blockchain,Financial Markets",0.425877,Bullish,"[{""ticker"": ""MA"", ""relevance_score"": ""0.013538"", ""ticker_sentiment_score"": ""-0.023951"", ""ticker_sentiment_label"": ""Neutral""}, {""ticker"": ""RDDT"", ""relevance_score"": ""0.027072"", ""ticker_sentiment_score"": ""0.229082"", ""ticker_sentiment_label"": ""Somewhat-Bullish""}, {""ticker"": ""GOOG"", ""relevance_score"": ""0.027072"", ""ticker_sentiment_score"": ""0.229082"", ""ticker_sentiment_label"": ""Somewhat-Bullish""}, {""ticker"": ""CRYPTO:BTC"", ""relevance_score"": ""0.213988"", ""ticker_sentiment_score"": ""0.377224"", ""ticker_sentiment_label"": ""Bullish""}, {""ticker"": ""CRYPTO:BCH"", ""relevance_score"": ""0.013538"", ""ticker_sentiment_score"": ""0.059812"", ""ticker_sentiment_label"": ""Neutral""}, {""ticker"": ""CRYPTO:BNB"", ""relevance_score"": ""0.013538"", ""ticker_sentiment_score"": ""0.059812"", ""ticker_sentiment_label"": ""Neutral""}, {""ticker"": ""CRYPTO:ETH"", ""relevance_score"": ""0.081092"", ""ticker_sentiment_score"": ""0.122229"", ""ticker_sentiment_label"": ""Neutral""}, {""ticker"": ""CRYPTO:DOGE"", ""relevance_score"": ""0.040599"", ""ticker_sentiment_score"": ""0.110783"", ""ticker_sentiment_label"": ""Neutral""}, {""ticker"": ""CRYPTO:LTC"", ""relevance_score"": ""0.081092"", ""ticker_sentiment_score"": ""0.122229"", ""ticker_sentiment_label"": ""Neutral""}, {""ticker"": ""CRYPTO:ADA"", ""relevance_score"": ""0.013538"", ""ticker_sentiment_score"": ""0.059812"", ""ticker_sentiment_label"": ""Neutral""}]"
2025-04-23,"Cryptocurrency staking protocol Symbiotic closed a $29 million Series A funding round led by Web3-focused investment firms, including Pantera Capital and Coinbase Ventures, to support the launch of a new economic coordination layer for blockchain security.The round included more than 100 angel ...",Cointelegraph,https://cointelegraph.com/news/symbiotic-29m-staking-universal-coordination-layer,0.076847,https://cointelegraph.com/news/symbiotic-29m-staking-universal-coordination-layer,Symbiotic raises $29M for staking-based universal coordination layer,Zoltan Vardai,https://s3.cointelegraph.com/uploads/2025-04/019624fc-15c3-758d-ae63-be41fde597a6,cointelegraph.com,"Finance,Blockchain",0.147941,Neutral,"[{""ticker"": ""COIN"", ""relevance_score"": ""0.076847"", ""ticker_sentiment_score"": ""0.122537"", ""ticker_sentiment_label"": ""Neutral""}, {""ticker"": ""CRYPTO:ETH"", ""relevance_score"": ""0.152983"", ""ticker_sentiment_score"": ""0.271288"", ""ticker_sentiment_label"": ""Somewhat-Bullish""}, {""ticker"": ""CRYPTO:AAVE"", ""relevance_score"": ""0.076847"", ""ticker_sentiment_score"": ""0.144908"", ""ticker_sentiment_label"": ""Neutral""}, {""ticker"": ""CRYPTO:ADA"", ""relevance_score"": ""0.076847"", ""ticker_sentiment_score"": ""0.052557"", ""ticker_sentiment_label"": ""Neutral""}]"
2025-04-23,"SYDNEY, April 23, 2025 ( GLOBE NEWSWIRE ) -- XenDex is thrilled to announce the first AI-powered all-in-one decentralized exchange ( DEX ) built on XRP, combining non-custodial lending and borrowing, AI copy trading, and DAO governance in a single user-centric platform.",Benzinga,https://www.benzinga.com/pressreleases/25/04/g44952745/xrp-news-xendex-presale-begins-as-xrp-etf-builds-momentum,0.060694,https://www.benzinga.com/pressreleases/25/04/g44952745/xrp-news-xendex-presale-begins-as-xrp-etf-builds-momentum,XRP News: XenDex Presale Begins As XRP ETF Builds Momentum,Globe Newswire,https://ml.globenewswire.com/Resource/Download/60b77089-cac2-4335-91ba-8e81462cc098/photo-2025-04-23-19-45-00.jpeg,www.benzinga.com,"Blockchain,Financial Markets",0.274689,Somewhat-Bullish,"[{""ticker"": ""CRYPTO:ETH"", ""relevance_score"": ""0.060694"", ""ticker_sentiment_score"": ""0.213102"", ""ticker_sentiment_label"": ""Somewhat-Bullish""}, {""ticker"": ""CRYPTO:ADA"", ""relevance_score"": ""0.060694"", ""ticker_sentiment_score"": ""0.213102"", ""ticker_sentiment_label"": ""Somewhat-Bullish""}]"
2025-04-24,"LARNACA, Cyprus, April 24, 2025 ( GLOBE NEWSWIRE ) -- Online casinos are gaining serious traction in 2025, but not every site delivers real value. After reviewing so many casinos in the UK, JACKBIT Casino stands out because of 30% Rakeback, 100 Free Spins on your first deposit, no KYC, and zero ...",Benzinga,https://www.benzinga.com/pressreleases/25/04/g44980787/best-online-casinos-uk-jackbit-rated-top-casino-site-2025-4-95,0.016383,https://www.benzinga.com/pressreleases/25/04/g44980787/best-online-casinos-uk-jackbit-rated-top-casino-site-2025-4-95,Best Online Casinos UK: JACKBIT Rated Top Casino Site 2025  ( 4.9/5 ) ,Globe Newswire,https://ml.globenewswire.com/Resource/Download/cd8b88b1-f5da-4327-8bc6-4c721529c512/jackbit-casino.jpg,www.benzinga.com,"Technology,Blockchain",0.525783,Bullish,"[{""ticker"": ""MA"", ""relevance_score"": ""0.04912"", ""ticker_sentiment_score"": ""0.141"", ""ticker_sentiment_label"": ""Neutral""}, {""ticker"": ""PYPL"", ""relevance_score"": ""0.016383"", ""ticker_sentiment_score"": ""0.041509"", ""ticker_sentiment_label"": ""Neutral""}, {""ticker"": ""GOOG"", ""relevance_score"": ""0.016383"", ""ticker_sentiment_score"": ""-0.017376"", ""ticker_sentiment_label"": ""Neutral""}, {""ticker"": ""CRYPTO:BTC"", ""relevance_score"": ""0.065461"", ""ticker_sentiment_score"": ""0.071177"", ""ticker_sentiment_label"": ""Neutral""}, {""ticker"": ""CRYPTO:BCH"", ""relevance_score"": ""0.016383"", ""ticker_sentiment_score"": ""0.0"", ""ticker_sentiment_label"": ""Neutral""}, {""ticker"": ""CRYPTO:BNB"", ""relevance_score"": ""0.016383"", ""ticker_sentiment_score"": ""0.0"", ""ticker_sentiment_label"": ""Neutral""}, {""ticker"": ""CRYPTO:XRP"", ""relevance_score"": ""0.016383"", ""ticker_sentiment_score"": ""0.0"", ""ticker_sentiment_label"": ""Neutral""}, {""ticker"": ""CRYPTO:ETH"", ""relevance_score"": ""0.04912"", ""ticker_sentiment_score"": ""0.070563"", ""ticker_sentiment_label"": ""Neutral""}, {""ticker"": ""CRYPTO:DOGE"", ""relevance_score"": ""0.016383"", ""ticker_sentiment_score"": ""0.0"", ""ticker_sentiment_label"": ""Neutral""}, {""ticker"": ""CRYPTO:LINK"", ""relevance_score"": ""0.016383"", ""ticker_sentiment_score"": ""0.0"", ""ticker_sentiment_label"": ""Neutral""}, {""ticker"": ""CRYPTO:LTC"", ""relevance_score"": ""0.016383"", ""ticker_sentiment_score"": ""0.0"", ""ticker_sentiment_label"": ""Neutral""}, {""ticker"": ""CRYPTO:XMR"", ""relevance_score"": ""0.016383"", ""ticker_sentiment_score"": ""0.0"", ""ticker_sentiment_label"": ""Neutral""}, {""ticker"": ""CRYPTO:ADA"", ""relevance_score"": ""0.016383"", ""ticker_sentiment_score"": ""0.0"", ""ticker_sentiment_label"": ""Neutral""}]"
2025-04-24,"LARNACA, Cyprus, April 24, 2025 ( GLOBE NEWSWIRE ) -- The rise of Bitcoin and cryptocurrency casinos has revolutionized online gambling, offering players enhanced privacy, faster transactions, and innovative gaming experiences.",Benzinga,https://www.benzinga.com/pressreleases/25/04/g44985945/best-bitcoin-casino-reddit-2025-jackbit-rated-top-bitcoin-casino-by-reddit-experts,0.016316,https://www.benzinga.com/pressreleases/25/04/g44985945/best-bitcoin-casino-reddit-2025-jackbit-rated-top-bitcoin-casino-by-reddit-experts,Best Bitcoin Casino Reddit 2025: JACKBIT Rated Top Bitcoin Casino By Reddit Experts,Globe Newswire,https://ml.globenewswire.com/Resource/Download/8f027753-9fd2-4d7b-aba6-7b46b6aade19/jackbit-rated-top.jpg,www.benzinga.com,"Technology,Blockchain",0.531762,Bullish,"[{""ticker"": ""GOOG"", ""relevance_score"": ""0.016316"", ""ticker_sentiment_score"": ""-0.016392"", ""ticker_sentiment_label"": ""Neutral""}, {""ticker"": ""TRTPF"", ""relevance_score"": ""0.016316"", ""ticker_sentiment_score"": ""0.225711"", ""ticker_sentiment_label"": ""Somewhat-Bullish""}, {""ticker"": ""MA"", ""relevance_score"": ""0.016316"", ""ticker_sentiment_score"": ""-0.016392"", ""ticker_sentiment_label"": ""Neutral""}, {""ticker"": ""RDDT"", ""relevance_score"": ""0.405064"", ""ticker_sentiment_score"": ""0.64312"", ""ticker_sentiment_label"": ""Bullish""}, {""ticker"": ""CRYPTO:BTC"", ""relevance_score"": ""0.347216"", ""ticker_sentiment_score"": ""0.563941"", ""ticker_sentiment_label"": ""Bullish""}, {""ticker"": ""CRYPTO:BCH"", ""relevance_score"": ""0.016316"", ""ticker_sentiment_score"": ""0.0"", ""ticker_sentiment_label"": ""Neutral""}, {""ticker"": ""CRYPTO:BNB"", ""relevance_score"": ""0.016316"", ""ticker_sentiment_score"": ""0.0"", ""ticker_sentiment_label"": ""Neutral""}, {""ticker"": ""CRYPTO:ETH"", ""relevance_score"": ""0.032624"", ""ticker_sentiment_score"": ""0.0"", ""ticker_sentiment_label"": ""Neutral""}, {""ticker"": ""CRYPTO:DOGE"", ""relevance_score"": ""0.016316"", ""ticker_sentiment_score"": ""0.0"", ""ticker_sentiment_label"": ""Neutral""}, {""ticker"": ""CRYPTO:LINK"", ""relevance_score"": ""0.016316"", ""ticker_sentiment_score"": ""0.0"", ""ticker_sentiment_label"": ""Neutral""}, {""ticker"": ""CRYPTO:LTC"", ""relevance_score"": ""0.032624"", ""ticker_sentiment_score"": ""0.0"", ""ticker_sentiment_label"": ""Neutral""}, {""ticker"": ""CRYPTO:XMR"", ""relevance_score"": ""0.016316"", ""ticker_sentiment_score"": ""0.0"", ""ticker_sentiment_label"": ""Neutral""}, {""ticker"": ""CRYPTO:ADA"", ""relevance_score"": ""0.016316"", ""ticker_sentiment_score"": ""0.0"", ""ticker_sentiment_label"": ""Neutral""}]"
2025-04-24,"Here, we pick three stocks, CME, BTCM and CAN, which are well-poised to benefit from the growing proliferation of Bitcoin and other cryptocurrencies.",Zacks Commentary,https://www.zacks.com/stock/news/2455268/top-cryptocurrency-stocks-you-should-buy-for-a-healthy-portfolio,0.08183,https://www.zacks.com/stock/news/2455268/top-cryptocurrency-stocks-you-should-buy-for-a-healthy-portfolio,Top Cryptocurrency Stocks You Should Buy for a Healthy Portfolio,Aniruddha Ganguly,https://staticx-tuner.zacks.com/images/articles/main/26/62324.jpg,www.zacks.com,"Technology,Finance,Blockchain,Retail & Wholesale,Financial Markets,Manufacturing,Earnings,Real Estate & Construction",0.242852,Somewhat-Bullish,"[{""ticker"": ""NVDA"", ""relevance_score"": ""0.08183"", ""ticker_sentiment_score"": ""0.226319"", ""ticker_sentiment_label"": ""Somewhat-Bullish""}, {""ticker"": ""BTCM"", ""relevance_score"": ""0.356154"", ""ticker_sentiment_score"": ""0.224971"", ""ticker_sentiment_label"": ""Somewhat-Bullish""}, {""ticker"": ""CME"", ""relevance_score"": ""0.162802"", ""ticker_sentiment_score"": ""0.214016"", ""ticker_sentiment_label"": ""Somewhat-Bullish""}, {""ticker"": ""CIFR"", ""relevance_score"": ""0.08183"", ""ticker_sentiment_score"": ""0.143737"", ""ticker_sentiment_label"": ""Neutral""}, {""ticker"": ""AMZN"", ""relevance_score"": ""0.08183"", ""ticker_sentiment_score"": ""0.226319"", ""ticker_sentiment_label"": ""Somewhat-Bullish""}, {""ticker"": ""ASCCF"", ""relevance_score"": ""0.040969"", ""ticker_sentiment_score"": ""-0.002912"", ""ticker_sentiment_label"": ""Neutral""}, {""ticker"": ""COIN"", ""relevance_score"": ""0.122477"", ""ticker_sentiment_score"": ""0.14703"", ""ticker_sentiment_label"": ""Neutral""}, {""ticker"": ""CRYPTO:BTC"", ""relevance_score"": ""0.527969"", ""ticker_sentiment_score"": ""0.231931"", ""ticker_sentiment_label"": ""Somewhat-Bullish""}, {""ticker"": ""CRYPTO:ETH"", ""relevance_score"": ""0.122477"", ""ticker_sentiment_score"": ""0.076689"", ""ticker_sentiment_label"": ""Neutral""}, {""ticker"": ""CRYPTO:NANO"", ""relevance_score"": ""0.040969"", ""ticker_sentiment_score"": ""0.152602"", ""ticker_sentiment_label"": ""Somewhat-Bullish""}, {""ticker"": ""CRYPTO:DOGE"", ""relevance_score"": ""0.202705"", ""ticker_sentiment_score"": ""0.02278"", ""ticker_sentiment_label"": ""Neutral""}, {""ticker"": ""CRYPTO:LTC"", ""relevance_score"": ""0.162802"", ""ticker_sentiment_score"": ""0.044447"", ""ticker_sentiment_label"": ""Neutral""}, {""ticker"": ""CRYPTO:ADA"", ""relevance_score"": ""0.08183"", ""ticker_sentiment_score"": ""0.069533"", ""ticker_sentiment_label"": ""Neutral""}]"
2025-04-24,"The US Securities and Exchange Commission ( SEC ) has delayed a decision on whether to approve a proposed exchange-traded fund ( ETF ) holding Polkadot's native token, regulatory filings show. According to an April 24 filing, the regulator has extended its deadline for a final ruling until June ...",Cointelegraph,https://cointelegraph.com/news/sec-punts-decision-on-polkadot-etf,0.200688,https://cointelegraph.com/news/sec-punts-decision-on-polkadot-etf,SEC delays decision on Polkadot ETF,Alex O’Donnell,https://s3.cointelegraph.com/uploads/2025-04/019669aa-7a6d-743e-85fd-84f449518d67,cointelegraph.com,"Finance,Blockchain,Financial Markets",0.142195,Neutral,"[{""ticker"": ""COIN"", ""relevance_score"": ""0.101154"", ""ticker_sentiment_score"": ""0.083069"", ""ticker_sentiment_label"": ""Neutral""}, {""ticker"": ""CRYPTO:BTC"", ""relevance_score"": ""0.297061"", ""ticker_sentiment_score"": ""-0.079781"", ""ticker_sentiment_label"": ""Neutral""}, {""ticker"": ""CRYPTO:ETH"", ""relevance_score"": ""0.474958"", ""ticker_sentiment_score"": ""-0.160102"", ""ticker_sentiment_label"": ""Somewhat-Bearish""}, {""ticker"": ""CRYPTO:DOGE"", ""relevance_score"": ""0.200688"", ""ticker_sentiment_score"": ""0.099119"", ""ticker_sentiment_label"": ""Neutral""}, {""ticker"": ""CRYPTO:LTC"", ""relevance_score"": ""0.297061"", ""ticker_sentiment_score"": ""0.129318"", ""ticker_sentiment_label"": ""Neutral""}, {""ticker"": ""CRYPTO:ADA"", ""relevance_score"": ""0.200688"", ""ticker_sentiment_score"": ""0.099119"", ""ticker_sentiment_label"": ""Neutral""}]"
2025-04-25,"Bitcoin ( CRYPTO: BTC ) may be the biggest cryptocurrency by market cap, weighing in at $1.85 trillion on April 24, but that doesn't mean it's the leader across every metric. In fact, it's one of the absolute laggards for one data point in particular -- and it happens to be the heartbeat of many ...",Motley Fool,https://www.fool.com/investing/2025/04/25/bitcoin-performs-the-worst-among-major-cryptos/,0.118354,https://www.fool.com/investing/2025/04/25/bitcoin-performs-the-worst-among-major-cryptos/,Bitcoin Performs the Worst By Far Among All Major Cryptocurrencies on This 1 Metric. Here's Why It's Still a Buy.,Alex Carchidi,https://media.ycharts.com/charts/964e45f2673cb2204958ab5a6666978f.png,www.fool.com,"Blockchain,Financial Markets",0.119425,Neutral,"[{""ticker"": ""CRYPTO:BTC"", ""relevance_score"": ""0.497126"", ""ticker_sentiment_score"": ""0.127244"", ""ticker_sentiment_label"": ""Neutral""}, {""ticker"": ""CRYPTO:ETH"", ""relevance_score"": ""0.118354"", ""ticker_sentiment_score"": ""0.015938"", ""ticker_sentiment_label"": ""Neutral""}, {""ticker"": ""CRYPTO:ADA"", ""relevance_score"": ""0.118354"", ""ticker_sentiment_score"": ""0.015938"", ""ticker_sentiment_label"": ""Neutral""}]"
2025-04-25,"LARNACA, Cyprus, April 25, 2025 ( GLOBE NEWSWIRE ) -- Crypto casinos will thrive in 2025, but not every platform will deliver the same experience. After evaluating dozens of online casino sites, JACKBIT rises above the rest with its generous bonuses, cutting-edge games, lightning-fast ...",Benzinga,https://www.benzinga.com/pressreleases/25/04/g45004183/best-crypto-casinos-2025-jackbit-rated-as-best-bitcoin-casino-without-verification-fast-payout,0.017471,https://www.benzinga.com/pressreleases/25/04/g45004183/best-crypto-casinos-2025-jackbit-rated-as-best-bitcoin-casino-without-verification-fast-payout,"Best Crypto Casinos 2025: JACKBIT, Rated as Best Bitcoin Casino Without Verification & Fast Payout",Globe Newswire,https://ml.globenewswire.com/Resource/Download/56744353-5ea8-4e4a-92b6-514796bc963a/jackbit.jpg,www.benzinga.com,Blockchain,0.401122,Bullish,"[{""ticker"": ""MA"", ""relevance_score"": ""0.017471"", ""ticker_sentiment_score"": ""0.0"", ""ticker_sentiment_label"": ""Neutral""}, {""ticker"": ""CRYPTO:BTC"", ""relevance_score"": ""0.069798"", ""ticker_sentiment_score"": ""0.181033"", ""ticker_sentiment_label"": ""Somewhat-Bullish""}, {""ticker"": ""CRYPTO:MATIC"", ""relevance_score"": ""0.017471"", ""ticker_sentiment_score"": ""0.0"", ""ticker_sentiment_label"": ""Neutral""}, {""ticker"": ""CRYPTO:VPN"", ""relevance_score"": ""0.034933"", ""ticker_sentiment_score"": ""-0.049423"", ""ticker_sentiment_label"": ""Neutral""}, {""ticker"": ""CRYPTO:BNB"", ""relevance_score"": ""0.017471"", ""ticker_sentiment_score"": ""0.0"", ""ticker_sentiment_label"": ""Neutral""}, {""ticker"": ""CRYPTO:XRP"", ""relevance_score"": ""0.017471"", ""ticker_sentiment_score"": ""0.0"", ""ticker_sentiment_label"": ""Neutral""}, {""ticker"": ""CRYPTO:USDT"", ""relevance_score"": ""0.034933"", ""ticker_sentiment_score"": ""0.134177"", ""ticker_sentiment_label"": ""Neutral""}, {""ticker"": ""CRYPTO:LTC"", ""relevance_score"": ""0.017471"", ""ticker_sentiment_score"": ""0.0"", ""ticker_sentiment_label"": ""Neutral""}, {""ticker"": ""CRYPTO:BUSD"", ""relevance_score"": ""0.017471"", ""ticker_sentiment_score"": ""0.0"", ""ticker_sentiment_label"": ""Neutral""}, {""ticker"": ""CRYPTO:TRX"", ""relevance_score"": ""0.017471"", ""ticker_sentiment_score"": ""0.0"", ""ticker_sentiment_label"": ""Neutral""}, {""ticker"": ""CRYPTO:XMR"", ""relevance_score"": ""0.017471"", ""ticker_sentiment_score"": ""0.0"", ""ticker_sentiment_label"": ""Neutral""}, {""ticker"": ""CRYPTO:ADA"", ""relevance_score"": ""0.017471"", ""ticker_sentiment_score"": ""0.0"", ""ticker_sentiment_label"": ""Neutral""}]"
2025-04-25,Will lower interest rates once again lead to higher crypto prices?,Motley Fool,https://www.fool.com/investing/2025/04/25/interest-rate-cut-on-the-horizon-affect-crypto/,0.110973,https://www.fool.com/investing/2025/04/25/interest-rate-cut-on-the-horizon-affect-crypto/,There Could Be an Interest Rate Cut on the Horizon. Here's How That Might Affect Cryptocurrency Prices.,Dominic Basulto,https://g.foolcdn.com/image/?url=https%3A%2F%2Fg.foolcdn.com%2Feditorial%2Fimages%2F815424%2Ffederal-reserve-building.jpg&op=resize&w=700,www.fool.com,"Economy - Monetary,Blockchain",0.170496,Somewhat-Bullish,"[{""ticker"": ""CRCW"", ""relevance_score"": ""0.055621"", ""ticker_sentiment_score"": ""0.25399"", ""ticker_sentiment_label"": ""Somewhat-Bullish""}, {""ticker"": ""CRYPTO:BTC"", ""relevance_score"": ""0.374714"", ""ticker_sentiment_score"": ""0.260445"", ""ticker_sentiment_label"": ""Somewhat-Bullish""}, {""ticker"": ""CRYPTO:ETH"", ""relevance_score"": ""0.110973"", ""ticker_sentiment_score"": ""0.070694"", ""ticker_sentiment_label"": ""Neutral""}, {""ticker"": ""CRYPTO:ADA"", ""relevance_score"": ""0.110973"", ""ticker_sentiment_score"": ""0.070694"", ""ticker_sentiment_label"": ""Neutral""}]"
2025-04-25,"Altcoins were hot this week as investors poured back into the crypto market after a major sell-off early in April.The biggest move came from Sui ( CRYPTO: SUI ) , which has been gaining momentum from users this year, and jumped 68.4% this week.",Motley Fool,https://www.fool.com/investing/2025/04/25/why-solana-cardano-and-sui-were-up-big-this-week/,0.246167,https://www.fool.com/investing/2025/04/25/why-solana-cardano-and-sui-were-up-big-this-week/,"Why Solana, Cardano, and Sui Were Up Big This Week",Travis Hoium,https://g.foolcdn.com/editorial/images/816095/cryptocurrency-image.jpg,www.fool.com,Blockchain,0.183679,Somewhat-Bullish,"[{""ticker"": ""CRYPTO:SOL"", ""relevance_score"": ""0.083251"", ""ticker_sentiment_score"": ""0.018572"", ""ticker_sentiment_label"": ""Neutral""}, {""ticker"": ""CRYPTO:AVAX"", ""relevance_score"": ""0.083251"", ""ticker_sentiment_score"": ""0.018572"", ""ticker_sentiment_label"": ""Neutral""}, {""ticker"": ""CRYPTO:ADA"", ""relevance_score"": ""0.246167"", ""ticker_sentiment_score"": ""-0.074597"", ""ticker_sentiment_label"": ""Neutral""}, {""ticker"": ""CRYPTO:XRP"", ""relevance_score"": ""0.083251"", ""ticker_sentiment_score"": ""0.32327"", ""ticker_sentiment_label"": ""Somewhat-Bullish""}]"
2025-04-25,"Key points:Bitcoin price pushed above $95,000, increasing the chance of a rally to $100,000.Institutional investor demand is back, suggesting that the bearish trend could be over.Select altcoins could break above their respective overhead resistance levels if Bitcoin remains strongBitcoin ( BTC ...",Cointelegraph,https://cointelegraph.com/news/price-predictions-4-25-btc-eth-xrp-bnb-sol-doge-ada-sui-link-avax,0.099066,https://cointelegraph.com/news/price-predictions-4-25-btc-eth-xrp-bnb-sol-doge-ada-sui-link-avax,"Price predictions 4/25: BTC, ETH, XRP, BNB, SOL, DOGE, ADA, SUI, LINK, AVAX",Rakesh Upadhyay,https://s3.cointelegraph.com/uploads/2025-04/01966deb-9c3f-7672-8f2b-905a1761b0d4,cointelegraph.com,"Economy - Monetary,Financial Markets,Finance,Blockchain",0.033741,Neutral,"[{""ticker"": ""COIN"", ""relevance_score"": ""0.033098"", ""ticker_sentiment_score"": ""0.003923"", ""ticker_sentiment_label"": ""Neutral""}, {""ticker"": ""CRYPTO:BTC"", ""relevance_score"": ""0.410402"", ""ticker_sentiment_score"": ""0.076334"", ""ticker_sentiment_label"": ""Neutral""}, {""ticker"": ""CRYPTO:DOGE"", ""relevance_score"": ""0.099066"", ""ticker_sentiment_score"": ""0.091268"", ""ticker_sentiment_label"": ""Neutral""}, {""ticker"": ""CRYPTO:LINK"", ""relevance_score"": ""0.099066"", ""ticker_sentiment_score"": ""-0.004427"", ""ticker_sentiment_label"": ""Neutral""}, {""ticker"": ""CRYPTO:ADA"", ""relevance_score"": ""0.099066"", ""ticker_sentiment_score"": ""0.046198"", ""ticker_sentiment_label"": ""Neutral""}]"
2025-04-25,"The SEC has delayed a decision on rules changes for ETFs based on Hedera and Polkadot, plus a fund based on Ethereum and Bitcoin.",Decrypt.co,https://decrypt.co/316370/sec-punts-hedera-polkadot-etfs,0.110973,https://decrypt.co/316370/sec-punts-hedera-polkadot-etfs,"SEC Needs More Time to Decide on Polkadot, Hedera ETFs",James Rubin,https://cdn.decrypt.co/resize/1024/height/512/wp-content/uploads/2024/04/crypto-etf-gID_7.jpg,decrypt.co,"Blockchain,Financial Markets",0.132756,Neutral,"[{""ticker"": ""CRYPTO:BTC"", ""relevance_score"": ""0.671304"", ""ticker_sentiment_score"": ""0.281223"", ""ticker_sentiment_label"": ""Somewhat-Bullish""}, {""ticker"": ""CRYPTO:ETH"", ""relevance_score"": ""0.324495"", ""ticker_sentiment_score"": ""0.108435"", ""ticker_sentiment_label"": ""Neutral""}, {""ticker"": ""CRYPTO:DOGE"", ""relevance_score"": ""0.219809"", ""ticker_sentiment_score"": ""0.016973"", ""ticker_sentiment_label"": ""Neutral""}, {""ticker"": ""CRYPTO:LTC"", ""relevance_score"": ""0.110973"", ""ticker_sentiment_score"": ""0.0111"", ""ticker_sentiment_label"": ""Neutral""}, {""ticker"": ""CRYPTO:ADA"", ""relevance_score"": ""0.110973"", ""ticker_sentiment_score"": ""0.0111"", ""ticker_sentiment_label"": ""Neutral""}]"
2025-04-26,"There's one new paradigm in play that might make Cardano ( CRYPTO: ADA ) a better cryptocurrency to buy than Solana ( CRYPTO: SOL ) . It doesn't have much to do with the technology underpinning either chain, but it is something that investors should probably know about today rather than when it ...",Motley Fool,https://www.fool.com/investing/2025/04/26/is-this-1-reason-to-buy-cardano-over-solana/,0.542666,https://www.fool.com/investing/2025/04/26/is-this-1-reason-to-buy-cardano-over-solana/,Is This 1 Reason to Buy Cardano Over Solana?,Alex Carchidi,https://g.foolcdn.com/editorial/images/815590/two-investors-work-at-a-table-with-a-laptop-and-a-phone.jpg,www.fool.com,"Blockchain,Financial Markets",0.183167,Somewhat-Bullish,"[{""ticker"": ""CRYPTO:SOL"", ""relevance_score"": ""0.05387"", ""ticker_sentiment_score"": ""0.085743"", ""ticker_sentiment_label"": ""Neutral""}, {""ticker"": ""CRYPTO:ADA"", ""relevance_score"": ""0.542666"", ""ticker_sentiment_score"": ""0.180487"", ""ticker_sentiment_label"": ""Somewhat-Bullish""}]"
2025-04-26,"LARNACA, Cyprus, April 26, 2025 ( GLOBE NEWSWIRE ) -- The UK online gambling scene is thriving in 2025, with players seeking platforms that offer security, variety, and fast payouts. Amidst a sea of options, JACKBIT Casino stands out as the best online casino UK has to offer, earning a stellar ...",Benzinga,https://www.benzinga.com/pressreleases/25/04/g45026967/best-online-casinos-uk-2025-jackbit-rated-as-top-uk-casino-site,0.010326,https://www.benzinga.com/pressreleases/25/04/g45026967/best-online-casinos-uk-2025-jackbit-rated-as-top-uk-casino-site,Best Online Casinos UK 2025: JACKBIT Rated As Top UK Casino Site,Globe Newswire,https://ml.globenewswire.com/Resource/Download/44a272fd-3055-44b6-a3dc-a649b2557bdb/jackbit.jpg,www.benzinga.com,"Technology,Blockchain,Financial Markets",0.514549,Bullish,"[{""ticker"": ""MA"", ""relevance_score"": ""0.041287"", ""ticker_sentiment_score"": ""0.222462"", ""ticker_sentiment_label"": ""Somewhat-Bullish""}, {""ticker"": ""RDDT"", ""relevance_score"": ""0.010326"", ""ticker_sentiment_score"": ""0.411604"", ""ticker_sentiment_label"": ""Bullish""}, {""ticker"": ""GOOG"", ""relevance_score"": ""0.030971"", ""ticker_sentiment_score"": ""0.15837"", ""ticker_sentiment_label"": ""Somewhat-Bullish""}, {""ticker"": ""CRYPTO:BTC"", ""relevance_score"": ""0.041287"", ""ticker_sentiment_score"": ""0.1282"", ""ticker_sentiment_label"": ""Neutral""}, {""ticker"": ""CRYPTO:ETH"", ""relevance_score"": ""0.030971"", ""ticker_sentiment_score"": ""0.109999"", ""ticker_sentiment_label"": ""Neutral""}, {""ticker"": ""CRYPTO:DOGE"", ""relevance_score"": ""0.010326"", ""ticker_sentiment_score"": ""0.046434"", ""ticker_sentiment_label"": ""Neutral""}, {""ticker"": ""CRYPTO:LTC"", ""relevance_score"": ""0.02065"", ""ticker_sentiment_score"": ""0.013838"", ""ticker_sentiment_label"": ""Neutral""}, {""ticker"": ""CRYPTO:ADA"", ""relevance_score"": ""0.010326"", ""ticker_sentiment_score"": ""0.046434"", ""ticker_sentiment_label"": ""Neutral""}]"
2025-04-28,"Key points:Bitcoin continues to face resistance at $95,000, but the possibility of an upside breakout remains high.Solid spot Bitcoin ETF inflows do not always signal a short-term top.Select altcoins are showing early signs of a short-term trend change.Bitcoin ( BTC ) pierced the $95,000 ...",Cointelegraph,https://cointelegraph.com/news/price-predictions-4-28-spx-dxy-btc-eth-xrp-bnb-sol-doge-ada-sui,0.10087,https://cointelegraph.com/news/price-predictions-4-28-spx-dxy-btc-eth-xrp-bnb-sol-doge-ada-sui,"Price predictions 4/28: SPX, DXY, BTC, ETH, XRP, BNB, SOL, DOGE, ADA, SUI",Rakesh Upadhyay,https://s3.cointelegraph.com/uploads/2025-04/01967d76-5a65-7626-a3c0-fdc10e1ffe4a,cointelegraph.com,"Economy - Monetary,Financial Markets,Blockchain,Economy - Macro",0.019386,Neutral,"[{""ticker"": ""FOREX:USD"", ""relevance_score"": ""0.033703"", ""ticker_sentiment_score"": ""0.003906"", ""ticker_sentiment_label"": ""Neutral""}, {""ticker"": ""CRYPTO:BTC"", ""relevance_score"": ""0.387875"", ""ticker_sentiment_score"": ""-0.002739"", ""ticker_sentiment_label"": ""Neutral""}, {""ticker"": ""CRYPTO:ETH"", ""relevance_score"": ""0.134214"", ""ticker_sentiment_score"": ""-0.029707"", ""ticker_sentiment_label"": ""Neutral""}, {""ticker"": ""CRYPTO:DOGE"", ""relevance_score"": ""0.10087"", ""ticker_sentiment_score"": ""0.020411"", ""ticker_sentiment_label"": ""Neutral""}, {""ticker"": ""CRYPTO:ADA"", ""relevance_score"": ""0.10087"", ""ticker_sentiment_score"": ""0.158486"", ""ticker_sentiment_label"": ""Somewhat-Bullish""}]"
2025-04-28,"SINGAPORE, April 28, 2025 ( GLOBE NEWSWIRE ) -- As Bitcoin has surged to new highs, reaching $95,000, BexBack, a fast-growing cryptocurrency derivatives platform, is positioning itself to help traders capitalize on market opportunities.",Benzinga,https://www.benzinga.com/pressreleases/25/04/g45040947/bexback-introduces-100x-leverage-no-kyc-and-exclusive-bonuses-amid-crypto-market-volatility,0.083251,https://www.benzinga.com/pressreleases/25/04/g45040947/bexback-introduces-100x-leverage-no-kyc-and-exclusive-bonuses-amid-crypto-market-volatility,"BexBack Introduces 100x Leverage, No KYC, and Exclusive Bonuses Amid Crypto Market Volatility",Globe Newswire,https://ml.globenewswire.com/Resource/Download/b4b71c86-c6be-4be1-9564-7a837253637d/bexback.jpeg,www.benzinga.com,"Blockchain,Financial Markets",0.242726,Somewhat-Bullish,"[{""ticker"": ""CRYPTO:BTC"", ""relevance_score"": ""0.324139"", ""ticker_sentiment_score"": ""0.378201"", ""ticker_sentiment_label"": ""Bullish""}, {""ticker"": ""CRYPTO:ETH"", ""relevance_score"": ""0.083251"", ""ticker_sentiment_score"": ""0.162612"", ""ticker_sentiment_label"": ""Somewhat-Bullish""}, {""ticker"": ""CRYPTO:ADA"", ""relevance_score"": ""0.083251"", ""ticker_sentiment_score"": ""0.162612"", ""ticker_sentiment_label"": ""Somewhat-Bullish""}]"
2025-04-28,"Only a handful of cryptocurrencies, such as Bitcoin ( CRYPTO: BTC ) and XRP ( CRYPTO: XRP ) , have been able to avoid the worst of the declines in response to President Donald Trump's new tariffs.Most top cryptocurrencies are down at least 20% for the year, with two major categories of ...",Motley Fool,https://www.fool.com/investing/2025/04/28/2-types-of-cryptocurrencies-getting-slammed-by-pre/,0.160277,https://www.fool.com/investing/2025/04/28/2-types-of-cryptocurrencies-getting-slammed-by-pre/,2 Types of Cryptocurrencies Getting Slammed by President Trump's New Tariffs,Dominic Basulto,https://g.foolcdn.com/image/?url=https%3A%2F%2Fg.foolcdn.com%2Feditorial%2Fimages%2F815947%2Fdisappointed-investor.jpg&op=resize&w=700,www.fool.com,"Economy - Monetary,Blockchain,Financial Markets",-0.004912,Neutral,"[{""ticker"": ""CRCW"", ""relevance_score"": ""0.053749"", ""ticker_sentiment_score"": ""0.238871"", ""ticker_sentiment_label"": ""Somewhat-Bullish""}, {""ticker"": ""CRYPTO:BTC"", ""relevance_score"": ""0.263942"", ""ticker_sentiment_score"": ""-0.199911"", ""ticker_sentiment_label"": ""Somewhat-Bearish""}, {""ticker"": ""CRYPTO:ETH"", ""relevance_score"": ""0.541654"", ""ticker_sentiment_score"": ""0.163677"", ""ticker_sentiment_label"": ""Somewhat-Bullish""}, {""ticker"": ""CRYPTO:SHIB"", ""relevance_score"": ""0.160277"", ""ticker_sentiment_score"": ""-0.022709"", ""ticker_sentiment_label"": ""Neutral""}, {""ticker"": ""CRYPTO:DOGE"", ""relevance_score"": ""0.160277"", ""ticker_sentiment_score"": ""-0.022709"", ""ticker_sentiment_label"": ""Neutral""}, {""ticker"": ""CRYPTO:ADA"", ""relevance_score"": ""0.160277"", ""ticker_sentiment_score"": ""-0.164418"", ""ticker_sentiment_label"": ""Somewhat-Bearish""}]"
2025-04-28,"TORONTO, April 28, 2025 ( GLOBE NEWSWIRE ) -- We tried a lot of online casinos in Ontario, but most didn't give the bonuses we were hoping for. Then, a few locals recommended MIRAX Casino, so we decided to check it out. Right away, it felt different.",Benzinga,https://www.benzinga.com/pressreleases/25/04/g45031971/best-online-casinos-ontario-mirax-casino-ranked-as-top-paying-casino-in-2025,0.031759,https://www.benzinga.com/pressreleases/25/04/g45031971/best-online-casinos-ontario-mirax-casino-ranked-as-top-paying-casino-in-2025,"Best Online Casinos Ontario: MIRAX Casino, Ranked as Top Paying Casino in 2025",Globe Newswire,https://ml.globenewswire.com/Resource/Download/ef1ee3d6-09b1-4497-b33c-ae6134bb8e8e/mirax-casino.jpg,www.benzinga.com,Blockchain,0.546427,Bullish,"[{""ticker"": ""MA"", ""relevance_score"": ""0.031759"", ""ticker_sentiment_score"": ""0.037155"", ""ticker_sentiment_label"": ""Neutral""}, {""ticker"": ""TRTPF"", ""relevance_score"": ""0.015883"", ""ticker_sentiment_score"": ""0.246596"", ""ticker_sentiment_label"": ""Somewhat-Bullish""}, {""ticker"": ""CRYPTO:BTC"", ""relevance_score"": ""0.126533"", ""ticker_sentiment_score"": ""0.283182"", ""ticker_sentiment_label"": ""Somewhat-Bullish""}, {""ticker"": ""CRYPTO:VPN"", ""relevance_score"": ""0.015883"", ""ticker_sentiment_score"": ""-0.156695"", ""ticker_sentiment_label"": ""Somewhat-Bearish""}, {""ticker"": ""CRYPTO:BNB"", ""relevance_score"": ""0.031759"", ""ticker_sentiment_score"": ""0.104585"", ""ticker_sentiment_label"": ""Neutral""}, {""ticker"": ""CRYPTO:XRP"", ""relevance_score"": ""0.015883"", ""ticker_sentiment_score"": ""-0.126178"", ""ticker_sentiment_label"": ""Neutral""}, {""ticker"": ""CRYPTO:ETH"", ""relevance_score"": ""0.063467"", ""ticker_sentiment_score"": ""0.228976"", ""ticker_sentiment_label"": ""Somewhat-Bullish""}, {""ticker"": ""CRYPTO:DOGE"", ""relevance_score"": ""0.031759"", ""ticker_sentiment_score"": ""0.104585"", ""ticker_sentiment_label"": ""Neutral""}, {""ticker"": ""CRYPTO:USDT"", ""relevance_score"": ""0.015883"", ""ticker_sentiment_score"": ""-0.126178"", ""ticker_sentiment_label"": ""Neutral""}, {""ticker"": ""CRYPTO:LTC"", ""relevance_score"": ""0.047622"", ""ticker_sentiment_score"": ""0.226591"", ""ticker_sentiment_label"": ""Somewhat-Bullish""}, {""ticker"": ""CRYPTO:TRX"", ""relevance_score"": ""0.015883"", ""ticker_sentiment_score"": ""-0.126178"", ""ticker_sentiment_label"": ""Neutral""}, {""ticker"": ""CRYPTO:ADA"", ""relevance_score"": ""0.031759"", ""ticker_sentiment_score"": ""0.104585"", ""ticker_sentiment_label"": ""Neutral""}]"
2025-04-28,"Let's be perfectly clear: Ethereum ( CRYPTO: ETH ) is having a very bad year. It's now down 47% in 2025, making it the worst-performing top cryptocurrency. At a time when rival cryptocurrencies are finally starting to regain momentum, Ethereum is down another 10% over the past 30 days.So is it ...",Motley Fool,https://www.fool.com/investing/2025/04/28/should-you-buy-ethereum-while-its-down-47-this-yea/,0.164656,https://www.fool.com/investing/2025/04/28/should-you-buy-ethereum-while-its-down-47-this-yea/,Should You Buy Ethereum While It's Down 47% This Year?,Dominic Basulto,https://g.foolcdn.com/image/?url=https%3A%2F%2Fg.foolcdn.com%2Feditorial%2Fimages%2F816207%2Fanxious-investor-laptop.jpg&op=resize&w=700,www.fool.com,Blockchain,0.129949,Neutral,"[{""ticker"": ""CRCW"", ""relevance_score"": ""0.055236"", ""ticker_sentiment_score"": ""0.110093"", ""ticker_sentiment_label"": ""Neutral""}, {""ticker"": ""CRYPTO:ETH"", ""relevance_score"": ""0.977768"", ""ticker_sentiment_score"": ""0.230803"", ""ticker_sentiment_label"": ""Somewhat-Bullish""}, {""ticker"": ""CRYPTO:SOL"", ""relevance_score"": ""0.055236"", ""ticker_sentiment_score"": ""0.035102"", ""ticker_sentiment_label"": ""Neutral""}, {""ticker"": ""CRYPTO:AVAX"", ""relevance_score"": ""0.055236"", ""ticker_sentiment_score"": ""0.035102"", ""ticker_sentiment_label"": ""Neutral""}, {""ticker"": ""CRYPTO:ADA"", ""relevance_score"": ""0.164656"", ""ticker_sentiment_score"": ""-0.108354"", ""ticker_sentiment_label"": ""Neutral""}]"
2025-04-29,"PORTLAND, Ore., April 29, 2025 ( GLOBE NEWSWIRE ) -- We played through plenty of online casinos across Canada, hoping to find great bonuses and a good time, but most fell short. After talking to a few local players, one name kept popping up, so we decided to check it out.",Benzinga,https://www.benzinga.com/pressreleases/25/04/g45063797/best-online-casinos-canada-2025-7bit-casino-recognized-as-the-best-overall-choice,0.0379,https://www.benzinga.com/pressreleases/25/04/g45063797/best-online-casinos-canada-2025-7bit-casino-recognized-as-the-best-overall-choice,Best Online Casinos Canada 2025: 7Bit Casino Recognized as the Best Overall Choice,Globe Newswire,https://www.benzinga.com/next-assets/images/schema-image-default.png,www.benzinga.com,"Technology,Blockchain",0.586375,Bullish,"[{""ticker"": ""MA"", ""relevance_score"": ""0.012638"", ""ticker_sentiment_score"": ""0.229846"", ""ticker_sentiment_label"": ""Somewhat-Bullish""}, {""ticker"": ""PSFE"", ""relevance_score"": ""0.012638"", ""ticker_sentiment_score"": ""0.256051"", ""ticker_sentiment_label"": ""Somewhat-Bullish""}, {""ticker"": ""CRYPTO:BTC"", ""relevance_score"": ""0.175494"", ""ticker_sentiment_score"": ""0.293937"", ""ticker_sentiment_label"": ""Somewhat-Bullish""}, {""ticker"": ""CRYPTO:BCH"", ""relevance_score"": ""0.025272"", ""ticker_sentiment_score"": ""0.258015"", ""ticker_sentiment_label"": ""Somewhat-Bullish""}, {""ticker"": ""CRYPTO:BNB"", ""relevance_score"": ""0.025272"", ""ticker_sentiment_score"": ""0.430644"", ""ticker_sentiment_label"": ""Bullish""}, {""ticker"": ""CRYPTO:XRP"", ""relevance_score"": ""0.012638"", ""ticker_sentiment_score"": ""0.256051"", ""ticker_sentiment_label"": ""Somewhat-Bullish""}, {""ticker"": ""CRYPTO:ETH"", ""relevance_score"": ""0.050519"", ""ticker_sentiment_score"": ""0.154977"", ""ticker_sentiment_label"": ""Somewhat-Bullish""}, {""ticker"": ""CRYPTO:DOGE"", ""relevance_score"": ""0.025272"", ""ticker_sentiment_score"": ""0.344216"", ""ticker_sentiment_label"": ""Somewhat-Bullish""}, {""ticker"": ""CRYPTO:USDT"", ""relevance_score"": ""0.012638"", ""ticker_sentiment_score"": ""0.439887"", ""ticker_sentiment_label"": ""Bullish""}, {""ticker"": ""CRYPTO:LTC"", ""relevance_score"": ""0.0379"", ""ticker_sentiment_score"": ""-0.029869"", ""ticker_sentiment_label"": ""Neutral""}, {""ticker"": ""CRYPTO:TRX"", ""relevance_score"": ""0.012638"", ""ticker_sentiment_score"": ""0.256051"", ""ticker_sentiment_label"": ""Somewhat-Bullish""}, {""ticker"": ""CRYPTO:ADA"", ""relevance_score"": ""0.0379"", ""ticker_sentiment_score"": ""0.143338"", ""ticker_sentiment_label"": ""Neutral""}]"
2025-04-29,"The first 100 days of the administration of US President Donald Trump have deeply impacted the crypto industry, starting with his own memecoin and culminating in a Bitcoin reserve and a spate of blockchain policymaking.",Cointelegraph,https://cointelegraph.com/news/trump-first-100-days-worst-in-history-despite-crypto-promises,0.058711,https://cointelegraph.com/news/trump-first-100-days-worst-in-history-despite-crypto-promises,Trump's first 100 days 'worst in history' despite crypto promises,Aaron Wood,https://s3.cointelegraph.com/uploads/2025-04/0196815c-798e-718a-a693-fffa1106b578,cointelegraph.com,"Economy - Monetary,Blockchain,Financial Markets",0.1016,Neutral,"[{""ticker"": ""SFTBF"", ""relevance_score"": ""0.019586"", ""ticker_sentiment_score"": ""0.143205"", ""ticker_sentiment_label"": ""Neutral""}, {""ticker"": ""FOREX:USD"", ""relevance_score"": ""0.019586"", ""ticker_sentiment_score"": ""0.147903"", ""ticker_sentiment_label"": ""Neutral""}, {""ticker"": ""CRYPTO:BTC"", ""relevance_score"": ""0.305532"", ""ticker_sentiment_score"": ""-0.05293"", ""ticker_sentiment_label"": ""Neutral""}, {""ticker"": ""CRYPTO:ETH"", ""relevance_score"": ""0.058711"", ""ticker_sentiment_score"": ""0.149"", ""ticker_sentiment_label"": ""Neutral""}, {""ticker"": ""CRYPTO:LINK"", ""relevance_score"": ""0.019586"", ""ticker_sentiment_score"": ""0.203221"", ""ticker_sentiment_label"": ""Somewhat-Bullish""}, {""ticker"": ""CRYPTO:ADA"", ""relevance_score"": ""0.058711"", ""ticker_sentiment_score"": ""0.061982"", ""ticker_sentiment_label"": ""Neutral""}]"
2025-04-29,The SEC said it will wait until June to decide next steps for the Bitwise Dogecoin ETF and Franklin Templeton's proposed XRP product.,Decrypt.co,https://decrypt.co/316935/sec-punts-dogecoin-xrp-etf-approvals,0.150592,https://decrypt.co/316935/sec-punts-dogecoin-xrp-etf-approvals,SEC Punts on Dogecoin and XRP ETF Approvals,Mat Di Salvo,https://cdn.decrypt.co/resize/1024/height/512/wp-content/uploads/2024/12/bitcoin-dogecoin-xrp-gID_7.png,decrypt.co,"Blockchain,Financial Markets",0.318079,Somewhat-Bullish,"[{""ticker"": ""CRYPTO:BTC"", ""relevance_score"": ""0.295867"", ""ticker_sentiment_score"": ""0.425746"", ""ticker_sentiment_label"": ""Bullish""}, {""ticker"": ""CRYPTO:ETH"", ""relevance_score"": ""0.150592"", ""ticker_sentiment_score"": ""0.106448"", ""ticker_sentiment_label"": ""Neutral""}, {""ticker"": ""CRYPTO:DOGE"", ""relevance_score"": ""0.552443"", ""ticker_sentiment_score"": ""0.340856"", ""ticker_sentiment_label"": ""Somewhat-Bullish""}, {""ticker"": ""CRYPTO:LTC"", ""relevance_score"": ""0.150592"", ""ticker_sentiment_score"": ""0.069765"", ""ticker_sentiment_label"": ""Neutral""}, {""ticker"": ""CRYPTO:ADA"", ""relevance_score"": ""0.150592"", ""ticker_sentiment_score"": ""0.069765"", ""ticker_sentiment_label"": ""Neutral""}]"
2025-04-30,"The White House adviser said the administration aims to acquire as much Bitcoin as possible, emphasizing its ""intrinsic value."" ...",Decrypt.co,https://decrypt.co/317080/donald-trump-advisor-bo-hines-there-is-a-space-race-to-build-bitcoin-reserves,0.18602,https://decrypt.co/317080/donald-trump-advisor-bo-hines-there-is-a-space-race-to-build-bitcoin-reserves,Donald Trump Advisor Bo Hines: There Is a 'Space Race' to Build Bitcoin Reserves,Will McCurdy,https://cdn.decrypt.co/resize/1024/height/512/wp-content/uploads/2023/07/bitcoin-btc-on-american-flag-us-flag-gID_7.jpg,decrypt.co,Blockchain,0.250521,Somewhat-Bullish,"[{""ticker"": ""CRYPTO:BTC"", ""relevance_score"": ""0.804375"", ""ticker_sentiment_score"": ""0.411041"", ""ticker_sentiment_label"": ""Bullish""}, {""ticker"": ""CRYPTO:ADA"", ""relevance_score"": ""0.18602"", ""ticker_sentiment_score"": ""0.043063"", ""ticker_sentiment_label"": ""Neutral""}]"
2025-04-30,"Key points:Bitcoin's 7-day volatility is the lowest in 563 days, signaling an impending range expansion.Bitcoin's breakout above $95,000 could swiftly take it to $100,000 and above.Although the probability is low, traders should remain cautious about a pullback in the near term.Bitcoin ( BTC ) ...",Cointelegraph,https://cointelegraph.com/news/price-predictions-4-30-btc-eth-xrp-bnb-sol-doge-ada-sui-link-avax,0.102303,https://cointelegraph.com/news/price-predictions-4-30-btc-eth-xrp-bnb-sol-doge-ada-sui-link-avax,"Price predictions 4/30: BTC, ETH, XRP, BNB, SOL, DOGE, ADA, SUI, LINK, AVAX",Rakesh Upadhyay,https://s3.cointelegraph.com/uploads/2025-04/0196879f-6c2e-7a27-b055-003ea9281bce,cointelegraph.com,Blockchain,-0.045986,Neutral,"[{""ticker"": ""CRYPTO:BTC"", ""relevance_score"": ""0.169676"", ""ticker_sentiment_score"": ""0.002917"", ""ticker_sentiment_label"": ""Neutral""}, {""ticker"": ""CRYPTO:AVAX"", ""relevance_score"": ""0.068306"", ""ticker_sentiment_score"": ""0.055562"", ""ticker_sentiment_label"": ""Neutral""}, {""ticker"": ""CRYPTO:BNB"", ""relevance_score"": ""0.102303"", ""ticker_sentiment_score"": ""0.0"", ""ticker_sentiment_label"": ""Neutral""}, {""ticker"": ""CRYPTO:XRP"", ""relevance_score"": ""0.102303"", ""ticker_sentiment_score"": ""-0.094679"", ""ticker_sentiment_label"": ""Neutral""}, {""ticker"": ""CRYPTO:ETH"", ""relevance_score"": ""0.102303"", ""ticker_sentiment_score"": ""-0.061817"", ""ticker_sentiment_label"": ""Neutral""}, {""ticker"": ""CRYPTO:DOGE"", ""relevance_score"": ""0.102303"", ""ticker_sentiment_score"": ""0.038461"", ""ticker_sentiment_label"": ""Neutral""}, {""ticker"": ""CRYPTO:LINK"", ""relevance_score"": ""0.102303"", ""ticker_sentiment_score"": ""-0.021228"", ""ticker_sentiment_label"": ""Neutral""}, {""ticker"": ""CRYPTO:USDT"", ""relevance_score"": ""0.331765"", ""ticker_sentiment_score"": ""0.043744"", ""ticker_sentiment_label"": ""Neutral""}, {""ticker"": ""CRYPTO:ADA"", ""relevance_score"": ""0.102303"", ""ticker_sentiment_score"": ""0.131741"", ""ticker_sentiment_label"": ""Neutral""}]"
2025-04-30,"Key takeaways:Traders remain cautious about ETH's price action, but optimistic sentiment is beginning to return.The May 7, Ethereum Pectra upgrade could boost investor sentiment, but ETH's price action shows investors are still hesitant to open new positions.Ether ( ETH ) has been trading below ...",Cointelegraph,https://cointelegraph.com/news/ethereum-bulls-show-interest-as-traders-confidence-in-eth-s-1-8-k-level-improves,0.118354,https://cointelegraph.com/news/ethereum-bulls-show-interest-as-traders-confidence-in-eth-s-1-8-k-level-improves,Ethereum bulls show interest as traders' confidence in ETH's $1.8K level improves,Marcel Pechman,https://s3.cointelegraph.com/uploads/2025-04/01968918-38a0-739b-a4fd-7bd513d1797e,cointelegraph.com,"Blockchain,Financial Markets",0.085708,Neutral,"[{""ticker"": ""CRYPTO:BTC"", ""relevance_score"": ""0.176717"", ""ticker_sentiment_score"": ""0.077387"", ""ticker_sentiment_label"": ""Neutral""}, {""ticker"": ""CRYPTO:ETH"", ""relevance_score"": ""0.735845"", ""ticker_sentiment_score"": ""0.134526"", ""ticker_sentiment_label"": ""Neutral""}, {""ticker"": ""CRYPTO:ADA"", ""relevance_score"": ""0.118354"", ""ticker_sentiment_score"": ""0.092224"", ""ticker_sentiment_label"": ""Neutral""}]"
2025-05-01,"PERTH, Australia, May 01, 2025 ( GLOBE NEWSWIRE ) -- With many online casinos available, choosing the right one can be challenging for Australian players.",Benzinga,https://www.benzinga.com/pressreleases/25/05/g45134207/best-online-casinos-australia-mirax-casino-ranked-1-for-real-money-pokies-for-aussie-players,0.024584,https://www.benzinga.com/pressreleases/25/05/g45134207/best-online-casinos-australia-mirax-casino-ranked-1-for-real-money-pokies-for-aussie-players,Best Online Casinos Australia: MIRAX Casino Ranked #1 for Real Money Pokies for Aussie Players,Globe Newswire,https://www.benzinga.com/next-assets/images/schema-image-default.png,www.benzinga.com,"Blockchain,Financial Markets",0.484883,Bullish,"[{""ticker"": ""MA"", ""relevance_score"": ""0.012294"", ""ticker_sentiment_score"": ""0.0"", ""ticker_sentiment_label"": ""Neutral""}, {""ticker"": ""SORHF"", ""relevance_score"": ""0.012294"", ""ticker_sentiment_score"": ""0.313908"", ""ticker_sentiment_label"": ""Somewhat-Bullish""}, {""ticker"": ""CRYPTO:BTC"", ""relevance_score"": ""0.170791"", ""ticker_sentiment_score"": ""0.519166"", ""ticker_sentiment_label"": ""Bullish""}, {""ticker"": ""CRYPTO:VPN"", ""relevance_score"": ""0.012294"", ""ticker_sentiment_score"": ""0.029928"", ""ticker_sentiment_label"": ""Neutral""}, {""ticker"": ""CRYPTO:BCH"", ""relevance_score"": ""0.024584"", ""ticker_sentiment_score"": ""0.07297"", ""ticker_sentiment_label"": ""Neutral""}, {""ticker"": ""CRYPTO:XRP"", ""relevance_score"": ""0.012294"", ""ticker_sentiment_score"": ""0.066878"", ""ticker_sentiment_label"": ""Neutral""}, {""ticker"": ""CRYPTO:ETH"", ""relevance_score"": ""0.036869"", ""ticker_sentiment_score"": ""0.116456"", ""ticker_sentiment_label"": ""Neutral""}, {""ticker"": ""CRYPTO:DOGE"", ""relevance_score"": ""0.024584"", ""ticker_sentiment_score"": ""0.07297"", ""ticker_sentiment_label"": ""Neutral""}, {""ticker"": ""CRYPTO:USDT"", ""relevance_score"": ""0.012294"", ""ticker_sentiment_score"": ""0.066878"", ""ticker_sentiment_label"": ""Neutral""}, {""ticker"": ""CRYPTO:LTC"", ""relevance_score"": ""0.036869"", ""ticker_sentiment_score"": ""0.116456"", ""ticker_sentiment_label"": ""Neutral""}, {""ticker"": ""CRYPTO:TRX"", ""relevance_score"": ""0.012294"", ""ticker_sentiment_score"": ""0.066878"", ""ticker_sentiment_label"": ""Neutral""}, {""ticker"": ""CRYPTO:ADA"", ""relevance_score"": ""0.024584"", ""ticker_sentiment_score"": ""0.07297"", ""ticker_sentiment_label"": ""Neutral""}]"
2025-05-02,"Key points:Bitcoin trends toward $100,000. Will bears sell at this level?Altcoins are trading above their respective support levels, suggesting that an altcoin rally is brewing.Bitcoin's ( BTC ) tight consolidation resolved in favor of the bulls with a break above the $95,000 barrier on May 1.",Cointelegraph,https://cointelegraph.com/news/price-predictions-5-2-btc-eth-xrp-bnb-sol-doge-ada-sui-link-avax,0.097854,https://cointelegraph.com/news/price-predictions-5-2-btc-eth-xrp-bnb-sol-doge-ada-sui-link-avax,"Price predictions 5/2: BTC, ETH, XRP, BNB, SOL, DOGE, ADA, SUI, LINK, AVAX",Rakesh Upadhyay,https://s3.cointelegraph.com/uploads/2025-05/019691eb-f69a-7ab4-89a5-b05f2f6c7e98,cointelegraph.com,"Earnings,Blockchain",-0.00972,Neutral,"[{""ticker"": ""CRYPTO:BTC"", ""relevance_score"": ""0.194242"", ""ticker_sentiment_score"": ""0.110576"", ""ticker_sentiment_label"": ""Neutral""}, {""ticker"": ""CRYPTO:AVAX"", ""relevance_score"": ""0.065327"", ""ticker_sentiment_score"": ""-0.031089"", ""ticker_sentiment_label"": ""Neutral""}, {""ticker"": ""CRYPTO:BNB"", ""relevance_score"": ""0.097854"", ""ticker_sentiment_score"": ""-0.157198"", ""ticker_sentiment_label"": ""Somewhat-Bearish""}, {""ticker"": ""CRYPTO:XRP"", ""relevance_score"": ""0.097854"", ""ticker_sentiment_score"": ""-0.011093"", ""ticker_sentiment_label"": ""Neutral""}, {""ticker"": ""CRYPTO:DOGE"", ""relevance_score"": ""0.097854"", ""ticker_sentiment_score"": ""-0.031835"", ""ticker_sentiment_label"": ""Neutral""}, {""ticker"": ""CRYPTO:LINK"", ""relevance_score"": ""0.097854"", ""ticker_sentiment_score"": ""-0.082223"", ""ticker_sentiment_label"": ""Neutral""}, {""ticker"": ""CRYPTO:USDT"", ""relevance_score"": ""0.318074"", ""ticker_sentiment_score"": ""-0.016419"", ""ticker_sentiment_label"": ""Neutral""}, {""ticker"": ""CRYPTO:ADA"", ""relevance_score"": ""0.097854"", ""ticker_sentiment_score"": ""-0.06103"", ""ticker_sentiment_label"": ""Neutral""}]"
2025-05-04,"The Trezor Safe 5 is a safe and simple-to-use crypto wallet that's ideal for beginners, but secure and supported enough for seasoned traders.",Decrypt.co,https://decrypt.co/317598/trezor-safe-5-review-hardware-crypto-wallet,0.026299,https://decrypt.co/317598/trezor-safe-5-review-hardware-crypto-wallet,Trezor Safe 5 Review: A Flagship Hardware Crypto Wallet With Haptic Touchscreen Smarts,Luke Edwards,https://img.decrypt.co/insecure/rs:fit:3840:0:0:0/plain/https://cdn.decrypt.co/wp-content/uploads/2025/05/trezor-safe-5-review-main.jpg@webp,decrypt.co,"Blockchain,Financial Markets",0.356286,Bullish,"[{""ticker"": ""CRYPTO:BTC"", ""relevance_score"": ""0.026299"", ""ticker_sentiment_score"": ""0.272939"", ""ticker_sentiment_label"": ""Somewhat-Bullish""}, {""ticker"": ""CRYPTO:ETH"", ""relevance_score"": ""0.05257"", ""ticker_sentiment_score"": ""0.28985"", ""ticker_sentiment_label"": ""Somewhat-Bullish""}, {""ticker"": ""CRYPTO:DOGE"", ""relevance_score"": ""0.026299"", ""ticker_sentiment_score"": ""0.272939"", ""ticker_sentiment_label"": ""Somewhat-Bullish""}, {""ticker"": ""CRYPTO:ADA"", ""relevance_score"": ""0.026299"", ""ticker_sentiment_score"": ""0.272939"", ""ticker_sentiment_label"": ""Somewhat-Bullish""}]"
2025-05-05,"Key points:Bitcoin is witnessing a tough battle between the bulls and the bears at the $95,000 level.Solid buying by spot Bitcoin ETF investors last week signals a positive shift in investor sentiment. Select altcoins have held their support levels, increasing the likelihood of a short-term up ...",Cointelegraph,https://cointelegraph.com/news/price-predictions-5-5-spx-dxy-btc-eth-xrp-bnb-sol-doge-ada-sui,0.101439,https://cointelegraph.com/news/price-predictions-5-5-spx-dxy-btc-eth-xrp-bnb-sol-doge-ada-sui,"Price predictions 5/5: SPX, DXY, BTC, ETH, XRP, BNB, SOL, DOGE, ADA, SUI",Rakesh Upadhyay,https://s3.cointelegraph.com/uploads/2025-05/0196a160-825b-7cd8-b5ec-2355fbe71292,cointelegraph.com,"Blockchain,Financial Markets,Economy - Macro",0.043688,Neutral,"[{""ticker"": ""FOREX:USD"", ""relevance_score"": ""0.033894"", ""ticker_sentiment_score"": ""0.169919"", ""ticker_sentiment_label"": ""Somewhat-Bullish""}, {""ticker"": ""CRYPTO:BTC"", ""relevance_score"": ""0.359802"", ""ticker_sentiment_score"": ""0.169888"", ""ticker_sentiment_label"": ""Somewhat-Bullish""}, {""ticker"": ""CRYPTO:ETH"", ""relevance_score"": ""0.101439"", ""ticker_sentiment_score"": ""0.023163"", ""ticker_sentiment_label"": ""Neutral""}, {""ticker"": ""CRYPTO:DOGE"", ""relevance_score"": ""0.101439"", ""ticker_sentiment_score"": ""0.036457"", ""ticker_sentiment_label"": ""Neutral""}, {""ticker"": ""CRYPTO:ADA"", ""relevance_score"": ""0.101439"", ""ticker_sentiment_score"": ""0.033423"", ""ticker_sentiment_label"": ""Neutral""}]"
2025-05-05,A new draft of the legislation appears to exempt most top crypto assets from SEC oversight. Democrats plan to walk out of a House session Tuesday related to the bill.,Decrypt.co,https://decrypt.co/317968/house-market-structure-bill-end-sec-oversight-crypto,0.060848,https://decrypt.co/317968/house-market-structure-bill-end-sec-oversight-crypto,New House Market Structure Bill Would End SEC Oversight of Crypto's Top Coins,Sander Lutz,https://cdn.decrypt.co/resize/1024/height/512/wp-content/uploads/2023/06/sec-shutterstock_1128745520-16x9-1-gID_7.jpg,decrypt.co,"Blockchain,Financial Markets",0.204546,Somewhat-Bullish,"[{""ticker"": ""CRYPTO:ETH"", ""relevance_score"": ""0.060848"", ""ticker_sentiment_score"": ""0.121012"", ""ticker_sentiment_label"": ""Neutral""}, {""ticker"": ""CRYPTO:ADA"", ""relevance_score"": ""0.060848"", ""ticker_sentiment_score"": ""0.121012"", ""ticker_sentiment_label"": ""Neutral""}]"
2025-05-05,"The SEC held off on giving the green light to Canary Capital's application for a spot Litecoin ETF, following other altcoin fund delays.",Decrypt.co,https://decrypt.co/317967/sec-punts-canary-capital-litecoin-etf-approval,0.140076,https://decrypt.co/317967/sec-punts-canary-capital-litecoin-etf-approval,SEC Punts on Canary Capital Litecoin ETF Approval,Mat Di Salvo,https://cdn.decrypt.co/resize/1024/height/512/wp-content/uploads/2021/03/shutterstock_678427267-1-gID_7.jpg,decrypt.co,"Technology,Blockchain,Financial Markets",0.273962,Somewhat-Bullish,"[{""ticker"": ""GOOG"", ""relevance_score"": ""0.140076"", ""ticker_sentiment_score"": ""0.111002"", ""ticker_sentiment_label"": ""Neutral""}, {""ticker"": ""CRYPTO:BTC"", ""relevance_score"": ""0.40348"", ""ticker_sentiment_score"": ""0.312715"", ""ticker_sentiment_label"": ""Somewhat-Bullish""}, {""ticker"": ""CRYPTO:ETH"", ""relevance_score"": ""0.140076"", ""ticker_sentiment_score"": ""0.12649"", ""ticker_sentiment_label"": ""Neutral""}, {""ticker"": ""CRYPTO:DOGE"", ""relevance_score"": ""0.140076"", ""ticker_sentiment_score"": ""0.0"", ""ticker_sentiment_label"": ""Neutral""}, {""ticker"": ""CRYPTO:ADA"", ""relevance_score"": ""0.140076"", ""ticker_sentiment_score"": ""0.260733"", ""ticker_sentiment_label"": ""Somewhat-Bullish""}]"
2025-05-05,"The demo transaction used BitcoinOS' new token xBTC, and zero-knowledge proofs instead of custodial arrangements.",Decrypt.co,https://decrypt.co/317840/bitcoinos-demo-sends-btc-to-cardano-and-back-without-a-cross-chain-bridge,0.445179,https://decrypt.co/317840/bitcoinos-demo-sends-btc-to-cardano-and-back-without-a-cross-chain-bridge,BitcoinOS Demo Sends BTC to Cardano and Back-Without a Cross-Chain Bridge,Stephen Graves,https://img.decrypt.co/insecure/rs:fit:3840:0:0:0/plain/https://cdn.decrypt.co/wp-content/themes/decrypt-media/assets/images/aleo/desktop.png@webp,decrypt.co,Blockchain,0.019129,Neutral,"[{""ticker"": ""CRYPTO:BTC"", ""relevance_score"": ""0.875323"", ""ticker_sentiment_score"": ""0.115749"", ""ticker_sentiment_label"": ""Neutral""}, {""ticker"": ""CRYPTO:ETH"", ""relevance_score"": ""0.09402"", ""ticker_sentiment_score"": ""0.082256"", ""ticker_sentiment_label"": ""Neutral""}, {""ticker"": ""CRYPTO:WBTC"", ""relevance_score"": ""0.09402"", ""ticker_sentiment_score"": ""0.152044"", ""ticker_sentiment_label"": ""Somewhat-Bullish""}, {""ticker"": ""CRYPTO:ADA"", ""relevance_score"": ""0.445179"", ""ticker_sentiment_score"": ""0.084837"", ""ticker_sentiment_label"": ""Neutral""}]"
2025-05-06,"Digital asset manager Bitwise has filed to list a spot Near exchange-traded fund with the US Securities and Exchange Commission, adding to a growing list of altcoins currently vying to win regulatory approval.The Bitwise Near ( NEAR ) ETF will track the price movements of the NEAR token, minus ...",Cointelegraph,https://cointelegraph.com/news/bitwise-files-s-1-near-etf-sec-approval-s1-filing,0.197413,https://cointelegraph.com/news/bitwise-files-s-1-near-etf-sec-approval-s1-filing,Bitwise throws NEAR ETF in race for SEC approval with S-1 filing,Brayden Lindrea,https://s3.cointelegraph.com/uploads/2025-05/0196a7d6-cec0-737b-b6f1-3a76dddfef7b,cointelegraph.com,"Finance,Blockchain,Financial Markets",0.14986,Neutral,"[{""ticker"": ""COIN"", ""relevance_score"": ""0.099476"", ""ticker_sentiment_score"": ""0.0"", ""ticker_sentiment_label"": ""Neutral""}, {""ticker"": ""CRYPTO:BTC"", ""relevance_score"": ""0.197413"", ""ticker_sentiment_score"": ""0.180544"", ""ticker_sentiment_label"": ""Somewhat-Bullish""}, {""ticker"": ""CRYPTO:ETH"", ""relevance_score"": ""0.29234"", ""ticker_sentiment_score"": ""0.033086"", ""ticker_sentiment_label"": ""Neutral""}, {""ticker"": ""CRYPTO:DOGE"", ""relevance_score"": ""0.29234"", ""ticker_sentiment_score"": ""0.089269"", ""ticker_sentiment_label"": ""Neutral""}, {""ticker"": ""CRYPTO:LINK"", ""relevance_score"": ""0.197413"", ""ticker_sentiment_score"": ""-0.081017"", ""ticker_sentiment_label"": ""Neutral""}, {""ticker"": ""CRYPTO:LTC"", ""relevance_score"": ""0.197413"", ""ticker_sentiment_score"": ""-0.081017"", ""ticker_sentiment_label"": ""Neutral""}, {""ticker"": ""CRYPTO:ADA"", ""relevance_score"": ""0.197413"", ""ticker_sentiment_score"": ""-0.081017"", ""ticker_sentiment_label"": ""Neutral""}]"
2025-05-07,"LARNACA, Cyprus, May 06, 2025 ( GLOBE NEWSWIRE ) -- After spending time exploring different crypto casinos, we quickly realized that many just didn't meet expectations. The bonuses felt small, the game selections were limited, and the overall experience wasn't very memorable.",Benzinga,https://www.benzinga.com/pressreleases/25/05/g45243361/best-new-online-casinos-jackbit-voted-1-online-casino-for-new-crypto-players,0.016332,https://www.benzinga.com/pressreleases/25/05/g45243361/best-new-online-casinos-jackbit-voted-1-online-casino-for-new-crypto-players,Best New Online Casinos: JACKBIT Voted #1 Online Casino for New Crypto Players,Globe Newswire,https://www.benzinga.com/next-assets/images/schema-image-default.png,www.benzinga.com,"Technology,Blockchain",0.582622,Bullish,"[{""ticker"": ""MA"", ""relevance_score"": ""0.024496"", ""ticker_sentiment_score"": ""0.072557"", ""ticker_sentiment_label"": ""Neutral""}, {""ticker"": ""GOOG"", ""relevance_score"": ""0.040816"", ""ticker_sentiment_score"": ""0.19642"", ""ticker_sentiment_label"": ""Somewhat-Bullish""}, {""ticker"": ""TRTPF"", ""relevance_score"": ""0.008167"", ""ticker_sentiment_score"": ""0.147665"", ""ticker_sentiment_label"": ""Neutral""}, {""ticker"": ""CRYPTO:BTC"", ""relevance_score"": ""0.048969"", ""ticker_sentiment_score"": ""0.159956"", ""ticker_sentiment_label"": ""Somewhat-Bullish""}, {""ticker"": ""CRYPTO:XRP"", ""relevance_score"": ""0.016332"", ""ticker_sentiment_score"": ""0.172161"", ""ticker_sentiment_label"": ""Somewhat-Bullish""}, {""ticker"": ""CRYPTO:ETH"", ""relevance_score"": ""0.048969"", ""ticker_sentiment_score"": ""0.107011"", ""ticker_sentiment_label"": ""Neutral""}, {""ticker"": ""CRYPTO:DOGE"", ""relevance_score"": ""0.016332"", ""ticker_sentiment_score"": ""0.130229"", ""ticker_sentiment_label"": ""Neutral""}, {""ticker"": ""CRYPTO:USDT"", ""relevance_score"": ""0.016332"", ""ticker_sentiment_score"": ""0.484343"", ""ticker_sentiment_label"": ""Bullish""}, {""ticker"": ""CRYPTO:LTC"", ""relevance_score"": ""0.016332"", ""ticker_sentiment_score"": ""0.130229"", ""ticker_sentiment_label"": ""Neutral""}, {""ticker"": ""CRYPTO:ADA"", ""relevance_score"": ""0.016332"", ""ticker_sentiment_score"": ""0.130229"", ""ticker_sentiment_label"": ""Neutral""}]"
2025-05-07,"LONDON, May 06, 2025 ( GLOBE NEWSWIRE ) -- JACKBIT Casino is making a bold impact on the UK's online casino scene for 2025, offering a distinctive mix of privacy, speed, and premium gameplay.",Benzinga,https://www.benzinga.com/pressreleases/25/05/g45243362/best-online-casinos-uk-jackbit-is-ranked-the-most-trusted-online-casino-of-2025,0.026028,https://www.benzinga.com/pressreleases/25/05/g45243362/best-online-casinos-uk-jackbit-is-ranked-the-most-trusted-online-casino-of-2025,Best Online Casinos UK: JACKBIT is Ranked the Most Trusted Online Casino of 2025,Globe Newswire,https://www.benzinga.com/next-assets/images/schema-image-default.png,www.benzinga.com,"Technology,Blockchain",0.472373,Bullish,"[{""ticker"": ""MA"", ""relevance_score"": ""0.052027"", ""ticker_sentiment_score"": ""0.084004"", ""ticker_sentiment_label"": ""Neutral""}, {""ticker"": ""GOOG"", ""relevance_score"": ""0.039033"", ""ticker_sentiment_score"": ""0.126744"", ""ticker_sentiment_label"": ""Neutral""}, {""ticker"": ""TRTPF"", ""relevance_score"": ""0.026028"", ""ticker_sentiment_score"": ""0.101007"", ""ticker_sentiment_label"": ""Neutral""}, {""ticker"": ""CRYPTO:MATIC"", ""relevance_score"": ""0.013015"", ""ticker_sentiment_score"": ""0.195906"", ""ticker_sentiment_label"": ""Somewhat-Bullish""}, {""ticker"": ""CRYPTO:BCH"", ""relevance_score"": ""0.026028"", ""ticker_sentiment_score"": ""0.073032"", ""ticker_sentiment_label"": ""Neutral""}, {""ticker"": ""CRYPTO:SHIB"", ""relevance_score"": ""0.026028"", ""ticker_sentiment_score"": ""0.147263"", ""ticker_sentiment_label"": ""Neutral""}, {""ticker"": ""CRYPTO:DOGE"", ""relevance_score"": ""0.026028"", ""ticker_sentiment_score"": ""0.384516"", ""ticker_sentiment_label"": ""Bullish""}, {""ticker"": ""CRYPTO:USDT"", ""relevance_score"": ""0.026028"", ""ticker_sentiment_score"": ""-0.190799"", ""ticker_sentiment_label"": ""Somewhat-Bearish""}, {""ticker"": ""CRYPTO:BTC"", ""relevance_score"": ""0.116725"", ""ticker_sentiment_score"": ""0.114797"", ""ticker_sentiment_label"": ""Neutral""}, {""ticker"": ""CRYPTO:BNB"", ""relevance_score"": ""0.026028"", ""ticker_sentiment_score"": ""0.279662"", ""ticker_sentiment_label"": ""Somewhat-Bullish""}, {""ticker"": ""CRYPTO:ERC"", ""relevance_score"": ""0.013015"", ""ticker_sentiment_score"": ""0.027742"", ""ticker_sentiment_label"": ""Neutral""}, {""ticker"": ""CRYPTO:XRP"", ""relevance_score"": ""0.013015"", ""ticker_sentiment_score"": ""0.105749"", ""ticker_sentiment_label"": ""Neutral""}, {""ticker"": ""CRYPTO:ETH"", ""relevance_score"": ""0.065008"", ""ticker_sentiment_score"": ""0.119066"", ""ticker_sentiment_label"": ""Neutral""}, {""ticker"": ""CRYPTO:XLM"", ""relevance_score"": ""0.013015"", ""ticker_sentiment_score"": ""0.387886"", ""ticker_sentiment_label"": ""Bullish""}, {""ticker"": ""CRYPTO:LINK"", ""relevance_score"": ""0.026028"", ""ticker_sentiment_score"": ""0.279662"", ""ticker_sentiment_label"": ""Somewhat-Bullish""}, {""ticker"": ""CRYPTO:LTC"", ""relevance_score"": ""0.026028"", ""ticker_sentiment_score"": ""-0.006767"", ""ticker_sentiment_label"": ""Neutral""}, {""ticker"": ""CRYPTO:TRX"", ""relevance_score"": ""0.013015"", ""ticker_sentiment_score"": ""0.174259"", ""ticker_sentiment_label"": ""Somewhat-Bullish""}, {""ticker"": ""CRYPTO:XMR"", ""relevance_score"": ""0.026028"", ""ticker_sentiment_score"": ""0.239906"", ""ticker_sentiment_label"": ""Somewhat-Bullish""}, {""ticker"": ""CRYPTO:ADA"", ""relevance_score"": ""0.026028"", ""ticker_sentiment_score"": ""0.0"", ""ticker_sentiment_label"": ""Neutral""}]"
2025-05-07,"RUSSELLVILLE, Ark., May 07, 2025 ( GLOBE NEWSWIRE ) -- With the surge in popularity of cryptocurrency, the number of crypto gambling sites has skyrocketed, offering players a blend of anonymity, rapid transactions, and diverse gaming options.",Benzinga,https://www.benzinga.com/pressreleases/25/05/g45249121/best-crypto-casinos-jackbit-rated-as-top-crypto-casino-with-btc-bonuses-no-kyc-policy,0.014931,https://www.benzinga.com/pressreleases/25/05/g45249121/best-crypto-casinos-jackbit-rated-as-top-crypto-casino-with-btc-bonuses-no-kyc-policy,Best Crypto Casinos: JACKBIT Rated As Top Crypto Casino with BTC Bonuses & No KYC Policy,Globe Newswire,https://www.benzinga.com/next-assets/images/schema-image-default.png,www.benzinga.com,"Technology,Blockchain",0.493732,Bullish,"[{""ticker"": ""MA"", ""relevance_score"": ""0.029858"", ""ticker_sentiment_score"": ""0.210694"", ""ticker_sentiment_label"": ""Somewhat-Bullish""}, {""ticker"": ""PYPL"", ""relevance_score"": ""0.014931"", ""ticker_sentiment_score"": ""-0.167288"", ""ticker_sentiment_label"": ""Somewhat-Bearish""}, {""ticker"": ""GOOG"", ""relevance_score"": ""0.029858"", ""ticker_sentiment_score"": ""-0.005969"", ""ticker_sentiment_label"": ""Neutral""}, {""ticker"": ""CRYPTO:BTC"", ""relevance_score"": ""0.089406"", ""ticker_sentiment_score"": ""0.378974"", ""ticker_sentiment_label"": ""Bullish""}, {""ticker"": ""CRYPTO:BNB"", ""relevance_score"": ""0.014931"", ""ticker_sentiment_score"": ""0.0"", ""ticker_sentiment_label"": ""Neutral""}, {""ticker"": ""CRYPTO:XRP"", ""relevance_score"": ""0.014931"", ""ticker_sentiment_score"": ""0.334734"", ""ticker_sentiment_label"": ""Somewhat-Bullish""}, {""ticker"": ""CRYPTO:ETH"", ""relevance_score"": ""0.059674"", ""ticker_sentiment_score"": ""0.36143"", ""ticker_sentiment_label"": ""Bullish""}, {""ticker"": ""CRYPTO:DOGE"", ""relevance_score"": ""0.029858"", ""ticker_sentiment_score"": ""0.080804"", ""ticker_sentiment_label"": ""Neutral""}, {""ticker"": ""CRYPTO:USDT"", ""relevance_score"": ""0.014931"", ""ticker_sentiment_score"": ""-0.224048"", ""ticker_sentiment_label"": ""Somewhat-Bearish""}, {""ticker"": ""CRYPTO:LTC"", ""relevance_score"": ""0.044773"", ""ticker_sentiment_score"": ""0.006965"", ""ticker_sentiment_label"": ""Neutral""}, {""ticker"": ""CRYPTO:ADA"", ""relevance_score"": ""0.014931"", ""ticker_sentiment_score"": ""0.0"", ""ticker_sentiment_label"": ""Neutral""}]"
2025-05-07,"Key points:Bitcoin price hangs near $97,000 as traders await today's FOMC minutes.Bitcoin holding $95,000 as support is key for bullish price expansion in the short term.Select altcoins are holding their respective support levels, opening the gates for a short-term rally.Bitcoin ( BTC ) bulls ...",Cointelegraph,https://cointelegraph.com/news/price-predictions-5-7-btc-eth-xrp-bnb-sol-doge-ada-sui-link-avax,0.098794,https://cointelegraph.com/news/price-predictions-5-7-btc-eth-xrp-bnb-sol-doge-ada-sui-link-avax,"Price predictions 5/7: BTC, ETH, XRP, BNB, SOL, DOGE, ADA, SUI, LINK, AVAX",Rakesh Upadhyay,https://s3.cointelegraph.com/uploads/2025-05/0196ab86-e00c-7352-b7c3-bdf3d2a6e6df,cointelegraph.com,"Blockchain,Financial Markets",-0.019409,Neutral,"[{""ticker"": ""CRYPTO:BTC"", ""relevance_score"": ""0.409375"", ""ticker_sentiment_score"": ""0.22274"", ""ticker_sentiment_label"": ""Somewhat-Bullish""}, {""ticker"": ""CRYPTO:ETH"", ""relevance_score"": ""0.098794"", ""ticker_sentiment_score"": ""-0.156753"", ""ticker_sentiment_label"": ""Somewhat-Bearish""}, {""ticker"": ""CRYPTO:DOGE"", ""relevance_score"": ""0.098794"", ""ticker_sentiment_score"": ""0.058722"", ""ticker_sentiment_label"": ""Neutral""}, {""ticker"": ""CRYPTO:LINK"", ""relevance_score"": ""0.098794"", ""ticker_sentiment_score"": ""-0.01904"", ""ticker_sentiment_label"": ""Neutral""}, {""ticker"": ""CRYPTO:ADA"", ""relevance_score"": ""0.098794"", ""ticker_sentiment_score"": ""0.025536"", ""ticker_sentiment_label"": ""Neutral""}]"
