date,comment,subreddit,comment_id,upvotes,post_url,title,authors,banner_image,source_domain,topics,overall_sentiment_score,overall_sentiment_label,ticker_sentiment
2025-04-08,"Bear Markets Hit Harder And Last Longer During Recessions, Says Market Strategist: Here's A Historical Look At Bear Market Severity And Duration Wall Street Eyes Recovery As S&P 500, Nasdaq Futures Rise After Trump's Tariff-Driven Selloff Wipes Out $9 Trillion In Six Weeks",Benzinga,https://www.benzinga.com/25/04/44692499/wall-street-looks-to-rebound-as-futures-rise-after-9t-tariff-selloff-bitcoin-outperforms-big-tech-apple-demand-su,0.136113,https://www.benzinga.com/25/04/44692499/wall-street-looks-to-rebound-as-futures-rise-after-9t-tariff-selloff-bitcoin-outperforms-big-tech-apple-demand-su,Wall Street Looks To Rebound As Futures Rise After $9 Trillion Tariff Selloff; Bitcoin Outperforms Big Tech; Apple Demand Surges Amid Iphone Price Hike Fears - Top Headlines While the U.S. Slept,Akanksha Bakshi,https://cdn.benzinga.com/files/images/story/2025/04/08/Tariffs-News-Headlines-Over-An-American-.jpeg?width=1200&height=800&fit=crop,www.benzinga.com,"Life Sciences,Technology,Finance,Blockchain,IPO,Retail & Wholesale,Financial Markets,Manufacturing,Real Estate & Construction",-0.078731,Neutral,"[{""ticker"": ""CVS"", ""relevance_score"": ""0.034185"", ""ticker_sentiment_score"": ""0.0"", ""ticker_sentiment_label"": ""Neutral""}, {""ticker"": ""NVDA"", ""relevance_score"": ""0.034185"", ""ticker_sentiment_score"": ""0.243726"", ""ticker_sentiment_label"": ""Somewhat-Bullish""}, {""ticker"": ""WY"", ""relevance_score"": ""0.034185"", ""ticker_sentiment_score"": ""0.285513"", ""ticker_sentiment_label"": ""Somewhat-Bullish""}, {""ticker"": ""C"", ""relevance_score"": ""0.034185"", ""ticker_sentiment_score"": ""0.273478"", ""ticker_sentiment_label"": ""Somewhat-Bullish""}, {""ticker"": ""SCBFF"", ""relevance_score"": ""0.034185"", ""ticker_sentiment_score"": ""0.325746"", ""ticker_sentiment_label"": ""Somewhat-Bullish""}, {""ticker"": ""DLTR"", ""relevance_score"": ""0.034185"", ""ticker_sentiment_score"": ""0.273478"", ""ticker_sentiment_label"": ""Somewhat-Bullish""}, {""ticker"": ""NTDOF"", ""relevance_score"": ""0.034185"", ""ticker_sentiment_score"": ""0.075712"", ""ticker_sentiment_label"": ""Neutral""}, {""ticker"": ""GS"", ""relevance_score"": ""0.034185"", ""ticker_sentiment_score"": ""-0.398514"", ""ticker_sentiment_label"": ""Bearish""}, {""ticker"": ""AEHR"", ""relevance_score"": ""0.034185"", ""ticker_sentiment_score"": ""0.113363"", ""ticker_sentiment_label"": ""Neutral""}, {""ticker"": ""MSFT"", ""relevance_score"": ""0.034185"", ""ticker_sentiment_score"": ""0.078593"", ""ticker_sentiment_label"": ""Neutral""}, {""ticker"": ""SHOP"", ""relevance_score"": ""0.034185"", ""ticker_sentiment_score"": ""0.0"", ""ticker_sentiment_label"": ""Neutral""}, {""ticker"": ""TSLA"", ""relevance_score"": ""0.169676"", ""ticker_sentiment_score"": ""-0.138757"", ""ticker_sentiment_label"": ""Neutral""}, {""ticker"": ""BRPHF"", ""relevance_score"": ""0.034185"", ""ticker_sentiment_score"": ""0.137715"", ""ticker_sentiment_label"": ""Neutral""}, {""ticker"": ""GME"", ""relevance_score"": ""0.034185"", ""ticker_sentiment_score"": ""-0.027912"", ""ticker_sentiment_label"": ""Neutral""}, {""ticker"": ""CRYPTO:BTC"", ""relevance_score"": ""0.268294"", ""ticker_sentiment_score"": ""0.087666"", ""ticker_sentiment_label"": ""Neutral""}, {""ticker"": ""CRYPTO:ETH"", ""relevance_score"": ""0.136113"", ""ticker_sentiment_score"": ""0.188684"", ""ticker_sentiment_label"": ""Somewhat-Bullish""}, {""ticker"": ""CRYPTO:DOGE"", ""relevance_score"": ""0.068306"", ""ticker_sentiment_score"": ""0.100337"", ""ticker_sentiment_label"": ""Neutral""}]"
2025-04-08,"Aavegotchi will migrate from Polygon to Base following a community vote, with the game's layer-3 network Geist set to bite the dust.",Decrypt.co,https://decrypt.co/313913/ethereum-game-aavegotchi-polygon-base-geist,0.226301,https://decrypt.co/313913/ethereum-game-aavegotchi-polygon-base-geist,"Ethereum Game 'Aavegotchi' Will Dump Polygon for Base, Shutter Layer-3 Network",Andrew Hayward,https://cdn.decrypt.co/resize/1024/height/512/wp-content/uploads/2021/08/aavegotchi-nft-game-gID_7.png,decrypt.co,Blockchain,0.059674,Neutral,"[{""ticker"": ""CRYPTO:ETH"", ""relevance_score"": ""0.226301"", ""ticker_sentiment_score"": ""0.115531"", ""ticker_sentiment_label"": ""Neutral""}, {""ticker"": ""CRYPTO:BNB"", ""relevance_score"": ""0.076358"", ""ticker_sentiment_score"": ""0.052238"", ""ticker_sentiment_label"": ""Neutral""}]"
2025-04-08,"Dogecoin ( CRYPTO: DOGE ) is heading lower again in Tuesday's trading. The cryptocurrency's token price was down 4% as of 5:30 p.m. ET. At the same point in time, Bitcoin was down 2.6% over the last day, and Ethereum had fallen 6.1%.Dogecoin's valuation is falling as investors respond to new ...",Motley Fool,https://www.fool.com/investing/2025/04/08/dogecoin-is-falling-today-time-to-buy-crypto/,0.135347,https://www.fool.com/investing/2025/04/08/dogecoin-is-falling-today-time-to-buy-crypto/,Dogecoin Is Falling Today -- Is It Time to Buy the Cryptocurrency?,Keith Noonan,https://g.foolcdn.com/editorial/images/814187/shiba-inu-dog-doge-dogecoin.jpeg,www.fool.com,"Blockchain,Financial Markets",-0.079836,Neutral,"[{""ticker"": ""CRYPTO:BTC"", ""relevance_score"": ""0.135347"", ""ticker_sentiment_score"": ""-0.135513"", ""ticker_sentiment_label"": ""Neutral""}, {""ticker"": ""CRYPTO:ETH"", ""relevance_score"": ""0.135347"", ""ticker_sentiment_score"": ""-0.135513"", ""ticker_sentiment_label"": ""Neutral""}, {""ticker"": ""CRYPTO:DOGE"", ""relevance_score"": ""0.605937"", ""ticker_sentiment_score"": ""-0.031735"", ""ticker_sentiment_label"": ""Neutral""}]"
2025-04-08,"RedStone, a blockchain oracle provider, has introduced a push-based oracle on MegaETH to tackle latency issues that challenge the efficiency of onchain trading.According to a spokesperson for RedStone, the new oracle can push new prices onchain every 2.4 milliseconds.",Cointelegraph,https://cointelegraph.com/news/redstone-trading-latency-new-oracle-megaeth,0.436009,https://cointelegraph.com/news/redstone-trading-latency-new-oracle-megaeth,RedStone targets trading latency with new oracle on MegaETH,Christopher Tepedino,https://s3.cointelegraph.com/uploads/2025-04/0196172d-d3f2-7ac7-8768-88bb53092b8e,cointelegraph.com,Blockchain,0.179186,Somewhat-Bullish,"[{""ticker"": ""CRYPTO:ETH"", ""relevance_score"": ""0.436009"", ""ticker_sentiment_score"": ""0.238101"", ""ticker_sentiment_label"": ""Somewhat-Bullish""}, {""ticker"": ""CRYPTO:LINK"", ""relevance_score"": ""0.227007"", ""ticker_sentiment_score"": ""0.271083"", ""ticker_sentiment_label"": ""Somewhat-Bullish""}]"
2025-04-08,"With Immutable's recent plunge, CoinGecko shows zero gaming tokens in the top 100 coins by market cap. Can the industry bounce back?",Decrypt.co,https://decrypt.co/314013/gaming-tokens-crashing-out-what-happened,0.049629,https://decrypt.co/314013/gaming-tokens-crashing-out-what-happened,Gaming Tokens Are Disappearing From Crypto's Top 100-What Happened?,Ryan S. Gladwin,https://cdn.decrypt.co/resize/1024/height/512/wp-content/uploads/2023/08/sad-gamer-shutterstock-gID_7.png,decrypt.co,"Blockchain,Financial Markets",-0.021836,Neutral,"[{""ticker"": ""CRYPTO:BTC"", ""relevance_score"": ""0.024826"", ""ticker_sentiment_score"": ""-0.08933"", ""ticker_sentiment_label"": ""Neutral""}, {""ticker"": ""CRYPTO:ETH"", ""relevance_score"": ""0.049629"", ""ticker_sentiment_score"": ""-0.038986"", ""ticker_sentiment_label"": ""Neutral""}]"
2025-04-08,"XRP ( CRYPTO: XRP ) is moving lower Tuesday. The cryptocurrency's token price was down 5.4% over the previous 24 hours as of 5 p.m. ET. Meanwhile, Bitcoin was down 2.6% over the last day, and Ethereum had fallen 6.1%.Cryptocurrencies and stocks sold off again today as investors continued to react ...",Motley Fool,https://www.fool.com/investing/2025/04/08/why-xrp-is-falling-today/,0.146025,https://www.fool.com/investing/2025/04/08/why-xrp-is-falling-today/,Why XRP Is Falling Today,Keith Noonan,https://g.foolcdn.com/editorial/images/814145/copy-of-red-decline-stocks-down-bear.jpg,www.fool.com,"Blockchain,Financial Markets",0.064728,Neutral,"[{""ticker"": ""CRYPTO:BTC"", ""relevance_score"": ""0.146025"", ""ticker_sentiment_score"": ""-0.151311"", ""ticker_sentiment_label"": ""Somewhat-Bearish""}, {""ticker"": ""CRYPTO:ETH"", ""relevance_score"": ""0.146025"", ""ticker_sentiment_score"": ""-0.151311"", ""ticker_sentiment_label"": ""Somewhat-Bearish""}, {""ticker"": ""CRYPTO:XRP"", ""relevance_score"": ""0.538389"", ""ticker_sentiment_score"": ""-0.069972"", ""ticker_sentiment_label"": ""Neutral""}]"
2025-04-08,"Cboe BZX Exchange has asked United States regulators for clearance to list an exchange-traded fund ( ETF ) backed by Sui ( SUI ) , the native token of the Sui Network, public filings show. The request submitted on April 8 must be reviewed and approved by the US Securities and Exchange Commission ...",Cointelegraph,https://cointelegraph.com/news/cboe-files-to-list-canary-sui-etf,0.202366,https://cointelegraph.com/news/cboe-files-to-list-canary-sui-etf,Cboe BZX files to list Canary's SUI ETF,Alex O’Donnell,https://s3.cointelegraph.com/uploads/2025-04/0196171f-33b5-77cc-94bd-6b97ee13602a,cointelegraph.com,"Blockchain,Financial Markets",0.211672,Somewhat-Bullish,"[{""ticker"": ""CRYPTO:BTC"", ""relevance_score"": ""0.202366"", ""ticker_sentiment_score"": ""-0.21798"", ""ticker_sentiment_label"": ""Somewhat-Bearish""}, {""ticker"": ""CRYPTO:ETH"", ""relevance_score"": ""0.202366"", ""ticker_sentiment_score"": ""-0.21798"", ""ticker_sentiment_label"": ""Somewhat-Bearish""}, {""ticker"": ""CRYPTO:DOGE"", ""relevance_score"": ""0.202366"", ""ticker_sentiment_score"": ""0.364349"", ""ticker_sentiment_label"": ""Bullish""}, {""ticker"": ""CRYPTO:LTC"", ""relevance_score"": ""0.202366"", ""ticker_sentiment_score"": ""0.0"", ""ticker_sentiment_label"": ""Neutral""}]"
2025-04-08,"Global cryptocurrency market capitalization is trading around 2% lower to $2.45 trillion. One trader says the dump will deepen, eyeing $58,000-$68,000 as potential entry zones for Bitcoin. Feel unsure about the market's next move?",Benzinga,https://www.benzinga.com/markets/cryptocurrency/25/04/44699720/bitcoin-ethereum-xrp-dogecoin-extend-losses-as-white-house-hammers-chinese-goods-with-104-,0.083251,https://www.benzinga.com/markets/cryptocurrency/25/04/44699720/bitcoin-ethereum-xrp-dogecoin-extend-losses-as-white-house-hammers-chinese-goods-with-104-,"Bitcoin, Ethereum, XRP, Dogecoin Extend Losses As White House Hammers Chinese Goods With 104% Tariff",Khyathi Dalal,https://cdn.benzinga.com/files/images/story/2025/04/08/Cryptocurrency-Photo-by-SvetlanaParnikov_0.jpeg?width=1200&height=800&fit=crop,www.benzinga.com,"Blockchain,Financial Markets",0.061097,Neutral,"[{""ticker"": ""SCBFF"", ""relevance_score"": ""0.083251"", ""ticker_sentiment_score"": ""0.342983"", ""ticker_sentiment_label"": ""Somewhat-Bullish""}, {""ticker"": ""CRYPTO:BTC"", ""relevance_score"": ""0.535653"", ""ticker_sentiment_score"": ""-0.060707"", ""ticker_sentiment_label"": ""Neutral""}, {""ticker"": ""CRYPTO:ETH"", ""relevance_score"": ""0.083251"", ""ticker_sentiment_score"": ""0.342983"", ""ticker_sentiment_label"": ""Somewhat-Bullish""}]"
2025-04-08,"Created by iCandy Interactive and ZKsync builder Matter Labs, ZKcandy is an Ethereum layer-2 network focused on mobile gaming.",Decrypt.co,https://decrypt.co/313883/ethereum-gaming-network-zkcandy-launches,0.266828,https://decrypt.co/313883/ethereum-gaming-network-zkcandy-launches,Ethereum Gaming Network ZKcandy Launches With 'Pepe Kingdom' and More,Andrew Hayward,https://img.decrypt.co/insecure/rs:fit:3840:0:0:0/plain/https://cdn.decrypt.co/wp-content/themes/decrypt-media/assets/images/aleo/desktop.png@webp,decrypt.co,"Life Sciences,Blockchain",0.386918,Bullish,"[{""ticker"": ""CRON"", ""relevance_score"": ""0.135347"", ""ticker_sentiment_score"": ""0.187421"", ""ticker_sentiment_label"": ""Somewhat-Bullish""}, {""ticker"": ""CRYPTO:ETH"", ""relevance_score"": ""0.266828"", ""ticker_sentiment_score"": ""0.193838"", ""ticker_sentiment_label"": ""Somewhat-Bullish""}]"
2025-04-08,Analysts at the asset manager said Coinbase's Ethereum-based network is driving a potent flywheel.,Decrypt.co,https://decrypt.co/313926/coinbase-coin-stock-overweight-cantor-fitzgerald,0.058759,https://decrypt.co/313926/coinbase-coin-stock-overweight-cantor-fitzgerald,"Coinbase Stock 'Overweight', Wall Street Is Sleeping on Base: Cantor Fitzgerald",André Beganski,https://cdn.decrypt.co/resize/1024/height/512/wp-content/uploads/2025/04/coinbase-flag-gID_7.png,decrypt.co,"Financial Markets,Earnings,Finance,Blockchain",0.208412,Somewhat-Bullish,"[{""ticker"": ""COIN"", ""relevance_score"": ""0.623585"", ""ticker_sentiment_score"": ""0.201479"", ""ticker_sentiment_label"": ""Somewhat-Bullish""}, {""ticker"": ""CRYPTO:ETH"", ""relevance_score"": ""0.058759"", ""ticker_sentiment_score"": ""-0.147"", ""ticker_sentiment_label"": ""Neutral""}]"
2025-04-08,"Ether ( ETH ) , the native token of Ethereum, is showing signs of bullish exhaustion after a steep 65% decline over the past three months. The pace of the downtrend and the oversold conditions shown by various ETH price metrics have investors wondering if a market bottom is approaching.ETH ...",Cointelegraph,https://cointelegraph.com/news/ethereum-price-data-highlights-1-000-as-the-final-bottom-for-eth,0.792512,https://cointelegraph.com/news/ethereum-price-data-highlights-1-000-as-the-final-bottom-for-eth,"Ethereum price data highlights $1,000 as the final bottom for ETH",Yashu Gola,https://s3.cointelegraph.com/uploads/2025-04/01961683-21c2-7d62-a6b1-f61e833d5995,cointelegraph.com,,-0.093811,Neutral,"[{""ticker"": ""CRYPTO:ETH"", ""relevance_score"": ""0.792512"", ""ticker_sentiment_score"": ""-0.176474"", ""ticker_sentiment_label"": ""Somewhat-Bearish""}]"
2025-04-08,"Asset manager BlackRock is partnering with Anchorage Digital for crypto custody services, a move aimed at addressing the rising demand for digital assets from retail and institutional investors.According to an April 8 announcement, BlackRock is the world's largest investment firm, with $11.6 ...",Cointelegraph,https://cointelegraph.com/news/blackrock-partners-anchorage-digital-digital-asset-custody,0.295867,https://cointelegraph.com/news/blackrock-partners-anchorage-digital-digital-asset-custody,BlackRock taps Anchorage Digital for digital asset custody,Christopher Tepedino,https://s3.cointelegraph.com/uploads/2025-04/01961665-21e0-7077-ba95-ef372675c1e2,cointelegraph.com,"Finance,Blockchain,Financial Markets",0.365439,Bullish,"[{""ticker"": ""COIN"", ""relevance_score"": ""0.150592"", ""ticker_sentiment_score"": ""0.229419"", ""ticker_sentiment_label"": ""Somewhat-Bullish""}, {""ticker"": ""CRYPTO:BTC"", ""relevance_score"": ""0.81619"", ""ticker_sentiment_score"": ""0.582965"", ""ticker_sentiment_label"": ""Bullish""}, {""ticker"": ""CRYPTO:ETH"", ""relevance_score"": ""0.295867"", ""ticker_sentiment_score"": ""0.071902"", ""ticker_sentiment_label"": ""Neutral""}]"
2025-04-08,"Canary Capital last month filed for a SUI exchange-traded fund. Now, Cboe has filed for a 19b-4 rule change that would allow it to trade.",Decrypt.co,https://decrypt.co/313893/cboe-sui-etf-sec,0.337811,https://decrypt.co/313893/cboe-sui-etf-sec,Canary Sui ETF Inches Closer Towards Launching in US,Mat Di Salvo,https://cdn.decrypt.co/resize/1024/height/512/wp-content/uploads/2024/09/sui-token-sui-network-gID_7.jpg,decrypt.co,"Technology,Blockchain,Financial Markets",0.205817,Somewhat-Bullish,"[{""ticker"": ""META"", ""relevance_score"": ""0.115787"", ""ticker_sentiment_score"": ""0.0"", ""ticker_sentiment_label"": ""Neutral""}, {""ticker"": ""CRYPTO:BTC"", ""relevance_score"": ""0.337811"", ""ticker_sentiment_score"": ""0.507305"", ""ticker_sentiment_label"": ""Bullish""}, {""ticker"": ""CRYPTO:ETH"", ""relevance_score"": ""0.337811"", ""ticker_sentiment_score"": ""0.2844"", ""ticker_sentiment_label"": ""Somewhat-Bullish""}]"
2025-04-08,"Bitcoin is outperforming altcoins and equities despite recent losses, demonstrating resilience in a volatile macro environment. CleanSpark is highlighted as the leading Bitcoin miner pick, showing strong fundamentals during industry-wide downturns. Feel unsure about the market's next move?",Benzinga,https://www.benzinga.com/markets/cryptocurrency/25/04/44696653/how-bitcoin-will-go-from-65000-to-225000-in-2025,0.173333,https://www.benzinga.com/markets/cryptocurrency/25/04/44696653/how-bitcoin-will-go-from-65000-to-225000-in-2025,"How Bitcoin Will Go From $65,000 To $225,000 In 2025",Murtuza J Merchant,https://cdn.benzinga.com/files/images/story/2025/04/08/Bitcoin-Hits-Record-109-000-Ahead-Of-Tru.jpeg?width=1200&height=800&fit=crop,www.benzinga.com,"Economy - Monetary,Financial Markets,Real Estate & Construction,Blockchain",0.222212,Somewhat-Bullish,"[{""ticker"": ""CLSK"", ""relevance_score"": ""0.338582"", ""ticker_sentiment_score"": ""0.33366"", ""ticker_sentiment_label"": ""Somewhat-Bullish""}, {""ticker"": ""CRYPTO:BTC"", ""relevance_score"": ""0.556576"", ""ticker_sentiment_score"": ""0.322456"", ""ticker_sentiment_label"": ""Somewhat-Bullish""}, {""ticker"": ""CRYPTO:ETH"", ""relevance_score"": ""0.173333"", ""ticker_sentiment_score"": ""-0.090366"", ""ticker_sentiment_label"": ""Neutral""}]"
2025-04-08,The only federally chartered digital bank in the U.S. was tapped by the world's largest asset manager.,Decrypt.co,https://decrypt.co/313880/blackrock-anchorage-bitcoin-ethereum-etf-custodian,0.28664,https://decrypt.co/313880/blackrock-anchorage-bitcoin-ethereum-etf-custodian,"BlackRock Taps Anchorage Digital as Bitcoin, Ethereum ETF Custodian",André Beganski,https://cdn.decrypt.co/resize/1024/height/512/wp-content/uploads/2023/10/blackrock-bitcoin-gID_7.jpeg,decrypt.co,"Finance,Blockchain,Financial Markets",0.331519,Somewhat-Bullish,"[{""ticker"": ""COIN"", ""relevance_score"": ""0.375722"", ""ticker_sentiment_score"": ""0.265988"", ""ticker_sentiment_label"": ""Somewhat-Bullish""}, {""ticker"": ""CRYPTO:BTC"", ""relevance_score"": ""0.537474"", ""ticker_sentiment_score"": ""0.570951"", ""ticker_sentiment_label"": ""Bullish""}, {""ticker"": ""CRYPTO:ETH"", ""relevance_score"": ""0.28664"", ""ticker_sentiment_score"": ""0.39856"", ""ticker_sentiment_label"": ""Bullish""}]"
2025-04-08,"Opinion by: Jay Jog, co-founder of Sei Labs When CryptoKitties crashed the Ethereum network in 2017, the industry learned a hard lesson about blockchain scalability. Today, with over $100 billion locked in decentralized finance ( DeFi ) and millions of non-fungible tokens ( NFTs ) being traded, ...",Cointelegraph,https://cointelegraph.com/news/scaling-the-evm-requires-an-l1,0.372216,https://cointelegraph.com/news/scaling-the-evm-requires-an-l1,"Scaling the EVM requires an L1, not an L2","Jayendra “Jay"" Jog","https://images.cointelegraph.com/cdn-cgi/image/format=auto,onerror=redirect,quality=90,width=1200/https://s3.cointelegraph.com/uploads/2025-02/019522ed-2745-7e3b-81bc-a487bf33ef17",cointelegraph.com,Blockchain,0.129135,Neutral,"[{""ticker"": ""CRYPTO:ETH"", ""relevance_score"": ""0.372216"", ""ticker_sentiment_score"": ""0.219575"", ""ticker_sentiment_label"": ""Somewhat-Bullish""}, {""ticker"": ""CRYPTO:ERC"", ""relevance_score"": ""0.048327"", ""ticker_sentiment_score"": ""0.078116"", ""ticker_sentiment_label"": ""Neutral""}]"
2025-04-08,"Aavegotchi, a non-fungible token ( NFT ) protocol focused on Web3 gaming, has opted to abandon blockchain network Polygon and ""go all-in"" on Base, an Ethereum layer-2 scaling chain, according to the results of an onchain vote.",Cointelegraph,https://cointelegraph.com/news/aavegotchi-gaming-nfts-votes-to-ditch-polygon-for-base,0.16849,https://cointelegraph.com/news/aavegotchi-gaming-nfts-votes-to-ditch-polygon-for-base,Gaming NFT maker Aavegotchi votes to ditch Polygon for Base,Alex O’Donnell,https://s3.cointelegraph.com/uploads/2025-04/019616ab-d0e3-725f-a21e-8f9cceb7102a,cointelegraph.com,"Finance,Blockchain",0.104423,Neutral,"[{""ticker"": ""COIN"", ""relevance_score"": ""0.084722"", ""ticker_sentiment_score"": ""0.232769"", ""ticker_sentiment_label"": ""Somewhat-Bullish""}, {""ticker"": ""CRYPTO:ETH"", ""relevance_score"": ""0.16849"", ""ticker_sentiment_score"": ""0.074358"", ""ticker_sentiment_label"": ""Neutral""}, {""ticker"": ""CRYPTO:AAVE"", ""relevance_score"": ""0.084722"", ""ticker_sentiment_score"": ""0.128283"", ""ticker_sentiment_label"": ""Neutral""}, {""ticker"": ""CRYPTO:XRP"", ""relevance_score"": ""0.084722"", ""ticker_sentiment_score"": ""0.01435"", ""ticker_sentiment_label"": ""Neutral""}]"
2025-04-09,"Plume Co-Founder Teddy Pornprinya expects relief but cautions against anticipating a quick return to all-time highs. Bitfinex analysts say the tariff threat is a negotiating tactic, not a lasting economic policy, despite market volatility.",Benzinga,https://www.benzinga.com/markets/cryptocurrency/25/04/44720127/bitcoin-hits-82000-as-president-trump-announces-90-day-pause-on-reciprocal-tariffs-for-all,0.181137,https://www.benzinga.com/markets/cryptocurrency/25/04/44720127/bitcoin-hits-82000-as-president-trump-announces-90-day-pause-on-reciprocal-tariffs-for-all,"Bitcoin Hits $82,000 As President Trump Announces 90-Day Pause On Reciprocal Tariffs For All Countries But China",Murtuza J Merchant,https://cdn.benzinga.com/files/images/story/2025/04/09/Bitcoin_0.jpeg?width=1200&height=800&fit=crop,www.benzinga.com,Financial Markets,0.120115,Neutral,"[{""ticker"": ""CRYPTO:BTC"", ""relevance_score"": ""0.268786"", ""ticker_sentiment_score"": ""-0.091186"", ""ticker_sentiment_label"": ""Neutral""}, {""ticker"": ""CRYPTO:ETH"", ""relevance_score"": ""0.181137"", ""ticker_sentiment_score"": ""0.165272"", ""ticker_sentiment_label"": ""Somewhat-Bullish""}, {""ticker"": ""CRYPTO:DOGE"", ""relevance_score"": ""0.181137"", ""ticker_sentiment_score"": ""0.165272"", ""ticker_sentiment_label"": ""Somewhat-Bullish""}]"
2025-04-09,"Altcoins like DOGE and XRP are ripping higher after President Trump put a 90-day pause on most of his ""reciprocal"" tariffs.",Decrypt.co,https://decrypt.co/314175/xrp-solana-dogecoin-comeback-trump-tariff-pause,0.222838,https://decrypt.co/314175/xrp-solana-dogecoin-comeback-trump-tariff-pause,"XRP, Solana and Dogecoin Lead Altcoin Comeback After Trump Tariff Pause",Logan Hitchcock,https://cdn.decrypt.co/resize/1024/height/512/wp-content/uploads/2024/12/bitcoin-dogecoin-xrp-gID_7.png,decrypt.co,"Blockchain,Financial Markets",0.293617,Somewhat-Bullish,"[{""ticker"": ""CRYPTO:BTC"", ""relevance_score"": ""0.112532"", ""ticker_sentiment_score"": ""0.182788"", ""ticker_sentiment_label"": ""Somewhat-Bullish""}, {""ticker"": ""CRYPTO:ETH"", ""relevance_score"": ""0.222838"", ""ticker_sentiment_score"": ""0.260766"", ""ticker_sentiment_label"": ""Somewhat-Bullish""}, {""ticker"": ""CRYPTO:SHIB"", ""relevance_score"": ""0.222838"", ""ticker_sentiment_score"": ""0.236132"", ""ticker_sentiment_label"": ""Somewhat-Bullish""}, {""ticker"": ""CRYPTO:DOGE"", ""relevance_score"": ""0.428632"", ""ticker_sentiment_score"": ""0.194932"", ""ticker_sentiment_label"": ""Somewhat-Bullish""}, {""ticker"": ""CRYPTO:ADA"", ""relevance_score"": ""0.222838"", ""ticker_sentiment_score"": ""0.105486"", ""ticker_sentiment_label"": ""Neutral""}]"
2025-04-09,Ark Invest bought the dip and loaded up on Coinbase (COIN) shares the last three days-right before the stock market roared back Wednesday.,Decrypt.co,https://decrypt.co/314161/cathie-wood-ark-invest-well-timed-coinbase-bet,0.11983,https://decrypt.co/314161/cathie-wood-ark-invest-well-timed-coinbase-bet,Cathie Wood's Ark Invest Placed Well-Timed Coinbase Bet Before Stock Surge,Logan Hitchcock,https://cdn.decrypt.co/resize/1024/height/512/wp-content/uploads/2021/10/ark-cathie-wood-gID_7.jpg,decrypt.co,"Finance,Blockchain,Financial Markets",0.234761,Somewhat-Bullish,"[{""ticker"": ""COIN"", ""relevance_score"": ""0.772194"", ""ticker_sentiment_score"": ""0.285176"", ""ticker_sentiment_label"": ""Somewhat-Bullish""}, {""ticker"": ""CRYPTO:ETH"", ""relevance_score"": ""0.11983"", ""ticker_sentiment_score"": ""0.010377"", ""ticker_sentiment_label"": ""Neutral""}]"
2025-04-09,"Global cryptocurrency market capitalization is trading 6.8% higher at $2.6 trillion. One trader highlights massive weekly candles; another still doubts a $145,000 Bitcoin target is realistic. Pelosi's latest AI pick skyrocketed 169% in just one month.",Benzinga,https://www.benzinga.com/markets/cryptocurrency/25/04/44721390/bitcoin-ethereum-xrp-dogecoin-explode-higher-as-trump-hits-pause-on-reciprocal-tariffs,0.07913,https://www.benzinga.com/markets/cryptocurrency/25/04/44721390/bitcoin-ethereum-xrp-dogecoin-explode-higher-as-trump-hits-pause-on-reciprocal-tariffs,"Bitcoin, Ethereum, XRP, Dogecoin Explode Higher As Trump Hits Pause On Reciprocal Tariffs",Khyathi Dalal,https://cdn.benzinga.com/files/images/story/2025/04/09/Cryptocurrency-Photo-by-SvetlanaParnikov.jpeg?width=1200&height=800&fit=crop,www.benzinga.com,"Blockchain,Financial Markets",0.117135,Neutral,"[{""ticker"": ""SCBFF"", ""relevance_score"": ""0.07913"", ""ticker_sentiment_score"": ""0.340401"", ""ticker_sentiment_label"": ""Somewhat-Bullish""}, {""ticker"": ""CRYPTO:BTC"", ""relevance_score"": ""0.234307"", ""ticker_sentiment_score"": ""-0.083484"", ""ticker_sentiment_label"": ""Neutral""}, {""ticker"": ""CRYPTO:ETH"", ""relevance_score"": ""0.07913"", ""ticker_sentiment_score"": ""0.340401"", ""ticker_sentiment_label"": ""Somewhat-Bullish""}, {""ticker"": ""CRYPTO:DOGE"", ""relevance_score"": ""0.157483"", ""ticker_sentiment_score"": ""0.178034"", ""ticker_sentiment_label"": ""Somewhat-Bullish""}, {""ticker"": ""CRYPTO:XRP"", ""relevance_score"": ""0.07913"", ""ticker_sentiment_score"": ""0.340401"", ""ticker_sentiment_label"": ""Somewhat-Bullish""}]"
2025-04-09,"Kicking off Friday, a 10-day free trial for Eve Frontier will let all players get a taste of the upcoming Eve Online spinoff game.",Decrypt.co,https://decrypt.co/314209/eve-frontier-game-trial-ethereum-spinoff,0.127456,https://decrypt.co/314209/eve-frontier-game-trial-ethereum-spinoff,'Eve Frontier' Game Trial Will Open 'Eve Online' Ethereum Spinoff to All,Logan Hitchcock,https://cdn.decrypt.co/resize/1024/height/512/wp-content/uploads/2024/09/eve-frontier-art1-gID_7.png,decrypt.co,"Economy - Monetary,Blockchain",0.252744,Somewhat-Bullish,"[{""ticker"": ""CRYPTO:ETH"", ""relevance_score"": ""0.127456"", ""ticker_sentiment_score"": ""0.149132"", ""ticker_sentiment_label"": ""Neutral""}]"
2025-04-09,Investors can now trade options on some of the Ethereum ETFs approved last year by the Securities and Exchange Commission.,Decrypt.co,https://decrypt.co/314235/sec-approves-options-trading-on-ethereum-etfs-from-blackrock-grayscale-and-bitwise,0.807885,https://decrypt.co/314235/sec-approves-options-trading-on-ethereum-etfs-from-blackrock-grayscale-and-bitwise,"SEC Approves Options Trading on Ethereum ETFs From BlackRock, Grayscale and Bitwise",Mat Di Salvo,https://cdn.decrypt.co/resize/1024/height/512/wp-content/uploads/2025/01/ethereum-eth-coins-in-a-stack-gID_7.png,decrypt.co,"Blockchain,Financial Markets",0.415288,Bullish,"[{""ticker"": ""CRYPTO:BTC"", ""relevance_score"": ""0.33628"", ""ticker_sentiment_score"": ""0.239714"", ""ticker_sentiment_label"": ""Somewhat-Bullish""}, {""ticker"": ""CRYPTO:ETH"", ""relevance_score"": ""0.807885"", ""ticker_sentiment_score"": ""0.577028"", ""ticker_sentiment_label"": ""Bullish""}, {""ticker"": ""CRYPTO:DOGE"", ""relevance_score"": ""0.115232"", ""ticker_sentiment_score"": ""0.402152"", ""ticker_sentiment_label"": ""Bullish""}]"
2025-04-09,"Ethereum researcher Virgil Griffith was released from prison custody on April 9, the Bureau of Prison ( BOP ) officials confirmed to Cointelegraph.According to crypto developer Brantly Millegan, Griffith will remain in a halfway house for several weeks while waiting to complete the next steps in ...",Cointelegraph,https://cointelegraph.com/news/ethereum-researcher-virgil-griffith-released-prison,0.199859,https://cointelegraph.com/news/ethereum-researcher-virgil-griffith-released-prison,Ethereum Researcher Virgil Griffith released from prison,Vince Quill,https://s3.cointelegraph.com/uploads/2025-04/01961c52-7058-744a-9870-010abb02a07f,cointelegraph.com,Blockchain,-0.212575,Somewhat-Bearish,"[{""ticker"": ""CRYPTO:ETH"", ""relevance_score"": ""0.199859"", ""ticker_sentiment_score"": ""-0.298949"", ""ticker_sentiment_label"": ""Somewhat-Bearish""}]"
2025-04-09,"XRP ( CRYPTO: XRP ) is seeing big gains in Wednesday's trading. The cryptocurrency had risen 14% over the previous 24 hours of trading as of 6 p.m. ET. Over the same period of time, Bitcoin and Ethereum were up 8.4% and 13.7%, respectively.XRP and other cryptocurrencies surged today after ...",Motley Fool,https://www.fool.com/investing/2025/04/09/why-xrp-is-soaring-today/,0.144275,https://www.fool.com/investing/2025/04/09/why-xrp-is-soaring-today/,Why XRP Is Soaring Today,Keith Noonan,https://g.foolcdn.com/editorial/images/814342/gettyimages-1366942177.jpg,www.fool.com,"Blockchain,Financial Markets",0.11176,Neutral,"[{""ticker"": ""CRYPTO:BTC"", ""relevance_score"": ""0.144275"", ""ticker_sentiment_score"": ""0.136545"", ""ticker_sentiment_label"": ""Neutral""}, {""ticker"": ""CRYPTO:ETH"", ""relevance_score"": ""0.144275"", ""ticker_sentiment_score"": ""0.136545"", ""ticker_sentiment_label"": ""Neutral""}, {""ticker"": ""CRYPTO:XRP"", ""relevance_score"": ""0.414559"", ""ticker_sentiment_score"": ""0.206984"", ""ticker_sentiment_label"": ""Somewhat-Bullish""}]"
2025-04-09,Crypto and stock prices alike are skyrocketing after President Trump confirmed that he has authorized a pause on most trade tariffs.,Decrypt.co,https://decrypt.co/314162/bitcoin-xrp-stocks-surge-trump-tariffs-pause,0.123526,https://decrypt.co/314162/bitcoin-xrp-stocks-surge-trump-tariffs-pause,Bitcoin and Stocks Surge as Trump Confirms 90-Day Pause on Tariffs-Except on China,André Beganski,https://cdn.decrypt.co/resize/1024/height/512/wp-content/uploads/2025/01/pres-donald-trump-gID_7.jpg,decrypt.co,"Blockchain,Financial Markets",0.137163,Neutral,"[{""ticker"": ""CRYPTO:BTC"", ""relevance_score"": ""0.123526"", ""ticker_sentiment_score"": ""0.0"", ""ticker_sentiment_label"": ""Neutral""}, {""ticker"": ""CRYPTO:ETH"", ""relevance_score"": ""0.123526"", ""ticker_sentiment_score"": ""0.0"", ""ticker_sentiment_label"": ""Neutral""}, {""ticker"": ""CRYPTO:XRP"", ""relevance_score"": ""0.123526"", ""ticker_sentiment_score"": ""0.0"", ""ticker_sentiment_label"": ""Neutral""}]"
2025-04-09,"Since donations are tax deductible, the WFP noted, they enable crypto investors to offset capital gains.",Decrypt.co,https://decrypt.co/314124/world-food-program-usa-bitcoin-dogecoin-donations,0.105141,https://decrypt.co/314124/world-food-program-usa-bitcoin-dogecoin-donations,World Food Program USA Accepts Bitcoin and Dogecoin Donations After Funding Cuts,Connor Sephton,https://cdn.decrypt.co/resize/1024/height/512/wp-content/uploads/2025/04/world-food-program-usa-truck-wfp-crypto-gID_7.jpg,decrypt.co,Blockchain,0.067148,Neutral,"[{""ticker"": ""CRYPTO:BTC"", ""relevance_score"": ""0.105141"", ""ticker_sentiment_score"": ""0.1372"", ""ticker_sentiment_label"": ""Neutral""}, {""ticker"": ""CRYPTO:ETH"", ""relevance_score"": ""0.105141"", ""ticker_sentiment_score"": ""0.1372"", ""ticker_sentiment_label"": ""Neutral""}, {""ticker"": ""CRYPTO:DOGE"", ""relevance_score"": ""0.105141"", ""ticker_sentiment_score"": ""0.1372"", ""ticker_sentiment_label"": ""Neutral""}]"
2025-04-09,"The United States Securities and Exchange Commission ( SEC ) has approved options trading for multiple spot Ether exchange-traded funds ( ETFs ) , a move that may broaden the investment appeal of Ether among institutional traders.",Cointelegraph,https://cointelegraph.com/news/sec-approves-options-spot-ether-etfs,0.835459,https://cointelegraph.com/news/sec-approves-options-spot-ether-etfs,SEC approves options on spot Ether ETFs,Sam Bourgi,https://s3.cointelegraph.com/uploads/2025-04/01961c2d-bcdd-79ce-84a5-ea82e5370980,cointelegraph.com,"Finance,Blockchain,Financial Markets",0.353133,Bullish,"[{""ticker"": ""COIN"", ""relevance_score"": ""0.092213"", ""ticker_sentiment_score"": ""0.075955"", ""ticker_sentiment_label"": ""Neutral""}, {""ticker"": ""CRYPTO:BTC"", ""relevance_score"": ""0.183198"", ""ticker_sentiment_score"": ""0.277271"", ""ticker_sentiment_label"": ""Somewhat-Bullish""}, {""ticker"": ""CRYPTO:ETH"", ""relevance_score"": ""0.835459"", ""ticker_sentiment_score"": ""0.704074"", ""ticker_sentiment_label"": ""Bullish""}, {""ticker"": ""CRYPTO:UNI"", ""relevance_score"": ""0.092213"", ""ticker_sentiment_score"": ""0.075955"", ""ticker_sentiment_label"": ""Neutral""}]"
2025-04-09,"Risky assets remain volatile as trade war tension between the United States and China keeps investors on the edge. A minor positive is that Bitcoin ( BTC ) has avoided a sharp fall and is trading well above the crucial near-term support at $73,777.",Cointelegraph,https://cointelegraph.com/news/price-analysis-4-9-btc-eth-xrp-bnb-sol-doge-ada-leo-link-ton,0.097589,https://cointelegraph.com/news/price-analysis-4-9-btc-eth-xrp-bnb-sol-doge-ada-leo-link-ton,"Price analysis 4/9: BTC, ETH, XRP, BNB, SOL, DOGE, ADA, LEO, LINK, TON",Rakesh Upadhyay,https://s3.cointelegraph.com/uploads/2025-04/01961b97-17f9-7a62-b2c9-aeb4664445c3,cointelegraph.com,"Blockchain,Financial Markets",-0.119068,Neutral,"[{""ticker"": ""BACHY"", ""relevance_score"": ""0.032602"", ""ticker_sentiment_score"": ""0.028573"", ""ticker_sentiment_label"": ""Neutral""}, {""ticker"": ""FOREX:CNY"", ""relevance_score"": ""0.032602"", ""ticker_sentiment_score"": ""0.028573"", ""ticker_sentiment_label"": ""Neutral""}, {""ticker"": ""CRYPTO:BTC"", ""relevance_score"": ""0.256314"", ""ticker_sentiment_score"": ""0.037015"", ""ticker_sentiment_label"": ""Neutral""}, {""ticker"": ""CRYPTO:ETH"", ""relevance_score"": ""0.097589"", ""ticker_sentiment_score"": ""0.042795"", ""ticker_sentiment_label"": ""Neutral""}, {""ticker"": ""CRYPTO:DOGE"", ""relevance_score"": ""0.097589"", ""ticker_sentiment_score"": ""-0.108859"", ""ticker_sentiment_label"": ""Neutral""}, {""ticker"": ""CRYPTO:LINK"", ""relevance_score"": ""0.097589"", ""ticker_sentiment_score"": ""0.088331"", ""ticker_sentiment_label"": ""Neutral""}, {""ticker"": ""CRYPTO:ADA"", ""relevance_score"": ""0.097589"", ""ticker_sentiment_score"": ""-0.049983"", ""ticker_sentiment_label"": ""Neutral""}, {""ticker"": ""CRYPTO:LEO"", ""relevance_score"": ""0.097589"", ""ticker_sentiment_score"": ""-0.139125"", ""ticker_sentiment_label"": ""Neutral""}]"
2025-04-09,"Stablecoins have grown 80% since December, settling over $16 trillion last year and anchoring global crypto settlement activity. DeFi infrastructure, now with $130 billion locked, is enabling non-custodial financial services at global scale, says Bernstein.",Benzinga,https://www.benzinga.com/markets/cryptocurrency/25/04/44720516/bitcoin-blockchains-tokenization-form-the-core-of-new-global-financial-infrastructure-bern,0.130926,https://www.benzinga.com/markets/cryptocurrency/25/04/44720516/bitcoin-blockchains-tokenization-form-the-core-of-new-global-financial-infrastructure-bern,"Bitcoin, Blockchains, Tokenization Form The Core Of New Global Financial Infrastructure: Bernstein",Murtuza J Merchant,https://cdn.benzinga.com/files/images/story/2025/04/09/Bitcoin-Owners-Around-The-World.jpeg?width=1200&height=800&fit=crop,www.benzinga.com,"Blockchain,Financial Markets",0.259663,Somewhat-Bullish,"[{""ticker"": ""CRYPTO:BTC"", ""relevance_score"": ""0.541766"", ""ticker_sentiment_score"": ""0.518823"", ""ticker_sentiment_label"": ""Bullish""}, {""ticker"": ""CRYPTO:ETH"", ""relevance_score"": ""0.130926"", ""ticker_sentiment_score"": ""0.0"", ""ticker_sentiment_label"": ""Neutral""}, {""ticker"": ""CRYPTO:SOL"", ""relevance_score"": ""0.065685"", ""ticker_sentiment_score"": ""0.0"", ""ticker_sentiment_label"": ""Neutral""}]"
2025-04-09,Tuesday's drawdown was the most pronounced pullback in nearly a month.,Decrypt.co,https://decrypt.co/314135/investors-pull-326-million-from-bitcoin-etfs-tariff-angst,0.209365,https://decrypt.co/314135/investors-pull-326-million-from-bitcoin-etfs-tariff-angst,Investors Pull $326 Million From Bitcoin ETFs Amid Tariff Angst,André Beganski,https://cdn.decrypt.co/resize/1024/height/512/wp-content/uploads/2025/02/bitcoin-logo-shipping-container-trade-war-trump-tariffs-gID_7.png,decrypt.co,Financial Markets,0.009538,Neutral,"[{""ticker"": ""CRYPTO:BTC"", ""relevance_score"": ""0.574235"", ""ticker_sentiment_score"": ""-0.14156"", ""ticker_sentiment_label"": ""Neutral""}, {""ticker"": ""CRYPTO:ETH"", ""relevance_score"": ""0.209365"", ""ticker_sentiment_score"": ""0.132862"", ""ticker_sentiment_label"": ""Neutral""}]"
2025-04-09,"The original Immutable X network will be folded into the newer Immutable zkEVM later this year, with assets being automatically migrated.",Decrypt.co,https://decrypt.co/314139/ethereum-gaming-platform-immutable-combine-networks,0.124809,https://decrypt.co/314139/ethereum-gaming-platform-immutable-combine-networks,Immutable Will Combine Its Ethereum Gaming Networks Into One,Andrew Hayward,https://cdn.decrypt.co/resize/1024/height/512/wp-content/uploads/2024/03/gaming-shutterstock-gID_7.png,decrypt.co,"Real Estate & Construction,Blockchain",0.232947,Somewhat-Bullish,"[{""ticker"": ""APG"", ""relevance_score"": ""0.124809"", ""ticker_sentiment_score"": ""0.132604"", ""ticker_sentiment_label"": ""Neutral""}, {""ticker"": ""CRYPTO:ETH"", ""relevance_score"": ""0.124809"", ""ticker_sentiment_score"": ""0.093204"", ""ticker_sentiment_label"": ""Neutral""}]"
2025-04-09,Octane has secured $6.7 million from Winklevoss Capital and others to tackle rising crypto hacks using AI-powered code auditing.,Decrypt.co,https://decrypt.co/314038/winklevoss-backed-startup-octane-raises-millions-blockchain-hacks-ai,0.089462,https://decrypt.co/314038/winklevoss-backed-startup-octane-raises-millions-blockchain-hacks-ai,Winklevoss-Backed Startup Octane Raises Millions to Fight Blockchain Hacks with AI,Jason Nelson,https://cdn.decrypt.co/resize/1024/height/512/wp-content/uploads/2023/07/cybersecurity-shutterstock-gID_7.png,decrypt.co,"Real Estate & Construction,Blockchain",0.029402,Neutral,"[{""ticker"": ""APG"", ""relevance_score"": ""0.089462"", ""ticker_sentiment_score"": ""-0.122771"", ""ticker_sentiment_label"": ""Neutral""}, {""ticker"": ""CRYPTO:ETH"", ""relevance_score"": ""0.089462"", ""ticker_sentiment_score"": ""0.173387"", ""ticker_sentiment_label"": ""Somewhat-Bullish""}]"
2025-04-09,"VICTORIA, Seychelles, April 09, 2025 ( GLOBE NEWSWIRE ) -- Bitget, the leading cryptocurrency exchange and Web3 company, has announced a significant update to the burn mechanism of Bitget Token ( BGB ) .",Benzinga,https://www.benzinga.com/pressreleases/25/04/g44704634/bitget-token-bgb-burn-model-updated-with-first-quarterly-burn-exceeding-30-million-tokens,0.044801,https://www.benzinga.com/pressreleases/25/04/g44704634/bitget-token-bgb-burn-model-updated-with-first-quarterly-burn-exceeding-30-million-tokens,Bitget Token  ( BGB )  Burn Model Updated with First Quarterly Burn Exceeding 30 Million Tokens,Globe Newswire,https://ml-eu.globenewswire.com/Resource/Download/081df246-71da-4680-a026-fe10467ba259/bitget-token-bgb-burn-model-updated-with-first-quarterly-burn-exceeding-30-million-tokens.png,www.benzinga.com,"Blockchain,Financial Markets",0.192837,Somewhat-Bullish,"[{""ticker"": ""CRYPTO:BTC"", ""relevance_score"": ""0.044801"", ""ticker_sentiment_score"": ""0.149943"", ""ticker_sentiment_label"": ""Neutral""}, {""ticker"": ""CRYPTO:ETH"", ""relevance_score"": ""0.044801"", ""ticker_sentiment_score"": ""0.149943"", ""ticker_sentiment_label"": ""Neutral""}, {""ticker"": ""CRYPTO:USDT"", ""relevance_score"": ""0.089462"", ""ticker_sentiment_score"": ""0.184887"", ""ticker_sentiment_label"": ""Somewhat-Bullish""}]"
2025-04-09,"Ethereum has only outperformed Bitcoin for 15% of all trading days since its launch almost a decade ago, according to analysts.Since Ether ( ETH ) began trading in mid-2015, it has underperformed against Bitcoin ( BTC ) 85% of the time, analyst James Check said in an April 8 X post.Data shared ...",Cointelegraph,https://cointelegraph.com/news/eth-outperforms-btc-just-15-percent-of-time-since-launch,0.981238,https://cointelegraph.com/news/eth-outperforms-btc-just-15-percent-of-time-since-launch,Ethereum has outperformed Bitcoin just 15% of the time since its launch,Martin Young,https://s3.cointelegraph.com/uploads/2025-04/019618f6-11fa-7ff2-9745-99b1b2f0b76f,cointelegraph.com,Financial Markets,0.112883,Neutral,"[{""ticker"": ""CRYPTO:BTC"", ""relevance_score"": ""0.871674"", ""ticker_sentiment_score"": ""0.071635"", ""ticker_sentiment_label"": ""Neutral""}, {""ticker"": ""CRYPTO:ETH"", ""relevance_score"": ""0.981238"", ""ticker_sentiment_score"": ""0.201575"", ""ticker_sentiment_label"": ""Somewhat-Bullish""}]"
2025-04-09,"An Ether whale who had held 10,000 Ether for the last 900 days has sold their entire stash and missed out on a peak profit of $27.6 million when the cryptocurrency was worth over $4,000. The whale initially bought a total of 10,000 Ether ( ETH ) across two transactions in October and November ...",Cointelegraph,https://cointelegraph.com/news/ethereum-whale-sells-eth-after-900-days-missing-27-m-peak-profit,0.963342,https://cointelegraph.com/news/ethereum-whale-sells-eth-after-900-days-missing-27-m-peak-profit,"Ethereum whale sells ETH after 900 days, missing $27M possible peak profit",Stephen Katte,https://s3.cointelegraph.com/uploads/2025-04/01961901-c900-7675-9305-aec4e2e3a4d2,cointelegraph.com,Blockchain,0.125714,Neutral,"[{""ticker"": ""CRYPTO:BTC"", ""relevance_score"": ""0.118647"", ""ticker_sentiment_score"": ""-0.015692"", ""ticker_sentiment_label"": ""Neutral""}, {""ticker"": ""CRYPTO:ETH"", ""relevance_score"": ""0.963342"", ""ticker_sentiment_score"": ""0.2752"", ""ticker_sentiment_label"": ""Somewhat-Bullish""}]"
2025-04-09,"The next generation of cryptocurrency projects must embrace a more collaborative approach to compete with major centralized tech companies entering the Web3 space, according to Cardano founder Charles Hoskinson.Speaking at Paris Blockchain Week 2025, Hoskinson said one of the main criticisms of ...",Cointelegraph,https://cointelegraph.com/news/crypto-needs-collaboration-to-compete-with-big-tech-hoskinson,0.088799,https://cointelegraph.com/news/crypto-needs-collaboration-to-compete-with-big-tech-hoskinson,4th gen crypto needs collaborative tokenomics against tech giants - Hoskinson,Zoltan Vardai,https://s3.cointelegraph.com/uploads/2025-04/019619dc-6949-7523-a12e-249679a90ec7,cointelegraph.com,"Technology,Blockchain",0.116164,Neutral,"[{""ticker"": ""MSFT"", ""relevance_score"": ""0.088799"", ""ticker_sentiment_score"": ""0.030721"", ""ticker_sentiment_label"": ""Neutral""}, {""ticker"": ""GOOG"", ""relevance_score"": ""0.088799"", ""ticker_sentiment_score"": ""0.030721"", ""ticker_sentiment_label"": ""Neutral""}, {""ticker"": ""CRYPTO:ETH"", ""relevance_score"": ""0.088799"", ""ticker_sentiment_score"": ""0.0"", ""ticker_sentiment_label"": ""Neutral""}, {""ticker"": ""CRYPTO:ADA"", ""relevance_score"": ""0.262052"", ""ticker_sentiment_score"": ""0.201315"", ""ticker_sentiment_label"": ""Somewhat-Bullish""}]"
2025-04-09,"Bitcoin and Ethereum plunge as the trade war intensifies, triggering $411 million in total liquidations over the past 24 hours.",Decrypt.co,https://decrypt.co/314059/bitcoin-ethereum-dip-trumps-tariffs-china,0.172097,https://decrypt.co/314059/bitcoin-ethereum-dip-trumps-tariffs-china,"Bitcoin, Ethereum Dip as Trump's Tariffs on China Take Effect","Sebastian Sinclair,Vince Dioquino",https://cdn.decrypt.co/resize/1024/height/512/wp-content/uploads/2023/09/Bitcoin-Ethereum-shutterstock_2111616764-16x9-1-gID_7.jpg,decrypt.co,"Blockchain,Financial Markets",-0.269071,Somewhat-Bearish,"[{""ticker"": ""CRYPTO:BTC"", ""relevance_score"": ""0.255641"", ""ticker_sentiment_score"": ""-0.028685"", ""ticker_sentiment_label"": ""Neutral""}, {""ticker"": ""CRYPTO:ETH"", ""relevance_score"": ""0.172097"", ""ticker_sentiment_score"": ""-0.094819"", ""ticker_sentiment_label"": ""Neutral""}, {""ticker"": ""CRYPTO:DOGE"", ""relevance_score"": ""0.086556"", ""ticker_sentiment_score"": ""-0.093602"", ""ticker_sentiment_label"": ""Neutral""}, {""ticker"": ""CRYPTO:ADA"", ""relevance_score"": ""0.086556"", ""ticker_sentiment_score"": ""-0.093602"", ""ticker_sentiment_label"": ""Neutral""}]"
2025-04-09,"Vastly more BTC purchases are in the red than in January, but holdings are still faring better than during previous crypto crashes.",Decrypt.co,https://decrypt.co/314082/bitcoin-investors-underwater-btc-price,0.106541,https://decrypt.co/314082/bitcoin-investors-underwater-btc-price,Quarter of All Bitcoin Investors Underwater as BTC Price Lags: CrypoQuant,Will McCurdy,https://cdn.decrypt.co/resize/1024/height/512/wp-content/uploads/2025/04/bitcoin-underwater-gID_7.jpg,decrypt.co,Blockchain,-0.154382,Somewhat-Bearish,"[{""ticker"": ""CRYPTO:BTC"", ""relevance_score"": ""0.955455"", ""ticker_sentiment_score"": ""-0.27378"", ""ticker_sentiment_label"": ""Somewhat-Bearish""}, {""ticker"": ""CRYPTO:ETH"", ""relevance_score"": ""0.106541"", ""ticker_sentiment_score"": ""-0.060299"", ""ticker_sentiment_label"": ""Neutral""}]"
2025-04-09,"US Stocks Futures Trade Mixed Ahead Of Opening Bell: 'Preserve Capital In Conditions Of High Uncertainty,' Says Expert Dow Dips Over 300 Points As US-China Trade Tensions Escalate: Apple, Tesla, Nvidia, Amazon Decline, Greed Index Remains In 'Extreme Fear' Zone",Benzinga,https://www.benzinga.com/news/25/04/44712045/trump-forecasts-gop-landslide-in-2026-touts-tariffs-as-key-advantage-musk-warns-tesla-attackers-face-prison-,0.040553,https://www.benzinga.com/news/25/04/44712045/trump-forecasts-gop-landslide-in-2026-touts-tariffs-as-key-advantage-musk-warns-tesla-attackers-face-prison-,"Trump Forecasts GOP Landslide In 2026, Touts Tariffs As Key Advantage; Musk Warns Tesla Attackers Face Prison; China Targets US Services Like Disney, IMAX In Trade Retaliation - Top Headlines While the US Slept",Akanksha Bakshi,https://cdn.benzinga.com/files/images/story/2025/04/09/Trump-Readies-More-Tariffs-On-April-2--C.jpeg?width=1200&height=800&fit=crop,www.benzinga.com,"Life Sciences,Financial Markets,Manufacturing,Earnings,Technology",0.0,Neutral,"[{""ticker"": ""BABA"", ""relevance_score"": ""0.040553"", ""ticker_sentiment_score"": ""-0.100273"", ""ticker_sentiment_label"": ""Neutral""}, {""ticker"": ""IMAX"", ""relevance_score"": ""0.040553"", ""ticker_sentiment_score"": ""-0.222154"", ""ticker_sentiment_label"": ""Somewhat-Bearish""}, {""ticker"": ""NVDA"", ""relevance_score"": ""0.081001"", ""ticker_sentiment_score"": ""-0.29972"", ""ticker_sentiment_label"": ""Somewhat-Bearish""}, {""ticker"": ""ANIX"", ""relevance_score"": ""0.040553"", ""ticker_sentiment_score"": ""-0.3024"", ""ticker_sentiment_label"": ""Somewhat-Bearish""}, {""ticker"": ""TSLA"", ""relevance_score"": ""0.081001"", ""ticker_sentiment_score"": ""-0.148847"", ""ticker_sentiment_label"": ""Neutral""}, {""ticker"": ""PFE"", ""relevance_score"": ""0.040553"", ""ticker_sentiment_score"": ""-0.044705"", ""ticker_sentiment_label"": ""Neutral""}, {""ticker"": ""CRYPTO:BTC"", ""relevance_score"": ""0.200688"", ""ticker_sentiment_score"": ""0.088511"", ""ticker_sentiment_label"": ""Neutral""}, {""ticker"": ""CRYPTO:ETH"", ""relevance_score"": ""0.040553"", ""ticker_sentiment_score"": ""0.149011"", ""ticker_sentiment_label"": ""Neutral""}, {""ticker"": ""CRYPTO:DOGE"", ""relevance_score"": ""0.16117"", ""ticker_sentiment_score"": ""0.206818"", ""ticker_sentiment_label"": ""Somewhat-Bullish""}]"
2025-04-09,"Stocks like NVDA, HOOD and IBKR are poised to benefit once the Bitcoin rally resumes.",Zacks Commentary,https://www.zacks.com/stock/news/2442675/bitcoin-price-retreats-sharply-buy-3-crypto-centric-stocks-on-the-dip,0.043342,https://www.zacks.com/stock/news/2442675/bitcoin-price-retreats-sharply-buy-3-crypto-centric-stocks-on-the-dip,Bitcoin Price Retreats Sharply: Buy 3 Crypto-Centric Stocks on the Dip,Ritujay Ghosh,https://staticx-tuner.zacks.com/images/articles/main/63/5033.jpg,www.zacks.com,"Economy - Monetary,Financial Markets,Manufacturing,Earnings,Finance,Blockchain",0.089576,Neutral,"[{""ticker"": ""HOOD"", ""relevance_score"": ""0.255641"", ""ticker_sentiment_score"": ""0.302115"", ""ticker_sentiment_label"": ""Somewhat-Bullish""}, {""ticker"": ""NVDA"", ""relevance_score"": ""0.214177"", ""ticker_sentiment_score"": ""0.316118"", ""ticker_sentiment_label"": ""Somewhat-Bullish""}, {""ticker"": ""IBKR"", ""relevance_score"": ""0.255641"", ""ticker_sentiment_score"": ""0.286019"", ""ticker_sentiment_label"": ""Somewhat-Bullish""}, {""ticker"": ""FOREX:USD"", ""relevance_score"": ""0.043342"", ""ticker_sentiment_score"": ""0.088689"", ""ticker_sentiment_label"": ""Neutral""}, {""ticker"": ""CRYPTO:BTC"", ""relevance_score"": ""0.450044"", ""ticker_sentiment_score"": ""0.06983"", ""ticker_sentiment_label"": ""Neutral""}, {""ticker"": ""CRYPTO:ETH"", ""relevance_score"": ""0.043342"", ""ticker_sentiment_score"": ""0.112762"", ""ticker_sentiment_label"": ""Neutral""}, {""ticker"": ""CRYPTO:DOGE"", ""relevance_score"": ""0.043342"", ""ticker_sentiment_score"": ""0.112762"", ""ticker_sentiment_label"": ""Neutral""}]"
2025-04-09,"Bitcoin ( BTC ) price made a swift move to $78,300 at the April 9 Wall Street open as ""herd-like"" price action in equities markets continued to spook risk-asset traders.BTC/USD 1-hour chart. Source: Cointelegraph/TradingViewBitcoin gyrates as stocks make historyData from Cointelegraph Markets Pro ...",Cointelegraph,https://cointelegraph.com/news/bitcoin-price-at-risk-of-new-5-month-low-near-71-k-if-tariff-war-and-stock-market-tumult-continues,0.194242,https://cointelegraph.com/news/bitcoin-price-at-risk-of-new-5-month-low-near-71-k-if-tariff-war-and-stock-market-tumult-continues,Bitcoin price at risk of new 5-month low near $71K if tariff war and stock market tumult continues,William Suberg,https://s3.cointelegraph.com/uploads/2025-04/01961ae2-8dc7-7c82-bbc5-d00fddccdc12,cointelegraph.com,Financial Markets,-0.199675,Somewhat-Bearish,"[{""ticker"": ""CRYPTO:BTC"", ""relevance_score"": ""0.781119"", ""ticker_sentiment_score"": ""-0.227393"", ""ticker_sentiment_label"": ""Somewhat-Bearish""}, {""ticker"": ""CRYPTO:ETH"", ""relevance_score"": ""0.194242"", ""ticker_sentiment_score"": ""-0.18743"", ""ticker_sentiment_label"": ""Somewhat-Bearish""}]"
2025-04-09,"Ethereum's ETH/USD price has decreased 4.0% over the past 24 hours to $1,475.26, continuing its downward trend over the past week of -21.0%, moving from $1,877.14 to its current price.",Benzinga,https://www.benzinga.com/insights/cryptocurrency/25/04/44715838/ethereum-decreases-more-than-4-within-24-hours,0.554365,https://www.benzinga.com/insights/cryptocurrency/25/04/44715838/ethereum-decreases-more-than-4-within-24-hours,Ethereum Decreases More Than 4% Within 24 hours,Benzinga Insights,https://www.benzinga.com/files/images/story/2025/1744210810_0_0.png,www.benzinga.com,Financial Markets,0.063903,Neutral,"[{""ticker"": ""CRYPTO:ETH"", ""relevance_score"": ""0.554365"", ""ticker_sentiment_score"": ""-0.083505"", ""ticker_sentiment_label"": ""Neutral""}]"
2025-04-09,"Yeah, stablecoins are on the rise. Their prices aren't skyrocketing of course, but they are gaining space in several other ways.",Motley Fool,https://www.fool.com/investing/2025/04/09/3-reasons-stablecoins-are-on-the-rise/,0.077094,https://www.fool.com/investing/2025/04/09/3-reasons-stablecoins-are-on-the-rise/,3 Reasons Stablecoins Are on the Rise,Anders Bylund,https://media.ycharts.com/charts/905960f8a5a7d8958356f400d077e4ac.png,www.fool.com,"Finance,Blockchain,Financial Markets",0.216344,Somewhat-Bullish,"[{""ticker"": ""BAC"", ""relevance_score"": ""0.038592"", ""ticker_sentiment_score"": ""0.098505"", ""ticker_sentiment_label"": ""Neutral""}, {""ticker"": ""CURN"", ""relevance_score"": ""0.038592"", ""ticker_sentiment_score"": ""0.083857"", ""ticker_sentiment_label"": ""Neutral""}, {""ticker"": ""COIN"", ""relevance_score"": ""0.228431"", ""ticker_sentiment_score"": ""0.191669"", ""ticker_sentiment_label"": ""Somewhat-Bullish""}, {""ticker"": ""FOREX:JPY"", ""relevance_score"": ""0.038592"", ""ticker_sentiment_score"": ""0.083857"", ""ticker_sentiment_label"": ""Neutral""}, {""ticker"": ""FOREX:EUR"", ""relevance_score"": ""0.038592"", ""ticker_sentiment_score"": ""0.083857"", ""ticker_sentiment_label"": ""Neutral""}, {""ticker"": ""FOREX:USD"", ""relevance_score"": ""0.532043"", ""ticker_sentiment_score"": ""0.197459"", ""ticker_sentiment_label"": ""Somewhat-Bullish""}, {""ticker"": ""CRYPTO:ETH"", ""relevance_score"": ""0.077094"", ""ticker_sentiment_score"": ""0.061728"", ""ticker_sentiment_label"": ""Neutral""}]"
2025-04-10,"New York City, April 10, 2025 ( GLOBE NEWSWIRE ) -- Do you want to play at one of the best online casinos in Canada? Then look no further. Here, we have brought you our number one pick of the best online casino sites in Canada: RoboCat Casino.",Benzinga,https://www.benzinga.com/pressreleases/25/04/g44747840/best-online-casinos-in-canada-2025-why-robocat-is-the-top-choice,0.012684,https://www.benzinga.com/pressreleases/25/04/g44747840/best-online-casinos-in-canada-2025-why-robocat-is-the-top-choice,Best Online Casinos in Canada 2025: Why RoboCat is the Top Choice,Globe Newswire,https://www.benzinga.com/next-assets/images/schema-image-default.png,www.benzinga.com,"Blockchain,Financial Markets",0.411635,Bullish,"[{""ticker"": ""MA"", ""relevance_score"": ""0.063358"", ""ticker_sentiment_score"": ""0.16262"", ""ticker_sentiment_label"": ""Somewhat-Bullish""}, {""ticker"": ""PYPL"", ""relevance_score"": ""0.03804"", ""ticker_sentiment_score"": ""0.12809"", ""ticker_sentiment_label"": ""Neutral""}, {""ticker"": ""CRYPTO:BTC"", ""relevance_score"": ""0.050706"", ""ticker_sentiment_score"": ""0.169549"", ""ticker_sentiment_label"": ""Somewhat-Bullish""}, {""ticker"": ""CRYPTO:ETH"", ""relevance_score"": ""0.012684"", ""ticker_sentiment_score"": ""0.025424"", ""ticker_sentiment_label"": ""Neutral""}, {""ticker"": ""CRYPTO:DOGE"", ""relevance_score"": ""0.012684"", ""ticker_sentiment_score"": ""0.025424"", ""ticker_sentiment_label"": ""Neutral""}]"
2025-04-10,"Alexander Urbelis, one of the attorney's working on his case, said Virgil Griffith had been ""counting down the days to be reborn"" ...",Decrypt.co,https://decrypt.co/314331/ethereum-developer-virgil-griffith-freed-from-jail,0.224903,https://decrypt.co/314331/ethereum-developer-virgil-griffith-freed-from-jail,Ethereum Developer Virgil Griffith Freed From Jail,Connor Sephton,https://cdn.decrypt.co/resize/1024/height/512/wp-content/uploads/2025/04/virgil-griffith-ethereumer-dev-cropped-gID_7.jpg,decrypt.co,Blockchain,0.009826,Neutral,"[{""ticker"": ""CRYPTO:ETH"", ""relevance_score"": ""0.224903"", ""ticker_sentiment_score"": ""0.334529"", ""ticker_sentiment_label"": ""Somewhat-Bullish""}]"
2025-04-10,Cryptocurrencies pulled back with the broader market as investors gave back more than half of Wednesday's historic rally.,CNBC,https://www.cnbc.com/2025/04/10/cryptocurencies-fall-as-investors-slash-gains-from-historic-tariff-pause-rally.html,0.110462,https://www.cnbc.com/2025/04/10/cryptocurencies-fall-as-investors-slash-gains-from-historic-tariff-pause-rally.html,Bitcoin falls as investors slash gains from historic rally on U.S. tariffs pause,,,www.cnbc.com,"Life Sciences,Financial Markets,Finance,Blockchain",-0.026827,Neutral,"[{""ticker"": ""CORZQ"", ""relevance_score"": ""0.110462"", ""ticker_sentiment_score"": ""-0.329068"", ""ticker_sentiment_label"": ""Somewhat-Bearish""}, {""ticker"": ""COIN"", ""relevance_score"": ""0.218817"", ""ticker_sentiment_score"": ""-0.276288"", ""ticker_sentiment_label"": ""Somewhat-Bearish""}, {""ticker"": ""RIOT"", ""relevance_score"": ""0.110462"", ""ticker_sentiment_score"": ""-0.329068"", ""ticker_sentiment_label"": ""Somewhat-Bearish""}, {""ticker"": ""CRYPTO:BTC"", ""relevance_score"": ""0.835133"", ""ticker_sentiment_score"": ""-0.160879"", ""ticker_sentiment_label"": ""Somewhat-Bearish""}, {""ticker"": ""CRYPTO:ETH"", ""relevance_score"": ""0.110462"", ""ticker_sentiment_score"": ""-0.177131"", ""ticker_sentiment_label"": ""Somewhat-Bearish""}]"
2025-04-10,"On-chain data suggested earlier this week that a wallet ""closely tied"" to the project began selling off millions in ETH at the peak of tariff-related market panic.",Decrypt.co,https://decrypt.co/314367/trump-world-liberty-financial-denies-selling-ethereum,0.571903,https://decrypt.co/314367/trump-world-liberty-financial-denies-selling-ethereum,Trump's World Liberty Financial Denies Selling Off Ethereum Stash,Sander Lutz,https://cdn.decrypt.co/resize/1024/height/512/wp-content/uploads/2025/04/president-donald-trump-world-liberty-crypto-gID_7.jpg,decrypt.co,Finance,0.21394,Somewhat-Bullish,"[{""ticker"": ""COIN"", ""relevance_score"": ""0.090134"", ""ticker_sentiment_score"": ""0.214525"", ""ticker_sentiment_label"": ""Somewhat-Bullish""}, {""ticker"": ""CRYPTO:ETH"", ""relevance_score"": ""0.571903"", ""ticker_sentiment_score"": ""0.261844"", ""ticker_sentiment_label"": ""Somewhat-Bullish""}]"
2025-04-10,"Ether exchange-traded funds ( ETFs ) in the United States may be able to start staking a portion of their tokens as soon as May, according to Bloomberg Intelligence analyst James Seyffart. On April 9, the US Securities and Exchange Commission ( SEC ) authorized exchanges to begin listing options ...",Cointelegraph,https://cointelegraph.com/news/ether-etf-staking-may-bloomberg-analyst,0.803061,https://cointelegraph.com/news/ether-etf-staking-may-bloomberg-analyst,Ether ETF staking could come as soon as May - Bloomberg analyst,Alex O’Donnell,https://s3.cointelegraph.com/uploads/2025-04/01962091-f0c4-73b2-853c-71e8dc20e6b0,cointelegraph.com,"Blockchain,Financial Markets",0.39428,Bullish,"[{""ticker"": ""CRYPTO:BTC"", ""relevance_score"": ""0.332883"", ""ticker_sentiment_score"": ""0.362718"", ""ticker_sentiment_label"": ""Bullish""}, {""ticker"": ""CRYPTO:ETH"", ""relevance_score"": ""0.803061"", ""ticker_sentiment_score"": ""0.626177"", ""ticker_sentiment_label"": ""Bullish""}]"
2025-04-10,"New York City, April 10, 2025 ( GLOBE NEWSWIRE ) -- There are more online sports betting sites in the United States than ever, giving sports bettors the unenviable task of selecting the best one. However, we have done the groundwork for you and made our pick of the best betting site: BetOnline.",Benzinga,https://www.benzinga.com/pressreleases/25/04/g44748717/best-betting-sites-in-the-us-2025-betonline-takes-top-spot,0.050306,https://www.benzinga.com/pressreleases/25/04/g44748717/best-betting-sites-in-the-us-2025-betonline-takes-top-spot,Best Betting Sites in the US 2025: BetOnline Takes Top Spot,Globe Newswire,https://ml.globenewswire.com/media/8a2b04c9-f3b1-4086-b3a6-6a5810a0b889/small/betonline-logo-png.png,www.benzinga.com,"Finance,Blockchain",0.468653,Bullish,"[{""ticker"": ""MA"", ""relevance_score"": ""0.050306"", ""ticker_sentiment_score"": ""0.197308"", ""ticker_sentiment_label"": ""Somewhat-Bullish""}, {""ticker"": ""AXP"", ""relevance_score"": ""0.050306"", ""ticker_sentiment_score"": ""0.197308"", ""ticker_sentiment_label"": ""Somewhat-Bullish""}, {""ticker"": ""CRYPTO:BTC"", ""relevance_score"": ""0.075397"", ""ticker_sentiment_score"": ""0.200534"", ""ticker_sentiment_label"": ""Somewhat-Bullish""}, {""ticker"": ""CRYPTO:ETH"", ""relevance_score"": ""0.050306"", ""ticker_sentiment_score"": ""0.197308"", ""ticker_sentiment_label"": ""Somewhat-Bullish""}, {""ticker"": ""CRYPTO:DOGE"", ""relevance_score"": ""0.025166"", ""ticker_sentiment_score"": ""0.0"", ""ticker_sentiment_label"": ""Neutral""}, {""ticker"": ""CRYPTO:LTC"", ""relevance_score"": ""0.050306"", ""ticker_sentiment_score"": ""0.197308"", ""ticker_sentiment_label"": ""Somewhat-Bullish""}, {""ticker"": ""CRYPTO:BCH"", ""relevance_score"": ""0.025166"", ""ticker_sentiment_score"": ""0.0"", ""ticker_sentiment_label"": ""Neutral""}]"
2025-04-10,A CryptoPunks NFT just sold for $6 million-but the very same Ethereum asset traded hands for $16 million one year ago.,Decrypt.co,https://decrypt.co/314425/cryptopunks-ethereum-nft-sells-6-million,0.703273,https://decrypt.co/314425/cryptopunks-ethereum-nft-sells-6-million,CryptoPunks NFT Sells for $6 Million in Ethereum-At a $10 Million Loss,Logan Hitchcock,https://cdn.decrypt.co/resize/1024/height/512/wp-content/uploads/2024/02/cryptopunks-cash-gID_7.png,decrypt.co,"Earnings,Finance,Blockchain",-0.00479,Neutral,"[{""ticker"": ""COIN"", ""relevance_score"": ""0.103778"", ""ticker_sentiment_score"": ""-0.113922"", ""ticker_sentiment_label"": ""Neutral""}, {""ticker"": ""CRYPTO:ETH"", ""relevance_score"": ""0.703273"", ""ticker_sentiment_score"": ""-0.20553"", ""ticker_sentiment_label"": ""Somewhat-Bearish""}]"
2025-04-10,"Based on current prices, the investor may have generated more than 18,000% in profits.",Decrypt.co,https://decrypt.co/314396/ethereum-whale-offloads-22-million-after-holding-9-years,0.932641,https://decrypt.co/314396/ethereum-whale-offloads-22-million-after-holding-9-years,Ethereum Whale Offloads $22 Million After Holding for 9 Years,Mat Di Salvo,https://cdn.decrypt.co/resize/1024/height/512/wp-content/uploads/2020/02/ethereum-tron-eos-whales-gambling-dapps-gID_7.jpg,decrypt.co,Blockchain,0.014085,Neutral,"[{""ticker"": ""CRYPTO:ETH"", ""relevance_score"": ""0.932641"", ""ticker_sentiment_score"": ""0.0"", ""ticker_sentiment_label"": ""Neutral""}, {""ticker"": ""CRYPTO:UNI"", ""relevance_score"": ""0.145145"", ""ticker_sentiment_score"": ""0.0"", ""ticker_sentiment_label"": ""Neutral""}]"
2025-04-10,"NEW YORK, April 10, 2025 ( GLOBE NEWSWIRE ) -- Mode, an AI-focused Ethereum Layer 2 focused on user growth and composability, has launched Mode Trade, its native perpetuals DEX, powered by Orderly's unified trading infrastructure.",Benzinga,https://www.benzinga.com/pressreleases/25/04/g44750059/mode-launches-ai-native-perpetuals-dex-powered-by-orderly,0.21686,https://www.benzinga.com/pressreleases/25/04/g44750059/mode-launches-ai-native-perpetuals-dex-powered-by-orderly,Mode launches AI-native perpetuals DEX powered by Orderly,Globe Newswire,https://www.benzinga.com/next-assets/images/schema-image-default.png,www.benzinga.com,Financial Markets,0.364839,Bullish,"[{""ticker"": ""CRYPTO:ETH"", ""relevance_score"": ""0.21686"", ""ticker_sentiment_score"": ""0.237739"", ""ticker_sentiment_label"": ""Somewhat-Bullish""}]"
2025-04-10,"The leading cryptocurrency couldn't hold above the $80,000 mark on Thursday.",Decrypt.co,https://decrypt.co/314405/bitcoin-wavers-confusing-environment-on-wall-street-sets-in,0.097457,https://decrypt.co/314405/bitcoin-wavers-confusing-environment-on-wall-street-sets-in,Bitcoin Wavers as 'Confusing Environment' on Wall Street Sets In,André Beganski,https://cdn.decrypt.co/resize/1024/height/512/wp-content/uploads/2024/09/bitcoin-market-gID_7.jpg,decrypt.co,"Economy - Monetary,Blockchain",-0.076131,Neutral,"[{""ticker"": ""FRFLF"", ""relevance_score"": ""0.097457"", ""ticker_sentiment_score"": ""-0.088068"", ""ticker_sentiment_label"": ""Neutral""}, {""ticker"": ""CRYPTO:BTC"", ""relevance_score"": ""0.375722"", ""ticker_sentiment_score"": ""0.334596"", ""ticker_sentiment_label"": ""Somewhat-Bullish""}, {""ticker"": ""CRYPTO:ETH"", ""relevance_score"": ""0.097457"", ""ticker_sentiment_score"": ""0.048311"", ""ticker_sentiment_label"": ""Neutral""}]"
2025-04-10,"Cryptocurrency exchange HashKey has received approval from Hong Kong regulators to offer staking services, potentially broadening the institutional appeal of proof-of-stake investments such as the spot Ether exchange-traded funds ( ETFs ) .HashKey was granted approval on April 10 after the Hong ...",Cointelegraph,https://cointelegraph.com/news/hashkey-receives-hong-kong-approval-crypto-staking,0.719858,https://cointelegraph.com/news/hashkey-receives-hong-kong-approval-crypto-staking,HashKey receives Hong Kong approval to offer crypto staking services,Sam Bourgi,https://s3.cointelegraph.com/uploads/2025-04/01962129-299b-744e-8b98-d5ffafb7ca2c,cointelegraph.com,"Blockchain,Financial Markets",0.348518,Somewhat-Bullish,"[{""ticker"": ""CRYPTO:BTC"", ""relevance_score"": ""0.18967"", ""ticker_sentiment_score"": ""0.340062"", ""ticker_sentiment_label"": ""Somewhat-Bullish""}, {""ticker"": ""CRYPTO:ETH"", ""relevance_score"": ""0.719858"", ""ticker_sentiment_score"": ""0.468178"", ""ticker_sentiment_label"": ""Bullish""}]"
2025-04-10,The VanEck Avalanche ETF is one of a slew of funds proposed in recent months to track altcoins.,Decrypt.co,https://decrypt.co/314346/nasdaq-files-vaneck-avalanche-etf,0.182506,https://decrypt.co/314346/nasdaq-files-vaneck-avalanche-etf,Nasdaq Files for Rule Change to List VanEck Avalanche ETF,James Rubin,https://cdn.decrypt.co/resize/1024/height/512/wp-content/uploads/2020/09/shutterstock_7848741041-gID_7.jpg,decrypt.co,"Blockchain,Financial Markets",0.182234,Somewhat-Bullish,"[{""ticker"": ""SCBFF"", ""relevance_score"": ""0.182506"", ""ticker_sentiment_score"": ""0.166159"", ""ticker_sentiment_label"": ""Somewhat-Bullish""}, {""ticker"": ""CRYPTO:BTC"", ""relevance_score"": ""0.270773"", ""ticker_sentiment_score"": ""0.233103"", ""ticker_sentiment_label"": ""Somewhat-Bullish""}, {""ticker"": ""CRYPTO:ETH"", ""relevance_score"": ""0.182506"", ""ticker_sentiment_score"": ""0.172371"", ""ticker_sentiment_label"": ""Somewhat-Bullish""}, {""ticker"": ""CRYPTO:DOGE"", ""relevance_score"": ""0.270773"", ""ticker_sentiment_score"": ""0.251038"", ""ticker_sentiment_label"": ""Somewhat-Bullish""}, {""ticker"": ""CRYPTO:LTC"", ""relevance_score"": ""0.09186"", ""ticker_sentiment_score"": ""0.220669"", ""ticker_sentiment_label"": ""Somewhat-Bullish""}]"
2025-04-10,"Bearish Sentiment Hits 7-Week High, Mimicking 35-Year Old Record Which Marked The Bottom Of The October 1990 Bear Market US Stocks Likely To Open Lower Ahead Of March Inflation Release: Expert Highlights 'Fairly Weak Returns' After 5%+ Gains In S&P 500",Benzinga,https://www.benzinga.com/25/04/44740115/bitcoin-falls-to-78k-amid-market-jitters-trump-halts-tariffs-after-bond-yield-spike-us-china-tensions-spark-visa-,0.034039,https://www.benzinga.com/25/04/44740115/bitcoin-falls-to-78k-amid-market-jitters-trump-halts-tariffs-after-bond-yield-spike-us-china-tensions-spark-visa-,"Bitcoin Falls To $78K As Market Jitters; Trump Halts Tariffs After Bond Yield Spike; US-China Tensions Spark Visa Cancellations, Strain Academic Ties - Top Headlines While the US Slept",Akanksha Bakshi,https://cdn.benzinga.com/files/images/story/2025/04/10/Golden-Bitcoin-Lies-On-The-Banknotes-new_1.jpeg?width=1200&height=800&fit=crop,www.benzinga.com,"Technology,Finance,Economy - Monetary,Retail & Wholesale,Financial Markets,Manufacturing,Earnings",-0.120634,Neutral,"[{""ticker"": ""MSFT"", ""relevance_score"": ""0.068016"", ""ticker_sentiment_score"": ""-0.07362"", ""ticker_sentiment_label"": ""Neutral""}, {""ticker"": ""HOG"", ""relevance_score"": ""0.034039"", ""ticker_sentiment_score"": ""-0.350866"", ""ticker_sentiment_label"": ""Bearish""}, {""ticker"": ""NVDA"", ""relevance_score"": ""0.068016"", ""ticker_sentiment_score"": ""0.049106"", ""ticker_sentiment_label"": ""Neutral""}, {""ticker"": ""AAPL"", ""relevance_score"": ""0.101869"", ""ticker_sentiment_score"": ""0.072523"", ""ticker_sentiment_label"": ""Neutral""}, {""ticker"": ""JNVR"", ""relevance_score"": ""0.034039"", ""ticker_sentiment_score"": ""0.194678"", ""ticker_sentiment_label"": ""Somewhat-Bullish""}, {""ticker"": ""TSLA"", ""relevance_score"": ""0.034039"", ""ticker_sentiment_score"": ""-0.26304"", ""ticker_sentiment_label"": ""Somewhat-Bearish""}, {""ticker"": ""MS"", ""relevance_score"": ""0.034039"", ""ticker_sentiment_score"": ""0.113298"", ""ticker_sentiment_label"": ""Neutral""}, {""ticker"": ""RH"", ""relevance_score"": ""0.034039"", ""ticker_sentiment_score"": ""-0.452166"", ""ticker_sentiment_label"": ""Bearish""}, {""ticker"": ""FAST"", ""relevance_score"": ""0.034039"", ""ticker_sentiment_score"": ""0.134711"", ""ticker_sentiment_label"": ""Neutral""}, {""ticker"": ""BA"", ""relevance_score"": ""0.034039"", ""ticker_sentiment_score"": ""0.266364"", ""ticker_sentiment_label"": ""Somewhat-Bullish""}, {""ticker"": ""PSHZF"", ""relevance_score"": ""0.034039"", ""ticker_sentiment_score"": ""-0.304498"", ""ticker_sentiment_label"": ""Somewhat-Bearish""}, {""ticker"": ""CRYPTO:BTC"", ""relevance_score"": ""0.202084"", ""ticker_sentiment_score"": ""-0.092854"", ""ticker_sentiment_label"": ""Neutral""}, {""ticker"": ""CRYPTO:ETH"", ""relevance_score"": ""0.034039"", ""ticker_sentiment_score"": ""0.094909"", ""ticker_sentiment_label"": ""Neutral""}, {""ticker"": ""CRYPTO:SHIB"", ""relevance_score"": ""0.034039"", ""ticker_sentiment_score"": ""0.301482"", ""ticker_sentiment_label"": ""Somewhat-Bullish""}, {""ticker"": ""CRYPTO:DOGE"", ""relevance_score"": ""0.068016"", ""ticker_sentiment_score"": ""0.20997"", ""ticker_sentiment_label"": ""Somewhat-Bullish""}]"
2025-04-10,"Arkham labels the wallet as a ""predicted entity,"" intended as a low-confidence signal for further investigation. World Liberty holds significant crypto reserves, making any single $8 million loss relatively minor in broader context.",Benzinga,https://www.benzinga.com/markets/cryptocurrency/25/04/44749223/trump-affiliated-world-liberty-financial-denies-8-million-ethereum-sell-off-loss,0.552443,https://www.benzinga.com/markets/cryptocurrency/25/04/44749223/trump-affiliated-world-liberty-financial-denies-8-million-ethereum-sell-off-loss,Trump-Affiliated World Liberty Financial Denies $8 Million Ethereum Sell-Off Loss,Murtuza J Merchant,https://cdn.benzinga.com/files/images/story/2025/04/10/Critics-Backlash.jpeg?width=1200&height=800&fit=crop,www.benzinga.com,"Finance,Financial Markets",0.132529,Neutral,"[{""ticker"": ""COIN"", ""relevance_score"": ""0.199859"", ""ticker_sentiment_score"": ""0.293242"", ""ticker_sentiment_label"": ""Somewhat-Bullish""}, {""ticker"": ""CRYPTO:ETH"", ""relevance_score"": ""0.552443"", ""ticker_sentiment_score"": ""-0.210234"", ""ticker_sentiment_label"": ""Somewhat-Bearish""}]"
2025-04-10,"A sharp rise in speculative interest is likely by late summer, according to Hoskinson's market outlook. The number of crypto users globally jumped 13% in 2024, further validating demand for decentralized finance alternatives. Feel unsure about the market's next move?",Benzinga,https://www.benzinga.com/markets/cryptocurrency/25/04/44738201/bitcoin-could-surge-to-250000-says-cardano-co-founder-charles-hoskinson,0.149656,https://www.benzinga.com/markets/cryptocurrency/25/04/44738201/bitcoin-could-surge-to-250000-says-cardano-co-founder-charles-hoskinson,"Bitcoin Could Surge To $250,000, Says Cardano Co-Founder Charles Hoskinson",Murtuza J Merchant,https://cdn.benzinga.com/files/images/story/2025/04/10/Downsides-In-Bitcoin.jpeg?width=1200&height=800&fit=crop,www.benzinga.com,"Economy - Monetary,Financial Markets,Technology,Blockchain",0.263217,Somewhat-Bullish,"[{""ticker"": ""MSFT"", ""relevance_score"": ""0.075161"", ""ticker_sentiment_score"": ""0.213702"", ""ticker_sentiment_label"": ""Somewhat-Bullish""}, {""ticker"": ""CRYPTO:BTC"", ""relevance_score"": ""0.294093"", ""ticker_sentiment_score"": ""0.052601"", ""ticker_sentiment_label"": ""Neutral""}, {""ticker"": ""CRYPTO:ETH"", ""relevance_score"": ""0.149656"", ""ticker_sentiment_score"": ""0.0"", ""ticker_sentiment_label"": ""Neutral""}, {""ticker"": ""CRYPTO:ADA"", ""relevance_score"": ""0.149656"", ""ticker_sentiment_score"": ""0.0"", ""ticker_sentiment_label"": ""Neutral""}]"
2025-04-10,"XRP has struggled to find sustained bullish momentum since reaching its cycle peak at $3.40 on Jan. 16, 2025. XRP ( XRP ) dropped as much as 46% over the past three months, but despite its recent drawdown, Glassnode data indicates that 81.6% of XRP's current circulating supply remains in profit.",Cointelegraph,https://cointelegraph.com/news/81-6-of-xrp-supply-is-in-profit-but-traders-in-korea-are-turning-bearish-here-is-why,0.230235,https://cointelegraph.com/news/81-6-of-xrp-supply-is-in-profit-but-traders-in-korea-are-turning-bearish-here-is-why,"81.6% of XRP supply is in profit, but traders in Korea are turning bearish - Here is why",Biraajmaan Tamuly,https://s3.cointelegraph.com/uploads/2025-04/019616ba-56a7-7062-abc4-ceafd3acd05d,cointelegraph.com,"Blockchain,Financial Markets",0.150927,Somewhat-Bullish,"[{""ticker"": ""CRYPTO:BTC"", ""relevance_score"": ""0.230235"", ""ticker_sentiment_score"": ""0.343053"", ""ticker_sentiment_label"": ""Somewhat-Bullish""}, {""ticker"": ""CRYPTO:ETH"", ""relevance_score"": ""0.230235"", ""ticker_sentiment_score"": ""0.343053"", ""ticker_sentiment_label"": ""Somewhat-Bullish""}]"
2025-04-10,"Cosmos, a blockchain network aiming to become the ""internet of blockchains,"" has launched Eureka, an interoperability layer designed to link its inter-blockchain communication ( IBC ) protocol with Ethereum.According to an April 10 announcement, Eureka has expanded the Cosmos IBC protocol, ...",Cointelegraph,https://cointelegraph.com/news/cosmos-introduces-ibc-eureka-ethereum-compatibility-layer,0.533842,https://cointelegraph.com/news/cosmos-introduces-ibc-eureka-ethereum-compatibility-layer,Cosmos launches Eureka to connect Ethereum and IBC networks,Adrian Zmudzinski,https://s3.cointelegraph.com/uploads/2025-04/01961f9e-4528-7cbc-ad43-d89ceef04c6c,cointelegraph.com,Blockchain,0.131633,Neutral,"[{""ticker"": ""CRYPTO:BTC"", ""relevance_score"": ""0.28442"", ""ticker_sentiment_score"": ""0.0"", ""ticker_sentiment_label"": ""Neutral""}, {""ticker"": ""CRYPTO:ETH"", ""relevance_score"": ""0.533842"", ""ticker_sentiment_score"": ""0.232763"", ""ticker_sentiment_label"": ""Somewhat-Bullish""}, {""ticker"": ""CRYPTO:USDT"", ""relevance_score"": ""0.096671"", ""ticker_sentiment_score"": ""0.0"", ""ticker_sentiment_label"": ""Neutral""}, {""ticker"": ""CRYPTO:WBTC"", ""relevance_score"": ""0.191929"", ""ticker_sentiment_score"": ""0.0"", ""ticker_sentiment_label"": ""Neutral""}]"
2025-04-10,"Digital asset manager 21Shares has filed with the US Securities and Exchange Commission to launch a spot Dogecoin exchange-traded fund, following similar filings from rivals Bitwise and Grayscale.The 21Shares Dogecoin ETF would seek to track the price of the memecoin Dogecoin ( DOGE ) , ...",Cointelegraph,https://cointelegraph.com/news/21shares-files-spot-dogecoin-etf-us-follows-bitwise-grayscale,0.18967,https://cointelegraph.com/news/21shares-files-spot-dogecoin-etf-us-follows-bitwise-grayscale,21Shares files for spot Dogecoin ETF in the US,Brayden Lindrea,https://s3.cointelegraph.com/uploads/2025-04/01961ce5-4c3b-7da5-9d8e-08719b5da67c,cointelegraph.com,"Finance,Blockchain,Financial Markets",0.199303,Somewhat-Bullish,"[{""ticker"": ""COIN"", ""relevance_score"": ""0.095517"", ""ticker_sentiment_score"": ""0.0"", ""ticker_sentiment_label"": ""Neutral""}, {""ticker"": ""CRYPTO:BTC"", ""relevance_score"": ""0.281153"", ""ticker_sentiment_score"": ""0.33403"", ""ticker_sentiment_label"": ""Somewhat-Bullish""}, {""ticker"": ""CRYPTO:ETH"", ""relevance_score"": ""0.18967"", ""ticker_sentiment_score"": ""0.12476"", ""ticker_sentiment_label"": ""Neutral""}, {""ticker"": ""CRYPTO:DOGE"", ""relevance_score"": ""0.928139"", ""ticker_sentiment_score"": ""0.3631"", ""ticker_sentiment_label"": ""Bullish""}]"
2025-04-10,"Leading coins maintained positive momentum Wednesday overnight after pro-cryptocurrency Paul Atkins was confirmed as SEC Chairman. What Happened: Bitcoin soared beyond $82,000, while Ethereum topped $1,600, spurring gains in the broader market and erasing some losses from last week's 'Liberation ...",Benzinga,https://www.benzinga.com/trading-ideas/movers/25/04/44726597/bitcoin-ethereum-dogecoin-surge-amid-trump-tariff-pause-paul-atkins-sec-confirmation-analyst,0.142144,https://www.benzinga.com/trading-ideas/movers/25/04/44726597/bitcoin-ethereum-dogecoin-surge-amid-trump-tariff-pause-paul-atkins-sec-confirmation-analyst,"Bitcoin, Ethereum, Dogecoin Surge Amid Trump Tariff Pause, Paul Atkins SEC Confirmation: Analyst Anticipates BTC's Continued March To $87,000 - Grayscale Bitcoin Mini Trust  ( BTC )  Common units of fractional undivided beneficial interest  ( ARCA:BTC ) ",Aniket Verma,https://cdn.benzinga.com/files/images/story/2025/04/09/Cryptocurrency-Photo-by-SvetlanaParnikov_0.jpeg?width=1200&height=800&fit=crop,www.benzinga.com,"Blockchain,Financial Markets",0.238864,Somewhat-Bullish,"[{""ticker"": ""CRYPTO:BTC"", ""relevance_score"": ""0.345674"", ""ticker_sentiment_score"": ""0.127167"", ""ticker_sentiment_label"": ""Neutral""}, {""ticker"": ""CRYPTO:ETH"", ""relevance_score"": ""0.142144"", ""ticker_sentiment_score"": ""0.145534"", ""ticker_sentiment_label"": ""Neutral""}]"
2025-04-10,"A wave of green swept across the meme coin market on Wednesday as President Donald Trump's 90-day reciprocal tariff pause sent top tokens in the sector soaring. What happened: Solana SOL/USD-based Fartcoin spearheaded the rally, pumping over 40% in the last 24 hours.",Benzinga,https://www.benzinga.com/25/04/44727195/dogecoin-shiba-inu-power-10-after-trump-pauses-tariffs-but-the-real-star-is,0.277433,https://www.benzinga.com/25/04/44727195/dogecoin-shiba-inu-power-10-after-trump-pauses-tariffs-but-the-real-star-is,"Dogecoin, Shiba Inu Power 10% After Trump Pauses Tariffs But This Meme Coin Is The Real Winner Today - Emeren Group  ( NYSE:SOL ) ",Aniket Verma,https://cdn.benzinga.com/files/images/story/2025/04/10/Cryptocurrency-Photo-by-CMP-NZ-on-Shutte.jpeg?width=1200&height=800&fit=crop,www.benzinga.com,"Blockchain,Financial Markets",0.239792,Somewhat-Bullish,"[{""ticker"": ""CRYPTO:ETH"", ""relevance_score"": ""0.277433"", ""ticker_sentiment_score"": ""0.188083"", ""ticker_sentiment_label"": ""Somewhat-Bullish""}, {""ticker"": ""CRYPTO:SHIB"", ""relevance_score"": ""0.277433"", ""ticker_sentiment_score"": ""0.188083"", ""ticker_sentiment_label"": ""Somewhat-Bullish""}, {""ticker"": ""CRYPTO:DOGE"", ""relevance_score"": ""0.277433"", ""ticker_sentiment_score"": ""0.188083"", ""ticker_sentiment_label"": ""Somewhat-Bullish""}]"
2025-04-10,"The Crypto Fear & Greed Index shifted to ""Fear"" after the tariff pause announcement. It had been at ""Extreme Fear"" most of the past month.",Decrypt.co,https://decrypt.co/314304/ethereum-price-climbs-tariff-u-turn-inflation-report,0.496597,https://decrypt.co/314304/ethereum-price-climbs-tariff-u-turn-inflation-report,Ethereum Price Climbs Following Tariff U-Turn and Better Than Expected Inflation Report,Will McCurdy,https://cdn.decrypt.co/resize/1024/height/512/wp-content/uploads/2024/06/Ethereum-Up_leksiv_shutterstock_1030451626-gID_7.jpg,decrypt.co,"Economy - Monetary,Blockchain,Financial Markets",0.081127,Neutral,"[{""ticker"": ""CRYPTO:BTC"", ""relevance_score"": ""0.684485"", ""ticker_sentiment_score"": ""0.319062"", ""ticker_sentiment_label"": ""Somewhat-Bullish""}, {""ticker"": ""CRYPTO:ETH"", ""relevance_score"": ""0.496597"", ""ticker_sentiment_score"": ""0.12045"", ""ticker_sentiment_label"": ""Neutral""}, {""ticker"": ""CRYPTO:DOGE"", ""relevance_score"": ""0.088799"", ""ticker_sentiment_score"": ""0.122086"", ""ticker_sentiment_label"": ""Neutral""}]"
2025-04-10,"Bybit's market share has rebounded to pre-hack levels following a $1.4 billion exploit in February, as the crypto exchange implements tighter security and improves liquidity options for retail traders.The crypto industry was rocked by its largest hack in history on Feb. 21 when Bybit lost over ...",Cointelegraph,https://cointelegraph.com/news/bybit-market-share-rebounds-7-1-4-b-hack,0.254751,https://cointelegraph.com/news/bybit-market-share-rebounds-7-1-4-b-hack,Bybit recovers market share to 7% after $1.4B hack,Zoltan Vardai,https://s3.cointelegraph.com/uploads/2025-04/01961ebe-0f01-7ea6-81b8-ad168038018e,cointelegraph.com,"Blockchain,Financial Markets",-0.157863,Somewhat-Bearish,"[{""ticker"": ""CRYPTO:ETH"", ""relevance_score"": ""0.254751"", ""ticker_sentiment_score"": ""-0.188584"", ""ticker_sentiment_label"": ""Somewhat-Bearish""}, {""ticker"": ""CRYPTO:RUNE"", ""relevance_score"": ""0.171485"", ""ticker_sentiment_score"": ""-0.207522"", ""ticker_sentiment_label"": ""Somewhat-Bearish""}]"
2025-04-10,"SINGAPORE, April 10, 2025 ( GLOBE NEWSWIRE ) -- As a leading global digital asset trading platform, HTX provides a secure and efficient trading environment, notably through its XAUT/USDT trading pair.",Benzinga,https://www.benzinga.com/pressreleases/25/04/g44729456/from-gold-to-crypto-the-rise-of-tokenized-gold-and-rwa-assets-amid-market-uncertainty,0.043738,https://www.benzinga.com/pressreleases/25/04/g44729456/from-gold-to-crypto-the-rise-of-tokenized-gold-and-rwa-assets-amid-market-uncertainty,From Gold to Crypto: The Rise of Tokenized Gold and RWA Assets Amid Market Uncertainty,Globe Newswire,https://ml.globenewswire.com/Resource/Download/d9fce5e9-5ac3-4386-afe7-52aeec60a61f/photo-2025-04-10-13-50-52.jpeg,www.benzinga.com,"Economy - Monetary,Blockchain,Financial Markets",0.347301,Somewhat-Bullish,"[{""ticker"": ""FOREX:USD"", ""relevance_score"": ""0.043738"", ""ticker_sentiment_score"": ""0.319571"", ""ticker_sentiment_label"": ""Somewhat-Bullish""}, {""ticker"": ""CRYPTO:BTC"", ""relevance_score"": ""0.043738"", ""ticker_sentiment_score"": ""-0.045974"", ""ticker_sentiment_label"": ""Neutral""}, {""ticker"": ""CRYPTO:ETH"", ""relevance_score"": ""0.043738"", ""ticker_sentiment_score"": ""-0.045974"", ""ticker_sentiment_label"": ""Neutral""}, {""ticker"": ""CRYPTO:USDT"", ""relevance_score"": ""0.043738"", ""ticker_sentiment_score"": ""0.159642"", ""ticker_sentiment_label"": ""Somewhat-Bullish""}]"
2025-04-10,"With financial markets wobbling amid the economic disruptions that are anticipated due to new tariffs, the possibility of a bear market in crypto is decisively on the table. If a bear market does happen, it could be a great opportunity to load up on quality crypto assets for pennies on the ...",Motley Fool,https://www.fool.com/investing/2025/04/10/is-ethereum-a-dirt-cheap-bear-market-buy/,0.438836,https://www.fool.com/investing/2025/04/10/is-ethereum-a-dirt-cheap-bear-market-buy/,Is Ethereum a Dirt Cheap Bear Market Buy?,Alex Carchidi,https://g.foolcdn.com/editorial/images/814115/pensive-investor-considers-computer.jpg,www.fool.com,"Blockchain,Financial Markets",-0.029667,Neutral,"[{""ticker"": ""FOREX:USD"", ""relevance_score"": ""0.057907"", ""ticker_sentiment_score"": ""-0.089617"", ""ticker_sentiment_label"": ""Neutral""}, {""ticker"": ""CRYPTO:ETH"", ""relevance_score"": ""0.438836"", ""ticker_sentiment_score"": ""-0.090464"", ""ticker_sentiment_label"": ""Neutral""}, {""ticker"": ""CRYPTO:ADA"", ""relevance_score"": ""0.057907"", ""ticker_sentiment_score"": ""-0.1094"", ""ticker_sentiment_label"": ""Neutral""}]"
2025-04-10,"Ether's ( ETH ) most recent sell-off saw it lose the crucial $1,500 support level, and a number of technical indicators suggest that ETH may witness a deeper correction before embarking on a sustained recovery.Data shows Ether's price dropped below its realized price - an onchain metric that ...",Cointelegraph,https://cointelegraph.com/news/3-reasons-why-ethereum-price-keeps-falling,0.684999,https://cointelegraph.com/news/3-reasons-why-ethereum-price-keeps-falling,3 reasons why Ethereum price keeps falling,Nancy Lubale,https://s3.cointelegraph.com/uploads/2025-04/019619d1-342b-7724-a03a-638b87195061,cointelegraph.com,"Blockchain,Financial Markets",-0.061412,Neutral,"[{""ticker"": ""CRYPTO:ETH"", ""relevance_score"": ""0.684999"", ""ticker_sentiment_score"": ""-0.151111"", ""ticker_sentiment_label"": ""Somewhat-Bearish""}]"
2025-04-10,"What is GHIBLI memecoin? Ghiblification ( GHIBLI ) is a memecoin built on the Solana blockchain. It draws inspiration from the Ghibli-styled ChatGPT-generated images, which are influenced by the aesthetic work of Studio Ghibli, a Japanese animation studio. The token gained viral traction shortly ...",Cointelegraph,https://cointelegraph.com/explained/what-are-ghibli-memecoins-and-why-are-they-gaining-popularity-on-solana,0.030641,https://cointelegraph.com/explained/what-are-ghibli-memecoins-and-why-are-they-gaining-popularity-on-solana,Cointelegraph Bitcoin & Ethereum Blockchain News,,https://s3.cointelegraph.com/storage/uploads/view/5dd72f2e8bb2673ae873e59b06c7ab22.jpg,cointelegraph.com,"Technology,Blockchain,Financial Markets",0.266039,Somewhat-Bullish,"[{""ticker"": ""GOOG"", ""relevance_score"": ""0.030641"", ""ticker_sentiment_score"": ""0.106949"", ""ticker_sentiment_label"": ""Neutral""}, {""ticker"": ""TRMNF"", ""relevance_score"": ""0.030641"", ""ticker_sentiment_score"": ""0.115359"", ""ticker_sentiment_label"": ""Neutral""}, {""ticker"": ""SMWB"", ""relevance_score"": ""0.030641"", ""ticker_sentiment_score"": ""0.115359"", ""ticker_sentiment_label"": ""Neutral""}, {""ticker"": ""CRYPTO:ETH"", ""relevance_score"": ""0.030641"", ""ticker_sentiment_score"": ""0.056563"", ""ticker_sentiment_label"": ""Neutral""}, {""ticker"": ""CRYPTO:DOGE"", ""relevance_score"": ""0.091743"", ""ticker_sentiment_score"": ""0.177889"", ""ticker_sentiment_label"": ""Somewhat-Bullish""}, {""ticker"": ""CRYPTO:USDT"", ""relevance_score"": ""0.030641"", ""ticker_sentiment_score"": ""0.106949"", ""ticker_sentiment_label"": ""Neutral""}]"
2025-04-10,"Key takeawaysAI tools like ChatGPT can help both experienced and new crypto investors track portfolios with ease, freeing up time for other investment activities and making the process more accessible.Defining specific requirements, such as which cryptocurrencies to track and the desired data ...",Cointelegraph,https://cointelegraph.com/news/how-to-build-a-personalized-crypto-portfolio-tracker-using-chat-gpt,0.059194,https://cointelegraph.com/news/how-to-build-a-personalized-crypto-portfolio-tracker-using-chat-gpt,How to build a personalized crypto portfolio tracker using ChatGPT,Jules Winnfield,https://s3.cointelegraph.com/uploads/2025-04/01961f76-25f9-73ff-a0ff-63305fb32722,cointelegraph.com,"Financial Markets,Mergers & Acquisitions,Real Estate & Construction,Blockchain",0.27716,Somewhat-Bullish,"[{""ticker"": ""APG"", ""relevance_score"": ""0.233556"", ""ticker_sentiment_score"": ""0.040956"", ""ticker_sentiment_label"": ""Neutral""}, {""ticker"": ""CRYPTO:BTC"", ""relevance_score"": ""0.08869"", ""ticker_sentiment_score"": ""0.022658"", ""ticker_sentiment_label"": ""Neutral""}, {""ticker"": ""CRYPTO:ETH"", ""relevance_score"": ""0.059194"", ""ticker_sentiment_score"": ""0.032989"", ""ticker_sentiment_label"": ""Neutral""}, {""ticker"": ""CRYPTO:XRP"", ""relevance_score"": ""0.059194"", ""ticker_sentiment_score"": ""0.032989"", ""ticker_sentiment_label"": ""Neutral""}]"
2025-04-10,"Zug, Switzerland, April 10, 2025 ( GLOBE NEWSWIRE ) -- Spirit Digital AG ( ""Spirit"" ) , a wholly owned subsidiary of Spirit Blockchain Capital Inc. ( CSE:SPIR / OTC:SPBCF / FRA:RTFB ) , helping advance digital asset finance through thoughtful innovation, is pleased to announce that its first ...",GlobeNewswire,https://www.globenewswire.com/news-release/2025/04/10/3059216/0/en/Spirit-Digital-AG-Confirms-Ticker-Listings-for-Ethereum-and-Solana-Yield-ETPs-on-SIX-and-Deutsche-B%C3%B6rse.html,0.103778,https://www.globenewswire.com/news-release/2025/04/10/3059216/0/en/Spirit-Digital-AG-Confirms-Ticker-Listings-for-Ethereum-and-Solana-Yield-ETPs-on-SIX-and-Deutsche-B%C3%B6rse.html,Spirit Digital AG Confirms Ticker Listings for Ethereum and Solana Yield+ ETPs on SIX and Deutsche Börse,Spirit Blockchain Capital Inc.,https://ml.globenewswire.com/Resource/Download/baba3902-4b8e-441a-9a72-9a933a429190,www.globenewswire.com,"Blockchain,Financial Markets",0.226287,Somewhat-Bullish,"[{""ticker"": ""CRYPTO:ETH"", ""relevance_score"": ""0.103778"", ""ticker_sentiment_score"": ""0.246363"", ""ticker_sentiment_label"": ""Somewhat-Bullish""}]"
2025-04-10,"On-chain data reveals Arthur Hayes has built a $500 million fortune in six years through savvy trades and sharp macro predictions. He's currently accumulating Bitcoin, confident it will rise alongside gold as both decouple from traditional markets. Pelosi's latest AI pick skyrocketed 169% in ...",Benzinga,https://www.benzinga.com/markets/cryptocurrency/25/04/44732651/how-arthur-hayes-turned-0-into-500-million-in-6-years-and-predicted-bitcoins-dump-to-76000,0.160633,https://www.benzinga.com/markets/cryptocurrency/25/04/44732651/how-arthur-hayes-turned-0-into-500-million-in-6-years-and-predicted-bitcoins-dump-to-76000,"How Arthur Hayes Turned $0 Into $500 Million In 6 Years And Predicted Bitcoin's Dump To $76,000",Khyathi Dalal,https://cdn.benzinga.com/files/images/story/2025/04/10/Cryptocurrency-Photo-by-CMP-NZ-on-Shutte_2.jpeg?width=1200&height=800&fit=crop,www.benzinga.com,"Economy - Monetary,Financial Markets",0.223247,Somewhat-Bullish,"[{""ticker"": ""CRYPTO:BTC"", ""relevance_score"": ""0.582526"", ""ticker_sentiment_score"": ""0.176561"", ""ticker_sentiment_label"": ""Somewhat-Bullish""}, {""ticker"": ""CRYPTO:ETH"", ""relevance_score"": ""0.160633"", ""ticker_sentiment_score"": ""-0.149855"", ""ticker_sentiment_label"": ""Neutral""}]"
2025-04-10,"U.S. President Donald Trump's tariffs may make inflation harder to tame, the Federal Reserve has noted.",Decrypt.co,https://decrypt.co/314293/bitcoin-ethereum-inflation-drops-march,0.079921,https://decrypt.co/314293/bitcoin-ethereum-inflation-drops-march,"Bitcoin, Ethereum Rise as Inflation Drops Sharply in March",André Beganski,https://cdn.decrypt.co/resize/1024/height/512/wp-content/uploads/2023/01/prices-bitcoin-market-inflation-gID_7.jpeg,decrypt.co,"Economy - Monetary,Finance",-0.043861,Neutral,"[{""ticker"": ""BFC"", ""relevance_score"": ""0.079921"", ""ticker_sentiment_score"": ""-0.173487"", ""ticker_sentiment_label"": ""Somewhat-Bearish""}, {""ticker"": ""CRYPTO:BTC"", ""relevance_score"": ""0.159043"", ""ticker_sentiment_score"": ""0.088947"", ""ticker_sentiment_label"": ""Neutral""}, {""ticker"": ""CRYPTO:ETH"", ""relevance_score"": ""0.079921"", ""ticker_sentiment_score"": ""0.165038"", ""ticker_sentiment_label"": ""Somewhat-Bullish""}]"
2025-04-10,"American stock exchange Nasdaq has filed an application with the United States Securities and Exchange Commission ( SEC ) to list and trade shares of the VanEck Avalanche Trust, a proposed exchange-traded fund ( ETF ) designed to offer indirect exposure to the AVAX token.The filing, signed by ...",Cointelegraph,https://cointelegraph.com/news/nasdaq-avalanche-etf-listing-application,0.195025,https://cointelegraph.com/news/nasdaq-avalanche-etf-listing-application,Nasdaq files to list VanEck spot Avalanche ETF,Ezra Reguerra,https://s3.cointelegraph.com/uploads/2025-04/01961fe3-fb1c-7b3e-bbf1-f808846b1d4a,cointelegraph.com,"Blockchain,Financial Markets",0.159059,Somewhat-Bullish,"[{""ticker"": ""CRYPTO:BTC"", ""relevance_score"": ""0.195025"", ""ticker_sentiment_score"": ""0.0"", ""ticker_sentiment_label"": ""Neutral""}, {""ticker"": ""CRYPTO:ETH"", ""relevance_score"": ""0.195025"", ""ticker_sentiment_score"": ""0.0"", ""ticker_sentiment_label"": ""Neutral""}]"
2025-04-10,"VICTORIA, Seychelles, April 10, 2025 ( GLOBE NEWSWIRE ) -- MEXC, a leading global cryptocurrency exchange, is thrilled to announce the KernelDAO ( $KERNEL ) listing on April 14, 2025 ( UTC ) . This strategic addition reinforces MEXC's commitment to providing users with access to innovative and ...",Benzinga,https://www.benzinga.com/pressreleases/25/04/g44729871/mexc-to-list-kerneldao-kernel-with-a-135-000-usdt-prize-pool,0.048523,https://www.benzinga.com/pressreleases/25/04/g44729871/mexc-to-list-kerneldao-kernel-with-a-135-000-usdt-prize-pool,"MEXC to List KernelDAO  ( $KERNEL )  with a 135,000 USDT Prize Pool",Globe Newswire,https://ml.globenewswire.com/Resource/Download/e7155287-50bb-495e-ad08-f86d90de3215/photo-2025-04-10-15-09-10.jpeg,www.benzinga.com,"Blockchain,Financial Markets",0.377723,Bullish,"[{""ticker"": ""CRYPTO:ETH"", ""relevance_score"": ""0.048523"", ""ticker_sentiment_score"": ""0.288185"", ""ticker_sentiment_label"": ""Somewhat-Bullish""}]"
2025-04-11,But BlackRock funds tracking the price of the two largest cryptocurrencies by market value still generated $3.1 billion in net inflows.,Decrypt.co,https://decrypt.co/314499/blackrock-crypto-asset-holdings-down-5-billion-bitcoin-ethereum-fall,0.406197,https://decrypt.co/314499/blackrock-crypto-asset-holdings-down-5-billion-bitcoin-ethereum-fall,"BlackRock Crypto Asset Holdings Down $5 Billion as Bitcoin, Ethereum Prices Fall",André Beganski,https://cdn.decrypt.co/resize/1024/height/512/wp-content/uploads/2024/05/blackrock-bitcoin-etf-ibit-btc-gID_7.jpg,decrypt.co,"Earnings,Finance,Financial Markets",0.160318,Somewhat-Bullish,"[{""ticker"": ""COIN"", ""relevance_score"": ""0.10607"", ""ticker_sentiment_score"": ""0.240387"", ""ticker_sentiment_label"": ""Somewhat-Bullish""}, {""ticker"": ""CRYPTO:BTC"", ""relevance_score"": ""0.495015"", ""ticker_sentiment_score"": ""0.108148"", ""ticker_sentiment_label"": ""Neutral""}, {""ticker"": ""CRYPTO:ETH"", ""relevance_score"": ""0.406197"", ""ticker_sentiment_score"": ""0.231735"", ""ticker_sentiment_label"": ""Somewhat-Bullish""}]"
2025-04-11,"Social news platform Digg is returning thanks to Kevin Rose and Alexis Ohanian, with plans for crypto wallets and AI agents ahead.",Decrypt.co,https://decrypt.co/314515/kevin-rose-digg-reboot-crypto-wallets,0.102888,https://decrypt.co/314515/kevin-rose-digg-reboot-crypto-wallets,"Kevin Rose's Digg Reboot Comes With Crypto Tools, Wallet Plans",Logan Hitchcock,https://img.decrypt.co/insecure/rs:fit:3840:0:0:0/plain/https://cdn.decrypt.co/wp-content/uploads/2025/04/Screenshot-2025-04-11-at-12.10.55 PM.png@webp,decrypt.co,Blockchain,0.148818,Neutral,"[{""ticker"": ""RDDT"", ""relevance_score"": ""0.102888"", ""ticker_sentiment_score"": ""0.097466"", ""ticker_sentiment_label"": ""Neutral""}, {""ticker"": ""CRYPTO:ETH"", ""relevance_score"": ""0.102888"", ""ticker_sentiment_score"": ""0.036439"", ""ticker_sentiment_label"": ""Neutral""}]"
2025-04-11,"In a significant win for decentralized finance ( DeFi ) protocols, US President Donald Trump overturned the Internal Revenue Service's DeFi broker rule, which would have expanded existing reporting requirements to include DeFi platforms.",Cointelegraph,https://cointelegraph.com/news/trump-kills-defi-broker-rule-major-crypto-win-finance-redefined,0.070002,https://cointelegraph.com/news/trump-kills-defi-broker-rule-major-crypto-win-finance-redefined,Trump kills DeFi broker rule in major crypto win: Finance Redefined,Zoltan Vardai,https://s3.cointelegraph.com/uploads/2025-04/019624fc-15c3-758d-ae63-be41fde597a6,cointelegraph.com,"Financial Markets,Earnings,Technology,Blockchain",0.021737,Neutral,"[{""ticker"": ""MSFT"", ""relevance_score"": ""0.035035"", ""ticker_sentiment_score"": ""0.028351"", ""ticker_sentiment_label"": ""Neutral""}, {""ticker"": ""GOOG"", ""relevance_score"": ""0.035035"", ""ticker_sentiment_score"": ""0.028351"", ""ticker_sentiment_label"": ""Neutral""}, {""ticker"": ""CRYPTO:BTC"", ""relevance_score"": ""0.207868"", ""ticker_sentiment_score"": ""0.110334"", ""ticker_sentiment_label"": ""Neutral""}, {""ticker"": ""CRYPTO:ETH"", ""relevance_score"": ""0.070002"", ""ticker_sentiment_score"": ""-0.103203"", ""ticker_sentiment_label"": ""Neutral""}, {""ticker"": ""CRYPTO:ADA"", ""relevance_score"": ""0.070002"", ""ticker_sentiment_score"": ""0.116547"", ""ticker_sentiment_label"": ""Neutral""}]"
2025-04-11,"Betting against Ether has been the best performing exchange traded fund ( ETF ) strategy so far in 2025, according to Bloomberg analyst Eric Balchunas.Two ETFs designed to take two-times leveraged short positions in Ether claimed ( ETH ) first and second place in a Bloomberg Intelligence ranking ...",Cointelegraph,https://cointelegraph.com/news/this-year-s-top-etf-strategy-shorting-ether-bloomberg-intelligence,0.835459,https://cointelegraph.com/news/this-year-s-top-etf-strategy-shorting-ether-bloomberg-intelligence,This year's top ETF strategy? Shorting Ether - Bloomberg Intelligence,Alex O’Donnell,https://s3.cointelegraph.com/uploads/2025-04/0196262d-f8fe-72bf-9eb7-f17ac0c823df,cointelegraph.com,"Blockchain,Financial Markets",0.021696,Neutral,"[{""ticker"": ""CRYPTO:ETH"", ""relevance_score"": ""0.835459"", ""ticker_sentiment_score"": ""0.122599"", ""ticker_sentiment_label"": ""Neutral""}]"
2025-04-11,"It has been all gas and no brakes for Fartcoin lately, with the Solana meme coin nearly doubling in price over the last week.",Decrypt.co,https://decrypt.co/314556/why-fartcoin-blasting-off-again,0.07446,https://decrypt.co/314556/why-fartcoin-blasting-off-again,Why Fartcoin Is Blasting Off Again Amid Crypto Market Chaos,Logan Hitchcock,https://cdn.decrypt.co/resize/1024/height/512/wp-content/uploads/2024/12/farts-gID_7.webp,decrypt.co,Blockchain,0.076193,Neutral,"[{""ticker"": ""CRYPTO:BTC"", ""relevance_score"": ""0.148273"", ""ticker_sentiment_score"": ""-0.044758"", ""ticker_sentiment_label"": ""Neutral""}, {""ticker"": ""CRYPTO:ETH"", ""relevance_score"": ""0.07446"", ""ticker_sentiment_score"": ""0.009201"", ""ticker_sentiment_label"": ""Neutral""}, {""ticker"": ""CRYPTO:UNI"", ""relevance_score"": ""0.07446"", ""ticker_sentiment_score"": ""0.147486"", ""ticker_sentiment_label"": ""Neutral""}]"
2025-04-11,"Robinhood and MARA Holdings mark weekly gains, Coinbase gets competition for its custody business, and weighing the upcoming GDP report.",Decrypt.co,https://decrypt.co/314544/public-keys-robinhood-hopes-coinbase-custody-btc-gdp,0.111488,https://decrypt.co/314544/public-keys-robinhood-hopes-coinbase-custody-btc-gdp,"Public Keys: High Hopes for HOOD, Custody Battle for Coinbase, and Analysts' Favorite Metric",Stacy Elliott,https://cdn.decrypt.co/resize/1024/height/512/wp-content/uploads/2024/07/robinhood-app-crypto-nyse-nyc-us-gID_7.jpg,decrypt.co,"Technology,Finance,Blockchain,IPO,Economy - Fiscal,Financial Markets,Earnings",0.086331,Neutral,"[{""ticker"": ""SPGI"", ""relevance_score"": ""0.037271"", ""ticker_sentiment_score"": ""0.098054"", ""ticker_sentiment_label"": ""Neutral""}, {""ticker"": ""BKKT"", ""relevance_score"": ""0.037271"", ""ticker_sentiment_score"": ""0.025424"", ""ticker_sentiment_label"": ""Neutral""}, {""ticker"": ""BSQKZ"", ""relevance_score"": ""0.037271"", ""ticker_sentiment_score"": ""0.025424"", ""ticker_sentiment_label"": ""Neutral""}, {""ticker"": ""COIN"", ""relevance_score"": ""0.111488"", ""ticker_sentiment_score"": ""0.031212"", ""ticker_sentiment_label"": ""Neutral""}, {""ticker"": ""MS"", ""relevance_score"": ""0.037271"", ""ticker_sentiment_score"": ""-0.062152"", ""ticker_sentiment_label"": ""Neutral""}, {""ticker"": ""CRYPTO:BTC"", ""relevance_score"": ""0.392761"", ""ticker_sentiment_score"": ""0.148983"", ""ticker_sentiment_label"": ""Neutral""}, {""ticker"": ""CRYPTO:ETH"", ""relevance_score"": ""0.111488"", ""ticker_sentiment_score"": ""0.189952"", ""ticker_sentiment_label"": ""Somewhat-Bullish""}]"
2025-04-11,"After launching Bitcoin and AI-themed ETF, Roundhill Investment aims to launch an ETF focused on companies developing humanoid robots.",Decrypt.co,https://decrypt.co/314567/roundhill-investment-wants-to-launch-an-etf-focused-on-humanoid-robots,0.083833,https://decrypt.co/314567/roundhill-investment-wants-to-launch-an-etf-focused-on-humanoid-robots,Roundhill Investment Wants to Launch an ETF Focused on Humanoid Robots,Jason Nelson,https://cdn.decrypt.co/resize/1024/height/512/wp-content/uploads/2024/11/Decrypt-Wallpaper-Format-1600-x-900-px-1-3-gID_7.png,decrypt.co,"Financial Markets,Manufacturing",0.099378,Neutral,"[{""ticker"": ""OPTGF"", ""relevance_score"": ""0.083833"", ""ticker_sentiment_score"": ""0.055175"", ""ticker_sentiment_label"": ""Neutral""}, {""ticker"": ""NVDA"", ""relevance_score"": ""0.083833"", ""ticker_sentiment_score"": ""0.148666"", ""ticker_sentiment_label"": ""Neutral""}, {""ticker"": ""TSLA"", ""relevance_score"": ""0.083833"", ""ticker_sentiment_score"": ""0.148666"", ""ticker_sentiment_label"": ""Neutral""}, {""ticker"": ""CRYPTO:BTC"", ""relevance_score"": ""0.083833"", ""ticker_sentiment_score"": ""0.093113"", ""ticker_sentiment_label"": ""Neutral""}, {""ticker"": ""CRYPTO:ETH"", ""relevance_score"": ""0.083833"", ""ticker_sentiment_score"": ""0.093113"", ""ticker_sentiment_label"": ""Neutral""}]"
2025-04-11,"Bitcoin ( BTC ) is showing strength as buyers have pushed the price above $82,500, but higher levels are likely to attract solid selling from the bears. CryptoQuant analysts said in a recent market report that Bitcoin could face resistance around $84,000, but if the level is surpassed, the next ...",Cointelegraph,https://cointelegraph.com/news/price-analysis-4-11-btc-eth-xrp-bnb-sol-doge-ada-leo-link-avax,0.101012,https://cointelegraph.com/news/price-analysis-4-11-btc-eth-xrp-bnb-sol-doge-ada-leo-link-avax,"Price analysis 4/11: BTC, ETH, XRP, BNB, SOL, DOGE, ADA, LEO, LINK, AVAX",Rakesh Upadhyay,https://s3.cointelegraph.com/uploads/2025-04/01962598-0178-7ab4-9fc8-c038632a0408,cointelegraph.com,"Blockchain,Financial Markets",-0.072864,Neutral,"[{""ticker"": ""CRYPTO:BTC"", ""relevance_score"": ""0.296662"", ""ticker_sentiment_score"": ""0.0"", ""ticker_sentiment_label"": ""Neutral""}, {""ticker"": ""CRYPTO:ETH"", ""relevance_score"": ""0.101012"", ""ticker_sentiment_score"": ""-0.194612"", ""ticker_sentiment_label"": ""Somewhat-Bearish""}, {""ticker"": ""CRYPTO:DOGE"", ""relevance_score"": ""0.101012"", ""ticker_sentiment_score"": ""0.005637"", ""ticker_sentiment_label"": ""Neutral""}, {""ticker"": ""CRYPTO:LINK"", ""relevance_score"": ""0.101012"", ""ticker_sentiment_score"": ""-0.020478"", ""ticker_sentiment_label"": ""Neutral""}, {""ticker"": ""CRYPTO:ADA"", ""relevance_score"": ""0.101012"", ""ticker_sentiment_score"": ""0.096577"", ""ticker_sentiment_label"": ""Neutral""}, {""ticker"": ""CRYPTO:LEO"", ""relevance_score"": ""0.101012"", ""ticker_sentiment_score"": ""-0.118517"", ""ticker_sentiment_label"": ""Neutral""}]"
2025-04-11,"On Monday, Bitcoin slipped as low as $74,700.",Decrypt.co,https://decrypt.co/314539/bitcoin-caps-rollercoaster-week-with-rise-toward-84k,0.090134,https://decrypt.co/314539/bitcoin-caps-rollercoaster-week-with-rise-toward-84k,Bitcoin Caps Rollercoaster Week Where It Began,André Beganski,https://cdn.decrypt.co/resize/1024/height/512/wp-content/uploads/2024/04/bitcoin-rollercoaster-guy-gID_7.jpg,decrypt.co,"Economy - Monetary,Blockchain",-0.060992,Neutral,"[{""ticker"": ""CRYPTO:BTC"", ""relevance_score"": ""0.349329"", ""ticker_sentiment_score"": ""-0.087201"", ""ticker_sentiment_label"": ""Neutral""}, {""ticker"": ""CRYPTO:ETH"", ""relevance_score"": ""0.090134"", ""ticker_sentiment_score"": ""0.119319"", ""ticker_sentiment_label"": ""Neutral""}]"
2025-04-11,Dogecoin ( CRYPTO: DOGE ) is one of the most popular meme coins today with a market cap of $24 billion. And that's after a sharp 50% drop year to date.Is now the time to load up on Dogecoin? There's one number I track regularly to gauge how attractive Dogecoin is for aggressive long-term ...,Motley Fool,https://www.fool.com/investing/2025/04/11/every-dogecoin-investor-number-2025-crypto/,0.112532,https://www.fool.com/investing/2025/04/11/every-dogecoin-investor-number-2025-crypto/,Every Dogecoin  ( DOGE )  Investor Should Keep an Eye on This Number in 2025,Ryan Vanzo,https://g.foolcdn.com/editorial/images/814065/viewing-charts-on-printouts-and-computer-screens-1332377628.jpg,www.fool.com,"Blockchain,Financial Markets",0.198492,Somewhat-Bullish,"[{""ticker"": ""CRYPTO:BTC"", ""relevance_score"": ""0.112532"", ""ticker_sentiment_score"": ""0.035008"", ""ticker_sentiment_label"": ""Neutral""}, {""ticker"": ""CRYPTO:ETH"", ""relevance_score"": ""0.112532"", ""ticker_sentiment_score"": ""0.035008"", ""ticker_sentiment_label"": ""Neutral""}, {""ticker"": ""CRYPTO:DOGE"", ""relevance_score"": ""0.797189"", ""ticker_sentiment_score"": ""0.37606"", ""ticker_sentiment_label"": ""Bullish""}]"
2025-04-11,"Are we finally reaching a point of stability in the market after an insanely volatile 10-day stretch? The crypto market seems to think so, with Bitcoin ( CRYPTO: BTC ) up 5.2% over the past 24 hours as of 1 p.m. ET, Ethereum ( CRYPTO: ETH ) up 4.6%, and Dogecoin ( CRYPTO: DOGE ) rising 5.3%.The ...",Motley Fool,https://www.fool.com/investing/2025/04/11/why-bitcoin-ethereum-and-dogecoin-rallied-on-frida/,0.172713,https://www.fool.com/investing/2025/04/11/why-bitcoin-ethereum-and-dogecoin-rallied-on-frida/,"Why Bitcoin, Ethereum, and Dogecoin Rallied on Friday",Travis Hoium,https://g.foolcdn.com/editorial/images/814581/cryptocurrency-tracking-on-phone.jpg,www.fool.com,"Economy - Monetary,Financial Markets,Earnings,Blockchain",-0.143727,Neutral,"[{""ticker"": ""FOREX:USD"", ""relevance_score"": ""0.08687"", ""ticker_sentiment_score"": ""-0.103204"", ""ticker_sentiment_label"": ""Neutral""}, {""ticker"": ""CRYPTO:BTC"", ""relevance_score"": ""0.172713"", ""ticker_sentiment_score"": ""-0.033447"", ""ticker_sentiment_label"": ""Neutral""}, {""ticker"": ""CRYPTO:ETH"", ""relevance_score"": ""0.172713"", ""ticker_sentiment_score"": ""-0.033447"", ""ticker_sentiment_label"": ""Neutral""}, {""ticker"": ""CRYPTO:DOGE"", ""relevance_score"": ""0.172713"", ""ticker_sentiment_score"": ""-0.033447"", ""ticker_sentiment_label"": ""Neutral""}]"
2025-04-11,"Ethereum co-founder Vitalik Buterin outlined an extensive plan to enhance the privacy of the network he helped create.In an April 11 roadmap, Buterin argued for incorporating privacy tools into Ether ( ETH ) wallets and implementing privacy-enhancing norms and features in the Ethereum ecosystem ...",Cointelegraph,https://cointelegraph.com/news/vitalik-buterin-unveils-roadmap-ethereum-privacy,0.553595,https://cointelegraph.com/news/vitalik-buterin-unveils-roadmap-ethereum-privacy,Vitalik Buterin unveils roadmap for Ethereum privacy,Adrian Zmudzinski,https://s3.cointelegraph.com/uploads/2025-04/019624f6-4bad-754f-9367-246ffe751c43,cointelegraph.com,Blockchain,0.207212,Somewhat-Bullish,"[{""ticker"": ""CRYPTO:ETH"", ""relevance_score"": ""0.553595"", ""ticker_sentiment_score"": ""0.200246"", ""ticker_sentiment_label"": ""Somewhat-Bullish""}]"
2025-04-11,"NEW YORK, April 11, 2025 ( GLOBE NEWSWIRE ) -- Founding Ethereum advisor and AI innovator Steven Nerayoff - inventor of the utility token and initial coin offering ( ICO ) - filed an explosive $9.6 billion lawsuit yesterday in the U.S.",Benzinga,https://www.benzinga.com/pressreleases/25/04/g44766285/ai-crypto-visionary-steven-nerayoff-files-9-6b-lawsuit-against-federal-government-rogue-fbi-agents,0.109455,https://www.benzinga.com/pressreleases/25/04/g44766285/ai-crypto-visionary-steven-nerayoff-files-9-6b-lawsuit-against-federal-government-rogue-fbi-agents,"AI & Crypto Visionary Steven Nerayoff Files $9.6B Lawsuit Against Federal Government, Rogue FBI Agents",Globe Newswire,https://www.benzinga.com/next-assets/images/schema-image-default.png,www.benzinga.com,Blockchain,0.014825,Neutral,"[{""ticker"": ""CRYPTO:ETH"", ""relevance_score"": ""0.109455"", ""ticker_sentiment_score"": ""-0.192034"", ""ticker_sentiment_label"": ""Somewhat-Bearish""}]"
2025-04-11,"Peter Schiff, a well-known economist, took to social media on Thursday to express his views on Bitcoin BTC/USD in the context of the current market conditions. He stated that while Bitcoin emerged from the 2008 financial crisis, the ongoing financial turmoil of 2025 could mark its end.",Benzinga,https://www.benzinga.com/25/04/44754349/bitcoins-final-crash-peter-schiff-predicts-2025-crisis-will-end-what-2008-created,0.217834,https://www.benzinga.com/25/04/44754349/bitcoins-final-crash-peter-schiff-predicts-2025-crisis-will-end-what-2008-created,Bitcoin's Final Crash? Peter Schiff Predicts 2025 Crisis Will End What 2008 Created,Shivdeep Dhaliwal,https://cdn.benzinga.com/files/images/story/2025/04/10/Bitcoin-Crash-Will-Hurt-Americans-Peter-.jpeg?width=1200&height=800&fit=crop,www.benzinga.com,"Blockchain,Financial Markets",-0.225601,Somewhat-Bearish,"[{""ticker"": ""CRYPTO:BTC"", ""relevance_score"": ""0.731269"", ""ticker_sentiment_score"": ""-0.548218"", ""ticker_sentiment_label"": ""Bearish""}, {""ticker"": ""CRYPTO:ETH"", ""relevance_score"": ""0.217834"", ""ticker_sentiment_score"": ""0.100548"", ""ticker_sentiment_label"": ""Neutral""}]"
2025-04-11,"SAN SALVADOR, El Salvador, April 11, 2025 ( GLOBE NEWSWIRE ) -- Bitget Wallet, a leading Web3 non-custodial wallet, has introduced the token contract risk detection feature to strengthen transaction security across its platform.",Benzinga,https://www.benzinga.com/pressreleases/25/04/g44754797/bitget-wallet-launches-contract-risk-detection-tool-to-strengthen-security,0.076358,https://www.benzinga.com/pressreleases/25/04/g44754797/bitget-wallet-launches-contract-risk-detection-tool-to-strengthen-security,Bitget Wallet Launches Contract Risk Detection Tool to Strengthen Security,Globe Newswire,https://ml-eu.globenewswire.com/Resource/Download/5e0577b2-31b5-4adc-9dbd-da552ed64f8e/image1.png,www.benzinga.com,"Technology,Financial Markets",0.207172,Somewhat-Bullish,"[{""ticker"": ""GOOG"", ""relevance_score"": ""0.076358"", ""ticker_sentiment_score"": ""-0.138709"", ""ticker_sentiment_label"": ""Neutral""}, {""ticker"": ""META"", ""relevance_score"": ""0.076358"", ""ticker_sentiment_score"": ""-0.138709"", ""ticker_sentiment_label"": ""Neutral""}, {""ticker"": ""CRYPTO:ETH"", ""relevance_score"": ""0.076358"", ""ticker_sentiment_score"": ""0.020846"", ""ticker_sentiment_label"": ""Neutral""}]"
2025-04-11,"A known maximal extractable value ( MEV ) white hat actor intercepted about $2.6 million in crypto assets stolen from Morpho Labs' decentralized finance ( DeFi ) protocol. On April 10, Morpho Labs implemented a front-end update on its Morpho Blue application.",Cointelegraph,https://cointelegraph.com/news/white-hat-intercepts-2-million-morpho-blue-hack,0.331765,https://cointelegraph.com/news/white-hat-intercepts-2-million-morpho-blue-hack,Ethical hacker intercepts $2.6M in Morpho Labs exploit,Ezra Reguerra,"https://images.cointelegraph.com/cdn-cgi/image/format=auto,onerror=redirect,quality=90,width=1200/https://s3.cointelegraph.com/uploads/2025-04/0196241d-96d5-7999-8f1b-feef71cdcbc0",cointelegraph.com,Blockchain,-0.093138,Neutral,"[{""ticker"": ""CRYPTO:ETH"", ""relevance_score"": ""0.331765"", ""ticker_sentiment_score"": ""-0.105839"", ""ticker_sentiment_label"": ""Neutral""}]"
2025-04-11,"An elderly crypto whale known as ""HEX 19"" lost nearly $4.5 million in a slow-moving hack that drained his staked HEX over multiple years. At first, it looked like a HEX whale was cashing out. But it wasn't long before the community realized he didn't voluntarily unstake his tokens - he had become ...",Cointelegraph,https://cointelegraph.com/news/hex-whale-hack-psychological-earthquake,0.035983,https://cointelegraph.com/news/hex-whale-hack-psychological-earthquake,"The whale, the hack and the psychological earthquake that hit HEX",Yohan Yun,https://s3.cointelegraph.com/uploads/2025-04/01962435-6a48-7d41-af5c-56a401e32511,cointelegraph.com,"Blockchain,Financial Markets",-0.160622,Somewhat-Bearish,"[{""ticker"": ""SNEJF"", ""relevance_score"": ""0.035983"", ""ticker_sentiment_score"": ""0.0"", ""ticker_sentiment_label"": ""Neutral""}, {""ticker"": ""CRYPTO:ETH"", ""relevance_score"": ""0.035983"", ""ticker_sentiment_score"": ""-0.059581"", ""ticker_sentiment_label"": ""Neutral""}, {""ticker"": ""CRYPTO:XCP"", ""relevance_score"": ""0.035983"", ""ticker_sentiment_score"": ""-0.201241"", ""ticker_sentiment_label"": ""Somewhat-Bearish""}]"
2025-04-11,"Genezys, an innovative platform at the intersection of Web3 and sports, has officially launched its $GNZ token-marking a significant milestone in its mission to transform how fans, athletes, and clubs interact within the decentralized sports ecosystem.",Benzinga,https://www.benzinga.com/pressreleases/25/04/g44756114/genezys-launches-gnz-token-shifting-the-tide-of-sports-engagement-in-web3,0.050148,https://www.benzinga.com/pressreleases/25/04/g44756114/genezys-launches-gnz-token-shifting-the-tide-of-sports-engagement-in-web3,"Genezys Launches $GNZ Token, Shifting the tide of Sports Engagement in Web3",Globe Newswire,https://ml.globenewswire.com/Resource/Download/dfc81f27-a22f-4fc4-a546-9ff085e614d9/photo-2025-04-11-12-47-06.jpeg,www.benzinga.com,"Blockchain,Financial Markets",0.493246,Bullish,"[{""ticker"": ""CRYPTO:ETH"", ""relevance_score"": ""0.050148"", ""ticker_sentiment_score"": ""0.259429"", ""ticker_sentiment_label"": ""Somewhat-Bullish""}]"
2025-04-11,"A New York lawmaker has introduced legislation that would allow state agencies to accept cryptocurrency payments, signaling growing political momentum for digital asset integration in public services.Assembly Bill A7788, introduced by Assemblyman Clyde Vanel, seeks to amend state financial law ...",Cointelegraph,https://cointelegraph.com/news/new-york-bill-legalize-bitcoin-crypto-payments,0.178459,https://cointelegraph.com/news/new-york-bill-legalize-bitcoin-crypto-payments,"New York bill proposes legalizing Bitcoin, crypto for state payments",Zoltan Vardai,https://s3.cointelegraph.com/uploads/2025-04/0196249a-2b1c-7f88-97d5-aa1f47426f71,cointelegraph.com,Blockchain,0.10985,Neutral,"[{""ticker"": ""CRYPTO:BTC"", ""relevance_score"": ""0.264897"", ""ticker_sentiment_score"": ""0.241891"", ""ticker_sentiment_label"": ""Somewhat-Bullish""}, {""ticker"": ""CRYPTO:ETH"", ""relevance_score"": ""0.178459"", ""ticker_sentiment_score"": ""0.17919"", ""ticker_sentiment_label"": ""Somewhat-Bullish""}, {""ticker"": ""CRYPTO:LTC"", ""relevance_score"": ""0.178459"", ""ticker_sentiment_score"": ""0.17919"", ""ticker_sentiment_label"": ""Somewhat-Bullish""}, {""ticker"": ""CRYPTO:BCH"", ""relevance_score"": ""0.178459"", ""ticker_sentiment_score"": ""0.17919"", ""ticker_sentiment_label"": ""Somewhat-Bullish""}, {""ticker"": ""CRYPTO:XRP"", ""relevance_score"": ""0.089797"", ""ticker_sentiment_score"": ""0.014616"", ""ticker_sentiment_label"": ""Neutral""}]"
2025-04-11,"ROBESONIA, Pa., April 11, 2025 ( GLOBE NEWSWIRE ) -- Blaqclouds, Inc. ( OTC: BCDS ) is proud to announce the official launch of its ZEUSxPay-powered bulk email marketing campaign, aimed at driving awareness and adoption of its growing ""With Crypto"" ecosystem, which includes live platforms like ...",GlobeNewswire,https://www.globenewswire.com/news-release/2025/04/11/3060095/0/en/Blaqclouds-Inc-Launches-ZEUSxPay-Bulk-Email-Marketing-Campaign-to-Promote-With-Crypto-Brand-Ecosystem.html,0.200688,https://www.globenewswire.com/news-release/2025/04/11/3060095/0/en/Blaqclouds-Inc-Launches-ZEUSxPay-Bulk-Email-Marketing-Campaign-to-Promote-With-Crypto-Brand-Ecosystem.html,"Blaqclouds, Inc. Launches ZEUSxPay Bulk Email Marketing Campaign to Promote ""With Crypto"" Brand Ecosystem",Blaqclouds Inc.,https://ml.globenewswire.com/Resource/Download/1a25f583-7e20-43ee-9344-9f6a2d43a5bf,www.globenewswire.com,"Blockchain,Financial Markets",0.24268,Somewhat-Bullish,"[{""ticker"": ""TKCM"", ""relevance_score"": ""0.067536"", ""ticker_sentiment_score"": ""0.19276"", ""ticker_sentiment_label"": ""Somewhat-Bullish""}, {""ticker"": ""BCDS"", ""relevance_score"": ""0.690822"", ""ticker_sentiment_score"": ""0.238428"", ""ticker_sentiment_label"": ""Somewhat-Bullish""}, {""ticker"": ""CRYPTO:ETH"", ""relevance_score"": ""0.200688"", ""ticker_sentiment_score"": ""0.147222"", ""ticker_sentiment_label"": ""Neutral""}]"
2025-04-11,"ROBESONIA, Pa., April 11, 2025 ( GLOBE NEWSWIRE ) -- Blaqclouds, Inc.",Benzinga,https://www.benzinga.com/pressreleases/25/04/g44760352/blaqclouds-inc-launches-zeusxpay-bulk-email-marketing-campaign-to-promote-with-crypto-brand-ecosys,0.227538,https://www.benzinga.com/pressreleases/25/04/g44760352/blaqclouds-inc-launches-zeusxpay-bulk-email-marketing-campaign-to-promote-with-crypto-brand-ecosys,"Blaqclouds, Inc. Launches ZEUSxPay Bulk Email Marketing Campaign to Promote ""With Crypto"" Brand Ecosystem - Blaqclouds  ( OTC:BCDS ) ",Globe Newswire,https://ml.globenewswire.com/media/1a25f583-7e20-43ee-9344-9f6a2d43a5bf/small/logo-1-png.png,www.benzinga.com,"Blockchain,Financial Markets",0.256168,Somewhat-Bullish,"[{""ticker"": ""TKCM"", ""relevance_score"": ""0.057628"", ""ticker_sentiment_score"": ""0.276032"", ""ticker_sentiment_label"": ""Somewhat-Bullish""}, {""ticker"": ""BCDS"", ""relevance_score"": ""0.652659"", ""ticker_sentiment_score"": ""0.225216"", ""ticker_sentiment_label"": ""Somewhat-Bullish""}, {""ticker"": ""CRYPTO:ETH"", ""relevance_score"": ""0.227538"", ""ticker_sentiment_score"": ""0.140911"", ""ticker_sentiment_label"": ""Neutral""}]"
2025-04-11,"Did Elon Musk Just Lower DOGE's $1 Trillion Savings Target To $150 Billion In A Second Revision Since Jan? Dogecoin Up 1%: Is This A 'Healthy Bottom'? Trump Signs Landmark Crypto Law, Repeals Biden-Era IRS Rule Targeting DeFi Platforms Bitcoin's Final Crash?",Benzinga,https://www.benzinga.com/markets/cryptocurrency/25/04/44762795/trump-signs-major-crypto-law-nixes-irs-rule-targeting-defi-china-imposes-125-tariffs-on-us,0.039548,https://www.benzinga.com/markets/cryptocurrency/25/04/44762795/trump-signs-major-crypto-law-nixes-irs-rule-targeting-defi-china-imposes-125-tariffs-on-us,"Trump Signs Major Crypto Law, Nixes IRS Rule Targeting DeFi; China Imposes 125% Tariffs On US Goods, Urges Policy Reversal; Pentagon Slashes $5.1 Billion In Consulting Contracts - Top Headlines While the U.S. Slept",Akanksha Bakshi,https://cdn.benzinga.com/files/images/story/2025/04/11/Cryptocurrency-Photo-by-SvetlanaParnikov.jpeg?width=1200&height=800&fit=crop,www.benzinga.com,"Technology,Finance,Blockchain,Economy - Monetary,Retail & Wholesale,Financial Markets,Manufacturing,Earnings,Real Estate & Construction",-0.094003,Neutral,"[{""ticker"": ""GOOG"", ""relevance_score"": ""0.039548"", ""ticker_sentiment_score"": ""-0.080956"", ""ticker_sentiment_label"": ""Neutral""}, {""ticker"": ""NVDA"", ""relevance_score"": ""0.039548"", ""ticker_sentiment_score"": ""-0.376452"", ""ticker_sentiment_label"": ""Bearish""}, {""ticker"": ""CRWD"", ""relevance_score"": ""0.039548"", ""ticker_sentiment_score"": ""0.220667"", ""ticker_sentiment_label"": ""Somewhat-Bullish""}, {""ticker"": ""NOC"", ""relevance_score"": ""0.039548"", ""ticker_sentiment_score"": ""0.118873"", ""ticker_sentiment_label"": ""Neutral""}, {""ticker"": ""TSLA"", ""relevance_score"": ""0.157227"", ""ticker_sentiment_score"": ""-0.239111"", ""ticker_sentiment_label"": ""Somewhat-Bearish""}, {""ticker"": ""WFC"", ""relevance_score"": ""0.039548"", ""ticker_sentiment_score"": ""-0.301888"", ""ticker_sentiment_label"": ""Somewhat-Bearish""}, {""ticker"": ""NKLA"", ""relevance_score"": ""0.079"", ""ticker_sentiment_score"": ""0.218685"", ""ticker_sentiment_label"": ""Somewhat-Bullish""}, {""ticker"": ""BAH"", ""relevance_score"": ""0.039548"", ""ticker_sentiment_score"": ""-0.197601"", ""ticker_sentiment_label"": ""Somewhat-Bearish""}, {""ticker"": ""ACN"", ""relevance_score"": ""0.039548"", ""ticker_sentiment_score"": ""-0.110594"", ""ticker_sentiment_label"": ""Neutral""}, {""ticker"": ""AMFL"", ""relevance_score"": ""0.039548"", ""ticker_sentiment_score"": ""-0.297085"", ""ticker_sentiment_label"": ""Somewhat-Bearish""}, {""ticker"": ""PANW"", ""relevance_score"": ""0.039548"", ""ticker_sentiment_score"": ""0.220667"", ""ticker_sentiment_label"": ""Somewhat-Bullish""}, {""ticker"": ""WMT"", ""relevance_score"": ""0.039548"", ""ticker_sentiment_score"": ""0.288818"", ""ticker_sentiment_label"": ""Somewhat-Bullish""}, {""ticker"": ""CRYPTO:BTC"", ""relevance_score"": ""0.039548"", ""ticker_sentiment_score"": ""0.058704"", ""ticker_sentiment_label"": ""Neutral""}, {""ticker"": ""CRYPTO:ETH"", ""relevance_score"": ""0.039548"", ""ticker_sentiment_score"": ""0.058704"", ""ticker_sentiment_label"": ""Neutral""}, {""ticker"": ""CRYPTO:DOGE"", ""relevance_score"": ""0.079"", ""ticker_sentiment_score"": ""0.119241"", ""ticker_sentiment_label"": ""Neutral""}]"
2025-04-11,"The cryptocurrency market cap dropped 2.80% in 24 hours to $2.54 trillion following President Donald Trump's sweeping tariff announcement, imposing a 145% duty on Chinese imports and a 10% universal tariff on most other goods.",Benzinga,https://www.benzinga.com/markets/cryptocurrency/25/04/44754189/bitcoin-ethereum-dogecoin-tumble-as-trump-ups-china-tariffs-scraps-irs-rule-in-nod-to-cryp,0.186259,https://www.benzinga.com/markets/cryptocurrency/25/04/44754189/bitcoin-ethereum-dogecoin-tumble-as-trump-ups-china-tariffs-scraps-irs-rule-in-nod-to-cryp,"Bitcoin, Ethereum, Dogecoin Tumble As Trump Ups China Tariffs, Scraps IRS Rule In Nod To Crypto Voters: Rising Yuan Could Boost Altcoins, Says Analyst - Grayscale Bitcoin Mini Trust  ( BTC )  Common units of fractional undivided beneficial interest  ( ARCA:BTC ) ",Kaustubh Bagalkote,https://cdn.benzinga.com/files/images/story/2025/04/10/Cryptocurrency-On-Binance-Trading-App--B_0.jpeg?width=1200&height=800&fit=crop,www.benzinga.com,"Economy - Monetary,Financial Markets,Earnings,Finance,Blockchain",0.057944,Neutral,"[{""ticker"": ""IVZ"", ""relevance_score"": ""0.062597"", ""ticker_sentiment_score"": ""0.084022"", ""ticker_sentiment_label"": ""Neutral""}, {""ticker"": ""WFC"", ""relevance_score"": ""0.062597"", ""ticker_sentiment_score"": ""-0.058187"", ""ticker_sentiment_label"": ""Neutral""}, {""ticker"": ""FOREX:CNY"", ""relevance_score"": ""0.124809"", ""ticker_sentiment_score"": ""0.201169"", ""ticker_sentiment_label"": ""Somewhat-Bullish""}, {""ticker"": ""FOREX:USD"", ""relevance_score"": ""0.062597"", ""ticker_sentiment_score"": ""0.016317"", ""ticker_sentiment_label"": ""Neutral""}, {""ticker"": ""CRYPTO:BTC"", ""relevance_score"": ""0.246582"", ""ticker_sentiment_score"": ""0.269241"", ""ticker_sentiment_label"": ""Somewhat-Bullish""}, {""ticker"": ""CRYPTO:ETH"", ""relevance_score"": ""0.186259"", ""ticker_sentiment_score"": ""0.18772"", ""ticker_sentiment_label"": ""Somewhat-Bullish""}, {""ticker"": ""CRYPTO:USDT"", ""relevance_score"": ""0.062597"", ""ticker_sentiment_score"": ""0.0"", ""ticker_sentiment_label"": ""Neutral""}]"
2025-04-12,"HONG KONG, April 12, 2025 ( GLOBE NEWSWIRE ) -- Infini, the innovative crypto payment and earning platform, is excited to announce the return of its highly anticipated feature, Infini Earn.",Benzinga,https://www.benzinga.com/pressreleases/25/04/g44777544/infini-revives-infini-earn-with-new-security-architecture-and-global-access,0.050679,https://www.benzinga.com/pressreleases/25/04/g44777544/infini-revives-infini-earn-with-new-security-architecture-and-global-access,Infini Revives Infini Earn with New Security Architecture and Global Access,Globe Newswire,https://ml.globenewswire.com/media/9bd03122-49ee-4ae8-83df-901d72cd98d3/small/photo-2025-02-14-14-56-09-png.png,www.benzinga.com,"Earnings,Blockchain,Financial Markets",0.531973,Bullish,"[{""ticker"": ""MA"", ""relevance_score"": ""0.101154"", ""ticker_sentiment_score"": ""0.192453"", ""ticker_sentiment_label"": ""Somewhat-Bullish""}, {""ticker"": ""CRYPTO:ETH"", ""relevance_score"": ""0.050679"", ""ticker_sentiment_score"": ""0.068"", ""ticker_sentiment_label"": ""Neutral""}]"
2025-04-12,Trump's policies should push more institutional investors to adopt Bitcoin.,Motley Fool,https://www.fool.com/investing/2025/04/12/president-donald-trump-just-instituted-2-key-polic/,0.068896,https://www.fool.com/investing/2025/04/12/president-donald-trump-just-instituted-2-key-polic/,President Donald Trump Just Instituted 2 Key Policies That Could Trigger Bitcoin's Next Bull Run,Adam Levy,https://g.foolcdn.com/image/?url=https%3A%2F%2Fg.foolcdn.com%2Feditorial%2Fimages%2F814315%2Fgetty-images-gold-coin-with-bitcoin-symbol-on-it-cryptocurrency-btc-2128x1409-3b482f4.jpeg&op=resize&w=700,www.fool.com,"Blockchain,Economy - Macro",0.12098,Neutral,"[{""ticker"": ""FOREX:USD"", ""relevance_score"": ""0.454945"", ""ticker_sentiment_score"": ""-0.089252"", ""ticker_sentiment_label"": ""Neutral""}, {""ticker"": ""CRYPTO:BTC"", ""relevance_score"": ""0.738953"", ""ticker_sentiment_score"": ""0.472147"", ""ticker_sentiment_label"": ""Bullish""}, {""ticker"": ""CRYPTO:ETH"", ""relevance_score"": ""0.068896"", ""ticker_sentiment_score"": ""0.155691"", ""ticker_sentiment_label"": ""Somewhat-Bullish""}, {""ticker"": ""CRYPTO:ADA"", ""relevance_score"": ""0.068896"", ""ticker_sentiment_score"": ""0.155691"", ""ticker_sentiment_label"": ""Somewhat-Bullish""}, {""ticker"": ""CRYPTO:XRP"", ""relevance_score"": ""0.068896"", ""ticker_sentiment_score"": ""0.155691"", ""ticker_sentiment_label"": ""Somewhat-Bullish""}]"
2025-04-12,"An investor has sold a CryptoPunk non-fungible token ( NFT ) at a nearly $10 million realized loss, reflecting the continued decline in the once-booming blue-chip NFT market.A whale, or large cryptocurrency investor, sold a CryptoPunk NFT for 4,000 Ether ( ETH ) worth more than $6 million at the ...",Cointelegraph,https://cointelegraph.com/news/whale-sells-6m-crypto-punk-9-7-m-loss-year-hodling,0.823417,https://cointelegraph.com/news/whale-sells-6m-crypto-punk-9-7-m-loss-year-hodling,NFT trader sells CryptoPunk after a year for nearly $10M loss,Zoltan Vardai,https://s3.cointelegraph.com/uploads/2025-04/019629ba-6596-7f45-87e5-906031bf3ec7,cointelegraph.com,"Blockchain,Financial Markets",-0.045102,Neutral,"[{""ticker"": ""CRYPTO:ETH"", ""relevance_score"": ""0.823417"", ""ticker_sentiment_score"": ""-0.140621"", ""ticker_sentiment_label"": ""Neutral""}]"
2025-04-12,"Economist and gold advocate Peter Schiff is back with sharp criticism of both Bitcoin and President Donald Trump's latest economic policies. On Monday, Schiff said the newly formed Strategic Bitcoin Reserve has already lost more than 12% of its value since it was created on March 6.",Benzinga,https://www.benzinga.com/news/25/04/44778849/peter-schiff-says-trumps-strategic-bitcoin-reserve-is-already-down-over-12-claims-if-wed-bought-gold-instead,0.050572,https://www.benzinga.com/news/25/04/44778849/peter-schiff-says-trumps-strategic-bitcoin-reserve-is-already-down-over-12-claims-if-wed-bought-gold-instead,"Peter Schiff Says Trump's Strategic Bitcoin Reserve Is Already Down 'Over 12%,' Claims If We'd Bought Gold Instead, We'd Be Up 2% Right Now",Adrian Volenik,https://cdn.benzinga.com/files/images/story/2025/04/12/Bitcoin-Crash-Will-Hurt-Americans-Peter-.jpeg?width=1200&height=800&fit=crop,www.benzinga.com,"Financial Markets,Manufacturing",0.058441,Neutral,"[{""ticker"": ""NKE"", ""relevance_score"": ""0.248851"", ""ticker_sentiment_score"": ""0.009362"", ""ticker_sentiment_label"": ""Neutral""}, {""ticker"": ""UBER"", ""relevance_score"": ""0.050572"", ""ticker_sentiment_score"": ""0.285579"", ""ticker_sentiment_label"": ""Somewhat-Bullish""}, {""ticker"": ""ABNB"", ""relevance_score"": ""0.050572"", ""ticker_sentiment_score"": ""0.285579"", ""ticker_sentiment_label"": ""Somewhat-Bullish""}, {""ticker"": ""CRYPTO:BTC"", ""relevance_score"": ""0.590358"", ""ticker_sentiment_score"": ""-0.075644"", ""ticker_sentiment_label"": ""Neutral""}, {""ticker"": ""CRYPTO:ETH"", ""relevance_score"": ""0.050572"", ""ticker_sentiment_score"": ""-0.047026"", ""ticker_sentiment_label"": ""Neutral""}]"
2025-04-13,Catch up on this week's biggest crypto and NFT gaming news and find some weekend reads in our latest roundup.,Decrypt.co,https://decrypt.co/314328/this-week-crypto-games-tokens-crash-eve-frontier,0.2827,https://decrypt.co/314328/this-week-crypto-games-tokens-crash-eve-frontier,"This Week in Crypto Games: Gaming Tokens Crash Out, Eve Frontier Opens Up",Andrew Hayward,https://cdn.decrypt.co/resize/1024/height/512/wp-content/uploads/2023/12/angry-gamer-shutterstock-gID_7.png,decrypt.co,"Economy - Monetary,Technology,Blockchain",0.161323,Somewhat-Bullish,"[{""ticker"": ""RBLX"", ""relevance_score"": ""0.041251"", ""ticker_sentiment_score"": ""0.055771"", ""ticker_sentiment_label"": ""Neutral""}, {""ticker"": ""SZCRF"", ""relevance_score"": ""0.041251"", ""ticker_sentiment_score"": ""0.055771"", ""ticker_sentiment_label"": ""Neutral""}, {""ticker"": ""CRYPTO:ETH"", ""relevance_score"": ""0.2827"", ""ticker_sentiment_score"": ""0.16256"", ""ticker_sentiment_label"": ""Somewhat-Bullish""}, {""ticker"": ""CRYPTO:BNB"", ""relevance_score"": ""0.041251"", ""ticker_sentiment_score"": ""0.055771"", ""ticker_sentiment_label"": ""Neutral""}]"
2025-04-13,"Strategy co-founder Michael Saylor has signaled that the company plans to acquire more Bitcoin ( BTC ) following a nearly two-week pause in purchases.The company's most recent acquisition of 22,048 Bitcoin on March 31 brought its total holdings to 528,185 BTC.According to SaylorTracker, ...",Cointelegraph,https://cointelegraph.com/news/saylor-strategy-buying-dip-amid-macroeconomic-turmoil,0.215894,https://cointelegraph.com/news/saylor-strategy-buying-dip-amid-macroeconomic-turmoil,Saylor signals Strategy is buying the dip amid macroeconomic turmoil,Vince Quill,https://s3.cointelegraph.com/uploads/2025-04/0196301d-cba2-73c7-8ab2-15a028561df1,cointelegraph.com,"Economy - Monetary,Blockchain,Financial Markets",0.109423,Neutral,"[{""ticker"": ""CRYPTO:BTC"", ""relevance_score"": ""0.925058"", ""ticker_sentiment_score"": ""0.259711"", ""ticker_sentiment_label"": ""Somewhat-Bullish""}, {""ticker"": ""CRYPTO:ETH"", ""relevance_score"": ""0.215894"", ""ticker_sentiment_score"": ""0.099989"", ""ticker_sentiment_label"": ""Neutral""}]"
2025-04-13,The Solana Policy Institute aims to reform DeFi's shadowy reputation and ensure the space remains forefront in the minds of policymakers.,Decrypt.co,https://decrypt.co/314566/why-solana-making-big-push-washington,0.03453,https://decrypt.co/314566/why-solana-making-big-push-washington,From the Crypto Trenches to the Hill: Why Solana Is Making a Big Push in Washington,Liz Napolitano,https://cdn.decrypt.co/resize/1024/height/512/wp-content/uploads/2024/12/solana-sol-gID_7.jpg,decrypt.co,"Finance,Blockchain",0.180933,Somewhat-Bullish,"[{""ticker"": ""CRCW"", ""relevance_score"": ""0.03453"", ""ticker_sentiment_score"": ""0.076786"", ""ticker_sentiment_label"": ""Neutral""}, {""ticker"": ""COIN"", ""relevance_score"": ""0.03453"", ""ticker_sentiment_score"": ""0.100906"", ""ticker_sentiment_label"": ""Neutral""}, {""ticker"": ""CRYPTO:ETH"", ""relevance_score"": ""0.03453"", ""ticker_sentiment_score"": ""0.009873"", ""ticker_sentiment_label"": ""Neutral""}]"
2025-04-13,Ethereum ( CRYPTO: ETH ) investors have had a wild ride so far this year. The price of this popular cryptocurrency has dropped by more than 50%. The sudden collapse has even spooked long-term investors.Should you be panicking or staying the course with Ethereum?,Motley Fool,https://www.fool.com/investing/2025/04/13/eth-ethereum-investor-should-keep-eye-crypto-2025/,0.854693,https://www.fool.com/investing/2025/04/13/eth-ethereum-investor-should-keep-eye-crypto-2025/,Every ETH  ( Ethereum )  Investor Should Keep an Eye on This Number in 2025,Ryan Vanzo,https://g.foolcdn.com/editorial/images/814062/ethereum-virtual-money-getty-71317-1200x800-5b2df79.jpg,www.fool.com,"Blockchain,Economy - Macro",0.184654,Somewhat-Bullish,"[{""ticker"": ""CRYPTO:ETH"", ""relevance_score"": ""0.854693"", ""ticker_sentiment_score"": ""0.305024"", ""ticker_sentiment_label"": ""Somewhat-Bullish""}]"
2025-04-13,"Gen Z is leading the charge in digital-first investing, favoring crypto, ETFs and alternative assets over traditional financial advice. Despite viewing crypto as risky, nearly 65% of Gen Z investors still plan to invest in it in 2025.",Benzinga,https://www.benzinga.com/personal-finance/financial-advisors/25/04/44779772/gen-z-and-crypto-how-younger-generations-are-weighing-risk-in-investing,0.073546,https://www.benzinga.com/personal-finance/financial-advisors/25/04/44779772/gen-z-and-crypto-how-younger-generations-are-weighing-risk-in-investing,Gen Z And Crypto: How Younger Generations Are Weighing Risk In Investing,Benzinga Advisor,https://cdn.benzinga.com/files/images/story/2025/04/13/Cryptocurrency-Photo-by-Avi-Rozen-on-Shu_0.jpeg?width=1200&height=800&fit=crop,www.benzinga.com,"Blockchain,Financial Markets",0.28386,Somewhat-Bullish,"[{""ticker"": ""YUGVF"", ""relevance_score"": ""0.073546"", ""ticker_sentiment_score"": ""0.068111"", ""ticker_sentiment_label"": ""Neutral""}, {""ticker"": ""CRYPTO:BTC"", ""relevance_score"": ""0.218161"", ""ticker_sentiment_score"": ""0.176569"", ""ticker_sentiment_label"": ""Somewhat-Bullish""}, {""ticker"": ""CRYPTO:ETH"", ""relevance_score"": ""0.073546"", ""ticker_sentiment_score"": ""0.133769"", ""ticker_sentiment_label"": ""Neutral""}]"
2025-04-14,"Trump Tariffs Have Put 'America Last' For Investors, Peter Schiff Warns Of A Financial Crisis Worse Than 2008 US Stocks Likely To Open Higher: Expert Says 'The Selling Pressure Is Starting To Be Exhausted' Dow Jumps Over 600 Points Following Strong Bank Earnings: Greed Index Remains In 'Extreme ...",Benzinga,https://www.benzinga.com/news/25/04/44792010/white-house-to-reveal-semiconductor-tariff-plan-this-week-michael-saylor-resumes-bitcoin-buying-after-brief-,0.068404,https://www.benzinga.com/news/25/04/44792010/white-house-to-reveal-semiconductor-tariff-plan-this-week-michael-saylor-resumes-bitcoin-buying-after-brief-,"White House To Reveal Semiconductor Tariff Plan This Week; Michael Saylor Resumes Bitcoin Buying After Brief Pause: 'No Tariffs On Orange Dots'; ConocoPhillips Vs. Occidental: Both Surge On Oil, But Only One Sets The Pace - Top Headlines While the U.S. Slept",Akanksha Bakshi,https://cdn.benzinga.com/files/images/story/2025/04/14/Import-Trade-Tariffs-Increase-Concept-Wi_0.jpeg?width=1200&height=800&fit=crop,www.benzinga.com,"Life Sciences,Energy & Transportation,Finance,Retail & Wholesale,Financial Markets,Manufacturing,Earnings",-0.056398,Neutral,"[{""ticker"": ""NVDA"", ""relevance_score"": ""0.102449"", ""ticker_sentiment_score"": ""-0.047715"", ""ticker_sentiment_label"": ""Neutral""}, {""ticker"": ""TSLA"", ""relevance_score"": ""0.068404"", ""ticker_sentiment_score"": ""0.0"", ""ticker_sentiment_label"": ""Neutral""}, {""ticker"": ""COP"", ""relevance_score"": ""0.034233"", ""ticker_sentiment_score"": ""0.0"", ""ticker_sentiment_label"": ""Neutral""}, {""ticker"": ""DNA"", ""relevance_score"": ""0.034233"", ""ticker_sentiment_score"": ""0.0"", ""ticker_sentiment_label"": ""Neutral""}, {""ticker"": ""CAKE"", ""relevance_score"": ""0.034233"", ""ticker_sentiment_score"": ""0.0"", ""ticker_sentiment_label"": ""Neutral""}, {""ticker"": ""NEM"", ""relevance_score"": ""0.034233"", ""ticker_sentiment_score"": ""0.043695"", ""ticker_sentiment_label"": ""Neutral""}, {""ticker"": ""RIVN"", ""relevance_score"": ""0.034233"", ""ticker_sentiment_score"": ""0.0"", ""ticker_sentiment_label"": ""Neutral""}, {""ticker"": ""GS"", ""relevance_score"": ""0.068404"", ""ticker_sentiment_score"": ""0.124439"", ""ticker_sentiment_label"": ""Neutral""}, {""ticker"": ""TSM"", ""relevance_score"": ""0.034233"", ""ticker_sentiment_score"": ""0.234531"", ""ticker_sentiment_label"": ""Somewhat-Bullish""}, {""ticker"": ""CRYPTO:BTC"", ""relevance_score"": ""0.268663"", ""ticker_sentiment_score"": ""-0.175561"", ""ticker_sentiment_label"": ""Somewhat-Bearish""}, {""ticker"": ""CRYPTO:ETH"", ""relevance_score"": ""0.068404"", ""ticker_sentiment_score"": ""-0.065171"", ""ticker_sentiment_label"": ""Neutral""}, {""ticker"": ""CRYPTO:DOGE"", ""relevance_score"": ""0.102449"", ""ticker_sentiment_score"": ""0.039451"", ""ticker_sentiment_label"": ""Neutral""}, {""ticker"": ""CRYPTO:ADA"", ""relevance_score"": ""0.034233"", ""ticker_sentiment_score"": ""-0.130905"", ""ticker_sentiment_label"": ""Neutral""}]"
2025-04-14,"South Korea is expanding a ban on digital asset firms' applications servicing its citizens. On April 11, the country's Financial Services Commission ( FSC ) announced that 14 crypto exchanges were blocked on the Apple store.",Cointelegraph,https://cointelegraph.com/news/south-korea-blocked-14-crypto-exchange-apple-apps-report,0.203215,https://cointelegraph.com/news/south-korea-blocked-14-crypto-exchange-apple-apps-report,South Korea blocks 14 crypto exchanges on Apple Store - Report,Christopher Tepedino,https://s3.cointelegraph.com/uploads/2025-04/019635eb-3ae0-7150-b764-d43a467d81cf,cointelegraph.com,"Technology,Blockchain",-0.093464,Neutral,"[{""ticker"": ""GOOG"", ""relevance_score"": ""0.203215"", ""ticker_sentiment_score"": ""-0.121704"", ""ticker_sentiment_label"": ""Neutral""}, {""ticker"": ""CRYPTO:BTC"", ""relevance_score"": ""0.203215"", ""ticker_sentiment_score"": ""0.192291"", ""ticker_sentiment_label"": ""Somewhat-Bullish""}, {""ticker"": ""CRYPTO:ETH"", ""relevance_score"": ""0.203215"", ""ticker_sentiment_score"": ""0.192291"", ""ticker_sentiment_label"": ""Somewhat-Bullish""}, {""ticker"": ""CRYPTO:DOGE"", ""relevance_score"": ""0.203215"", ""ticker_sentiment_score"": ""0.192291"", ""ticker_sentiment_label"": ""Somewhat-Bullish""}, {""ticker"": ""CRYPTO:KCS"", ""relevance_score"": ""0.203215"", ""ticker_sentiment_score"": ""-0.152835"", ""ticker_sentiment_label"": ""Somewhat-Bearish""}, {""ticker"": ""CRYPTO:XRP"", ""relevance_score"": ""0.203215"", ""ticker_sentiment_score"": ""0.192291"", ""ticker_sentiment_label"": ""Somewhat-Bullish""}]"
2025-04-14,"Spot Solana exchange-traded funds ( ETFs ) are set to launch in Canada on April 16, according to Bloomberg analyst Eric Balchunas. In an X post on April 14, the analyst shared a private client note from TD Bank, a Canadian financial institution, claiming the Ontario Securities Commission ( OSC ) ...",Cointelegraph,https://cointelegraph.com/news/spot-solana-etfs-launch-in-canada-this-week,0.269776,https://cointelegraph.com/news/spot-solana-etfs-launch-in-canada-this-week,Spot Solana ETFs to launch in Canada this week,Alex O’Donnell,https://s3.cointelegraph.com/uploads/2025-04/01963561-1deb-744e-a109-e55c5ded5512,cointelegraph.com,"Blockchain,Financial Markets",0.062113,Neutral,"[{""ticker"": ""CRYPTO:BTC"", ""relevance_score"": ""0.269776"", ""ticker_sentiment_score"": ""0.124341"", ""ticker_sentiment_label"": ""Neutral""}, {""ticker"": ""CRYPTO:ETH"", ""relevance_score"": ""0.269776"", ""ticker_sentiment_score"": ""0.107411"", ""ticker_sentiment_label"": ""Neutral""}]"
2025-04-14,"Investors will be watching Fed Chair Powell on Wednesday for clues about the central bank's recession odds, one analyst says ...",Decrypt.co,https://decrypt.co/314744/bitcoin-rises-as-inflation-expectations-intensify-consumers,0.095899,https://decrypt.co/314744/bitcoin-rises-as-inflation-expectations-intensify-consumers,Bitcoin Rises as Inflation Expectations Intensify Among Consumers,André Beganski,https://cdn.decrypt.co/resize/1024/height/512/wp-content/uploads/2022/06/burn-baby-burn-gID_7.jpg,decrypt.co,"Economy - Monetary,Finance,Blockchain",-0.026794,Neutral,"[{""ticker"": ""COIN"", ""relevance_score"": ""0.095899"", ""ticker_sentiment_score"": ""0.284726"", ""ticker_sentiment_label"": ""Somewhat-Bullish""}, {""ticker"": ""CRYPTO:BTC"", ""relevance_score"": ""0.095899"", ""ticker_sentiment_score"": ""-0.145905"", ""ticker_sentiment_label"": ""Neutral""}, {""ticker"": ""CRYPTO:ETH"", ""relevance_score"": ""0.095899"", ""ticker_sentiment_score"": ""0.117819"", ""ticker_sentiment_label"": ""Neutral""}]"
2025-04-14,Global cryptocurrency market capitalization is down 2.2% to $2.78 trillion. Traders anticipate lightly bullish price action for Bitcoin but remain bearish on ETH. China's new tariffs just reignited the same market patterns that led to triple- and quadruple-digit wins for Matt Maley.,Benzinga,https://www.benzinga.com/markets/cryptocurrency/25/04/44800348/bitcoin-ethereum-xrp-dogecoin-go-sideways-but-this-trader-says-you-shouldnt-long-one-of-th,0.330286,https://www.benzinga.com/markets/cryptocurrency/25/04/44800348/bitcoin-ethereum-xrp-dogecoin-go-sideways-but-this-trader-says-you-shouldnt-long-one-of-th,"Bitcoin, Ethereum, XRP, Dogecoin Go Sideways But This Trader Says You 'Shouldn't Long' One Of Them",Ivan Crnogatić,https://cdn.benzinga.com/files/images/story/2025/04/14/Cryptocurrency-Photo-by-SvetlanaParnikov.jpeg?width=1200&height=800&fit=crop,www.benzinga.com,"Blockchain,Financial Markets",0.231103,Somewhat-Bullish,"[{""ticker"": ""CRYPTO:BTC"", ""relevance_score"": ""0.744646"", ""ticker_sentiment_score"": ""0.254069"", ""ticker_sentiment_label"": ""Somewhat-Bullish""}, {""ticker"": ""CRYPTO:ETH"", ""relevance_score"": ""0.330286"", ""ticker_sentiment_score"": ""-0.07058"", ""ticker_sentiment_label"": ""Neutral""}, {""ticker"": ""CRYPTO:XRP"", ""relevance_score"": ""0.113062"", ""ticker_sentiment_score"": ""0.0"", ""ticker_sentiment_label"": ""Neutral""}]"
2025-04-14,Pennsylvania man faces up to 6 years in prison for concealing $13 million in CryptoPunk NFT sales from IRS. Case underscores importance of reporting crypto transactions despite temporary IRS relief. China's new tariffs just reignited the same market patterns that led to triple- and ...,Benzinga,https://www.benzinga.com/markets/cryptocurrency/25/04/44798912/cryptopunk-tax-flunk-nft-seller-pleads-guilty-in-13m-fraud-case,0.169081,https://www.benzinga.com/markets/cryptocurrency/25/04/44798912/cryptopunk-tax-flunk-nft-seller-pleads-guilty-in-13m-fraud-case,"CryptoPunk, Tax Flunk: NFT Seller Pleads Guilty In $13M Fraud Case",Ivan Crnogatić,https://cdn.benzinga.com/files/images/story/2025/04/14/Tax-day-deadline-2025.jpeg?width=1200&height=800&fit=crop,www.benzinga.com,"Blockchain,Financial Markets",0.1639,Somewhat-Bullish,"[{""ticker"": ""CRYPTO:ETH"", ""relevance_score"": ""0.169081"", ""ticker_sentiment_score"": ""0.0"", ""ticker_sentiment_label"": ""Neutral""}]"
2025-04-14,"Bitcoin ( BTC ) bulls are trying to start the week on a positive note by pushing the price above $85,000. Michael Saylor's Strategy has used the recent dip to buy 3,459 Bitcoin for $285.5 million at an average price of $82,618.",Cointelegraph,https://cointelegraph.com/news/price-analysis-4-14-spx-dxy-btc-eth-xrp-bnb-sol-doge-ada-leo,0.134402,https://cointelegraph.com/news/price-analysis-4-14-spx-dxy-btc-eth-xrp-bnb-sol-doge-ada-leo,"Price analysis 4/14: SPX, DXY, BTC, ETH, XRP, BNB, SOL, DOGE, ADA, LEO",Rakesh Upadhyay,https://s3.cointelegraph.com/uploads/2025-04/01963530-ccd3-7c87-83a3-17be643cd43a,cointelegraph.com,"Blockchain,Financial Markets,Economy - Macro",-0.031355,Neutral,"[{""ticker"": ""FOREX:USD"", ""relevance_score"": ""0.067441"", ""ticker_sentiment_score"": ""-0.063127"", ""ticker_sentiment_label"": ""Neutral""}, {""ticker"": ""CRYPTO:BTC"", ""relevance_score"": ""0.265017"", ""ticker_sentiment_score"": ""-0.008121"", ""ticker_sentiment_label"": ""Neutral""}, {""ticker"": ""CRYPTO:ETH"", ""relevance_score"": ""0.134402"", ""ticker_sentiment_score"": ""-0.002444"", ""ticker_sentiment_label"": ""Neutral""}, {""ticker"": ""CRYPTO:DOGE"", ""relevance_score"": ""0.101012"", ""ticker_sentiment_score"": ""-0.178059"", ""ticker_sentiment_label"": ""Somewhat-Bearish""}, {""ticker"": ""CRYPTO:ADA"", ""relevance_score"": ""0.101012"", ""ticker_sentiment_score"": ""-0.136803"", ""ticker_sentiment_label"": ""Neutral""}, {""ticker"": ""CRYPTO:LEO"", ""relevance_score"": ""0.101012"", ""ticker_sentiment_score"": ""0.002179"", ""ticker_sentiment_label"": ""Neutral""}]"
2025-04-14,"New York City, April 14, 2025 ( GLOBE NEWSWIRE ) -- With the uptrend in the number of American players seeking online gaming platforms in U.S. online casinos, there has been a corresponding increase in the number of casinos offering real-money gambling.",Benzinga,https://www.benzinga.com/pressreleases/25/04/g44798621/best-online-casinos-for-u-s-players-2025-lucky-creek-rated-top-real-money-casino,0.01153,https://www.benzinga.com/pressreleases/25/04/g44798621/best-online-casinos-for-u-s-players-2025-lucky-creek-rated-top-real-money-casino,Best Online Casinos for U.S. Players 2025: Lucky Creek Rated Top Real Money Casino,Globe Newswire,https://smallfarmtoday.com/wp-content/uploads/2025/04/Lucky-Creek-Logo.jpg,www.benzinga.com,Blockchain,0.470658,Bullish,"[{""ticker"": ""MA"", ""relevance_score"": ""0.01153"", ""ticker_sentiment_score"": ""0.193176"", ""ticker_sentiment_label"": ""Somewhat-Bullish""}, {""ticker"": ""PYPL"", ""relevance_score"": ""0.01153"", ""ticker_sentiment_score"": ""0.17542"", ""ticker_sentiment_label"": ""Somewhat-Bullish""}, {""ticker"": ""CRYPTO:BTC"", ""relevance_score"": ""0.01153"", ""ticker_sentiment_score"": ""0.14771"", ""ticker_sentiment_label"": ""Neutral""}, {""ticker"": ""CRYPTO:ETH"", ""relevance_score"": ""0.01153"", ""ticker_sentiment_score"": ""0.14771"", ""ticker_sentiment_label"": ""Neutral""}, {""ticker"": ""CRYPTO:LTC"", ""relevance_score"": ""0.01153"", ""ticker_sentiment_score"": ""0.14771"", ""ticker_sentiment_label"": ""Neutral""}]"
2025-04-14,"Products tracking Bitcoin and other coins generated outflows last week amid Donald Trump's tariff zigzag, except for XRP funds.",Decrypt.co,https://decrypt.co/314733/xrp-bright-spot-bitcoin-ethereum-etf-flows,0.353059,https://decrypt.co/314733/xrp-bright-spot-bitcoin-ethereum-etf-flows,"XRP a Bright Spot as Investors Yank $789 Million from Bitcoin, Ethereum Funds: CoinShares",André Beganski,https://cdn.decrypt.co/resize/1024/height/512/wp-content/uploads/2023/07/ripple-logo-etched-into-coin-xrp-gID_7.jpg,decrypt.co,"Blockchain,Financial Markets",0.108868,Neutral,"[{""ticker"": ""CRYPTO:BTC"", ""relevance_score"": ""0.577173"", ""ticker_sentiment_score"": ""0.093482"", ""ticker_sentiment_label"": ""Neutral""}, {""ticker"": ""CRYPTO:ETH"", ""relevance_score"": ""0.353059"", ""ticker_sentiment_score"": ""-0.002481"", ""ticker_sentiment_label"": ""Neutral""}]"
2025-04-14,"The United States Securities and Exchange Commission ( SEC ) has delayed a decision on whether to approve Ether staking in two Grayscale funds. The decision on Grayscale Ethereum Trust ETF and Grayscale Ethereum Mini Trust ETF has been postponed until June 1, according to an April 14 announcement ...",Cointelegraph,https://cointelegraph.com/news/sec-delays-decision-permit-staking-grayscale-eth-etfs,0.910945,https://cointelegraph.com/news/sec-delays-decision-permit-staking-grayscale-eth-etfs,SEC delays staking decision for Grayscale ETH ETFs,Christopher Tepedino,https://s3.cointelegraph.com/uploads/2025-04/01963542-7f88-7e91-9d8a-da1730688b8a,cointelegraph.com,"Finance,Blockchain,Financial Markets",0.285017,Somewhat-Bullish,"[{""ticker"": ""COIN"", ""relevance_score"": ""0.096671"", ""ticker_sentiment_score"": ""0.0"", ""ticker_sentiment_label"": ""Neutral""}, {""ticker"": ""CRYPTO:BTC"", ""relevance_score"": ""0.28442"", ""ticker_sentiment_score"": ""0.14097"", ""ticker_sentiment_label"": ""Neutral""}, {""ticker"": ""CRYPTO:ETH"", ""relevance_score"": ""0.910945"", ""ticker_sentiment_score"": ""0.418066"", ""ticker_sentiment_label"": ""Bullish""}]"
2025-04-14,"London,UK , April 14, 2025 ( GLOBE NEWSWIRE ) -- Crypto investors everywhere are feeling the tremors, with fear firmly gripping traders across the entire crypto market. The CoinMarketCap Crypto Fear and Greed Index has been locked in Fear to Extreme Fear territory for several consecutive days.",Benzinga,https://www.benzinga.com/pressreleases/25/04/g44796523/hartcoin-the-most-profitable-cloud-mining-platform-passive-income-made-effortless,0.081276,https://www.benzinga.com/pressreleases/25/04/g44796523/hartcoin-the-most-profitable-cloud-mining-platform-passive-income-made-effortless,"Hartcoin, The Most Profitable Cloud Mining Platform: Passive Income Made Effortless",Globe Newswire,https://ml.globenewswire.com/media/6e3d410c-ae35-4461-a752-c10d5b2bee37/small/chandos-png.png,www.benzinga.com,"Earnings,Blockchain,Financial Markets",0.435756,Bullish,"[{""ticker"": ""CRYPTO:BTC"", ""relevance_score"": ""0.16171"", ""ticker_sentiment_score"": ""0.282458"", ""ticker_sentiment_label"": ""Somewhat-Bullish""}, {""ticker"": ""CRYPTO:ETH"", ""relevance_score"": ""0.081276"", ""ticker_sentiment_score"": ""0.222664"", ""ticker_sentiment_label"": ""Somewhat-Bullish""}, {""ticker"": ""CRYPTO:LTC"", ""relevance_score"": ""0.081276"", ""ticker_sentiment_score"": ""0.222664"", ""ticker_sentiment_label"": ""Somewhat-Bullish""}]"
2025-04-14,Mantra CEO John Mullin addressed key concerns from the community following the sharp decline in the OM token during an Ask Me Anything ( AMA ) session hosted by Cointelegraph on April 14.Mullin reassured users that Mantra and its partners are actively working to support the recovery of the ...,Cointelegraph,https://cointelegraph.com/news/mantra-om-buybacks-preeminent-early-stages,0.147366,https://cointelegraph.com/news/mantra-om-buybacks-preeminent-early-stages,Mantra CEO says OM token recovery 'primary concern' but in early stages,Helen Partz,https://s3.cointelegraph.com/uploads/2025-04/019634a0-56b9-7557-a52a-95cfa811e735,cointelegraph.com,Blockchain,0.021485,Neutral,"[{""ticker"": ""CRYPTO:BTC"", ""relevance_score"": ""0.074001"", ""ticker_sentiment_score"": ""-0.106913"", ""ticker_sentiment_label"": ""Neutral""}, {""ticker"": ""CRYPTO:ETH"", ""relevance_score"": ""0.147366"", ""ticker_sentiment_score"": ""-0.063844"", ""ticker_sentiment_label"": ""Neutral""}]"
2025-04-14,"Solana's SOL has rallied more than 20% against Ether ( ETH ) over the last seven days, and a trader is eyeing a potential breakout to $300, which would mark new all-time highs.SOL/ETH ratio hits highest weekly closeThe SOL/ETH ratio, which reflects the value of Solana in Ether, rose to 0.080 on ...",Cointelegraph,https://cointelegraph.com/news/solana-rallies-20-against-ethereum-300-sol-price-reach,0.70655,https://cointelegraph.com/news/solana-rallies-20-against-ethereum-300-sol-price-reach,"Solana rallies 20% against Ethereum, but is $300 SOL price within reach?",Nancy Lubale,https://s3.cointelegraph.com/uploads/2025-04/0196347e-426d-7853-9d46-fd09a8586bad,cointelegraph.com,Financial Markets,0.104815,Neutral,"[{""ticker"": ""CRYPTO:ETH"", ""relevance_score"": ""0.70655"", ""ticker_sentiment_score"": ""0.386087"", ""ticker_sentiment_label"": ""Bullish""}]"
2025-04-14,"The regulator will approve or reject the staking proposal, or begin proceedings on the matter, by June 1.",Decrypt.co,https://decrypt.co/314743/sec-postpones-decision-on-staking-for-grayscale-ethereum-etfs,0.892426,https://decrypt.co/314743/sec-postpones-decision-on-staking-for-grayscale-ethereum-etfs,SEC Postpones Decision on Staking Proposal for Grayscale Ethereum ETFs,Liz Napolitano,https://cdn.decrypt.co/resize/1024/height/512/wp-content/uploads/2023/02/sec-crypto-regulations-gID_7.jpg,decrypt.co,"Finance,Blockchain,Financial Markets",0.198194,Somewhat-Bullish,"[{""ticker"": ""COIN"", ""relevance_score"": ""0.091509"", ""ticker_sentiment_score"": ""0.131491"", ""ticker_sentiment_label"": ""Neutral""}, {""ticker"": ""CRYPTO:ETH"", ""relevance_score"": ""0.892426"", ""ticker_sentiment_score"": ""0.364381"", ""ticker_sentiment_label"": ""Bullish""}]"
2025-04-14,"Imagine you could borrow a million dollars instantly and with no collateral. The whole thing would happen anonymously, and you wouldn't need to assume liability for the loan. Sounds crazy? That, in a nutshell, is how flash loans work.",Benzinga,https://www.benzinga.com/markets/cryptocurrency/25/04/44790807/how-to-profit-from-flash-loan-arbitrage,0.128306,https://www.benzinga.com/markets/cryptocurrency/25/04/44790807/how-to-profit-from-flash-loan-arbitrage,How To Profit From Flash Loan Arbitrage,metamountie@gmail.com,https://contributor-assets.benzinga.com/wp-content/uploads/2025/04/14104256/Flash_Loan.jpg,www.benzinga.com,"Earnings,Blockchain,Financial Markets",0.20882,Somewhat-Bullish,"[{""ticker"": ""CRYPTO:ETH"", ""relevance_score"": ""0.128306"", ""ticker_sentiment_score"": ""0.156888"", ""ticker_sentiment_label"": ""Somewhat-Bullish""}, {""ticker"": ""CRYPTO:AAVE"", ""relevance_score"": ""0.191422"", ""ticker_sentiment_score"": ""0.180564"", ""ticker_sentiment_label"": ""Somewhat-Bullish""}, {""ticker"": ""CRYPTO:UNI"", ""relevance_score"": ""0.159993"", ""ticker_sentiment_score"": ""0.09967"", ""ticker_sentiment_label"": ""Neutral""}]"
2025-04-14,Bitcoin dropped over 2% on Sunday as Trump's mixed signals on China tariffs spooked crypto traders and stoked inflation fears.,Decrypt.co,https://decrypt.co/314652/bitcoin-price-slides-trumps-weekend-tariff-messaging-jolts-crypto-markets,0.090816,https://decrypt.co/314652/bitcoin-price-slides-trumps-weekend-tariff-messaging-jolts-crypto-markets,Bitcoin Price Slides as Trump's Weekend Tariff Messaging Jolts Crypto Markets,Sebastian Sinclair,https://cdn.decrypt.co/resize/1024/height/512/wp-content/uploads/2025/01/trump-shutterstock-gID_7.png,decrypt.co,"Economy - Monetary,Blockchain,Financial Markets",-0.127855,Neutral,"[{""ticker"": ""CRYPTO:BTC"", ""relevance_score"": ""0.18046"", ""ticker_sentiment_score"": ""-0.165202"", ""ticker_sentiment_label"": ""Somewhat-Bearish""}, {""ticker"": ""CRYPTO:ETH"", ""relevance_score"": ""0.090816"", ""ticker_sentiment_score"": ""-0.183366"", ""ticker_sentiment_label"": ""Somewhat-Bearish""}]"
2025-04-14,"Leading cryptocurrencies traded sideways on Sunday after President Donald Trump's tariff reprieve on technology products. What Happened: Bitcoin touched an intraday high of $86,015 before being dragged down by profit-taking.",Benzinga,https://www.benzinga.com/25/04/44781431/bitcoin-dogecoin-flat-ethereum-slides-after-trumps-tech-tariff-breather-analyst-flags-86000-as-key-resistance-for,0.079656,https://www.benzinga.com/25/04/44781431/bitcoin-dogecoin-flat-ethereum-slides-after-trumps-tech-tariff-breather-analyst-flags-86000-as-key-resistance-for,"Bitcoin, Dogecoin Flat, Ethereum Slides After Trump's Breather On Tech Tariffs: $79,000 Or $97,000? Analyst Predicts Next Moves For BTC - Grayscale Bitcoin Mini Trust  ( BTC )  Common units of fractional undivided beneficial interest  ( ARCA:BTC ) ",Aniket Verma,https://cdn.benzinga.com/files/images/story/2025/04/13/Cryptocurrency-Photo-by-CMP-NZ-on-Shutte.jpeg?width=1200&height=800&fit=crop,www.benzinga.com,"Financial Markets,Manufacturing,Technology,Blockchain",0.193689,Somewhat-Bullish,"[{""ticker"": ""NVDA"", ""relevance_score"": ""0.158519"", ""ticker_sentiment_score"": ""0.127348"", ""ticker_sentiment_label"": ""Neutral""}, {""ticker"": ""AAPL"", ""relevance_score"": ""0.158519"", ""ticker_sentiment_score"": ""0.127348"", ""ticker_sentiment_label"": ""Neutral""}, {""ticker"": ""CRYPTO:BTC"", ""relevance_score"": ""0.516073"", ""ticker_sentiment_score"": ""-0.022979"", ""ticker_sentiment_label"": ""Neutral""}, {""ticker"": ""CRYPTO:ETH"", ""relevance_score"": ""0.079656"", ""ticker_sentiment_score"": ""-0.145292"", ""ticker_sentiment_label"": ""Neutral""}]"
2025-04-14,"The Trump family-backed crypto project World Liberty Financial ( WLFI ) has added 4.89 million SEI tokens valued at $775,000 to its portfolio, according to onchain data. Data from blockchain analytics firm Arkham Intelligence shows the purchase was made on April 12 by one of WLFI's trading ...",Cointelegraph,https://cointelegraph.com/news/trump-backed-wlfi-continues-altcoin-accumulation-buying-775k-sei-token,0.446742,https://cointelegraph.com/news/trump-backed-wlfi-continues-altcoin-accumulation-buying-775k-sei-token,Trump's World Liberty Financial buys $775K in SEI in altcoin buying spree,Jody McDonald,https://s3.cointelegraph.com/uploads/2025-04/01963210-1f27-7a71-9d49-5dc5e6486326,cointelegraph.com,"Finance,Blockchain,Financial Markets",0.134178,Neutral,"[{""ticker"": ""COIN"", ""relevance_score"": ""0.09439"", ""ticker_sentiment_score"": ""0.0"", ""ticker_sentiment_label"": ""Neutral""}, {""ticker"": ""FOREX:USD"", ""relevance_score"": ""0.187463"", ""ticker_sentiment_score"": ""0.093199"", ""ticker_sentiment_label"": ""Neutral""}, {""ticker"": ""CRYPTO:BTC"", ""relevance_score"": ""0.187463"", ""ticker_sentiment_score"": ""0.069381"", ""ticker_sentiment_label"": ""Neutral""}, {""ticker"": ""CRYPTO:ETH"", ""relevance_score"": ""0.446742"", ""ticker_sentiment_score"": ""0.19754"", ""ticker_sentiment_label"": ""Somewhat-Bullish""}, {""ticker"": ""CRYPTO:AVAX"", ""relevance_score"": ""0.09439"", ""ticker_sentiment_score"": ""0.048247"", ""ticker_sentiment_label"": ""Neutral""}, {""ticker"": ""CRYPTO:TRX"", ""relevance_score"": ""0.09439"", ""ticker_sentiment_score"": ""0.048247"", ""ticker_sentiment_label"": ""Neutral""}]"
2025-04-14,"Ethereum co-founder Vitalik Buterin argues it's Ethereum's application layer, not its infrastructure layer, where Ethereum needs ""good social philosophy"" the most. The app layer is where developers build decentralized applications on top of Ethereum's base infrastructure and where they make ...",Cointelegraph,https://cointelegraph.com/news/vitalik-buterin-argues-app-layer-needs-devs-good-social-philosophy,0.570165,https://cointelegraph.com/news/vitalik-buterin-argues-app-layer-needs-devs-good-social-philosophy,Vitalik Buterin says the app layer needs 'good social philosophy' most,Stephen Katte,https://s3.cointelegraph.com/uploads/2025-04/01963225-090b-7dc5-b120-70c2060f4aee,cointelegraph.com,Blockchain,0.021801,Neutral,"[{""ticker"": ""CRYPTO:BTC"", ""relevance_score"": ""0.089797"", ""ticker_sentiment_score"": ""-0.098406"", ""ticker_sentiment_label"": ""Neutral""}, {""ticker"": ""CRYPTO:ETH"", ""relevance_score"": ""0.570165"", ""ticker_sentiment_score"": ""0.12683"", ""ticker_sentiment_label"": ""Neutral""}]"
2025-04-14,"The native cryptocurrency of a real-world asset-focused project dramatically crashed by nearly 90% on Sunday, wiping out billions of dollars worth of investors' fortunes. What happened: The OM token of Layer-1 blockchain MANTRA nosedived from $5.26 to $0.42 in 90 minutes in the afternoon.",Benzinga,https://www.benzinga.com/25/04/44781876/om-tokens-90-crash-leaves-holders-reeling-with-lossesmantra-blames-reckless-liquidations-but-are-big-players-invo,0.209365,https://www.benzinga.com/25/04/44781876/om-tokens-90-crash-leaves-holders-reeling-with-lossesmantra-blames-reckless-liquidations-but-are-big-players-invo,"OM Token's 90% Crash Leaves Holders Reeling -MANTRA Blames 'Reckless Liquidations,' CEO Says 'Fixing This'",Aniket Verma,https://cdn.benzinga.com/files/images/story/2025/04/14/Whats-Still-Untraceable.jpeg?width=1200&height=800&fit=crop,www.benzinga.com,"Blockchain,Financial Markets",0.019178,Neutral,"[{""ticker"": ""CRYPTO:ETH"", ""relevance_score"": ""0.209365"", ""ticker_sentiment_score"": ""0.231499"", ""ticker_sentiment_label"": ""Somewhat-Bullish""}, {""ticker"": ""CRYPTO:ERC"", ""relevance_score"": ""0.105604"", ""ticker_sentiment_score"": ""0.157008"", ""ticker_sentiment_label"": ""Somewhat-Bullish""}]"
2025-04-14,"The cryptocurrency market charted an impressive recovery last week, aided by some relief from President Donald Trump's tariff measures. What happened: Onyxcoin, the governance and utility token of the Web3 protocol Onyx, surged 134% to last week's biggest gainers list.",Benzinga,https://www.benzinga.com/25/04/44782168/dogecoin-xrp-pumped-in-last-weeks-rebound-but-this-under-the-radar-token-was-the-real-head-turner-with-a-134-rall,0.455525,https://www.benzinga.com/25/04/44782168/dogecoin-xrp-pumped-in-last-weeks-rebound-but-this-under-the-radar-token-was-the-real-head-turner-with-a-134-rall,"Dogecoin, XRP Pumped In Last Week's Rebound But This Under-The-Radar Token Was The Real Head-Turner With A 134% Rally - Emeren Group  ( NYSE:SOL ) ",Aniket Verma,https://cdn.benzinga.com/files/images/story/2025/04/14/Cryptocurrency-Photo-by-Avi-Rozen-on-Shu.jpeg?width=1200&height=800&fit=crop,www.benzinga.com,"Blockchain,Financial Markets",0.336785,Somewhat-Bullish,"[{""ticker"": ""CRYPTO:BTC"", ""relevance_score"": ""0.238133"", ""ticker_sentiment_score"": ""0.208593"", ""ticker_sentiment_label"": ""Somewhat-Bullish""}, {""ticker"": ""CRYPTO:SOL"", ""relevance_score"": ""0.238133"", ""ticker_sentiment_score"": ""0.31836"", ""ticker_sentiment_label"": ""Somewhat-Bullish""}, {""ticker"": ""CRYPTO:XCN"", ""relevance_score"": ""0.120431"", ""ticker_sentiment_score"": ""0.0"", ""ticker_sentiment_label"": ""Neutral""}, {""ticker"": ""CRYPTO:XRP"", ""relevance_score"": ""0.238133"", ""ticker_sentiment_score"": ""0.366412"", ""ticker_sentiment_label"": ""Bullish""}, {""ticker"": ""CRYPTO:ETH"", ""relevance_score"": ""0.455525"", ""ticker_sentiment_score"": ""0.125374"", ""ticker_sentiment_label"": ""Neutral""}, {""ticker"": ""CRYPTO:SHIB"", ""relevance_score"": ""0.238133"", ""ticker_sentiment_score"": ""0.517828"", ""ticker_sentiment_label"": ""Bullish""}, {""ticker"": ""CRYPTO:DOGE"", ""relevance_score"": ""0.238133"", ""ticker_sentiment_score"": ""0.517828"", ""ticker_sentiment_label"": ""Bullish""}, {""ticker"": ""CRYPTO:ADA"", ""relevance_score"": ""0.238133"", ""ticker_sentiment_score"": ""0.366412"", ""ticker_sentiment_label"": ""Bullish""}]"
2025-04-14,"The market cap of Circle's Euro Coin ( EURC ) , a euro-pegged stablecoin, is growing quickly as the ongoing trade war pushes the US dollar price lower. ""In recent weeks, interest in the euro has grown tremendously"" and ""this interest has not escaped the Circle EURC stablecoin,"" Obchakevich ...",Cointelegraph,https://cointelegraph.com/news/circle-s-eurc-grows-as-trade-war-pushes-euro-higher-analyst,0.097062,https://cointelegraph.com/news/circle-s-eurc-grows-as-trade-war-pushes-euro-higher-analyst,Circle's EURC grows as trade war pushes euro higher - Analyst,Adrian Zmudzinski,https://s3.cointelegraph.com/uploads/2025-04/01963481-565e-7f8f-a12d-93cd9dc474b6,cointelegraph.com,"Blockchain,Financial Markets",0.137238,Neutral,"[{""ticker"": ""FOREX:EUR"", ""relevance_score"": ""0.912237"", ""ticker_sentiment_score"": ""0.288713"", ""ticker_sentiment_label"": ""Somewhat-Bullish""}, {""ticker"": ""FOREX:USD"", ""relevance_score"": ""0.457977"", ""ticker_sentiment_score"": ""0.012289"", ""ticker_sentiment_label"": ""Neutral""}, {""ticker"": ""CRYPTO:ETH"", ""relevance_score"": ""0.097062"", ""ticker_sentiment_score"": ""0.196713"", ""ticker_sentiment_label"": ""Somewhat-Bullish""}, {""ticker"": ""CRYPTO:AAVE"", ""relevance_score"": ""0.097062"", ""ticker_sentiment_score"": ""0.051619"", ""ticker_sentiment_label"": ""Neutral""}]"
2025-04-14,"Why some blockchains die Blockchains can die from flawed tokenomics, scams, security issues or lack of community and development momentum. Without active participation, even cutting-edge technology gathers dust.Ever heard of a blockchain that no one uses? It happens more often than you think.",Cointelegraph,https://cointelegraph.com/explained/what-happens-to-a-blockchain-when-nobody-uses-it,0.22817,https://cointelegraph.com/explained/what-happens-to-a-blockchain-when-nobody-uses-it,Cointelegraph Bitcoin & Ethereum Blockchain News,,https://s3.cointelegraph.com/storage/uploads/view/c135de28bf68d24c82364379d28faf8c.jpg,cointelegraph.com,"Blockchain,Financial Markets",0.110378,Neutral,"[{""ticker"": ""CRYPTO:BTC"", ""relevance_score"": ""0.104866"", ""ticker_sentiment_score"": ""0.123948"", ""ticker_sentiment_label"": ""Neutral""}, {""ticker"": ""CRYPTO:ETH"", ""relevance_score"": ""0.22817"", ""ticker_sentiment_score"": ""0.092708"", ""ticker_sentiment_label"": ""Neutral""}, {""ticker"": ""CRYPTO:LINK"", ""relevance_score"": ""0.042048"", ""ticker_sentiment_score"": ""0.142087"", ""ticker_sentiment_label"": ""Neutral""}]"
2025-04-14,"VICTORIA, Seychelles, April 14, 2025 ( GLOBE NEWSWIRE ) -- Bitget, the leading cryptocurrency exchange and Web3 company, Bitget ended the first quarter of 2025 with $2.08 trillion in total trading volume, driven by a sharp 159% increase in spot trading, which reached $387 billion.",Benzinga,https://www.benzinga.com/pressreleases/25/04/g44784340/bitget-records-2-08-trillion-total-trading-volume-in-q1-2025-spot-trading-surged-159-qoq,0.089295,https://www.benzinga.com/pressreleases/25/04/g44784340/bitget-records-2-08-trillion-total-trading-volume-in-q1-2025-spot-trading-surged-159-qoq,Bitget Records $2.08 Trillion Total Trading Volume in Q1 2025; Spot Trading Surged 159% QoQ,Globe Newswire,https://ml-eu.globenewswire.com/Resource/Download/1b44f8d0-d6b3-40ae-a53f-5e2a7967d105/picture1.jpg,www.benzinga.com,"Blockchain,Financial Markets",0.191664,Somewhat-Bullish,"[{""ticker"": ""CRYPTO:BTC"", ""relevance_score"": ""0.044718"", ""ticker_sentiment_score"": ""0.149918"", ""ticker_sentiment_label"": ""Neutral""}, {""ticker"": ""CRYPTO:ETH"", ""relevance_score"": ""0.089295"", ""ticker_sentiment_score"": ""0.033037"", ""ticker_sentiment_label"": ""Neutral""}]"
2025-04-14,"Digital asset exchange-traded products ( ETPs ) saw almost $800 million in outflows last week, marking their third consecutive week, according to a report from crypto asset manager CoinShares. On April 14, CoinShares reported that crypto ETPs saw $795 million in outflows last week, with Bitcoin ( ...",Cointelegraph,https://cointelegraph.com/news/crypto-etps-7-billion-outflows-since-february,0.306963,https://cointelegraph.com/news/crypto-etps-7-billion-outflows-since-february,Crypto investment products nearly wipe 2025 gains as outflows hit $7.2B,Ezra Reguerra,https://s3.cointelegraph.com/uploads/2025-04/01963400-1e7f-7ee3-a333-4b18a5c1d63d,cointelegraph.com,"Blockchain,Financial Markets",0.112376,Neutral,"[{""ticker"": ""CRYPTO:BTC"", ""relevance_score"": ""0.489394"", ""ticker_sentiment_score"": ""0.179496"", ""ticker_sentiment_label"": ""Somewhat-Bullish""}, {""ticker"": ""CRYPTO:ETH"", ""relevance_score"": ""0.306963"", ""ticker_sentiment_score"": ""0.0"", ""ticker_sentiment_label"": ""Neutral""}, {""ticker"": ""CRYPTO:AAVE"", ""relevance_score"": ""0.104683"", ""ticker_sentiment_score"": ""0.0"", ""ticker_sentiment_label"": ""Neutral""}, {""ticker"": ""CRYPTO:ALGO"", ""relevance_score"": ""0.104683"", ""ticker_sentiment_score"": ""0.111434"", ""ticker_sentiment_label"": ""Neutral""}]"
2025-04-14,"Crypto exchange Bybit has partnered with lending protocol Avalon to offer Bitcoin yield to its users.According to an April 14 Avalon Labs X announcement, the centralized decentralized finance ( CeDeFi ) protocol will now be a part of the exchange's yield product, Bybit Earn.",Cointelegraph,https://cointelegraph.com/news/by-bit-integrates-avalon-through-ce-fi-to-de-fi-bridge-for-bitcoin-yield,0.093289,https://cointelegraph.com/news/by-bit-integrates-avalon-through-ce-fi-to-de-fi-bridge-for-bitcoin-yield,Bybit integrates Avalon through CeFi to DeFi bridge for Bitcoin yield,Adrian Zmudzinski,https://s3.cointelegraph.com/uploads/2025-04/019633f2-d8d6-73de-a63c-4a6e247af38a,cointelegraph.com,"Blockchain,Financial Markets",0.143037,Neutral,"[{""ticker"": ""CRYPTO:BTC"", ""relevance_score"": ""0.651499"", ""ticker_sentiment_score"": ""0.237779"", ""ticker_sentiment_label"": ""Somewhat-Bullish""}, {""ticker"": ""CRYPTO:ETH"", ""relevance_score"": ""0.093289"", ""ticker_sentiment_score"": ""0.0"", ""ticker_sentiment_label"": ""Neutral""}, {""ticker"": ""CRYPTO:USDT"", ""relevance_score"": ""0.093289"", ""ticker_sentiment_score"": ""0.101303"", ""ticker_sentiment_label"": ""Neutral""}]"
2025-04-14,"Ethereum co-founder Vitalik Buterin said privacy should be a top priority for developers, warning that assumptions about transparency and good intentions in global politics are overly optimistic.In an April 14 blog post, Buterin argued that privacy is essential to maintain individual freedom and ...",Cointelegraph,https://cointelegraph.com/news/ethereum-co-founder-vitalik-buterin-privacy-is-freedom,0.232996,https://cointelegraph.com/news/ethereum-co-founder-vitalik-buterin-privacy-is-freedom,Ethereum co-founder Vitalik Buterin: 'Privacy is freedom',Adrian Zmudzinski,https://s3.cointelegraph.com/uploads/2025-04/01963442-b1eb-7b98-ae22-2a8ac771b971,cointelegraph.com,Blockchain,0.110876,Neutral,"[{""ticker"": ""CRYPTO:ETH"", ""relevance_score"": ""0.232996"", ""ticker_sentiment_score"": ""0.178597"", ""ticker_sentiment_label"": ""Somewhat-Bullish""}]"
2025-04-14,"Metaplanet has acquired a total of over 4,500 BTC and intends to buy more this year as investors try to unpack the latest in U.S. tariffs.",Decrypt.co,https://decrypt.co/314675/japans-metaplanet-buys-another-26m-bitcoin-amid-tariff-market-uncertainty,0.101582,https://decrypt.co/314675/japans-metaplanet-buys-another-26m-bitcoin-amid-tariff-market-uncertainty,Japan's Metaplanet Buys Another $26M in Bitcoin Amid Tariff Market Uncertainty,Callan Quinn,https://cdn.decrypt.co/resize/1024/height/512/wp-content/uploads/2025/03/bitcoin-japan-gID_7.jpg,decrypt.co,"Technology,Blockchain,Financial Markets",0.16459,Somewhat-Bullish,"[{""ticker"": ""MSTR"", ""relevance_score"": ""0.101582"", ""ticker_sentiment_score"": ""0.145835"", ""ticker_sentiment_label"": ""Neutral""}, {""ticker"": ""FOREX:JPY"", ""relevance_score"": ""0.201523"", ""ticker_sentiment_score"": ""0.149316"", ""ticker_sentiment_label"": ""Neutral""}, {""ticker"": ""CRYPTO:BTC"", ""relevance_score"": ""0.874457"", ""ticker_sentiment_score"": ""0.279383"", ""ticker_sentiment_label"": ""Somewhat-Bullish""}, {""ticker"": ""CRYPTO:ETH"", ""relevance_score"": ""0.101582"", ""ticker_sentiment_score"": ""0.04328"", ""ticker_sentiment_label"": ""Neutral""}]"
2025-04-15,"KUALA LUMPUR, Malaysia, April 15, 2025 ( GLOBE NEWSWIRE ) -- BioNexus Gene Lab Corp. ( Nasdaq: BGLC ) ( ""BioNexus"" or the ""Company"" ) , a diversified biotechnology and specialty materials group headquartered in Malaysia and incorporated in Wyoming, today announced the filing of its Annual Report ...",GlobeNewswire,https://www.globenewswire.com/news-release/2025/04/15/3061937/0/en/BioNexus-Gene-Lab-Corp-Files-2024-Annual-Report-Highlighting-Strategic-Innovation-Operational-Resilience-and-Growth-Trajectory.html,0.15697,https://www.globenewswire.com/news-release/2025/04/15/3061937/0/en/BioNexus-Gene-Lab-Corp-Files-2024-Annual-Report-Highlighting-Strategic-Innovation-Operational-Resilience-and-Growth-Trajectory.html,"BioNexus Gene Lab Corp. Files 2024 Annual Report Highlighting Strategic Innovation, Operational Resilience, and Growth Trajectory",BioNexus Gene Lab Corp.,,www.globenewswire.com,"Earnings,Blockchain,Financial Markets",0.306009,Somewhat-Bullish,"[{""ticker"": ""BGLC"", ""relevance_score"": ""0.571686"", ""ticker_sentiment_score"": ""0.583436"", ""ticker_sentiment_label"": ""Bullish""}, {""ticker"": ""CRYPTO:ETH"", ""relevance_score"": ""0.15697"", ""ticker_sentiment_score"": ""0.236484"", ""ticker_sentiment_label"": ""Somewhat-Bullish""}]"
2025-04-15,"Players were outraged by decisions made with the Solana relaunch of crypto game Wolf Game, with the CEO saying he's stepped down.",Decrypt.co,https://decrypt.co/314859/wolf-game-halted-solana-relaunch-backlash,0.105604,https://decrypt.co/314859/wolf-game-halted-solana-relaunch-backlash,'Wolf Game' Halted After Solana Relaunch Prompts Backlash,Ryan S. Gladwin,https://cdn.decrypt.co/resize/1024/height/512/wp-content/uploads/2025/04/wolf-gID_7.jpg,decrypt.co,"Earnings,Blockchain",0.086455,Neutral,"[{""ticker"": ""CRYPTO:ETH"", ""relevance_score"": ""0.105604"", ""ticker_sentiment_score"": ""-0.061193"", ""ticker_sentiment_label"": ""Neutral""}]"
2025-04-15,"Ethereum is always in the conversation, and doesn't need the additional ""marketing"" in D.C., say the network's top political advocates.",Decrypt.co,https://decrypt.co/314860/bitcoin-solana-dc-policy-institute-where-ethereum,0.672608,https://decrypt.co/314860/bitcoin-solana-dc-policy-institute-where-ethereum,"Bitcoin Has a DC Policy Institute, So Does Solana. Where's Ethereum?",Sander Lutz,https://cdn.decrypt.co/resize/1024/height/512/wp-content/uploads/2025/04/ethereum-trump-washington-dc-1-gID_7.jpg,decrypt.co,Blockchain,0.148831,Neutral,"[{""ticker"": ""CRYPTO:BTC"", ""relevance_score"": ""0.04111"", ""ticker_sentiment_score"": ""-0.001964"", ""ticker_sentiment_label"": ""Neutral""}, {""ticker"": ""CRYPTO:ETH"", ""relevance_score"": ""0.672608"", ""ticker_sentiment_score"": ""0.280817"", ""ticker_sentiment_label"": ""Somewhat-Bullish""}]"
2025-04-15,The protocol said that all user funds were safe.,Decrypt.co,https://decrypt.co/314899/hackers-targeting-ethereum-scaling-zksync-steal-5m-tokens,0.317527,https://decrypt.co/314899/hackers-targeting-ethereum-scaling-zksync-steal-5m-tokens,Hackers Targeting Ethereum Scaling Network ZKsync Steal $5M in Tokens,Mat Di Salvo,https://img.decrypt.co/insecure/rs:fit:3840:0:0:0/plain/https://cdn.decrypt.co/wp-content/themes/decrypt-media/assets/images/aleo/desktop.png@webp,decrypt.co,"Blockchain,Financial Markets",-0.064024,Neutral,"[{""ticker"": ""CRYPTO:ETH"", ""relevance_score"": ""0.317527"", ""ticker_sentiment_score"": ""-0.156295"", ""ticker_sentiment_label"": ""Somewhat-Bearish""}]"
2025-04-15,"The team behind CyberKongz said that the SEC has ended its investigation, joining other cleared firms like Yuga Labs and OpenSea.",Decrypt.co,https://decrypt.co/314888/cyberkongz-sec-ends-investigation,0.331765,https://decrypt.co/314888/cyberkongz-sec-ends-investigation,Ethereum Gaming Project CyberKongz Says SEC Has Ended Investigation,Logan Hitchcock,https://cdn.decrypt.co/resize/1024/height/512/wp-content/uploads/2023/07/Genkai-x-ronin-2-Cropped-Cropped-gID_7.jpg,decrypt.co,"Blockchain,Financial Markets",0.114521,Neutral,"[{""ticker"": ""CRYPTO:ETH"", ""relevance_score"": ""0.331765"", ""ticker_sentiment_score"": ""0.269665"", ""ticker_sentiment_label"": ""Somewhat-Bullish""}]"
2025-04-15,"Blockchain infrastructure provider Figment has been selected as the staking provider for 3iQ's newly approved Solana exchange-traded fund ( ETF ) , underscoring Canada's continued efforts toward adoption of digital asset financial products.Figment will enable institutional staking for the 3iQ ...",Cointelegraph,https://cointelegraph.com/news/3iq-canadian-solana-etf-figment-as-staking-provider,0.404563,https://cointelegraph.com/news/3iq-canadian-solana-etf-figment-as-staking-provider,3iQ's Canadian Solana ETF selects Figment as staking provider,Sam Bourgi,https://s3.cointelegraph.com/uploads/2025-04/01963aea-0f7b-7874-aefc-592dc01ecc82,cointelegraph.com,"Blockchain,Financial Markets",0.274312,Somewhat-Bullish,"[{""ticker"": ""CRYPTO:BTC"", ""relevance_score"": ""0.309539"", ""ticker_sentiment_score"": ""0.267818"", ""ticker_sentiment_label"": ""Somewhat-Bullish""}, {""ticker"": ""CRYPTO:ETH"", ""relevance_score"": ""0.404563"", ""ticker_sentiment_score"": ""0.542219"", ""ticker_sentiment_label"": ""Bullish""}]"
2025-04-15,"Ethena Labs has agreed to exit the German market after regulator BaFin cited ""serious deficiencies"" with USDe compliance.",Decrypt.co,https://decrypt.co/314918/ethena-exits-germany-usde-compliance,0.097062,https://decrypt.co/314918/ethena-exits-germany-usde-compliance,Ethena Pulls Out of Germany Amid Regulator's USDe Stablecoin Scrutiny,Liz Napolitano,https://cdn.decrypt.co/resize/1024/height/512/wp-content/uploads/2025/04/ethena-gID_7.png,decrypt.co,"Blockchain,Financial Markets",-0.068535,Neutral,"[{""ticker"": ""FOREX:USD"", ""relevance_score"": ""0.097062"", ""ticker_sentiment_score"": ""-0.098033"", ""ticker_sentiment_label"": ""Neutral""}, {""ticker"": ""CRYPTO:ETH"", ""relevance_score"": ""0.097062"", ""ticker_sentiment_score"": ""-0.098033"", ""ticker_sentiment_label"": ""Neutral""}]"
2025-04-15,Long-running NFT marketplace OpenSea has added support for Solana fungible token trading as part of its overhaul and expansion.,Decrypt.co,https://decrypt.co/314923/opensea-solana-token-trading,0.09989,https://decrypt.co/314923/opensea-solana-token-trading,OpenSea Adds Solana Trading Ahead of SEA Token Launch,Logan Hitchcock,https://cdn.decrypt.co/resize/1024/height/512/wp-content/uploads/2025/04/solanaopensea-169-gID_7.png,decrypt.co,"Blockchain,Financial Markets",0.206639,Somewhat-Bullish,"[{""ticker"": ""CRYPTO:ETH"", ""relevance_score"": ""0.09989"", ""ticker_sentiment_score"": ""0.07319"", ""ticker_sentiment_label"": ""Neutral""}]"
2025-04-15,"A hacker compromised a ZKsync admin account on April 15, minting $5 million worth of unclaimed airdrop tokens, according to a statement from the official ZKsync X account. The attack was described as isolated, with no user funds affected.Following an investigation, ZKsync detailed the incident on ...",Cointelegraph,https://cointelegraph.com/news/zksync-hacker-steals-5m-airdrop-tokens,0.146916,https://cointelegraph.com/news/zksync-hacker-steals-5m-airdrop-tokens,Hacker mints $5M in ZK tokens after compromising ZKsync admin account,Christopher Tepedino,https://s3.cointelegraph.com/uploads/2025-04/01963afd-01e0-72ce-9ec5-443ca16d9e9e,cointelegraph.com,,-0.244478,Somewhat-Bearish,"[{""ticker"": ""CRYPTO:ETH"", ""relevance_score"": ""0.146916"", ""ticker_sentiment_score"": ""0.062475"", ""ticker_sentiment_label"": ""Neutral""}]"
2025-04-15,"XRP exchange-traded funds may be the next SEC-approved product that gives investors exposure to crypto, according to data firm Kaiko.",Decrypt.co,https://decrypt.co/314925/xrp-etfs-likely-next-sec-approval-kaiko,0.082111,https://decrypt.co/314925/xrp-etfs-likely-next-sec-approval-kaiko,"XRP ETFs Likely Next to Get SEC Approval, Beating DOGE and Solana: Kaiko",Mat Di Salvo,https://cdn.decrypt.co/resize/1024/height/512/wp-content/uploads/2025/01/xrp-gID_7.jpg,decrypt.co,"Blockchain,Financial Markets",0.143,Neutral,"[{""ticker"": ""CRYPTO:BTC"", ""relevance_score"": ""0.082111"", ""ticker_sentiment_score"": ""0.215113"", ""ticker_sentiment_label"": ""Somewhat-Bullish""}, {""ticker"": ""CRYPTO:ETH"", ""relevance_score"": ""0.082111"", ""ticker_sentiment_score"": ""0.215113"", ""ticker_sentiment_label"": ""Somewhat-Bullish""}, {""ticker"": ""CRYPTO:DOGE"", ""relevance_score"": ""0.082111"", ""ticker_sentiment_score"": ""0.003068"", ""ticker_sentiment_label"": ""Neutral""}, {""ticker"": ""CRYPTO:LTC"", ""relevance_score"": ""0.082111"", ""ticker_sentiment_score"": ""0.003068"", ""ticker_sentiment_label"": ""Neutral""}, {""ticker"": ""CRYPTO:ADA"", ""relevance_score"": ""0.082111"", ""ticker_sentiment_score"": ""0.003068"", ""ticker_sentiment_label"": ""Neutral""}]"
2025-04-15,"Ether's ( ETH ) market is very close to hitting all-time lows as a classic bearish chart pattern hints at a deeper correction toward $1,100.Ethereum's market dominance keeps fallingOn April 9, Ethereum's market dominance, or the measure of Ether's share of crypto's overall market capitalization, ...",Cointelegraph,https://cointelegraph.com/news/ethereum-market-dominance-nears-historic-lows-eth-price-risks-falling,0.589793,https://cointelegraph.com/news/ethereum-market-dominance-nears-historic-lows-eth-price-risks-falling,"Ethereum market share nears historic lows as ETH price risks falling to $1,100",Nancy Lubale,https://s3.cointelegraph.com/uploads/2025-04/019639ad-7741-758c-b951-280d095aee14,cointelegraph.com,Financial Markets,-0.029229,Neutral,"[{""ticker"": ""CRYPTO:ETH"", ""relevance_score"": ""0.589793"", ""ticker_sentiment_score"": ""-0.007154"", ""ticker_sentiment_label"": ""Neutral""}]"
2025-04-15,"It's been nearly a month since Bitcoin traded above $90,000.",Decrypt.co,https://decrypt.co/314922/bitcoin-stalls-as-feds-bostic-warns-of-thick-economic-fog,0.08687,https://decrypt.co/314922/bitcoin-stalls-as-feds-bostic-warns-of-thick-economic-fog,Bitcoin Stalls as Fed's Bostic Warns of 'Thick' Economic Fog,André Beganski,https://cdn.decrypt.co/resize/1024/height/512/wp-content/uploads/2024/02/bitcoin-storm-foreboding-btc-scaled-gID_7.jpg,decrypt.co,"Economy - Monetary,Economy - Fiscal",0.048148,Neutral,"[{""ticker"": ""CRYPTO:BTC"", ""relevance_score"": ""0.414559"", ""ticker_sentiment_score"": ""0.100287"", ""ticker_sentiment_label"": ""Neutral""}, {""ticker"": ""CRYPTO:ETH"", ""relevance_score"": ""0.08687"", ""ticker_sentiment_score"": ""0.019888"", ""ticker_sentiment_label"": ""Neutral""}]"
2025-04-15,"VICTORIA, Seychelles, April 15, 2025 ( GLOBE NEWSWIRE ) -- Global crypto exchange BYDFi has officially listed $KERNEL, the governance token of KernelDAO, with spot trading now live for the KERNEL/USDT pair. To mark the launch, BYDFi is offering a $5,000 prize pool-all users who trade KERNEL are ...",Benzinga,https://www.benzinga.com/pressreleases/25/04/g44829437/bydfi-lists-kernelusdt-trading-pair-trade-to-win-a-share-of-the-5-000-prize-pool,0.097457,https://www.benzinga.com/pressreleases/25/04/g44829437/bydfi-lists-kernelusdt-trading-pair-trade-to-win-a-share-of-the-5-000-prize-pool,"BYDFi Lists KERNEL/USDT Trading Pair - Trade to Win a Share of the $5,000 Prize Pool",Globe Newswire,https://www.benzinga.com/next-assets/images/schema-image-default.png,www.benzinga.com,"Technology,Blockchain,Financial Markets",0.3609,Bullish,"[{""ticker"": ""GOOG"", ""relevance_score"": ""0.097457"", ""ticker_sentiment_score"": ""0.0"", ""ticker_sentiment_label"": ""Neutral""}, {""ticker"": ""META"", ""relevance_score"": ""0.097457"", ""ticker_sentiment_score"": ""0.0"", ""ticker_sentiment_label"": ""Neutral""}, {""ticker"": ""CRYPTO:BTC"", ""relevance_score"": ""0.097457"", ""ticker_sentiment_score"": ""0.108743"", ""ticker_sentiment_label"": ""Neutral""}, {""ticker"": ""CRYPTO:ETH"", ""relevance_score"": ""0.097457"", ""ticker_sentiment_score"": ""0.108743"", ""ticker_sentiment_label"": ""Neutral""}, {""ticker"": ""CRYPTO:USDT"", ""relevance_score"": ""0.28664"", ""ticker_sentiment_score"": ""0.340757"", ""ticker_sentiment_label"": ""Somewhat-Bullish""}, {""ticker"": ""CRYPTO:BNB"", ""relevance_score"": ""0.193465"", ""ticker_sentiment_score"": ""0.123467"", ""ticker_sentiment_label"": ""Neutral""}]"
2025-04-15,"Crypto-centric stocks like IBKR, NVDA and HOOD are poised to benefit once the Bitcoin rally resumes.",Zacks Commentary,https://www.zacks.com/stock/news/2449206/3-crypto-stocks-to-buy-the-dip-before-bitcoin-regains-lost-ground,0.059341,https://www.zacks.com/stock/news/2449206/3-crypto-stocks-to-buy-the-dip-before-bitcoin-regains-lost-ground,3 Crypto Stocks to Buy the Dip Before Bitcoin Regains Lost Ground,Ritujay Ghosh,https://staticx-tuner.zacks.com/images/articles/main/12/3298.jpg,www.zacks.com,"Economy - Monetary,Financial Markets,Manufacturing,Earnings,Finance,Blockchain",0.192445,Somewhat-Bullish,"[{""ticker"": ""HOOD"", ""relevance_score"": ""0.344872"", ""ticker_sentiment_score"": ""0.328691"", ""ticker_sentiment_label"": ""Somewhat-Bullish""}, {""ticker"": ""NVDA"", ""relevance_score"": ""0.290262"", ""ticker_sentiment_score"": ""0.381751"", ""ticker_sentiment_label"": ""Bullish""}, {""ticker"": ""IBKR"", ""relevance_score"": ""0.344872"", ""ticker_sentiment_score"": ""0.306598"", ""ticker_sentiment_label"": ""Somewhat-Bullish""}, {""ticker"": ""FOREX:USD"", ""relevance_score"": ""0.059341"", ""ticker_sentiment_score"": ""0.162819"", ""ticker_sentiment_label"": ""Somewhat-Bullish""}, {""ticker"": ""CRYPTO:BTC"", ""relevance_score"": ""0.448513"", ""ticker_sentiment_score"": ""0.064054"", ""ticker_sentiment_label"": ""Neutral""}, {""ticker"": ""CRYPTO:ETH"", ""relevance_score"": ""0.059341"", ""ticker_sentiment_score"": ""0.115"", ""ticker_sentiment_label"": ""Neutral""}, {""ticker"": ""CRYPTO:DOGE"", ""relevance_score"": ""0.059341"", ""ticker_sentiment_score"": ""0.115"", ""ticker_sentiment_label"": ""Neutral""}]"
2025-04-15,"New rules could allow both HOOD and COIN to become unified platforms trading crypto, equities and predictions. As global crypto markets reshore to the U.S., Coinbase and Robinhood could become dominant investment platforms. Feel unsure about the market's next move?",Benzinga,https://www.benzinga.com/markets/cryptocurrency/25/04/44810015/robinhood-coinbase-could-benefit-from-new-digital-asset-regulation-says-bernstein,0.164282,https://www.benzinga.com/markets/cryptocurrency/25/04/44810015/robinhood-coinbase-could-benefit-from-new-digital-asset-regulation-says-bernstein,"Robinhood, Coinbase Could Benefit From New Digital Asset Regulation, Says Bernstein - Robinhood Markets  ( NASDAQ:HOOD ) ",Murtuza J Merchant,https://cdn.benzinga.com/files/images/story/2025/04/15/The-Robinhood-Trade.jpeg?width=1200&height=800&fit=crop,www.benzinga.com,"Finance,Blockchain,Financial Markets",0.355231,Bullish,"[{""ticker"": ""COIN"", ""relevance_score"": ""0.419733"", ""ticker_sentiment_score"": ""0.188272"", ""ticker_sentiment_label"": ""Somewhat-Bullish""}, {""ticker"": ""CRYPTO:BTC"", ""relevance_score"": ""0.270373"", ""ticker_sentiment_score"": ""0.338462"", ""ticker_sentiment_label"": ""Somewhat-Bullish""}, {""ticker"": ""CRYPTO:ETH"", ""relevance_score"": ""0.164282"", ""ticker_sentiment_score"": ""0.340877"", ""ticker_sentiment_label"": ""Somewhat-Bullish""}, {""ticker"": ""CRYPTO:DOGE"", ""relevance_score"": ""0.109956"", ""ticker_sentiment_score"": ""0.248495"", ""ticker_sentiment_label"": ""Somewhat-Bullish""}, {""ticker"": ""CRYPTO:SOL"", ""relevance_score"": ""0.055109"", ""ticker_sentiment_score"": ""0.222056"", ""ticker_sentiment_label"": ""Somewhat-Bullish""}, {""ticker"": ""CRYPTO:XRP"", ""relevance_score"": ""0.055109"", ""ticker_sentiment_score"": ""0.060851"", ""ticker_sentiment_label"": ""Neutral""}]"
2025-04-15,"Key takeawaysPi coin finally went live on open mainnet in February 2025, unlocking real-world use cases after years in closed beta.You can spend Pi coin, but mostly within P2P communities and KYC-verified Pi apps - mainstream adoption is still in its early stages.Pi is now tradable on several ...",Cointelegraph,https://cointelegraph.com/news/can-you-really-buy-anything-with-pi-coin-find-out-here,0.023957,https://cointelegraph.com/news/can-you-really-buy-anything-with-pi-coin-find-out-here,Can you really buy anything with Pi coin? Find out here!,Shailey Singh,https://s3.cointelegraph.com/uploads/2025-04/0196397a-ad7e-7083-bddb-27535472c593,cointelegraph.com,"Financial Markets,Manufacturing,Technology,Blockchain",0.135942,Neutral,"[{""ticker"": ""GOOG"", ""relevance_score"": ""0.023957"", ""ticker_sentiment_score"": ""0.173099"", ""ticker_sentiment_label"": ""Somewhat-Bullish""}, {""ticker"": ""TSLA"", ""relevance_score"": ""0.023957"", ""ticker_sentiment_score"": ""-0.052604"", ""ticker_sentiment_label"": ""Neutral""}, {""ticker"": ""CRYPTO:BTC"", ""relevance_score"": ""0.142989"", ""ticker_sentiment_score"": ""0.187526"", ""ticker_sentiment_label"": ""Somewhat-Bullish""}, {""ticker"": ""CRYPTO:ETH"", ""relevance_score"": ""0.023957"", ""ticker_sentiment_score"": ""0.130543"", ""ticker_sentiment_label"": ""Neutral""}]"
2025-04-15,"Leading cryptocurrencies remained flat on Monday, while stocks rose in response to President Donald Trump's tariff respite for technology products. What Happened: Bitcoin chopped between $84,000 and $85,000 throughout the day, with the intraday peak of $85,785.00 set in the early trading hours.",Benzinga,https://www.benzinga.com/trading-ideas/movers/25/04/44804881/bitcoin-ethereum-steady-dogecoin-falls-even-as-trumps-tariff-reprieve-boosts-stocks-analyst-,0.16117,https://www.benzinga.com/trading-ideas/movers/25/04/44804881/bitcoin-ethereum-steady-dogecoin-falls-even-as-trumps-tariff-reprieve-boosts-stocks-analyst-,"Bitcoin, Ethereum Steady, Dogecoin Falls Even As Trump's Tariff Reprieve Boosts Stocks: Analyst Says $82,024 BTC Level 'Worth Watching Closely' - Grayscale Bitcoin Mini Trust  ( BTC )  Common units of fractional undivided beneficial interest  ( ARCA:BTC ) ",Aniket Verma,https://cdn.benzinga.com/files/images/story/2025/04/14/Antalya--Turkey---December-4--2024-Bitco_0.jpeg?width=1200&height=800&fit=crop,www.benzinga.com,"Financial Markets,Manufacturing,Technology,Blockchain",0.171601,Somewhat-Bullish,"[{""ticker"": ""NVDA"", ""relevance_score"": ""0.16117"", ""ticker_sentiment_score"": ""0.128708"", ""ticker_sentiment_label"": ""Neutral""}, {""ticker"": ""AAPL"", ""relevance_score"": ""0.16117"", ""ticker_sentiment_score"": ""0.128708"", ""ticker_sentiment_label"": ""Neutral""}, {""ticker"": ""CRYPTO:BTC"", ""relevance_score"": ""0.45825"", ""ticker_sentiment_score"": ""0.224447"", ""ticker_sentiment_label"": ""Somewhat-Bullish""}, {""ticker"": ""CRYPTO:ETH"", ""relevance_score"": ""0.16117"", ""ticker_sentiment_score"": ""0.002741"", ""ticker_sentiment_label"": ""Neutral""}]"
2025-04-15,"The chief executive of non-fungible token platform Emblem Vault is warning X users to be wary of the video meeting app Zoom after a nefarious threat actor known as ""ELUSIVE COMET"" recently stole over $100,000 of his personal assets.",Cointelegraph,https://cointelegraph.com/news/emblem-vault-ceo-loses-75-assets-in-elusive-comet-scam,0.140485,https://cointelegraph.com/news/emblem-vault-ceo-loses-75-assets-in-elusive-comet-scam,Crypto exec warns of 'ELUSIVE COMET' threat after losing 75% of assets,Martin Young,https://s3.cointelegraph.com/uploads/2025-04/0196378b-1252-7659-8621-ed48c0a2678a,cointelegraph.com,"Technology,Blockchain,Financial Markets",-0.217908,Somewhat-Bearish,"[{""ticker"": ""GOOG"", ""relevance_score"": ""0.070517"", ""ticker_sentiment_score"": ""0.0"", ""ticker_sentiment_label"": ""Neutral""}, {""ticker"": ""CRYPTO:BTC"", ""relevance_score"": ""0.209365"", ""ticker_sentiment_score"": ""-0.119771"", ""ticker_sentiment_label"": ""Neutral""}, {""ticker"": ""CRYPTO:ETH"", ""relevance_score"": ""0.140485"", ""ticker_sentiment_score"": ""-0.076517"", ""ticker_sentiment_label"": ""Neutral""}]"
2025-04-15,Canada has outpaced the U.S. with the launch of staking-enabled spot Solana ETFs as interest globally continues to build.,Decrypt.co,https://decrypt.co/314795/canada-launch-spot-solana-etfs-staking,0.155451,https://decrypt.co/314795/canada-launch-spot-solana-etfs-staking,Canada to Launch 'World First' Spot Solana ETFs With Staking This Week: Balchunas,Callan Quinn,https://cdn.decrypt.co/resize/1024/height/512/wp-content/uploads/2023/07/sol-solana-coins-digital-illustration-gID_7.jpg,decrypt.co,"Technology,Blockchain,Financial Markets",0.149554,Neutral,"[{""ticker"": ""TD"", ""relevance_score"": ""0.078099"", ""ticker_sentiment_score"": ""0.175788"", ""ticker_sentiment_label"": ""Somewhat-Bullish""}, {""ticker"": ""WT"", ""relevance_score"": ""0.078099"", ""ticker_sentiment_score"": ""0.114615"", ""ticker_sentiment_label"": ""Neutral""}, {""ticker"": ""CRYPTO:BTC"", ""relevance_score"": ""0.155451"", ""ticker_sentiment_score"": ""0.201989"", ""ticker_sentiment_label"": ""Somewhat-Bullish""}, {""ticker"": ""CRYPTO:ETH"", ""relevance_score"": ""0.155451"", ""ticker_sentiment_score"": ""0.081421"", ""ticker_sentiment_label"": ""Neutral""}]"
2025-04-15,"There is a ""huge opportunity"" for Ethereum to become a decentralized partner in solving current problems with artificial intelligence platforms, according to a former core Ethereum developer. Ethereum's ""biggest mainstream moment is waiting in the wings with AI,"" said Eric Connor on X on April 15.",Cointelegraph,https://cointelegraph.com/news/ai-presents-huge-opportunity-ethereum-eth-dev,0.739953,https://cointelegraph.com/news/ai-presents-huge-opportunity-ethereum-eth-dev,"Ethereum could be AI's key to decentralization, says former core dev",Martin Young,"https://images.cointelegraph.com/cdn-cgi/image/format=auto,onerror=redirect,quality=90,width=1200/https://s3.cointelegraph.com/uploads/2024-11/01932852-9b36-71b4-b63e-d9eea40e858c",cointelegraph.com,Blockchain,0.29262,Somewhat-Bullish,"[{""ticker"": ""CRYPTO:BTC"", ""relevance_score"": ""0.081552"", ""ticker_sentiment_score"": ""-0.121393"", ""ticker_sentiment_label"": ""Neutral""}, {""ticker"": ""CRYPTO:ETH"", ""relevance_score"": ""0.739953"", ""ticker_sentiment_score"": ""0.567977"", ""ticker_sentiment_label"": ""Bullish""}]"
2025-04-15,"Bhutan's prime minister backed government involvement in Bitcoin BTC/USD mining, stating that it could be a strategic decision with potential billion-dollar returns, according to a media report on Monday.",Benzinga,https://www.benzinga.com/25/04/44805594/bhutans-bitcoin-bet-prime-minister-explains-how-crypto-curbed-civil-service-exodus,0.197413,https://www.benzinga.com/25/04/44805594/bhutans-bitcoin-bet-prime-minister-explains-how-crypto-curbed-civil-service-exodus,"Bhutan PM Says Bitcoin Mining 'Simple Strategic Choice' For Governments, Himalayan Kingdom Uses Crypto To Reduce Brain-Drain From Civil Services - Grayscale Bitcoin Mini Trust  ( BTC )  Common units of fractional undivided beneficial interest  ( ARCA:BTC ) ",Aniket Verma,https://cdn.benzinga.com/files/images/story/2025/04/15/Taktshang-Goemba-Tigers-Nest-Monastery-I.jpeg?width=1200&height=800&fit=crop,www.benzinga.com,"Blockchain,Financial Markets",0.223657,Somewhat-Bullish,"[{""ticker"": ""CRYPTO:BTC"", ""relevance_score"": ""0.866386"", ""ticker_sentiment_score"": ""0.267963"", ""ticker_sentiment_label"": ""Somewhat-Bullish""}, {""ticker"": ""CRYPTO:ETH"", ""relevance_score"": ""0.197413"", ""ticker_sentiment_score"": ""0.159163"", ""ticker_sentiment_label"": ""Somewhat-Bullish""}, {""ticker"": ""CRYPTO:BNB"", ""relevance_score"": ""0.197413"", ""ticker_sentiment_score"": ""0.159163"", ""ticker_sentiment_label"": ""Somewhat-Bullish""}]"
2025-04-15,"VICTORIA, Seychelles, April 15, 2025 ( GLOBE NEWSWIRE ) -- MEXC, a leading global cryptocurrency exchange, announced it will list WalletConnect Network ( WCT ) on April 15, 2025 ( UTC ) , accompanied by Airdrop+ rewards totaling 273,000 WCT and 50,000 USDT for users.",Benzinga,https://www.benzinga.com/pressreleases/25/04/g44807855/mexc-lists-walletconnect-wct-with-airdrop-event-offering-273-000-wct-50-000-usdt-in-rewards,0.06211,https://www.benzinga.com/pressreleases/25/04/g44807855/mexc-lists-walletconnect-wct-with-airdrop-event-offering-273-000-wct-50-000-usdt-in-rewards,"MEXC Lists WalletConnect  ( WCT )  with Airdrop+ Event Offering 273,000 WCT & 50,000 USDT in Rewards",Globe Newswire,https://ml.globenewswire.com/Resource/Download/047b7c55-0330-4413-a078-b67cc1c448ec/photo-2025-04-15-12-56-05.jpeg,www.benzinga.com,"Blockchain,Financial Markets",0.398696,Bullish,"[{""ticker"": ""CRYPTO:ETH"", ""relevance_score"": ""0.06211"", ""ticker_sentiment_score"": ""0.22223"", ""ticker_sentiment_label"": ""Somewhat-Bullish""}, {""ticker"": ""CRYPTO:USDT"", ""relevance_score"": ""0.123844"", ""ticker_sentiment_score"": ""0.312697"", ""ticker_sentiment_label"": ""Somewhat-Bullish""}, {""ticker"": ""CRYPTO:WCT"", ""relevance_score"": ""0.414559"", ""ticker_sentiment_score"": ""0.576952"", ""ticker_sentiment_label"": ""Bullish""}]"
2025-04-15,"In its first five years of existence, Ethereum ( CRYPTO: ETH ) skyrocketed in value by more than 16,000% to hit an all-time high of $4,892 in November 2021. Today, it remains the second-largest cryptocurrency in the world, with a market cap of almost $200 billion.In many ways, Ethereum is at a ...",Motley Fool,https://www.fool.com/investing/2025/04/15/where-will-ethereum-be-in-5-years/,0.932163,https://www.fool.com/investing/2025/04/15/where-will-ethereum-be-in-5-years/,Where Will Ethereum Be in 5 Years?,Dominic Basulto,https://g.foolcdn.com/image/?url=https%3A%2F%2Fg.foolcdn.com%2Feditorial%2Fimages%2F814525%2Fwoman-using-ethereum.jpg&op=resize&w=700,www.fool.com,"Blockchain,Financial Markets",0.278127,Somewhat-Bullish,"[{""ticker"": ""CRCW"", ""relevance_score"": ""0.051999"", ""ticker_sentiment_score"": ""0.169921"", ""ticker_sentiment_label"": ""Somewhat-Bullish""}, {""ticker"": ""CRYPTO:BTC"", ""relevance_score"": ""0.103778"", ""ticker_sentiment_score"": ""0.074382"", ""ticker_sentiment_label"": ""Neutral""}, {""ticker"": ""CRYPTO:ETH"", ""relevance_score"": ""0.932163"", ""ticker_sentiment_score"": ""0.469701"", ""ticker_sentiment_label"": ""Bullish""}, {""ticker"": ""CRYPTO:ADA"", ""relevance_score"": ""0.051999"", ""ticker_sentiment_score"": ""-0.034998"", ""ticker_sentiment_label"": ""Neutral""}]"
2025-04-15,"VICTORIA, Seychelles, April 15, 2025 ( GLOBE NEWSWIRE ) -- Bitget, the leading cryptocurrency exchange, and Web3 company, is kicking off a dynamic new campaign with LALIGA, featuring Barcelona's electrifying winger Raphinha.",Benzinga,https://www.benzinga.com/pressreleases/25/04/g44808354/bitget-unveils-new-ad-featuring-fc-barcelona-star-raphinha-to-champion-smarter-crypto-solutions,0.045569,https://www.benzinga.com/pressreleases/25/04/g44808354/bitget-unveils-new-ad-featuring-fc-barcelona-star-raphinha-to-champion-smarter-crypto-solutions,Bitget Unveils New Ad Featuring FC Barcelona Star Raphinha to Champion Smarter Crypto Solutions,Globe Newswire,https://ml-eu.globenewswire.com/Resource/Download/3d035087-a248-41fb-a491-eb9990eff6ab/image2.png,www.benzinga.com,"Technology,Blockchain,Financial Markets",0.3782,Bullish,"[{""ticker"": ""GOOG"", ""relevance_score"": ""0.045569"", ""ticker_sentiment_score"": ""0.0"", ""ticker_sentiment_label"": ""Neutral""}, {""ticker"": ""FOREX:BDT"", ""relevance_score"": ""0.045569"", ""ticker_sentiment_score"": ""0.20129"", ""ticker_sentiment_label"": ""Somewhat-Bullish""}, {""ticker"": ""CRYPTO:BTC"", ""relevance_score"": ""0.045569"", ""ticker_sentiment_score"": ""0.150166"", ""ticker_sentiment_label"": ""Somewhat-Bullish""}, {""ticker"": ""CRYPTO:ETH"", ""relevance_score"": ""0.045569"", ""ticker_sentiment_score"": ""0.150166"", ""ticker_sentiment_label"": ""Somewhat-Bullish""}]"
2025-04-15,"TORONTO, April 15, 2025 ( GLOBE NEWSWIRE ) -- Purpose Investments Inc. ( ""Purpose"" ) , the firm behind the world's first spot Bitcoin and Ether ETFs, is set to launch the world's first spot Solana ETF - Purpose Solana ETF SOLL. The ETF is expected to commence trading on the Toronto Stock ...",Benzinga,https://www.benzinga.com/pressreleases/25/04/g44809638/purpose-investments-to-launch-worlds-first-spot-solana-etf,0.28177,https://www.benzinga.com/pressreleases/25/04/g44809638/purpose-investments-to-launch-worlds-first-spot-solana-etf,Purpose Investments to Launch World's First Spot Solana ETF,Globe Newswire,https://www.benzinga.com/next-assets/images/schema-image-default.png,www.benzinga.com,"IPO,Blockchain,Financial Markets",0.249703,Somewhat-Bullish,"[{""ticker"": ""FOREX:UZS"", ""relevance_score"": ""0.04111"", ""ticker_sentiment_score"": ""0.252455"", ""ticker_sentiment_label"": ""Somewhat-Bullish""}, {""ticker"": ""CRYPTO:BTC"", ""relevance_score"": ""0.203386"", ""ticker_sentiment_score"": ""0.175006"", ""ticker_sentiment_label"": ""Somewhat-Bullish""}, {""ticker"": ""CRYPTO:ETH"", ""relevance_score"": ""0.28177"", ""ticker_sentiment_score"": ""0.249316"", ""ticker_sentiment_label"": ""Somewhat-Bullish""}, {""ticker"": ""CRYPTO:HPB"", ""relevance_score"": ""0.04111"", ""ticker_sentiment_score"": ""0.14968"", ""ticker_sentiment_label"": ""Neutral""}]"
2025-04-15,Cybersecurity researchers believe the exploit was due to manipulation of the decentralized exchange's price oracle.,Decrypt.co,https://decrypt.co/314827/binance-backed-dex-kiloex-suspends-operations-following-7-5-million-exploit,0.263942,https://decrypt.co/314827/binance-backed-dex-kiloex-suspends-operations-following-7-5-million-exploit,Binance-Backed DEX KiloEX Suspends Operations Following $7.5 Million Exploit,Will McCurdy,https://cdn.decrypt.co/resize/1024/height/512/wp-content/uploads/2023/05/crypto-hacker-on-computer-gID_7.jpg,decrypt.co,Blockchain,-0.169035,Somewhat-Bearish,"[{""ticker"": ""CRYPTO:BTC"", ""relevance_score"": ""0.177802"", ""ticker_sentiment_score"": ""0.16738"", ""ticker_sentiment_label"": ""Somewhat-Bullish""}, {""ticker"": ""CRYPTO:ETH"", ""relevance_score"": ""0.263942"", ""ticker_sentiment_score"": ""0.07566"", ""ticker_sentiment_label"": ""Neutral""}, {""ticker"": ""CRYPTO:BNB"", ""relevance_score"": ""0.263942"", ""ticker_sentiment_score"": ""0.109855"", ""ticker_sentiment_label"": ""Neutral""}]"
2025-04-15,"SINGAPORE, April 15, 2025 ( GLOBE NEWSWIRE ) -- Permissionless liquidity layer Orderly has launched OmniVault, a solution that enables everyday DeFi users to become liquidity providers ( LPs ) to earn high yields on their assets passively.",Benzinga,https://www.benzinga.com/pressreleases/25/04/g44806331/orderly-launches-high-yield-omnivault-for-liquidity-providers,0.059785,https://www.benzinga.com/pressreleases/25/04/g44806331/orderly-launches-high-yield-omnivault-for-liquidity-providers,Orderly Launches High-Yield OmniVault for Liquidity Providers,Globe Newswire,https://www.benzinga.com/next-assets/images/schema-image-default.png,www.benzinga.com,"Blockchain,Financial Markets",0.477082,Bullish,"[{""ticker"": ""CRYPTO:ETH"", ""relevance_score"": ""0.059785"", ""ticker_sentiment_score"": ""0.217059"", ""ticker_sentiment_label"": ""Somewhat-Bullish""}]"
2025-04-16,"Liquid staking has become a dominant element in Defi, reshaping how people engage with leading blockchain networks like Ethereum, Solana, and others. Traditional staking locks tokens for a set period and limits what holders can do with their assets.",Benzinga,https://www.benzinga.com/partner/general/25/04/44848388/the-freedom-liquid-staking-gives-inside-the-defi-revolution-with-jpool,0.123052,https://www.benzinga.com/partner/general/25/04/44848388/the-freedom-liquid-staking-gives-inside-the-defi-revolution-with-jpool,The Freedom Liquid Staking Gives: Inside The DeFi Revolution With JPool,Tom White,https://cdn.benzinga.com/files/images/story/2025/04/16/Untitled-design---2025-04-16T234058-572.png?width=1200&height=800&fit=crop,www.benzinga.com,"Blockchain,Financial Markets",0.395997,Bullish,"[{""ticker"": ""CRYPTO:ETH"", ""relevance_score"": ""0.123052"", ""ticker_sentiment_score"": ""0.211108"", ""ticker_sentiment_label"": ""Somewhat-Bullish""}]"
2025-04-16,"Panama's crypto move aligns with the global shift toward digital assets, recently amplified by U.S. policy under Trump. Trump's administration has championed crypto by launching a Bitcoin reserve and repealing restrictive DeFi tax rules.",Benzinga,https://www.benzinga.com/markets/cryptocurrency/25/04/44843430/panama-city-council-now-accepts-bitcoin-ethereum-for-taxes-fines-fees,0.176502,https://www.benzinga.com/markets/cryptocurrency/25/04/44843430/panama-city-council-now-accepts-bitcoin-ethereum-for-taxes-fines-fees,"Panama City Council Now Accepts Bitcoin, Ethereum For Taxes, Fines, Fees",Murtuza J Merchant,https://cdn.benzinga.com/files/images/story/2025/04/16/Panama-Shutterstock.jpeg?width=1200&height=800&fit=crop,www.benzinga.com,"Economy - Monetary,Blockchain,Financial Markets",0.20672,Somewhat-Bullish,"[{""ticker"": ""CRYPTO:BTC"", ""relevance_score"": ""0.422897"", ""ticker_sentiment_score"": ""0.079433"", ""ticker_sentiment_label"": ""Neutral""}, {""ticker"": ""CRYPTO:ETH"", ""relevance_score"": ""0.176502"", ""ticker_sentiment_score"": ""0.11562"", ""ticker_sentiment_label"": ""Neutral""}, {""ticker"": ""CRYPTO:USDT"", ""relevance_score"": ""0.088799"", ""ticker_sentiment_score"": ""0.084706"", ""ticker_sentiment_label"": ""Neutral""}]"
2025-04-16,"The president's trade war has yielded persistent headwinds for risk assets, Coinbase's global head of research noted.",Decrypt.co,https://decrypt.co/315089/bitcoin-steadies-but-coinbase-analyst-sees-crypto-winter-tariffs,0.086556,https://decrypt.co/315089/bitcoin-steadies-but-coinbase-analyst-sees-crypto-winter-tariffs,Bitcoin Steadies but Coinbase Analyst Sees Crypto Winter Brewing on Tariffs,André Beganski,https://cdn.decrypt.co/resize/1024/height/512/wp-content/uploads/2023/10/Bitcoin-Ice-Blue-shutterstock_2127032996-16x9-1-gID_7.jpg,decrypt.co,"Finance,Blockchain,Financial Markets",-0.139341,Neutral,"[{""ticker"": ""COIN"", ""relevance_score"": ""0.172097"", ""ticker_sentiment_score"": ""-0.045745"", ""ticker_sentiment_label"": ""Neutral""}, {""ticker"": ""CRYPTO:BTC"", ""relevance_score"": ""0.33628"", ""ticker_sentiment_score"": ""-0.200012"", ""ticker_sentiment_label"": ""Somewhat-Bearish""}, {""ticker"": ""CRYPTO:ETH"", ""relevance_score"": ""0.086556"", ""ticker_sentiment_score"": ""-0.06585"", ""ticker_sentiment_label"": ""Neutral""}, {""ticker"": ""CRYPTO:XRP"", ""relevance_score"": ""0.086556"", ""ticker_sentiment_score"": ""-0.06585"", ""ticker_sentiment_label"": ""Neutral""}]"
2025-04-16,"Troubled decentralized finance ( DeFi ) platform Mantra released an official statement addressing the reasons for a 92% flash crash of its OM token on April 13.An April 16 announcement titled ""Statement of Events: 13 April 2025"" reiterates that the crash did not involve any token sales by the ...",Cointelegraph,https://cointelegraph.com/news/mantra-post-crash-statement-key-questions-unanswered,0.099066,https://cointelegraph.com/news/mantra-post-crash-statement-key-questions-unanswered,Mantra post-OM token crash statement leaves key questions unanswered,Helen Partz,https://s3.cointelegraph.com/uploads/2025-04/01963ee6-5c4a-76af-bdde-b71f658ea218,cointelegraph.com,,-0.021419,Neutral,"[{""ticker"": ""CRYPTO:ETH"", ""relevance_score"": ""0.099066"", ""ticker_sentiment_score"": ""0.0"", ""ticker_sentiment_label"": ""Neutral""}]"
2025-04-16,"Ahead of a massive token unlock on Thursday, the TRUMP meme coin team withdrew $4.6 million worth of USDC from a liquidity pool.",Decrypt.co,https://decrypt.co/315124/trump-meme-coin-team-withdraws-millions,0.118064,https://decrypt.co/315124/trump-meme-coin-team-withdraws-millions,Trump Meme Coin Team Withdraws $4.6M to Coinbase Ahead of $309M Token Unlock,Sander Lutz,https://cdn.decrypt.co/resize/1024/height/512/wp-content/uploads/2025/02/president-trump-gID_7.png,decrypt.co,Finance,0.131364,Neutral,"[{""ticker"": ""COIN"", ""relevance_score"": ""0.344074"", ""ticker_sentiment_score"": ""0.166279"", ""ticker_sentiment_label"": ""Somewhat-Bullish""}, {""ticker"": ""CRYPTO:ETH"", ""relevance_score"": ""0.118064"", ""ticker_sentiment_score"": ""0.091002"", ""ticker_sentiment_label"": ""Neutral""}]"
2025-04-16,"Bigcoin's surge was short-lived, but with crypto gaming vibes down in the dumps lately, will it spark a fresh wave of ""Ponzi"" games?",Decrypt.co,https://decrypt.co/315129/crypto-degens-next-ponzi-game-bigcoin,0.042421,https://decrypt.co/315129/crypto-degens-next-ponzi-game-bigcoin,Crypto Degens Search for Next 'Ponzi Game' After 'Bigcoin' Price Craters,Ryan S. Gladwin,https://cdn.decrypt.co/resize/1024/height/512/wp-content/uploads/2025/04/Bigcoin-Screenshot2-gID_7.png,decrypt.co,,0.178046,Somewhat-Bullish,"[{""ticker"": ""CRYPTO:BTC"", ""relevance_score"": ""0.084722"", ""ticker_sentiment_score"": ""0.078891"", ""ticker_sentiment_label"": ""Neutral""}, {""ticker"": ""CRYPTO:ETH"", ""relevance_score"": ""0.042421"", ""ticker_sentiment_score"": ""0.038385"", ""ticker_sentiment_label"": ""Neutral""}, {""ticker"": ""CRYPTO:MNE"", ""relevance_score"": ""0.042421"", ""ticker_sentiment_score"": ""0.095715"", ""ticker_sentiment_label"": ""Neutral""}]"
2025-04-16,"Dubai-based DWF Labs has purchased $25 million in WLFI, the native token of the Trump family-backed World Liberty Financial.",Decrypt.co,https://decrypt.co/315093/trump-ethereum-defi-project-big-investment,0.107016,https://decrypt.co/315093/trump-ethereum-defi-project-big-investment,Trump Ethereum DeFi Project Gets Another Big Investment,Mat Di Salvo,https://cdn.decrypt.co/resize/1024/height/512/wp-content/uploads/2024/10/donald-trump-world-liberty-financial-gID_7.jpg,decrypt.co,Blockchain,0.274395,Somewhat-Bullish,"[{""ticker"": ""WFHG"", ""relevance_score"": ""0.107016"", ""ticker_sentiment_score"": ""0.083879"", ""ticker_sentiment_label"": ""Neutral""}, {""ticker"": ""CRYPTO:BTC"", ""relevance_score"": ""0.107016"", ""ticker_sentiment_score"": ""0.134705"", ""ticker_sentiment_label"": ""Neutral""}, {""ticker"": ""CRYPTO:ETH"", ""relevance_score"": ""0.107016"", ""ticker_sentiment_score"": ""0.079068"", ""ticker_sentiment_label"": ""Neutral""}]"
2025-04-16,"Solana's native token SOL ( SOL ) failed to maintain its bullish momentum after reaching the $134 level on April 14, but an assortment of data points suggest that the altcoin's rally is not over. SOL price is currently 57% down from its all-time high, partially due to a sharp decline in its DApps ...",Cointelegraph,https://cointelegraph.com/news/solana-price-is-up-36-from-its-crypto-market-crash-lows-is-180-sol-the-next-stop,0.346642,https://cointelegraph.com/news/solana-price-is-up-36-from-its-crypto-market-crash-lows-is-180-sol-the-next-stop,Solana price is up 36% from its crypto market crash lows - Is $180 SOL the next stop?,Marcel Pechman,https://s3.cointelegraph.com/uploads/2025-04/01964038-c908-7cc6-bb04-54b40525816c,cointelegraph.com,"Blockchain,Financial Markets",0.200353,Somewhat-Bullish,"[{""ticker"": ""CRYPTO:BTC"", ""relevance_score"": ""0.142565"", ""ticker_sentiment_score"": ""-0.032639"", ""ticker_sentiment_label"": ""Neutral""}, {""ticker"": ""CRYPTO:ETH"", ""relevance_score"": ""0.346642"", ""ticker_sentiment_score"": ""0.273082"", ""ticker_sentiment_label"": ""Somewhat-Bullish""}, {""ticker"": ""CRYPTO:UNI"", ""relevance_score"": ""0.07157"", ""ticker_sentiment_score"": ""0.090061"", ""ticker_sentiment_label"": ""Neutral""}, {""ticker"": ""CRYPTO:CAKE"", ""relevance_score"": ""0.07157"", ""ticker_sentiment_score"": ""0.090061"", ""ticker_sentiment_label"": ""Neutral""}]"
2025-04-16,The defendants argue their case should be dropped in part because of a recent DOJ memo outlining new crypto policies under the Trump administration.,Decrypt.co,https://decrypt.co/315171/mit-crypto-bros-seek-dismissal-fraud-case-doj-memo-trump,0.222157,https://decrypt.co/315171/mit-crypto-bros-seek-dismissal-fraud-case-doj-memo-trump,Crypto Bros Argue Trump Policy Shift Means $25M Fraud Case Should Be Tossed,Sander Lutz,https://cdn.decrypt.co/resize/1024/height/512/wp-content/uploads/2023/01/sbf-court-ftx-new-work-manhattan-gID_7.jpeg,decrypt.co,Blockchain,-0.205371,Somewhat-Bearish,"[{""ticker"": ""CRYPTO:ETH"", ""relevance_score"": ""0.222157"", ""ticker_sentiment_score"": ""-0.302568"", ""ticker_sentiment_label"": ""Somewhat-Bearish""}]"
2025-04-16,"Panama's largest city will allow its citizens to pay for taxes, tickets, fees and permits in Bitcoin, Ethereum, and stablecoins.",Decrypt.co,https://decrypt.co/315174/panama-city-accept-bitcoin-ethereum-payments,0.108466,https://decrypt.co/315174/panama-city-accept-bitcoin-ethereum-payments,"Panama City Will Accept Bitcoin, Ethereum as Payment for Public Services",Liz Napolitano,https://cdn.decrypt.co/resize/1024/height/512/wp-content/uploads/2022/04/Panama-gID_7.jpeg,decrypt.co,Blockchain,0.191383,Somewhat-Bullish,"[{""ticker"": ""CRYPTO:BTC"", ""relevance_score"": ""0.414559"", ""ticker_sentiment_score"": ""0.148076"", ""ticker_sentiment_label"": ""Neutral""}, {""ticker"": ""CRYPTO:ETH"", ""relevance_score"": ""0.108466"", ""ticker_sentiment_score"": ""0.051591"", ""ticker_sentiment_label"": ""Neutral""}, {""ticker"": ""CRYPTO:USDT"", ""relevance_score"": ""0.108466"", ""ticker_sentiment_score"": ""0.051591"", ""ticker_sentiment_label"": ""Neutral""}]"
2025-04-16,"Panama's capital city will accept cryptocurrency payments for taxes and municipal fees, including bus tickets and permits, Panama City mayor Mayer Mizrachi announced on April 15, joining a growing list of jurisdictions globally that have voted to accept such payments.Panama City will begin ...",Cointelegraph,https://cointelegraph.com/news/panama-city-votes-accept-crypto-taxes-fees,0.206685,https://cointelegraph.com/news/panama-city-votes-accept-crypto-taxes-fees,"Panama's capital to accept crypto for taxes, municipal fees",Vince Quill,https://s3.cointelegraph.com/uploads/2025-04/01964081-10a2-75f6-a19b-22895a2eefd9,cointelegraph.com,"Economy - Monetary,Blockchain",0.220291,Somewhat-Bullish,"[{""ticker"": ""CRYPTO:BTC"", ""relevance_score"": ""0.640873"", ""ticker_sentiment_score"": ""0.344349"", ""ticker_sentiment_label"": ""Somewhat-Bullish""}, {""ticker"": ""CRYPTO:ETH"", ""relevance_score"": ""0.206685"", ""ticker_sentiment_score"": ""0.129959"", ""ticker_sentiment_label"": ""Neutral""}, {""ticker"": ""CRYPTO:USDT"", ""relevance_score"": ""0.104228"", ""ticker_sentiment_score"": ""0.088125"", ""ticker_sentiment_label"": ""Neutral""}]"
2025-04-16,"Global crypto market cap holds steady, down 0.02% to $2.67 trillion. Traders caution against shorting before Friday, but some eye a Bitcoin rebound toward $90,000. China's new tariffs just reignited the same market patterns that led to triple- and quadruple-digit wins for Matt Maley.",Benzinga,https://www.benzinga.com/25/04/44849430/bitcoin-ethereum-xrp-dogecoin-relatively-flat-as-powell-delivers-outlook-refrain-from-shorting-until-friday,0.067727,https://www.benzinga.com/25/04/44849430/bitcoin-ethereum-xrp-dogecoin-relatively-flat-as-powell-delivers-outlook-refrain-from-shorting-until-friday,"Bitcoin, Ethereum, XRP, Dogecoin Dip As Recession Fears Linger",Khyathi Dalal,https://cdn.benzinga.com/files/images/story/2025/04/16/Cryptocurrency-On-Binance-Trading-App--B.jpeg?width=1200&height=800&fit=crop,www.benzinga.com,"Economy - Monetary,Financial Markets,Finance,Blockchain",0.211602,Somewhat-Bullish,"[{""ticker"": ""COIN"", ""relevance_score"": ""0.067727"", ""ticker_sentiment_score"": ""-0.157913"", ""ticker_sentiment_label"": ""Somewhat-Bearish""}, {""ticker"": ""CRYPTO:BTC"", ""relevance_score"": ""0.692191"", ""ticker_sentiment_score"": ""0.263321"", ""ticker_sentiment_label"": ""Somewhat-Bullish""}, {""ticker"": ""CRYPTO:ETH"", ""relevance_score"": ""0.067727"", ""ticker_sentiment_score"": ""0.187754"", ""ticker_sentiment_label"": ""Somewhat-Bullish""}]"
2025-04-16,"The cryptocurrency mining machine maker missed a market boom last year, and is ramping up its own bitcoin production just as the sector shows signs of stumbling Canaan boosted its bitcoin production by about 10% in March from February after a bitcoin ""halving"" event last year dampened demand for ...",Benzinga,https://www.benzinga.com/markets/cryptocurrency/25/04/44840816/an-undervalued-bitcoin-stock-to-watch-amid-market-turmoil,0.033894,https://www.benzinga.com/markets/cryptocurrency/25/04/44840816/an-undervalued-bitcoin-stock-to-watch-amid-market-turmoil,An Undervalued Bitcoin Stock To Watch Amid Market Turmoil,The Bamboo Works,https://contributor-assets.benzinga.com/wp-content/uploads/2025/04/16063950/Canaan-0416.jpeg,www.benzinga.com,"Financial Markets,Manufacturing,Earnings,Blockchain",0.162038,Somewhat-Bullish,"[{""ticker"": ""EBON"", ""relevance_score"": ""0.033894"", ""ticker_sentiment_score"": ""0.042106"", ""ticker_sentiment_label"": ""Neutral""}, {""ticker"": ""CAN"", ""relevance_score"": ""0.389889"", ""ticker_sentiment_score"": ""0.205106"", ""ticker_sentiment_label"": ""Somewhat-Bullish""}, {""ticker"": ""FUFU"", ""relevance_score"": ""0.033894"", ""ticker_sentiment_score"": ""0.042106"", ""ticker_sentiment_label"": ""Neutral""}, {""ticker"": ""CRYPTO:BTC"", ""relevance_score"": ""0.580544"", ""ticker_sentiment_score"": ""0.176487"", ""ticker_sentiment_label"": ""Somewhat-Bullish""}, {""ticker"": ""CRYPTO:ETH"", ""relevance_score"": ""0.033894"", ""ticker_sentiment_score"": ""-0.144441"", ""ticker_sentiment_label"": ""Neutral""}]"
2025-04-16,"Asset manager Bitwise has listed four Bitcoin ( BTC ) and Ether ( ETH ) exchange-traded products on the London Stock Exchange, expanding its presence in the European region.The listings include the Bitwise Core Bitcoin ETP, the Bitwise Physical Bitcoin ETP, Bitwise's Physical Ethereum ETP, and ...",Cointelegraph,https://cointelegraph.com/news/bitwise-lists-four-crypto-etps-london-stock-exchange,0.496915,https://cointelegraph.com/news/bitwise-lists-four-crypto-etps-london-stock-exchange,Bitwise lists four crypto ETPs on London stock exchange,Vince Quill,https://s3.cointelegraph.com/uploads/2025-04/01963f56-2d8d-71e2-8e5b-de087cca018a,cointelegraph.com,"Blockchain,Financial Markets",0.26755,Somewhat-Bullish,"[{""ticker"": ""LDNXF"", ""relevance_score"": ""0.106541"", ""ticker_sentiment_score"": ""0.075695"", ""ticker_sentiment_label"": ""Neutral""}, {""ticker"": ""CRYPTO:BTC"", ""relevance_score"": ""0.578355"", ""ticker_sentiment_score"": ""0.396834"", ""ticker_sentiment_label"": ""Bullish""}, {""ticker"": ""CRYPTO:ETH"", ""relevance_score"": ""0.496915"", ""ticker_sentiment_score"": ""0.352455"", ""ticker_sentiment_label"": ""Bullish""}, {""ticker"": ""CRYPTO:DOGE"", ""relevance_score"": ""0.312158"", ""ticker_sentiment_score"": ""0.217099"", ""ticker_sentiment_label"": ""Somewhat-Bullish""}]"
2025-04-16,"Crypto market maker DWF Labs announced a $25 million investment in World Liberty Financial, the decentralized finance ( DeFi ) project backed by US President Donald Trump and his sons, as the company expands into the United States with an office in New York City.",Cointelegraph,https://cointelegraph.com/news/wlfi-investment-25-million-dwf-labs-usd1-stablecoin,0.092927,https://cointelegraph.com/news/wlfi-investment-25-million-dwf-labs-usd1-stablecoin,Trump-linked World Liberty Financial gets $25M investment from DWF Labs,Ezra Reguerra,"https://images.cointelegraph.com/cdn-cgi/image/format=auto,onerror=redirect,quality=90,width=1200/https://s3.cointelegraph.com/uploads/2025-04/01963ebc-980a-7d41-8dcd-e6e384063880",cointelegraph.com,"Earnings,Blockchain,Financial Markets",0.189643,Somewhat-Bullish,"[{""ticker"": ""FOREX:USD"", ""relevance_score"": ""0.184598"", ""ticker_sentiment_score"": ""0.184757"", ""ticker_sentiment_label"": ""Somewhat-Bullish""}, {""ticker"": ""CRYPTO:ETH"", ""relevance_score"": ""0.092927"", ""ticker_sentiment_score"": ""0.063538"", ""ticker_sentiment_label"": ""Neutral""}, {""ticker"": ""CRYPTO:BNB"", ""relevance_score"": ""0.092927"", ""ticker_sentiment_score"": ""0.063538"", ""ticker_sentiment_label"": ""Neutral""}]"
2025-04-16,"Ethereum's push toward layer-2 ( L2 ) blockchain scalability may be a double-edged sword for Ether, potentially weakening the value accrual of the world's second-largest cryptocurrency, according to a new report from Binance Research.The report suggests that Ethereum's L2 blockchain networks - ...",Cointelegraph,https://cointelegraph.com/news/ethereum-l2-development-double-edged-sword-ether-value,0.829921,https://cointelegraph.com/news/ethereum-l2-development-double-edged-sword-ether-value,Ethereum L2 development is 'double-edged sword' for ETH value,Zoltan Vardai,https://s3.cointelegraph.com/uploads/2025-04/01963e14-97e4-7709-97fb-a567f4e2b337,cointelegraph.com,"Technology,Blockchain",0.19517,Somewhat-Bullish,"[{""ticker"": ""GOOG"", ""relevance_score"": ""0.072876"", ""ticker_sentiment_score"": ""0.0"", ""ticker_sentiment_label"": ""Neutral""}, {""ticker"": ""CRYPTO:ETH"", ""relevance_score"": ""0.829921"", ""ticker_sentiment_score"": ""0.465853"", ""ticker_sentiment_label"": ""Bullish""}, {""ticker"": ""CRYPTO:BNB"", ""relevance_score"": ""0.072876"", ""ticker_sentiment_score"": ""0.039198"", ""ticker_sentiment_label"": ""Neutral""}]"
2025-04-16,"Leading cryptocurrencies dipped alongside stock futures Tuesday as Nvidia Corp. NVDA shares tumbled after being informed by the U.S. government that it will need a license to export chips to China. What Happened: Bitcoin peaked at a high of $86,429.35 in early trading before a sharp decline to ...",Benzinga,https://www.benzinga.com/25/04/44830360/bitcoin-ethereum-dogecoin-match-stock-futures-decline-as-nvidia-faces-pressure-analyst-sees-signs-of-resumption-o,0.072876,https://www.benzinga.com/25/04/44830360/bitcoin-ethereum-dogecoin-match-stock-futures-decline-as-nvidia-faces-pressure-analyst-sees-signs-of-resumption-o,"Bitcoin, Ethereum, Dogecoin Match Decline In Stock Futures As Nvidia Hit By China Chip Curbs: Analyst Hopes For New BTC All-Time High In Q2 - Grayscale Bitcoin Mini Trust  ( BTC )  Common units of fractional undivided beneficial interest  ( ARCA:BTC ) ",Aniket Verma,https://cdn.benzinga.com/files/images/story/2025/04/15/Golden-Bitcoin-Lies-On-The-Banknotes-new.jpeg?width=1200&height=800&fit=crop,www.benzinga.com,"Economy - Monetary,Financial Markets,Manufacturing,Blockchain",0.041289,Neutral,"[{""ticker"": ""NVDA"", ""relevance_score"": ""0.216215"", ""ticker_sentiment_score"": ""0.208221"", ""ticker_sentiment_label"": ""Somewhat-Bullish""}, {""ticker"": ""CRYPTO:BTC"", ""relevance_score"": ""0.416844"", ""ticker_sentiment_score"": ""-0.079595"", ""ticker_sentiment_label"": ""Neutral""}, {""ticker"": ""CRYPTO:ETH"", ""relevance_score"": ""0.072876"", ""ticker_sentiment_score"": ""-0.05306"", ""ticker_sentiment_label"": ""Neutral""}]"
2025-04-16,"Real-world asset-focused coin MANTRA OM/USD topped the cryptocurrency gainers list on Tuesday, recovering marginally from its weekend crash. What happened: OM soared nearly 28% to become the most successful coin in the market, defying the declines in blue-chip assets such as Bitcoin BTC/USD and ...",Benzinga,https://www.benzinga.com/25/04/44830599/om-token-rallies-28-to-give-marginal-relief-to-holders-after-co-founder-assures-post-mortem-supply-burn,0.208464,https://www.benzinga.com/25/04/44830599/om-token-rallies-28-to-give-marginal-relief-to-holders-after-co-founder-assures-post-mortem-supply-burn,"OM Token Rallies 28%, Gives Marginal Relief To Crash-Hit Holders After MANTRA Co-founder Assures 'Post-Mortem Report,' Supply Burn - Outset Medical  ( NASDAQ:OM ) ",Aniket Verma,https://cdn.benzinga.com/files/images/story/2025/04/15/Flying-Altcoins-With-Bitcoin-In-The-Cent.jpeg?width=1200&height=800&fit=crop,www.benzinga.com,"Blockchain,Financial Markets",0.193474,Somewhat-Bullish,"[{""ticker"": ""CRYPTO:BTC"", ""relevance_score"": ""0.208464"", ""ticker_sentiment_score"": ""0.139101"", ""ticker_sentiment_label"": ""Neutral""}, {""ticker"": ""CRYPTO:ETH"", ""relevance_score"": ""0.208464"", ""ticker_sentiment_score"": ""0.139101"", ""ticker_sentiment_label"": ""Neutral""}]"
2025-04-16,Developers behind the Ethereum layer 2 Aztec Network have launched a whistleblowing platform called StealthNote that allows workers to vent about their employer without revealing themselves.StealthNote uses zero-knowledge proofs to prove that posts on its platform are written by someone with ...,Cointelegraph,https://cointelegraph.com/news/aztec-stealthnote-privacy-corporate-whistleblowers,0.463792,https://cointelegraph.com/news/aztec-stealthnote-privacy-corporate-whistleblowers,Aztec launches StealthNote app giving privacy to corporate whistleblowers,Brayden Lindrea,https://s3.cointelegraph.com/uploads/2025-04/01963cc6-4196-7cae-9ac7-b128bfef7d4a,cointelegraph.com,Technology,0.153477,Somewhat-Bullish,"[{""ticker"": ""GOOG"", ""relevance_score"": ""0.122894"", ""ticker_sentiment_score"": ""0.046716"", ""ticker_sentiment_label"": ""Neutral""}, {""ticker"": ""CRYPTO:ETH"", ""relevance_score"": ""0.463792"", ""ticker_sentiment_score"": ""0.231788"", ""ticker_sentiment_label"": ""Somewhat-Bullish""}]"
2025-04-16,"Cathie Wood, the founder of asset management firm Ark Invest, hailed the sharp growth of decentralized finance vis-à-vis centralized finance on Tuesday, calling it a ""financial services revolution."" What Happened: The influential investor was responding to an X post by Lorenzo Valiente.",Benzinga,https://www.benzinga.com/25/04/44831018/cathie-wood-declares-financial-services-revolution-after-data-shows-decentralized-finance-surpassing-traditional-,0.262522,https://www.benzinga.com/25/04/44831018/cathie-wood-declares-financial-services-revolution-after-data-shows-decentralized-finance-surpassing-traditional-,Cathie Wood Calls It 'Financial Services Revolution' After Ark Analyst Highlights DeFi's Dominance Over Traditional Banking System,Aniket Verma,https://cdn.benzinga.com/files/images/story/2025/04/16/Kyiv--Ukraine---February-25--2021-In-Thi.jpeg?width=1200&height=800&fit=crop,www.benzinga.com,"Blockchain,Financial Markets",0.292178,Somewhat-Bullish,"[{""ticker"": ""CRYPTO:BTC"", ""relevance_score"": ""0.262522"", ""ticker_sentiment_score"": ""0.0"", ""ticker_sentiment_label"": ""Neutral""}, {""ticker"": ""CRYPTO:ETH"", ""relevance_score"": ""0.262522"", ""ticker_sentiment_score"": ""0.0"", ""ticker_sentiment_label"": ""Neutral""}, {""ticker"": ""CRYPTO:UNI"", ""relevance_score"": ""0.262522"", ""ticker_sentiment_score"": ""0.070989"", ""ticker_sentiment_label"": ""Neutral""}]"
2025-04-16,"The 2025 US-China trade war On April 2, 2025, President Donald Trump declared a national economic emergency and announced sweeping new import tariffs.Dubbed ""Liberation Day,"" the policy set a baseline 10% tariff on all foreign goods, with a massive 145% rate on products from China.",Cointelegraph,https://cointelegraph.com/explained/how-trade-wars-impact-stocks-and-crypto,0.078611,https://cointelegraph.com/explained/how-trade-wars-impact-stocks-and-crypto,Cointelegraph Bitcoin & Ethereum Blockchain News,,https://s3.cointelegraph.com/storage/uploads/view/9dd828ff519567620f66f2f335442fdd.jpg,cointelegraph.com,"Economy - Monetary,Financial Markets,Earnings,Blockchain",-0.117009,Neutral,"[{""ticker"": ""YIPI"", ""relevance_score"": ""0.026241"", ""ticker_sentiment_score"": ""-0.073884"", ""ticker_sentiment_label"": ""Neutral""}, {""ticker"": ""FOREX:CNY"", ""relevance_score"": ""0.026241"", ""ticker_sentiment_score"": ""-0.048075"", ""ticker_sentiment_label"": ""Neutral""}, {""ticker"": ""CRYPTO:BTC"", ""relevance_score"": ""0.130642"", ""ticker_sentiment_score"": ""-0.011028"", ""ticker_sentiment_label"": ""Neutral""}, {""ticker"": ""CRYPTO:ETH"", ""relevance_score"": ""0.078611"", ""ticker_sentiment_score"": ""0.010303"", ""ticker_sentiment_label"": ""Neutral""}]"
2025-04-16,"VICTORIA, Seychelles, April 16, 2025 /PRNewswire/ -- Bitget, the leading cryptocurrency exchange and Web3 company, announced the listing of GOMBLE ( GM ) for spot trading and the launch of an exclusive Launchpool rewards campaign.",Benzinga,https://www.benzinga.com/pressreleases/25/04/n44832510/bitget-launchpool-to-introduce-gomble-gm-with-15m-tokens-in-rewards,0.059636,https://www.benzinga.com/pressreleases/25/04/n44832510/bitget-launchpool-to-introduce-gomble-gm-with-15m-tokens-in-rewards,Bitget Launchpool to Introduce GOMBLE  ( GM )  with 15M tokens in Rewards,PRNewswire,https://mma.prnewswire.com/media/2666244/Bitget_GOMBLE.jpg,www.benzinga.com,"Blockchain,Financial Markets",0.27676,Somewhat-Bullish,"[{""ticker"": ""CRYPTO:BTC"", ""relevance_score"": ""0.059636"", ""ticker_sentiment_score"": ""0.152006"", ""ticker_sentiment_label"": ""Somewhat-Bullish""}, {""ticker"": ""CRYPTO:ETH"", ""relevance_score"": ""0.059636"", ""ticker_sentiment_score"": ""0.152006"", ""ticker_sentiment_label"": ""Somewhat-Bullish""}, {""ticker"": ""CRYPTO:USDT"", ""relevance_score"": ""0.059636"", ""ticker_sentiment_score"": ""0.091999"", ""ticker_sentiment_label"": ""Neutral""}]"
2025-04-16,"Fed To Focus On Recession Risk Soon, But Bitcoin Might Not Benefit: QCP Capital How Crypto Traders Can Benefit From DeFi's Fusion With AI? Shiba Inu Burns 60 Million SHIB In A Single Transaction: What Is Going On? Bitcoin Dominance Rises: Is A Break To $93,000 Coming?",Benzinga,https://www.benzinga.com/25/04/44841133/bitcoin-strengthens-as-93k-target-looms-trump-launches-minerals-probe-amid-china-tensions-gold-tops-3300-barrick-,0.031241,https://www.benzinga.com/25/04/44841133/bitcoin-strengthens-as-93k-target-looms-trump-launches-minerals-probe-amid-china-tensions-gold-tops-3300-barrick-,"Bitcoin Strengthens As $93K Target Looms; Trump Launches Minerals Probe Amid China Tensions; Gold Tops $3,300, Barrick Signals Bullish Momentum - Top Headlines While The U.S. Slept",Akanksha Bakshi,https://cdn.benzinga.com/files/images/story/2025/04/16/Golden-Bitcoin-Lies-On-The-Banknotes-new_0.jpeg?width=1200&height=800&fit=crop,www.benzinga.com,"Life Sciences,Energy & Transportation,Technology,Finance,Blockchain,Financial Markets,Manufacturing,Earnings",-0.064165,Neutral,"[{""ticker"": ""GOLD"", ""relevance_score"": ""0.031241"", ""ticker_sentiment_score"": ""0.350742"", ""ticker_sentiment_label"": ""Bullish""}, {""ticker"": ""GOOG"", ""relevance_score"": ""0.031241"", ""ticker_sentiment_score"": ""0.151681"", ""ticker_sentiment_label"": ""Somewhat-Bullish""}, {""ticker"": ""META"", ""relevance_score"": ""0.031241"", ""ticker_sentiment_score"": ""0.0"", ""ticker_sentiment_label"": ""Neutral""}, {""ticker"": ""NVDA"", ""relevance_score"": ""0.093531"", ""ticker_sentiment_score"": ""0.003233"", ""ticker_sentiment_label"": ""Neutral""}, {""ticker"": ""UAL"", ""relevance_score"": ""0.031241"", ""ticker_sentiment_score"": ""-0.365913"", ""ticker_sentiment_label"": ""Bearish""}, {""ticker"": ""IBKR"", ""relevance_score"": ""0.031241"", ""ticker_sentiment_score"": ""-0.066082"", ""ticker_sentiment_label"": ""Neutral""}, {""ticker"": ""LRHC"", ""relevance_score"": ""0.031241"", ""ticker_sentiment_score"": ""0.163391"", ""ticker_sentiment_label"": ""Somewhat-Bullish""}, {""ticker"": ""C"", ""relevance_score"": ""0.031241"", ""ticker_sentiment_score"": ""-0.329541"", ""ticker_sentiment_label"": ""Somewhat-Bearish""}, {""ticker"": ""BAC"", ""relevance_score"": ""0.031241"", ""ticker_sentiment_score"": ""-0.329541"", ""ticker_sentiment_label"": ""Somewhat-Bearish""}, {""ticker"": ""SMLR"", ""relevance_score"": ""0.031241"", ""ticker_sentiment_score"": ""0.408497"", ""ticker_sentiment_label"": ""Bullish""}, {""ticker"": ""DASH"", ""relevance_score"": ""0.031241"", ""ticker_sentiment_score"": ""0.0"", ""ticker_sentiment_label"": ""Neutral""}, {""ticker"": ""DJT"", ""relevance_score"": ""0.031241"", ""ticker_sentiment_score"": ""-0.102558"", ""ticker_sentiment_label"": ""Neutral""}, {""ticker"": ""MIRA"", ""relevance_score"": ""0.031241"", ""ticker_sentiment_score"": ""-0.232396"", ""ticker_sentiment_label"": ""Somewhat-Bearish""}, {""ticker"": ""EADSF"", ""relevance_score"": ""0.031241"", ""ticker_sentiment_score"": ""-0.238095"", ""ticker_sentiment_label"": ""Somewhat-Bearish""}, {""ticker"": ""SSTK"", ""relevance_score"": ""0.031241"", ""ticker_sentiment_score"": ""0.323493"", ""ticker_sentiment_label"": ""Somewhat-Bullish""}, {""ticker"": ""TSLA"", ""relevance_score"": ""0.093531"", ""ticker_sentiment_score"": ""-0.054097"", ""ticker_sentiment_label"": ""Neutral""}, {""ticker"": ""RIO"", ""relevance_score"": ""0.031241"", ""ticker_sentiment_score"": ""0.104289"", ""ticker_sentiment_label"": ""Neutral""}, {""ticker"": ""UBER"", ""relevance_score"": ""0.031241"", ""ticker_sentiment_score"": ""0.0"", ""ticker_sentiment_label"": ""Neutral""}, {""ticker"": ""CRYPTO:BTC"", ""relevance_score"": ""0.185781"", ""ticker_sentiment_score"": ""0.08385"", ""ticker_sentiment_label"": ""Neutral""}, {""ticker"": ""CRYPTO:ETH"", ""relevance_score"": ""0.031241"", ""ticker_sentiment_score"": ""-0.0068"", ""ticker_sentiment_label"": ""Neutral""}, {""ticker"": ""CRYPTO:SHIB"", ""relevance_score"": ""0.062434"", ""ticker_sentiment_score"": ""-0.200196"", ""ticker_sentiment_label"": ""Somewhat-Bearish""}, {""ticker"": ""CRYPTO:DOGE"", ""relevance_score"": ""0.062434"", ""ticker_sentiment_score"": ""-0.09041"", ""ticker_sentiment_label"": ""Neutral""}]"
2025-04-16,"Seychelles-based cryptocurrency exchange OKX announced that it is reentering the US market.According to an April 16 blog post, OKX will return to the United States market along with the appointment of former Barclays director Roshan Robert as its US CEO. Robert said in the post:""Today, I'm ...",Cointelegraph,https://cointelegraph.com/news/okx-enters-the-united-states-market-following-505-m-settlement,0.270773,https://cointelegraph.com/news/okx-enters-the-united-states-market-following-505-m-settlement,OKX reenters US market following $505M DOJ settlement,Adrian Zmudzinski,https://s3.cointelegraph.com/uploads/2025-04/01963db5-7bf4-7c7d-9e7f-b48577e4ecb2,cointelegraph.com,"Finance,Blockchain,Financial Markets",0.149657,Neutral,"[{""ticker"": ""BCS"", ""relevance_score"": ""0.09186"", ""ticker_sentiment_score"": ""0.081111"", ""ticker_sentiment_label"": ""Neutral""}, {""ticker"": ""CRYPTO:BTC"", ""relevance_score"": ""0.182506"", ""ticker_sentiment_score"": ""0.268037"", ""ticker_sentiment_label"": ""Somewhat-Bullish""}, {""ticker"": ""CRYPTO:ETH"", ""relevance_score"": ""0.270773"", ""ticker_sentiment_score"": ""0.238435"", ""ticker_sentiment_label"": ""Somewhat-Bullish""}, {""ticker"": ""CRYPTO:USDT"", ""relevance_score"": ""0.09186"", ""ticker_sentiment_score"": ""0.19434"", ""ticker_sentiment_label"": ""Somewhat-Bullish""}, {""ticker"": ""CRYPTO:XRP"", ""relevance_score"": ""0.09186"", ""ticker_sentiment_score"": ""0.01473"", ""ticker_sentiment_label"": ""Neutral""}]"
2025-04-16,"VICTORIA, Seychelles, April 16, 2025 ( GLOBE NEWSWIRE ) -- Bitget, the leading cryptocurrency exchange and Web3 company, has launched a groundbreaking addition to its affiliate program: the first-ever on-chain affiliate initiative in the crypto exchange sector, offering partners up to 40% in ...",Benzinga,https://www.benzinga.com/pressreleases/25/04/g44833381/bitget-launches-industry-first-on-chain-affiliate-program-with-40-rebates-to-support-content-creat,0.048425,https://www.benzinga.com/pressreleases/25/04/g44833381/bitget-launches-industry-first-on-chain-affiliate-program-with-40-rebates-to-support-content-creat,Bitget Launches Industry-First On-Chain Affiliate Program with 40% Rebates to Support Content Creators,Globe Newswire,https://ml-eu.globenewswire.com/Resource/Download/e8613f35-892b-4e0c-a134-abd46ff8f0de/picture1.png,www.benzinga.com,"Technology,Blockchain,Financial Markets",0.359107,Bullish,"[{""ticker"": ""GOOG"", ""relevance_score"": ""0.048425"", ""ticker_sentiment_score"": ""0.24853"", ""ticker_sentiment_label"": ""Somewhat-Bullish""}, {""ticker"": ""CRYPTO:BTC"", ""relevance_score"": ""0.048425"", ""ticker_sentiment_score"": ""0.150884"", ""ticker_sentiment_label"": ""Somewhat-Bullish""}, {""ticker"": ""CRYPTO:ETH"", ""relevance_score"": ""0.048425"", ""ticker_sentiment_score"": ""0.150884"", ""ticker_sentiment_label"": ""Somewhat-Bullish""}]"
2025-04-16,Leader of the House of Commons Lucy Powell's official social media account was commandeered to promote a bogus meme coin.,Decrypt.co,https://decrypt.co/315040/uk-house-leaders-x-account-hacked-to-promote-fake-commons-coin,0.068112,https://decrypt.co/315040/uk-house-leaders-x-account-hacked-to-promote-fake-commons-coin,UK House Leader's X Account Hacked to Promote Fake 'Commons Coin',Vismaya V,https://cdn.decrypt.co/resize/1024/height/512/wp-content/uploads/2025/04/lucy-powell-house-of-commons-gID_7.jpg,decrypt.co,"Technology,Blockchain",0.061172,Neutral,"[{""ticker"": ""META"", ""relevance_score"": ""0.068112"", ""ticker_sentiment_score"": ""-0.009158"", ""ticker_sentiment_label"": ""Neutral""}, {""ticker"": ""CRYPTO:BTC"", ""relevance_score"": ""0.135729"", ""ticker_sentiment_score"": ""0.105543"", ""ticker_sentiment_label"": ""Neutral""}, {""ticker"": ""CRYPTO:ETH"", ""relevance_score"": ""0.068112"", ""ticker_sentiment_score"": ""0.120535"", ""ticker_sentiment_label"": ""Neutral""}]"
2025-04-16,"The altcoins underperformed relative to the broader market in today's trading, despite some encouraging recent news emerging for the Solana ecosystem.",Decrypt.co,https://decrypt.co/315046/solana-cardano-avalanche-crypto-market-losses,0.131643,https://decrypt.co/315046/solana-cardano-avalanche-crypto-market-losses,"Solana, Cardano and Avalanche Lead Crypto Market Losses With 5% Dips",Will McCurdy,https://cdn.decrypt.co/resize/1024/height/512/wp-content/uploads/2024/07/solana-sol-solanaprice-gID_7.jpg,decrypt.co,"Finance,Blockchain,Financial Markets",0.048355,Neutral,"[{""ticker"": ""JNVR"", ""relevance_score"": ""0.131643"", ""ticker_sentiment_score"": ""0.065971"", ""ticker_sentiment_label"": ""Neutral""}, {""ticker"": ""CRYPTO:BTC"", ""relevance_score"": ""0.131643"", ""ticker_sentiment_score"": ""-0.151412"", ""ticker_sentiment_label"": ""Somewhat-Bearish""}, {""ticker"": ""CRYPTO:ETH"", ""relevance_score"": ""0.131643"", ""ticker_sentiment_score"": ""-0.096781"", ""ticker_sentiment_label"": ""Neutral""}, {""ticker"": ""CRYPTO:LINK"", ""relevance_score"": ""0.131643"", ""ticker_sentiment_score"": ""-0.151412"", ""ticker_sentiment_label"": ""Somewhat-Bearish""}, {""ticker"": ""CRYPTO:ADA"", ""relevance_score"": ""0.259727"", ""ticker_sentiment_score"": ""0.091254"", ""ticker_sentiment_label"": ""Neutral""}]"
2025-04-16,"TORONTO, April 16, 2025 ( GLOBE NEWSWIRE ) -- Purpose Investments Inc. ( ""Purpose"" ) , the firm behind the world's first spot Bitcoin ETF and spot Ether ETF, is expanding its digital asset suite with the launch of the Purpose Solana ETF ( ticker: SOLL ) .",Benzinga,https://www.benzinga.com/pressreleases/25/04/g44835047/purpose-investments-debuts-worlds-first-spot-solana-etf-that-will-be-staked-continuing-its-leaders,0.216376,https://www.benzinga.com/pressreleases/25/04/g44835047/purpose-investments-debuts-worlds-first-spot-solana-etf-that-will-be-staked-continuing-its-leaders,Purpose Investments Debuts World's First Spot Solana ETF That Will Be Staked - Continuing Its Leadership in Global Crypto Innovation,Globe Newswire,https://www.benzinga.com/next-assets/images/schema-image-default.png,www.benzinga.com,"IPO,Blockchain,Financial Markets",0.313302,Somewhat-Bullish,"[{""ticker"": ""FOREX:UZS"", ""relevance_score"": ""0.027382"", ""ticker_sentiment_score"": ""0.238161"", ""ticker_sentiment_label"": ""Somewhat-Bullish""}, {""ticker"": ""CRYPTO:BTC"", ""relevance_score"": ""0.16317"", ""ticker_sentiment_score"": ""0.189679"", ""ticker_sentiment_label"": ""Somewhat-Bullish""}, {""ticker"": ""CRYPTO:ETH"", ""relevance_score"": ""0.216376"", ""ticker_sentiment_score"": ""0.239979"", ""ticker_sentiment_label"": ""Somewhat-Bullish""}, {""ticker"": ""CRYPTO:HPB"", ""relevance_score"": ""0.027382"", ""ticker_sentiment_score"": ""0.042316"", ""ticker_sentiment_label"": ""Neutral""}, {""ticker"": ""CRYPTO:XCP"", ""relevance_score"": ""0.027382"", ""ticker_sentiment_score"": ""0.217602"", ""ticker_sentiment_label"": ""Somewhat-Bullish""}]"
2025-04-16,"'Grandma friendly' DeFAI could bring blockchain finance to the masses. In tech, new solutions can bring new problems. If a groundbreaking innovation is hard to use, more innovation will be needed to fix it.",Benzinga,https://www.benzinga.com/markets/cryptocurrency/25/04/44836177/how-crypto-traders-can-benefit-from-defis-fusion-with-ai,0.126339,https://www.benzinga.com/markets/cryptocurrency/25/04/44836177/how-crypto-traders-can-benefit-from-defis-fusion-with-ai,How Can Crypto Traders Benefit From DeFi's Fusion With AI?,Mark de Wolf,https://cdn.benzinga.com/files/images/story/2025/04/16/DeFAI-02.jpeg?width=1200&height=800&fit=crop,www.benzinga.com,"Blockchain,Financial Markets",0.15442,Somewhat-Bullish,"[{""ticker"": ""CRYPTO:ETH"", ""relevance_score"": ""0.126339"", ""ticker_sentiment_score"": ""0.249029"", ""ticker_sentiment_label"": ""Somewhat-Bullish""}, {""ticker"": ""CRYPTO:AAVE"", ""relevance_score"": ""0.084423"", ""ticker_sentiment_score"": ""-0.065443"", ""ticker_sentiment_label"": ""Neutral""}, {""ticker"": ""CRYPTO:UNI"", ""relevance_score"": ""0.084423"", ""ticker_sentiment_score"": ""-0.065443"", ""ticker_sentiment_label"": ""Neutral""}]"
2025-04-16,"Soneium, a layer-2 ( L2 ) blockchain network developed by Sony Block Solutions Labs, said it has slashed its blockchain finality time by over 98%, as it aims to solve one of the biggest challenges in blockchain scalability.Astar, a Japanese Web3 adoption collective bridging Astar Network and ...",Cointelegraph,https://cointelegraph.com/news/sony-soneium-eigenlayer-finality-under-10-seconds,0.171485,https://cointelegraph.com/news/sony-soneium-eigenlayer-finality-under-10-seconds,Sony's Soneium taps EigenLayer to cut finality to under 10 seconds,Zoltan Vardai,https://s3.cointelegraph.com/uploads/2025-04/01963d98-6984-7628-9250-ff3b7f4a2b7c,cointelegraph.com,"Blockchain,Financial Markets",0.229962,Somewhat-Bullish,"[{""ticker"": ""SNEJF"", ""relevance_score"": ""0.086245"", ""ticker_sentiment_score"": ""0.0"", ""ticker_sentiment_label"": ""Neutral""}, {""ticker"": ""CRYPTO:ETH"", ""relevance_score"": ""0.171485"", ""ticker_sentiment_score"": ""0.224067"", ""ticker_sentiment_label"": ""Somewhat-Bullish""}]"
2025-04-17,"Mantra's OM token collapsed by more than 90% overnight, and the crypto world can't agree on why. On April 13, OM's price plummeted from over $6 to below $0.50, wiping out more than $5 billion in market cap and triggering widespread panic across the crypto industry.The sudden crash drew ...",Cointelegraph,https://cointelegraph.com/news/mantra-om-token-collapsed-24-hours,0.029256,https://cointelegraph.com/news/mantra-om-token-collapsed-24-hours,How Mantra's OM token collapsed in 24 hours of chaos,Yohan Yun,https://s3.cointelegraph.com/uploads/2025-04/01964405-0bcf-710a-9d97-e185738f40af,cointelegraph.com,"Blockchain,Financial Markets",-0.121283,Neutral,"[{""ticker"": ""AWON"", ""relevance_score"": ""0.029256"", ""ticker_sentiment_score"": ""0.180618"", ""ticker_sentiment_label"": ""Somewhat-Bullish""}, {""ticker"": ""CRYPTO:ETH"", ""relevance_score"": ""0.029256"", ""ticker_sentiment_score"": ""-0.005769"", ""ticker_sentiment_label"": ""Neutral""}]"
2025-04-17,"Eliza Labs, the developer behind the AI agent framework ai16z, announced the launch of auto.fun, a new no-code platform allowing users to launch AI agents on Web3 applications.According to an April 17 announcement, auto.fun allows for the creation, deployment and monetization of AI agents by ...",Cointelegraph,https://cointelegraph.com/news/ai16z-s-eliza-labs-launches-ai-powered-pump-fun-alternative-auto-fun,0.142565,https://cointelegraph.com/news/ai16z-s-eliza-labs-launches-ai-powered-pump-fun-alternative-auto-fun,"Eliza Labs launches auto.fun, a no-code AI spin on Pump.Fun",Adrian Zmudzinski,https://s3.cointelegraph.com/uploads/2025-04/019643de-f9e6-7d27-ba72-1db864e59105,cointelegraph.com,Blockchain,0.232094,Somewhat-Bullish,"[{""ticker"": ""PTAIF"", ""relevance_score"": ""0.07157"", ""ticker_sentiment_score"": ""0.043203"", ""ticker_sentiment_label"": ""Neutral""}, {""ticker"": ""CRYPTO:BTC"", ""relevance_score"": ""0.142565"", ""ticker_sentiment_score"": ""0.052782"", ""ticker_sentiment_label"": ""Neutral""}, {""ticker"": ""CRYPTO:ETH"", ""relevance_score"": ""0.142565"", ""ticker_sentiment_score"": ""0.041702"", ""ticker_sentiment_label"": ""Neutral""}]"
2025-04-17,"BTC has been shaky in the uncertainty surrounding Trump's tariffs. The World Trade Organization warned they could be a ""brake on global growth."" ...",Decrypt.co,https://decrypt.co/315269/bitcoin-price-flat-amid-signs-volatility-may-be-cooling-off-analysts,0.218817,https://decrypt.co/315269/bitcoin-price-flat-amid-signs-volatility-may-be-cooling-off-analysts,Bitcoin Price Flat Amid Signs 'Volatility May Be Cooling Off': Analysts,Stacy Elliott,https://cdn.decrypt.co/resize/1024/height/512/wp-content/uploads/2023/12/bitcoin-btc-cash-usd-dollars-price-gID_7.jpg,decrypt.co,"Economy - Monetary,Blockchain",-0.05071,Neutral,"[{""ticker"": ""CRYPTO:BTC"", ""relevance_score"": ""0.595343"", ""ticker_sentiment_score"": ""-0.140659"", ""ticker_sentiment_label"": ""Neutral""}, {""ticker"": ""CRYPTO:ETH"", ""relevance_score"": ""0.218817"", ""ticker_sentiment_score"": ""-0.185442"", ""ticker_sentiment_label"": ""Somewhat-Bearish""}]"
2025-04-17,"ZURICH, April 17, 2025 ( GLOBE NEWSWIRE ) -- Margarita Finance, a next-gen DeFi platform, is proud to introduce the AI Bartender - a smart, conversational trading assistant designed to make decentralized finance ( DeFi ) radically easier and more accessible for everyone.",Benzinga,https://www.benzinga.com/pressreleases/25/04/g44868034/margarita-finance-launches-a-first-of-its-kind-ai-investment-assistant-bartender-to-facilitate-inv,0.107495,https://www.benzinga.com/pressreleases/25/04/g44868034/margarita-finance-launches-a-first-of-its-kind-ai-investment-assistant-bartender-to-facilitate-inv,Margarita Finance launches a first of its kind AI Investment assistant 'Bartender' to facilitate investing in DeFi,Globe Newswire,https://ml-eu.globenewswire.com/Resource/Download/e9c74317-b72e-48a9-be19-1e1b94af8875/image2.png,www.benzinga.com,Financial Markets,0.27381,Somewhat-Bullish,"[{""ticker"": ""CRYPTO:ETH"", ""relevance_score"": ""0.107495"", ""ticker_sentiment_score"": ""0.114114"", ""ticker_sentiment_label"": ""Neutral""}]"
2025-04-17,"Immutable zkEVM role-playing game Treeverse is rolling out play-to-airdrop rewards around the upcoming END token, beginning on April 19.",Decrypt.co,https://decrypt.co/315273/treeverse-first-rewards-season-immutable,0.269776,https://decrypt.co/315273/treeverse-first-rewards-season-immutable,Ethereum Game 'Treeverse' Launching First Rewards Season on Immutable,Andrew Hayward,https://cdn.decrypt.co/resize/1024/height/512/wp-content/uploads/2025/04/treeverse-gID_7.jpg,decrypt.co,Blockchain,0.220393,Somewhat-Bullish,"[{""ticker"": ""CRYPTO:ETH"", ""relevance_score"": ""0.269776"", ""ticker_sentiment_score"": ""0.195538"", ""ticker_sentiment_label"": ""Somewhat-Bullish""}]"
2025-04-17,Ledn's CEO said the centralized crypto lender now has $1.5 billion worth of assets on its platform.,Decrypt.co,https://decrypt.co/315283/ledn-ceo-california-expansion,0.060388,https://decrypt.co/315283/ledn-ceo-california-expansion,Ledn Eyes California Expansion as TradFi Prepares to 'Deploy Big Dollars at Scale': CEO,André Beganski,https://cdn.decrypt.co/resize/1024/height/512/wp-content/uploads/2022/09/California-Bitcoin-gID_7.png,decrypt.co,"Blockchain,Financial Markets",0.118535,Neutral,"[{""ticker"": ""BRPHF"", ""relevance_score"": ""0.060388"", ""ticker_sentiment_score"": ""0.0"", ""ticker_sentiment_label"": ""Neutral""}, {""ticker"": ""BNXYF"", ""relevance_score"": ""0.060388"", ""ticker_sentiment_score"": ""-0.014055"", ""ticker_sentiment_label"": ""Neutral""}, {""ticker"": ""CRYPTO:BTC"", ""relevance_score"": ""0.350564"", ""ticker_sentiment_score"": ""0.057011"", ""ticker_sentiment_label"": ""Neutral""}, {""ticker"": ""CRYPTO:ETH"", ""relevance_score"": ""0.060388"", ""ticker_sentiment_score"": ""0.114004"", ""ticker_sentiment_label"": ""Neutral""}, {""ticker"": ""CRYPTO:AAVE"", ""relevance_score"": ""0.120431"", ""ticker_sentiment_score"": ""0.071277"", ""ticker_sentiment_label"": ""Neutral""}, {""ticker"": ""CRYPTO:WBTC"", ""relevance_score"": ""0.060388"", ""ticker_sentiment_score"": ""0.0"", ""ticker_sentiment_label"": ""Neutral""}]"
2025-04-17,"Donald Trump Blasts 'Too Late And Wrong' Fed Chair Powell, But Polymarket Traders Doubt His 'Termination' Will Come 'Fast Enough' Trump Reportedly Brings Mar-A-Lago Style To Oval Office With Gilded Makeover: White House 'Doesn't Belong To Any One President,' Says Expert Not Buying A New Car?",Benzinga,https://www.benzinga.com/25/04/44872241/trump-criticizes-fed-chair-powell-as-too-late-and-wrong-china-cuts-us-oil-imports-by-90-shifts-to-canada-over-tar,0.145145,https://www.benzinga.com/25/04/44872241/trump-criticizes-fed-chair-powell-as-too-late-and-wrong-china-cuts-us-oil-imports-by-90-shifts-to-canada-over-tar,"Trump Criticizes Fed Chair Powell As 'Too Late And Wrong'; China Cuts US Oil Imports By 90%, Shifts To Canada Over Tariffs; Nvidia Follows US Rules On China Sales Amid Trade Tensions - Top Headlines While the US Slept",Akanksha Bakshi,https://cdn.benzinga.com/files/images/story/2025/04/17/Crypto-Czar-David-Sacks-Reveals-Three-Mu.jpeg?width=1200&height=800&fit=crop,www.benzinga.com,"Economy - Monetary,Financial Markets,Manufacturing,Energy & Transportation,Technology,Finance",-0.012416,Neutral,"[{""ticker"": ""AA"", ""relevance_score"": ""0.036476"", ""ticker_sentiment_score"": ""-0.260962"", ""ticker_sentiment_label"": ""Somewhat-Bearish""}, {""ticker"": ""MSFT"", ""relevance_score"": ""0.036476"", ""ticker_sentiment_score"": ""-0.197015"", ""ticker_sentiment_label"": ""Somewhat-Bearish""}, {""ticker"": ""GOOG"", ""relevance_score"": ""0.072876"", ""ticker_sentiment_score"": ""0.037841"", ""ticker_sentiment_label"": ""Neutral""}, {""ticker"": ""NVDA"", ""relevance_score"": ""0.216215"", ""ticker_sentiment_score"": ""-0.252352"", ""ticker_sentiment_label"": ""Somewhat-Bearish""}, {""ticker"": ""AVGO"", ""relevance_score"": ""0.036476"", ""ticker_sentiment_score"": ""0.165424"", ""ticker_sentiment_label"": ""Somewhat-Bullish""}, {""ticker"": ""DOMH"", ""relevance_score"": ""0.036476"", ""ticker_sentiment_score"": ""0.127395"", ""ticker_sentiment_label"": ""Neutral""}, {""ticker"": ""NEM"", ""relevance_score"": ""0.036476"", ""ticker_sentiment_score"": ""0.296086"", ""ticker_sentiment_label"": ""Somewhat-Bullish""}, {""ticker"": ""SNPS"", ""relevance_score"": ""0.036476"", ""ticker_sentiment_score"": ""0.165424"", ""ticker_sentiment_label"": ""Somewhat-Bullish""}, {""ticker"": ""AWON"", ""relevance_score"": ""0.036476"", ""ticker_sentiment_score"": ""0.0"", ""ticker_sentiment_label"": ""Neutral""}, {""ticker"": ""UNH"", ""relevance_score"": ""0.036476"", ""ticker_sentiment_score"": ""-0.415178"", ""ticker_sentiment_label"": ""Bearish""}, {""ticker"": ""CRYPTO:BTC"", ""relevance_score"": ""0.180866"", ""ticker_sentiment_score"": ""-0.03321"", ""ticker_sentiment_label"": ""Neutral""}, {""ticker"": ""CRYPTO:ETH"", ""relevance_score"": ""0.145145"", ""ticker_sentiment_score"": ""-0.036468"", ""ticker_sentiment_label"": ""Neutral""}, {""ticker"": ""CRYPTO:DOGE"", ""relevance_score"": ""0.072876"", ""ticker_sentiment_score"": ""0.198888"", ""ticker_sentiment_label"": ""Somewhat-Bullish""}]"
2025-04-17,"Solana is outpacing Bitcoin, Ethereum, XRP, and other major coins right now, rising to its highest price so far this month Thursday.",Decrypt.co,https://decrypt.co/315291/solana-april-high-price-etfs-coinbase,0.195025,https://decrypt.co/315291/solana-april-high-price-etfs-coinbase,"Solana Hits Highest Price This Month Amid Coinbase Upgrades, Canadian ETF Launches",Andrew Hayward,https://cdn.decrypt.co/resize/1024/height/512/wp-content/uploads/2023/12/Solana-shutterstock_2149934137-16x9-1-gID_7.jpg,decrypt.co,"Finance,Blockchain,Financial Markets",0.295427,Somewhat-Bullish,"[{""ticker"": ""COIN"", ""relevance_score"": ""0.378572"", ""ticker_sentiment_score"": ""0.389192"", ""ticker_sentiment_label"": ""Bullish""}, {""ticker"": ""CRYPTO:BTC"", ""relevance_score"": ""0.195025"", ""ticker_sentiment_score"": ""0.138002"", ""ticker_sentiment_label"": ""Neutral""}, {""ticker"": ""CRYPTO:ETH"", ""relevance_score"": ""0.195025"", ""ticker_sentiment_score"": ""0.138002"", ""ticker_sentiment_label"": ""Neutral""}, {""ticker"": ""CRYPTO:DOGE"", ""relevance_score"": ""0.098255"", ""ticker_sentiment_score"": ""0.059096"", ""ticker_sentiment_label"": ""Neutral""}]"
2025-04-17,"Huaxia Fund is set to launch staking services on its Ether exchange-traded fund ( ETF ) , making it the second in Hong Kong. OSL Digital Services ( OSL ) will provide custody and staking infrastructure for the fund.The staking feature will be live on May 15, moving the ETF from a strictly passive ...",Cointelegraph,https://cointelegraph.com/news/huaxia-add-staking-ether-etf-hong-kong-second,0.746902,https://cointelegraph.com/news/huaxia-add-staking-ether-etf-hong-kong-second,"Huaxia to add staking to Ether ETF, Hong Kong's second of its kind",Christopher Tepedino,https://s3.cointelegraph.com/uploads/2025-04/01964501-2037-7100-8b00-781992982d87,cointelegraph.com,"Finance,Blockchain,Financial Markets",0.298641,Somewhat-Bullish,"[{""ticker"": ""COIN"", ""relevance_score"": ""0.075874"", ""ticker_sentiment_score"": ""0.0"", ""ticker_sentiment_label"": ""Neutral""}, {""ticker"": ""CRYPTO:ETH"", ""relevance_score"": ""0.746902"", ""ticker_sentiment_score"": ""0.527381"", ""ticker_sentiment_label"": ""Bullish""}]"
2025-04-17,"The operation reached out to Ethereum wallet holders who had been compromised, whether or not they had already lost crypto.",Decrypt.co,https://decrypt.co/315244/secret-service-canadian-officials-disrupt-4-3m-ethereum-approval-phishing-scam,0.199037,https://decrypt.co/315244/secret-service-canadian-officials-disrupt-4-3m-ethereum-approval-phishing-scam,"Secret Service, Canadian Officials Disrupt $4.3M Ethereum ""Approval Phishing"" Scam",Will McCurdy,https://cdn.decrypt.co/resize/1024/height/512/wp-content/uploads/2023/12/phishing-attack-crypto-wallet-gID_7.jpg,decrypt.co,"Blockchain,Financial Markets",0.019746,Neutral,"[{""ticker"": ""CRYPTO:ETH"", ""relevance_score"": ""0.199037"", ""ticker_sentiment_score"": ""-0.107819"", ""ticker_sentiment_label"": ""Neutral""}]"
2025-04-17,"A Bitcoin bounty worth nearly $85,000 has been offered to test if quantum computers can break the blockchain's core encryption.",Decrypt.co,https://decrypt.co/315288/bitcoin-quantum-computing-bounty-encryption,0.150122,https://decrypt.co/315288/bitcoin-quantum-computing-bounty-encryption,Is Quantum Computing a Threat to Bitcoin? You Can Get Paid to Break Its Encryption,Jason Nelson,https://cdn.decrypt.co/resize/1024/height/512/wp-content/uploads/2024/07/Bitcoin_Nguyen-Thi-Hieu-Trang_shutterstock_2442586303-gID_7.jpg,decrypt.co,Blockchain,-0.029193,Neutral,"[{""ticker"": ""CRYPTO:BTC"", ""relevance_score"": ""0.429845"", ""ticker_sentiment_score"": ""0.009028"", ""ticker_sentiment_label"": ""Neutral""}, {""ticker"": ""CRYPTO:ECC"", ""relevance_score"": ""0.150122"", ""ticker_sentiment_score"": ""0.084043"", ""ticker_sentiment_label"": ""Neutral""}, {""ticker"": ""CRYPTO:ETH"", ""relevance_score"": ""0.150122"", ""ticker_sentiment_score"": ""-0.002691"", ""ticker_sentiment_label"": ""Neutral""}]"
2025-04-17,Ethereum whales continue to accumulate despite ETF outflows and market weakness. Historically low fees and strong support levels hint at a potential bullish reversal. China's new tariffs just reignited the same market patterns that led to triple- and quadruple-digit wins for Matt Maley.,Benzinga,https://www.benzinga.com/markets/cryptocurrency/25/04/44877231/ethereum-price-plunges-to-2018-levels-what-is-going-on,0.675413,https://www.benzinga.com/markets/cryptocurrency/25/04/44877231/ethereum-price-plunges-to-2018-levels-what-is-going-on,Ethereum Price Plunges To 2018 Levels: What Is Going On?,Khyathi Dalal,https://cdn.benzinga.com/files/images/story/2025/04/17/Ethereum-Virtual-Currency-On-Black-Scree.jpeg?width=1200&height=800&fit=crop,www.benzinga.com,"Economy - Monetary,Financial Markets",0.294818,Somewhat-Bullish,"[{""ticker"": ""CRYPTO:BTC"", ""relevance_score"": ""0.142144"", ""ticker_sentiment_score"": ""0.085961"", ""ticker_sentiment_label"": ""Neutral""}, {""ticker"": ""CRYPTO:ETH"", ""relevance_score"": ""0.675413"", ""ticker_sentiment_score"": ""0.19791"", ""ticker_sentiment_label"": ""Somewhat-Bullish""}]"
2025-04-17,"Venture capital firm Andreessen Horowitz, or a16z, announced a $55 million investment in LayerZero, a Web3 company that runs a crosschain messaging protocol. The investment was disclosed in an April 17 X post by Ali Yahya, a general partner in the firm.A16z has made previous investments in ...",Cointelegraph,https://cointelegraph.com/news/a16z-doubles-down-on-layer-zero-commitment-55m-investment,0.215894,https://cointelegraph.com/news/a16z-doubles-down-on-layer-zero-commitment-55m-investment,A16z doubles down on LayerZero with $55M investment,Christopher Tepedino,https://s3.cointelegraph.com/uploads/2025-04/01964559-4b95-7f0c-b16b-2260b869809a,cointelegraph.com,"Blockchain,Financial Markets",0.030914,Neutral,"[{""ticker"": ""PYPL"", ""relevance_score"": ""0.108958"", ""ticker_sentiment_score"": ""0.0"", ""ticker_sentiment_label"": ""Neutral""}, {""ticker"": ""CRYPTO:BTC"", ""relevance_score"": ""0.108958"", ""ticker_sentiment_score"": ""0.167463"", ""ticker_sentiment_label"": ""Somewhat-Bullish""}, {""ticker"": ""CRYPTO:ETH"", ""relevance_score"": ""0.215894"", ""ticker_sentiment_score"": ""0.204608"", ""ticker_sentiment_label"": ""Somewhat-Bullish""}, {""ticker"": ""CRYPTO:LINK"", ""relevance_score"": ""0.108958"", ""ticker_sentiment_score"": ""0.054401"", ""ticker_sentiment_label"": ""Neutral""}]"
2025-04-17,Global cryptocurrency market capitalization is trading 1.4% higher to $2.68 trillion. Traders spot first major bullish sentiment shift in four months; some eye BTC targets above $90K. China's new tariffs just reignited the same market patterns that led to triple- and quadruple-digit wins for ...,Benzinga,https://www.benzinga.com/markets/cryptocurrency/25/04/44878595/bitcoin-ethereum-xrp-dogecoin-end-thursday-in-green-ahead-of-easter-weekend,0.077593,https://www.benzinga.com/markets/cryptocurrency/25/04/44878595/bitcoin-ethereum-xrp-dogecoin-end-thursday-in-green-ahead-of-easter-weekend,"Bitcoin, Ethereum, XRP, Dogecoin End Thursday In Green Ahead Of Easter Weekend",Khyathi Dalal,https://cdn.benzinga.com/files/images/story/2025/04/17/Cryptocurrency-Photo-by-Avi-Rozen-on-Shu.jpeg?width=1200&height=800&fit=crop,www.benzinga.com,"Finance,Blockchain,Financial Markets",0.087344,Neutral,"[{""ticker"": ""COIN"", ""relevance_score"": ""0.077593"", ""ticker_sentiment_score"": ""-0.065958"", ""ticker_sentiment_label"": ""Neutral""}, {""ticker"": ""CRYPTO:BTC"", ""relevance_score"": ""0.827318"", ""ticker_sentiment_score"": ""-0.037378"", ""ticker_sentiment_label"": ""Neutral""}, {""ticker"": ""CRYPTO:ETH"", ""relevance_score"": ""0.077593"", ""ticker_sentiment_score"": ""-0.412492"", ""ticker_sentiment_label"": ""Bearish""}]"
2025-04-17,"Crypto's most notorious criminals share a common link: They rely on a small clique of underground Chinese bankers to survive, new research shows.",Decrypt.co,https://decrypt.co/315275/china-mafia-crypto-crime-north-korea-mexican-cartels-trm,0.1331,https://decrypt.co/315275/china-mafia-crypto-crime-north-korea-mexican-cartels-trm,"China Is Fueling Crypto Crime, From North Korea to Mexican Cartels: TRM",Sander Lutz,https://cdn.decrypt.co/resize/1024/height/512/wp-content/uploads/2021/01/china-bitcoin-market-gID_7.jpg,decrypt.co,Blockchain,-0.169651,Somewhat-Bearish,"[{""ticker"": ""CRYPTO:BTC"", ""relevance_score"": ""0.044551"", ""ticker_sentiment_score"": ""0.060703"", ""ticker_sentiment_label"": ""Neutral""}, {""ticker"": ""CRYPTO:ETH"", ""relevance_score"": ""0.1331"", ""ticker_sentiment_score"": ""-0.04107"", ""ticker_sentiment_label"": ""Neutral""}, {""ticker"": ""CRYPTO:USDT"", ""relevance_score"": ""0.044551"", ""ticker_sentiment_score"": ""-0.13295"", ""ticker_sentiment_label"": ""Neutral""}, {""ticker"": ""CRYPTO:RUNE"", ""relevance_score"": ""0.044551"", ""ticker_sentiment_score"": ""0.060703"", ""ticker_sentiment_label"": ""Neutral""}]"
2025-04-17,Market volatility got you worried about your crypto holdings? These five digital currencies offer unique value propositions for long-term investors.,Motley Fool,https://www.fool.com/investing/2025/04/17/5-cryptocurrencies-to-buy-during-a-market-downturn/,0.343279,https://www.fool.com/investing/2025/04/17/5-cryptocurrencies-to-buy-during-a-market-downturn/,5 Cryptocurrencies to Buy During a Market Downturn,Anders Bylund,https://media.ycharts.com/charts/90b3d1b28db405ac9c290256e1dd4504.png,www.fool.com,"Economy - Monetary,Blockchain,Financial Markets",0.236899,Somewhat-Bullish,"[{""ticker"": ""WFHG"", ""relevance_score"": ""0.03545"", ""ticker_sentiment_score"": ""0.176727"", ""ticker_sentiment_label"": ""Somewhat-Bullish""}, {""ticker"": ""CRYPTO:BTC"", ""relevance_score"": ""0.310843"", ""ticker_sentiment_score"": ""0.256539"", ""ticker_sentiment_label"": ""Somewhat-Bullish""}, {""ticker"": ""CRYPTO:ETH"", ""relevance_score"": ""0.343279"", ""ticker_sentiment_score"": ""0.176103"", ""ticker_sentiment_label"": ""Somewhat-Bullish""}, {""ticker"": ""CRYPTO:LINK"", ""relevance_score"": ""0.210274"", ""ticker_sentiment_score"": ""0.219504"", ""ticker_sentiment_label"": ""Somewhat-Bullish""}]"
2025-04-17,"XRP ( CRYPTO: XRP ) isn't intended to be a platform for all manner of blockchain applications like many other leading cryptocurrencies are. Instead, it's a focused and highly efficient chain that doesn't try to cater to everyone.That means leaving a lot of potential capital by the wayside.",Motley Fool,https://www.fool.com/investing/2025/04/17/xrp-fortunately-misses-1-thing-most-cryptos-have/,0.048133,https://www.fool.com/investing/2025/04/17/xrp-fortunately-misses-1-thing-most-cryptos-have/,XRP Is Missing 1 Big Thing Other Blockchains Have. Here's Why That's Good News,Alex Carchidi,https://g.foolcdn.com/editorial/images/814923/woman-stock-broker-investor-tracking-stocks.jpg,www.fool.com,"Blockchain,Financial Markets",0.1712,Somewhat-Bullish,"[{""ticker"": ""CURN"", ""relevance_score"": ""0.048133"", ""ticker_sentiment_score"": ""0.019868"", ""ticker_sentiment_label"": ""Neutral""}, {""ticker"": ""CRYPTO:ETH"", ""relevance_score"": ""0.048133"", ""ticker_sentiment_score"": ""0.074699"", ""ticker_sentiment_label"": ""Neutral""}, {""ticker"": ""CRYPTO:XRP"", ""relevance_score"": ""0.453905"", ""ticker_sentiment_score"": ""0.243188"", ""ticker_sentiment_label"": ""Somewhat-Bullish""}]"
2025-04-17,"The cryptocurrency market is still recycling old narratives, with few new trends yet to emerge and replace the dominant themes in the first quarter of 2025.Artificial intelligence tokens and memecoins were the dominant crypto narrative in the first quarter of 2025, accounting for 62.8% of ...",Cointelegraph,https://cointelegraph.com/news/ai-memecoins-leading-crypto-narratives-q1-2025-coin-gecko,0.328455,https://cointelegraph.com/news/ai-memecoins-leading-crypto-narratives-q1-2025-coin-gecko,"AI tokens, memecoins dominate crypto narratives in Q1 2025: CoinGecko",Zoltan Vardai,https://s3.cointelegraph.com/uploads/2025-04/019642ea-2f5f-739b-a24a-8b426ca098cb,cointelegraph.com,"Blockchain,Financial Markets",0.120889,Neutral,"[{""ticker"": ""CRYPTO:BTC"", ""relevance_score"": ""0.249531"", ""ticker_sentiment_score"": ""0.314072"", ""ticker_sentiment_label"": ""Somewhat-Bullish""}, {""ticker"": ""CRYPTO:ETH"", ""relevance_score"": ""0.328455"", ""ticker_sentiment_score"": ""0.44806"", ""ticker_sentiment_label"": ""Bullish""}]"
2025-04-17,"Leading cryptocurrencies traded flat on Wednesday as Federal Reserve Chair Jerome Powell's positive comments regarding the industry. What Happened: Bitcoin reached a high of $85,428.28 in the afternoon but reversed sharply to $83,000, as trading volume dipped 1.28% in the last 24 hours.",Benzinga,https://www.benzinga.com/trading-ideas/movers/25/04/44855681/bitcoin-ethereum-dogecoin-steady-amid-stock-meltdown-as-fed-chair-jerome-powell-signals-cryp,0.401331,https://www.benzinga.com/trading-ideas/movers/25/04/44855681/bitcoin-ethereum-dogecoin-steady-amid-stock-meltdown-as-fed-chair-jerome-powell-signals-cryp,"Bitcoin, Ethereum, Dogecoin Steady Amid Stock Meltdown As Fed Chair Jerome Powell Signals Crypto Rules Relaxation: Popular Analyst Identifies Key Support Level For ETH - Grayscale Bitcoin Mini Trust  ( BTC )  Common units of fractional undivided beneficial interest  ( ARCA:BTC ) ",Aniket Verma,https://cdn.benzinga.com/files/images/story/2025/04/16/Bitcoin-Cryptocurrency-Gold-Coins-In-Bla.jpeg?width=1200&height=800&fit=crop,www.benzinga.com,"Economy - Monetary,Blockchain,Financial Markets",0.077926,Neutral,"[{""ticker"": ""CRYPTO:BTC"", ""relevance_score"": ""0.472338"", ""ticker_sentiment_score"": ""-0.153797"", ""ticker_sentiment_label"": ""Somewhat-Bearish""}, {""ticker"": ""CRYPTO:ETH"", ""relevance_score"": ""0.401331"", ""ticker_sentiment_score"": ""0.138282"", ""ticker_sentiment_label"": ""Neutral""}]"
2025-04-17,"Crypto exchange Coinbase has distanced its blockchain network Base from a memecoin it shared that saw massive backlash after the token rapidly gained, then dropped in value by millions of dollars.Base posted to X on April 16 with an image promoting the network with its marketing tagline, ""Base ...",Cointelegraph,https://cointelegraph.com/news/coinbase-distances-base-criticized-memecoin-drops-15-million,0.127456,https://cointelegraph.com/news/coinbase-distances-base-criticized-memecoin-drops-15-million,Coinbase distances Base from highly criticized memecoin that dumped $15M,Jesse Coghlan,https://s3.cointelegraph.com/uploads/2025-04/01964191-3099-715d-837a-b8ef6580126d,cointelegraph.com,"Life Sciences,Financial Markets,Finance,Blockchain",0.179305,Somewhat-Bullish,"[{""ticker"": ""COIN"", ""relevance_score"": ""0.127456"", ""ticker_sentiment_score"": ""0.16438"", ""ticker_sentiment_label"": ""Somewhat-Bullish""}, {""ticker"": ""RIOT"", ""relevance_score"": ""0.063933"", ""ticker_sentiment_score"": ""-0.171235"", ""ticker_sentiment_label"": ""Somewhat-Bearish""}, {""ticker"": ""CRYPTO:ETH"", ""relevance_score"": ""0.127456"", ""ticker_sentiment_score"": ""0.066488"", ""ticker_sentiment_label"": ""Neutral""}]"
2025-04-17,"The founder and lead developer of Ethereum Name Service has warned his X followers of an ""extremely sophisticated"" phishing attack that can impersonate Google and trick users into giving out login credentials. The phishing attack exploits Google's infrastructure to send a fake alert to users ...",Cointelegraph,https://cointelegraph.com/news/latest-crypto-phishing-scam-fake-subpoena-alert-from-google,0.088799,https://cointelegraph.com/news/latest-crypto-phishing-scam-fake-subpoena-alert-from-google,ENS founder warns of Google spoof that tricks users with a fake subpoena,Stephen Katte,https://s3.cointelegraph.com/uploads/2025-04/0196418d-08d2-75a5-bfd2-b8eae4be7c2d,cointelegraph.com,Technology,-0.062648,Neutral,"[{""ticker"": ""GOOG"", ""relevance_score"": ""0.819198"", ""ticker_sentiment_score"": ""-0.147363"", ""ticker_sentiment_label"": ""Neutral""}, {""ticker"": ""CRYPTO:ETH"", ""relevance_score"": ""0.088799"", ""ticker_sentiment_score"": ""0.042852"", ""ticker_sentiment_label"": ""Neutral""}]"
2025-04-17,"London, UK, April 17, 2025 ( GLOBE NEWSWIRE ) -- If El Salvador is integrating the country into the Bitcoin ecosystem through policy means, then SIX MINING represents the civil power of cryptocurrency technology application.",Benzinga,https://www.benzinga.com/pressreleases/25/04/g44859763/cryptocurrency-trends-and-policies-are-connected-six-mining-stands-at-the-new-outlet,0.070105,https://www.benzinga.com/pressreleases/25/04/g44859763/cryptocurrency-trends-and-policies-are-connected-six-mining-stands-at-the-new-outlet,"Cryptocurrency trends and policies are connected, SIX MINING stands at the ""new outlet""",Globe Newswire,https://blockchainwire.s3.amazonaws.com/750d318f97f1d79631fb15050fefc1f0/editor_image/1744600998378.png,www.benzinga.com,"Earnings,Blockchain,Financial Markets",0.260901,Somewhat-Bullish,"[{""ticker"": ""CRYPTO:BTC"", ""relevance_score"": ""0.208166"", ""ticker_sentiment_score"": ""0.241209"", ""ticker_sentiment_label"": ""Somewhat-Bullish""}, {""ticker"": ""CRYPTO:ETH"", ""relevance_score"": ""0.070105"", ""ticker_sentiment_score"": ""0.072855"", ""ticker_sentiment_label"": ""Neutral""}, {""ticker"": ""CRYPTO:LTC"", ""relevance_score"": ""0.070105"", ""ticker_sentiment_score"": ""0.072855"", ""ticker_sentiment_label"": ""Neutral""}]"
2025-04-17,"Over the past 30 days, crypto market participants have bridged more than $120 million in liquidity to Solana ( SOL ) from other blockchains, signaling renewed confidence in the network. Traders transferred the highest amount from Ethereum ( ETH ) at $41.5 million, followed by a $37.3 million ...",Cointelegraph,https://cointelegraph.com/news/solana-network-inflows-surge-will-sol-price-follow,0.239698,https://cointelegraph.com/news/solana-network-inflows-surge-will-sol-price-follow,Solana network inflows surge - Will SOL price follow?,Biraajmaan Tamuly,https://s3.cointelegraph.com/uploads/2025-04/01963a8c-8f35-7b74-b8e7-ae84233fe1f9,cointelegraph.com,,0.071954,Neutral,"[{""ticker"": ""CRYPTO:BTC"", ""relevance_score"": ""0.081001"", ""ticker_sentiment_score"": ""0.157134"", ""ticker_sentiment_label"": ""Somewhat-Bullish""}, {""ticker"": ""CRYPTO:ETH"", ""relevance_score"": ""0.239698"", ""ticker_sentiment_score"": ""0.031309"", ""ticker_sentiment_label"": ""Neutral""}]"
2025-04-17,"Despite recent major developments in the crypto industry, the market has just posted its weakest Q1 performance in years - but a crypto analyst is pointing to several catalysts that could make Q2 more promising.""Frustrating.",Cointelegraph,https://cointelegraph.com/news/crypto-q1-performance-reverse-q2-four-factors-bitwise,0.281422,https://cointelegraph.com/news/crypto-q1-performance-reverse-q2-four-factors-bitwise,4 things that could turn crypto prices around in Q2 after the 'best worst quarter',Ciaran Lyons,https://s3.cointelegraph.com/uploads/2025-04/019641c5-53df-7f3b-8498-0c4bb9604d13,cointelegraph.com,"Economy - Monetary,Finance,Blockchain",0.20204,Somewhat-Bullish,"[{""ticker"": ""COIN"", ""relevance_score"": ""0.071784"", ""ticker_sentiment_score"": ""0.071388"", ""ticker_sentiment_label"": ""Neutral""}, {""ticker"": ""CRYPTO:BTC"", ""relevance_score"": ""0.471718"", ""ticker_sentiment_score"": ""0.198291"", ""ticker_sentiment_label"": ""Somewhat-Bullish""}, {""ticker"": ""CRYPTO:ETH"", ""relevance_score"": ""0.281422"", ""ticker_sentiment_score"": ""0.190083"", ""ticker_sentiment_label"": ""Somewhat-Bullish""}]"
2025-04-17,Solana SOL/USD defied the standstill in other large-cap cryptocurrencies on Wednesday following the impressive launch of its exchange-traded fund in Canada.,Benzinga,https://www.benzinga.com/25/04/44856286/solana-outpaces-bitcoin-ethereum-after-cathie-woods-ark-invest-piles-on-sols-new-canada-based-etf,0.436009,https://www.benzinga.com/25/04/44856286/solana-outpaces-bitcoin-ethereum-after-cathie-woods-ark-invest-piles-on-sols-new-canada-based-etf,"Solana Breaks Free From Bitcoin, Ethereum Lag After Cathie Wood's Ark Invest Accumulates New SOL Staking ETF - Emeren Group  ( NYSE:SOL ) ",Aniket Verma,https://cdn.benzinga.com/files/images/story/2025/04/17/Close-Up-Of-Upward-Arrow-And-Solana-Symb.jpeg?width=1200&height=800&fit=crop,www.benzinga.com,"Blockchain,Financial Markets",0.346297,Somewhat-Bullish,"[{""ticker"": ""CRYPTO:BTC"", ""relevance_score"": ""0.436009"", ""ticker_sentiment_score"": ""0.302247"", ""ticker_sentiment_label"": ""Somewhat-Bullish""}, {""ticker"": ""CRYPTO:ETH"", ""relevance_score"": ""0.436009"", ""ticker_sentiment_score"": ""0.302247"", ""ticker_sentiment_label"": ""Somewhat-Bullish""}]"
2025-04-17,"Transaction costs on the Ethereum network have dropped to the lowest level in five years as the amount of activity on the blockchain is in a lull, according to the onchain analytics platform Santiment.Ethereum network fees are now around $0.168 per transaction and the reduction in fees coincides ...",Cointelegraph,https://cointelegraph.com/news/ethereum-fees-drop-five-year-low-user-lull,0.790287,https://cointelegraph.com/news/ethereum-fees-drop-five-year-low-user-lull,Ethereum fees drop to a 5-year low as transaction volumes lull,Stephen Katte,https://s3.cointelegraph.com/uploads/2025-04/01964228-f7b5-7436-8dff-d91921221d42,cointelegraph.com,"Technology,Blockchain",0.016876,Neutral,"[{""ticker"": ""DTST"", ""relevance_score"": ""0.083251"", ""ticker_sentiment_score"": ""0.176323"", ""ticker_sentiment_label"": ""Somewhat-Bullish""}, {""ticker"": ""CRYPTO:ETH"", ""relevance_score"": ""0.790287"", ""ticker_sentiment_score"": ""-0.159926"", ""ticker_sentiment_label"": ""Somewhat-Bearish""}]"
2025-04-17,"Michael Novogratz's Galaxy Ventures Fund I LP is expected to raise around $175 million to $180 million by the end of June to build a portfolio of 30 crypto and blockchain startups.According to an April 17 Bloomberg report citing people familiar with the matter, the fund - which has had a focus ...",Cointelegraph,https://cointelegraph.com/news/crypto-venture-fund-galaxy-ventures-i-tops-fundraising-goal,0.117486,https://cointelegraph.com/news/crypto-venture-fund-galaxy-ventures-i-tops-fundraising-goal,Crypto venture fund Galaxy Ventures could hit a $180M fundraise: Report,Martin Young,https://s3.cointelegraph.com/uploads/2025-04/019641b0-1604-7f5a-98eb-8f2c8c884b30,cointelegraph.com,"Blockchain,Financial Markets",0.076423,Neutral,"[{""ticker"": ""CRYPTO:BTC"", ""relevance_score"": ""0.342487"", ""ticker_sentiment_score"": ""0.002429"", ""ticker_sentiment_label"": ""Neutral""}, {""ticker"": ""CRYPTO:ETH"", ""relevance_score"": ""0.117486"", ""ticker_sentiment_score"": ""0.115649"", ""ticker_sentiment_label"": ""Neutral""}]"
2025-04-17,Bhutan is contemplating the use of its hydropower resources for Bitcoin BTC/USD mining to stimulate its economy without compromising its environmental goals.,Benzinga,https://www.benzinga.com/markets/cryptocurrency/25/04/44856786/bhutan-flexes-hydropower-for-bitcoin-mining-explores-sale-of-green-coins,0.208464,https://www.benzinga.com/markets/cryptocurrency/25/04/44856786/bhutan-flexes-hydropower-for-bitcoin-mining-explores-sale-of-green-coins,"Bhutan Flexes Hydropower For Bitcoin Mining, Explores Sale Of 'Green' Coins - Grayscale Bitcoin Mini Trust  ( BTC )  Common units of fractional undivided beneficial interest  ( ARCA:BTC ) ",Aniket Verma,https://cdn.benzinga.com/files/images/story/2025/04/17/Taktshang-Goemba-Tigers-Nest-Monastery-I.jpeg?width=1200&height=800&fit=crop,www.benzinga.com,"Blockchain,Financial Markets",0.318161,Somewhat-Bullish,"[{""ticker"": ""CRYPTO:BTC"", ""relevance_score"": ""0.572194"", ""ticker_sentiment_score"": ""0.4289"", ""ticker_sentiment_label"": ""Bullish""}, {""ticker"": ""CRYPTO:ETH"", ""relevance_score"": ""0.208464"", ""ticker_sentiment_score"": ""0.243304"", ""ticker_sentiment_label"": ""Somewhat-Bullish""}, {""ticker"": ""CRYPTO:SOL"", ""relevance_score"": ""0.105141"", ""ticker_sentiment_score"": ""0.165502"", ""ticker_sentiment_label"": ""Somewhat-Bullish""}]"
2025-04-17,"Hong Kong is changing its tune following a new law, approving for the second time an Ethereum ETF with a staking component.",Decrypt.co,https://decrypt.co/315216/hong-kong-approves-ethereum-staking-etf,0.680008,https://decrypt.co/315216/hong-kong-approves-ethereum-staking-etf,Hong Kong Approves Latest Ethereum Staking ETF as New Rules Take Root,Vince Dioquino,https://cdn.decrypt.co/resize/1024/height/512/wp-content/uploads/2023/09/hong-kong-skyline-gID_7.jpg,decrypt.co,Financial Markets,0.310234,Somewhat-Bullish,"[{""ticker"": ""CRYPTO:ETH"", ""relevance_score"": ""0.680008"", ""ticker_sentiment_score"": ""0.344471"", ""ticker_sentiment_label"": ""Somewhat-Bullish""}]"
2025-04-17,XRP is currently trading at 36% of its six-month high.,Motley Fool,https://www.fool.com/investing/2025/04/17/should-you-buy-the-dip-in-xrp-ripple-right-now/,0.107978,https://www.fool.com/investing/2025/04/17/should-you-buy-the-dip-in-xrp-ripple-right-now/,Should You Buy the Dip in XRP  ( Ripple )  Right Now?,Adam Spatacco,https://media.ycharts.com/charts/62bafb5178cde4f4fbb849b76dcec2df.png,www.fool.com,"Finance,Blockchain,Financial Markets",0.074373,Neutral,"[{""ticker"": ""COIN"", ""relevance_score"": ""0.054114"", ""ticker_sentiment_score"": ""-0.020001"", ""ticker_sentiment_label"": ""Neutral""}, {""ticker"": ""CRYPTO:BTC"", ""relevance_score"": ""0.107978"", ""ticker_sentiment_score"": ""-0.022313"", ""ticker_sentiment_label"": ""Neutral""}, {""ticker"": ""CRYPTO:ETH"", ""relevance_score"": ""0.107978"", ""ticker_sentiment_score"": ""-0.022313"", ""ticker_sentiment_label"": ""Neutral""}, {""ticker"": ""CRYPTO:SHIB"", ""relevance_score"": ""0.054114"", ""ticker_sentiment_score"": ""0.168802"", ""ticker_sentiment_label"": ""Somewhat-Bullish""}, {""ticker"": ""CRYPTO:DOGE"", ""relevance_score"": ""0.054114"", ""ticker_sentiment_score"": ""0.168802"", ""ticker_sentiment_label"": ""Somewhat-Bullish""}]"
2025-04-17,"Despite the fact that cryptocurrencies play very little role in the ebb and flow of global trade, tariffs have the potential to disrupt them in several profound ways. That's because the equity, debt, and crypto markets are more interconnected than many people might assume.Already, volatility has ...",Motley Fool,https://www.fool.com/investing/2025/04/17/3-ways-tariffs-are-about-to-disrupt-cryptocurrenci/,0.185662,https://www.fool.com/investing/2025/04/17/3-ways-tariffs-are-about-to-disrupt-cryptocurrenci/,3 Ways Tariffs Are About to Disrupt Cryptocurrencies Around the World,Dominic Basulto,https://g.foolcdn.com/image/?url=https%3A%2F%2Fg.foolcdn.com%2Feditorial%2Fimages%2F814854%2Fbull-bear-financial-storm.jpg&op=resize&w=700,www.fool.com,"Economy - Monetary,Economy - Fiscal,Financial Markets,Blockchain",0.085181,Neutral,"[{""ticker"": ""FOREX:USD"", ""relevance_score"": ""0.046816"", ""ticker_sentiment_score"": ""0.081555"", ""ticker_sentiment_label"": ""Neutral""}, {""ticker"": ""CRYPTO:BTC"", ""relevance_score"": ""0.481586"", ""ticker_sentiment_score"": ""-0.069371"", ""ticker_sentiment_label"": ""Neutral""}, {""ticker"": ""CRYPTO:ETH"", ""relevance_score"": ""0.185662"", ""ticker_sentiment_score"": ""-0.077382"", ""ticker_sentiment_label"": ""Neutral""}]"
2025-04-17,"Ethereum's ( CRYPTO: ETH ) price decline of 48% during the past 12 months leaves it badly lagging behind both Solana ( CRYPTO: SOL ) , which gained 32%, and Cardano ( CRYPTO: ADA ) , which lost just 7% of its value. But there's one important metric about developers on the chain that seems to ...",Motley Fool,https://www.fool.com/investing/2025/04/17/this-1-metric-shows-ethereum-soaring-over-solana-a/,0.313484,https://www.fool.com/investing/2025/04/17/this-1-metric-shows-ethereum-soaring-over-solana-a/,This 1 Metric Shows Ethereum Soaring Over Solana and Cardano. But Is It a Buy?,Alex Carchidi,https://g.foolcdn.com/editorial/images/814813/two-investors-work-at-a-table-with-a-laptop-and-a-phone.jpg,www.fool.com,Blockchain,0.156424,Somewhat-Bullish,"[{""ticker"": ""CRYPTO:ETH"", ""relevance_score"": ""0.313484"", ""ticker_sentiment_score"": ""0.156123"", ""ticker_sentiment_label"": ""Somewhat-Bullish""}, {""ticker"": ""CRYPTO:SOL"", ""relevance_score"": ""0.053629"", ""ticker_sentiment_score"": ""0.075231"", ""ticker_sentiment_label"": ""Neutral""}, {""ticker"": ""CRYPTO:ADA"", ""relevance_score"": ""0.263373"", ""ticker_sentiment_score"": ""0.128458"", ""ticker_sentiment_label"": ""Neutral""}]"
2025-04-17,"Israel Englander's Millennium Management purchased Bitcoin BTC/USD and Ethereum ETH/USD exchange-traded funds in the fourth quarter, according to a February 14 13F-HR filing with the U.S. Securities and Exchange Commission, but these investments have significantly declined in value.",Benzinga,https://www.benzinga.com/markets/cryptocurrency/25/04/44858748/millennium-managements-bitcoin-and-ethereum-etfs-purchased-in-q4-suffer-22-7-million-loss-,0.502207,https://www.benzinga.com/markets/cryptocurrency/25/04/44858748/millennium-managements-bitcoin-and-ethereum-etfs-purchased-in-q4-suffer-22-7-million-loss-,Millennium Management's Bitcoin And Ethereum ETFs Purchased In Q4 Suffer $22.7 Million Loss Amid Crypto Slump - Grayscale Bitcoin Mini Trust  ( BTC )  Common units of fractional undivided beneficial interest  ( ARCA:BTC ) ,Kaustubh Bagalkote,https://cdn.benzinga.com/files/images/story/2025/04/17/Bitcoin-Cryptocurrency-Gold-Coins-In-Bla_0.jpeg?width=1200&height=800&fit=crop,www.benzinga.com,"Blockchain,Financial Markets",-0.04409,Neutral,"[{""ticker"": ""CRYPTO:BTC"", ""relevance_score"": ""0.502207"", ""ticker_sentiment_score"": ""-0.023077"", ""ticker_sentiment_label"": ""Neutral""}, {""ticker"": ""CRYPTO:ETH"", ""relevance_score"": ""0.502207"", ""ticker_sentiment_score"": ""-0.147517"", ""ticker_sentiment_label"": ""Neutral""}]"
2025-04-17,"The tone of Bitcoin-related social media posts has flipped to bullish according to crypto analytics platform Santiment, despite Bitcoin continuing to swing around $85,000.""Traders are showing optimism that BTC can regain $90K, which will likely be dependent on tariff and global economy news as ...",Cointelegraph,https://cointelegraph.com/news/bitcoin-social-media-sentiment-bullish-price-continues-consolidate-santiment,0.21686,https://cointelegraph.com/news/bitcoin-social-media-sentiment-bullish-price-continues-consolidate-santiment,Bitcoin online chatter flips bullish as price chops at $85K: Santiment,Ciaran Lyons,https://s3.cointelegraph.com/uploads/2025-04/01964255-8df3-758c-8ef5-d3fa33a481fc,cointelegraph.com,"Economy - Monetary,Blockchain",0.092847,Neutral,"[{""ticker"": ""CRYPTO:BTC"", ""relevance_score"": ""0.926384"", ""ticker_sentiment_score"": ""0.343166"", ""ticker_sentiment_label"": ""Somewhat-Bullish""}, {""ticker"": ""CRYPTO:ETH"", ""relevance_score"": ""0.21686"", ""ticker_sentiment_score"": ""0.193838"", ""ticker_sentiment_label"": ""Somewhat-Bullish""}]"
2025-04-18,The HashKey XRP Tracker Fund's debut Friday marked the first of several planned collaborations between the Asia-based asset manager and Ripple Labs.,Decrypt.co,https://decrypt.co/315361/ripple-early-investor-hashkey-capitals-new-xrp-tracker-fund-in-asia,0.417995,https://decrypt.co/315361/ripple-early-investor-hashkey-capitals-new-xrp-tracker-fund-in-asia,Ripple an Early Investor in HashKey Capital's New XRP Tracker Fund in Asia,Liz Napolitano,https://cdn.decrypt.co/resize/1024/height/512/wp-content/uploads/2020/07/7980283532_4ba742e3e9_c-gID_7.jpg,decrypt.co,"Blockchain,Financial Markets",0.22146,Somewhat-Bullish,"[{""ticker"": ""CRYPTO:BTC"", ""relevance_score"": ""0.417995"", ""ticker_sentiment_score"": ""0.139594"", ""ticker_sentiment_label"": ""Neutral""}, {""ticker"": ""CRYPTO:ETH"", ""relevance_score"": ""0.417995"", ""ticker_sentiment_score"": ""0.139594"", ""ticker_sentiment_label"": ""Neutral""}]"
2025-04-18,"As President Trump explores an early exit for Federal Reserve Chair Jerome Powell, analysts share the potential impact on Bitcoin and beyond.",Decrypt.co,https://decrypt.co/315424/trump-firing-fed-chair-mean-bitcoin,0.056143,https://decrypt.co/315424/trump-firing-fed-chair-mean-bitcoin,What Trump Firing Fed Chair Would Mean for Bitcoin-And the US Economy,Sander Lutz,https://cdn.decrypt.co/resize/1024/height/512/wp-content/uploads/2025/04/trump-white-house-gID_7.png,decrypt.co,"Economy - Monetary,Blockchain,Financial Markets",-0.019865,Neutral,"[{""ticker"": ""CRYPTO:BTC"", ""relevance_score"": ""0.518708"", ""ticker_sentiment_score"": ""-0.076663"", ""ticker_sentiment_label"": ""Neutral""}, {""ticker"": ""CRYPTO:ETH"", ""relevance_score"": ""0.056143"", ""ticker_sentiment_score"": ""0.004021"", ""ticker_sentiment_label"": ""Neutral""}]"
2025-04-18,"Bitcoin ( BTC ) has been trading in a tight range for a few days, but a minor positive is that the bulls have kept the price above $83,000. Usually, a low volatility period is followed by a range expansion, but it is difficult to predict the direction of the breakout with certainty.Cryptocurrency ...",Cointelegraph,https://cointelegraph.com/news/price-predictions-4-18-btc-eth-xrp-bnb-sol-doge-ada-leo-link-avax,0.101154,https://cointelegraph.com/news/price-predictions-4-18-btc-eth-xrp-bnb-sol-doge-ada-leo-link-avax,"Price predictions 4/18: BTC, ETH, XRP, BNB, SOL, DOGE, ADA, LEO, LINK, AVAX",Rakesh Upadhyay,https://s3.cointelegraph.com/uploads/2025-04/019649d8-842d-73ce-868d-9291c29c649a,cointelegraph.com,"Blockchain,Financial Markets",-0.075107,Neutral,"[{""ticker"": ""CRYPTO:BTC"", ""relevance_score"": ""0.297061"", ""ticker_sentiment_score"": ""0.09803"", ""ticker_sentiment_label"": ""Neutral""}, {""ticker"": ""CRYPTO:AVAX"", ""relevance_score"": ""0.067536"", ""ticker_sentiment_score"": ""-0.207871"", ""ticker_sentiment_label"": ""Somewhat-Bearish""}, {""ticker"": ""CRYPTO:BNB"", ""relevance_score"": ""0.101154"", ""ticker_sentiment_score"": ""-0.027603"", ""ticker_sentiment_label"": ""Neutral""}, {""ticker"": ""CRYPTO:XRP"", ""relevance_score"": ""0.101154"", ""ticker_sentiment_score"": ""-0.07388"", ""ticker_sentiment_label"": ""Neutral""}, {""ticker"": ""CRYPTO:ETH"", ""relevance_score"": ""0.101154"", ""ticker_sentiment_score"": ""-0.075145"", ""ticker_sentiment_label"": ""Neutral""}, {""ticker"": ""CRYPTO:DOGE"", ""relevance_score"": ""0.101154"", ""ticker_sentiment_score"": ""0.070311"", ""ticker_sentiment_label"": ""Neutral""}, {""ticker"": ""CRYPTO:LINK"", ""relevance_score"": ""0.101154"", ""ticker_sentiment_score"": ""-0.14938"", ""ticker_sentiment_label"": ""Neutral""}, {""ticker"": ""CRYPTO:USDT"", ""relevance_score"": ""0.297061"", ""ticker_sentiment_score"": ""-0.075549"", ""ticker_sentiment_label"": ""Neutral""}, {""ticker"": ""CRYPTO:ADA"", ""relevance_score"": ""0.101154"", ""ticker_sentiment_score"": ""0.024653"", ""ticker_sentiment_label"": ""Neutral""}]"
2025-04-18,"The US Federal Reserve under Jerome Powell has developed a reputation for dragging its feet on implementing important policy changes. However, a top central banker has assured that the Fed is ""absolutely"" ready to do whatever it takes to avoid a financial crisis, whether triggered by the US-led ...",Cointelegraph,https://cointelegraph.com/news/crypto-biz-us-federal-reserve-markets,0.482982,https://cointelegraph.com/news/crypto-biz-us-federal-reserve-markets,Crypto Biz: Is the US Fed prepping the money printer?,Sam Bourgi,https://s3.cointelegraph.com/uploads/2025-04/01962634-814f-714f-ad20-ccdb388bf0e2,cointelegraph.com,"Economy - Monetary,Financial Markets,Technology,Blockchain",0.124194,Neutral,"[{""ticker"": ""HUT"", ""relevance_score"": ""0.051663"", ""ticker_sentiment_score"": ""0.242636"", ""ticker_sentiment_label"": ""Somewhat-Bullish""}, {""ticker"": ""FOREX:USD"", ""relevance_score"": ""0.051663"", ""ticker_sentiment_score"": ""0.0"", ""ticker_sentiment_label"": ""Neutral""}, {""ticker"": ""CRYPTO:BTC"", ""relevance_score"": ""0.482982"", ""ticker_sentiment_score"": ""0.081296"", ""ticker_sentiment_label"": ""Neutral""}, {""ticker"": ""CRYPTO:ETH"", ""relevance_score"": ""0.482982"", ""ticker_sentiment_score"": ""0.492311"", ""ticker_sentiment_label"": ""Bullish""}]"
2025-04-18,"United States asset manager Canary Capital has filed to list an exchange-traded fund ( ETF ) holding the Tron blockchain network's native token, TRX ( TRX ) , regulatory filings show. The fund intends to hold spot TRX and stake a portion of the tokens for added yield, the filing said.",Cointelegraph,https://cointelegraph.com/news/canary-files-for-staked-trx-etf,0.297061,https://cointelegraph.com/news/canary-files-for-staked-trx-etf,Canary Capital files for staked TRX ETF,Alex O’Donnell,https://s3.cointelegraph.com/uploads/2025-04/01964aaa-6f92-7fcf-be00-9b8c8fa317cb,cointelegraph.com,"Blockchain,Financial Markets",0.089404,Neutral,"[{""ticker"": ""CRYPTO:ETH"", ""relevance_score"": ""0.297061"", ""ticker_sentiment_score"": ""0.223381"", ""ticker_sentiment_label"": ""Somewhat-Bullish""}, {""ticker"": ""CRYPTO:LTC"", ""relevance_score"": ""0.200688"", ""ticker_sentiment_score"": ""0.0"", ""ticker_sentiment_label"": ""Neutral""}, {""ticker"": ""CRYPTO:BTT"", ""relevance_score"": ""0.200688"", ""ticker_sentiment_score"": ""-0.16888"", ""ticker_sentiment_label"": ""Somewhat-Bearish""}]"
2025-04-18,"This week on Public Keys: Reading tea leaves during Circle and eToro quiet periods, Bitcoin miners selling a lot of Bitcoin, and Semler's plan for paying the DOJ.",Decrypt.co,https://decrypt.co/315459/public-keys-circle-goes-quiet-miners-dump-bitcoin-semler-bailed-out,0.12023,https://decrypt.co/315459/public-keys-circle-goes-quiet-miners-dump-bitcoin-semler-bailed-out,"Public Keys: Circle Goes Quiet, Miners Dump Bitcoin, and Semler Gets Bailed Out",Stacy Elliott,https://cdn.decrypt.co/resize/1024/height/512/wp-content/uploads/2025/04/shhh-pop-art-gID_7.jpg,decrypt.co,"Life Sciences,Technology,Finance,Blockchain,IPO,Financial Markets,Real Estate & Construction",0.10622,Neutral,"[{""ticker"": ""CIFR"", ""relevance_score"": ""0.040212"", ""ticker_sentiment_score"": ""0.165196"", ""ticker_sentiment_label"": ""Somewhat-Bullish""}, {""ticker"": ""CLSK"", ""relevance_score"": ""0.040212"", ""ticker_sentiment_score"": ""0.165196"", ""ticker_sentiment_label"": ""Somewhat-Bullish""}, {""ticker"": ""COIN"", ""relevance_score"": ""0.420847"", ""ticker_sentiment_score"": ""0.199989"", ""ticker_sentiment_label"": ""Somewhat-Bullish""}, {""ticker"": ""HUT"", ""relevance_score"": ""0.040212"", ""ticker_sentiment_score"": ""0.165196"", ""ticker_sentiment_label"": ""Somewhat-Bullish""}, {""ticker"": ""SMLR"", ""relevance_score"": ""0.12023"", ""ticker_sentiment_score"": ""0.159372"", ""ticker_sentiment_label"": ""Somewhat-Bullish""}, {""ticker"": ""CRYPTO:BTC"", ""relevance_score"": ""0.686739"", ""ticker_sentiment_score"": ""0.203826"", ""ticker_sentiment_label"": ""Somewhat-Bullish""}, {""ticker"": ""CRYPTO:ETH"", ""relevance_score"": ""0.12023"", ""ticker_sentiment_score"": ""-0.042811"", ""ticker_sentiment_label"": ""Neutral""}]"
2025-04-18,"An Aptos community member submitted a proposal on April 18 to slash staking rewards for the network's native token, Aptos ( APT ) , by nearly 50%The proposal, submitted by a community member called MoonSheisty, aims at reducing reward yields from 7% to 3.79% in a three-month period, aligning ...",Cointelegraph,https://cointelegraph.com/news/aptos-community-proposal-to-cut-staking-rewards-by-nearly-50-faces-pushback,0.089797,https://cointelegraph.com/news/aptos-community-proposal-to-cut-staking-rewards-by-nearly-50-faces-pushback,Aptos community proposal seeks to slash staking rewards by nearly 50%,Christopher Tepedino,https://s3.cointelegraph.com/uploads/2025-04/01964a99-d87d-7de7-b01b-d4ad85e5a5f7,cointelegraph.com,Blockchain,0.205939,Somewhat-Bullish,"[{""ticker"": ""CRYPTO:ETH"", ""relevance_score"": ""0.089797"", ""ticker_sentiment_score"": ""-0.005206"", ""ticker_sentiment_label"": ""Neutral""}, {""ticker"": ""CRYPTO:ADA"", ""relevance_score"": ""0.089797"", ""ticker_sentiment_score"": ""0.088003"", ""ticker_sentiment_label"": ""Neutral""}, {""ticker"": ""CRYPTO:BNB"", ""relevance_score"": ""0.089797"", ""ticker_sentiment_score"": ""0.088003"", ""ticker_sentiment_label"": ""Neutral""}]"
2025-04-18,"As filings pile up for proposed U.S. ETFs based on XRP, Solana, Dogecoin, and other assets, Canary aims to launch the first Tron fund.",Decrypt.co,https://decrypt.co/315469/canary-capital-tron-etf-staking,0.205807,https://decrypt.co/315469/canary-capital-tron-etf-staking,Canary Capital Seeks SEC Approval for Tron ETF With Staking,Mat Di Salvo,https://cdn.decrypt.co/resize/1024/height/512/wp-content/uploads/2024/12/tron-coin-gID_7.jpg,decrypt.co,"Blockchain,Financial Markets",0.105891,Neutral,"[{""ticker"": ""CRYPTO:BTC"", ""relevance_score"": ""0.205807"", ""ticker_sentiment_score"": ""0.198844"", ""ticker_sentiment_label"": ""Somewhat-Bullish""}, {""ticker"": ""CRYPTO:ETH"", ""relevance_score"": ""0.205807"", ""ticker_sentiment_score"": ""0.096121"", ""ticker_sentiment_label"": ""Neutral""}]"
2025-04-18,"LARNACA, Cyprus , April 18, 2025 ( GLOBE NEWSWIRE ) -- As crypto gambling continues to grow, finding a reliable and rewarding online casino can be a challenge. After reviewing dozens of platforms, JACKBIT Casino stood out as one of the best crypto casinos in 2025.",Benzinga,https://www.benzinga.com/pressreleases/25/04/g44885517/best-crypto-casino-2025-jackbit-rated-top-bitcoin-online-casino,0.069596,https://www.benzinga.com/pressreleases/25/04/g44885517/best-crypto-casino-2025-jackbit-rated-top-bitcoin-online-casino,Best Crypto Casino 2025 - JACKBIT | Rated Top Bitcoin Online Casino,Globe Newswire,https://ml.globenewswire.com/Resource/Download/3e71c820-5a82-4f1e-bd5b-9bd970914eda/jackbit.jpg,www.benzinga.com,"Blockchain,Financial Markets",0.365482,Bullish,"[{""ticker"": ""CRYPTO:BTC"", ""relevance_score"": ""0.069596"", ""ticker_sentiment_score"": ""0.10242"", ""ticker_sentiment_label"": ""Neutral""}, {""ticker"": ""CRYPTO:ETH"", ""relevance_score"": ""0.069596"", ""ticker_sentiment_score"": ""0.10242"", ""ticker_sentiment_label"": ""Neutral""}, {""ticker"": ""CRYPTO:LTC"", ""relevance_score"": ""0.034831"", ""ticker_sentiment_score"": ""0.0"", ""ticker_sentiment_label"": ""Neutral""}]"
2025-04-18,"Tokenized stocks are on track to exceed $1 trillion in market capitalization in the coming years as adoption accelerates, two industry executives said at the TokenizeThis conference in New York. The total addressable market for tokenized stocks - a type of tokenized real-world asset ( RWA ) - is ...",Cointelegraph,https://cointelegraph.com/news/tokenized-stocks-top-1-trillion-market-cap-executives,0.106541,https://cointelegraph.com/news/tokenized-stocks-top-1-trillion-market-cap-executives,Tokenized stocks could top $1T in market cap - Execs,Alex O’Donnell,https://s3.cointelegraph.com/uploads/2025-04/01964a7a-1621-7153-8c42-5c0d7600955b,cointelegraph.com,"Finance,Financial Markets",0.225589,Somewhat-Bullish,"[{""ticker"": ""COIN"", ""relevance_score"": ""0.106541"", ""ticker_sentiment_score"": ""0.238538"", ""ticker_sentiment_label"": ""Somewhat-Bullish""}, {""ticker"": ""CRYPTO:ETH"", ""relevance_score"": ""0.106541"", ""ticker_sentiment_score"": ""0.238538"", ""ticker_sentiment_label"": ""Somewhat-Bullish""}]"
2025-04-18,"Ethereum takes a nosedive, erasing an entire year's gains in a startling Q1 performance setback. Market shake-up ahead as Ethereum's volatility challenges investor confidence, spotlighting Solana's rising dominance. Feel unsure about the market's next move?",Benzinga,https://www.benzinga.com/markets/cryptocurrency/25/04/44884378/ethereums-2024-gains-erased-in-q1-2025-as-solana-reigns-supreme-in-dex-space-report,0.47672,https://www.benzinga.com/markets/cryptocurrency/25/04/44884378/ethereums-2024-gains-erased-in-q1-2025-as-solana-reigns-supreme-in-dex-space-report,Ethereum's 2024 Gains Erased In Q1 2025 as Solana Reigns Supreme in DEX Space: Report,Bibhu Pattnaik,https://cdn.benzinga.com/files/images/story/2025/04/18/Ethereum-Virtual-Currency-On-Black-Scree_0.jpeg?width=1200&height=800&fit=crop,www.benzinga.com,Financial Markets,0.270533,Somewhat-Bullish,"[{""ticker"": ""CRYPTO:ETH"", ""relevance_score"": ""0.47672"", ""ticker_sentiment_score"": ""0.248902"", ""ticker_sentiment_label"": ""Somewhat-Bullish""}]"
2025-04-18,"Hong Kong-based crypto investment firm HashKey Capital announced the launch of an XRP fund, with plans to convert it into an exchange-traded fund ( ETF ) in the future.According to an April 18 announcement, the fund, officially titled the HashKey XRP Tracker Fund, is reportedly ""the first ...",Cointelegraph,https://cointelegraph.com/news/hashkey-takes-aim-at-xrp-etf-in-asia-with-new-fund,0.213988,https://cointelegraph.com/news/hashkey-takes-aim-at-xrp-etf-in-asia-with-new-fund,Hashkey takes aim at XRP ETF in Asia with new fund backed by Ripple,Adrian Zmudzinski,https://s3.cointelegraph.com/uploads/2025-04/01964827-c95d-7ce6-914b-d71e329aae69,cointelegraph.com,"Blockchain,Financial Markets",0.150372,Somewhat-Bullish,"[{""ticker"": ""CRYPTO:BTC"", ""relevance_score"": ""0.213988"", ""ticker_sentiment_score"": ""0.0"", ""ticker_sentiment_label"": ""Neutral""}, {""ticker"": ""CRYPTO:ETH"", ""relevance_score"": ""0.213988"", ""ticker_sentiment_score"": ""0.0"", ""ticker_sentiment_label"": ""Neutral""}]"
2025-04-18,"Cryptocurrency mogul Justin Sun declared Thursday that he won't dump his Ethereum ETH/USD holdings despite the continued decline in its value. What Happened: Sun, the founder of the Tron TRX/USD blockchain, expressed a strong conviction for the second-largest cryptocurrency in an X post.",Benzinga,https://www.benzinga.com/markets/cryptocurrency/25/04/44883167/justin-sun-has-no-intention-of-selling-eth-despite-a-52-ytd-slump-crypto-mogul-says-tron-w,0.95734,https://www.benzinga.com/markets/cryptocurrency/25/04/44883167/justin-sun-has-no-intention-of-selling-eth-despite-a-52-ytd-slump-crypto-mogul-says-tron-w,Justin Sun Has 'No Intention Of Selling' ETH Despite A 52% YTD Slump-Crypto Mogul Says Tron Will Continue Collaboration With Ethereum - Grayscale Ethereum Mini Trust  ( ETH )  Common units of fractional undivided beneficial interest  ( ARCA:ETH ) ,Aniket Verma,https://cdn.benzinga.com/files/images/story/2025/04/18/Ethereum-Virtual-Currency-On-Black-Scree.jpeg?width=1200&height=800&fit=crop,www.benzinga.com,"Economy - Monetary,Blockchain,Financial Markets",0.176925,Somewhat-Bullish,"[{""ticker"": ""CRYPTO:ETH"", ""relevance_score"": ""0.95734"", ""ticker_sentiment_score"": ""0.314794"", ""ticker_sentiment_label"": ""Somewhat-Bullish""}]"
2025-04-18,"Building apps can be expensive, stressful and complicated. It can take thousands of dollars to create software - and entrepreneurs with bright ideas but no coding experience have little choice but to put their faith in expensive developers. The pain points don't end here, either.",Benzinga,https://www.benzinga.com/partner/cryptocurrency/25/04/44881200/how-ice-open-network-is-making-web3-buildable-by-anyone-no-devs-needed,0.039679,https://www.benzinga.com/partner/cryptocurrency/25/04/44881200/how-ice-open-network-is-making-web3-buildable-by-anyone-no-devs-needed,How Ice Open Network Is Making Web3 Buildable By Anyone - No Devs Needed,Ice Open Network,https://cdn.benzinga.com/files/images/story/2025/04/18/ICE-banner-final-2-1.jpeg?width=1200&height=800&fit=crop,www.benzinga.com,"Technology,Blockchain,Financial Markets",0.172549,Somewhat-Bullish,"[{""ticker"": ""SHOP"", ""relevance_score"": ""0.039679"", ""ticker_sentiment_score"": ""0.083904"", ""ticker_sentiment_label"": ""Neutral""}, {""ticker"": ""META"", ""relevance_score"": ""0.039679"", ""ticker_sentiment_score"": ""-0.010972"", ""ticker_sentiment_label"": ""Neutral""}, {""ticker"": ""CRYPTO:ETH"", ""relevance_score"": ""0.039679"", ""ticker_sentiment_score"": ""0.181981"", ""ticker_sentiment_label"": ""Somewhat-Bullish""}, {""ticker"": ""CRYPTO:HPB"", ""relevance_score"": ""0.039679"", ""ticker_sentiment_score"": ""0.181981"", ""ticker_sentiment_label"": ""Somewhat-Bullish""}]"
2025-04-18,"A cryptocurrency project inspired by scientific great Isaac Newton has quietly made waves this year, with its native coin's year-to-date explosion leaving reputable names far behind.",Benzinga,https://www.benzinga.com/markets/cryptocurrency/25/04/44881383/isaac-newton-inspired-crypto-defies-gravity-soars-7600-since-the-year-began,0.269776,https://www.benzinga.com/markets/cryptocurrency/25/04/44881383/isaac-newton-inspired-crypto-defies-gravity-soars-7600-since-the-year-began,"Isaac Newton-inspired Crypto Defies Gravity, Soars 7600% Since The Year Began",Aniket Verma,https://cdn.benzinga.com/files/images/story/2025/04/18/Altcoins-Over-Dark-Surface-In-Neon-Light.jpeg?width=1200&height=800&fit=crop,www.benzinga.com,"Blockchain,Financial Markets",0.272467,Somewhat-Bullish,"[{""ticker"": ""CRYPTO:BTC"", ""relevance_score"": ""0.269776"", ""ticker_sentiment_score"": ""0.241558"", ""ticker_sentiment_label"": ""Somewhat-Bullish""}, {""ticker"": ""CRYPTO:ETH"", ""relevance_score"": ""0.269776"", ""ticker_sentiment_score"": ""0.241558"", ""ticker_sentiment_label"": ""Somewhat-Bullish""}, {""ticker"": ""CRYPTO:XCN"", ""relevance_score"": ""0.136888"", ""ticker_sentiment_score"": ""0.086638"", ""ticker_sentiment_label"": ""Neutral""}]"
2025-04-18,"Cryptocurrencies are off to a rough start in 2025. The total value of all coins and tokens in circulation currently stands at $2.7 trillion, which is down about 20% for the year. Even the undisputed industry leader, Bitcoin, is down 11% year to date.But the cryptocurrencies at the smaller end of ...",Motley Fool,https://www.fool.com/investing/2025/04/18/shiba-inu-is-plunging-2025-buy-dip-run-for-hills/,0.089797,https://www.fool.com/investing/2025/04/18/shiba-inu-is-plunging-2025-buy-dip-run-for-hills/,Shiba Inu Is Plunging in 2025. Buy the Dip or Run for the Hills?,Anthony Di Pizio,https://g.foolcdn.com/image/?url=https%3A%2F%2Fg.foolcdn.com%2Feditorial%2Fimages%2F814991%2Fa-sad-shiba-inu-dog-laying-on-a-bed.jpg&op=resize&w=700,www.fool.com,"Financial Markets,Technology,Finance,Blockchain",0.212373,Somewhat-Bullish,"[{""ticker"": ""AAPL"", ""relevance_score"": ""0.04497"", ""ticker_sentiment_score"": ""0.102283"", ""ticker_sentiment_label"": ""Neutral""}, {""ticker"": ""COIN"", ""relevance_score"": ""0.04497"", ""ticker_sentiment_score"": ""0.167873"", ""ticker_sentiment_label"": ""Somewhat-Bullish""}, {""ticker"": ""CRYPTO:BTC"", ""relevance_score"": ""0.089797"", ""ticker_sentiment_score"": ""0.094802"", ""ticker_sentiment_label"": ""Neutral""}, {""ticker"": ""CRYPTO:ETH"", ""relevance_score"": ""0.089797"", ""ticker_sentiment_score"": ""0.146348"", ""ticker_sentiment_label"": ""Neutral""}, {""ticker"": ""CRYPTO:SHIB"", ""relevance_score"": ""0.570165"", ""ticker_sentiment_score"": ""0.301929"", ""ticker_sentiment_label"": ""Somewhat-Bullish""}, {""ticker"": ""CRYPTO:DOGE"", ""relevance_score"": ""0.089797"", ""ticker_sentiment_score"": ""0.10569"", ""ticker_sentiment_label"": ""Neutral""}]"
2025-04-18,"Altcoins may see a resurgence in the second quarter of 2025 as regulations for digital assets continue to improve, according to Swiss bank Sygnum.In its Q2 2025 investment outlook, Sygnum said the space has seen ""drastically improved"" regulations for crypto use cases, creating the foundations ...",Cointelegraph,https://cointelegraph.com/news/altcoins-rally-second-quarter-sygnum-bank-report,0.089129,https://cointelegraph.com/news/altcoins-rally-second-quarter-sygnum-bank-report,Altcoins may rally in Q2 2025 thanks to improved regulations: Sygnum,Ezra Reguerra,https://s3.cointelegraph.com/uploads/2025-04/01964803-6591-71b3-b40d-9c6f380ae377,cointelegraph.com,Blockchain,0.290065,Somewhat-Bullish,"[{""ticker"": ""CRYPTO:BTC"", ""relevance_score"": ""0.345674"", ""ticker_sentiment_score"": ""0.282989"", ""ticker_sentiment_label"": ""Somewhat-Bullish""}, {""ticker"": ""CRYPTO:ETH"", ""relevance_score"": ""0.089129"", ""ticker_sentiment_score"": ""0.133491"", ""ticker_sentiment_label"": ""Neutral""}]"
2025-04-18,"Solana SOL/USD sustained its upward momentum Thursday overnight, as cryptocurrency exchange Coinbase Global Inc. COIN scaled up its infrastructure to support faster, smoother SOL transactions. What happened: SOL rose over 3% over the previous day, becoming the most successful among the top 10 ...",Benzinga,https://www.benzinga.com/25/04/44881116/whats-going-on-with-solana-thursday-overnight,0.220809,https://www.benzinga.com/25/04/44881116/whats-going-on-with-solana-thursday-overnight,Why Is Solana Rising Overnight On Thursday? - Emeren Group  ( NYSE:SOL ) ,Aniket Verma,https://cdn.benzinga.com/files/images/story/2025/04/17/Cryptocurrency-Concept--A-Macro-Shot-Of-.jpeg?width=1200&height=800&fit=crop,www.benzinga.com,"Finance,Blockchain,Financial Markets",0.420707,Bullish,"[{""ticker"": ""COIN"", ""relevance_score"": ""0.516656"", ""ticker_sentiment_score"": ""0.537921"", ""ticker_sentiment_label"": ""Bullish""}, {""ticker"": ""CRYPTO:BTC"", ""relevance_score"": ""0.220809"", ""ticker_sentiment_score"": ""0.141845"", ""ticker_sentiment_label"": ""Neutral""}, {""ticker"": ""CRYPTO:ETH"", ""relevance_score"": ""0.220809"", ""ticker_sentiment_score"": ""0.141845"", ""ticker_sentiment_label"": ""Neutral""}]"
2025-04-18,"Leading cryptocurrencies traded flat on Thursday as President Donald Trump threatened to remove Federal Reserve Chair Jerome Powell over delays in implementing monetary easing measures. What Happened: Bitcoin fluctuated between the high $83,000s and early $85,000s, with trading volumes falling by ...",Benzinga,https://www.benzinga.com/trading-ideas/movers/25/04/44881010/bitcoin-ethereum-dogecoin-flat-as-trump-attacks-powell-over-rate-cuts-investor-appetite-soft,0.071357,https://www.benzinga.com/trading-ideas/movers/25/04/44881010/bitcoin-ethereum-dogecoin-flat-as-trump-attacks-powell-over-rate-cuts-investor-appetite-soft,"Bitcoin, Ethereum, Dogecoin Flat As Trump Attacks Powell Over Rate Cuts: Investor Appetite Softening For BTC? On Chain Analytics Firm Gives Its Take On Risk-Off Sentiment - Grayscale Bitcoin Mini Trust  ( BTC )  Common units of fractional undivided beneficial interest  ( ARCA:BTC ) ",Aniket Verma,https://cdn.benzinga.com/files/images/story/2025/04/17/Firenze--Italy-November-11--2024-Cryptoc.jpeg?width=1200&height=800&fit=crop,www.benzinga.com,"Economy - Monetary,Blockchain,Financial Markets",0.065708,Neutral,"[{""ticker"": ""CRYPTO:BTC"", ""relevance_score"": ""0.345674"", ""ticker_sentiment_score"": ""-0.069661"", ""ticker_sentiment_label"": ""Neutral""}, {""ticker"": ""CRYPTO:ETH"", ""relevance_score"": ""0.071357"", ""ticker_sentiment_score"": ""-0.222889"", ""ticker_sentiment_label"": ""Somewhat-Bearish""}]"
2025-04-18,"Shiba Inu ( CRYPTO: SHIB ) has amassed a following among a certain group of cryptocurrency enthusiasts who value community and follow the hype. It probably helps that Shiba Inu's price has climbed astronomically since its launch in August 2020, despite the extreme volatility.As of April 17, this ...",Motley Fool,https://www.fool.com/investing/2025/04/18/down-87-shiba-inu-is-plummeting-is-it-a-better-buy/,0.063933,https://www.fool.com/investing/2025/04/18/down-87-shiba-inu-is-plummeting-is-it-a-better-buy/,"Down 87%, Shiba Inu Is Plummeting: Is It a Better Buy Than Bitcoin Right Now?",Neil Patel,https://g.foolcdn.com/editorial/images/815033/shiba-inu-dog-doge-dogecoin-1201x800-6a45073.jpeg,www.fool.com,"Blockchain,Financial Markets",0.316191,Somewhat-Bullish,"[{""ticker"": ""CRYPTO:BTC"", ""relevance_score"": ""0.478939"", ""ticker_sentiment_score"": ""0.463295"", ""ticker_sentiment_label"": ""Bullish""}, {""ticker"": ""CRYPTO:ETH"", ""relevance_score"": ""0.063933"", ""ticker_sentiment_score"": ""0.151458"", ""ticker_sentiment_label"": ""Somewhat-Bullish""}, {""ticker"": ""CRYPTO:SHIB"", ""relevance_score"": ""0.478939"", ""ticker_sentiment_score"": ""0.395375"", ""ticker_sentiment_label"": ""Bullish""}]"
2025-04-18,"Global grocery giant Spar has rolled out Bitcoin-based payments in a Swiss city, marking another step in the growing adoption of cryptocurrency for everyday transactions.A Spar supermarket in Zug, Switzerland, has implemented Bitcoin ( BTC ) payments via the Lightning Network.The store's Bitcoin ...",Cointelegraph,https://cointelegraph.com/news/spar-store-zug-switzerland-bitcoin-payments-lightning-network,0.087185,https://cointelegraph.com/news/spar-store-zug-switzerland-bitcoin-payments-lightning-network,Spar supermarket in Switzerland starts accepting Bitcoin payments,Zoltan Vardai,https://s3.cointelegraph.com/uploads/2025-04/0196481d-755b-7cda-bb96-e81f84d7efb5,cointelegraph.com,Blockchain,0.199488,Somewhat-Bullish,"[{""ticker"": ""AWON"", ""relevance_score"": ""0.087185"", ""ticker_sentiment_score"": ""0.093722"", ""ticker_sentiment_label"": ""Neutral""}, {""ticker"": ""CRYPTO:BTC"", ""relevance_score"": ""0.845368"", ""ticker_sentiment_score"": ""0.34345"", ""ticker_sentiment_label"": ""Somewhat-Bullish""}, {""ticker"": ""CRYPTO:ETH"", ""relevance_score"": ""0.087185"", ""ticker_sentiment_score"": ""0.108204"", ""ticker_sentiment_label"": ""Neutral""}, {""ticker"": ""CRYPTO:USDT"", ""relevance_score"": ""0.087185"", ""ticker_sentiment_score"": ""0.0"", ""ticker_sentiment_label"": ""Neutral""}, {""ticker"": ""CRYPTO:ADA"", ""relevance_score"": ""0.087185"", ""ticker_sentiment_score"": ""0.108204"", ""ticker_sentiment_label"": ""Neutral""}]"
2025-04-18,"Kenny Li said that North Korea's state-backed hackers posed as known contacts in a fake Zoom meeting that ""looked very real."" ...",Decrypt.co,https://decrypt.co/315329/manta-co-founder-targeted-by-lazarus-group-in-zoom-phishing-attempt,0.06211,https://decrypt.co/315329/manta-co-founder-targeted-by-lazarus-group-in-zoom-phishing-attempt,Manta Co-Founder 'Targeted' by Lazarus Group in Zoom Phishing Attempt,Vismaya V,https://cdn.decrypt.co/resize/1024/height/512/wp-content/uploads/2020/10/phishing-attack-gID_7.jpg,decrypt.co,Technology,-0.120531,Neutral,"[{""ticker"": ""GOOG"", ""relevance_score"": ""0.06211"", ""ticker_sentiment_score"": ""-0.142064"", ""ticker_sentiment_label"": ""Neutral""}, {""ticker"": ""CRYPTO:ETH"", ""relevance_score"": ""0.06211"", ""ticker_sentiment_score"": ""0.0"", ""ticker_sentiment_label"": ""Neutral""}]"
2025-04-18,"With its price down by 46% over the last three years, Ethereum ( CRYPTO: ETH ) now confronts yet another problem. While it certainly won't be alone, the possibility of devastation is ahead.But where there's danger, there's often opportunity, and for Ethereum, this is likely one of those times.",Motley Fool,https://www.fool.com/investing/2025/04/18/this-trend-seriously-threatens-ethereums-future-bu/,0.732119,https://www.fool.com/investing/2025/04/18/this-trend-seriously-threatens-ethereums-future-bu/,"This Trend Seriously Threatens Ethereum's Future, but Could It Also Make It Worth Buying?",Alex Carchidi,https://g.foolcdn.com/editorial/images/814457/investor-prays-at-desk.jpg,www.fool.com,"Blockchain,Financial Markets",-0.034441,Neutral,"[{""ticker"": ""CRYPTO:ETH"", ""relevance_score"": ""0.732119"", ""ticker_sentiment_score"": ""-0.047653"", ""ticker_sentiment_label"": ""Neutral""}]"
2025-04-18,"eXch CEO Johann Roberts told Decrypt the decision was spurred by a ""verified whistleblower from the DOJ"" who provided ""enough real data."" ...",Decrypt.co,https://decrypt.co/315331/crypto-exchange-exch-shutting-down-following-links-to-lazarus-bybit-hack,0.239698,https://decrypt.co/315331/crypto-exchange-exch-shutting-down-following-links-to-lazarus-bybit-hack,"Crypto Exchange eXch Shutting Down Following Links to Lazarus, Bybit Hack",Vince Dioquino,https://cdn.decrypt.co/resize/1024/height/512/wp-content/uploads/2023/05/bybit-gID_7.jpg,decrypt.co,"Real Estate & Construction,Blockchain",-0.15017,Somewhat-Bearish,"[{""ticker"": ""APG"", ""relevance_score"": ""0.081001"", ""ticker_sentiment_score"": ""0.0"", ""ticker_sentiment_label"": ""Neutral""}, {""ticker"": ""CRYPTO:ETH"", ""relevance_score"": ""0.239698"", ""ticker_sentiment_score"": ""-0.174441"", ""ticker_sentiment_label"": ""Somewhat-Bearish""}]"
2025-04-19,"The creator of Ethereum layer 2 blockchain Base, Jesse Pollak, has apologized following backlash over posting digital artwork that controversially played on Base's tagline, ""Base is for everyone.""Several social media users found the artwork offensive and inappropriate.""It was a single phrase ...",Cointelegraph,https://cointelegraph.com/news/base-creator-jesse-pollak-issues-apology-controversial-digital-art,0.08183,https://cointelegraph.com/news/base-creator-jesse-pollak-issues-apology-controversial-digital-art,Base creator admits sharing 'Base is for pimping' art was a mistake,Ciaran Lyons,https://s3.cointelegraph.com/uploads/2025-04/01964d06-fbb5-7f82-a3f1-e28ee9e6a633,cointelegraph.com,"Finance,Blockchain",0.140506,Neutral,"[{""ticker"": ""COIN"", ""relevance_score"": ""0.08183"", ""ticker_sentiment_score"": ""0.0"", ""ticker_sentiment_label"": ""Neutral""}, {""ticker"": ""CRYPTO:ETH"", ""relevance_score"": ""0.08183"", ""ticker_sentiment_score"": ""0.085127"", ""ticker_sentiment_label"": ""Neutral""}]"
2025-04-19,"Web3 and blockchain-focused investment fund ABCDE is halting new investments, but the $400 million fund remains committed to supporting its existing projects.In an April 19 X post, ABCDE co-founder and Huobi exchange founder Du Jun said the $400 million fund will no longer invest in new projects ...",Cointelegraph,https://cointelegraph.com/news/400-m-web3-investment-fund-abcde-halts-investments-fundraising,0.140896,https://cointelegraph.com/news/400-m-web3-investment-fund-abcde-halts-investments-fundraising,"$400M Web3 investment fund ABCDE halts new investments, fundraising",Zoltan Vardai,https://s3.cointelegraph.com/uploads/2025-04/01964d5c-81b2-7348-8c2b-bec270f766a8,cointelegraph.com,"Blockchain,Financial Markets",0.130311,Neutral,"[{""ticker"": ""CRYPTO:BTC"", ""relevance_score"": ""0.140896"", ""ticker_sentiment_score"": ""0.080631"", ""ticker_sentiment_label"": ""Neutral""}, {""ticker"": ""CRYPTO:ETH"", ""relevance_score"": ""0.140896"", ""ticker_sentiment_score"": ""0.106437"", ""ticker_sentiment_label"": ""Neutral""}, {""ticker"": ""CRYPTO:ADA"", ""relevance_score"": ""0.070725"", ""ticker_sentiment_score"": ""0.087418"", ""ticker_sentiment_label"": ""Neutral""}]"
2025-04-19,"LARNACA, Cyprus, April 19, 2025 ( GLOBE NEWSWIRE ) -- JACKBIT stands out as the best no KYC casino this year, combining total privacy, fast crypto payouts, and thousands of games. As a trusted no KYC crypto casino, it's perfect for players who value anonymity without sacrificing variety or ...",Benzinga,https://www.benzinga.com/pressreleases/25/04/g44888944/best-no-kyc-casinos-2025-jackbit-rated-top-no-kyc-crypto-casino,0.062474,https://www.benzinga.com/pressreleases/25/04/g44888944/best-no-kyc-casinos-2025-jackbit-rated-top-no-kyc-crypto-casino,Best No KYC Casinos 2025: JACKBIT Rated Top No KYC Crypto Casino,Globe Newswire,https://ml.globenewswire.com/Resource/Download/36dcdbfd-8604-46a3-bd30-892697fbe41d/jackbit-casino.jpg,www.benzinga.com,"Blockchain,Financial Markets",0.349512,Somewhat-Bullish,"[{""ticker"": ""MA"", ""relevance_score"": ""0.046877"", ""ticker_sentiment_score"": ""0.176336"", ""ticker_sentiment_label"": ""Somewhat-Bullish""}, {""ticker"": ""TRTPF"", ""relevance_score"": ""0.015634"", ""ticker_sentiment_score"": ""0.24824"", ""ticker_sentiment_label"": ""Somewhat-Bullish""}, {""ticker"": ""CRYPTO:BTC"", ""relevance_score"": ""0.155351"", ""ticker_sentiment_score"": ""0.285901"", ""ticker_sentiment_label"": ""Somewhat-Bullish""}, {""ticker"": ""CRYPTO:ETH"", ""relevance_score"": ""0.062474"", ""ticker_sentiment_score"": ""0.208786"", ""ticker_sentiment_label"": ""Somewhat-Bullish""}, {""ticker"": ""CRYPTO:DOGE"", ""relevance_score"": ""0.031261"", ""ticker_sentiment_score"": ""0.179095"", ""ticker_sentiment_label"": ""Somewhat-Bullish""}, {""ticker"": ""CRYPTO:BNB"", ""relevance_score"": ""0.031261"", ""ticker_sentiment_score"": ""0.179095"", ""ticker_sentiment_label"": ""Somewhat-Bullish""}]"
2025-04-19,Bitcoin's market grip predicted to hold strong until US Federal Reserve eases its tight monetary reins. Cowen's crystal ball sees Bitcoin towering over its crypto cousins until a policy pivot in Washington. Feel unsure about the market's next move?,Benzinga,https://www.benzinga.com/markets/cryptocurrency/25/04/44888965/this-crypto-analyst-forecasts-bitcoins-superiority-over-altcoins-until-this-happens,0.092213,https://www.benzinga.com/markets/cryptocurrency/25/04/44888965/this-crypto-analyst-forecasts-bitcoins-superiority-over-altcoins-until-this-happens,This Crypto Analyst Forecasts Bitcoin's Superiority Over Altcoins Until This Happens,Bibhu Pattnaik,https://cdn.benzinga.com/files/images/story/2025/04/19/Bitcoin-Cryptocurrency-Gold-Coins-In-Bla.jpeg?width=1200&height=800&fit=crop,www.benzinga.com,"Economy - Monetary,Financial Markets,Technology,Blockchain",0.262509,Somewhat-Bullish,"[{""ticker"": ""GOOG"", ""relevance_score"": ""0.092213"", ""ticker_sentiment_score"": ""-0.080133"", ""ticker_sentiment_label"": ""Neutral""}, {""ticker"": ""CRYPTO:BTC"", ""relevance_score"": ""0.895116"", ""ticker_sentiment_score"": ""0.380035"", ""ticker_sentiment_label"": ""Bullish""}, {""ticker"": ""CRYPTO:ETH"", ""relevance_score"": ""0.092213"", ""ticker_sentiment_score"": ""-0.080133"", ""ticker_sentiment_label"": ""Neutral""}]"
2025-04-19,"Opinion by: Jin Kwon, co-founder and chief strategy officer at SagaCrypto has come a long way in boosting transaction throughput. New layer 1s ( L1s ) and side networks offer faster, cheaper transactions than ever before.",Cointelegraph,https://cointelegraph.com/news/every-chain-is-an-island,0.113776,https://cointelegraph.com/news/every-chain-is-an-island,Every chain is an island: crypto's liquidity crisis,Jin Kwon,"https://images.cointelegraph.com/cdn-cgi/image/format=auto,onerror=redirect,quality=90,width=1200/https://s3.cointelegraph.com/uploads/2025-03/0195d739-5349-7701-b569-917ef600e243",cointelegraph.com,Blockchain,0.125103,Neutral,"[{""ticker"": ""CRYPTO:ETH"", ""relevance_score"": ""0.113776"", ""ticker_sentiment_score"": ""-0.079269"", ""ticker_sentiment_label"": ""Neutral""}]"
2025-04-19,"Every block you mine, craft, or place is tracked on-chain in the Minecraft-like Chunked, the first in a series of experiments by MSquared.",Decrypt.co,https://decrypt.co/315395/minecraft-clone-fully-on-chain,0.149656,https://decrypt.co/315395/minecraft-clone-fully-on-chain,This 'Minecraft' Clone Puts Every Game Action On-Chain-Here's Why,Ryan S. Gladwin,https://img.decrypt.co/insecure/rs:fit:3840:0:0:0/plain/https://cdn.decrypt.co/wp-content/uploads/2025/04/Screenshot-2025-04-18-14-08-07.png@webp,decrypt.co,Blockchain,0.127398,Neutral,"[{""ticker"": ""CRYPTO:ETH"", ""relevance_score"": ""0.149656"", ""ticker_sentiment_score"": ""0.044157"", ""ticker_sentiment_label"": ""Neutral""}]"
2025-04-19,"Las Vegas, CA, April 19, 2025 ( GLOBE NEWSWIRE ) -- Online real money casinos are hard to find, UJN recognized 7Bit Casino as the top best real money online casino in USA, ranking it as the top online casino for real money, industry-leading payout speeds, extensive game selection, and ...",Benzinga,https://www.benzinga.com/pressreleases/25/04/g44889579/best-real-money-online-casino-in-usa-goes-to-7bit-casino-rated-by-ujn,0.034563,https://www.benzinga.com/pressreleases/25/04/g44889579/best-real-money-online-casino-in-usa-goes-to-7bit-casino-rated-by-ujn,Best Real Money Online Casino in USA goes to 7Bit Casino Rated by UJN,Globe Newswire,https://ml.globenewswire.com/media/2b59f238-b1f4-406d-84fc-080b73ed4aa9/small/unionjacknews-logo-png.png,www.benzinga.com,"Blockchain,Financial Markets",0.40856,Bullish,"[{""ticker"": ""MA"", ""relevance_score"": ""0.069061"", ""ticker_sentiment_score"": ""0.180559"", ""ticker_sentiment_label"": ""Somewhat-Bullish""}, {""ticker"": ""PYPL"", ""relevance_score"": ""0.034563"", ""ticker_sentiment_score"": ""0.126792"", ""ticker_sentiment_label"": ""Neutral""}, {""ticker"": ""CRYPTO:BTC"", ""relevance_score"": ""0.069061"", ""ticker_sentiment_score"": ""0.177107"", ""ticker_sentiment_label"": ""Somewhat-Bullish""}, {""ticker"": ""CRYPTO:ETH"", ""relevance_score"": ""0.034563"", ""ticker_sentiment_score"": ""0.148772"", ""ticker_sentiment_label"": ""Neutral""}, {""ticker"": ""CRYPTO:DOGE"", ""relevance_score"": ""0.023046"", ""ticker_sentiment_score"": ""0.088754"", ""ticker_sentiment_label"": ""Neutral""}, {""ticker"": ""CRYPTO:USDT"", ""relevance_score"": ""0.011524"", ""ticker_sentiment_score"": ""0.108333"", ""ticker_sentiment_label"": ""Neutral""}, {""ticker"": ""CRYPTO:LTC"", ""relevance_score"": ""0.011524"", ""ticker_sentiment_score"": ""0.108333"", ""ticker_sentiment_label"": ""Neutral""}, {""ticker"": ""CRYPTO:XRP"", ""relevance_score"": ""0.011524"", ""ticker_sentiment_score"": ""0.108333"", ""ticker_sentiment_label"": ""Neutral""}]"
2025-04-20,Ethereum co-founder Vitalik Buterin has proposed replacing the current Ethereum Virtual Machine ( EVM ) contract language with the RISC-V instruction set architecture to improve the speed and efficiency of the Ethereum network's execution layer.Buterin's April 20 proposal outlined several ...,Cointelegraph,https://cointelegraph.com/news/vitalik-buterin-proposes-swapping-evm-language-risc-v,0.978398,https://cointelegraph.com/news/vitalik-buterin-proposes-swapping-evm-language-risc-v,Vitalik Buterin proposes swapping EVM language for RISC-V,Vince Quill,https://s3.cointelegraph.com/uploads/2025-04/019653f7-c865-790d-8ffd-73f63a12dbb6,cointelegraph.com,"Earnings,Blockchain",0.128463,Neutral,"[{""ticker"": ""CRYPTO:ETH"", ""relevance_score"": ""0.978398"", ""ticker_sentiment_score"": ""0.227639"", ""ticker_sentiment_label"": ""Somewhat-Bullish""}]"
2025-04-20,"SYDNEY, Australia, April 20, 2025 ( GLOBE NEWSWIRE ) -- XenDex is set to Launch as the Strategic Hidden Road Acquisition by Ripple founders signals XRP price surge. The recent news of Hidden Road being acquired by the Ripple's founding stakeholder has sent a wave of renewed excitement and ...",Benzinga,https://www.benzinga.com/pressreleases/25/04/g44891158/xendex-unveils-all-in-one-decentralized-exchange-with-lending-borrowing-functionality-on-xrp,0.050254,https://www.benzinga.com/pressreleases/25/04/g44891158/xendex-unveils-all-in-one-decentralized-exchange-with-lending-borrowing-functionality-on-xrp,XenDex Unveils All-In-One Decentralized Exchange With Lending & Borrowing Functionality on XRP,Globe Newswire,https://ml.globenewswire.com/Resource/Download/7059662a-4172-4c63-9bd6-70cd02e5d6a8/photo-2025-04-21-02-43-35.jpeg,www.benzinga.com,"Blockchain,Financial Markets",0.227877,Somewhat-Bullish,"[{""ticker"": ""CRYPTO:ETH"", ""relevance_score"": ""0.050254"", ""ticker_sentiment_score"": ""0.0"", ""ticker_sentiment_label"": ""Neutral""}, {""ticker"": ""CRYPTO:ADA"", ""relevance_score"": ""0.050254"", ""ticker_sentiment_score"": ""0.0"", ""ticker_sentiment_label"": ""Neutral""}]"
2025-04-20,"Looking for the latest on crypto games, including new releases, token launches and airdrops, and more? Here's what you need to know.",Decrypt.co,https://decrypt.co/315541/this-week-crypto-games-solana-pass-ponzi-sec-cyberkongz,0.193465,https://decrypt.co/315541/this-week-crypto-games-solana-pass-ponzi-sec-cyberkongz,"This Week in Crypto Games: Solana Game Pass, 'Ponzi' Games Pop, SEC and CyberKongz",Andrew Hayward,https://cdn.decrypt.co/resize/1024/height/512/wp-content/uploads/2024/09/taptoearn-gID_7.jpg,decrypt.co,Blockchain,0.230864,Somewhat-Bullish,"[{""ticker"": ""NFLX"", ""relevance_score"": ""0.04882"", ""ticker_sentiment_score"": ""0.027995"", ""ticker_sentiment_label"": ""Neutral""}, {""ticker"": ""CRYPTO:ETH"", ""relevance_score"": ""0.193465"", ""ticker_sentiment_score"": ""0.05061"", ""ticker_sentiment_label"": ""Neutral""}, {""ticker"": ""CRYPTO:MNE"", ""relevance_score"": ""0.04882"", ""ticker_sentiment_score"": ""0.083045"", ""ticker_sentiment_label"": ""Neutral""}]"
2025-04-20,XRP's price is retracing from recent highs back in January.,Motley Fool,https://www.fool.com/investing/2025/04/20/down-37-from-its-all-time-high-is-now-a-good-time/,0.05339,https://www.fool.com/investing/2025/04/20/down-37-from-its-all-time-high-is-now-a-good-time/,"Down 46% From Its All-Time High, Is Now a Good Time to Buy the Dip in XRP  ( Ripple ) ? Here Is What History Suggests Could Happen Next.",Adam Spatacco,https://g.foolcdn.com/image/?url=https%3A%2F%2Fg.foolcdn.com%2Feditorial%2Fimages%2F815181%2Fgettyimages-1022259708.jpg&op=resize&w=700,www.fool.com,"Blockchain,Financial Markets",0.122575,Neutral,"[{""ticker"": ""CRYPTO:BTC"", ""relevance_score"": ""0.05339"", ""ticker_sentiment_score"": ""0.230824"", ""ticker_sentiment_label"": ""Somewhat-Bullish""}, {""ticker"": ""CRYPTO:ETH"", ""relevance_score"": ""0.05339"", ""ticker_sentiment_score"": ""0.230824"", ""ticker_sentiment_label"": ""Somewhat-Bullish""}, {""ticker"": ""CRYPTO:ADA"", ""relevance_score"": ""0.05339"", ""ticker_sentiment_score"": ""0.230824"", ""ticker_sentiment_label"": ""Somewhat-Bullish""}]"
2025-04-20,"Opinion by: Alon Muroch, founder of SSV LabsEven though Ethereum remains a leader in terms of total value locked ( TVL ) , things aren't looking great. Network activity is hemorrhaging, and momentum is slipping. Ethereum has become locked in a fight for its future.",Cointelegraph,https://cointelegraph.com/news/not-the-time-for-a-restaking-revival,0.639433,https://cointelegraph.com/news/not-the-time-for-a-restaking-revival,Now is not the time for a restaking revival,Alon Muroch,"https://images.cointelegraph.com/cdn-cgi/image/format=auto,onerror=redirect,quality=90,width=1200/https://s3.cointelegraph.com/uploads/2024-11/019359e5-0329-76e2-93cb-11b2b3912249",cointelegraph.com,"Blockchain,Financial Markets",0.239565,Somewhat-Bullish,"[{""ticker"": ""CRYPTO:ETH"", ""relevance_score"": ""0.639433"", ""ticker_sentiment_score"": ""0.249254"", ""ticker_sentiment_label"": ""Somewhat-Bullish""}]"
2025-04-20,"Is Bitcoin on the path to $250,000 this year?",Motley Fool,https://www.fool.com/investing/2025/04/20/1-top-cryptocurrency-to-buy-before-it-soars-194-ac/,0.049424,https://www.fool.com/investing/2025/04/20/1-top-cryptocurrency-to-buy-before-it-soars-194-ac/,"1 Top Cryptocurrency to Buy Before It Soars 194%, According to the Co-Founder of Ethereum and Cardano",Dominic Basulto,https://g.foolcdn.com/image/?url=https%3A%2F%2Fg.foolcdn.com%2Feditorial%2Fimages%2F814940%2Fgold-coin-with-bitcoin-symbol-on-it-cryptocurrency-btc.jpg&op=resize&w=700,www.fool.com,"Technology,Blockchain,Financial Markets",0.184637,Somewhat-Bullish,"[{""ticker"": ""MSFT"", ""relevance_score"": ""0.147516"", ""ticker_sentiment_score"": ""0.0"", ""ticker_sentiment_label"": ""Neutral""}, {""ticker"": ""MSTR"", ""relevance_score"": ""0.098659"", ""ticker_sentiment_score"": ""0.122943"", ""ticker_sentiment_label"": ""Neutral""}, {""ticker"": ""FOREX:USD"", ""relevance_score"": ""0.049424"", ""ticker_sentiment_score"": ""0.243238"", ""ticker_sentiment_label"": ""Somewhat-Bullish""}, {""ticker"": ""CRYPTO:BTC"", ""relevance_score"": ""0.73545"", ""ticker_sentiment_score"": ""0.355476"", ""ticker_sentiment_label"": ""Bullish""}, {""ticker"": ""CRYPTO:ETH"", ""relevance_score"": ""0.049424"", ""ticker_sentiment_score"": ""0.12312"", ""ticker_sentiment_label"": ""Neutral""}, {""ticker"": ""CRYPTO:ADA"", ""relevance_score"": ""0.049424"", ""ticker_sentiment_score"": ""0.12312"", ""ticker_sentiment_label"": ""Neutral""}]"
2025-04-20,Jan3 CEO Samson Mow says that Bitcoin dominance hasn't yet exhausted its upside trajectory after analyzing how altcoin prices would stack up against Bitcoin if all were on equal terms of total supply.His forecast for Bitcoin ( BTC ) to rise further comes as the ratio has already exceeded the ...,Cointelegraph,https://cointelegraph.com/news/altcoin-unit-bias-crypto-participants-disadvantage-bitcoin-samson-mow,0.174587,https://cointelegraph.com/news/altcoin-unit-bias-crypto-participants-disadvantage-bitcoin-samson-mow,Altcoin unit bias 'absolutely destroying' crypto newbies - Samson Mow,Ciaran Lyons,https://s3.cointelegraph.com/uploads/2025-04/019651db-c704-76d8-89cd-7e8ab155fb68,cointelegraph.com,Blockchain,0.189012,Somewhat-Bullish,"[{""ticker"": ""CRYPTO:BTC"", ""relevance_score"": ""0.901956"", ""ticker_sentiment_score"": ""0.289114"", ""ticker_sentiment_label"": ""Somewhat-Bullish""}, {""ticker"": ""CRYPTO:ETH"", ""relevance_score"": ""0.174587"", ""ticker_sentiment_score"": ""0.071236"", ""ticker_sentiment_label"": ""Neutral""}, {""ticker"": ""CRYPTO:XRP"", ""relevance_score"": ""0.259267"", ""ticker_sentiment_score"": ""0.168792"", ""ticker_sentiment_label"": ""Somewhat-Bullish""}]"
2025-04-20,"The past week was a rollercoaster ride for the cryptocurrency market. Bitcoin BTC/USD, Ethereum ETH/USD, XRP XRP/USD, and Dogecoin DOGE/USD moved sideways amid tariff uncertainties. The OM token of Layer-1 blockchain MANTRA saw a dramatic crash, wiping out billions of dollars.",Benzinga,https://www.benzinga.com/markets/cryptocurrency/25/04/44890127/bitcoins-sideways-dance-om-token-crash-saylors-bitcoin-tease-and-cathie-woods-crypto-shuff,0.211191,https://www.benzinga.com/markets/cryptocurrency/25/04/44890127/bitcoins-sideways-dance-om-token-crash-saylors-bitcoin-tease-and-cathie-woods-crypto-shuff,"Bitcoin's Sideways Dance, OM Token Crash, Saylor's Bitcoin Tease, And Cathie Wood's Crypto Shuffle: This Week In Crypto - Grayscale Bitcoin Mini Trust  ( BTC )  Common units of fractional undivided beneficial interest  ( ARCA:BTC ) ",Ananya Gairola,https://cdn.benzinga.com/files/images/story/2025/04/20/Antalya--Turkey---December-4--2024-Bitco.jpeg?width=1200&height=800&fit=crop,www.benzinga.com,"Economy - Monetary,Financial Markets,Finance,Blockchain",0.079487,Neutral,"[{""ticker"": ""HOOD"", ""relevance_score"": ""0.211191"", ""ticker_sentiment_score"": ""0.267737"", ""ticker_sentiment_label"": ""Somewhat-Bullish""}, {""ticker"": ""CRYPTO:BTC"", ""relevance_score"": ""0.651499"", ""ticker_sentiment_score"": ""0.160629"", ""ticker_sentiment_label"": ""Somewhat-Bullish""}, {""ticker"": ""CRYPTO:ETH"", ""relevance_score"": ""0.211191"", ""ticker_sentiment_score"": ""-0.030529"", ""ticker_sentiment_label"": ""Neutral""}, {""ticker"": ""CRYPTO:DOGE"", ""relevance_score"": ""0.211191"", ""ticker_sentiment_score"": ""-0.030529"", ""ticker_sentiment_label"": ""Neutral""}]"
2025-04-21,"Opinion by: Amitej Gajjala, co-founder and CEO of KernelDAOBitcoin is the principal asset of the cryptocurrency world and even one of the world's top 10 most valuable assets, recognized for its role as a store of value.",Cointelegraph,https://cointelegraph.com/news/dormant-bitcoin-in-de-fi,0.045139,https://cointelegraph.com/news/dormant-bitcoin-in-de-fi,Unlocking the potential of dormant Bitcoin in DeFi,Amitej Gajjala,"https://images.cointelegraph.com/cdn-cgi/image/format=auto,onerror=redirect,quality=90,width=1200/https://s3.cointelegraph.com/uploads/2024-12/01940805-3b6e-723d-8f04-f7a04a8a62ea",cointelegraph.com,"Blockchain,Financial Markets",0.254339,Somewhat-Bullish,"[{""ticker"": ""CRYPTO:BTC"", ""relevance_score"": ""0.945712"", ""ticker_sentiment_score"": ""0.43483"", ""ticker_sentiment_label"": ""Bullish""}, {""ticker"": ""CRYPTO:ETH"", ""relevance_score"": ""0.045139"", ""ticker_sentiment_score"": ""0.0"", ""ticker_sentiment_label"": ""Neutral""}]"
2025-04-21,"Bitcoin Catapults To $87,000: What Is Going On? Deutsche Bank, Standard Chartered Reportedly Looking Into Expanding To US Crypto Market How Traders Can Make Money When Bitcoin Trades Sideways: 10x Research Vitalik Buterin Suggests Major Overhaul To Improve Ethereum's Network Efficiency As ...",Benzinga,https://www.benzinga.com/25/04/44900676/dogecoin-and-shiba-inu-surge-but-fartcoin-takes-the-spotlightwhale-turns-losses-to-profits-in-rally-coca-cola-dod,0.03545,https://www.benzinga.com/25/04/44900676/dogecoin-and-shiba-inu-surge-but-fartcoin-takes-the-spotlightwhale-turns-losses-to-profits-in-rally-coca-cola-dod,"Dogecoin And Shiba Inu Surge But Fartcoin Takes The Spotlight-Whale Turns Losses To Profits In Rally; Coca-Cola Dodges New Tariffs With US Production, While Pepsico Faces 10% Levy On Irish Supply - Top Headlines While the U.S. Slept",Akanksha Bakshi,https://cdn.benzinga.com/files/images/story/2025/04/21/Dogecoin-Golden-Cryptocurrency-And-Blue-.jpeg?width=1200&height=800&fit=crop,www.benzinga.com,"Life Sciences,Energy & Transportation,Technology,Finance,Economy - Monetary,Financial Markets,Manufacturing,Earnings",0.047121,Neutral,"[{""ticker"": ""XPEV"", ""relevance_score"": ""0.03545"", ""ticker_sentiment_score"": ""0.148156"", ""ticker_sentiment_label"": ""Neutral""}, {""ticker"": ""GOOG"", ""relevance_score"": ""0.03545"", ""ticker_sentiment_score"": ""0.203471"", ""ticker_sentiment_label"": ""Somewhat-Bullish""}, {""ticker"": ""NVDA"", ""relevance_score"": ""0.03545"", ""ticker_sentiment_score"": ""-0.149138"", ""ticker_sentiment_label"": ""Neutral""}, {""ticker"": ""C"", ""relevance_score"": ""0.03545"", ""ticker_sentiment_score"": ""0.0"", ""ticker_sentiment_label"": ""Neutral""}, {""ticker"": ""SCBFF"", ""relevance_score"": ""0.03545"", ""ticker_sentiment_score"": ""0.0"", ""ticker_sentiment_label"": ""Neutral""}, {""ticker"": ""KO"", ""relevance_score"": ""0.03545"", ""ticker_sentiment_score"": ""0.092543"", ""ticker_sentiment_label"": ""Neutral""}, {""ticker"": ""SWK"", ""relevance_score"": ""0.03545"", ""ticker_sentiment_score"": ""0.0"", ""ticker_sentiment_label"": ""Neutral""}, {""ticker"": ""BRK-A"", ""relevance_score"": ""0.03545"", ""ticker_sentiment_score"": ""0.0"", ""ticker_sentiment_label"": ""Neutral""}, {""ticker"": ""UNH"", ""relevance_score"": ""0.03545"", ""ticker_sentiment_score"": ""-0.238835"", ""ticker_sentiment_label"": ""Somewhat-Bearish""}, {""ticker"": ""HSAI"", ""relevance_score"": ""0.03545"", ""ticker_sentiment_score"": ""0.148156"", ""ticker_sentiment_label"": ""Neutral""}, {""ticker"": ""TSLA"", ""relevance_score"": ""0.141102"", ""ticker_sentiment_score"": ""-0.024849"", ""ticker_sentiment_label"": ""Neutral""}, {""ticker"": ""AZN"", ""relevance_score"": ""0.03545"", ""ticker_sentiment_score"": ""-0.057065"", ""ticker_sentiment_label"": ""Neutral""}, {""ticker"": ""NCLH"", ""relevance_score"": ""0.03545"", ""ticker_sentiment_score"": ""0.360929"", ""ticker_sentiment_label"": ""Bullish""}, {""ticker"": ""FOREX:USD"", ""relevance_score"": ""0.03545"", ""ticker_sentiment_score"": ""-0.236321"", ""ticker_sentiment_label"": ""Somewhat-Bearish""}, {""ticker"": ""CRYPTO:BTC"", ""relevance_score"": ""0.175859"", ""ticker_sentiment_score"": ""0.130242"", ""ticker_sentiment_label"": ""Neutral""}, {""ticker"": ""CRYPTO:ETH"", ""relevance_score"": ""0.03545"", ""ticker_sentiment_score"": ""0.07478"", ""ticker_sentiment_label"": ""Neutral""}, {""ticker"": ""CRYPTO:SHIB"", ""relevance_score"": ""0.03545"", ""ticker_sentiment_score"": ""0.171786"", ""ticker_sentiment_label"": ""Somewhat-Bullish""}, {""ticker"": ""CRYPTO:DOGE"", ""relevance_score"": ""0.07083"", ""ticker_sentiment_score"": ""0.122732"", ""ticker_sentiment_label"": ""Neutral""}]"
2025-04-21,"Ever wondered what it would be like to possess something outlandishly expensive and one-of-a kind? Maybe a Picasso, a 10-carat diamond, a limited edition Ferrari? By changing how we understand ownership, real world asset ( RWA ) tokenization could make the unattainable attainable.",Benzinga,https://www.benzinga.com/markets/cryptocurrency/25/04/44902294/rwa-tokenization-could-be-cryptos-killer-app-is-there-a-place-for-it-in-your-portfolio,0.046816,https://www.benzinga.com/markets/cryptocurrency/25/04/44902294/rwa-tokenization-could-be-cryptos-killer-app-is-there-a-place-for-it-in-your-portfolio,Is Your Portfolio Ready For Tokenized RWAs?,Mark de Wolf,https://contributor-assets.benzinga.com/wp-content/uploads/2025/04/21094205/Screenshot-2025-04-21-at-11.41.31-1024x497.png,www.benzinga.com,"Economy - Monetary,Financial Markets,Finance,Blockchain",0.288784,Somewhat-Bullish,"[{""ticker"": ""C"", ""relevance_score"": ""0.046816"", ""ticker_sentiment_score"": ""0.0"", ""ticker_sentiment_label"": ""Neutral""}, {""ticker"": ""SCBFF"", ""relevance_score"": ""0.046816"", ""ticker_sentiment_score"": ""0.220524"", ""ticker_sentiment_label"": ""Somewhat-Bullish""}, {""ticker"": ""CRYPTO:BTC"", ""relevance_score"": ""0.09347"", ""ticker_sentiment_score"": ""0.292514"", ""ticker_sentiment_label"": ""Somewhat-Bullish""}, {""ticker"": ""CRYPTO:ETH"", ""relevance_score"": ""0.046816"", ""ticker_sentiment_score"": ""0.134542"", ""ticker_sentiment_label"": ""Neutral""}]"
2025-04-21,"The US Dollar Index ( DXY ) plunged below the 98 level on April 21, falling to a three-year low. That catapulted gold to a new all-time high, and Bitcoin ( BTC ) also showed strength, rising above $88,000. BitMEX co-founder and Maelstrom chief investment officer Arthur Hayes believes it may be ...",Cointelegraph,https://cointelegraph.com/news/price-analysis-4-21-spx-dxy-btc-eth-xrp-bnb-sol-doge-ada-link,0.106699,https://cointelegraph.com/news/price-analysis-4-21-spx-dxy-btc-eth-xrp-bnb-sol-doge-ada-link,"Price analysis 4/21: SPX, DXY, BTC, ETH, XRP, BNB, SOL, DOGE, ADA, LINK",Rakesh Upadhyay,https://s3.cointelegraph.com/uploads/2025-04/019658fa-98cc-7396-b6fd-9010b06a471e,cointelegraph.com,"Economy - Monetary,Financial Markets,Blockchain,Economy - Macro",-0.016865,Neutral,"[{""ticker"": ""FOREX:USD"", ""relevance_score"": ""0.071251"", ""ticker_sentiment_score"": ""-0.036757"", ""ticker_sentiment_label"": ""Neutral""}, {""ticker"": ""CRYPTO:BTC"", ""relevance_score"": ""0.245693"", ""ticker_sentiment_score"": ""0.142551"", ""ticker_sentiment_label"": ""Neutral""}, {""ticker"": ""CRYPTO:BNB"", ""relevance_score"": ""0.106699"", ""ticker_sentiment_score"": ""-0.048606"", ""ticker_sentiment_label"": ""Neutral""}, {""ticker"": ""CRYPTO:XRP"", ""relevance_score"": ""0.106699"", ""ticker_sentiment_score"": ""-0.194773"", ""ticker_sentiment_label"": ""Somewhat-Bearish""}, {""ticker"": ""CRYPTO:ETH"", ""relevance_score"": ""0.106699"", ""ticker_sentiment_score"": ""-0.020006"", ""ticker_sentiment_label"": ""Neutral""}, {""ticker"": ""CRYPTO:DOGE"", ""relevance_score"": ""0.106699"", ""ticker_sentiment_score"": ""-0.052582"", ""ticker_sentiment_label"": ""Neutral""}, {""ticker"": ""CRYPTO:LINK"", ""relevance_score"": ""0.106699"", ""ticker_sentiment_score"": ""-0.045786"", ""ticker_sentiment_label"": ""Neutral""}, {""ticker"": ""CRYPTO:USDT"", ""relevance_score"": ""0.279414"", ""ticker_sentiment_score"": ""0.022995"", ""ticker_sentiment_label"": ""Neutral""}, {""ticker"": ""CRYPTO:ADA"", ""relevance_score"": ""0.106699"", ""ticker_sentiment_score"": ""-0.033453"", ""ticker_sentiment_label"": ""Neutral""}]"
2025-04-21,"NICOSIA, Cyprus, April 21, 2025 ( GLOBE NEWSWIRE ) -- With the uptrend in the number of Canadian players seeking online gaming platforms at Canadian online casinos, there has been a corresponding increase in the number of casinos offering real-money gambling.",Benzinga,https://www.benzinga.com/pressreleases/25/04/g44903486/best-online-casinos-for-canadian-players-2025-boho-casino-rated-top-real-money-casino,0.010875,https://www.benzinga.com/pressreleases/25/04/g44903486/best-online-casinos-for-canadian-players-2025-boho-casino-rated-top-real-money-casino,Best Online Casinos for Canadian Players 2025: Boho Casino Rated Top Real Money Casino,Globe Newswire,https://ml.globenewswire.com/Resource/Download/b1ced919-d81e-4377-a4ca-a681031b7da4/boho-casino-feat-image.jpg,www.benzinga.com,Blockchain,0.404617,Bullish,"[{""ticker"": ""MA"", ""relevance_score"": ""0.010875"", ""ticker_sentiment_score"": ""0.194255"", ""ticker_sentiment_label"": ""Somewhat-Bullish""}, {""ticker"": ""CRYPTO:BTC"", ""relevance_score"": ""0.010875"", ""ticker_sentiment_score"": ""0.131646"", ""ticker_sentiment_label"": ""Neutral""}, {""ticker"": ""CRYPTO:ETH"", ""relevance_score"": ""0.010875"", ""ticker_sentiment_score"": ""0.131646"", ""ticker_sentiment_label"": ""Neutral""}, {""ticker"": ""CRYPTO:LTC"", ""relevance_score"": ""0.010875"", ""ticker_sentiment_score"": ""0.131646"", ""ticker_sentiment_label"": ""Neutral""}]"
2025-04-21,"Upexi, a brand owner that specializes in supply chain management, is diversifying into the cryptocurrency sector. On April 21, the company announced a $100 million raise, with over 90% earmarked for building a Solana ( SOL ) treasury strategy.After the announcement, shares of Upexi have ...",Cointelegraph,https://cointelegraph.com/news/upexi-announces-100m-raise-to-buy-sol,0.113062,https://cointelegraph.com/news/upexi-announces-100m-raise-to-buy-sol,"Nasdaq-listed Upexi shares up 630% after $100M raise, SOL treasury",Christopher Tepedino,https://s3.cointelegraph.com/uploads/2025-04/0196592f-b785-7c74-82e8-91002d3bbd0d,cointelegraph.com,"Life Sciences,Financial Markets,Technology,Finance,Blockchain",0.177428,Somewhat-Bullish,"[{""ticker"": ""MSTR"", ""relevance_score"": ""0.113062"", ""ticker_sentiment_score"": ""0.092812"", ""ticker_sentiment_label"": ""Neutral""}, {""ticker"": ""JNVR"", ""relevance_score"": ""0.113062"", ""ticker_sentiment_score"": ""0.118391"", ""ticker_sentiment_label"": ""Neutral""}, {""ticker"": ""UPXI"", ""relevance_score"": ""0.330286"", ""ticker_sentiment_score"": ""0.186149"", ""ticker_sentiment_label"": ""Somewhat-Bullish""}, {""ticker"": ""SMLR"", ""relevance_score"": ""0.223866"", ""ticker_sentiment_score"": ""-0.099274"", ""ticker_sentiment_label"": ""Neutral""}, {""ticker"": ""CRYPTO:BTC"", ""relevance_score"": ""0.68039"", ""ticker_sentiment_score"": ""0.156499"", ""ticker_sentiment_label"": ""Somewhat-Bullish""}, {""ticker"": ""CRYPTO:ETH"", ""relevance_score"": ""0.113062"", ""ticker_sentiment_score"": ""0.152004"", ""ticker_sentiment_label"": ""Somewhat-Bullish""}]"
2025-04-21,"Bitcoin topped $88,000 at one point Monday, its highest point since late March, before losing some ground.",Decrypt.co,https://decrypt.co/315643/crypto-shorts-rekt-bitcoin-rises-following-trump-attack-on-fed-chair,0.251247,https://decrypt.co/315643/crypto-shorts-rekt-bitcoin-rises-following-trump-attack-on-fed-chair,Crypto Shorts Get Rekt as Bitcoin Rises Following Trump Attack on 'Loser' Fed Chair,Mat Di Salvo,https://cdn.decrypt.co/resize/1024/height/512/wp-content/uploads/2025/01/bitcoin-btc-coins-floating-gID_7.png,decrypt.co,"Economy - Monetary,Blockchain,Financial Markets",0.035896,Neutral,"[{""ticker"": ""CRYPTO:BTC"", ""relevance_score"": ""0.251247"", ""ticker_sentiment_score"": ""0.099957"", ""ticker_sentiment_label"": ""Neutral""}, {""ticker"": ""CRYPTO:ETH"", ""relevance_score"": ""0.251247"", ""ticker_sentiment_score"": ""0.153661"", ""ticker_sentiment_label"": ""Somewhat-Bullish""}, {""ticker"": ""CRYPTO:DOGE"", ""relevance_score"": ""0.085022"", ""ticker_sentiment_score"": ""-0.078919"", ""ticker_sentiment_label"": ""Neutral""}]"
2025-04-21,"Pseudonymous Bitcoin stock-to-flow ( S2F ) model creator PlanB attacked Ethereum and mocked the project's co-founder, Vitalik Buterin.PlanB mockingly reposted a June 2022 X post by Buterin in which the Ethereum co-founder said S2F ""is really not looking good now."" PlanB responded with a new ...",Cointelegraph,https://cointelegraph.com/news/bitcoin-stock-to-flow-model-creator-plan-b-attacks-eth-centralized-premined-shitcoin,0.863608,https://cointelegraph.com/news/bitcoin-stock-to-flow-model-creator-plan-b-attacks-eth-centralized-premined-shitcoin,Bitcoiner PlanB slams ETH: 'Centralized & premined' shitcoin,Adrian Zmudzinski,https://s3.cointelegraph.com/uploads/2025-04/0196587c-7562-70bc-8160-6c42b63e0eec,cointelegraph.com,Blockchain,-0.187232,Somewhat-Bearish,"[{""ticker"": ""CRYPTO:BTC"", ""relevance_score"": ""0.605266"", ""ticker_sentiment_score"": ""-0.171955"", ""ticker_sentiment_label"": ""Somewhat-Bearish""}, {""ticker"": ""CRYPTO:ETH"", ""relevance_score"": ""0.863608"", ""ticker_sentiment_score"": ""-0.30357"", ""ticker_sentiment_label"": ""Somewhat-Bearish""}]"
2025-04-21,"Ripple Labs led crypto-linked contributions with a $4.8 million donation to Trump's 2025 inauguration fund, FEC filings confirm. Robinhood followed with a $2 million donation, signaling deeper financial sector support for the current administration. Feel unsure about the market's next move?",Benzinga,https://www.benzinga.com/markets/cryptocurrency/25/04/44907123/ripple-coinbase-solana-among-crypto-firms-contributing-over-12m-to-trumps-inauguration-fun,0.169081,https://www.benzinga.com/markets/cryptocurrency/25/04/44907123/ripple-coinbase-solana-among-crypto-firms-contributing-over-12m-to-trumps-inauguration-fun,"Ripple, Coinbase, Solana Among Crypto Firms Contributing Over $12M To Trump's Inauguration Fund",Murtuza J Merchant,https://cdn.benzinga.com/files/images/story/2025/04/21/Image-Of-Usa-President-Donald-Trump-On-T.jpeg?width=1200&height=800&fit=crop,www.benzinga.com,"Finance,Blockchain,Financial Markets",0.178207,Somewhat-Bullish,"[{""ticker"": ""COIN"", ""relevance_score"": ""0.169081"", ""ticker_sentiment_score"": ""0.113612"", ""ticker_sentiment_label"": ""Neutral""}, {""ticker"": ""CRYPTO:BTC"", ""relevance_score"": ""0.169081"", ""ticker_sentiment_score"": ""0.247866"", ""ticker_sentiment_label"": ""Somewhat-Bullish""}, {""ticker"": ""CRYPTO:ETH"", ""relevance_score"": ""0.169081"", ""ticker_sentiment_score"": ""0.0"", ""ticker_sentiment_label"": ""Neutral""}, {""ticker"": ""CRYPTO:UNI"", ""relevance_score"": ""0.169081"", ""ticker_sentiment_score"": ""0.0"", ""ticker_sentiment_label"": ""Neutral""}, {""ticker"": ""CRYPTO:XRP"", ""relevance_score"": ""0.251247"", ""ticker_sentiment_score"": ""0.109242"", ""ticker_sentiment_label"": ""Neutral""}]"
2025-04-21,"ARK Invest has added exposure to staked Solana ( SOL ) to the portfolios of two of its exchange-traded funds ( ETFs ) , the asset manager said in a client email reviewed by Cointelegraph. As of April 21, the two ARK funds - ARK Next Generation Internet ETF ( ARKW ) and ARK Fintech Innovation ETF ...",Cointelegraph,https://cointelegraph.com/news/ark-crypto-fund-adds-staked-solana,0.396574,https://cointelegraph.com/news/ark-crypto-fund-adds-staked-solana,ARK adds staked Solana to two tech ETFs,Alex O’Donnell,https://s3.cointelegraph.com/uploads/2025-04/01965991-5242-7be8-b748-a101947dea63,cointelegraph.com,"Finance,Blockchain,Financial Markets",0.2723,Somewhat-Bullish,"[{""ticker"": ""COIN"", ""relevance_score"": ""0.103331"", ""ticker_sentiment_score"": ""-0.078205"", ""ticker_sentiment_label"": ""Neutral""}, {""ticker"": ""CRYPTO:BTC"", ""relevance_score"": ""0.303175"", ""ticker_sentiment_score"": ""0.099195"", ""ticker_sentiment_label"": ""Neutral""}, {""ticker"": ""CRYPTO:ETH"", ""relevance_score"": ""0.396574"", ""ticker_sentiment_score"": ""0.47231"", ""ticker_sentiment_label"": ""Bullish""}]"
2025-04-21,"Spot crypto ETFs are currently limited to Bitcoin and Ethereum in the U.S., but analysts expect new approvals this year.",Decrypt.co,https://decrypt.co/315665/sec-chair-70-crypto-listings-solana-xrp,0.19661,https://decrypt.co/315665/sec-chair-70-crypto-listings-solana-xrp,Incoming SEC Chair to Weigh More Than 70 Crypto ETF Filings-Including Solana and XRP,André Beganski,https://cdn.decrypt.co/resize/1024/height/512/wp-content/uploads/2025/04/paul-atkins-sec-1-gID_7.jpg,decrypt.co,"Blockchain,Financial Markets",0.165219,Somewhat-Bullish,"[{""ticker"": ""CRYPTO:BTC"", ""relevance_score"": ""0.19661"", ""ticker_sentiment_score"": ""0.187598"", ""ticker_sentiment_label"": ""Somewhat-Bullish""}, {""ticker"": ""CRYPTO:ETH"", ""relevance_score"": ""0.19661"", ""ticker_sentiment_score"": ""0.187598"", ""ticker_sentiment_label"": ""Somewhat-Bullish""}, {""ticker"": ""CRYPTO:DOGE"", ""relevance_score"": ""0.099066"", ""ticker_sentiment_score"": ""0.119878"", ""ticker_sentiment_label"": ""Neutral""}]"
2025-04-21,"More than 70 cryptocurrency exchange-traded funds ( ETFs ) are slated for review by the US Securities and Exchange Commission ( SEC ) this year. According to Bloomberg analyst Eric Balchunas, the list includes proposed ETFs holding a range of assets, from altcoins to memecoins to derivatives ...",Cointelegraph,https://cointelegraph.com/news/us-crypto-etfs-await-sec-decision-70-bloomberg,0.096283,https://cointelegraph.com/news/us-crypto-etfs-await-sec-decision-70-bloomberg,More than 70 US crypto ETFs await SEC decision this year - Bloomberg,Alex O’Donnell,https://s3.cointelegraph.com/uploads/2025-04/019659a0-b72c-79cd-8af7-3e5e320471f5,cointelegraph.com,"Finance,Blockchain,Financial Markets",0.160816,Somewhat-Bullish,"[{""ticker"": ""COIN"", ""relevance_score"": ""0.096283"", ""ticker_sentiment_score"": ""0.095721"", ""ticker_sentiment_label"": ""Neutral""}, {""ticker"": ""CRYPTO:BTC"", ""relevance_score"": ""0.532043"", ""ticker_sentiment_score"": ""0.193158"", ""ticker_sentiment_label"": ""Somewhat-Bullish""}, {""ticker"": ""CRYPTO:ETH"", ""relevance_score"": ""0.096283"", ""ticker_sentiment_score"": ""0.0"", ""ticker_sentiment_label"": ""Neutral""}, {""ticker"": ""CRYPTO:LTC"", ""relevance_score"": ""0.096283"", ""ticker_sentiment_score"": ""-0.064063"", ""ticker_sentiment_label"": ""Neutral""}]"
2025-04-21,"Astra Fintech, a global blockchain payments provider, has launched a $100 million fund to support the Solana ecosystem's growth throughout Asia, according to an April 21 announcement. Through the fund, Astra Fintech plans to deploy capital to accelerate projects and form partnerships with ...",Cointelegraph,https://cointelegraph.com/news/astra-fintech-commits-100-m-to-boost-solana-in-asia,0.122894,https://cointelegraph.com/news/astra-fintech-commits-100-m-to-boost-solana-in-asia,Astra Fintech commits $100M for Solana growth in Asia,Christopher Tepedino,"https://images.cointelegraph.com/cdn-cgi/image/format=auto,onerror=redirect,quality=90,width=1200/https://s3.cointelegraph.com/uploads/2025-04/019659fd-b680-7ca7-a1d0-d1f18936ad3c",cointelegraph.com,"Finance,Blockchain",0.149056,Neutral,"[{""ticker"": ""PTAIF"", ""relevance_score"": ""0.24289"", ""ticker_sentiment_score"": ""0.083309"", ""ticker_sentiment_label"": ""Neutral""}, {""ticker"": ""JNVR"", ""relevance_score"": ""0.122894"", ""ticker_sentiment_score"": ""0.089116"", ""ticker_sentiment_label"": ""Neutral""}, {""ticker"": ""CRYPTO:ETH"", ""relevance_score"": ""0.122894"", ""ticker_sentiment_score"": ""0.07649"", ""ticker_sentiment_label"": ""Neutral""}]"
2025-04-21,"Pope Francis passed away at the age of 88; the Conclave to pick a new pope will soon start, but the process could take weeks. A look at betting odds to replace Pope Francis and why sports bettors are backing one MLB player Monday after the pope's death.",Benzinga,https://www.benzinga.com/general/sports/25/04/44913342/betting-odds-for-pope-francis-replacement-show-two-favorites-plus-this-global-event-has-mlb-bettor,0.096671,https://www.benzinga.com/general/sports/25/04/44913342/betting-odds-for-pope-francis-replacement-show-two-favorites-plus-this-global-event-has-mlb-bettor,"Betting Odds For Pope Francis Replacement Show Two Favorites, Plus This Global Event Has MLB Bettors Backing Nick Castellanos To Hit Home Runs - USData  ( OTC:USDC ) ",Chris Katje,https://cdn.benzinga.com/files/images/story/2025/04/21/Vatican-City---June-01--2016-Pope-Franci_2.jpeg?width=1200&height=800&fit=crop,www.benzinga.com,Financial Markets,-0.023871,Neutral,"[{""ticker"": ""DKNG"", ""relevance_score"": ""0.096671"", ""ticker_sentiment_score"": ""-0.03403"", ""ticker_sentiment_label"": ""Neutral""}, {""ticker"": ""CRYPTO:ETH"", ""relevance_score"": ""0.096671"", ""ticker_sentiment_score"": ""0.065181"", ""ticker_sentiment_label"": ""Neutral""}]"
2025-04-21,"London, United Kingdom, April 21, 2025 ( GLOBE NEWSWIRE ) -- Cryptocurrencies continue to shape financial futures, and VNBTC is leading the charge with its advanced, user-friendly, and profitable cloud mining platform.",Benzinga,https://www.benzinga.com/pressreleases/25/04/g44906677/vnbtc-revolutionizing-cloud-mining-with-profitable-plans-and-an-innovative-affiliate-program,0.063425,https://www.benzinga.com/pressreleases/25/04/g44906677/vnbtc-revolutionizing-cloud-mining-with-profitable-plans-and-an-innovative-affiliate-program,VNBTC - Revolutionizing Cloud Mining with Profitable Plans and an Innovative Affiliate Program,Globe Newswire,https://ml.globenewswire.com/media/8f3b935a-f3de-4340-985f-0a19b045de26/small/png-png.png,www.benzinga.com,"Financial Markets,Earnings,Technology,Blockchain",0.575024,Bullish,"[{""ticker"": ""GOOG"", ""relevance_score"": ""0.12645"", ""ticker_sentiment_score"": ""0.122897"", ""ticker_sentiment_label"": ""Neutral""}, {""ticker"": ""META"", ""relevance_score"": ""0.063425"", ""ticker_sentiment_score"": ""0.194264"", ""ticker_sentiment_label"": ""Somewhat-Bullish""}, {""ticker"": ""CRYPTO:BTC"", ""relevance_score"": ""0.063425"", ""ticker_sentiment_score"": ""0.263554"", ""ticker_sentiment_label"": ""Somewhat-Bullish""}, {""ticker"": ""CRYPTO:ETH"", ""relevance_score"": ""0.063425"", ""ticker_sentiment_score"": ""0.263554"", ""ticker_sentiment_label"": ""Somewhat-Bullish""}, {""ticker"": ""CRYPTO:LTC"", ""relevance_score"": ""0.063425"", ""ticker_sentiment_score"": ""0.263554"", ""ticker_sentiment_label"": ""Somewhat-Bullish""}]"
2025-04-21,Last week Jesse Pollak started creating 'content coins' on Base social media platform Zora. Now it's launching a token amid some raised eyebrows.,Decrypt.co,https://decrypt.co/315621/ethereum-l2-base-launchpad-zora-tge-jesse-pollak,0.06515,https://decrypt.co/315621/ethereum-l2-base-launchpad-zora-tge-jesse-pollak,Ethereum L2 Base Launchpad Zora Announces TGE Amid Jesse Pollak 'Content Coin' Campaign,Ryan S. Gladwin,https://cdn.decrypt.co/resize/1024/height/512/wp-content/uploads/2025/03/Image-from-Twitter-1-gID_7.jpeg,decrypt.co,Finance,0.028504,Neutral,"[{""ticker"": ""COIN"", ""relevance_score"": ""0.317254"", ""ticker_sentiment_score"": ""0.065844"", ""ticker_sentiment_label"": ""Neutral""}, {""ticker"": ""CRYPTO:ETH"", ""relevance_score"": ""0.06515"", ""ticker_sentiment_score"": ""-0.050039"", ""ticker_sentiment_label"": ""Neutral""}]"
2025-04-21,"Memecoins followed Bitcoin's BTC/USD Sunday evening breakout, with Fartcoin again spearheading the sector-wide rally. What happened: The Solana SOL/USD-based cryptocurrency spiked 4.67% over the previous day, becoming the biggest gainer among the top ten meme coins by market capitalization.",Benzinga,https://www.benzinga.com/trading-ideas/movers/25/04/44891892/dogecoin-shiba-inu-spike-but-overshadowed-yet-again-by-fartcoin-whale-turns-losses-into-prof,0.259727,https://www.benzinga.com/trading-ideas/movers/25/04/44891892/dogecoin-shiba-inu-spike-but-overshadowed-yet-again-by-fartcoin-whale-turns-losses-into-prof,"Dogecoin, Shiba Inu Spike But Overshadowed Yet Again By Fartcoin-Whale Turns Losses Into Profits Thanks To Rally - Grayscale Bitcoin Mini Trust  ( BTC )  Common units of fractional undivided beneficial interest  ( ARCA:BTC ) ",Benzinga Neuro,https://cdn.benzinga.com/files/images/story/2025/04/21/Solana-Golden-Cryptocurrency-In-Close-up.jpeg?width=1200&height=800&fit=crop,www.benzinga.com,"Blockchain,Financial Markets",0.113687,Neutral,"[{""ticker"": ""CRYPTO:BTC"", ""relevance_score"": ""0.131643"", ""ticker_sentiment_score"": ""0.0"", ""ticker_sentiment_label"": ""Neutral""}, {""ticker"": ""CRYPTO:ETH"", ""relevance_score"": ""0.259727"", ""ticker_sentiment_score"": ""0.0"", ""ticker_sentiment_label"": ""Neutral""}, {""ticker"": ""CRYPTO:SHIB"", ""relevance_score"": ""0.259727"", ""ticker_sentiment_score"": ""0.0"", ""ticker_sentiment_label"": ""Neutral""}, {""ticker"": ""CRYPTO:DOGE"", ""relevance_score"": ""0.259727"", ""ticker_sentiment_score"": ""0.0"", ""ticker_sentiment_label"": ""Neutral""}, {""ticker"": ""CRYPTO:SOL"", ""relevance_score"": ""0.131643"", ""ticker_sentiment_score"": ""0.082549"", ""ticker_sentiment_label"": ""Neutral""}]"
2025-04-21,"What are gold-backed stablecoins, and how do they work? Gold-backed stablecoins are digital currencies pegged to physical gold reserves and designed to maintain a stable value. The concept of gold-backed digital currencies dates back to the early days of cryptocurrency, with developers aiming to ...",Cointelegraph,https://cointelegraph.com/explained/gold-backed-vs-usd-backed-stablecoins-key-differences,0.0428,https://cointelegraph.com/explained/gold-backed-vs-usd-backed-stablecoins-key-differences,Cointelegraph Bitcoin & Ethereum Blockchain News,,https://s3.cointelegraph.com/storage/uploads/view/32e85df18bfa9d180c1c8cd4564d55ff.jpg,cointelegraph.com,"Economy - Monetary,Financial Markets,Finance,Blockchain",0.369087,Bullish,"[{""ticker"": ""COIN"", ""relevance_score"": ""0.021408"", ""ticker_sentiment_score"": ""0.101799"", ""ticker_sentiment_label"": ""Neutral""}, {""ticker"": ""FOREX:EUR"", ""relevance_score"": ""0.021408"", ""ticker_sentiment_score"": ""0.101799"", ""ticker_sentiment_label"": ""Neutral""}, {""ticker"": ""FOREX:USD"", ""relevance_score"": ""0.638412"", ""ticker_sentiment_score"": ""0.504945"", ""ticker_sentiment_label"": ""Bullish""}, {""ticker"": ""CRYPTO:BTC"", ""relevance_score"": ""0.021408"", ""ticker_sentiment_score"": ""0.187007"", ""ticker_sentiment_label"": ""Somewhat-Bullish""}, {""ticker"": ""CRYPTO:ETH"", ""relevance_score"": ""0.0428"", ""ticker_sentiment_score"": ""0.18292"", ""ticker_sentiment_label"": ""Somewhat-Bullish""}, {""ticker"": ""CRYPTO:BUSD"", ""relevance_score"": ""0.0428"", ""ticker_sentiment_score"": ""0.111099"", ""ticker_sentiment_label"": ""Neutral""}]"
2025-04-21,"Scammers are once again capitalizing on the popularity of Elon Musk's artificial intelligence chatbot Grok, with fake tokens again emerging as part of potential phishing attacks.A wallet linked to former Binance CEO Changpeng ""CZ"" Zhao received 90 million fake Grok ( GROK ) tokens on April 21, ...",Cointelegraph,https://cointelegraph.com/news/cz-fake-grok-coin-elon-musk-scam-tokens,0.096671,https://cointelegraph.com/news/cz-fake-grok-coin-elon-musk-scam-tokens,CZ receives fake 'Grok' coins amid new wave of Elon Musk scam tokens,Zoltan Vardai,https://s3.cointelegraph.com/uploads/2025-04/01965880-f9a4-7cb3-a8ec-c10017cd9d6c,cointelegraph.com,"Finance,Blockchain",-0.204984,Somewhat-Bearish,"[{""ticker"": ""COIN"", ""relevance_score"": ""0.096671"", ""ticker_sentiment_score"": ""0.0"", ""ticker_sentiment_label"": ""Neutral""}, {""ticker"": ""CRYPTO:BTC"", ""relevance_score"": ""0.191929"", ""ticker_sentiment_score"": ""-0.070558"", ""ticker_sentiment_label"": ""Neutral""}, {""ticker"": ""CRYPTO:ETH"", ""relevance_score"": ""0.096671"", ""ticker_sentiment_score"": ""-0.078171"", ""ticker_sentiment_label"": ""Neutral""}, {""ticker"": ""CRYPTO:BNB"", ""relevance_score"": ""0.096671"", ""ticker_sentiment_score"": ""0.020046"", ""ticker_sentiment_label"": ""Neutral""}, {""ticker"": ""CRYPTO:ERC"", ""relevance_score"": ""0.096671"", ""ticker_sentiment_score"": ""-0.078171"", ""ticker_sentiment_label"": ""Neutral""}]"
2025-04-21,"Leading cryptocurrencies rose on Sunday evening following weeks of sideways price action, while stock futures dipped. What Happened: Bitcoin breached the $86,000 barrier to touch $87,000 for the first time in nearly three weeks. The apex cryptocurrency's breakout spurred a similar price action ...",Benzinga,https://www.benzinga.com/trading-ideas/movers/25/04/44891509/bitcoin-crosses-key-barrier-dogecoin-spikes-ethereum-flat-on-easter-sunday-popular-influence,0.075161,https://www.benzinga.com/trading-ideas/movers/25/04/44891509/bitcoin-crosses-key-barrier-dogecoin-spikes-ethereum-flat-on-easter-sunday-popular-influence,"Bitcoin Crosses Key Barrier, Dogecoin Spikes, Ethereum Flat On Easter Sunday: Popular Influencer Says BTC Needs To Breach $88,804 For A Bullish Breakout - Grayscale Bitcoin Mini Trust  ( BTC )  Common units of fractional undivided beneficial interest  ( ARCA:BTC ) ",Aniket Verma,https://cdn.benzinga.com/files/images/story/2025/04/20/Altcoins-Over-Dark-Surface-In-Neon-Light.jpeg?width=1200&height=800&fit=crop,www.benzinga.com,"Economy - Monetary,Blockchain,Financial Markets",-0.106463,Neutral,"[{""ticker"": ""CRYPTO:BTC"", ""relevance_score"": ""0.222838"", ""ticker_sentiment_score"": ""-0.109211"", ""ticker_sentiment_label"": ""Neutral""}, {""ticker"": ""CRYPTO:ETH"", ""relevance_score"": ""0.075161"", ""ticker_sentiment_score"": ""-0.005217"", ""ticker_sentiment_label"": ""Neutral""}, {""ticker"": ""CRYPTO:DOGE"", ""relevance_score"": ""0.075161"", ""ticker_sentiment_score"": ""-0.051438"", ""ticker_sentiment_label"": ""Neutral""}, {""ticker"": ""CRYPTO:BNB"", ""relevance_score"": ""0.075161"", ""ticker_sentiment_score"": ""-0.064369"", ""ticker_sentiment_label"": ""Neutral""}]"
2025-04-21,"A doomsday-themed Solana NFT project is looking to sell 100,000 non-fungible tokens ( NFTs ) to buy a Cold War-era nuclear bunker in Rutland, England.Dead Bruv, the creators of the narrative-driven NFT project Meatbags, plan to mint 100,000 NFTs, with Meatbags holders being airdropped 10,000.",Cointelegraph,https://cointelegraph.com/news/nft-project-reveals-plan-to-buy-old-war-era-nuclear-bunker,0.167904,https://cointelegraph.com/news/nft-project-reveals-plan-to-buy-old-war-era-nuclear-bunker,NFT project plans crowdfund purchase of Cold War nuclear bunker,Stephen Katte,https://s3.cointelegraph.com/uploads/2025-04/01965630-785a-7934-97e5-cec058465c17,cointelegraph.com,Blockchain,0.053374,Neutral,"[{""ticker"": ""ABNB"", ""relevance_score"": ""0.084423"", ""ticker_sentiment_score"": ""0.018963"", ""ticker_sentiment_label"": ""Neutral""}, {""ticker"": ""CRYPTO:ETH"", ""relevance_score"": ""0.167904"", ""ticker_sentiment_score"": ""-0.052192"", ""ticker_sentiment_label"": ""Neutral""}]"
2025-04-21,"The Solana network briefly surpassed Ethereum in total staked value of their respective native tokens, SOL and ETH, sparking debate over whether it is actually bullish or bearish for Solana. More than $53.9 billion worth of SOL is now staked on the Solana network from 505,938 unique wallet ...",Cointelegraph,https://cointelegraph.com/news/solana-briefly-flips-ethereum-staking-market-cap-but-there-is-more-to-it,0.834645,https://cointelegraph.com/news/solana-briefly-flips-ethereum-staking-market-cap-but-there-is-more-to-it,Debate as Solana briefly flips Ethereum in staking market cap,Brayden Lindrea,https://s3.cointelegraph.com/uploads/2025-04/0196564a-b5b7-79da-8d2a-7ce4b3bd81c2,cointelegraph.com,"Blockchain,Financial Markets",0.055518,Neutral,"[{""ticker"": ""CRYPTO:BTC"", ""relevance_score"": ""0.069094"", ""ticker_sentiment_score"": ""0.143632"", ""ticker_sentiment_label"": ""Neutral""}, {""ticker"": ""CRYPTO:ETH"", ""relevance_score"": ""0.834645"", ""ticker_sentiment_score"": ""0.241976"", ""ticker_sentiment_label"": ""Somewhat-Bullish""}]"
2025-04-21,"PORTLAND, Ore., April 21, 2025 ( GLOBE NEWSWIRE ) -- With so many online casinos popping up, it can be hard to choose the best one. After reviewing many options, 7Bit Casino stands out as a top pick for 2025. It offers great games, fast payouts, and amazing bonuses, making it our favorite and ...",Benzinga,https://www.benzinga.com/pressreleases/25/04/g44891756/best-online-casinos-2025-7bit-ranked-top-real-money-casino-with-fast-payouts-big-bonuses,0.046907,https://www.benzinga.com/pressreleases/25/04/g44891756/best-online-casinos-2025-7bit-ranked-top-real-money-casino-with-fast-payouts-big-bonuses,Best Online Casinos 2025: 7Bit Ranked Top Real Money Casino with Fast Payouts & Big Bonuses,Globe Newswire,https://ml.globenewswire.com/Resource/Download/3227f4e4-a1d3-4a16-9103-afaf9f489ae7/7bit-casino.jpg,www.benzinga.com,"Blockchain,Financial Markets",0.520148,Bullish,"[{""ticker"": ""MA"", ""relevance_score"": ""0.015644"", ""ticker_sentiment_score"": ""0.321623"", ""ticker_sentiment_label"": ""Somewhat-Bullish""}, {""ticker"": ""CRYPTO:BTC"", ""relevance_score"": ""0.216307"", ""ticker_sentiment_score"": ""0.386078"", ""ticker_sentiment_label"": ""Bullish""}, {""ticker"": ""CRYPTO:ETH"", ""relevance_score"": ""0.046907"", ""ticker_sentiment_score"": ""0.142123"", ""ticker_sentiment_label"": ""Neutral""}, {""ticker"": ""CRYPTO:DOGE"", ""relevance_score"": ""0.015644"", ""ticker_sentiment_score"": ""0.04485"", ""ticker_sentiment_label"": ""Neutral""}, {""ticker"": ""CRYPTO:LTC"", ""relevance_score"": ""0.015644"", ""ticker_sentiment_score"": ""0.04485"", ""ticker_sentiment_label"": ""Neutral""}, {""ticker"": ""CRYPTO:BNB"", ""relevance_score"": ""0.015644"", ""ticker_sentiment_score"": ""0.04485"", ""ticker_sentiment_label"": ""Neutral""}]"
2025-04-21,"Crypto exchange Bybit co-founder and CEO Ben Zhou says more than two-thirds of the digital assets stolen from the platform in February by North Korea's Lazarus Group still remain traceable. In an executive summary on hacked Bybit funds posted on X on April 21, Ben Zhou said that of the total $1.4 ...",Cointelegraph,https://cointelegraph.com/news/two-thirds-hacked-bybit-funds-remain-traceable-ceo,0.530253,https://cointelegraph.com/news/two-thirds-hacked-bybit-funds-remain-traceable-ceo,Bybit CEO: Two-thirds of Lazarus-hacked funds remain traceable,Martin Young,https://s3.cointelegraph.com/uploads/2025-04/019656df-7fa4-75a7-9f77-b0797887372c,cointelegraph.com,"Blockchain,Financial Markets",-0.028816,Neutral,"[{""ticker"": ""CRYPTO:BTC"", ""relevance_score"": ""0.453099"", ""ticker_sentiment_score"": ""0.064779"", ""ticker_sentiment_label"": ""Neutral""}, {""ticker"": ""CRYPTO:ETH"", ""relevance_score"": ""0.530253"", ""ticker_sentiment_score"": ""0.304436"", ""ticker_sentiment_label"": ""Somewhat-Bullish""}, {""ticker"": ""CRYPTO:RUNE"", ""relevance_score"": ""0.190417"", ""ticker_sentiment_score"": ""0.048641"", ""ticker_sentiment_label"": ""Neutral""}]"
2025-04-21,"The Ethereum Foundation, the nonprofit organization developing the Ethereum ecosystem, is shifting its focus to user experience and layer-1 scaling challenges following its March leadership reshuffle. On April 21, the Ethereum Foundation co-executive director Tomasz Stańczak shared an X post ...",Cointelegraph,https://cointelegraph.com/news/ethereum-foundation-user-experience-layer-1-scaling-leadership-shift,0.740604,https://cointelegraph.com/news/ethereum-foundation-user-experience-layer-1-scaling-leadership-shift,"Ethereum Foundation shifts focus to user experience, layer-1 scaling",Ezra Reguerra,"https://images.cointelegraph.com/cdn-cgi/image/format=auto,onerror=redirect,quality=90,width=1200/https://s3.cointelegraph.com/uploads/2024-11/0193538d-1a99-739a-8605-6d8e627eab6a",cointelegraph.com,,0.222053,Somewhat-Bullish,"[{""ticker"": ""CRYPTO:ETH"", ""relevance_score"": ""0.740604"", ""ticker_sentiment_score"": ""0.19852"", ""ticker_sentiment_label"": ""Somewhat-Bullish""}]"
2025-04-21,Ethereum-based real-world asset ( RWA ) tokenization platform Blocksquare has partnered with a Florida-based real estate company to offer fractional ownership in a pipeline of US commercial properties valued at over $1 billion.,Cointelegraph,https://cointelegraph.com/news/blocksquare-vera-capital-ink-deal-tokenize-1-billion-us-real-estate,0.087824,https://cointelegraph.com/news/blocksquare-vera-capital-ink-deal-tokenize-1-billion-us-real-estate,"Blocksquare, Vera Capital ink deal to tokenize $1B in US real estate",Jody McDonald,https://s3.cointelegraph.com/uploads/2025-04/0196563b-92d9-713d-b63a-c7ca8946a916,cointelegraph.com,Financial Markets,0.17547,Somewhat-Bullish,"[{""ticker"": ""CRYPTO:BTC"", ""relevance_score"": ""0.087824"", ""ticker_sentiment_score"": ""-0.159231"", ""ticker_sentiment_label"": ""Somewhat-Bearish""}, {""ticker"": ""CRYPTO:ETH"", ""relevance_score"": ""0.087824"", ""ticker_sentiment_score"": ""0.136363"", ""ticker_sentiment_label"": ""Neutral""}]"
2025-04-21,"With 28% of the hacked funds having ""gone dark,"" the exchange has called for more help decoding mixer transactions.",Decrypt.co,https://decrypt.co/315593/bybit-ceo-two-thirds-of-funds-from-lazarus-group-hack-still-traceable,0.728189,https://decrypt.co/315593/bybit-ceo-two-thirds-of-funds-from-lazarus-group-hack-still-traceable,Bybit CEO: Two-Thirds of Funds From $1.4B Lazarus Group Hack Still Traceable,Vismaya V,https://cdn.decrypt.co/resize/1024/height/512/wp-content/uploads/2020/01/shutterstock_5967878031-gID_7.jpg,decrypt.co,"Blockchain,Financial Markets",-0.179078,Somewhat-Bearish,"[{""ticker"": ""CRYPTO:BTC"", ""relevance_score"": ""0.417304"", ""ticker_sentiment_score"": ""-0.175952"", ""ticker_sentiment_label"": ""Somewhat-Bearish""}, {""ticker"": ""CRYPTO:ETH"", ""relevance_score"": ""0.728189"", ""ticker_sentiment_score"": ""-0.36874"", ""ticker_sentiment_label"": ""Bearish""}, {""ticker"": ""CRYPTO:RUNE"", ""relevance_score"": ""0.258351"", ""ticker_sentiment_score"": ""-0.126572"", ""ticker_sentiment_label"": ""Neutral""}]"
2025-04-21,"Unlike past cycles, this market is not driven by retail FOMO but by existing holders and long/short institutional structures. Funding rate arbitrage and directional options trades are preferred to spot buying in the current volatility environment.",Benzinga,https://www.benzinga.com/markets/cryptocurrency/25/04/44894280/how-traders-can-make-money-when-bitcoin-trades-sideways-10x-research,0.064797,https://www.benzinga.com/markets/cryptocurrency/25/04/44894280/how-traders-can-make-money-when-bitcoin-trades-sideways-10x-research,How Traders Can Make Money When Bitcoin Trades Sideways: 10x Research,Murtuza J Merchant,https://cdn.benzinga.com/files/images/story/2025/04/21/Crypto-Trader-Investor-Broker-Using-Smar.jpeg?width=1200&height=800&fit=crop,www.benzinga.com,Financial Markets,0.051467,Neutral,"[{""ticker"": ""CRYPTO:BTC"", ""relevance_score"": ""0.374312"", ""ticker_sentiment_score"": ""0.037226"", ""ticker_sentiment_label"": ""Neutral""}, {""ticker"": ""CRYPTO:ETH"", ""relevance_score"": ""0.064797"", ""ticker_sentiment_score"": ""-0.090447"", ""ticker_sentiment_label"": ""Neutral""}]"
2025-04-21,"XRP's narrowing consolidation signals a major breakout on the horizon, according to technical indicators. HashKey Capital rolls out Asia's first XRP Tracker Fund with Ripple as the anchor investor. Feel unsure about the market's next move?",Benzinga,https://www.benzinga.com/markets/cryptocurrency/25/04/44894713/xrp-jumps-4-what-is-going-on,0.092213,https://www.benzinga.com/markets/cryptocurrency/25/04/44894713/xrp-jumps-4-what-is-going-on,XRP Jumps 4%: What Is Going On?,Khyathi Dalal,https://cdn.benzinga.com/files/images/story/2025/04/21/Golden-Xrp-Coins-Are-Displayed-In-Front-.jpeg?width=1200&height=800&fit=crop,www.benzinga.com,"Blockchain,Financial Markets",0.181672,Somewhat-Bullish,"[{""ticker"": ""CRYPTO:BTC"", ""relevance_score"": ""0.092213"", ""ticker_sentiment_score"": ""-0.046756"", ""ticker_sentiment_label"": ""Neutral""}, {""ticker"": ""CRYPTO:ETH"", ""relevance_score"": ""0.092213"", ""ticker_sentiment_score"": ""-0.046756"", ""ticker_sentiment_label"": ""Neutral""}, {""ticker"": ""CRYPTO:XRP"", ""relevance_score"": ""0.702807"", ""ticker_sentiment_score"": ""0.29037"", ""ticker_sentiment_label"": ""Somewhat-Bullish""}]"
2025-04-21,"Crypto casinos generated more than $81 billion in revenue in 2024, even as regulators in key jurisdictions continued to block access to the platforms, according to a new report.Citing data from the anti-online-crime platform Yield Sec, the Financial Times reported that wagers paid in crypto in ...",Cointelegraph,https://cointelegraph.com/news/crypto-casino-revenue-81-billion-2024,0.084722,https://cointelegraph.com/news/crypto-casino-revenue-81-billion-2024,Crypto casino revenue hit $81B in 2024 despite global restrictions,Ezra Reguerra,https://s3.cointelegraph.com/uploads/2025-04/0196580e-2446-7457-911f-406a9a25abb6,cointelegraph.com,"Earnings,Technology,Financial Markets",-0.014306,Neutral,"[{""ticker"": ""META"", ""relevance_score"": ""0.084722"", ""ticker_sentiment_score"": ""0.0"", ""ticker_sentiment_label"": ""Neutral""}, {""ticker"": ""GMVHF"", ""relevance_score"": ""0.16849"", ""ticker_sentiment_score"": ""0.10923"", ""ticker_sentiment_label"": ""Neutral""}, {""ticker"": ""CRYPTO:ETH"", ""relevance_score"": ""0.084722"", ""ticker_sentiment_score"": ""-0.131386"", ""ticker_sentiment_label"": ""Neutral""}]"
2025-04-21,Superior Institutional Partnerships & World-Class Staking Providers Push 3iQ Solana Staking ETF SOLQ SOLQ.U ) ) to Become Canada's Largest by AUM,Benzinga,https://www.benzinga.com/pressreleases/25/04/n44895498/3iq-becomes-canadas-largest-solana-etf-following-launch-with-aum-of-c-90-million,0.345674,https://www.benzinga.com/pressreleases/25/04/n44895498/3iq-becomes-canadas-largest-solana-etf-following-launch-with-aum-of-c-90-million,3iQ Becomes Canada's Largest Solana ETF Following Launch with AUM of C$90 Million,PRNewswire,https://mma.prnewswire.com/media/1822129/3iQ_Logo.jpg,www.benzinga.com,Financial Markets,0.314419,Somewhat-Bullish,"[{""ticker"": ""MNXBF"", ""relevance_score"": ""0.051003"", ""ticker_sentiment_score"": ""0.184693"", ""ticker_sentiment_label"": ""Somewhat-Bullish""}, {""ticker"": ""CRYPTO:BTC"", ""relevance_score"": ""0.152178"", ""ticker_sentiment_score"": ""0.165084"", ""ticker_sentiment_label"": ""Somewhat-Bullish""}, {""ticker"": ""CRYPTO:ETH"", ""relevance_score"": ""0.345674"", ""ticker_sentiment_score"": ""0.302005"", ""ticker_sentiment_label"": ""Somewhat-Bullish""}]"
2025-04-21,"Ethereum ETH/USD co-founder Vitalik Buterin proposed a long-term solution Sunday to improve the scalability and efficiency of the network's execution layer, one that handles smart contracts and transactions.",Benzinga,https://www.benzinga.com/25/04/44893218/ethereums-vitalik-buterin-suggests-major-overhaul-to-improve-network-efficiency-as-transaction-fees-plunge-to-5-y,0.77688,https://www.benzinga.com/25/04/44893218/ethereums-vitalik-buterin-suggests-major-overhaul-to-improve-network-efficiency-as-transaction-fees-plunge-to-5-y,Vitalik Buterin Suggests Major Overhaul To Improve Ethereum's Network Efficiency As Transaction Fees Plunge To 5-Year Lows,Aniket Verma,https://cdn.benzinga.com/files/images/story/2025/04/21/Ethereum-Virtual-Currency-On-Black-Scree.jpeg?width=1200&height=800&fit=crop,www.benzinga.com,"Economy - Monetary,Financial Markets",0.092323,Neutral,"[{""ticker"": ""CRYPTO:ETH"", ""relevance_score"": ""0.77688"", ""ticker_sentiment_score"": ""0.060656"", ""ticker_sentiment_label"": ""Neutral""}]"
2025-04-21,"WARWICK, United Kingdom, April 21, 2025 ( GLOBE NEWSWIRE ) -- In the cryptocurrency space, XRP is emerging with impressive momentum. In early 2025, its price experienced significant growth, reaching a high of $3.39.",Benzinga,https://www.benzinga.com/pressreleases/25/04/g44896208/xrp-settlement-spurs-cloud-mining-innovation-ja-mining-introduces-mining-utility-for-token-holders,0.214937,https://www.benzinga.com/pressreleases/25/04/g44896208/xrp-settlement-spurs-cloud-mining-innovation-ja-mining-introduces-mining-utility-for-token-holders,XRP Settlement Spurs Cloud Mining Innovation - JA Mining Introduces Mining Utility for Token Holders,Globe Newswire,https://ml.globenewswire.com/Resource/Download/bd0dc4e4-d24d-4ca6-98a7-d5e31adecefd/image1.png,www.benzinga.com,"Earnings,Blockchain,Financial Markets",0.413395,Bullish,"[{""ticker"": ""CRYPTO:BTC"", ""relevance_score"": ""0.214937"", ""ticker_sentiment_score"": ""0.450893"", ""ticker_sentiment_label"": ""Bullish""}, {""ticker"": ""CRYPTO:ETH"", ""relevance_score"": ""0.214937"", ""ticker_sentiment_score"": ""0.450893"", ""ticker_sentiment_label"": ""Bullish""}, {""ticker"": ""CRYPTO:XRP"", ""relevance_score"": ""0.532941"", ""ticker_sentiment_score"": ""0.61122"", ""ticker_sentiment_label"": ""Bullish""}]"
2025-04-21,"Solana's high staking yield boosted TVL temporarily, though experts see little evidence of permanent DeFi migration from Ethereum. Ethereum remains the preferred platform for institutions due to its maturity, liquidity depth, and ongoing protocol development.",Benzinga,https://www.benzinga.com/markets/cryptocurrency/25/04/44896411/bitcoin-catapults-to-87000-what-is-going-on,0.385455,https://www.benzinga.com/markets/cryptocurrency/25/04/44896411/bitcoin-catapults-to-87000-what-is-going-on,"Bitcoin Catapults To $87,000: What Is Going On?",Murtuza J Merchant,https://cdn.benzinga.com/files/images/story/2025/04/21/Bitcoin.jpeg?width=1200&height=800&fit=crop,www.benzinga.com,"Blockchain,Financial Markets",0.113082,Neutral,"[{""ticker"": ""CRYPTO:BTC"", ""relevance_score"": ""0.226477"", ""ticker_sentiment_score"": ""-0.074042"", ""ticker_sentiment_label"": ""Neutral""}, {""ticker"": ""CRYPTO:ETH"", ""relevance_score"": ""0.385455"", ""ticker_sentiment_score"": ""0.402918"", ""ticker_sentiment_label"": ""Bullish""}]"
2025-04-22,"After losing more than half its value for the year-to-date, sagging Ethereum ( ETH ) could be readying for a resurgence. On May 7th the number two blockchain's long-awaited Prague-Electra ( Pectra ) upgrade will leave the testnet and move to go-live.",Benzinga,https://www.benzinga.com/markets/cryptocurrency/25/04/44925491/5-000-calling-will-pectra-lift-ethereum-to-its-next-all-time-high,0.5711,https://www.benzinga.com/markets/cryptocurrency/25/04/44925491/5-000-calling-will-pectra-lift-ethereum-to-its-next-all-time-high,"$5,000 Calling: Will Pectra Lift Ethereum To Its Next All-time High?",Mark de Wolf,https://contributor-assets.benzinga.com/wp-content/uploads/2025/04/20063916/statistic_id806453_ethereum-eth-usd-price-history-up-until-apr-18-2025.png,www.benzinga.com,"Blockchain,Financial Markets",0.258017,Somewhat-Bullish,"[{""ticker"": ""CRYPTO:ETH"", ""relevance_score"": ""0.5711"", ""ticker_sentiment_score"": ""0.377373"", ""ticker_sentiment_label"": ""Bullish""}]"
2025-04-22,"Rumors of Fed Chairman Powell's resignation may be driving Bitcoin, gold gains and dollar weakness. Analysts suggest watching economic data and central bank remarks, which may heavily influence crypto market sentiment. Markets are messy-but the right setups can still deliver triple-digit gains.",Benzinga,https://www.benzinga.com/markets/cryptocurrency/25/04/44926052/bitcoin-reclaims-90000-is-digital-gold-heading-to-100000-next,0.131284,https://www.benzinga.com/markets/cryptocurrency/25/04/44926052/bitcoin-reclaims-90000-is-digital-gold-heading-to-100000-next,"Bitcoin Reclaims $90,000: Is 'Digital Gold' Heading To $100,000 Next?",Murtuza J Merchant,https://cdn.benzinga.com/files/images/story/2025/04/22/Firenze--Italy-November-11--2024-Cryptoc.jpeg?width=1200&height=800&fit=crop,www.benzinga.com,"Economy - Monetary,Blockchain,Financial Markets",0.075199,Neutral,"[{""ticker"": ""FOREX:USD"", ""relevance_score"": ""0.437082"", ""ticker_sentiment_score"": ""0.238837"", ""ticker_sentiment_label"": ""Somewhat-Bullish""}, {""ticker"": ""CRYPTO:BTC"", ""relevance_score"": ""0.543004"", ""ticker_sentiment_score"": ""-0.143601"", ""ticker_sentiment_label"": ""Neutral""}, {""ticker"": ""CRYPTO:SOL"", ""relevance_score"": ""0.065866"", ""ticker_sentiment_score"": ""0.103167"", ""ticker_sentiment_label"": ""Neutral""}, {""ticker"": ""CRYPTO:BTG"", ""relevance_score"": ""0.065866"", ""ticker_sentiment_score"": ""-0.243193"", ""ticker_sentiment_label"": ""Somewhat-Bearish""}, {""ticker"": ""CRYPTO:BNB"", ""relevance_score"": ""0.131284"", ""ticker_sentiment_score"": ""0.121562"", ""ticker_sentiment_label"": ""Neutral""}, {""ticker"": ""CRYPTO:XRP"", ""relevance_score"": ""0.131284"", ""ticker_sentiment_score"": ""0.121562"", ""ticker_sentiment_label"": ""Neutral""}, {""ticker"": ""CRYPTO:ETH"", ""relevance_score"": ""0.131284"", ""ticker_sentiment_score"": ""0.049954"", ""ticker_sentiment_label"": ""Neutral""}, {""ticker"": ""CRYPTO:DOGE"", ""relevance_score"": ""0.131284"", ""ticker_sentiment_score"": ""0.121562"", ""ticker_sentiment_label"": ""Neutral""}]"
2025-04-22,Let us delve deeper to find out what to do with COIN stock now.,Zacks Commentary,https://www.zacks.com/stock/news/2452907/coin-falls-30-ytd-time-to-buy-the-stock-despite-expensive-valuation,0.039679,https://www.zacks.com/stock/news/2452907/coin-falls-30-ytd-time-to-buy-the-stock-despite-expensive-valuation,COIN Falls 30% YTD: Time to Buy the Stock Despite Expensive Valuation?,Tanuka De,https://staticx-tuner.zacks.com/images/articles/main/bd/90871.jpg,www.zacks.com,"Financial Markets,Earnings,Finance,Blockchain",0.285927,Somewhat-Bullish,"[{""ticker"": ""HOOD"", ""relevance_score"": ""0.118647"", ""ticker_sentiment_score"": ""0.097886"", ""ticker_sentiment_label"": ""Neutral""}, {""ticker"": ""COIN"", ""relevance_score"": ""0.60232"", ""ticker_sentiment_score"": ""0.420813"", ""ticker_sentiment_label"": ""Bullish""}, {""ticker"": ""IBKR"", ""relevance_score"": ""0.157741"", ""ticker_sentiment_score"": ""0.041103"", ""ticker_sentiment_label"": ""Neutral""}, {""ticker"": ""CRYPTO:BTC"", ""relevance_score"": ""0.039679"", ""ticker_sentiment_score"": ""-0.053724"", ""ticker_sentiment_label"": ""Neutral""}, {""ticker"": ""CRYPTO:ETH"", ""relevance_score"": ""0.039679"", ""ticker_sentiment_score"": ""-0.053724"", ""ticker_sentiment_label"": ""Neutral""}]"
2025-04-22,Solana has spiked more than 14% since April 2 when U.S. President Donald Trump imposed his global tariffs.,Decrypt.co,https://decrypt.co/315764/bitcoin-surges-since-trumps-liberation-day-solana-outperforms,0.09439,https://decrypt.co/315764/bitcoin-surges-since-trumps-liberation-day-solana-outperforms,Bitcoin Surges Since Trump 'Liberation Day'-But Solana Outperforms,André Beganski,https://img.decrypt.co/insecure/rs:fit:3840:0:0:0/plain/https://cdn.decrypt.co/wp-content/uploads/2025/04/apr22-graph.png@webp,decrypt.co,"Finance,Blockchain,Financial Markets",0.247121,Somewhat-Bullish,"[{""ticker"": ""COIN"", ""relevance_score"": ""0.09439"", ""ticker_sentiment_score"": ""0.110895"", ""ticker_sentiment_label"": ""Neutral""}, {""ticker"": ""CRYPTO:BTC"", ""relevance_score"": ""0.657184"", ""ticker_sentiment_score"": ""0.511739"", ""ticker_sentiment_label"": ""Bullish""}, {""ticker"": ""CRYPTO:ETH"", ""relevance_score"": ""0.09439"", ""ticker_sentiment_score"": ""0.140411"", ""ticker_sentiment_label"": ""Neutral""}, {""ticker"": ""CRYPTO:DOGE"", ""relevance_score"": ""0.09439"", ""ticker_sentiment_score"": ""0.140411"", ""ticker_sentiment_label"": ""Neutral""}]"
2025-04-22,"Bitcoin is up big Tuesday, nearing $92,000-but major altcoins like Dogecoin, Solana, and Ethereum are showing even larger gains.",Decrypt.co,https://decrypt.co/315813/dogecoin-solana-ethereum-spike-bitcoin-monthly-high,0.378572,https://decrypt.co/315813/dogecoin-solana-ethereum-spike-bitcoin-monthly-high,"Dogecoin, Solana and Ethereum Spike as Bitcoin Hits Monthly High",Andrew Hayward,https://cdn.decrypt.co/resize/1024/height/512/wp-content/uploads/2024/12/bitcoin-dogecoin-xrp-gID_7.png,decrypt.co,Blockchain,0.06589,Neutral,"[{""ticker"": ""CRYPTO:BTC"", ""relevance_score"": ""0.378572"", ""ticker_sentiment_score"": ""0.119664"", ""ticker_sentiment_label"": ""Neutral""}, {""ticker"": ""CRYPTO:ETH"", ""relevance_score"": ""0.378572"", ""ticker_sentiment_score"": ""0.002597"", ""ticker_sentiment_label"": ""Neutral""}, {""ticker"": ""CRYPTO:DOGE"", ""relevance_score"": ""0.288893"", ""ticker_sentiment_score"": ""0.204512"", ""ticker_sentiment_label"": ""Somewhat-Bullish""}, {""ticker"": ""CRYPTO:XRP"", ""relevance_score"": ""0.098255"", ""ticker_sentiment_score"": ""-0.07711"", ""ticker_sentiment_label"": ""Neutral""}]"
2025-04-22,"DeFi Development Corporation, formerly known as Janover, is ramping up its Solana treasury strategy following a buyout led by Kraken executives.According to an April 22 announcement, the company added 88,164 Solana ( SOL ) to its treasury, worth $11.5 million and bringing its Solana stake to ...",Cointelegraph,https://cointelegraph.com/news/defi-development-corp-adds-solana-treasury,0.110973,https://cointelegraph.com/news/defi-development-corp-adds-solana-treasury,"DeFi Development Corp adds $11.5M SOL, shares jump 12%",Christopher Tepedino,https://s3.cointelegraph.com/uploads/2025-04/01965eb8-6557-7377-983d-41f74e3ea987,cointelegraph.com,"Life Sciences,Financial Markets,Technology,Finance,Blockchain",0.26268,Somewhat-Bullish,"[{""ticker"": ""GOOG"", ""relevance_score"": ""0.110973"", ""ticker_sentiment_score"": ""0.11427"", ""ticker_sentiment_label"": ""Neutral""}, {""ticker"": ""JNVR"", ""relevance_score"": ""0.324495"", ""ticker_sentiment_score"": ""0.183636"", ""ticker_sentiment_label"": ""Somewhat-Bullish""}, {""ticker"": ""UPXI"", ""relevance_score"": ""0.110973"", ""ticker_sentiment_score"": ""0.228528"", ""ticker_sentiment_label"": ""Somewhat-Bullish""}, {""ticker"": ""SMLR"", ""relevance_score"": ""0.110973"", ""ticker_sentiment_score"": ""0.073034"", ""ticker_sentiment_label"": ""Neutral""}, {""ticker"": ""CRYPTO:BTC"", ""relevance_score"": ""0.423251"", ""ticker_sentiment_score"": ""0.255647"", ""ticker_sentiment_label"": ""Somewhat-Bullish""}, {""ticker"": ""CRYPTO:ETH"", ""relevance_score"": ""0.110973"", ""ticker_sentiment_score"": ""0.24409"", ""ticker_sentiment_label"": ""Somewhat-Bullish""}]"
2025-04-22,"SYDNEY, April 22, 2025 ( GLOBE NEWSWIRE ) -- The Ripple ( XRP ) Ledger has been existing for more than a decade, and has also been long celebrated for its speed, low transaction costs, and scalability.",Benzinga,https://www.benzinga.com/pressreleases/25/04/g44924414/xendex-reveals-the-problems-it-aims-to-tackle-on-the-xrp-ledger-and-its-token-use-cases,0.060694,https://www.benzinga.com/pressreleases/25/04/g44924414/xendex-reveals-the-problems-it-aims-to-tackle-on-the-xrp-ledger-and-its-token-use-cases,"XenDex Reveals the Problems It Aims to Tackle on the XRP Ledger, and Its Token Use Cases",Globe Newswire,https://ml.globenewswire.com/Resource/Download/b7a98967-2d67-4a38-81a6-2fe275ca0d67/image1.png,www.benzinga.com,"Blockchain,Financial Markets",0.233485,Somewhat-Bullish,"[{""ticker"": ""CRYPTO:ETH"", ""relevance_score"": ""0.060694"", ""ticker_sentiment_score"": ""0.07503"", ""ticker_sentiment_label"": ""Neutral""}, {""ticker"": ""CRYPTO:BNB"", ""relevance_score"": ""0.060694"", ""ticker_sentiment_score"": ""0.07503"", ""ticker_sentiment_label"": ""Neutral""}, {""ticker"": ""CRYPTO:XRP"", ""relevance_score"": ""0.296582"", ""ticker_sentiment_score"": ""0.153368"", ""ticker_sentiment_label"": ""Somewhat-Bullish""}]"
2025-04-22,The White House has recently focused its trade war on China.,Decrypt.co,https://decrypt.co/315821/bitcoin-jumps-as-bessent-hints-at-progress-on-trade-negotiations,0.090474,https://decrypt.co/315821/bitcoin-jumps-as-bessent-hints-at-progress-on-trade-negotiations,Bitcoin Jumps as US Treasury's Bessent Hints at 'Perceived Progress' on Trade Negotiations,André Beganski,https://cdn.decrypt.co/resize/1024/height/512/wp-content/uploads/2024/11/Decrypt-Wallpaper-Format-1600-x-900-px-7-gID_7.png,decrypt.co,"Blockchain,Financial Markets",0.107689,Neutral,"[{""ticker"": ""FRFLF"", ""relevance_score"": ""0.090474"", ""ticker_sentiment_score"": ""0.193705"", ""ticker_sentiment_label"": ""Somewhat-Bullish""}, {""ticker"": ""CRYPTO:BTC"", ""relevance_score"": ""0.504646"", ""ticker_sentiment_score"": ""0.220293"", ""ticker_sentiment_label"": ""Somewhat-Bullish""}, {""ticker"": ""CRYPTO:ETH"", ""relevance_score"": ""0.090474"", ""ticker_sentiment_score"": ""0.055913"", ""ticker_sentiment_label"": ""Neutral""}, {""ticker"": ""CRYPTO:DOGE"", ""relevance_score"": ""0.090474"", ""ticker_sentiment_score"": ""0.055913"", ""ticker_sentiment_label"": ""Neutral""}]"
2025-04-22,Researchers used a 56-qubit system to create truly random numbers that even the most powerful supercomputers couldn't predict or fake.,Decrypt.co,https://decrypt.co/315824/quantum-computers-massive-step-cryptography,0.029472,https://decrypt.co/315824/quantum-computers-massive-step-cryptography,Quantum Computers Take Massive Step Forward for Cryptography,Jose Antonio Lanz,https://img.decrypt.co/insecure/rs:fit:3840:0:0:0/plain/https://cdn.decrypt.co/wp-content/uploads/2025/04/Screenshot-2025-04-21-161932.png@webp,decrypt.co,,0.110781,Neutral,"[{""ticker"": ""CRYPTO:BTC"", ""relevance_score"": ""0.117486"", ""ticker_sentiment_score"": ""-0.342178"", ""ticker_sentiment_label"": ""Somewhat-Bearish""}, {""ticker"": ""CRYPTO:ETH"", ""relevance_score"": ""0.029472"", ""ticker_sentiment_score"": ""0.198095"", ""ticker_sentiment_label"": ""Somewhat-Bullish""}]"
2025-04-22,"Dogecoin holds key support, setting up for a potential breakout, with targets as high as $1.25. Shiba Inu flashes a weekly buy signal with a 512% rally setup forming on the charts. Feel unsure about the market's next move?",Benzinga,https://www.benzinga.com/markets/cryptocurrency/25/04/44930938/dogecoin-jumps-7-shiba-inu-up-4-is-a-major-meme-rally-brewing,0.251247,https://www.benzinga.com/markets/cryptocurrency/25/04/44930938/dogecoin-jumps-7-shiba-inu-up-4-is-a-major-meme-rally-brewing,"Dogecoin Jumps 7%, Shiba Inu Up 4%: Is A Major Meme Rally Brewing?",Khyathi Dalal,https://cdn.benzinga.com/files/images/story/2025/04/22/Dogecoin-Golden-Cryptocurrency-And-Blue-.jpeg?width=1200&height=800&fit=crop,www.benzinga.com,Financial Markets,0.257459,Somewhat-Bullish,"[{""ticker"": ""CRYPTO:BTC"", ""relevance_score"": ""0.085022"", ""ticker_sentiment_score"": ""0.180036"", ""ticker_sentiment_label"": ""Somewhat-Bullish""}, {""ticker"": ""CRYPTO:ETH"", ""relevance_score"": ""0.251247"", ""ticker_sentiment_score"": ""0.34002"", ""ticker_sentiment_label"": ""Somewhat-Bullish""}, {""ticker"": ""CRYPTO:SHIB"", ""relevance_score"": ""0.545136"", ""ticker_sentiment_score"": ""0.194586"", ""ticker_sentiment_label"": ""Somewhat-Bullish""}, {""ticker"": ""CRYPTO:DOGE"", ""relevance_score"": ""0.714306"", ""ticker_sentiment_score"": ""0.320961"", ""ticker_sentiment_label"": ""Somewhat-Bullish""}]"
2025-04-22,"The cryptocurrency market has witnessed a surge in the adoption of automated trading solutions, with trading bots gaining prominence for their ability to analyze vast data sets and execute trades with precision.Cointelegraph has dissected historical bot revenues and token price rollercoasters ...",Cointelegraph,https://cointelegraph.com/news/guide-crypto-trading-bots-strategies-performance,0.161121,https://cointelegraph.com/news/guide-crypto-trading-bots-strategies-performance,A guide to crypto trading bots: Analyzing strategies and performance,Elaine Hu,https://s3.cointelegraph.com/uploads/2025-04/01965ce1-8be9-7597-957c-9faea59f1cba,cointelegraph.com,"Earnings,Blockchain,Financial Markets",0.132646,Neutral,"[{""ticker"": ""MSEZ"", ""relevance_score"": ""0.014747"", ""ticker_sentiment_score"": ""0.09906"", ""ticker_sentiment_label"": ""Neutral""}, {""ticker"": ""CRYPTO:BTC"", ""relevance_score"": ""0.146648"", ""ticker_sentiment_score"": ""0.031108"", ""ticker_sentiment_label"": ""Neutral""}, {""ticker"": ""CRYPTO:ETH"", ""relevance_score"": ""0.161121"", ""ticker_sentiment_score"": ""0.035659"", ""ticker_sentiment_label"": ""Neutral""}]"
2025-04-22,Attorneys for the Nelk Boys move to dismiss the class action lawsuit filed against the influencers in January.,Decrypt.co,https://decrypt.co/315845/youtube-stars-nelk-boys-push-back-against-nft-lawsuit,0.171485,https://decrypt.co/315845/youtube-stars-nelk-boys-push-back-against-nft-lawsuit,YouTube Stars Nelk Boys Push Back Against NFT Lawsuit,Jason Nelson,https://cdn.decrypt.co/resize/1024/height/512/wp-content/uploads/2025/04/Nelk-Boys-gID_7.png,decrypt.co,"Technology,Blockchain",-0.154913,Somewhat-Bearish,"[{""ticker"": ""GOOG"", ""relevance_score"": ""0.171485"", ""ticker_sentiment_score"": ""-0.079942"", ""ticker_sentiment_label"": ""Neutral""}, {""ticker"": ""CRYPTO:ETH"", ""relevance_score"": ""0.171485"", ""ticker_sentiment_score"": ""0.062048"", ""ticker_sentiment_label"": ""Neutral""}]"
2025-04-22,"Cryptocurrency exchange-traded products ( ETPs ) showed signs of recovery last week with minor inflows, after shedding more than $1 billion in outflows in the previous two weeks.Crypto investment products saw inflows of $6 million during the week of April 14-18, reflecting mixed investor ...",Cointelegraph,https://cointelegraph.com/news/coinshares-crypto-etp-recovery-6-million-inflows,0.324495,https://cointelegraph.com/news/coinshares-crypto-etp-recovery-6-million-inflows,Mixed sentiment as crypto funds see modest $6M inflows - CoinShares,Helen Partz,https://s3.cointelegraph.com/uploads/2025-04/01965d09-7d9c-7691-912c-b20cf4765202,cointelegraph.com,"Blockchain,Financial Markets",0.129541,Neutral,"[{""ticker"": ""CRYPTO:BTC"", ""relevance_score"": ""0.219809"", ""ticker_sentiment_score"": ""0.129707"", ""ticker_sentiment_label"": ""Neutral""}, {""ticker"": ""CRYPTO:ETH"", ""relevance_score"": ""0.324495"", ""ticker_sentiment_score"": ""0.16121"", ""ticker_sentiment_label"": ""Somewhat-Bullish""}]"
2025-04-22,"Buy 3 U.S. Securities and Exchanges stocks to strengthen your portfolio. These are CME, CBOE, ICE.",Zacks Commentary,https://www.zacks.com/stock/news/2452565/3-us-securities-and-exchanges-stocks-to-buy-on-solid-industry-trends,0.146916,https://www.zacks.com/stock/news/2452565/3-us-securities-and-exchanges-stocks-to-buy-on-solid-industry-trends,3 U.S. Securities and Exchanges Stocks to Buy on Solid Industry Trends,Nalak Das,https://staticx-tuner.zacks.com/images/articles/main/c2/85347.jpg,www.zacks.com,"Financial Markets,Earnings,Finance,Blockchain",0.407166,Bullish,"[{""ticker"": ""CBOE"", ""relevance_score"": ""0.288893"", ""ticker_sentiment_score"": ""0.406274"", ""ticker_sentiment_label"": ""Bullish""}, {""ticker"": ""CME"", ""relevance_score"": ""0.288893"", ""ticker_sentiment_score"": ""0.378591"", ""ticker_sentiment_label"": ""Bullish""}, {""ticker"": ""ICE"", ""relevance_score"": ""0.33433"", ""ticker_sentiment_score"": ""0.528432"", ""ticker_sentiment_label"": ""Bullish""}, {""ticker"": ""CRYPTO:BTC"", ""relevance_score"": ""0.146916"", ""ticker_sentiment_score"": ""0.116266"", ""ticker_sentiment_label"": ""Neutral""}, {""ticker"": ""CRYPTO:ETH"", ""relevance_score"": ""0.146916"", ""ticker_sentiment_score"": ""0.116266"", ""ticker_sentiment_label"": ""Neutral""}]"
2025-04-22,"A governance token for the Reserve Protocol stablecoin, launched by a firm previously advised by sworn-in SEC Chair Paul Atkins, has surged over 13% after crypto exchange Coinbase announced that it will list the token.",Cointelegraph,https://cointelegraph.com/news/rsr-token-linked-sec-paul-atkins-rises-double-digits,0.107978,https://cointelegraph.com/news/rsr-token-linked-sec-paul-atkins-rises-double-digits,Paul Atkins' loosely linked RSR token rises 13% after Coinbase listing,Brayden Lindrea,https://s3.cointelegraph.com/uploads/2025-04/01965aa9-ac75-7447-8980-a379d1ea5cac,cointelegraph.com,"Finance,Blockchain",0.185788,Somewhat-Bullish,"[{""ticker"": ""COIN"", ""relevance_score"": ""0.412861"", ""ticker_sentiment_score"": ""-0.057723"", ""ticker_sentiment_label"": ""Neutral""}, {""ticker"": ""CRYPTO:ETH"", ""relevance_score"": ""0.107978"", ""ticker_sentiment_score"": ""0.0"", ""ticker_sentiment_label"": ""Neutral""}]"
2025-04-22,"Bitcoin rose higher Monday as pro-cryptocurrency Paul Atkins was sworn in as the new chairman of the Securities and Exchange Commission. What Happened: The apex cryptocurrency touched an intraday high of $88,821.47 after crossing $87,000 the day before, as investors cheered the breakout following ...",Benzinga,https://www.benzinga.com/25/04/44914473/bitcoin-dogecoin-rise-ethereum-falls-as-pro-crypto-paul-atkins-begins-tenure-as-sec-chair-analyst-outlines-91000-,0.076115,https://www.benzinga.com/25/04/44914473/bitcoin-dogecoin-rise-ethereum-falls-as-pro-crypto-paul-atkins-begins-tenure-as-sec-chair-analyst-outlines-91000-,"Bitcoin, Dogecoin Rise, Ethereum Falls As Pro-Crypto Paul Atkins Sworn In As SEC Chair: Top Analyst Declares Multi-Month BTC Downtrend Over - Grayscale Bitcoin Mini Trust  ( BTC )  Common units of fractional undivided beneficial interest  ( ARCA:BTC ) ",Aniket Verma,https://cdn.benzinga.com/files/images/story/2025/04/21/Golden-Bitcoin-Lies-On-The-Banknotes-new_1.jpeg?width=1200&height=800&fit=crop,www.benzinga.com,"Economy - Monetary,Blockchain,Financial Markets",0.089897,Neutral,"[{""ticker"": ""CRYPTO:BTC"", ""relevance_score"": ""0.367141"", ""ticker_sentiment_score"": ""0.081847"", ""ticker_sentiment_label"": ""Neutral""}, {""ticker"": ""CRYPTO:ETH"", ""relevance_score"": ""0.076115"", ""ticker_sentiment_score"": ""-0.389993"", ""ticker_sentiment_label"": ""Bearish""}]"
2025-04-22,"Strategy Inc. MSTR executive chairman Michael Saylor cautioned companies against leveraging Ethereum ETH/USD and Solana SOL/USD like Bitcoin BTC/USD, stating that it might lead to a ""catastrophe.""",Benzinga,https://www.benzinga.com/25/04/44914780/michael-saylor-warns-leveraging-ethereum-and-solana-could-lead-to-ftx-terra-luna-like-situationcalls-them-balsa-w,0.350564,https://www.benzinga.com/25/04/44914780/michael-saylor-warns-leveraging-ethereum-and-solana-could-lead-to-ftx-terra-luna-like-situationcalls-them-balsa-w,"Bitcoin Is Steel, Ethereum And Solana Are Balsa Wood And Clay, Warns Michael Saylor-Strategy Chair Says Leveraging ETH, SOL Could Lead To 'Catastrophe' - Grayscale Ethereum Mini Trust  ( ETH )  Common units of fractional undivided beneficial interest  ( ARCA:ETH ) ",Aniket Verma,https://cdn.benzinga.com/files/images/story/2025/04/22/Solana-Golden-Cryptocurrency-In-Close-up.jpeg?width=1200&height=800&fit=crop,www.benzinga.com,"Technology,Blockchain,Financial Markets",0.201606,Somewhat-Bullish,"[{""ticker"": ""MSTR"", ""relevance_score"": ""0.266828"", ""ticker_sentiment_score"": ""0.083082"", ""ticker_sentiment_label"": ""Neutral""}, {""ticker"": ""BGLC"", ""relevance_score"": ""0.179788"", ""ticker_sentiment_score"": ""0.178695"", ""ticker_sentiment_label"": ""Somewhat-Bullish""}, {""ticker"": ""UPXI"", ""relevance_score"": ""0.179788"", ""ticker_sentiment_score"": ""0.445293"", ""ticker_sentiment_label"": ""Bullish""}, {""ticker"": ""CRYPTO:BTC"", ""relevance_score"": ""0.693563"", ""ticker_sentiment_score"": ""0.208748"", ""ticker_sentiment_label"": ""Somewhat-Bullish""}, {""ticker"": ""CRYPTO:ETH"", ""relevance_score"": ""0.350564"", ""ticker_sentiment_score"": ""-0.024931"", ""ticker_sentiment_label"": ""Neutral""}, {""ticker"": ""CRYPTO:SOL"", ""relevance_score"": ""0.090474"", ""ticker_sentiment_score"": ""0.073575"", ""ticker_sentiment_label"": ""Neutral""}, {""ticker"": ""CRYPTO:FTT"", ""relevance_score"": ""0.179788"", ""ticker_sentiment_score"": ""0.065132"", ""ticker_sentiment_label"": ""Neutral""}]"
2025-04-22,"Base creator Jesse Pollak has rejected a trader-first approach, declaring creators and developers his top priority, following a chaotic week.",Decrypt.co,https://decrypt.co/315717/base-creators-over-traders-creator-jesse-pollak,0.095899,https://decrypt.co/315717/base-creators-over-traders-creator-jesse-pollak,"Base to Prioritize Creators Over Traders, Says Architect Jesse Pollak",Vismaya V,https://cdn.decrypt.co/resize/1024/height/512/wp-content/uploads/2024/11/ygg-gID_7.jpg,decrypt.co,,0.064788,Neutral,"[{""ticker"": ""CRYPTO:ETH"", ""relevance_score"": ""0.095899"", ""ticker_sentiment_score"": ""0.061895"", ""ticker_sentiment_label"": ""Neutral""}]"
2025-04-22,"RENO, Nev., April 22, 2025 ( GLOBE NEWSWIRE ) -- In light of that, our team set out to find the best no KYC casinos available to players in 2025, digging through dozens of crypto-friendly platforms. After extensive research and testing, one casino clearly stood out - 7Bit Casino.",Benzinga,https://www.benzinga.com/pressreleases/25/04/g44916244/best-no-kyc-casinos-2025-7bit-casino-rated-as-the-top-instant-withdrawal-casino-with-no-verificati,0.031738,https://www.benzinga.com/pressreleases/25/04/g44916244/best-no-kyc-casinos-2025-7bit-casino-rated-as-the-top-instant-withdrawal-casino-with-no-verificati,Best No KYC Casinos 2025: 7Bit Casino Rated as the Top Instant Withdrawal Casino with No Verification,Globe Newswire,https://ml.globenewswire.com/Resource/Download/660f7dac-9451-4cd3-a355-273dbc4f1538/7bit-casino.jpg,www.benzinga.com,"Technology,Blockchain,Financial Markets",0.491824,Bullish,"[{""ticker"": ""MA"", ""relevance_score"": ""0.015872"", ""ticker_sentiment_score"": ""0.075608"", ""ticker_sentiment_label"": ""Neutral""}, {""ticker"": ""TRTPF"", ""relevance_score"": ""0.031738"", ""ticker_sentiment_score"": ""0.212223"", ""ticker_sentiment_label"": ""Somewhat-Bullish""}, {""ticker"": ""PSFE"", ""relevance_score"": ""0.015872"", ""ticker_sentiment_score"": ""0.075608"", ""ticker_sentiment_label"": ""Neutral""}, {""ticker"": ""CRYPTO:BTC"", ""relevance_score"": ""0.188683"", ""ticker_sentiment_score"": ""0.40883"", ""ticker_sentiment_label"": ""Bullish""}, {""ticker"": ""CRYPTO:ETH"", ""relevance_score"": ""0.031738"", ""ticker_sentiment_score"": ""0.107821"", ""ticker_sentiment_label"": ""Neutral""}, {""ticker"": ""CRYPTO:DOGE"", ""relevance_score"": ""0.015872"", ""ticker_sentiment_score"": ""0.075608"", ""ticker_sentiment_label"": ""Neutral""}, {""ticker"": ""CRYPTO:LTC"", ""relevance_score"": ""0.015872"", ""ticker_sentiment_score"": ""0.075608"", ""ticker_sentiment_label"": ""Neutral""}]"
2025-04-22,"Global cryptocurrency market capitalization is trading 5% higher to $2.86 trillion. One trader marks $91,200 as key level to hold for rally ahead, while others urge caution. China's new tariffs just reignited the same market patterns that led to triple- and quadruple-digit wins for Matt Maley.",Benzinga,https://www.benzinga.com/markets/cryptocurrency/25/04/44935082/bitcoin-reclaims-91000-ethereum-xrp-dogecoin-ride-the-rally-btc-doing-what-it-always-does,0.073773,https://www.benzinga.com/markets/cryptocurrency/25/04/44935082/bitcoin-reclaims-91000-ethereum-xrp-dogecoin-ride-the-rally-btc-doing-what-it-always-does,"Bitcoin Reclaims $91,000, Ethereum, XRP, Dogecoin Ride The Rally - 'BTC Doing What It Always Does'",Khyathi Dalal,https://cdn.benzinga.com/files/images/story/2025/04/22/Solana-Golden-Cryptocurrency-In-Close-up_2.jpeg?width=1200&height=800&fit=crop,www.benzinga.com,"Finance,Blockchain,Financial Markets",0.07531,Neutral,"[{""ticker"": ""COIN"", ""relevance_score"": ""0.073773"", ""ticker_sentiment_score"": ""0.0"", ""ticker_sentiment_label"": ""Neutral""}, {""ticker"": ""CRYPTO:BTC"", ""relevance_score"": ""0.541149"", ""ticker_sentiment_score"": ""0.047562"", ""ticker_sentiment_label"": ""Neutral""}, {""ticker"": ""CRYPTO:ETH"", ""relevance_score"": ""0.073773"", ""ticker_sentiment_score"": ""0.0"", ""ticker_sentiment_label"": ""Neutral""}, {""ticker"": ""CRYPTO:DOGE"", ""relevance_score"": ""0.073773"", ""ticker_sentiment_score"": ""0.259076"", ""ticker_sentiment_label"": ""Somewhat-Bullish""}]"
2025-04-22,"Canada contributed $9.4 million in inflows last week, reinforcing broader strength in North American altcoin-focused fund flows. CoinShares attributes mid-week outflows to stronger-than-expected U.S. retail data, causing a $146 million drawdown across products.",Benzinga,https://www.benzinga.com/markets/cryptocurrency/25/04/44917155/xrp-leads-ethereum-bleeds-as-crypto-investment-products-see-6-million-in-inflows,0.247838,https://www.benzinga.com/markets/cryptocurrency/25/04/44917155/xrp-leads-ethereum-bleeds-as-crypto-investment-products-see-6-million-in-inflows,"XRP Leads, Ethereum Bleeds As Crypto Investment Products See $6 Million In Inflows",Murtuza J Merchant,https://cdn.benzinga.com/files/images/story/2025/04/22/Golden-Xrp-Coins-Are-Displayed-In-Front-.jpeg?width=1200&height=800&fit=crop,www.benzinga.com,"Blockchain,Financial Markets",0.279723,Somewhat-Bullish,"[{""ticker"": ""CRYPTO:BTC"", ""relevance_score"": ""0.247838"", ""ticker_sentiment_score"": ""0.067725"", ""ticker_sentiment_label"": ""Neutral""}, {""ticker"": ""CRYPTO:ETH"", ""relevance_score"": ""0.247838"", ""ticker_sentiment_score"": ""0.0"", ""ticker_sentiment_label"": ""Neutral""}, {""ticker"": ""CRYPTO:XRP"", ""relevance_score"": ""0.247838"", ""ticker_sentiment_score"": ""0.38717"", ""ticker_sentiment_label"": ""Bullish""}]"
2025-04-22,A Solana address with over 1 million tokens is sitting on more than $153 million in profit after a four-year staking play on the crypto asset. Blockchain analytics firm Lookonchain flagged the wallet address of a whale that staked nearly 1 million Solana ( SOL ) tokens in 2021.,Cointelegraph,https://cointelegraph.com/news/solana-whale-153-million-profit-staking-4-years,0.436009,https://cointelegraph.com/news/solana-whale-153-million-profit-staking-4-years,Solana whale sits on $153M profit after 4-year staking play,Ezra Reguerra,https://s3.cointelegraph.com/uploads/2025-04/01965d2f-b792-7509-bc55-21821941db9a,cointelegraph.com,Blockchain,0.326369,Somewhat-Bullish,"[{""ticker"": ""CRYPTO:BTC"", ""relevance_score"": ""0.114682"", ""ticker_sentiment_score"": ""0.204326"", ""ticker_sentiment_label"": ""Somewhat-Bullish""}, {""ticker"": ""CRYPTO:ETH"", ""relevance_score"": ""0.436009"", ""ticker_sentiment_score"": ""0.476455"", ""ticker_sentiment_label"": ""Bullish""}]"
2025-04-22,"PERTH, Australia, April 22, 2025 ( GLOBE NEWSWIRE ) -- Our team dove deep into the world of the best online casinos in Australia, meticulously evaluating countless platforms to find the cream of the crop. One casino rose above the rest: MIRAX Casino.",Benzinga,https://www.benzinga.com/pressreleases/25/04/g44919229/best-online-casinos-in-australia-2025-goes-to-mirax-casino-rated-by-experts,0.075874,https://www.benzinga.com/pressreleases/25/04/g44919229/best-online-casinos-in-australia-2025-goes-to-mirax-casino-rated-by-experts,"Best Online Casinos in Australia 2025 Goes to MIRAX Casino, Rated By Experts",Globe Newswire,https://ml.globenewswire.com/Resource/Download/b63195e5-ae9d-41c6-9915-4247272a1b60/mirax-casino-feat-image.jpg,www.benzinga.com,"Blockchain,Financial Markets",0.478814,Bullish,"[{""ticker"": ""MA"", ""relevance_score"": ""0.010855"", ""ticker_sentiment_score"": ""0.248727"", ""ticker_sentiment_label"": ""Somewhat-Bullish""}, {""ticker"": ""TRTPF"", ""relevance_score"": ""0.010855"", ""ticker_sentiment_score"": ""0.216028"", ""ticker_sentiment_label"": ""Somewhat-Bullish""}, {""ticker"": ""FOREX:AUD"", ""relevance_score"": ""0.108222"", ""ticker_sentiment_score"": ""0.148964"", ""ticker_sentiment_label"": ""Neutral""}, {""ticker"": ""FOREX:NZD"", ""relevance_score"": ""0.097457"", ""ticker_sentiment_score"": ""0.147284"", ""ticker_sentiment_label"": ""Neutral""}, {""ticker"": ""FOREX:EUR"", ""relevance_score"": ""0.118967"", ""ticker_sentiment_score"": ""0.149998"", ""ticker_sentiment_label"": ""Neutral""}, {""ticker"": ""FOREX:CAD"", ""relevance_score"": ""0.118967"", ""ticker_sentiment_score"": ""0.1593"", ""ticker_sentiment_label"": ""Somewhat-Bullish""}, {""ticker"": ""CRYPTO:BTC"", ""relevance_score"": ""0.12969"", ""ticker_sentiment_score"": ""0.232098"", ""ticker_sentiment_label"": ""Somewhat-Bullish""}, {""ticker"": ""CRYPTO:ETH"", ""relevance_score"": ""0.075874"", ""ticker_sentiment_score"": ""0.140103"", ""ticker_sentiment_label"": ""Neutral""}, {""ticker"": ""CRYPTO:DOGE"", ""relevance_score"": ""0.021708"", ""ticker_sentiment_score"": ""0.523655"", ""ticker_sentiment_label"": ""Bullish""}, {""ticker"": ""CRYPTO:LTC"", ""relevance_score"": ""0.054236"", ""ticker_sentiment_score"": ""0.086016"", ""ticker_sentiment_label"": ""Neutral""}, {""ticker"": ""CRYPTO:ADA"", ""relevance_score"": ""0.021708"", ""ticker_sentiment_score"": ""0.356508"", ""ticker_sentiment_label"": ""Bullish""}, {""ticker"": ""CRYPTO:BNB"", ""relevance_score"": ""0.021708"", ""ticker_sentiment_score"": ""0.240554"", ""ticker_sentiment_label"": ""Somewhat-Bullish""}]"
2025-04-22,"TORONTO, April 22, 2025 ( GLOBE NEWSWIRE ) -- Looking to join one of the top online casinos in Canada? You're in the right place. We've done the research and are excited to introduce our top recommendation for Canadian players: 7Bit Casino.",Benzinga,https://www.benzinga.com/pressreleases/25/04/g44919233/best-online-casinos-in-canada-2025-why-7bit-casino-is-the-top-choice-voted-1,0.063341,https://www.benzinga.com/pressreleases/25/04/g44919233/best-online-casinos-in-canada-2025-why-7bit-casino-is-the-top-choice-voted-1,Best Online Casinos in Canada 2025: Why 7Bit Casino is the Top Choice - Voted #1,Globe Newswire,https://ml.globenewswire.com/Resource/Download/af40382b-6ef2-4bc1-93f3-ec8e9bf7a831/7bit-casino.jpg,www.benzinga.com,"Technology,Blockchain,Financial Markets",0.500258,Bullish,"[{""ticker"": ""MA"", ""relevance_score"": ""0.031696"", ""ticker_sentiment_score"": ""0.184447"", ""ticker_sentiment_label"": ""Somewhat-Bullish""}, {""ticker"": ""PSFE"", ""relevance_score"": ""0.015851"", ""ticker_sentiment_score"": ""0.179272"", ""ticker_sentiment_label"": ""Somewhat-Bullish""}, {""ticker"": ""CRYPTO:BTC"", ""relevance_score"": ""0.157483"", ""ticker_sentiment_score"": ""0.391555"", ""ticker_sentiment_label"": ""Bullish""}, {""ticker"": ""CRYPTO:ETH"", ""relevance_score"": ""0.063341"", ""ticker_sentiment_score"": ""0.227254"", ""ticker_sentiment_label"": ""Somewhat-Bullish""}, {""ticker"": ""CRYPTO:DOGE"", ""relevance_score"": ""0.031696"", ""ticker_sentiment_score"": ""0.187872"", ""ticker_sentiment_label"": ""Somewhat-Bullish""}, {""ticker"": ""CRYPTO:LTC"", ""relevance_score"": ""0.031696"", ""ticker_sentiment_score"": ""0.197866"", ""ticker_sentiment_label"": ""Somewhat-Bullish""}, {""ticker"": ""CRYPTO:BNB"", ""relevance_score"": ""0.015851"", ""ticker_sentiment_score"": ""0.179272"", ""ticker_sentiment_label"": ""Somewhat-Bullish""}]"
2025-04-22,"A number of filings reference SEC rule 19b-4, requiring formal rule changes for listing approval on exchanges. Only a few dates are marked as approved, primarily for legacy products, with most crypto ETFs still pending decisions. Markets are messy-but the right setups can still deliver ...",Benzinga,https://www.benzinga.com/markets/cryptocurrency/25/04/44919277/xrp-solana-dogecoin-among-72-crypto-related-etfs-awaiting-sec-approval,0.238913,https://www.benzinga.com/markets/cryptocurrency/25/04/44919277/xrp-solana-dogecoin-among-72-crypto-related-etfs-awaiting-sec-approval,"XRP, Solana, Dogecoin Among 72 Crypto-Related ETFs Awaiting SEC Approval,",Murtuza J Merchant,https://cdn.benzinga.com/files/images/story/2025/04/22/ETF-shutterstock.png?width=1200&height=800&fit=crop,www.benzinga.com,"Blockchain,Financial Markets",0.202547,Somewhat-Bullish,"[{""ticker"": ""CRYPTO:BTC"", ""relevance_score"": ""0.31482"", ""ticker_sentiment_score"": ""-0.013698"", ""ticker_sentiment_label"": ""Neutral""}, {""ticker"": ""CRYPTO:ETH"", ""relevance_score"": ""0.238913"", ""ticker_sentiment_score"": ""-0.010856"", ""ticker_sentiment_label"": ""Neutral""}, {""ticker"": ""CRYPTO:DOGE"", ""relevance_score"": ""0.160633"", ""ticker_sentiment_score"": ""0.068663"", ""ticker_sentiment_label"": ""Neutral""}, {""ticker"": ""CRYPTO:LINK"", ""relevance_score"": ""0.160633"", ""ticker_sentiment_score"": ""-0.112478"", ""ticker_sentiment_label"": ""Neutral""}, {""ticker"": ""CRYPTO:LTC"", ""relevance_score"": ""0.160633"", ""ticker_sentiment_score"": ""0.122578"", ""ticker_sentiment_label"": ""Neutral""}]"
2025-04-22,"Polygon-based non-fungible tokens ( NFTs ) took the top spot in digital collectible sales after surging 20% in the last seven days. On April 22, NFT data tracker CryptoSlam showed that Polygon NFTs overtook Ethereum, reaching a $22.3 million volume in the past week.",Cointelegraph,https://cointelegraph.com/news/polygon-nft-sales-lead-ethereum-driven-by-rwa-collection-courtyard,0.211191,https://cointelegraph.com/news/polygon-nft-sales-lead-ethereum-driven-by-rwa-collection-courtyard,Polygon NFTs overtake Ethereum collectibles in 7-day sales,Ezra Reguerra,https://s3.cointelegraph.com/uploads/2025-04/01965cb5-1a5b-726c-8950-577a4b909463,cointelegraph.com,Blockchain,0.281328,Somewhat-Bullish,"[{""ticker"": ""CRYPTO:BTC"", ""relevance_score"": ""0.106541"", ""ticker_sentiment_score"": ""0.0"", ""ticker_sentiment_label"": ""Neutral""}, {""ticker"": ""CRYPTO:ETH"", ""relevance_score"": ""0.211191"", ""ticker_sentiment_score"": ""0.140205"", ""ticker_sentiment_label"": ""Neutral""}]"
2025-04-23,"Cryptocurrency staking protocol Symbiotic closed a $29 million Series A funding round led by Web3-focused investment firms, including Pantera Capital and Coinbase Ventures, to support the launch of a new economic coordination layer for blockchain security.The round included more than 100 angel ...",Cointelegraph,https://cointelegraph.com/news/symbiotic-29m-staking-universal-coordination-layer,0.152983,https://cointelegraph.com/news/symbiotic-29m-staking-universal-coordination-layer,Symbiotic raises $29M for staking-based universal coordination layer,Zoltan Vardai,https://s3.cointelegraph.com/uploads/2025-04/019624fc-15c3-758d-ae63-be41fde597a6,cointelegraph.com,"Finance,Blockchain",0.147941,Neutral,"[{""ticker"": ""COIN"", ""relevance_score"": ""0.076847"", ""ticker_sentiment_score"": ""0.122537"", ""ticker_sentiment_label"": ""Neutral""}, {""ticker"": ""CRYPTO:ETH"", ""relevance_score"": ""0.152983"", ""ticker_sentiment_score"": ""0.271288"", ""ticker_sentiment_label"": ""Somewhat-Bullish""}, {""ticker"": ""CRYPTO:AAVE"", ""relevance_score"": ""0.076847"", ""ticker_sentiment_score"": ""0.144908"", ""ticker_sentiment_label"": ""Neutral""}, {""ticker"": ""CRYPTO:ADA"", ""relevance_score"": ""0.076847"", ""ticker_sentiment_score"": ""0.052557"", ""ticker_sentiment_label"": ""Neutral""}]"
2025-04-23,"Stocks like NVDA, V, ACN and HIVE are poised to gain when Bitcoin resumes its rally.",Zacks Commentary,https://www.zacks.com/stock/news/2453829/4-stocks-to-watch-as-bitcoin-gears-up-to-surpass-100000-again,0.05234,https://www.zacks.com/stock/news/2453829/4-stocks-to-watch-as-bitcoin-gears-up-to-surpass-100000-again,"4 Stocks to Watch as Bitcoin Gears Up to Surpass $100,000 Again",Ritujay Ghosh,https://staticx-tuner.zacks.com/images/articles/main/f9/922.jpg,www.zacks.com,"Economy - Monetary,Financial Markets,Manufacturing,Earnings,Blockchain",0.167942,Somewhat-Bullish,"[{""ticker"": ""ACN"", ""relevance_score"": ""0.207127"", ""ticker_sentiment_score"": ""0.242138"", ""ticker_sentiment_label"": ""Somewhat-Bullish""}, {""ticker"": ""NVDA"", ""relevance_score"": ""0.25726"", ""ticker_sentiment_score"": ""0.330224"", ""ticker_sentiment_label"": ""Somewhat-Bullish""}, {""ticker"": ""V"", ""relevance_score"": ""0.354138"", ""ticker_sentiment_score"": ""0.337127"", ""ticker_sentiment_label"": ""Somewhat-Bullish""}, {""ticker"": ""CRYPTO:BTC"", ""relevance_score"": ""0.306325"", ""ticker_sentiment_score"": ""-0.002365"", ""ticker_sentiment_label"": ""Neutral""}, {""ticker"": ""CRYPTO:ETH"", ""relevance_score"": ""0.05234"", ""ticker_sentiment_score"": ""0.209662"", ""ticker_sentiment_label"": ""Somewhat-Bullish""}]"
2025-04-23,"Payments behemoth PayPal plans to offer a 3.7% yield on balances held in its PayPal USD stablecoin.According to an April 23 Bloomberg report, a PayPal representative said that the measure aims to encourage more usage of the firm's stablecoin.",Cointelegraph,https://cointelegraph.com/news/paypal-stablecoin-pyusd-yield-launch,0.082393,https://cointelegraph.com/news/paypal-stablecoin-pyusd-yield-launch,PayPal to offer 3.7% yield on stablecoin balances: Report,Adrian Zmudzinski,https://s3.cointelegraph.com/uploads/2025-04/019662da-ed93-7d5e-93d8-f14b6b99769c,cointelegraph.com,"Blockchain,Financial Markets",0.214149,Somewhat-Bullish,"[{""ticker"": ""PYPL"", ""relevance_score"": ""0.85246"", ""ticker_sentiment_score"": ""0.310505"", ""ticker_sentiment_label"": ""Somewhat-Bullish""}, {""ticker"": ""FOREX:USD"", ""relevance_score"": ""0.395012"", ""ticker_sentiment_score"": ""0.188055"", ""ticker_sentiment_label"": ""Somewhat-Bullish""}, {""ticker"": ""CRYPTO:ETH"", ""relevance_score"": ""0.082393"", ""ticker_sentiment_score"": ""0.121571"", ""ticker_sentiment_label"": ""Neutral""}, {""ticker"": ""CRYPTO:LINK"", ""relevance_score"": ""0.163909"", ""ticker_sentiment_score"": ""0.21217"", ""ticker_sentiment_label"": ""Somewhat-Bullish""}]"
2025-04-23,"SYDNEY, April 23, 2025 ( GLOBE NEWSWIRE ) -- XenDex is thrilled to announce the first AI-powered all-in-one decentralized exchange ( DEX ) built on XRP, combining non-custodial lending and borrowing, AI copy trading, and DAO governance in a single user-centric platform.",Benzinga,https://www.benzinga.com/pressreleases/25/04/g44952745/xrp-news-xendex-presale-begins-as-xrp-etf-builds-momentum,0.060694,https://www.benzinga.com/pressreleases/25/04/g44952745/xrp-news-xendex-presale-begins-as-xrp-etf-builds-momentum,XRP News: XenDex Presale Begins As XRP ETF Builds Momentum,Globe Newswire,https://ml.globenewswire.com/Resource/Download/60b77089-cac2-4335-91ba-8e81462cc098/photo-2025-04-23-19-45-00.jpeg,www.benzinga.com,"Blockchain,Financial Markets",0.274689,Somewhat-Bullish,"[{""ticker"": ""CRYPTO:ETH"", ""relevance_score"": ""0.060694"", ""ticker_sentiment_score"": ""0.213102"", ""ticker_sentiment_label"": ""Somewhat-Bullish""}, {""ticker"": ""CRYPTO:ADA"", ""relevance_score"": ""0.060694"", ""ticker_sentiment_score"": ""0.213102"", ""ticker_sentiment_label"": ""Somewhat-Bullish""}]"
2025-04-23,"Ethereum NFT project Goblintown challenged players to complete its upcoming driving platformer for $10,000-and everyone failed.",Decrypt.co,https://decrypt.co/315932/goblintown-really-hard-driving-game-10k-prize,0.073321,https://decrypt.co/315932/goblintown-really-hard-driving-game-10k-prize,Nobody Could Beat 'Goblintown: Really Hard Driving Game' for a $10K Prize,Ryan S. Gladwin,https://cdn.decrypt.co/resize/1024/height/512/wp-content/uploads/2025/04/Goblintowntruck2-gID_7.jpg,decrypt.co,Blockchain,0.143385,Neutral,"[{""ticker"": ""CRYPTO:ETH"", ""relevance_score"": ""0.073321"", ""ticker_sentiment_score"": ""-0.044816"", ""ticker_sentiment_label"": ""Neutral""}]"
2025-04-23,"Ethereum is entering one of its most precarious periods since its inception. Usage on the base layer is plummeting, core metrics are nearing multi-year lows, and even co-founder Vitalik Buterin is proposing a radical architectural overhaul. Institutions aren't waiting to see how it plays out.",Cointelegraph,https://cointelegraph.com/news/institutions-breakup-ethereum-keep-eth-on-hook,0.937994,https://cointelegraph.com/news/institutions-breakup-ethereum-keep-eth-on-hook,Institutions break up with Ethereum but keep ETH on the hook,Yohan Yun,https://s3.cointelegraph.com/uploads/2025-04/0196632d-014d-7096-a4f1-6a065ca3f8f1,cointelegraph.com,"Economy - Monetary,Financial Markets,Earnings,Blockchain",-0.090539,Neutral,"[{""ticker"": ""BRPHF"", ""relevance_score"": ""0.074345"", ""ticker_sentiment_score"": ""0.008109"", ""ticker_sentiment_label"": ""Neutral""}, {""ticker"": ""SCBFF"", ""relevance_score"": ""0.037213"", ""ticker_sentiment_score"": ""-0.048649"", ""ticker_sentiment_label"": ""Neutral""}, {""ticker"": ""CRYPTO:ETH"", ""relevance_score"": ""0.937994"", ""ticker_sentiment_score"": ""-0.143913"", ""ticker_sentiment_label"": ""Neutral""}]"
2025-04-23,"If you're following developments in the cryptocurrency market, you've likely noticed that Coinbase Derivatives has introduced XRP futures contracts to its US derivatives exchange. This move is part of a broader trend where regulated platforms are expanding access to futures trading, giving ...",Cointelegraph,https://cointelegraph.com/news/what-are-xrp-futures-and-how-to-invest-in-them,0.039257,https://cointelegraph.com/news/what-are-xrp-futures-and-how-to-invest-in-them,What are XRP futures and how to invest in them?,Onkar Singh,https://s3.cointelegraph.com/uploads/2025-04/01966326-51ad-7fa5-97fa-4ccd164979f5,cointelegraph.com,"Finance,Blockchain,Financial Markets",0.095988,Neutral,"[{""ticker"": ""COIN"", ""relevance_score"": ""0.269563"", ""ticker_sentiment_score"": ""0.079501"", ""ticker_sentiment_label"": ""Neutral""}, {""ticker"": ""CRYPTO:BTC"", ""relevance_score"": ""0.039257"", ""ticker_sentiment_score"": ""0.140041"", ""ticker_sentiment_label"": ""Neutral""}, {""ticker"": ""CRYPTO:ETH"", ""relevance_score"": ""0.039257"", ""ticker_sentiment_score"": ""0.140041"", ""ticker_sentiment_label"": ""Neutral""}, {""ticker"": ""CRYPTO:NANO"", ""relevance_score"": ""0.039257"", ""ticker_sentiment_score"": ""0.015438"", ""ticker_sentiment_label"": ""Neutral""}, {""ticker"": ""CRYPTO:DOGE"", ""relevance_score"": ""0.039257"", ""ticker_sentiment_score"": ""0.140041"", ""ticker_sentiment_label"": ""Neutral""}, {""ticker"": ""CRYPTO:LINK"", ""relevance_score"": ""0.039257"", ""ticker_sentiment_score"": ""0.140041"", ""ticker_sentiment_label"": ""Neutral""}, {""ticker"": ""CRYPTO:KCS"", ""relevance_score"": ""0.039257"", ""ticker_sentiment_score"": ""0.089284"", ""ticker_sentiment_label"": ""Neutral""}]"
2025-04-23,Might & Magic: Fates is a new Ethereum-driven card game launching later this year from Ubisoft and Immutable.,Decrypt.co,https://decrypt.co/315952/ubisoft-might-magic-ethereum-immutable-game,0.119235,https://decrypt.co/315952/ubisoft-might-magic-ethereum-immutable-game,Ubisoft Brings 'Might & Magic' to Ethereum via Immutable Card Game,Andrew Hayward,https://cdn.decrypt.co/resize/1024/height/512/wp-content/uploads/2025/04/might-magic-fates-scaled-gID_7.jpeg,decrypt.co,Blockchain,0.283601,Somewhat-Bullish,"[{""ticker"": ""CRYPTO:ETH"", ""relevance_score"": ""0.119235"", ""ticker_sentiment_score"": ""0.107262"", ""ticker_sentiment_label"": ""Neutral""}]"
2025-04-23,Combined ETF net inflows signal growing confidence in crypto assets from institutions amid relatively stable macro conditions. Bitcoin and Ethereum ETF flows on April 22 reflect the strongest single-day institutional activity since January 2025.,Benzinga,https://www.benzinga.com/markets/cryptocurrency/25/04/44957349/bitcoin-spot-etfs-record-936-million-net-inflow-ethereum-etfs-add-38-74-million,0.573213,https://www.benzinga.com/markets/cryptocurrency/25/04/44957349/bitcoin-spot-etfs-record-936-million-net-inflow-ethereum-etfs-add-38-74-million,"Bitcoin Spot ETFs Record $936 Million Net Inflow, Ethereum ETFs Add $38.74 Million",Murtuza J Merchant,https://cdn.benzinga.com/files/images/story/2025/04/23/ETF-shutterstock.png?width=1200&height=800&fit=crop,www.benzinga.com,"Blockchain,Financial Markets",0.375763,Bullish,"[{""ticker"": ""CRYPTO:BTC"", ""relevance_score"": ""0.573213"", ""ticker_sentiment_score"": ""0.504568"", ""ticker_sentiment_label"": ""Bullish""}, {""ticker"": ""CRYPTO:ETH"", ""relevance_score"": ""0.573213"", ""ticker_sentiment_score"": ""0.456288"", ""ticker_sentiment_label"": ""Bullish""}]"
2025-04-23,"PayPal and Venmo users will soon be able to earn yield on their stablecoin holdings, the company said Wednesday.",CNBC,https://www.cnbc.com/2025/04/23/paypal-introduces-3point7percent-yield-on-stablecoin-balances-to-boost-payments-activity.html,0.068698,https://www.cnbc.com/2025/04/23/paypal-introduces-3point7percent-yield-on-stablecoin-balances-to-boost-payments-activity.html,PayPal introduces 3.7% yield on stablecoin balances to boost payments activity,,,www.cnbc.com,"Economy - Monetary,IPO,Financial Markets,Blockchain",0.344522,Somewhat-Bullish,"[{""ticker"": ""PYPL"", ""relevance_score"": ""0.509589"", ""ticker_sentiment_score"": ""0.331036"", ""ticker_sentiment_label"": ""Somewhat-Bullish""}, {""ticker"": ""SCBFF"", ""relevance_score"": ""0.068698"", ""ticker_sentiment_score"": ""-0.086271"", ""ticker_sentiment_label"": ""Neutral""}, {""ticker"": ""FOREX:USD"", ""relevance_score"": ""0.204072"", ""ticker_sentiment_score"": ""0.181281"", ""ticker_sentiment_label"": ""Somewhat-Bullish""}, {""ticker"": ""CRYPTO:BTC"", ""relevance_score"": ""0.136888"", ""ticker_sentiment_score"": ""0.105876"", ""ticker_sentiment_label"": ""Neutral""}, {""ticker"": ""CRYPTO:ETH"", ""relevance_score"": ""0.068698"", ""ticker_sentiment_score"": ""0.156009"", ""ticker_sentiment_label"": ""Somewhat-Bullish""}]"
2025-04-23,"Officials with the US Securities and Exchange Commission's ( SEC ) crypto task force met with the El Salvador National Commission on Digital Assets ( CNAD ) to discuss regulation and a proposed cross-border sandbox.In an April 22 memo, the SEC's crypto task force reported meeting with officials ...",Cointelegraph,https://cointelegraph.com/news/sec-officials-el-salvador-deportation-backlash,0.099476,https://cointelegraph.com/news/sec-officials-el-salvador-deportation-backlash,SEC discusses deepening US-El Salvador ties amid deportation backlash,Turner Wright,"https://images.cointelegraph.com/cdn-cgi/image/format=auto,onerror=redirect,quality=90,width=1200/https://s3.cointelegraph.com/uploads/2025-04/01966315-6be9-7724-a87c-0a6d6365f514",cointelegraph.com,"Finance,Blockchain,Financial Markets",0.089747,Neutral,"[{""ticker"": ""GS"", ""relevance_score"": ""0.099476"", ""ticker_sentiment_score"": ""-0.017094"", ""ticker_sentiment_label"": ""Neutral""}, {""ticker"": ""CRYPTO:BTC"", ""relevance_score"": ""0.29234"", ""ticker_sentiment_score"": ""0.153422"", ""ticker_sentiment_label"": ""Somewhat-Bullish""}, {""ticker"": ""CRYPTO:ETH"", ""relevance_score"": ""0.099476"", ""ticker_sentiment_score"": ""0.0"", ""ticker_sentiment_label"": ""Neutral""}]"
2025-04-23,"Global cryptocurrency market capitalization is trading 3.4% higher to $2.95 trillion. One trader calls $90,000 a prime entry for Bitcoin, while another pegs a target of $370,000. Markets are messy-but the right setups can still deliver triple-digit gains.",Benzinga,https://www.benzinga.com/markets/cryptocurrency/25/04/44963262/bitcoin-ethereum-xrp-dogecoin-see-thundering-surge-trader-eyes-90000-btc-as-nice-entry,0.076115,https://www.benzinga.com/markets/cryptocurrency/25/04/44963262/bitcoin-ethereum-xrp-dogecoin-see-thundering-surge-trader-eyes-90000-btc-as-nice-entry,"Bitcoin, Ethereum, XRP, Dogecoin See Thundering Surge - Trader Eyes $90,000 BTC As 'Nice Entry'",Khyathi Dalal,https://cdn.benzinga.com/files/images/story/2025/04/23/Cryptocurrency-On-Binance-Trading-App--B.jpeg?width=1200&height=800&fit=crop,www.benzinga.com,"Blockchain,Financial Markets,Manufacturing",0.159683,Somewhat-Bullish,"[{""ticker"": ""BNXYF"", ""relevance_score"": ""0.076115"", ""ticker_sentiment_score"": ""0.022449"", ""ticker_sentiment_label"": ""Neutral""}, {""ticker"": ""SFTBF"", ""relevance_score"": ""0.076115"", ""ticker_sentiment_score"": ""0.0"", ""ticker_sentiment_label"": ""Neutral""}, {""ticker"": ""TSLA"", ""relevance_score"": ""0.076115"", ""ticker_sentiment_score"": ""-0.045322"", ""ticker_sentiment_label"": ""Neutral""}, {""ticker"": ""CRYPTO:BTC"", ""relevance_score"": ""0.660632"", ""ticker_sentiment_score"": ""0.179869"", ""ticker_sentiment_label"": ""Somewhat-Bullish""}, {""ticker"": ""CRYPTO:ETH"", ""relevance_score"": ""0.076115"", ""ticker_sentiment_score"": ""0.0"", ""ticker_sentiment_label"": ""Neutral""}]"
2025-04-23,"SYDNEY, Australia, April 23, 2025 ( GLOBE NEWSWIRE ) -- XenDex is thrilled to announce the first AI-powered all-in-one decentralized exchange ( DEX ) built on XRP, combining non-custodial lending and borrowing, AI copy trading, and DAO governance in a single user-centric platform.",Benzinga,https://www.benzinga.com/pressreleases/25/04/g44952893/xrp-news-xendex-announces-xdx-token-sale-as-sec-drops-ripple-xrp-lawsuit,0.057352,https://www.benzinga.com/pressreleases/25/04/g44952893/xrp-news-xendex-announces-xdx-token-sale-as-sec-drops-ripple-xrp-lawsuit,XRP News: XenDex Announces $XDX Token Sale As SEC Drops Ripple  ( XRP )  Lawsuit,Globe Newswire,https://ml.globenewswire.com/Resource/Download/3f59d62f-81ec-4c60-a99b-145716270a5a/photo-2025-04-23-19-45-02.jpeg,www.benzinga.com,"Blockchain,Financial Markets",0.26642,Somewhat-Bullish,"[{""ticker"": ""CRYPTO:ETH"", ""relevance_score"": ""0.057352"", ""ticker_sentiment_score"": ""0.213"", ""ticker_sentiment_label"": ""Somewhat-Bullish""}, {""ticker"": ""CRYPTO:ADA"", ""relevance_score"": ""0.057352"", ""ticker_sentiment_score"": ""0.213"", ""ticker_sentiment_label"": ""Somewhat-Bullish""}]"
2025-04-23,"Bitcoin ETF inflows and BTCFi yield protocols underpin market momentum, critical for altcoin rally sustainability. Altcoin gains depend on Bitcoin's sustained high, with adoption and regulatory clarity driving long-term growth. Markets are messy-but the right setups can still deliver ...",Benzinga,https://www.benzinga.com/markets/cryptocurrency/25/04/44946725/xrp-ethereum-solana-dogecoin-surge-10-on-bitcoins-94000-push-how-high-can-they-go,0.379691,https://www.benzinga.com/markets/cryptocurrency/25/04/44946725/xrp-ethereum-solana-dogecoin-surge-10-on-bitcoins-94000-push-how-high-can-they-go,"XRP, Ethereum, Solana, Dogecoin Surge 10% On Bitcoin's $94,000 Push: How High Can They Go?",Murtuza J Merchant,https://cdn.benzinga.com/files/images/story/2025/04/23/Solana-Golden-Cryptocurrency-In-Close-up_0.jpeg?width=1200&height=800&fit=crop,www.benzinga.com,"Blockchain,Financial Markets",0.359171,Bullish,"[{""ticker"": ""PTAIF"", ""relevance_score"": ""0.043898"", ""ticker_sentiment_score"": ""0.269698"", ""ticker_sentiment_label"": ""Somewhat-Bullish""}, {""ticker"": ""CRYPTO:BTC"", ""relevance_score"": ""0.258808"", ""ticker_sentiment_score"": ""0.237664"", ""ticker_sentiment_label"": ""Somewhat-Bullish""}, {""ticker"": ""CRYPTO:ETH"", ""relevance_score"": ""0.379691"", ""ticker_sentiment_score"": ""0.240648"", ""ticker_sentiment_label"": ""Somewhat-Bullish""}, {""ticker"": ""CRYPTO:DOGE"", ""relevance_score"": ""0.131164"", ""ticker_sentiment_score"": ""0.019147"", ""ticker_sentiment_label"": ""Neutral""}, {""ticker"": ""CRYPTO:ADA"", ""relevance_score"": ""0.131164"", ""ticker_sentiment_score"": ""0.019147"", ""ticker_sentiment_label"": ""Neutral""}]"
2025-04-23,"Crypto markets have faced a wave of liquidations over the past 24 hours, with total losses reaching $635.9 million, according to market data. Most of the liquidations ( over $560 million ) came from short positions, signaling growing pressure on bearish traders.Bitcoin ( BTC ) led the liquidation ...",Cointelegraph,https://cointelegraph.com/news/bitcoin-short-squeeze-predicted-as-635m-liquidated-bulls-eye-100k,0.173958,https://cointelegraph.com/news/bitcoin-short-squeeze-predicted-as-635m-liquidated-bulls-eye-100k,$635M liquidated in 24H as trader predicts $100K Bitcoin short squeeze,Amin Haqshanas,https://s3.cointelegraph.com/uploads/2025-04/0196621e-cfd1-7203-aa40-c3b754ceddb0,cointelegraph.com,"Economy - Monetary,Blockchain,Financial Markets",0.0,Neutral,"[{""ticker"": ""CRYPTO:BTC"", ""relevance_score"": ""0.846873"", ""ticker_sentiment_score"": ""0.037034"", ""ticker_sentiment_label"": ""Neutral""}, {""ticker"": ""CRYPTO:ETH"", ""relevance_score"": ""0.173958"", ""ticker_sentiment_score"": ""0.0"", ""ticker_sentiment_label"": ""Neutral""}]"
2025-04-23,Looking for crypto alternatives beyond Bitcoin? Polkadot's cross-chain technology and Web3 potential make it a tempting contender at today's low prices.,Motley Fool,https://www.fool.com/investing/2025/04/23/should-you-buy-polkadot-while-its-under-4/,0.052112,https://www.fool.com/investing/2025/04/23/should-you-buy-polkadot-while-its-under-4/,Should You Buy Polkadot While It's Under $4?,Anders Bylund,https://g.foolcdn.com/editorial/images/815534/pensive-thinking-investor-considers-computer.jpg,www.fool.com,"Blockchain,Financial Markets",0.185496,Somewhat-Bullish,"[{""ticker"": ""CRYPTO:BTC"", ""relevance_score"": ""0.305058"", ""ticker_sentiment_score"": ""0.180355"", ""ticker_sentiment_label"": ""Somewhat-Bullish""}, {""ticker"": ""CRYPTO:ETH"", ""relevance_score"": ""0.052112"", ""ticker_sentiment_score"": ""0.08587"", ""ticker_sentiment_label"": ""Neutral""}, {""ticker"": ""CRYPTO:LINK"", ""relevance_score"": ""0.052112"", ""ticker_sentiment_score"": ""0.08587"", ""ticker_sentiment_label"": ""Neutral""}]"
2025-04-23,"With tokenized vehicles now live, Polygon and Pyse say India's EV market is ripe for blockchain-powered green infrastructure.",Decrypt.co,https://decrypt.co/315889/polygon-and-pyse-bring-tokenized-ev-fleets-to-dubai-eye-india-expansion,0.045918,https://decrypt.co/315889/polygon-and-pyse-bring-tokenized-ev-fleets-to-dubai-eye-india-expansion,"Polygon and Pyse Bring Tokenized EV Fleets to Dubai, Eye India Expansion",Vismaya V,https://cdn.decrypt.co/resize/1024/height/512/wp-content/uploads/2025/04/polygon-pyse-bike-gID_7.jpg,decrypt.co,"Earnings,Blockchain,Financial Markets",0.21842,Somewhat-Bullish,"[{""ticker"": ""CRYPTO:ETH"", ""relevance_score"": ""0.045918"", ""ticker_sentiment_score"": ""0.17822"", ""ticker_sentiment_label"": ""Somewhat-Bullish""}]"
2025-04-23,"SAN SALVADOR, El Salvador, April 23, 2025 ( GLOBE NEWSWIRE ) -- Bitget Wallet, a leading Web3 non-custodial wallet, has added a new offering to its Hold2Earn section, allowing users to earn up to 20% APY by holding SyrupUSDC. The move comes amid rising interest in passive income strategies that ...",Benzinga,https://www.benzinga.com/pressreleases/25/04/g44944124/bitget-wallet-launches-new-stablecoin-yield-product-syrupusdc-at-20-return,0.089129,https://www.benzinga.com/pressreleases/25/04/g44944124/bitget-wallet-launches-new-stablecoin-yield-product-syrupusdc-at-20-return,Bitget Wallet Launches New Stablecoin Yield Product SyrupUSDC at 20% Return,Globe Newswire,https://ml-eu.globenewswire.com/Resource/Download/80127284-1f57-41f9-b558-102fdc3ec7ca/image1.png,www.benzinga.com,"Technology,Blockchain,Financial Markets",0.334909,Somewhat-Bullish,"[{""ticker"": ""GOOG"", ""relevance_score"": ""0.089129"", ""ticker_sentiment_score"": ""0.138793"", ""ticker_sentiment_label"": ""Neutral""}, {""ticker"": ""META"", ""relevance_score"": ""0.089129"", ""ticker_sentiment_score"": ""0.138793"", ""ticker_sentiment_label"": ""Neutral""}, {""ticker"": ""CRYPTO:ETH"", ""relevance_score"": ""0.089129"", ""ticker_sentiment_score"": ""0.116972"", ""ticker_sentiment_label"": ""Neutral""}, {""ticker"": ""CRYPTO:BNB"", ""relevance_score"": ""0.089129"", ""ticker_sentiment_score"": ""0.116972"", ""ticker_sentiment_label"": ""Neutral""}]"
2025-04-23,"VICTORIA, Seychelles, April 23, 2025 ( GLOBE NEWSWIRE ) -- MEXC, a leading global cryptocurrency exchange, has significantly bolstered its reserve holdings, reporting an increase of approximately $389 million in total asset value over the past two months ( as of April 21, 2025 ) .",Benzinga,https://www.benzinga.com/pressreleases/25/04/g44943930/mexc-strengthens-reserve-backing-with-390m-asset-increase,0.088147,https://www.benzinga.com/pressreleases/25/04/g44943930/mexc-strengthens-reserve-backing-with-390m-asset-increase,MEXC Strengthens Reserve Backing with $390M Asset Increase,Globe Newswire,https://ml.globenewswire.com/Resource/Download/e343cb19-8b52-40dc-93ab-776af685a056/photo-2025-04-23-14-20-01.jpeg,www.benzinga.com,"Blockchain,Financial Markets",0.439545,Bullish,"[{""ticker"": ""CRYPTO:BTC"", ""relevance_score"": ""0.088147"", ""ticker_sentiment_score"": ""0.168714"", ""ticker_sentiment_label"": ""Somewhat-Bullish""}, {""ticker"": ""CRYPTO:ETH"", ""relevance_score"": ""0.088147"", ""ticker_sentiment_score"": ""0.168714"", ""ticker_sentiment_label"": ""Somewhat-Bullish""}]"
2025-04-23,"As Shiba Inu ( CRYPTO: SHIB ) approaches the fifth anniversary of its August 2020 launch, it stands as a surprising success story in the volatile cryptocurrency landscape. The project has grown into a multifaceted ecosystem, with a current market capitalization of around $7.2 billion, ranking ...",Motley Fool,https://www.fool.com/investing/2025/04/23/where-will-shiba-inu-be-in-1-year/,0.148426,https://www.fool.com/investing/2025/04/23/where-will-shiba-inu-be-in-1-year/,Where Will Shiba Inu Be in 1 Year?,Dan Victor,https://g.foolcdn.com/image/?url=https%3A%2F%2Fg.foolcdn.com%2Feditorial%2Fimages%2F815227%2Fshiba-inu-crypto-outlook-2025.jpg&op=resize&w=700,www.fool.com,"Blockchain,Financial Markets",0.333244,Somewhat-Bullish,"[{""ticker"": ""CRYPTO:ETH"", ""relevance_score"": ""0.148426"", ""ticker_sentiment_score"": ""0.157538"", ""ticker_sentiment_label"": ""Somewhat-Bullish""}, {""ticker"": ""CRYPTO:SHIB"", ""relevance_score"": ""0.763995"", ""ticker_sentiment_score"": ""0.534143"", ""ticker_sentiment_label"": ""Bullish""}, {""ticker"": ""CRYPTO:DOGE"", ""relevance_score"": ""0.148426"", ""ticker_sentiment_score"": ""0.221046"", ""ticker_sentiment_label"": ""Somewhat-Bullish""}]"
2025-04-23,"Crypto drainers - malware designed to steal cryptocurrency - have become easier to access as the ecosystem evolves into a software-as-a-service ( SaaS ) business model.In an April 22 report, crypto forensics and compliance firm AMLBot revealed that many drainer operations have transitioned to a ...",Cointelegraph,https://cointelegraph.com/news/crypto-drainers-sold-as-malware-at-it-conferences,0.030563,https://cointelegraph.com/news/crypto-drainers-sold-as-malware-at-it-conferences,Crypto drainers now sold as easy-to-use malware at IT industry fairs,Adrian Zmudzinski,https://s3.cointelegraph.com/uploads/2025-04/01965dc5-9f0f-7fcd-adaa-4949b5088e7d,cointelegraph.com,Blockchain,0.01442,Neutral,"[{""ticker"": ""CRYPTO:BTC"", ""relevance_score"": ""0.030563"", ""ticker_sentiment_score"": ""0.0"", ""ticker_sentiment_label"": ""Neutral""}, {""ticker"": ""CRYPTO:ETH"", ""relevance_score"": ""0.030563"", ""ticker_sentiment_score"": ""0.0"", ""ticker_sentiment_label"": ""Neutral""}, {""ticker"": ""CRYPTO:USDT"", ""relevance_score"": ""0.030563"", ""ticker_sentiment_score"": ""0.0"", ""ticker_sentiment_label"": ""Neutral""}, {""ticker"": ""CRYPTO:HBAR"", ""relevance_score"": ""0.061081"", ""ticker_sentiment_score"": ""-0.061001"", ""ticker_sentiment_label"": ""Neutral""}]"
2025-04-23,"What are spot Solana ETFs and why are they important? A spot Solana ETF is an exchange-traded fund that holds Solana ( SOL ) tokens directly, providing investors real-time exposure to the asset's market price. Rather than using complex trading platforms or crypto wallets, you can access Solana ...",Cointelegraph,https://cointelegraph.com/explained/what-are-spot-solana-etfs-with-staking-canadas-crypto-innovation-explained,0.227716,https://cointelegraph.com/explained/what-are-spot-solana-etfs-with-staking-canadas-crypto-innovation-explained,Cointelegraph Bitcoin & Ethereum Blockchain News,,https://s3.cointelegraph.com/storage/uploads/view/9e9197d2a90eea82d4849c0d006862ba.jpg,cointelegraph.com,"Blockchain,Financial Markets",0.268035,Somewhat-Bullish,"[{""ticker"": ""CIXXF"", ""relevance_score"": ""0.038468"", ""ticker_sentiment_score"": ""0.155413"", ""ticker_sentiment_label"": ""Somewhat-Bullish""}, {""ticker"": ""CRYPTO:BTC"", ""relevance_score"": ""0.152983"", ""ticker_sentiment_score"": ""0.133774"", ""ticker_sentiment_label"": ""Neutral""}, {""ticker"": ""CRYPTO:ETH"", ""relevance_score"": ""0.227716"", ""ticker_sentiment_score"": ""0.201781"", ""ticker_sentiment_label"": ""Somewhat-Bullish""}]"
2025-04-23,"Ethereum's price has surged after having been in the doldrums for weeks, helping boost its market share after it hit record lows.Ether ( ETH ) has surged almost 15% over the past 24 hours, topping $1,800 on April 23. It has outperformed Bitcoin, which notched a 6% gain, and the wider crypto ...",Cointelegraph,https://cointelegraph.com/news/eth-bounces-back-dominance-recovers-all-time-low,0.855759,https://cointelegraph.com/news/eth-bounces-back-dominance-recovers-all-time-low,Ethereum bounces back as market dominance recovers from all-time low,Martin Young,https://s3.cointelegraph.com/uploads/2025-04/01966130-1c6e-76de-b609-b9223a2208e0,cointelegraph.com,"Blockchain,Financial Markets",0.054033,Neutral,"[{""ticker"": ""CRYPTO:BTC"", ""relevance_score"": ""0.209365"", ""ticker_sentiment_score"": ""0.269138"", ""ticker_sentiment_label"": ""Somewhat-Bullish""}, {""ticker"": ""CRYPTO:ETH"", ""relevance_score"": ""0.855759"", ""ticker_sentiment_score"": ""0.012605"", ""ticker_sentiment_label"": ""Neutral""}]"
2025-04-23,"LARNACA, Cyprus, April 22, 2025 ( GLOBE NEWSWIRE ) -- Crypto casino is booming in 2025, but not all platforms are equal. After reviewing dozens, JACKBIT Casino stands out for its top bonuses, newest games, fast sign-up, and no-KYC policy.",Benzinga,https://www.benzinga.com/pressreleases/25/04/g44941241/best-crypto-casinos-2025-jackbit-rated-top-bitcoin-casino-with-no-kyc,0.046375,https://www.benzinga.com/pressreleases/25/04/g44941241/best-crypto-casinos-2025-jackbit-rated-top-bitcoin-casino-with-no-kyc,Best Crypto Casinos 2025: JACKBIT | Rated Top Bitcoin Casino with NO KYC,Globe Newswire,https://ml.globenewswire.com/Resource/Download/ae192d0f-d29a-4a8e-a8d3-d5a7732306a7/jackbit-homepage.jpg,www.benzinga.com,"Blockchain,Financial Markets",0.562626,Bullish,"[{""ticker"": ""MA"", ""relevance_score"": ""0.013257"", ""ticker_sentiment_score"": ""0.105081"", ""ticker_sentiment_label"": ""Neutral""}, {""ticker"": ""CRYPTO:BTC"", ""relevance_score"": ""0.322149"", ""ticker_sentiment_score"": ""0.623563"", ""ticker_sentiment_label"": ""Bullish""}, {""ticker"": ""CRYPTO:BCH"", ""relevance_score"": ""0.013257"", ""ticker_sentiment_score"": ""0.0"", ""ticker_sentiment_label"": ""Neutral""}, {""ticker"": ""CRYPTO:BNB"", ""relevance_score"": ""0.013257"", ""ticker_sentiment_score"": ""0.0"", ""ticker_sentiment_label"": ""Neutral""}, {""ticker"": ""CRYPTO:ETH"", ""relevance_score"": ""0.046375"", ""ticker_sentiment_score"": ""0.266823"", ""ticker_sentiment_label"": ""Somewhat-Bullish""}, {""ticker"": ""CRYPTO:SHIB"", ""relevance_score"": ""0.013257"", ""ticker_sentiment_score"": ""0.0"", ""ticker_sentiment_label"": ""Neutral""}, {""ticker"": ""CRYPTO:DOGE"", ""relevance_score"": ""0.013257"", ""ticker_sentiment_score"": ""0.0"", ""ticker_sentiment_label"": ""Neutral""}, {""ticker"": ""CRYPTO:LINK"", ""relevance_score"": ""0.013257"", ""ticker_sentiment_score"": ""0.0"", ""ticker_sentiment_label"": ""Neutral""}, {""ticker"": ""CRYPTO:LTC"", ""relevance_score"": ""0.02651"", ""ticker_sentiment_score"": ""0.226768"", ""ticker_sentiment_label"": ""Somewhat-Bullish""}]"
2025-04-23,"PORTLAND, Ore., April 22, 2025 ( GLOBE NEWSWIRE ) -- Looking for a trusted no KYC casino with the best casino games and fast payouts? 7Bit Casino stands out in 2025 as one of the best no KYC online casinos.",Benzinga,https://www.benzinga.com/pressreleases/25/04/g44941240/best-no-kyc-casinos-7bit-casino-ranked-first-for-fast-withdrawals-easy-registration-and-top-bonuse,0.081092,https://www.benzinga.com/pressreleases/25/04/g44941240/best-no-kyc-casinos-7bit-casino-ranked-first-for-fast-withdrawals-easy-registration-and-top-bonuse,"Best No KYC Casinos: 7Bit Casino Ranked First for Fast Withdrawals, Easy Registration, and Top Bonuses!",Globe Newswire,https://ml.globenewswire.com/Resource/Download/f988b3a3-b5d7-4bc5-85db-0e90134fd3b2/7bit-casino-feat-image.png,www.benzinga.com,"Technology,Blockchain,Financial Markets",0.425877,Bullish,"[{""ticker"": ""MA"", ""relevance_score"": ""0.013538"", ""ticker_sentiment_score"": ""-0.023951"", ""ticker_sentiment_label"": ""Neutral""}, {""ticker"": ""RDDT"", ""relevance_score"": ""0.027072"", ""ticker_sentiment_score"": ""0.229082"", ""ticker_sentiment_label"": ""Somewhat-Bullish""}, {""ticker"": ""GOOG"", ""relevance_score"": ""0.027072"", ""ticker_sentiment_score"": ""0.229082"", ""ticker_sentiment_label"": ""Somewhat-Bullish""}, {""ticker"": ""CRYPTO:BTC"", ""relevance_score"": ""0.213988"", ""ticker_sentiment_score"": ""0.377224"", ""ticker_sentiment_label"": ""Bullish""}, {""ticker"": ""CRYPTO:BCH"", ""relevance_score"": ""0.013538"", ""ticker_sentiment_score"": ""0.059812"", ""ticker_sentiment_label"": ""Neutral""}, {""ticker"": ""CRYPTO:BNB"", ""relevance_score"": ""0.013538"", ""ticker_sentiment_score"": ""0.059812"", ""ticker_sentiment_label"": ""Neutral""}, {""ticker"": ""CRYPTO:ETH"", ""relevance_score"": ""0.081092"", ""ticker_sentiment_score"": ""0.122229"", ""ticker_sentiment_label"": ""Neutral""}, {""ticker"": ""CRYPTO:DOGE"", ""relevance_score"": ""0.040599"", ""ticker_sentiment_score"": ""0.110783"", ""ticker_sentiment_label"": ""Neutral""}, {""ticker"": ""CRYPTO:LTC"", ""relevance_score"": ""0.081092"", ""ticker_sentiment_score"": ""0.122229"", ""ticker_sentiment_label"": ""Neutral""}, {""ticker"": ""CRYPTO:ADA"", ""relevance_score"": ""0.013538"", ""ticker_sentiment_score"": ""0.059812"", ""ticker_sentiment_label"": ""Neutral""}]"
2025-04-23,"Leading cryptocurrencies rose alongside stocks on Tuesday on hopes that trade tensions between the U.S. and China would ease. What Happened: Bitcoin drove the surge, surpassing $93,000 for the first time since the first week of March.",Benzinga,https://www.benzinga.com/trading-ideas/movers/25/04/44941092/bitcoin-ethereum-dogecoin-pump-along-with-stock-on-us-china-trade-war-de-escalation-hopes-an,0.081552,https://www.benzinga.com/trading-ideas/movers/25/04/44941092/bitcoin-ethereum-dogecoin-pump-along-with-stock-on-us-china-trade-war-de-escalation-hopes-an,"Bitcoin, Ethereum, Dogecoin Pump Along With Stock On US-China Trade War De-Escalation Hopes: Analyst Flags $95,600-$98,290 As BTC's Next Key Resistance - Grayscale Bitcoin Mini Trust  ( BTC )  Common units of fractional undivided beneficial interest  ( ARCA:BTC ) ",Aniket Verma,https://cdn.benzinga.com/files/images/story/2025/04/22/Bitcoin-Cryptocurrency-Stock-Market-Conc.jpeg?width=1200&height=800&fit=crop,www.benzinga.com,"Economy - Monetary,Blockchain,Financial Markets",0.084936,Neutral,"[{""ticker"": ""CRYPTO:BTC"", ""relevance_score"": ""0.694113"", ""ticker_sentiment_score"": ""0.091765"", ""ticker_sentiment_label"": ""Neutral""}, {""ticker"": ""CRYPTO:ETH"", ""relevance_score"": ""0.081552"", ""ticker_sentiment_score"": ""0.08865"", ""ticker_sentiment_label"": ""Neutral""}]"
2025-04-23,The company has accused influencer Jeremy Cahen of evading a court order tied to the Bored Ape trademark case.,Decrypt.co,https://decrypt.co/315871/yuga-labs-demands-400k-influencers-crypto-wallets-nft-lawsuit,0.081001,https://decrypt.co/315871/yuga-labs-demands-400k-influencers-crypto-wallets-nft-lawsuit,Yuga Labs Demands $400K in Influencer's Crypto Wallets Over NFT Lawsuit,Callan Quinn,https://cdn.decrypt.co/resize/1024/height/512/wp-content/uploads/2023/04/bored-ape-collage-sothebys-gID_7.png,decrypt.co,"Finance,Blockchain",-0.085971,Neutral,"[{""ticker"": ""BAC"", ""relevance_score"": ""0.081001"", ""ticker_sentiment_score"": ""0.0"", ""ticker_sentiment_label"": ""Neutral""}, {""ticker"": ""WFC"", ""relevance_score"": ""0.081001"", ""ticker_sentiment_score"": ""0.0"", ""ticker_sentiment_label"": ""Neutral""}, {""ticker"": ""COIN"", ""relevance_score"": ""0.081001"", ""ticker_sentiment_score"": ""0.0"", ""ticker_sentiment_label"": ""Neutral""}, {""ticker"": ""CRYPTO:BTC"", ""relevance_score"": ""0.081001"", ""ticker_sentiment_score"": ""0.083464"", ""ticker_sentiment_label"": ""Neutral""}, {""ticker"": ""CRYPTO:ETH"", ""relevance_score"": ""0.081001"", ""ticker_sentiment_score"": ""0.083464"", ""ticker_sentiment_label"": ""Neutral""}]"
2025-04-23,"GoMining's Miner Wars, a game that lets players earn Bitcoin rewards tied to real BTC mining, added features for beginners and experts alike.",Decrypt.co,https://decrypt.co/315795/gomining-bitcoin-mining-game-miner-wars,0.140485,https://decrypt.co/315795/gomining-bitcoin-mining-game-miner-wars,Bitcoin Mining Game 'Miner Wars' Expands With New Features,Logan Hitchcock,https://cdn.decrypt.co/resize/1024/height/512/wp-content/uploads/2025/04/gomining-miner-wars2-gID_7.png,decrypt.co,Blockchain,0.18817,Somewhat-Bullish,"[{""ticker"": ""CRYPTO:BTC"", ""relevance_score"": ""0.464393"", ""ticker_sentiment_score"": ""0.39261"", ""ticker_sentiment_label"": ""Bullish""}, {""ticker"": ""CRYPTO:ETH"", ""relevance_score"": ""0.140485"", ""ticker_sentiment_score"": ""0.148338"", ""ticker_sentiment_label"": ""Neutral""}, {""ticker"": ""CRYPTO:BNB"", ""relevance_score"": ""0.070517"", ""ticker_sentiment_score"": ""0.070302"", ""ticker_sentiment_label"": ""Neutral""}]"
2025-04-23,"Investors responded positively to the president saying that tariffs on China ""will come down substantially."" ...",Decrypt.co,https://decrypt.co/316026/bitcoin-edges-higher-treasurys-bessent-tempers-china-trade-expectations,0.092569,https://decrypt.co/316026/bitcoin-edges-higher-treasurys-bessent-tempers-china-trade-expectations,Bitcoin Edges Higher as Treasury's Bessent Tempers China Trade Expectations,André Beganski,https://cdn.decrypt.co/resize/1024/height/512/wp-content/uploads/2020/08/tether-dollars-china-yuan-crypto-gID_7.jpg,decrypt.co,"Finance,Blockchain,Financial Markets",0.120749,Neutral,"[{""ticker"": ""COIN"", ""relevance_score"": ""0.092569"", ""ticker_sentiment_score"": ""0.050965"", ""ticker_sentiment_label"": ""Neutral""}, {""ticker"": ""CRYPTO:BTC"", ""relevance_score"": ""0.358152"", ""ticker_sentiment_score"": ""0.262148"", ""ticker_sentiment_label"": ""Somewhat-Bullish""}, {""ticker"": ""CRYPTO:ETH"", ""relevance_score"": ""0.092569"", ""ticker_sentiment_score"": ""0.187295"", ""ticker_sentiment_label"": ""Somewhat-Bullish""}]"
2025-04-23,Great Southern Bancorp and Five Below are part of the Zacks Bull and Bear of the Day article.,Zacks Commentary,https://www.zacks.com/stock/news/2453499/great-southern-bancorp-and-five-below-have-been-highlighted-as-zacks-bull-and-bear-of-the-day,0.061737,https://www.zacks.com/stock/news/2453499/great-southern-bancorp-and-five-below-have-been-highlighted-as-zacks-bull-and-bear-of-the-day,Great Southern Bancorp and Five Below have been highlighted as Zacks Bull and Bear of the Day,Zacks Equity Research,https://staticx-tuner.zacks.com/images/articles/main/c9/37456.jpg,www.zacks.com,"Retail & Wholesale,Financial Markets,Earnings,Finance,Blockchain",0.258992,Somewhat-Bullish,"[{""ticker"": ""CBOE"", ""relevance_score"": ""0.143415"", ""ticker_sentiment_score"": ""0.209478"", ""ticker_sentiment_label"": ""Somewhat-Bullish""}, {""ticker"": ""CME"", ""relevance_score"": ""0.143415"", ""ticker_sentiment_score"": ""0.197046"", ""ticker_sentiment_label"": ""Somewhat-Bullish""}, {""ticker"": ""FIVE"", ""relevance_score"": ""0.282234"", ""ticker_sentiment_score"": ""0.059614"", ""ticker_sentiment_label"": ""Neutral""}, {""ticker"": ""ICE"", ""relevance_score"": ""0.163631"", ""ticker_sentiment_score"": ""0.274826"", ""ticker_sentiment_label"": ""Somewhat-Bullish""}, {""ticker"": ""GSBC"", ""relevance_score"": ""0.143415"", ""ticker_sentiment_score"": ""0.031056"", ""ticker_sentiment_label"": ""Neutral""}, {""ticker"": ""CRYPTO:BTC"", ""relevance_score"": ""0.061737"", ""ticker_sentiment_score"": ""0.092049"", ""ticker_sentiment_label"": ""Neutral""}, {""ticker"": ""CRYPTO:ETH"", ""relevance_score"": ""0.061737"", ""ticker_sentiment_score"": ""0.092049"", ""ticker_sentiment_label"": ""Neutral""}]"
2025-04-23,"VICTORIA, Seychelles, April 23, 2025 ( GLOBE NEWSWIRE ) -- Bitget, the leading cryptocurrency exchange and Web3 company, has announced a major upgrade to its Liquidity Incentive Program, set to take effect on May 1, 2025.",Benzinga,https://www.benzinga.com/pressreleases/25/04/g44943907/bitget-upgrades-liquidity-incentive-program-with-top-tier-maker-rebate-for-institutional-traders,0.051999,https://www.benzinga.com/pressreleases/25/04/g44943907/bitget-upgrades-liquidity-incentive-program-with-top-tier-maker-rebate-for-institutional-traders,Bitget Upgrades Liquidity Incentive Program with Top-Tier Maker Rebate for Institutional Traders,Globe Newswire,https://ml-eu.globenewswire.com/Resource/Download/05cc7351-3163-4f3a-9ddf-d7e2d7a551f7/bitget-upgrades-liquidity-incentive-program-with-top-tier-maker-rebate-for-institutional-traders.jpg,www.benzinga.com,"Real Estate & Construction,Blockchain,Financial Markets",0.342871,Somewhat-Bullish,"[{""ticker"": ""APG"", ""relevance_score"": ""0.051999"", ""ticker_sentiment_score"": ""0.090998"", ""ticker_sentiment_label"": ""Neutral""}, {""ticker"": ""CRYPTO:BTC"", ""relevance_score"": ""0.051999"", ""ticker_sentiment_score"": ""0.151531"", ""ticker_sentiment_label"": ""Somewhat-Bullish""}, {""ticker"": ""CRYPTO:ETH"", ""relevance_score"": ""0.051999"", ""ticker_sentiment_score"": ""0.151531"", ""ticker_sentiment_label"": ""Somewhat-Bullish""}]"
2025-04-23,"Investors continued to buy risk assets on Wednesday, including growth stocks, tech stocks, and cryptocurrencies, following a sharp move higher on Tuesday. And as highly correlated assets, it's no surprise they're all up in unison today.The move in crypto is largely because of macroeconomic news, ...",Motley Fool,https://www.fool.com/investing/2025/04/23/bitcoin-ethereum-and-dogecoin-soar-as-risk-on-trad/,0.414559,https://www.fool.com/investing/2025/04/23/bitcoin-ethereum-and-dogecoin-soar-as-risk-on-trad/,"Bitcoin, Ethereum, and Dogecoin Soar as ""Risk On"" Trade Continues",Travis Hoium,https://g.foolcdn.com/editorial/images/815872/bitcoin-as-a-bait-blockchain-cryptocurrency-trap.jpg,www.fool.com,"Economy - Monetary,Blockchain,Financial Markets",-0.019724,Neutral,"[{""ticker"": ""CRYPTO:BTC"", ""relevance_score"": ""0.475461"", ""ticker_sentiment_score"": ""-0.338789"", ""ticker_sentiment_label"": ""Somewhat-Bearish""}, {""ticker"": ""CRYPTO:ETH"", ""relevance_score"": ""0.414559"", ""ticker_sentiment_score"": ""-0.019891"", ""ticker_sentiment_label"": ""Neutral""}, {""ticker"": ""CRYPTO:DOGE"", ""relevance_score"": ""0.475461"", ""ticker_sentiment_score"": ""0.093453"", ""ticker_sentiment_label"": ""Neutral""}]"
2025-04-23,XRP ( CRYPTO: XRP ) is moving higher thanks to some positive-looking developments on the macroeconomic front and a potential coin-specific catalyst trading. The cryptocurrency's token price was up 2.4% over the previous 24 hours of trading as of 5:45 p.m.,Motley Fool,https://www.fool.com/investing/2025/04/23/xrp-is-rising-today-is-the-cryptocurrency-a-buy/,0.122894,https://www.fool.com/investing/2025/04/23/xrp-is-rising-today-is-the-cryptocurrency-a-buy/,XRP Is Rising Today -- Is the Cryptocurrency a Buy?,Keith Noonan,https://g.foolcdn.com/editorial/images/815902/gettyimages-1366942177.jpg,www.fool.com,"Economy - Monetary,Blockchain,Financial Markets",0.230851,Somewhat-Bullish,"[{""ticker"": ""CRYPTO:BTC"", ""relevance_score"": ""0.122894"", ""ticker_sentiment_score"": ""0.0593"", ""ticker_sentiment_label"": ""Neutral""}, {""ticker"": ""CRYPTO:ETH"", ""relevance_score"": ""0.122894"", ""ticker_sentiment_score"": ""0.0593"", ""ticker_sentiment_label"": ""Neutral""}]"
2025-04-23,"Canadian investment firm SOL Strategies has secured a $500 million convertible note to buy Solana, the company announced on Wednesday, reflecting the growing interest in the crypto that has been popular among meme coin developers and others who favor its speed compared to rivals.",Decrypt.co,https://decrypt.co/315987/sol-strategies-secures-500m-buy-more-solana,0.219809,https://decrypt.co/315987/sol-strategies-secures-500m-buy-more-solana,SOL Strategies Secures $500M to Buy More Solana,Mat Di Salvo,https://cdn.decrypt.co/resize/1024/height/512/wp-content/uploads/2024/12/solana-sol-gID_7.jpg,decrypt.co,"Technology,Financial Markets",0.375245,Bullish,"[{""ticker"": ""MSTR"", ""relevance_score"": ""0.219809"", ""ticker_sentiment_score"": ""0.091697"", ""ticker_sentiment_label"": ""Neutral""}, {""ticker"": ""CRYPTO:BTC"", ""relevance_score"": ""0.423251"", ""ticker_sentiment_score"": ""0.157925"", ""ticker_sentiment_label"": ""Somewhat-Bullish""}, {""ticker"": ""CRYPTO:ETH"", ""relevance_score"": ""0.219809"", ""ticker_sentiment_score"": ""0.435628"", ""ticker_sentiment_label"": ""Bullish""}]"
2025-04-23,"Official Trump ( TRUMP ) jumped 52% on April 23 after the announcement of an exclusive in-person dinner for the top tokenholders with US President Donald Trump. For some crypto advocates, this marks the end of the bear market, especially as Bitcoin ( BTC ) bounced back above $93,000, but others ...",Cointelegraph,https://cointelegraph.com/news/us-president-s-planned-dinner-for-trump-memecoin-holders-triggers-52-price-surge-will-it-last,0.073098,https://cointelegraph.com/news/us-president-s-planned-dinner-for-trump-memecoin-holders-triggers-52-price-surge-will-it-last,US President's planned dinner for TRUMP memecoin holders triggers 52% price surge - Will it last?,Marcel Pechman,https://s3.cointelegraph.com/uploads/2025-04/01966472-79eb-7a78-967c-4580741fd94c,cointelegraph.com,"Finance,Blockchain,Financial Markets",0.300917,Somewhat-Bullish,"[{""ticker"": ""COIN"", ""relevance_score"": ""0.073098"", ""ticker_sentiment_score"": ""0.296505"", ""ticker_sentiment_label"": ""Somewhat-Bullish""}, {""ticker"": ""CRYPTO:BTC"", ""relevance_score"": ""0.145583"", ""ticker_sentiment_score"": ""0.248687"", ""ticker_sentiment_label"": ""Somewhat-Bullish""}, {""ticker"": ""CRYPTO:ETH"", ""relevance_score"": ""0.073098"", ""ticker_sentiment_score"": ""0.224293"", ""ticker_sentiment_label"": ""Somewhat-Bullish""}, {""ticker"": ""CRYPTO:SHIB"", ""relevance_score"": ""0.145583"", ""ticker_sentiment_score"": ""0.148342"", ""ticker_sentiment_label"": ""Neutral""}, {""ticker"": ""CRYPTO:LINK"", ""relevance_score"": ""0.145583"", ""ticker_sentiment_score"": ""-0.030769"", ""ticker_sentiment_label"": ""Neutral""}, {""ticker"": ""CRYPTO:LTC"", ""relevance_score"": ""0.145583"", ""ticker_sentiment_score"": ""-0.030769"", ""ticker_sentiment_label"": ""Neutral""}]"
2025-04-24,"PERTH, Australia, April 24, 2025 ( GLOBE NEWSWIRE ) -- The Australian online casino market is booming in 2025, with countless options competing for players' attention. After testing and comparing multiple platforms, MIRAX Casino clearly emerged as the top choice.",Benzinga,https://www.benzinga.com/pressreleases/25/04/g44981453/best-online-casinos-australia-mirax-casino-picked-as-best-real-money-online-for-aussie-players,0.068502,https://www.benzinga.com/pressreleases/25/04/g44981453/best-online-casinos-australia-mirax-casino-picked-as-best-real-money-online-for-aussie-players,Best Online Casinos Australia: MIRAX Casino Picked as Best Real Money Online for Aussie Players,Globe Newswire,https://ml.globenewswire.com/Resource/Download/96433e84-a46f-434a-b1c9-3f0356e81d55/mirax-casino.jpg,www.benzinga.com,"Blockchain,Financial Markets",0.481464,Bullish,"[{""ticker"": ""RDDT"", ""relevance_score"": ""0.013717"", ""ticker_sentiment_score"": ""0.172051"", ""ticker_sentiment_label"": ""Somewhat-Bullish""}, {""ticker"": ""TRTPF"", ""relevance_score"": ""0.027429"", ""ticker_sentiment_score"": ""0.272449"", ""ticker_sentiment_label"": ""Somewhat-Bullish""}, {""ticker"": ""CRYPTO:BTC"", ""relevance_score"": ""0.109393"", ""ticker_sentiment_score"": ""0.259055"", ""ticker_sentiment_label"": ""Somewhat-Bullish""}, {""ticker"": ""CRYPTO:ETH"", ""relevance_score"": ""0.068502"", ""ticker_sentiment_score"": ""0.131472"", ""ticker_sentiment_label"": ""Neutral""}, {""ticker"": ""CRYPTO:LTC"", ""relevance_score"": ""0.041133"", ""ticker_sentiment_score"": ""0.038917"", ""ticker_sentiment_label"": ""Neutral""}]"
2025-04-24,"PORTLAND, Ore., April 24, 2025 ( GLOBE NEWSWIRE ) -- With the rising number of Canadian players turning to online gaming platforms, the online casino market in Canada has seen an influx of sites offering real-money gambling.",Benzinga,https://www.benzinga.com/pressreleases/25/04/g44981485/best-online-casinos-canada-7bit-casino-voted-top-casino-site-for-canadian-players-in-2025-4-95,0.077053,https://www.benzinga.com/pressreleases/25/04/g44981485/best-online-casinos-canada-7bit-casino-voted-top-casino-site-for-canadian-players-in-2025-4-95,Best Online Casinos Canada: 7Bit Casino Voted Top Casino Site for Canadian Players in 2025  ( 4.9/5 ) ,Globe Newswire,https://ml.globenewswire.com/Resource/Download/7aa54c09-abc4-4721-accb-22abc8d4b0d8/7bit-casino.jpg,www.benzinga.com,Blockchain,0.493282,Bullish,"[{""ticker"": ""MA"", ""relevance_score"": ""0.038572"", ""ticker_sentiment_score"": ""0.084632"", ""ticker_sentiment_label"": ""Neutral""}, {""ticker"": ""CRYPTO:BTC"", ""relevance_score"": ""0.153389"", ""ticker_sentiment_score"": ""0.290236"", ""ticker_sentiment_label"": ""Somewhat-Bullish""}, {""ticker"": ""CRYPTO:BNB"", ""relevance_score"": ""0.038572"", ""ticker_sentiment_score"": ""0.0"", ""ticker_sentiment_label"": ""Neutral""}, {""ticker"": ""CRYPTO:XRP"", ""relevance_score"": ""0.012862"", ""ticker_sentiment_score"": ""-0.022801"", ""ticker_sentiment_label"": ""Neutral""}, {""ticker"": ""CRYPTO:ETH"", ""relevance_score"": ""0.077053"", ""ticker_sentiment_score"": ""0.166294"", ""ticker_sentiment_label"": ""Somewhat-Bullish""}, {""ticker"": ""CRYPTO:DOGE"", ""relevance_score"": ""0.038572"", ""ticker_sentiment_score"": ""0.0"", ""ticker_sentiment_label"": ""Neutral""}, {""ticker"": ""CRYPTO:USDT"", ""relevance_score"": ""0.012862"", ""ticker_sentiment_score"": ""-0.022801"", ""ticker_sentiment_label"": ""Neutral""}, {""ticker"": ""CRYPTO:LTC"", ""relevance_score"": ""0.051413"", ""ticker_sentiment_score"": ""0.10183"", ""ticker_sentiment_label"": ""Neutral""}]"
2025-04-24,"The world of cryptocurrency is moving faster than most can keep up with, and at its heart is a technology that's set to change industries in ways never imagined: smart contracts.",Benzinga,https://www.benzinga.com/partner/general/25/04/44982597/bryan-woods-the-power-of-smart-contracts,0.038655,https://www.benzinga.com/partner/general/25/04/44982597/bryan-woods-the-power-of-smart-contracts,Bryan Woods: The Power Of Smart Contracts,Tom White,https://editorial-assets.benzinga.com/wp-content/uploads/2025/04/24102626/Screenshot-2025-04-24-at-7.54.02%E2%80%AFPM-1-1024x700.png,www.benzinga.com,"Blockchain,Financial Markets",0.360056,Bullish,"[{""ticker"": ""CRYPTO:ETH"", ""relevance_score"": ""0.038655"", ""ticker_sentiment_score"": ""0.240688"", ""ticker_sentiment_label"": ""Somewhat-Bullish""}]"
2025-04-24,"Massive interest in new data infrastructure project signals renewed market enthusiasm HONG KONG, April 24, 2025 ( GLOBE NEWSWIRE ) -- BNB Chain - SkyAI, a Web3 data infrastructure platform, has raised approximately $50 million in its presale conducted via Four.meme, drawing participation from ...",Benzinga,https://www.benzinga.com/pressreleases/25/04/g44982722/skyai-presale-raises-50-million-in-36-hours-setting-record-on-bnb-chain,0.072,https://www.benzinga.com/pressreleases/25/04/g44982722/skyai-presale-raises-50-million-in-36-hours-setting-record-on-bnb-chain,"SkyAI presale raises $50 million in 36 hours, setting record on BNB Chain",Globe Newswire,https://ml.globenewswire.com/Resource/Download/6c3f7682-d08b-45bb-a63e-68f164860815/photo-2025-04-24-19-03-06.jpeg,www.benzinga.com,Blockchain,0.213483,Somewhat-Bullish,"[{""ticker"": ""CRYPTO:ETH"", ""relevance_score"": ""0.072"", ""ticker_sentiment_score"": ""0.0"", ""ticker_sentiment_label"": ""Neutral""}, {""ticker"": ""CRYPTO:BNB"", ""relevance_score"": ""0.412298"", ""ticker_sentiment_score"": ""0.235596"", ""ticker_sentiment_label"": ""Somewhat-Bullish""}]"
2025-04-24,"Theo, a provider of onchain trading infrastructure, has raised $20 million from 17 investors to enhance its institutional-grade trading platform aimed at retail investors.The funding round was co-led by Hack VC and Anthos Capital, with additional participation from venture capital firms Manifold ...",Cointelegraph,https://cointelegraph.com/news/theo-20-million-funding-round,0.200688,https://cointelegraph.com/news/theo-20-million-funding-round,"Angels from Citadel, Jane Street, JPMorgan back $20M raise for Theo network",Sam Bourgi,https://s3.cointelegraph.com/uploads/2025-04/01966488-8f75-7e3e-ae9b-483d2baa8e42,cointelegraph.com,"Finance,Blockchain,Financial Markets",0.265032,Somewhat-Bullish,"[{""ticker"": ""MCO"", ""relevance_score"": ""0.101154"", ""ticker_sentiment_score"": ""0.079017"", ""ticker_sentiment_label"": ""Neutral""}, {""ticker"": ""COIN"", ""relevance_score"": ""0.101154"", ""ticker_sentiment_score"": ""0.075584"", ""ticker_sentiment_label"": ""Neutral""}, {""ticker"": ""CRYPTO:BTC"", ""relevance_score"": ""0.101154"", ""ticker_sentiment_score"": ""0.152328"", ""ticker_sentiment_label"": ""Somewhat-Bullish""}, {""ticker"": ""CRYPTO:ETH"", ""relevance_score"": ""0.200688"", ""ticker_sentiment_score"": ""-0.201271"", ""ticker_sentiment_label"": ""Somewhat-Bearish""}]"
2025-04-24,"Robinhood will support CME XRP futures, aiming to broaden access for retail investors through its mobile trading ladder tool. The XRP market saw $13.88 million in liquidations in the past 24 hours, with $11.47 million from long positions. Feel unsure about the market's next move?",Benzinga,https://www.benzinga.com/markets/cryptocurrency/25/04/44984259/cme-group-to-launch-xrp-futures-in-may-how-did-xrp-price-react,0.167904,https://www.benzinga.com/markets/cryptocurrency/25/04/44984259/cme-group-to-launch-xrp-futures-in-may-how-did-xrp-price-react,CME Group To Launch XRP Futures In May: How Did XRP Price React?,Murtuza J Merchant,https://cdn.benzinga.com/files/images/story/2025/04/24/Golden-Xrp-Coins-Are-Displayed-In-Front-.jpeg?width=1200&height=800&fit=crop,www.benzinga.com,"Finance,Blockchain,Financial Markets",0.220745,Somewhat-Bullish,"[{""ticker"": ""CME"", ""relevance_score"": ""0.403913"", ""ticker_sentiment_score"": ""0.319486"", ""ticker_sentiment_label"": ""Somewhat-Bullish""}, {""ticker"": ""CRYPTO:BTC"", ""relevance_score"": ""0.167904"", ""ticker_sentiment_score"": ""0.059794"", ""ticker_sentiment_label"": ""Neutral""}, {""ticker"": ""CRYPTO:ETH"", ""relevance_score"": ""0.167904"", ""ticker_sentiment_score"": ""0.059794"", ""ticker_sentiment_label"": ""Neutral""}]"
2025-04-24,"LARNACA, Cyprus, April 24, 2025 ( GLOBE NEWSWIRE ) -- The rise of Bitcoin and cryptocurrency casinos has revolutionized online gambling, offering players enhanced privacy, faster transactions, and innovative gaming experiences.",Benzinga,https://www.benzinga.com/pressreleases/25/04/g44985945/best-bitcoin-casino-reddit-2025-jackbit-rated-top-bitcoin-casino-by-reddit-experts,0.032624,https://www.benzinga.com/pressreleases/25/04/g44985945/best-bitcoin-casino-reddit-2025-jackbit-rated-top-bitcoin-casino-by-reddit-experts,Best Bitcoin Casino Reddit 2025: JACKBIT Rated Top Bitcoin Casino By Reddit Experts,Globe Newswire,https://ml.globenewswire.com/Resource/Download/8f027753-9fd2-4d7b-aba6-7b46b6aade19/jackbit-rated-top.jpg,www.benzinga.com,"Technology,Blockchain",0.531762,Bullish,"[{""ticker"": ""GOOG"", ""relevance_score"": ""0.016316"", ""ticker_sentiment_score"": ""-0.016392"", ""ticker_sentiment_label"": ""Neutral""}, {""ticker"": ""TRTPF"", ""relevance_score"": ""0.016316"", ""ticker_sentiment_score"": ""0.225711"", ""ticker_sentiment_label"": ""Somewhat-Bullish""}, {""ticker"": ""MA"", ""relevance_score"": ""0.016316"", ""ticker_sentiment_score"": ""-0.016392"", ""ticker_sentiment_label"": ""Neutral""}, {""ticker"": ""RDDT"", ""relevance_score"": ""0.405064"", ""ticker_sentiment_score"": ""0.64312"", ""ticker_sentiment_label"": ""Bullish""}, {""ticker"": ""CRYPTO:BTC"", ""relevance_score"": ""0.347216"", ""ticker_sentiment_score"": ""0.563941"", ""ticker_sentiment_label"": ""Bullish""}, {""ticker"": ""CRYPTO:BCH"", ""relevance_score"": ""0.016316"", ""ticker_sentiment_score"": ""0.0"", ""ticker_sentiment_label"": ""Neutral""}, {""ticker"": ""CRYPTO:BNB"", ""relevance_score"": ""0.016316"", ""ticker_sentiment_score"": ""0.0"", ""ticker_sentiment_label"": ""Neutral""}, {""ticker"": ""CRYPTO:ETH"", ""relevance_score"": ""0.032624"", ""ticker_sentiment_score"": ""0.0"", ""ticker_sentiment_label"": ""Neutral""}, {""ticker"": ""CRYPTO:DOGE"", ""relevance_score"": ""0.016316"", ""ticker_sentiment_score"": ""0.0"", ""ticker_sentiment_label"": ""Neutral""}, {""ticker"": ""CRYPTO:LINK"", ""relevance_score"": ""0.016316"", ""ticker_sentiment_score"": ""0.0"", ""ticker_sentiment_label"": ""Neutral""}, {""ticker"": ""CRYPTO:LTC"", ""relevance_score"": ""0.032624"", ""ticker_sentiment_score"": ""0.0"", ""ticker_sentiment_label"": ""Neutral""}, {""ticker"": ""CRYPTO:XMR"", ""relevance_score"": ""0.016316"", ""ticker_sentiment_score"": ""0.0"", ""ticker_sentiment_label"": ""Neutral""}, {""ticker"": ""CRYPTO:ADA"", ""relevance_score"": ""0.016316"", ""ticker_sentiment_score"": ""0.0"", ""ticker_sentiment_label"": ""Neutral""}]"
2025-04-24,"The Chicago Mercantile Exchange ( CME ) Group, which operates the largest financial derivatives exchanges worldwide, recently announced that XRP ( XRP ) futures contracts will go live on May 19.According to the April 24 announcement, investors have the option of choosing between micro-sized ...",Cointelegraph,https://cointelegraph.com/news/chicago-mercantile-exchange-cme-group-to-launch-xrp-futures,0.112532,https://cointelegraph.com/news/chicago-mercantile-exchange-cme-group-to-launch-xrp-futures,Chicago Mercantile Exchange  ( CME )  Group to launch XRP futures,Vince Quill,https://s3.cointelegraph.com/uploads/2025-04/01966880-21d8-7d3b-a0e2-b677e3c14bac,cointelegraph.com,"Financial Markets,Technology,Finance,Blockchain",0.118992,Neutral,"[{""ticker"": ""CME"", ""relevance_score"": ""0.222838"", ""ticker_sentiment_score"": ""-0.070548"", ""ticker_sentiment_label"": ""Neutral""}, {""ticker"": ""DJT"", ""relevance_score"": ""0.112532"", ""ticker_sentiment_score"": ""0.0"", ""ticker_sentiment_label"": ""Neutral""}, {""ticker"": ""CRYPTO:ETH"", ""relevance_score"": ""0.112532"", ""ticker_sentiment_score"": ""0.0"", ""ticker_sentiment_label"": ""Neutral""}, {""ticker"": ""CRYPTO:LTC"", ""relevance_score"": ""0.112532"", ""ticker_sentiment_score"": ""-0.076032"", ""ticker_sentiment_label"": ""Neutral""}]"
2025-04-24,"Here, we pick three stocks, CME, BTCM and CAN, which are well-poised to benefit from the growing proliferation of Bitcoin and other cryptocurrencies.",Zacks Commentary,https://www.zacks.com/stock/news/2455268/top-cryptocurrency-stocks-you-should-buy-for-a-healthy-portfolio,0.122477,https://www.zacks.com/stock/news/2455268/top-cryptocurrency-stocks-you-should-buy-for-a-healthy-portfolio,Top Cryptocurrency Stocks You Should Buy for a Healthy Portfolio,Aniruddha Ganguly,https://staticx-tuner.zacks.com/images/articles/main/26/62324.jpg,www.zacks.com,"Technology,Finance,Blockchain,Retail & Wholesale,Financial Markets,Manufacturing,Earnings,Real Estate & Construction",0.242852,Somewhat-Bullish,"[{""ticker"": ""NVDA"", ""relevance_score"": ""0.08183"", ""ticker_sentiment_score"": ""0.226319"", ""ticker_sentiment_label"": ""Somewhat-Bullish""}, {""ticker"": ""BTCM"", ""relevance_score"": ""0.356154"", ""ticker_sentiment_score"": ""0.224971"", ""ticker_sentiment_label"": ""Somewhat-Bullish""}, {""ticker"": ""CME"", ""relevance_score"": ""0.162802"", ""ticker_sentiment_score"": ""0.214016"", ""ticker_sentiment_label"": ""Somewhat-Bullish""}, {""ticker"": ""CIFR"", ""relevance_score"": ""0.08183"", ""ticker_sentiment_score"": ""0.143737"", ""ticker_sentiment_label"": ""Neutral""}, {""ticker"": ""AMZN"", ""relevance_score"": ""0.08183"", ""ticker_sentiment_score"": ""0.226319"", ""ticker_sentiment_label"": ""Somewhat-Bullish""}, {""ticker"": ""ASCCF"", ""relevance_score"": ""0.040969"", ""ticker_sentiment_score"": ""-0.002912"", ""ticker_sentiment_label"": ""Neutral""}, {""ticker"": ""COIN"", ""relevance_score"": ""0.122477"", ""ticker_sentiment_score"": ""0.14703"", ""ticker_sentiment_label"": ""Neutral""}, {""ticker"": ""CRYPTO:BTC"", ""relevance_score"": ""0.527969"", ""ticker_sentiment_score"": ""0.231931"", ""ticker_sentiment_label"": ""Somewhat-Bullish""}, {""ticker"": ""CRYPTO:ETH"", ""relevance_score"": ""0.122477"", ""ticker_sentiment_score"": ""0.076689"", ""ticker_sentiment_label"": ""Neutral""}, {""ticker"": ""CRYPTO:NANO"", ""relevance_score"": ""0.040969"", ""ticker_sentiment_score"": ""0.152602"", ""ticker_sentiment_label"": ""Somewhat-Bullish""}, {""ticker"": ""CRYPTO:DOGE"", ""relevance_score"": ""0.202705"", ""ticker_sentiment_score"": ""0.02278"", ""ticker_sentiment_label"": ""Neutral""}, {""ticker"": ""CRYPTO:LTC"", ""relevance_score"": ""0.162802"", ""ticker_sentiment_score"": ""0.044447"", ""ticker_sentiment_label"": ""Neutral""}, {""ticker"": ""CRYPTO:ADA"", ""relevance_score"": ""0.08183"", ""ticker_sentiment_score"": ""0.069533"", ""ticker_sentiment_label"": ""Neutral""}]"
2025-04-24,"PERTH, Australia, April 24, 2025 ( GLOBE NEWSWIRE ) -- With so many online casinos available in Australia, choosing the right one can be a real challenge. We understand how important it is to find a platform that you can trust and enjoy.",Benzinga,https://www.benzinga.com/pressreleases/25/04/g44981428/best-real-money-online-casinos-australia-mirax-casino-rated-top-australian-real-money-casino,0.069951,https://www.benzinga.com/pressreleases/25/04/g44981428/best-real-money-online-casinos-australia-mirax-casino-rated-top-australian-real-money-casino,"Best Real Money Online Casinos Australia: MIRAX Casino, Rated Top Australian Real Money Casino",Globe Newswire,https://ml.globenewswire.com/Resource/Download/e863d7b4-6f33-4f39-88c5-8b17633fec75/mirax-casino.jpg,www.benzinga.com,"Blockchain,Financial Markets",0.501073,Bullish,"[{""ticker"": ""MA"", ""relevance_score"": ""0.017509"", ""ticker_sentiment_score"": ""0.0"", ""ticker_sentiment_label"": ""Neutral""}, {""ticker"": ""TRTPF"", ""relevance_score"": ""0.017509"", ""ticker_sentiment_score"": ""0.113287"", ""ticker_sentiment_label"": ""Neutral""}, {""ticker"": ""CRYPTO:BTC"", ""relevance_score"": ""0.173707"", ""ticker_sentiment_score"": ""0.45264"", ""ticker_sentiment_label"": ""Bullish""}, {""ticker"": ""CRYPTO:ETH"", ""relevance_score"": ""0.069951"", ""ticker_sentiment_score"": ""0.244733"", ""ticker_sentiment_label"": ""Somewhat-Bullish""}, {""ticker"": ""CRYPTO:LTC"", ""relevance_score"": ""0.069951"", ""ticker_sentiment_score"": ""0.244733"", ""ticker_sentiment_label"": ""Somewhat-Bullish""}]"
2025-04-24,"Ju highlights that event-driven volatility, like political news, is overriding traditional supply-demand signals in the short term. Ju emphasized differing interpretations even among on-chain experts, showing how unsettled market sentiment remains right now. Don't face extreme market conditions ...",Benzinga,https://www.benzinga.com/markets/cryptocurrency/25/04/44992375/if-bitcoin-breaks-100k-this-ceo-will-gladly-admit-being-wrong-about-a-bear-market,0.147818,https://www.benzinga.com/markets/cryptocurrency/25/04/44992375/if-bitcoin-breaks-100k-this-ceo-will-gladly-admit-being-wrong-about-a-bear-market,"If Bitcoin Breaks $100K, This CEO Will 'Gladly Admit' Being Wrong About A Bear Market",Murtuza J Merchant,https://cdn.benzinga.com/files/images/story/2025/04/24/Flying-Altcoins-With-Bitcoin-In-The-Cent.jpeg?width=1200&height=800&fit=crop,www.benzinga.com,"Earnings,Economy - Fiscal,Financial Markets",-0.098222,Neutral,"[{""ticker"": ""CRYPTO:BTC"", ""relevance_score"": ""0.358669"", ""ticker_sentiment_score"": ""-0.125477"", ""ticker_sentiment_label"": ""Neutral""}, {""ticker"": ""CRYPTO:ETH"", ""relevance_score"": ""0.147818"", ""ticker_sentiment_score"": ""-0.271007"", ""ticker_sentiment_label"": ""Somewhat-Bearish""}]"
2025-04-24,"Key Takeaways:Ethereum saw a record 449,000 in ETH inflows to accumulation addresses on April 22.Active addresses rose 10%, signaling growing network engagement, but DeFi activity remains weak with declining DEX volumes.Holders in accumulation addresses remain underwater with a realized price of ...",Cointelegraph,https://cointelegraph.com/news/ethereum-sees-record-single-day-inflow-with-449-k-eth-in-accumulation-addresses,0.77496,https://cointelegraph.com/news/ethereum-sees-record-single-day-inflow-with-449-k-eth-in-accumulation-addresses,Ethereum sees record single-day inflow with 449K ETH in accumulation addresses,Biraajmaan Tamuly,https://s3.cointelegraph.com/uploads/2025-04/019668b6-2c9a-7fb5-a37d-abc119ee0eac,cointelegraph.com,,-0.002463,Neutral,"[{""ticker"": ""CRYPTO:ETH"", ""relevance_score"": ""0.77496"", ""ticker_sentiment_score"": ""-0.072944"", ""ticker_sentiment_label"": ""Neutral""}]"
2025-04-24,"Tokenization platform Securitize has partnered with decentralized finance ( DeFi ) protocol Mantle to launch an institutional fund designed to earn yield on a diverse basket of cryptocurrencies, the companies said. Similar to how a traditional index fund tracks a mix of stocks, the Mantle Index ...",Cointelegraph,https://cointelegraph.com/news/securitize-mantle-launch-institutional-crypto-fund,0.339356,https://cointelegraph.com/news/securitize-mantle-launch-institutional-crypto-fund,"Securitize, Mantle launch institutional crypto fund",Alex O’Donnell,https://s3.cointelegraph.com/uploads/2025-04/01966948-be3b-73d7-82c0-864518550472,cointelegraph.com,"Blockchain,Financial Markets",0.224854,Somewhat-Bullish,"[{""ticker"": ""FOREX:USD"", ""relevance_score"": ""0.116348"", ""ticker_sentiment_score"": ""0.081491"", ""ticker_sentiment_label"": ""Neutral""}, {""ticker"": ""CRYPTO:BTC"", ""relevance_score"": ""0.339356"", ""ticker_sentiment_score"": ""0.043997"", ""ticker_sentiment_label"": ""Neutral""}, {""ticker"": ""CRYPTO:ETH"", ""relevance_score"": ""0.339356"", ""ticker_sentiment_score"": ""0.190033"", ""ticker_sentiment_label"": ""Somewhat-Bullish""}]"
2025-04-24,U.S. President Donald Trump meanwhile continued his tough talk on China.,Decrypt.co,https://decrypt.co/316331/bitcoin-shrugs-off-growing-rate-cut-hopes-stocks-climb,0.090816,https://decrypt.co/316331/bitcoin-shrugs-off-growing-rate-cut-hopes-stocks-climb,Bitcoin Shrugs Off Growing Rate Cut Hopes as Stocks Climb,André Beganski,https://cdn.decrypt.co/resize/1024/height/512/wp-content/uploads/2019/12/shutterstock_6767436971-gID_7.jpg,decrypt.co,"Economy - Monetary,Financial Markets,Manufacturing,Blockchain",-0.029204,Neutral,"[{""ticker"": ""BA"", ""relevance_score"": ""0.090816"", ""ticker_sentiment_score"": ""-0.039832"", ""ticker_sentiment_label"": ""Neutral""}, {""ticker"": ""CRYPTO:BTC"", ""relevance_score"": ""0.431554"", ""ticker_sentiment_score"": ""0.028999"", ""ticker_sentiment_label"": ""Neutral""}, {""ticker"": ""CRYPTO:ETH"", ""relevance_score"": ""0.090816"", ""ticker_sentiment_score"": ""-0.124728"", ""ticker_sentiment_label"": ""Neutral""}]"
2025-04-24,"Ethereum's focus on scaling through many layer-2 networks, each with its own transaction processing speed and parameters, potentially gives the network an unlimited number of unique high-throughput chains, according to Anurag Arjun, co-founder of Avail, a unified chain abstraction solution.In an ...",Cointelegraph,https://cointelegraph.com/news/ethereum-l2-roadmap-equals-many-chains,0.601928,https://cointelegraph.com/news/ethereum-l2-roadmap-equals-many-chains,Ethereum's L2 approach equals many high-throughput chains - Avail exec,Vince Quill,https://s3.cointelegraph.com/uploads/2025-04/01966954-2861-737d-9f09-4ded6b693bd4,cointelegraph.com,Blockchain,-0.038679,Neutral,"[{""ticker"": ""CRYPTO:ETH"", ""relevance_score"": ""0.601928"", ""ticker_sentiment_score"": ""-0.207246"", ""ticker_sentiment_label"": ""Somewhat-Bearish""}]"
2025-04-24,"Ether ( ETH ) price has climbed above $1,700 after 16 days of selling pressure caused by macroeconomic uncertainty and a sharp decline in onchain activity. Despite the rebound, Ether has underperformed the broader altcoin market by 23% year-to-date.Some traders claim that ETH is set for a ...",Cointelegraph,https://cointelegraph.com/news/was-1-4-k-ethereum-s-generational-bottom-data-sends-mixed-signals,0.831914,https://cointelegraph.com/news/was-1-4-k-ethereum-s-generational-bottom-data-sends-mixed-signals,Was $1.4K Ethereum's 'generational bottom?' - Data sends mixed signals,Marcel Pechman,https://s3.cointelegraph.com/uploads/2025-04/0196682b-7cf0-716d-abce-19180013b0b1,cointelegraph.com,"Blockchain,Financial Markets",0.041581,Neutral,"[{""ticker"": ""CRYPTO:BTC"", ""relevance_score"": ""0.192183"", ""ticker_sentiment_score"": ""0.128597"", ""ticker_sentiment_label"": ""Neutral""}, {""ticker"": ""CRYPTO:ETH"", ""relevance_score"": ""0.831914"", ""ticker_sentiment_score"": ""0.099753"", ""ticker_sentiment_label"": ""Neutral""}]"
2025-04-24,"The US Securities and Exchange Commission ( SEC ) has delayed a decision on whether to approve a proposed exchange-traded fund ( ETF ) holding Polkadot's native token, regulatory filings show. According to an April 24 filing, the regulator has extended its deadline for a final ruling until June ...",Cointelegraph,https://cointelegraph.com/news/sec-punts-decision-on-polkadot-etf,0.474958,https://cointelegraph.com/news/sec-punts-decision-on-polkadot-etf,SEC delays decision on Polkadot ETF,Alex O’Donnell,https://s3.cointelegraph.com/uploads/2025-04/019669aa-7a6d-743e-85fd-84f449518d67,cointelegraph.com,"Finance,Blockchain,Financial Markets",0.142195,Neutral,"[{""ticker"": ""COIN"", ""relevance_score"": ""0.101154"", ""ticker_sentiment_score"": ""0.083069"", ""ticker_sentiment_label"": ""Neutral""}, {""ticker"": ""CRYPTO:BTC"", ""relevance_score"": ""0.297061"", ""ticker_sentiment_score"": ""-0.079781"", ""ticker_sentiment_label"": ""Neutral""}, {""ticker"": ""CRYPTO:ETH"", ""relevance_score"": ""0.474958"", ""ticker_sentiment_score"": ""-0.160102"", ""ticker_sentiment_label"": ""Somewhat-Bearish""}, {""ticker"": ""CRYPTO:DOGE"", ""relevance_score"": ""0.200688"", ""ticker_sentiment_score"": ""0.099119"", ""ticker_sentiment_label"": ""Neutral""}, {""ticker"": ""CRYPTO:LTC"", ""relevance_score"": ""0.297061"", ""ticker_sentiment_score"": ""0.129318"", ""ticker_sentiment_label"": ""Neutral""}, {""ticker"": ""CRYPTO:ADA"", ""relevance_score"": ""0.200688"", ""ticker_sentiment_score"": ""0.099119"", ""ticker_sentiment_label"": ""Neutral""}]"
2025-04-24,Ethereum NFT collectors noticed that images for multiple RTFKT collections were no longer showing-but a fix is in the works.,Decrypt.co,https://decrypt.co/316165/why-rtfkt-nike-ethereum-nft-artwork-disappeared,0.152499,https://decrypt.co/316165/why-rtfkt-nike-ethereum-nft-artwork-disappeared,Why RTFKT and Nike's Ethereum NFT Artwork Disappeared,Logan Hitchcock,https://img.decrypt.co/insecure/rs:fit:3840:0:0:0/plain/https://cdn.decrypt.co/wp-content/uploads/2025/04/Screenshot-2025-04-24-at-10.04.53 AM.png@webp,decrypt.co,"Manufacturing,Mergers & Acquisitions,Technology,Blockchain",-0.045497,Neutral,"[{""ticker"": ""NET"", ""relevance_score"": ""0.369319"", ""ticker_sentiment_score"": ""-0.159726"", ""ticker_sentiment_label"": ""Somewhat-Bearish""}, {""ticker"": ""NKE"", ""relevance_score"": ""0.227007"", ""ticker_sentiment_score"": ""-0.095522"", ""ticker_sentiment_label"": ""Neutral""}, {""ticker"": ""CRYPTO:ETH"", ""relevance_score"": ""0.152499"", ""ticker_sentiment_score"": ""-0.04856"", ""ticker_sentiment_label"": ""Neutral""}]"
2025-04-24,"LARNACA, Cyprus, April 24, 2025 ( GLOBE NEWSWIRE ) -- We tried plenty of no KYC crypto casinos, hoping to find one that actually lived up to the hype. Most of them were pretty disappointing, confusing bonuses, slow payouts, or just not that fun.",Benzinga,https://www.benzinga.com/pressreleases/25/04/g44981206/best-no-kyc-crypto-casinos-jackbit-ranked-top-anonymous-crypto-casino-site-for-2025,0.014471,https://www.benzinga.com/pressreleases/25/04/g44981206/best-no-kyc-crypto-casinos-jackbit-ranked-top-anonymous-crypto-casino-site-for-2025,"Best No KYC Crypto Casinos: JACKBIT, Ranked Top Anonymous Crypto Casino Site for 2025",Globe Newswire,https://ml.globenewswire.com/Resource/Download/d8824206-ee9d-41c4-a1d9-a0d7c5bbd0f7/jackbit.jpg,www.benzinga.com,Blockchain,0.518415,Bullish,"[{""ticker"": ""MA"", ""relevance_score"": ""0.014471"", ""ticker_sentiment_score"": ""0.152861"", ""ticker_sentiment_label"": ""Somewhat-Bullish""}, {""ticker"": ""CRYPTO:BTC"", ""relevance_score"": ""0.043394"", ""ticker_sentiment_score"": ""0.241255"", ""ticker_sentiment_label"": ""Somewhat-Bullish""}, {""ticker"": ""CRYPTO:ETH"", ""relevance_score"": ""0.014471"", ""ticker_sentiment_score"": ""0.152861"", ""ticker_sentiment_label"": ""Somewhat-Bullish""}, {""ticker"": ""CRYPTO:DOGE"", ""relevance_score"": ""0.014471"", ""ticker_sentiment_score"": ""0.152861"", ""ticker_sentiment_label"": ""Somewhat-Bullish""}]"
2025-04-24,"LARNACA, Cyprus, April 24, 2025 ( GLOBE NEWSWIRE ) -- The rise of Non Gamstop casinos in the UK has transformed online gambling, offering players freedom from the restrictions of the Gamstop self-exclusion scheme.",Benzinga,https://www.benzinga.com/pressreleases/25/04/g44981847/best-non-gamstop-casinos-uk-jackbit-ranked-as-top-casino-not-on-gamstop-april-2025,0.048457,https://www.benzinga.com/pressreleases/25/04/g44981847/best-non-gamstop-casinos-uk-jackbit-ranked-as-top-casino-not-on-gamstop-april-2025,Best Non Gamstop Casinos UK: JACKBIT Ranked as Top Casino Not on Gamstop  ( April 2025 ) ,Globe Newswire,https://ml.globenewswire.com/Resource/Download/316d8824-2fb2-48f3-9db7-941c4f7225b3/jackbit.jpg,www.benzinga.com,"Retail & Wholesale,Blockchain",0.399638,Bullish,"[{""ticker"": ""MA"", ""relevance_score"": ""0.032316"", ""ticker_sentiment_score"": ""0.050415"", ""ticker_sentiment_label"": ""Neutral""}, {""ticker"": ""GME"", ""relevance_score"": ""0.096736"", ""ticker_sentiment_score"": ""0.268063"", ""ticker_sentiment_label"": ""Somewhat-Bullish""}, {""ticker"": ""FOREX:EUR"", ""relevance_score"": ""0.016161"", ""ticker_sentiment_score"": ""0.262933"", ""ticker_sentiment_label"": ""Somewhat-Bullish""}, {""ticker"": ""CRYPTO:BTC"", ""relevance_score"": ""0.080674"", ""ticker_sentiment_score"": ""0.146649"", ""ticker_sentiment_label"": ""Neutral""}, {""ticker"": ""CRYPTO:ETH"", ""relevance_score"": ""0.048457"", ""ticker_sentiment_score"": ""0.213944"", ""ticker_sentiment_label"": ""Somewhat-Bullish""}, {""ticker"": ""CRYPTO:BNB"", ""relevance_score"": ""0.016161"", ""ticker_sentiment_score"": ""0.083961"", ""ticker_sentiment_label"": ""Neutral""}]"
2025-04-24,"LARNACA, Cyprus, April 24, 2025 ( GLOBE NEWSWIRE ) -- Online casinos are gaining serious traction in 2025, but not every site delivers real value. After reviewing so many casinos in the UK, JACKBIT Casino stands out because of 30% Rakeback, 100 Free Spins on your first deposit, no KYC, and zero ...",Benzinga,https://www.benzinga.com/pressreleases/25/04/g44980787/best-online-casinos-uk-jackbit-rated-top-casino-site-2025-4-95,0.04912,https://www.benzinga.com/pressreleases/25/04/g44980787/best-online-casinos-uk-jackbit-rated-top-casino-site-2025-4-95,Best Online Casinos UK: JACKBIT Rated Top Casino Site 2025  ( 4.9/5 ) ,Globe Newswire,https://ml.globenewswire.com/Resource/Download/cd8b88b1-f5da-4327-8bc6-4c721529c512/jackbit-casino.jpg,www.benzinga.com,"Technology,Blockchain",0.525783,Bullish,"[{""ticker"": ""MA"", ""relevance_score"": ""0.04912"", ""ticker_sentiment_score"": ""0.141"", ""ticker_sentiment_label"": ""Neutral""}, {""ticker"": ""PYPL"", ""relevance_score"": ""0.016383"", ""ticker_sentiment_score"": ""0.041509"", ""ticker_sentiment_label"": ""Neutral""}, {""ticker"": ""GOOG"", ""relevance_score"": ""0.016383"", ""ticker_sentiment_score"": ""-0.017376"", ""ticker_sentiment_label"": ""Neutral""}, {""ticker"": ""CRYPTO:BTC"", ""relevance_score"": ""0.065461"", ""ticker_sentiment_score"": ""0.071177"", ""ticker_sentiment_label"": ""Neutral""}, {""ticker"": ""CRYPTO:BCH"", ""relevance_score"": ""0.016383"", ""ticker_sentiment_score"": ""0.0"", ""ticker_sentiment_label"": ""Neutral""}, {""ticker"": ""CRYPTO:BNB"", ""relevance_score"": ""0.016383"", ""ticker_sentiment_score"": ""0.0"", ""ticker_sentiment_label"": ""Neutral""}, {""ticker"": ""CRYPTO:XRP"", ""relevance_score"": ""0.016383"", ""ticker_sentiment_score"": ""0.0"", ""ticker_sentiment_label"": ""Neutral""}, {""ticker"": ""CRYPTO:ETH"", ""relevance_score"": ""0.04912"", ""ticker_sentiment_score"": ""0.070563"", ""ticker_sentiment_label"": ""Neutral""}, {""ticker"": ""CRYPTO:DOGE"", ""relevance_score"": ""0.016383"", ""ticker_sentiment_score"": ""0.0"", ""ticker_sentiment_label"": ""Neutral""}, {""ticker"": ""CRYPTO:LINK"", ""relevance_score"": ""0.016383"", ""ticker_sentiment_score"": ""0.0"", ""ticker_sentiment_label"": ""Neutral""}, {""ticker"": ""CRYPTO:LTC"", ""relevance_score"": ""0.016383"", ""ticker_sentiment_score"": ""0.0"", ""ticker_sentiment_label"": ""Neutral""}, {""ticker"": ""CRYPTO:XMR"", ""relevance_score"": ""0.016383"", ""ticker_sentiment_score"": ""0.0"", ""ticker_sentiment_label"": ""Neutral""}, {""ticker"": ""CRYPTO:ADA"", ""relevance_score"": ""0.016383"", ""ticker_sentiment_score"": ""0.0"", ""ticker_sentiment_label"": ""Neutral""}]"
2025-04-24,"Twenty One Capital, a new Bitcoin treasury company led by Strike founder Jack Mallers with the support of Tether, SoftBank and Cantor Fitzgerald, is looking to supplant Michael Saylor's Strategy to become the ""superior vehicle for investors seeking capital-efficient Bitcoin exposure.""Twenty One ...",Cointelegraph,https://cointelegraph.com/news/twenty-one-capital-bitcoin-firm-compete-michael-saylor-strategy,0.075161,https://cointelegraph.com/news/twenty-one-capital-bitcoin-firm-compete-michael-saylor-strategy,Strike's Mallers to head firm seeking superior Bitcoin play to MSTR,Brayden Lindrea,https://s3.cointelegraph.com/uploads/2025-04/0196654e-7a7c-7b65-91b5-b115a279848f,cointelegraph.com,"Technology,Blockchain,Financial Markets",0.249164,Somewhat-Bullish,"[{""ticker"": ""GOOG"", ""relevance_score"": ""0.075161"", ""ticker_sentiment_score"": ""0.128344"", ""ticker_sentiment_label"": ""Neutral""}, {""ticker"": ""CEP"", ""relevance_score"": ""0.294093"", ""ticker_sentiment_score"": ""0.213435"", ""ticker_sentiment_label"": ""Somewhat-Bullish""}, {""ticker"": ""SFTBF"", ""relevance_score"": ""0.222838"", ""ticker_sentiment_score"": ""0.206442"", ""ticker_sentiment_label"": ""Somewhat-Bullish""}, {""ticker"": ""CRYPTO:BTC"", ""relevance_score"": ""0.981651"", ""ticker_sentiment_score"": ""0.425432"", ""ticker_sentiment_label"": ""Bullish""}, {""ticker"": ""CRYPTO:ETH"", ""relevance_score"": ""0.075161"", ""ticker_sentiment_score"": ""0.0"", ""ticker_sentiment_label"": ""Neutral""}]"
2025-04-24,"Leading cryptocurrencies gained on Wednesday amid reports that President Donald Trump was considering reducing China tariffs. What Happened: Bitcoin consolidated in the $93,000 range after rising above $94,000 early this morning.",Benzinga,https://www.benzinga.com/trading-ideas/movers/25/04/44969947/bitcoin-ethereum-rise-dogecoin-falls-as-trump-reverses-course-on-china-tariffs-analyst-says-,0.327366,https://www.benzinga.com/trading-ideas/movers/25/04/44969947/bitcoin-ethereum-rise-dogecoin-falls-as-trump-reverses-course-on-china-tariffs-analyst-says-,"Bitcoin, Ethereum Rise, Dogecoin Falls As Trump Reverses Course On China Tariffs: Analyst Says BTC Setup Bullish But 'It's Like Walking On Thin Ice' - Grayscale Bitcoin Mini Trust  ( BTC )  Common units of fractional undivided beneficial interest  ( ARCA:BTC ) ",Aniket Verma,https://cdn.benzinga.com/files/images/story/2025/04/23/Firenze--Italy-November-11--2024-Cryptoc.jpeg?width=1200&height=800&fit=crop,www.benzinga.com,"Economy - Monetary,Blockchain,Financial Markets",0.165664,Somewhat-Bullish,"[{""ticker"": ""CRYPTO:BTC"", ""relevance_score"": ""0.402618"", ""ticker_sentiment_score"": ""0.064185"", ""ticker_sentiment_label"": ""Neutral""}, {""ticker"": ""CRYPTO:ETH"", ""relevance_score"": ""0.327366"", ""ticker_sentiment_score"": ""0.452441"", ""ticker_sentiment_label"": ""Bullish""}, {""ticker"": ""CRYPTO:DOGE"", ""relevance_score"": ""0.084127"", ""ticker_sentiment_score"": ""0.055863"", ""ticker_sentiment_label"": ""Neutral""}]"
2025-04-24,"Leading Canadian cryptocurrency trading platform, Ndax, and the National Hockey League announced a major partnership Wednesday for the 2025 Stanley Cup Playoffs What Happened: Ndax was named the official crypto trading platform of the NHL, according to a press release",Benzinga,https://www.benzinga.com/25/04/44970544/nhl-and-canada-based-ndax-announce-partnership-for-2025-stanley-cup-playoffsa-chance-for-you-to-win-some-crypto-t,0.263942,https://www.benzinga.com/25/04/44970544/nhl-and-canada-based-ndax-announce-partnership-for-2025-stanley-cup-playoffsa-chance-for-you-to-win-some-crypto-t,"NHL And Canada-Based Ndax Announce Partnership For 2025 Stanley Cup Playoffs, Launches Prediction Game That Gives Users Chance To Win Finals Ticket And Crypto",Aniket Verma,https://cdn.benzinga.com/files/images/story/2025/04/24/New-York-nov-29-Pittsburgh-Penguins-Left.jpeg?width=1200&height=800&fit=crop,www.benzinga.com,"Blockchain,Financial Markets",0.344623,Somewhat-Bullish,"[{""ticker"": ""CRYPTO:BTC"", ""relevance_score"": ""0.263942"", ""ticker_sentiment_score"": ""0.259863"", ""ticker_sentiment_label"": ""Somewhat-Bullish""}, {""ticker"": ""CRYPTO:ETH"", ""relevance_score"": ""0.263942"", ""ticker_sentiment_score"": ""0.259863"", ""ticker_sentiment_label"": ""Somewhat-Bullish""}]"
2025-04-24,"The ZKsync Association has confirmed the recovery of $5 million worth of stolen tokens from an April 15 ZKsync security incident involving its airdrop distribution contract.The hacker agreed to accept a 10% bounty and return 90% of the remaining stolen tokens, transferring the ZKsync Security ...",Cointelegraph,https://cointelegraph.com/news/zk-sync-recovers-5-million-stolen-tokens-hacker-accepts-bounty,0.599092,https://cointelegraph.com/news/zk-sync-recovers-5-million-stolen-tokens-hacker-accepts-bounty,ZKsync recovers $5M of stolen tokens after hacker accepts bounty offer,Brayden Lindrea,https://s3.cointelegraph.com/uploads/2025-04/01966613-c5e7-7524-a44e-6e7abb85b72b,cointelegraph.com,Blockchain,0.038647,Neutral,"[{""ticker"": ""CRYPTO:ETH"", ""relevance_score"": ""0.599092"", ""ticker_sentiment_score"": ""0.218205"", ""ticker_sentiment_label"": ""Somewhat-Bullish""}]"
2025-04-24,"LARNACA, Cyprus, April 24, 2025 ( GLOBE NEWSWIRE ) -- After extensively researching dozens of online casinos-evaluating payout speed, deposit processing times, no KYC policies, rakeback bonuses, free spins, and overall user experience-we confidently concluded that JACKBIT Casino ranks as the ...",Benzinga,https://www.benzinga.com/pressreleases/25/04/g44980866/best-instant-withdrawal-and-fast-payout-casinos-jackbit-wins-best-choice,0.033822,https://www.benzinga.com/pressreleases/25/04/g44980866/best-instant-withdrawal-and-fast-payout-casinos-jackbit-wins-best-choice,Best Instant Withdrawal and Fast Payout Casinos: JACKBIT Wins Best Choice,Globe Newswire,https://ml.globenewswire.com/Resource/Download/8395d3d3-8654-457e-886b-764bfd5979b9/image1.png,www.benzinga.com,"Technology,Blockchain",0.496603,Bullish,"[{""ticker"": ""MA"", ""relevance_score"": ""0.050715"", ""ticker_sentiment_score"": ""0.08614"", ""ticker_sentiment_label"": ""Neutral""}, {""ticker"": ""GOOG"", ""relevance_score"": ""0.050715"", ""ticker_sentiment_score"": ""0.08614"", ""ticker_sentiment_label"": ""Neutral""}, {""ticker"": ""CRYPTO:BTC"", ""relevance_score"": ""0.033822"", ""ticker_sentiment_score"": ""0.186369"", ""ticker_sentiment_label"": ""Somewhat-Bullish""}, {""ticker"": ""CRYPTO:ETH"", ""relevance_score"": ""0.033822"", ""ticker_sentiment_score"": ""0.186369"", ""ticker_sentiment_label"": ""Somewhat-Bullish""}, {""ticker"": ""CRYPTO:DOGE"", ""relevance_score"": ""0.033822"", ""ticker_sentiment_score"": ""0.186369"", ""ticker_sentiment_label"": ""Somewhat-Bullish""}, {""ticker"": ""CRYPTO:LTC"", ""relevance_score"": ""0.016915"", ""ticker_sentiment_score"": ""0.365777"", ""ticker_sentiment_label"": ""Bullish""}, {""ticker"": ""CRYPTO:BNB"", ""relevance_score"": ""0.016915"", ""ticker_sentiment_score"": ""0.365777"", ""ticker_sentiment_label"": ""Bullish""}]"
2025-04-24,Ethereum Layer-2 project ZKsync confirms resolution after exploit drains millions from airdrop contract. final report pending.,Decrypt.co,https://decrypt.co/316099/zksync-hacker-accepts-bounty-returns-nearly-5m-in-stolen-crypto,0.33628,https://decrypt.co/316099/zksync-hacker-accepts-bounty-returns-nearly-5m-in-stolen-crypto,"ZKsync Hacker Accepts Bounty, Returns Nearly $5M in Stolen Crypto",Vismaya V,https://img.decrypt.co/insecure/rs:fit:3840:0:0:0/plain/https://cdn.decrypt.co/wp-content/themes/decrypt-media/assets/images/aleo/desktop.png@webp,decrypt.co,Blockchain,-0.33426,Somewhat-Bearish,"[{""ticker"": ""CRYPTO:ETH"", ""relevance_score"": ""0.33628"", ""ticker_sentiment_score"": ""-0.281592"", ""ticker_sentiment_label"": ""Somewhat-Bearish""}]"
2025-04-24,"Fintech giant Revolut has reported a record-breaking year, doubling its pre-tax profits to 1 billion British pounds ( $1.3 billion ) in 2024, driven by rapid customer growth and a resurgence in cryptocurrency trading.According to its annual report published on Thursday, April 24, Revolut's ...",Cointelegraph,https://cointelegraph.com/news/revolut-doubles-profit-user-growth-crypto-trading,0.07446,https://cointelegraph.com/news/revolut-doubles-profit-user-growth-crypto-trading,"Revolut doubles profits to $1.3B on user growth, crypto trading boom",Amin Haqshanas,https://s3.cointelegraph.com/uploads/2025-04/019666a0-38e3-79f1-a11b-60a538439a82,cointelegraph.com,"Earnings,Blockchain,Financial Markets",0.231066,Somewhat-Bullish,"[{""ticker"": ""CRYPTO:ETH"", ""relevance_score"": ""0.07446"", ""ticker_sentiment_score"": ""0.0"", ""ticker_sentiment_label"": ""Neutral""}]"
2025-04-24,"Decentralized exchange ( DEX ) KiloEx said it will compensate traders and stakers hurt by a $7.5 million exploit that temporarily shut down the platform earlier in April.In an April 24 announcement, KiloEx said traders who had positions open while the platform was suspended would get full ...",Cointelegraph,https://cointelegraph.com/news/kiloex-compensation-plan-7-million-hack-april,0.098659,https://cointelegraph.com/news/kiloex-compensation-plan-7-million-hack-april,DeFi platform KiloEx to compensate users impacted by $7.5M hack,Ezra Reguerra,https://s3.cointelegraph.com/uploads/2025-04/019666b3-4499-7620-8c27-1ce991244803,cointelegraph.com,Earnings,-0.171951,Somewhat-Bearish,"[{""ticker"": ""CRYPTO:ETH"", ""relevance_score"": ""0.098659"", ""ticker_sentiment_score"": ""0.0"", ""ticker_sentiment_label"": ""Neutral""}]"
2025-04-24,"Discover Why The Clubhouse Casino Is Emerging as Canada's Premier Destination for Sophisticated Online Gaming-Over 10,000 Games, Membership-Based Structure, and a Luxury Experience Awaits Canadian Players",Benzinga,https://www.benzinga.com/pressreleases/25/04/g44972631/best-online-casinos-in-canada-2025-why-the-clubhouse-casino-stands-above-the-rest,0.011502,https://www.benzinga.com/pressreleases/25/04/g44972631/best-online-casinos-in-canada-2025-why-the-clubhouse-casino-stands-above-the-rest,Best Online Casinos in Canada 2025: Why The Clubhouse Casino Stands Above the Rest,Globe Newswire,https://ml.globenewswire.com/Resource/Download/10b9be27-18c0-464f-89a7-2dcefe8fe519/the-clubhouse-casino.jpg,www.benzinga.com,"Technology,Blockchain",0.441801,Bullish,"[{""ticker"": ""MA"", ""relevance_score"": ""0.034497"", ""ticker_sentiment_score"": ""0.156495"", ""ticker_sentiment_label"": ""Somewhat-Bullish""}, {""ticker"": ""RDDT"", ""relevance_score"": ""0.011502"", ""ticker_sentiment_score"": ""0.050413"", ""ticker_sentiment_label"": ""Neutral""}, {""ticker"": ""PSFE"", ""relevance_score"": ""0.011502"", ""ticker_sentiment_score"": ""0.155925"", ""ticker_sentiment_label"": ""Somewhat-Bullish""}, {""ticker"": ""CRYPTO:BTC"", ""relevance_score"": ""0.011502"", ""ticker_sentiment_score"": ""0.205432"", ""ticker_sentiment_label"": ""Somewhat-Bullish""}, {""ticker"": ""CRYPTO:ETH"", ""relevance_score"": ""0.011502"", ""ticker_sentiment_score"": ""0.205432"", ""ticker_sentiment_label"": ""Somewhat-Bullish""}]"
2025-04-24,"The city is just behind Ljubljana, capital of Slovenia, in an evaluation based on factors such as regulation, taxes and wealth.",South China Morning Post,https://www.scmp.com/tech/blockchain/article/3307722/hong-kong-ranks-second-most-crypto-friendly-city-ahead-singapore-abu-dhabi-report,0.065866,https://www.scmp.com/tech/blockchain/article/3307722/hong-kong-ranks-second-most-crypto-friendly-city-ahead-singapore-abu-dhabi-report,Hong Kong ranks as second-most crypto-friendly city in the world in new index,Coco Feng,https://cdn.i-scmp.com/sites/default/files/styles/1020x680/public/d8/images/canvas/2025/04/24/fa4414d2-4f39-4839-9bce-4cfd17f26908_6a475f57.jpg?itok=VecOZx2J&v=1745473803,www.scmp.com,"Blockchain,Financial Markets",0.310235,Somewhat-Bullish,"[{""ticker"": ""PYPL"", ""relevance_score"": ""0.065866"", ""ticker_sentiment_score"": ""0.084119"", ""ticker_sentiment_label"": ""Neutral""}, {""ticker"": ""SVLPF"", ""relevance_score"": ""0.065866"", ""ticker_sentiment_score"": ""0.087126"", ""ticker_sentiment_label"": ""Neutral""}, {""ticker"": ""CRYPTO:ETH"", ""relevance_score"": ""0.065866"", ""ticker_sentiment_score"": ""0.0"", ""ticker_sentiment_label"": ""Neutral""}]"
2025-04-24,"US federal prosecutors have asked a district judge to sentence Avraham ""Avi"" Eisenberg, the crypto user convicted of the $110 million exploit of the decentralized exchange Mango Markets in 2022, to at least six and a half years behind bars.Ahead of Eisenberg's May 1 sentencing hearing, US ...",Cointelegraph,https://cointelegraph.com/news/prosecutors-push-six-years-behind-bars-convicted-mango-markets-exploiter,0.094762,https://cointelegraph.com/news/prosecutors-push-six-years-behind-bars-convicted-mango-markets-exploiter,Prosecutors seek over 6 years prison for Mango Markets exploiter,Stephen Katte,https://s3.cointelegraph.com/uploads/2025-04/01966650-eea1-7ff3-be77-f5cfab175bca,cointelegraph.com,,-0.171047,Somewhat-Bearish,"[{""ticker"": ""CRYPTO:ETH"", ""relevance_score"": ""0.094762"", ""ticker_sentiment_score"": ""0.0"", ""ticker_sentiment_label"": ""Neutral""}]"
2025-04-24,"The $TRUMP meme coin surged more than 60% on Wednesday after a promotional post teased ""the most EXCLUSIVE INVITATION in the world. Trump's crypto-friendly stnace to benefit Bitcoin and crypto ETFs.",Zacks Commentary,https://www.zacks.com/stock/news/2454395/trump-meme-coin-soars-60-crypto-etfs-at-one-month-high,0.083833,https://www.zacks.com/stock/news/2454395/trump-meme-coin-soars-60-crypto-etfs-at-one-month-high,TRUMP Meme Coin Soars 60%: Crypto ETFs at One-Month High,Sanghamitra Saha,https://staticx-tuner.zacks.com/images/articles/main/63/5033.jpg,www.zacks.com,"Blockchain,Financial Markets",0.369118,Bullish,"[{""ticker"": ""CRYPTO:BTC"", ""relevance_score"": ""0.401331"", ""ticker_sentiment_score"": ""0.354826"", ""ticker_sentiment_label"": ""Bullish""}, {""ticker"": ""CRYPTO:ETH"", ""relevance_score"": ""0.083833"", ""ticker_sentiment_score"": ""0.181007"", ""ticker_sentiment_label"": ""Somewhat-Bullish""}]"
2025-04-24,"SYDNEY, April 24, 2025 ( GLOBE NEWSWIRE ) -- Axi, a leading global online trading broker, is proud to announce its latest commitment to industry-leading pricing with some of the most competitive spreads in the market.",Benzinga,https://www.benzinga.com/pressreleases/25/04/g44975724/axi-delivers-unbeatably-tight-spreads-on-key-markets-including-gold-crypto-and-forex,0.105604,https://www.benzinga.com/pressreleases/25/04/g44975724/axi-delivers-unbeatably-tight-spreads-on-key-markets-including-gold-crypto-and-forex,"Axi Delivers Unbeatably Tight Spreads on Key Markets Including Gold, Crypto, and Forex",Globe Newswire,https://www.benzinga.com/next-assets/images/schema-image-default.png,www.benzinga.com,"Blockchain,Financial Markets",0.451089,Bullish,"[{""ticker"": ""CRYPTO:BTC"", ""relevance_score"": ""0.309539"", ""ticker_sentiment_score"": ""0.388604"", ""ticker_sentiment_label"": ""Bullish""}, {""ticker"": ""CRYPTO:ETH"", ""relevance_score"": ""0.105604"", ""ticker_sentiment_score"": ""0.368989"", ""ticker_sentiment_label"": ""Bullish""}]"
2025-04-24,"Bitcoin dominance at 55-56% reinforces its store-of-value role amid macro uncertainty, says Bitfinex. Bitcoin must hold above $89-90k on strong volume for rally sustainability, Bitfinex analysts caution. Don't face extreme market conditions unprepared.",Benzinga,https://www.benzinga.com/markets/cryptocurrency/25/04/44976375/bitcoin-dips-to-92000-as-etfs-record-917m-in-net-inflows,0.440549,https://www.benzinga.com/markets/cryptocurrency/25/04/44976375/bitcoin-dips-to-92000-as-etfs-record-917m-in-net-inflows,"Bitcoin Dips To $92,000 As ETFs Record $917M In Net Inflows",Murtuza J Merchant,https://cdn.benzinga.com/files/images/story/2025/04/24/Wooden-Cubes-With-The-Inscription-Etf-An.jpeg?width=1200&height=800&fit=crop,www.benzinga.com,"Economy - Monetary,Blockchain,Financial Markets",0.182399,Somewhat-Bullish,"[{""ticker"": ""FOREX:USD"", ""relevance_score"": ""0.273807"", ""ticker_sentiment_score"": ""0.303369"", ""ticker_sentiment_label"": ""Somewhat-Bullish""}, {""ticker"": ""CRYPTO:BTC"", ""relevance_score"": ""0.64962"", ""ticker_sentiment_score"": ""0.467452"", ""ticker_sentiment_label"": ""Bullish""}, {""ticker"": ""CRYPTO:ETH"", ""relevance_score"": ""0.440549"", ""ticker_sentiment_score"": ""0.133919"", ""ticker_sentiment_label"": ""Neutral""}]"
2025-04-24,"CEO Douglas Horn says the move gives banks ""a real reason to jump into blockchain"" for regulated, automated operations. ISO 20022 smart contract architecture aims to lower settlement costs while meeting banking compliance and interoperability demands globally. Don't face extreme market ...",Benzinga,https://www.benzinga.com/markets/cryptocurrency/25/04/44978931/ease-protocol-launches-iso-20022-compliant-smart-contracts-on-testnet-for-cross-chain-bank,0.173333,https://www.benzinga.com/markets/cryptocurrency/25/04/44978931/ease-protocol-launches-iso-20022-compliant-smart-contracts-on-testnet-for-cross-chain-bank,EASE Protocol Launches ISO 20022-Compliant Smart Contracts on Testnet For Cross-Chain Banking Automation,Murtuza J Merchant,https://cdn.benzinga.com/files/images/story/2025/04/24/Blockchain-Technology-Concept--Revolutio.jpeg?width=1200&height=800&fit=crop,www.benzinga.com,Blockchain,0.254404,Somewhat-Bullish,"[{""ticker"": ""CRYPTO:ETH"", ""relevance_score"": ""0.173333"", ""ticker_sentiment_score"": ""0.29726"", ""ticker_sentiment_label"": ""Somewhat-Bullish""}]"
2025-04-24,"A bill that would allow New Hampshire to invest a portion of its state funds in digital assets and precious metals has advanced to a full Senate vote after passing a second committee.On April 23, House Bill 302 ( HB 302 ) was reviewed in the second Senate committee and passed in a 4-1 vote.The ...",Cointelegraph,https://cointelegraph.com/news/new-hampshire-bitcoin-reserve-bill-clears-senate-committee,0.120431,https://cointelegraph.com/news/new-hampshire-bitcoin-reserve-bill-clears-senate-committee,New Hampshire Bitcoin reserve bill heads to full Senate vote,Ezra Reguerra,https://s3.cointelegraph.com/uploads/2025-04/019667da-283f-7a58-a9ac-3146e381bd46,cointelegraph.com,"Blockchain,Financial Markets",0.154279,Somewhat-Bullish,"[{""ticker"": ""CRYPTO:BTC"", ""relevance_score"": ""0.455525"", ""ticker_sentiment_score"": ""0.316151"", ""ticker_sentiment_label"": ""Somewhat-Bullish""}, {""ticker"": ""CRYPTO:ETH"", ""relevance_score"": ""0.120431"", ""ticker_sentiment_score"": ""0.0"", ""ticker_sentiment_label"": ""Neutral""}]"
2025-04-24,"SAO PAIO DE OLEIROS, Portugal, April 24, 2025 ( GLOBE NEWSWIRE ) -- The D.O.G.E Foundation is officially announcing the development of a new blockchain architecture and the launch of its seed funding round.",Benzinga,https://www.benzinga.com/pressreleases/25/04/g44979544/d-o-g-e-foundation-announces-new-blockchain-and-opens-seed-round-to-tackle-scalability-crisis,0.056808,https://www.benzinga.com/pressreleases/25/04/g44979544/d-o-g-e-foundation-announces-new-blockchain-and-opens-seed-round-to-tackle-scalability-crisis,D.O.G.E Foundation Announces New Blockchain and Opens Seed Round to Tackle Scalability Crisis,Globe Newswire,https://ml.globenewswire.com/Resource/Download/db030170-95c0-4de8-87d7-7c608547f2ae/photo-2025-04-24-17-29-23.jpeg,www.benzinga.com,"Blockchain,Manufacturing",0.019583,Neutral,"[{""ticker"": ""QCOM"", ""relevance_score"": ""0.056808"", ""ticker_sentiment_score"": ""0.032946"", ""ticker_sentiment_label"": ""Neutral""}, {""ticker"": ""CRYPTO:BTC"", ""relevance_score"": ""0.056808"", ""ticker_sentiment_score"": ""-0.059218"", ""ticker_sentiment_label"": ""Neutral""}, {""ticker"": ""CRYPTO:ETH"", ""relevance_score"": ""0.056808"", ""ticker_sentiment_score"": ""-0.059218"", ""ticker_sentiment_label"": ""Neutral""}]"
2025-04-24,Robinhood stock falls 6.1% in a month. Can product diversification efforts offer support or will regulatory fines weigh on its growth? Let's find out.,Zacks Commentary,https://www.zacks.com/stock/news/2454708/robinhood-stock-falls-61-in-a-month-should-you-buy-sell-or-hold,0.031282,https://www.zacks.com/stock/news/2454708/robinhood-stock-falls-61-in-a-month-should-you-buy-sell-or-hold,"Robinhood Stock Falls 6.1% in a Month: Should You Buy, Sell or Hold?",Ronit Masi,https://staticx-tuner.zacks.com/images/articles/main/1c/7999.jpg,www.zacks.com,"IPO,Financial Markets,Earnings,Finance,Blockchain",0.219762,Somewhat-Bullish,"[{""ticker"": ""HOOD"", ""relevance_score"": ""0.24627"", ""ticker_sentiment_score"": ""0.215913"", ""ticker_sentiment_label"": ""Somewhat-Bullish""}, {""ticker"": ""SCHW"", ""relevance_score"": ""0.062515"", ""ticker_sentiment_score"": ""0.099279"", ""ticker_sentiment_label"": ""Neutral""}, {""ticker"": ""IBKR"", ""relevance_score"": ""0.124647"", ""ticker_sentiment_score"": ""0.120911"", ""ticker_sentiment_label"": ""Neutral""}, {""ticker"": ""CRYPTO:BTC"", ""relevance_score"": ""0.031282"", ""ticker_sentiment_score"": ""0.218173"", ""ticker_sentiment_label"": ""Somewhat-Bullish""}, {""ticker"": ""CRYPTO:ETH"", ""relevance_score"": ""0.031282"", ""ticker_sentiment_score"": ""0.218173"", ""ticker_sentiment_label"": ""Somewhat-Bullish""}, {""ticker"": ""CRYPTO:DOGE"", ""relevance_score"": ""0.031282"", ""ticker_sentiment_score"": ""0.218173"", ""ticker_sentiment_label"": ""Somewhat-Bullish""}, {""ticker"": ""CRYPTO:LTC"", ""relevance_score"": ""0.031282"", ""ticker_sentiment_score"": ""0.218173"", ""ticker_sentiment_label"": ""Somewhat-Bullish""}]"
2025-04-24,"The move comes two days after Circle, a stablecoin partner of Coinbase, debuted a payment network challenging PayPal's remittance business.",CNBC,https://www.cnbc.com/2025/04/24/coinbase-ends-fee-on-paypal-usd-purchases-as-stablecoin-race-heats-up.html,0.04882,https://www.cnbc.com/2025/04/24/coinbase-ends-fee-on-paypal-usd-purchases-as-stablecoin-race-heats-up.html,Coinbase ends PayPal stablecoin fee as payment race heats up,,,www.cnbc.com,"IPO,Financial Markets,Earnings,Finance,Blockchain",0.291738,Somewhat-Bullish,"[{""ticker"": ""PYPL"", ""relevance_score"": ""0.331765"", ""ticker_sentiment_score"": ""0.24738"", ""ticker_sentiment_label"": ""Somewhat-Bullish""}, {""ticker"": ""COIN"", ""relevance_score"": ""0.375722"", ""ticker_sentiment_score"": ""0.267686"", ""ticker_sentiment_label"": ""Somewhat-Bullish""}, {""ticker"": ""SCBFF"", ""relevance_score"": ""0.04882"", ""ticker_sentiment_score"": ""-0.085149"", ""ticker_sentiment_label"": ""Neutral""}, {""ticker"": ""FOREX:USD"", ""relevance_score"": ""0.240489"", ""ticker_sentiment_score"": ""0.072776"", ""ticker_sentiment_label"": ""Neutral""}, {""ticker"": ""CRYPTO:BTC"", ""relevance_score"": ""0.04882"", ""ticker_sentiment_score"": ""-0.205011"", ""ticker_sentiment_label"": ""Somewhat-Bearish""}, {""ticker"": ""CRYPTO:ETH"", ""relevance_score"": ""0.04882"", ""ticker_sentiment_score"": ""0.0"", ""ticker_sentiment_label"": ""Neutral""}]"
2025-04-24,"Shaquille O'Neal has settled with investors who claim losses from the collapse of cryptocurrency exchange FTX, according to an April 23 filing in the US District Court for the Southern District of Florida.The settlement amount remains confidential, with terms expected to be disclosed once ...",Cointelegraph,https://cointelegraph.com/news/shaquille-o-neal-reaches-settlement-in-ftx-lawsuit-terms-remain-secret,0.122894,https://cointelegraph.com/news/shaquille-o-neal-reaches-settlement-in-ftx-lawsuit-terms-remain-secret,"Shaquille O'Neal reaches settlement in FTX lawsuit, terms remain secret",Amin Haqshanas,https://s3.cointelegraph.com/uploads/2025-04/01966715-7063-79b5-873a-5b3de99df7fd,cointelegraph.com,Blockchain,-0.05379,Neutral,"[{""ticker"": ""CRYPTO:ETH"", ""relevance_score"": ""0.122894"", ""ticker_sentiment_score"": ""0.0"", ""ticker_sentiment_label"": ""Neutral""}]"
2025-04-25,"LAS VEGAS, April 25, 2025 ( GLOBE NEWSWIRE ) -- Tired of limits and exclusions? Maybe you want to use a credit card, or even crypto? Non-GamStop casinos like 1RED Casino offer total freedom to play without restrictions - fast payouts, massive bonuses, and nonstop action whenever you want!",Benzinga,https://www.benzinga.com/pressreleases/25/04/g45008492/best-non-gamstop-casino-non-uk-casino-1red-tested,0.049629,https://www.benzinga.com/pressreleases/25/04/g45008492/best-non-gamstop-casino-non-uk-casino-1red-tested,Best Non-GamStop Casino: Non-UK Casino 1RED Tested,Globe Newswire,https://ml.globenewswire.com/Resource/Download/4c31ac1b-3407-4e11-b079-42c5a32adfb0/1red-tested.jpg,www.benzinga.com,Blockchain,0.455593,Bullish,"[{""ticker"": ""MA"", ""relevance_score"": ""0.016552"", ""ticker_sentiment_score"": ""0.169556"", ""ticker_sentiment_label"": ""Somewhat-Bullish""}, {""ticker"": ""PYPL"", ""relevance_score"": ""0.016552"", ""ticker_sentiment_score"": ""0.0"", ""ticker_sentiment_label"": ""Neutral""}, {""ticker"": ""CRYPTO:BTC"", ""relevance_score"": ""0.049629"", ""ticker_sentiment_score"": ""0.093999"", ""ticker_sentiment_label"": ""Neutral""}, {""ticker"": ""CRYPTO:ETH"", ""relevance_score"": ""0.049629"", ""ticker_sentiment_score"": ""0.093999"", ""ticker_sentiment_label"": ""Neutral""}, {""ticker"": ""CRYPTO:LTC"", ""relevance_score"": ""0.049629"", ""ticker_sentiment_score"": ""0.093999"", ""ticker_sentiment_label"": ""Neutral""}]"
2025-04-25,"Decentralized AI startup Nous Research has raised $50 million in a Series A round led by crypto venture giant Paradigm, marking one of the largest investments at the intersection of blockchain and artificial intelligence to date.According to an April 25 report from Fortune, the funding round ...",Cointelegraph,https://cointelegraph.com/news/nous-research-raises-50m-paradigm-decentralized-ai-solana,0.080188,https://cointelegraph.com/news/nous-research-raises-50m-paradigm-decentralized-ai-solana,Nous Research secures $50M from Paradigm to build decentralized AI on Solana,Amin Haqshanas,https://s3.cointelegraph.com/uploads/2025-04/01966d09-6be3-709c-a036-e0c02a1e96a5,cointelegraph.com,Blockchain,0.305318,Somewhat-Bullish,"[{""ticker"": ""CRYPTO:ETH"", ""relevance_score"": ""0.080188"", ""ticker_sentiment_score"": ""0.448354"", ""ticker_sentiment_label"": ""Bullish""}, {""ticker"": ""CRYPTO:UNI"", ""relevance_score"": ""0.159569"", ""ticker_sentiment_score"": ""0.55839"", ""ticker_sentiment_label"": ""Bullish""}]"
2025-04-25,"An official of the Swiss National Bank dismissed calls for the institution to add Bitcoin to its reserves as a hedge against the ongoing macroeconomic turmoil.According to an April 25 Reuters report, Swiss National Bank Chairman Martin Schlegel said that ""cryptocurrency cannot currently fulfil ...",Cointelegraph,https://cointelegraph.com/news/swiss-national-bank-official-dismisses-bitcoin-reserve-calls,0.088472,https://cointelegraph.com/news/swiss-national-bank-official-dismisses-bitcoin-reserve-calls,Swiss National Bank chief dismisses Bitcoin reserve calls,Adrian Zmudzinski,https://s3.cointelegraph.com/uploads/2025-04/01966d42-31cb-7ae8-928d-42b97f1ee814,cointelegraph.com,"Economy - Monetary,Blockchain",-0.018994,Neutral,"[{""ticker"": ""FOREX:EUR"", ""relevance_score"": ""0.088472"", ""ticker_sentiment_score"": ""-0.073256"", ""ticker_sentiment_label"": ""Neutral""}, {""ticker"": ""FOREX:USD"", ""relevance_score"": ""0.088472"", ""ticker_sentiment_score"": ""-0.073256"", ""ticker_sentiment_label"": ""Neutral""}, {""ticker"": ""CRYPTO:BTC"", ""relevance_score"": ""0.817578"", ""ticker_sentiment_score"": ""-0.064871"", ""ticker_sentiment_label"": ""Neutral""}, {""ticker"": ""CRYPTO:ETH"", ""relevance_score"": ""0.088472"", ""ticker_sentiment_score"": ""0.0"", ""ticker_sentiment_label"": ""Neutral""}]"
2025-04-25,"Opinion by: Daniel Ahmed, co-founder of Fasset and founding member of the Own FoundationCrypto was born from a vision to decentralize power, democratize finance and build systems where equity prevails over exploitation. Somewhere along the way, however, the movement lost its moral compass.",Cointelegraph,https://cointelegraph.com/news/ethical-finance-must-guide-crypto-s-evolution,0.084423,https://cointelegraph.com/news/ethical-finance-must-guide-crypto-s-evolution,Ethical finance must guide crypto's evolution,Daniel Ahmed,"https://images.cointelegraph.com/cdn-cgi/image/format=auto,onerror=redirect,quality=90,width=1200/https://s3.cointelegraph.com/uploads/2025-03/0195d76d-afd0-7b74-a467-19227ec4f74d",cointelegraph.com,"Economy - Monetary,Blockchain,Financial Markets",0.327596,Somewhat-Bullish,"[{""ticker"": ""CRYPTO:ETH"", ""relevance_score"": ""0.084423"", ""ticker_sentiment_score"": ""0.04626"", ""ticker_sentiment_label"": ""Neutral""}]"
2025-04-25,"Bitcoin soared above $95,000 per coin on Friday morning-the first time it has topped that mark in two months.",Decrypt.co,https://decrypt.co/316459/bitcoin-tops-95k-first-time-months,0.238133,https://decrypt.co/316459/bitcoin-tops-95k-first-time-months,Bitcoin Tops $95K for the First Time in Months as Stocks Remain Flat,Mat Di Salvo,https://cdn.decrypt.co/resize/1024/height/512/wp-content/uploads/2023/05/bitcoin-up-gID_7.jpg,decrypt.co,"Blockchain,Financial Markets",0.098388,Neutral,"[{""ticker"": ""CRYPTO:BTC"", ""relevance_score"": ""0.711131"", ""ticker_sentiment_score"": ""0.203072"", ""ticker_sentiment_label"": ""Somewhat-Bullish""}, {""ticker"": ""CRYPTO:ETH"", ""relevance_score"": ""0.238133"", ""ticker_sentiment_score"": ""0.0"", ""ticker_sentiment_label"": ""Neutral""}, {""ticker"": ""CRYPTO:DOGE"", ""relevance_score"": ""0.238133"", ""ticker_sentiment_score"": ""0.0"", ""ticker_sentiment_label"": ""Neutral""}]"
2025-04-25,Bitcoin hit a two-month peak Friday as investors mulled Donald Trump's purported progress on trade negotiations with China.,Decrypt.co,https://decrypt.co/316497/bitcoin-rising-china-tariffs-stocks,0.080728,https://decrypt.co/316497/bitcoin-rising-china-tariffs-stocks,Bitcoin on the Rise as China Tariff Exemptions Give Stocks Relief,André Beganski,https://cdn.decrypt.co/resize/1024/height/512/wp-content/uploads/2023/11/China-Chips-shutterstock_1914117646-16x9-1-gID_7.jpg,decrypt.co,"Economy - Monetary,Financial Markets,Manufacturing,Blockchain",-0.064951,Neutral,"[{""ticker"": ""NYT"", ""relevance_score"": ""0.080728"", ""ticker_sentiment_score"": ""-0.017553"", ""ticker_sentiment_label"": ""Neutral""}, {""ticker"": ""WBD"", ""relevance_score"": ""0.080728"", ""ticker_sentiment_score"": ""-0.21867"", ""ticker_sentiment_label"": ""Somewhat-Bearish""}, {""ticker"": ""CRYPTO:BTC"", ""relevance_score"": ""0.080728"", ""ticker_sentiment_score"": ""0.062692"", ""ticker_sentiment_label"": ""Neutral""}, {""ticker"": ""CRYPTO:ETH"", ""relevance_score"": ""0.080728"", ""ticker_sentiment_score"": ""0.032072"", ""ticker_sentiment_label"": ""Neutral""}, {""ticker"": ""CRYPTO:XRP"", ""relevance_score"": ""0.080728"", ""ticker_sentiment_score"": ""0.032072"", ""ticker_sentiment_label"": ""Neutral""}]"
2025-04-25,"Nasdaq has urged the US Securities and Exchange Commission ( SEC ) to hold digital assets to the same regulatory standards as securities if they constitute ""stocks by any other name,"" according to an April 25 comment letter.",Cointelegraph,https://cointelegraph.com/news/nasdaq-urges-sec-to-treat-certain-cryptocurrencies-as-stocks-by-any-other-name,0.090134,https://cointelegraph.com/news/nasdaq-urges-sec-to-treat-certain-cryptocurrencies-as-stocks-by-any-other-name,Nasdaq urges SEC to treat certain digital assets as 'stocks by any other name',Alex O’Donnell,https://s3.cointelegraph.com/uploads/2025-04/01966e35-02e1-7076-948d-de920703fed2,cointelegraph.com,"Blockchain,Financial Markets",0.201896,Somewhat-Bullish,"[{""ticker"": ""FOREX:USD"", ""relevance_score"": ""0.090134"", ""ticker_sentiment_score"": ""-0.115148"", ""ticker_sentiment_label"": ""Neutral""}, {""ticker"": ""CRYPTO:BTC"", ""relevance_score"": ""0.179121"", ""ticker_sentiment_score"": ""0.185353"", ""ticker_sentiment_label"": ""Somewhat-Bullish""}, {""ticker"": ""CRYPTO:ETH"", ""relevance_score"": ""0.090134"", ""ticker_sentiment_score"": ""-0.257582"", ""ticker_sentiment_label"": ""Somewhat-Bearish""}]"
2025-04-25,"LONDON, UK , April 25, 2025 ( GLOBE NEWSWIRE ) -- Amid ongoing volatility in global markets and the cryptocurrency sector, Hartcoin, an AI-powered cloud mining platform, is drawing worldwide attention by providing one of the most profitable and accessible methods to earn digital assets in 2025.",Benzinga,https://www.benzinga.com/pressreleases/25/04/g45022014/hartcoin-launches-most-profitable-ai-powered-cloud-mining-platform-of-2025-amid-market-uncertainty,0.148273,https://www.benzinga.com/pressreleases/25/04/g45022014/hartcoin-launches-most-profitable-ai-powered-cloud-mining-platform-of-2025-amid-market-uncertainty,Hartcoin Launches Most Profitable AI-Powered Cloud Mining Platform of 2025 Amid Market Uncertainty,Globe Newswire,https://ml.globenewswire.com/media/6e3d410c-ae35-4461-a752-c10d5b2bee37/small/chandos-png.png,www.benzinga.com,"Earnings,Blockchain,Financial Markets",0.436906,Bullish,"[{""ticker"": ""CRYPTO:BTC"", ""relevance_score"": ""0.220809"", ""ticker_sentiment_score"": ""0.225152"", ""ticker_sentiment_label"": ""Somewhat-Bullish""}, {""ticker"": ""CRYPTO:ETH"", ""relevance_score"": ""0.148273"", ""ticker_sentiment_score"": ""-0.048202"", ""ticker_sentiment_label"": ""Neutral""}, {""ticker"": ""CRYPTO:DOGE"", ""relevance_score"": ""0.07446"", ""ticker_sentiment_score"": ""0.357329"", ""ticker_sentiment_label"": ""Bullish""}, {""ticker"": ""CRYPTO:LTC"", ""relevance_score"": ""0.148273"", ""ticker_sentiment_score"": ""-0.048202"", ""ticker_sentiment_label"": ""Neutral""}]"
2025-04-25,"After launching Bitcoin and Ethereum ETFs, the crypto asset manager is expanding its focus-now to Near Protocol.",Decrypt.co,https://decrypt.co/316472/near-etf-next-bitwise-seeks-approval,0.299478,https://decrypt.co/316472/near-etf-next-bitwise-seeks-approval,"Near ETF Next? Bitwise Seeks Approval Alongside Solana, XRP and Dogecoin Filings",Mat Di Salvo,https://cdn.decrypt.co/resize/1024/height/512/wp-content/uploads/2021/12/near-protocol-update-gID_7.jpg,decrypt.co,"Blockchain,Financial Markets",0.347662,Somewhat-Bullish,"[{""ticker"": ""CRYPTO:BTC"", ""relevance_score"": ""0.152499"", ""ticker_sentiment_score"": ""0.322828"", ""ticker_sentiment_label"": ""Somewhat-Bullish""}, {""ticker"": ""CRYPTO:ETH"", ""relevance_score"": ""0.299478"", ""ticker_sentiment_score"": ""0.274132"", ""ticker_sentiment_label"": ""Somewhat-Bullish""}, {""ticker"": ""CRYPTO:DOGE"", ""relevance_score"": ""0.152499"", ""ticker_sentiment_score"": ""0.358004"", ""ticker_sentiment_label"": ""Bullish""}]"
2025-04-25,"LAS VEGAS, April 25, 2025 ( GLOBE NEWSWIRE ) -- Online casino Canada players demand trustworthy, top-quality gaming experiences. But with so many casino sites popping up, how do you know which ones truly deliver and which ones falter?",Benzinga,https://www.benzinga.com/pressreleases/25/04/g45008439/best-online-casino-canada-complaints-investigated-2025-user-reviews-tested-verified,0.010987,https://www.benzinga.com/pressreleases/25/04/g45008439/best-online-casino-canada-complaints-investigated-2025-user-reviews-tested-verified,Best Online Casino Canada:  ( Complaints Investigated )  2025 User Reviews Tested & Verified,Globe Newswire,https://ml.globenewswire.com/Resource/Download/0ef2a00c-081b-44a4-a9fa-ce82e842cee6/boho-casino.jpg,www.benzinga.com,Blockchain,0.435438,Bullish,"[{""ticker"": ""CURN"", ""relevance_score"": ""0.005494"", ""ticker_sentiment_score"": ""-0.005706"", ""ticker_sentiment_label"": ""Neutral""}, {""ticker"": ""WYCC"", ""relevance_score"": ""0.005494"", ""ticker_sentiment_score"": ""0.312259"", ""ticker_sentiment_label"": ""Somewhat-Bullish""}, {""ticker"": ""MA"", ""relevance_score"": ""0.01648"", ""ticker_sentiment_score"": ""0.149809"", ""ticker_sentiment_label"": ""Neutral""}, {""ticker"": ""RDDT"", ""relevance_score"": ""0.005494"", ""ticker_sentiment_score"": ""0.113247"", ""ticker_sentiment_label"": ""Neutral""}, {""ticker"": ""PYTCF"", ""relevance_score"": ""0.032953"", ""ticker_sentiment_score"": ""0.181725"", ""ticker_sentiment_label"": ""Somewhat-Bullish""}, {""ticker"": ""CRYPTO:BTC"", ""relevance_score"": ""0.027464"", ""ticker_sentiment_score"": ""0.126938"", ""ticker_sentiment_label"": ""Neutral""}, {""ticker"": ""CRYPTO:ETH"", ""relevance_score"": ""0.010987"", ""ticker_sentiment_score"": ""0.114909"", ""ticker_sentiment_label"": ""Neutral""}, {""ticker"": ""CRYPTO:DOGE"", ""relevance_score"": ""0.010987"", ""ticker_sentiment_score"": ""0.114909"", ""ticker_sentiment_label"": ""Neutral""}, {""ticker"": ""CRYPTO:USDT"", ""relevance_score"": ""0.010987"", ""ticker_sentiment_score"": ""0.114909"", ""ticker_sentiment_label"": ""Neutral""}, {""ticker"": ""CRYPTO:LTC"", ""relevance_score"": ""0.010987"", ""ticker_sentiment_score"": ""0.114909"", ""ticker_sentiment_label"": ""Neutral""}, {""ticker"": ""CRYPTO:XRP"", ""relevance_score"": ""0.005494"", ""ticker_sentiment_score"": ""0.080201"", ""ticker_sentiment_label"": ""Neutral""}]"
2025-04-25,"Cryptocurrency firms and centralized exchanges are launching more traditional investment offerings, bridging the divide between traditional financial and digital assets.With investors seeking more flexible product offerings under one platform, the ""line is blurring"" between traditional finance ( ...",Cointelegraph,https://cointelegraph.com/news/crypto-firms-launch-wall-street-funds-finance-redefined,0.07446,https://cointelegraph.com/news/crypto-firms-launch-wall-street-funds-finance-redefined,Crypto firms launch Wall Street-style funds: Finance Redefined,Zoltan Vardai,https://s3.cointelegraph.com/uploads/2025-04/01966d24-04a3-776c-941c-5603f79d6a37,cointelegraph.com,"Finance,Blockchain,Financial Markets",0.145467,Neutral,"[{""ticker"": ""COIN"", ""relevance_score"": ""0.037271"", ""ticker_sentiment_score"": ""0.116617"", ""ticker_sentiment_label"": ""Neutral""}, {""ticker"": ""FOREX:USD"", ""relevance_score"": ""0.037271"", ""ticker_sentiment_score"": ""0.069885"", ""ticker_sentiment_label"": ""Neutral""}, {""ticker"": ""CRYPTO:BTC"", ""relevance_score"": ""0.111488"", ""ticker_sentiment_score"": ""0.020318"", ""ticker_sentiment_label"": ""Neutral""}, {""ticker"": ""CRYPTO:ETH"", ""relevance_score"": ""0.07446"", ""ticker_sentiment_score"": ""0.073608"", ""ticker_sentiment_label"": ""Neutral""}, {""ticker"": ""CRYPTO:AAVE"", ""relevance_score"": ""0.037271"", ""ticker_sentiment_score"": ""0.142145"", ""ticker_sentiment_label"": ""Neutral""}, {""ticker"": ""CRYPTO:LTC"", ""relevance_score"": ""0.037271"", ""ticker_sentiment_score"": ""0.057327"", ""ticker_sentiment_label"": ""Neutral""}]"
2025-04-25,"Experts told Decrypt that address poisoning scams are on the rise, with attackers deploying a ""pray-and-prey"" tactic to find victims.",Decrypt.co,https://decrypt.co/316412/crypto-user-loses-700000-to-address-poisoning-scam-heres-what-happened,0.073321,https://decrypt.co/316412/crypto-user-loses-700000-to-address-poisoning-scam-heres-what-happened,"Crypto User Loses $700,000 To Address Poisoning Scam-Here's What Happened",Ryan S. Gladwin,https://cdn.decrypt.co/resize/1024/height/512/wp-content/uploads/2025/04/poison-gID_7.jpg,decrypt.co,Blockchain,-0.305638,Somewhat-Bearish,"[{""ticker"": ""CRYPTO:ETH"", ""relevance_score"": ""0.073321"", ""ticker_sentiment_score"": ""-0.382724"", ""ticker_sentiment_label"": ""Bearish""}, {""ticker"": ""CRYPTO:USDT"", ""relevance_score"": ""0.419153"", ""ticker_sentiment_score"": ""-0.516238"", ""ticker_sentiment_label"": ""Bearish""}]"
2025-04-25,"Ethereum core developers are considering a four times increase in the layer 1 gas limit as one of the key features for the next hard fork after Pectra, known as Fusaka.The devs are proposing to test a raise in Ethereum's gas limit to 150 million by the Fusaka hard fork, according to Ethereum ...",Cointelegraph,https://cointelegraph.com/news/ethereum-devs-test-4x-increase-gas-limit-next-hard-fork,0.629492,https://cointelegraph.com/news/ethereum-devs-test-4x-increase-gas-limit-next-hard-fork,Ethereum devs test a 4x increase in gas limit for Fusaka hard fork,Stephen Katte,https://s3.cointelegraph.com/uploads/2025-04/01966b53-9654-7267-93ee-2d348b550803,cointelegraph.com,,0.043304,Neutral,"[{""ticker"": ""CRYPTO:ETH"", ""relevance_score"": ""0.629492"", ""ticker_sentiment_score"": ""-0.108893"", ""ticker_sentiment_label"": ""Neutral""}]"
2025-04-25,"Central banks, particularly China, may start to shift away from US Treasurys, exploring alternatives such as gold and Bitcoin, according to Jay Jacobs, BlackRock's head of thematics and active ETFs.In a recent interview with CNBC, Jacobs said that geopolitical tensions and rising global ...",Cointelegraph,https://cointelegraph.com/news/china-shift-us-treasuries-gold-bitcoin-blackrock-jay-jacobs,0.084423,https://cointelegraph.com/news/china-shift-us-treasuries-gold-bitcoin-blackrock-jay-jacobs,"China may shift from US Treasurys toward gold, crypto - BlackRock exec",Amin Haqshanas,https://s3.cointelegraph.com/uploads/2025-04/01966ca3-5e2b-7dcb-bc1b-c2a3961bce59,cointelegraph.com,"Economy - Monetary,Financial Markets,Technology,Blockchain,Economy - Macro",0.097664,Neutral,"[{""ticker"": ""GOOG"", ""relevance_score"": ""0.084423"", ""ticker_sentiment_score"": ""0.0"", ""ticker_sentiment_label"": ""Neutral""}, {""ticker"": ""CRYPTO:BTC"", ""relevance_score"": ""0.710888"", ""ticker_sentiment_score"": ""0.261063"", ""ticker_sentiment_label"": ""Somewhat-Bullish""}, {""ticker"": ""CRYPTO:ETH"", ""relevance_score"": ""0.084423"", ""ticker_sentiment_score"": ""-0.254414"", ""ticker_sentiment_label"": ""Somewhat-Bearish""}]"
2025-04-25,"Leading cryptocurrencies held steady Thursday as the market warmed up to a Bitcoin re-accumulation trend. What Happened: Bitcoin dived to $91,700 early morning on profit-taking but regained the $93,000 by the afternoon. Overnight momentum lifted it briefly past $94,000.",Benzinga,https://www.benzinga.com/25/04/44999660/bitcoin-ethereum-move-sideways-dogecoin-gains-analyst-highlights-btc-re-accumulation-as-exchange-outflows-surge,0.082677,https://www.benzinga.com/25/04/44999660/bitcoin-ethereum-move-sideways-dogecoin-gains-analyst-highlights-btc-re-accumulation-as-exchange-outflows-surge,"Bitcoin, Ethereum Flat, Dogecoin Dips As Accumulation Gains Momentum: Path To $120,000 'Wide Open' For BTC, Says Analyst - Grayscale Bitcoin Mini Trust  ( BTC )  Common units of fractional undivided beneficial interest  ( ARCA:BTC ) ",Aniket Verma,https://cdn.benzinga.com/files/images/story/2025/04/24/Bitcoin-Cryptocurrency-Stock-Market-Conc_0.jpeg?width=1200&height=800&fit=crop,www.benzinga.com,"Blockchain,Financial Markets,Manufacturing",0.156158,Somewhat-Bullish,"[{""ticker"": ""NVDA"", ""relevance_score"": ""0.164468"", ""ticker_sentiment_score"": ""0.398358"", ""ticker_sentiment_label"": ""Bullish""}, {""ticker"": ""TSLA"", ""relevance_score"": ""0.164468"", ""ticker_sentiment_score"": ""0.398358"", ""ticker_sentiment_label"": ""Bullish""}, {""ticker"": ""CRYPTO:BTC"", ""relevance_score"": ""0.593715"", ""ticker_sentiment_score"": ""0.148013"", ""ticker_sentiment_label"": ""Neutral""}, {""ticker"": ""CRYPTO:ETH"", ""relevance_score"": ""0.082677"", ""ticker_sentiment_score"": ""-0.041189"", ""ticker_sentiment_label"": ""Neutral""}]"
2025-04-25,"Billion-dollar asset manager ARK Invest has raised its ""bull case"" Bitcoin price target from $1.5 million to $2.4 million by the end of 2030, driven largely by institutional investors and Bitcoin's increasing acceptance as ""digital gold.""ARK's ""bear"" and ""base"" case scenarios for the price of ...",Cointelegraph,https://cointelegraph.com/news/ark-invest-predicts-bitcoin-could-rise-to-over-2-million-by-2030,0.090816,https://cointelegraph.com/news/ark-invest-predicts-bitcoin-could-rise-to-over-2-million-by-2030,ARK Invest ups its 2030 Bitcoin bull case prediction to $2.4M,Brayden Lindrea,https://s3.cointelegraph.com/uploads/2025-04/01966a8e-9501-79e5-9fb9-b8f3515bd9ef,cointelegraph.com,Economy - Monetary,0.18953,Somewhat-Bullish,"[{""ticker"": ""CRYPTO:BTC"", ""relevance_score"": ""0.912924"", ""ticker_sentiment_score"": ""0.386205"", ""ticker_sentiment_label"": ""Bullish""}, {""ticker"": ""CRYPTO:ETH"", ""relevance_score"": ""0.090816"", ""ticker_sentiment_score"": ""0.0"", ""ticker_sentiment_label"": ""Neutral""}]"
2025-04-25,Will lower interest rates once again lead to higher crypto prices?,Motley Fool,https://www.fool.com/investing/2025/04/25/interest-rate-cut-on-the-horizon-affect-crypto/,0.110973,https://www.fool.com/investing/2025/04/25/interest-rate-cut-on-the-horizon-affect-crypto/,There Could Be an Interest Rate Cut on the Horizon. Here's How That Might Affect Cryptocurrency Prices.,Dominic Basulto,https://g.foolcdn.com/image/?url=https%3A%2F%2Fg.foolcdn.com%2Feditorial%2Fimages%2F815424%2Ffederal-reserve-building.jpg&op=resize&w=700,www.fool.com,"Economy - Monetary,Blockchain",0.170496,Somewhat-Bullish,"[{""ticker"": ""CRCW"", ""relevance_score"": ""0.055621"", ""ticker_sentiment_score"": ""0.25399"", ""ticker_sentiment_label"": ""Somewhat-Bullish""}, {""ticker"": ""CRYPTO:BTC"", ""relevance_score"": ""0.374714"", ""ticker_sentiment_score"": ""0.260445"", ""ticker_sentiment_label"": ""Somewhat-Bullish""}, {""ticker"": ""CRYPTO:ETH"", ""relevance_score"": ""0.110973"", ""ticker_sentiment_score"": ""0.070694"", ""ticker_sentiment_label"": ""Neutral""}, {""ticker"": ""CRYPTO:ADA"", ""relevance_score"": ""0.110973"", ""ticker_sentiment_score"": ""0.070694"", ""ticker_sentiment_label"": ""Neutral""}]"
2025-04-25,"When Zach Ingrasci and Chris Temple had the idea to make the documentary film Vitalik: An Ethereum Story, they were actually filming another documentary, and over the course of their filmmaking journey, they ended up capturing both a deeper, human look at the world of crypto and an end product ...",Cointelegraph,https://cointelegraph.com/news/vitalik-an-ethereum-story-less-crypto-more-human,0.309041,https://cointelegraph.com/news/vitalik-an-ethereum-story-less-crypto-more-human,'Vitalik: An Ethereum Story' is less about crypto and more about being human,Stephen Laddin,https://s3.cointelegraph.com/uploads/2025-04/01966c19-00bd-7d4e-9f85-d692cd774e31,cointelegraph.com,Blockchain,0.216456,Somewhat-Bullish,"[{""ticker"": ""CRYPTO:ETH"", ""relevance_score"": ""0.309041"", ""ticker_sentiment_score"": ""0.216532"", ""ticker_sentiment_label"": ""Somewhat-Bullish""}]"
2025-04-25,"Bitcoin ( CRYPTO: BTC ) may be the biggest cryptocurrency by market cap, weighing in at $1.85 trillion on April 24, but that doesn't mean it's the leader across every metric. In fact, it's one of the absolute laggards for one data point in particular -- and it happens to be the heartbeat of many ...",Motley Fool,https://www.fool.com/investing/2025/04/25/bitcoin-performs-the-worst-among-major-cryptos/,0.118354,https://www.fool.com/investing/2025/04/25/bitcoin-performs-the-worst-among-major-cryptos/,Bitcoin Performs the Worst By Far Among All Major Cryptocurrencies on This 1 Metric. Here's Why It's Still a Buy.,Alex Carchidi,https://media.ycharts.com/charts/964e45f2673cb2204958ab5a6666978f.png,www.fool.com,"Blockchain,Financial Markets",0.119425,Neutral,"[{""ticker"": ""CRYPTO:BTC"", ""relevance_score"": ""0.497126"", ""ticker_sentiment_score"": ""0.127244"", ""ticker_sentiment_label"": ""Neutral""}, {""ticker"": ""CRYPTO:ETH"", ""relevance_score"": ""0.118354"", ""ticker_sentiment_score"": ""0.015938"", ""ticker_sentiment_label"": ""Neutral""}, {""ticker"": ""CRYPTO:ADA"", ""relevance_score"": ""0.118354"", ""ticker_sentiment_score"": ""0.015938"", ""ticker_sentiment_label"": ""Neutral""}]"
2025-04-25,"The SEC has delayed a decision on rules changes for ETFs based on Hedera and Polkadot, plus a fund based on Ethereum and Bitcoin.",Decrypt.co,https://decrypt.co/316370/sec-punts-hedera-polkadot-etfs,0.324495,https://decrypt.co/316370/sec-punts-hedera-polkadot-etfs,"SEC Needs More Time to Decide on Polkadot, Hedera ETFs",James Rubin,https://cdn.decrypt.co/resize/1024/height/512/wp-content/uploads/2024/04/crypto-etf-gID_7.jpg,decrypt.co,"Blockchain,Financial Markets",0.132756,Neutral,"[{""ticker"": ""CRYPTO:BTC"", ""relevance_score"": ""0.671304"", ""ticker_sentiment_score"": ""0.281223"", ""ticker_sentiment_label"": ""Somewhat-Bullish""}, {""ticker"": ""CRYPTO:ETH"", ""relevance_score"": ""0.324495"", ""ticker_sentiment_score"": ""0.108435"", ""ticker_sentiment_label"": ""Neutral""}, {""ticker"": ""CRYPTO:DOGE"", ""relevance_score"": ""0.219809"", ""ticker_sentiment_score"": ""0.016973"", ""ticker_sentiment_label"": ""Neutral""}, {""ticker"": ""CRYPTO:LTC"", ""relevance_score"": ""0.110973"", ""ticker_sentiment_score"": ""0.0111"", ""ticker_sentiment_label"": ""Neutral""}, {""ticker"": ""CRYPTO:ADA"", ""relevance_score"": ""0.110973"", ""ticker_sentiment_score"": ""0.0111"", ""ticker_sentiment_label"": ""Neutral""}]"
2025-04-25,"The tide of capital once destined for raw spot Bitcoin has begun to flow through institutional canals, spot exchange-traded funds ( ETFs ) , structured products and wrapped exposure, and while the water is rising fast, the waves aren't quite the same.",Cointelegraph,https://cointelegraph.com/news/sentiment-engine-bitcoin-etfs-rewiring-market-structure,0.146916,https://cointelegraph.com/news/sentiment-engine-bitcoin-etfs-rewiring-market-structure,The sentiment engine of Bitcoin ETFs is rewiring market structure,Michael Tabone,https://s3.cointelegraph.com/uploads/2025-04/01966c2b-d696-72f4-8a79-42b0403cac71,cointelegraph.com,"Economy - Monetary,Financial Markets,Finance,Blockchain",0.14923,Neutral,"[{""ticker"": ""COIN"", ""relevance_score"": ""0.049221"", ""ticker_sentiment_score"": ""0.05197"", ""ticker_sentiment_label"": ""Neutral""}, {""ticker"": ""CRYPTO:BTC"", ""relevance_score"": ""0.577718"", ""ticker_sentiment_score"": ""0.199116"", ""ticker_sentiment_label"": ""Somewhat-Bullish""}, {""ticker"": ""CRYPTO:ETH"", ""relevance_score"": ""0.146916"", ""ticker_sentiment_score"": ""0.034867"", ""ticker_sentiment_label"": ""Neutral""}, {""ticker"": ""CRYPTO:UNI"", ""relevance_score"": ""0.049221"", ""ticker_sentiment_score"": ""0.05197"", ""ticker_sentiment_label"": ""Neutral""}]"
2025-04-25,"Tariffs have had a colossal negative impact on the crypto market. Nearly every major cryptocurrency is now down for the year, and some are down as much as 50%.However, if you only focus on the past 30 days, a different picture emerges.",Motley Fool,https://www.fool.com/investing/2025/04/25/cryptocurrencies-to-buy-after-trump-tariffs/,0.334978,https://www.fool.com/investing/2025/04/25/cryptocurrencies-to-buy-after-trump-tariffs/,3 Cryptocurrencies to Buy in the Wake of Trump's Latest Wave of Tariffs,Dominic Basulto,https://g.foolcdn.com/image/?url=https%3A%2F%2Fg.foolcdn.com%2Feditorial%2Fimages%2F815563%2Fai-chip.jpg&op=resize&w=700,www.fool.com,"Economy - Monetary,Blockchain,Financial Markets",0.097717,Neutral,"[{""ticker"": ""CRYPTO:BTC"", ""relevance_score"": ""0.503757"", ""ticker_sentiment_score"": ""0.148289"", ""ticker_sentiment_label"": ""Neutral""}, {""ticker"": ""CRYPTO:ETH"", ""relevance_score"": ""0.334978"", ""ticker_sentiment_score"": ""0.120916"", ""ticker_sentiment_label"": ""Neutral""}]"
2025-04-25,"VICTORIA, Seychelles, April 25, 2025 ( GLOBE NEWSWIRE ) -- Bridgeless DeFi is becoming reality. Tunnl, a next-generation decentralized finance protocol, has announced that it will officially launch and roll out its TUN token in May 2025.",Benzinga,https://www.benzinga.com/pressreleases/25/04/g45004529/tunnl-sets-may-2025-mainnet-launch-for-bridgeless-interchain-defi-protocol,0.216376,https://www.benzinga.com/pressreleases/25/04/g45004529/tunnl-sets-may-2025-mainnet-launch-for-bridgeless-interchain-defi-protocol,Tunnl Sets May 2025 Mainnet Launch for Bridgeless Interchain DeFi Protocol,Globe Newswire,https://ml.globenewswire.com/Resource/Download/25159c74-c056-4fa4-a9d2-58f098d0fe41/tunnl-exchange.jpg,www.benzinga.com,"Blockchain,Financial Markets",0.150351,Somewhat-Bullish,"[{""ticker"": ""CRYPTO:BTC"", ""relevance_score"": ""0.268589"", ""ticker_sentiment_score"": ""0.036235"", ""ticker_sentiment_label"": ""Neutral""}, {""ticker"": ""CRYPTO:ETH"", ""relevance_score"": ""0.216376"", ""ticker_sentiment_score"": ""0.030449"", ""ticker_sentiment_label"": ""Neutral""}, {""ticker"": ""CRYPTO:USDT"", ""relevance_score"": ""0.054732"", ""ticker_sentiment_score"": ""0.064019"", ""ticker_sentiment_label"": ""Neutral""}, {""ticker"": ""CRYPTO:AVAX"", ""relevance_score"": ""0.054732"", ""ticker_sentiment_score"": ""0.064019"", ""ticker_sentiment_label"": ""Neutral""}]"
2025-04-25,"PORTLAND, Ore., April 25, 2025 ( GLOBE NEWSWIRE ) -- Whether you are looking for luck-based games like slots or skill-based games like poker, 7Bit Casino delivers the best.",Benzinga,https://www.benzinga.com/pressreleases/25/04/g45004553/best-online-casinos-canada-why-7bit-casino-is-ranked-as-top-canadian-online-casino,0.03944,https://www.benzinga.com/pressreleases/25/04/g45004553/best-online-casinos-canada-why-7bit-casino-is-ranked-as-top-canadian-online-casino,Best Online Casinos Canada: Why 7Bit Casino Is Ranked As Top Canadian Online Casino,Globe Newswire,https://ml.globenewswire.com/Resource/Download/26c8297c-4df1-47b1-9448-a50bdd966987/7bit-casino.jpg,www.benzinga.com,Blockchain,0.488628,Bullish,"[{""ticker"": ""MA"", ""relevance_score"": ""0.03944"", ""ticker_sentiment_score"": ""0.192688"", ""ticker_sentiment_label"": ""Somewhat-Bullish""}, {""ticker"": ""CRYPTO:BTC"", ""relevance_score"": ""0.182506"", ""ticker_sentiment_score"": ""0.441608"", ""ticker_sentiment_label"": ""Bullish""}, {""ticker"": ""CRYPTO:ETH"", ""relevance_score"": ""0.03944"", ""ticker_sentiment_score"": ""0.113505"", ""ticker_sentiment_label"": ""Neutral""}, {""ticker"": ""CRYPTO:DOGE"", ""relevance_score"": ""0.026299"", ""ticker_sentiment_score"": ""0.0"", ""ticker_sentiment_label"": ""Neutral""}, {""ticker"": ""CRYPTO:LTC"", ""relevance_score"": ""0.03944"", ""ticker_sentiment_score"": ""0.113505"", ""ticker_sentiment_label"": ""Neutral""}, {""ticker"": ""CRYPTO:BCH"", ""relevance_score"": ""0.026299"", ""ticker_sentiment_score"": ""0.0"", ""ticker_sentiment_label"": ""Neutral""}]"
2025-04-25,"Key takeaways: SUI is up 23% in the past 24 hours and 73% weekly, outperforming top-cap cryptocurrencies.The launch of the Grayscale SUI Trust and the xPortal/xMoney Mastercard partnership boosted investor confidence.SUI's TVL is up 40%, and daily DEX volumes surge by 177%, signaling strong ...",Cointelegraph,https://cointelegraph.com/news/sui-crypto-market-73-weekly-gains-new-record-in-reach,0.074692,https://cointelegraph.com/news/sui-crypto-market-73-weekly-gains-new-record-in-reach,SUI's 73% weekly price gains top crypto market - New price record in reach?,Nancy Lubale,https://s3.cointelegraph.com/uploads/2025-04/01966c53-e995-7d78-98f6-f78348d05061,cointelegraph.com,"Technology,Blockchain",0.242675,Somewhat-Bullish,"[{""ticker"": ""MA"", ""relevance_score"": ""0.221481"", ""ticker_sentiment_score"": ""0.24218"", ""ticker_sentiment_label"": ""Somewhat-Bullish""}, {""ticker"": ""GOOG"", ""relevance_score"": ""0.074692"", ""ticker_sentiment_score"": ""-0.076659"", ""ticker_sentiment_label"": ""Neutral""}, {""ticker"": ""CRYPTO:ETH"", ""relevance_score"": ""0.074692"", ""ticker_sentiment_score"": ""0.0"", ""ticker_sentiment_label"": ""Neutral""}, {""ticker"": ""CRYPTO:AVAX"", ""relevance_score"": ""0.074692"", ""ticker_sentiment_score"": ""0.103527"", ""ticker_sentiment_label"": ""Neutral""}, {""ticker"": ""CRYPTO:BNB"", ""relevance_score"": ""0.074692"", ""ticker_sentiment_score"": ""0.070597"", ""ticker_sentiment_label"": ""Neutral""}]"
2025-04-25,"Polygon Labs CEO Marc Boiron called for a fundamental shift in how decentralized finance ( DeFi ) protocols manage liquidity, labeling the sector's ongoing liquidity crisis as ""self-inflicted."" In an exclusive interview, Boiron outlined Polygon's vision for sustainable DeFi, emphasizing ...",Cointelegraph,https://cointelegraph.com/news/polygon-ceo-calls-for-sustainable-defi-over-hype-driven-liquidity,0.070517,https://cointelegraph.com/news/polygon-ceo-calls-for-sustainable-defi-over-hype-driven-liquidity,Polygon CEO: DeFi must ditch hype for sustainable liquidity,Arijit Sarkar,"https://images.cointelegraph.com/cdn-cgi/image/format=auto,onerror=redirect,quality=90,width=1200/https://s3.cointelegraph.com/uploads/2025-04/01966c3e-8f66-749e-840d-60dc5f0227b5",cointelegraph.com,Blockchain,0.291494,Somewhat-Bullish,"[{""ticker"": ""CRYPTO:ETH"", ""relevance_score"": ""0.070517"", ""ticker_sentiment_score"": ""-0.248933"", ""ticker_sentiment_label"": ""Somewhat-Bearish""}]"
2025-04-26,"United States Senator Cynthia Lummis suggests the crypto industry may be celebrating too soon over the US Federal Reserve softening its crypto guidance for banks.""The Fed withdrawing crypto guidance is just noise, not real progress,"" Lummis said in an April 25 X post.",Cointelegraph,https://cointelegraph.com/news/crypto-banking-guidance-united-states-federal-reserve-cynthia-lummis-doubts,0.09989,https://cointelegraph.com/news/crypto-banking-guidance-united-states-federal-reserve-cynthia-lummis-doubts,Crypto banking rule withdrawal by Fed 'not real progress' - Senator Lummis,Ciaran Lyons,https://s3.cointelegraph.com/uploads/2025-04/01967127-f2da-74f1-a446-23decad83ac2,cointelegraph.com,"Economy - Monetary,Blockchain",0.098751,Neutral,"[{""ticker"": ""CRYPTO:BTC"", ""relevance_score"": ""0.384397"", ""ticker_sentiment_score"": ""0.319202"", ""ticker_sentiment_label"": ""Somewhat-Bullish""}, {""ticker"": ""CRYPTO:ETH"", ""relevance_score"": ""0.09989"", ""ticker_sentiment_score"": ""-0.264095"", ""ticker_sentiment_label"": ""Somewhat-Bearish""}]"
2025-04-26,"What are reciprocal tariffs? Reciprocal tariffs might sound like textbook trade jargon, but the idea is pretty straightforward: If one country slaps tariffs on your goods, you hit back with the same. Think of it as a tit-for-tat strategy in global trade - a way for governments to say, ""If you're ...",Cointelegraph,https://cointelegraph.com/explained/what-are-reciprocal-tariffs-and-what-do-they-mean-for-the-crypto-industry,0.092213,https://cointelegraph.com/explained/what-are-reciprocal-tariffs-and-what-do-they-mean-for-the-crypto-industry,Cointelegraph Bitcoin & Ethereum Blockchain News,,https://s3.cointelegraph.com/storage/uploads/view/c468fdaf15247aa4f375b4348f7191aa.jpg,cointelegraph.com,"Economy - Monetary,Blockchain,Manufacturing",-0.021658,Neutral,"[{""ticker"": ""BA"", ""relevance_score"": ""0.030799"", ""ticker_sentiment_score"": ""-0.013284"", ""ticker_sentiment_label"": ""Neutral""}, {""ticker"": ""CRYPTO:BTC"", ""relevance_score"": ""0.183198"", ""ticker_sentiment_score"": ""0.013899"", ""ticker_sentiment_label"": ""Neutral""}, {""ticker"": ""CRYPTO:ETH"", ""relevance_score"": ""0.092213"", ""ticker_sentiment_score"": ""0.00969"", ""ticker_sentiment_label"": ""Neutral""}]"
2025-04-26,The dominant cryptocurrency could find a lot of new buyers in this investment environment.,Motley Fool,https://www.fool.com/investing/2025/04/26/3-reasons-bitcoin-could-outperform-xrp-ripple-and/,0.169279,https://www.fool.com/investing/2025/04/26/3-reasons-bitcoin-could-outperform-xrp-ripple-and/,3 Reasons Bitcoin Could Outperform XRP  ( Ripple )  and Ethereum Over the Next Year,Adam Levy,https://g.foolcdn.com/image/?url=https%3A%2F%2Fg.foolcdn.com%2Feditorial%2Fimages%2F815429%2Fgetty-images-gold-coin-with-bitcoin-symbol-on-it-cryptocurrency-btc-2128x1409-3b482f4.jpeg&op=resize&w=700,www.fool.com,"Economy - Monetary,Financial Markets,Blockchain,Economy - Macro",0.068636,Neutral,"[{""ticker"": ""FOREX:USD"", ""relevance_score"": ""0.224383"", ""ticker_sentiment_score"": ""-0.031458"", ""ticker_sentiment_label"": ""Neutral""}, {""ticker"": ""CRYPTO:BTC"", ""relevance_score"": ""0.824238"", ""ticker_sentiment_score"": ""0.155948"", ""ticker_sentiment_label"": ""Somewhat-Bullish""}, {""ticker"": ""CRYPTO:ETH"", ""relevance_score"": ""0.169279"", ""ticker_sentiment_score"": ""0.12779"", ""ticker_sentiment_label"": ""Neutral""}, {""ticker"": ""CRYPTO:XRP"", ""relevance_score"": ""0.169279"", ""ticker_sentiment_score"": ""0.12779"", ""ticker_sentiment_label"": ""Neutral""}]"
2025-04-26,"LARNACA, Cyprus, April 26, 2025 ( GLOBE NEWSWIRE ) -- The UK online gambling scene is thriving in 2025, with players seeking platforms that offer security, variety, and fast payouts. Amidst a sea of options, JACKBIT Casino stands out as the best online casino UK has to offer, earning a stellar ...",Benzinga,https://www.benzinga.com/pressreleases/25/04/g45026967/best-online-casinos-uk-2025-jackbit-rated-as-top-uk-casino-site,0.030971,https://www.benzinga.com/pressreleases/25/04/g45026967/best-online-casinos-uk-2025-jackbit-rated-as-top-uk-casino-site,Best Online Casinos UK 2025: JACKBIT Rated As Top UK Casino Site,Globe Newswire,https://ml.globenewswire.com/Resource/Download/44a272fd-3055-44b6-a3dc-a649b2557bdb/jackbit.jpg,www.benzinga.com,"Technology,Blockchain,Financial Markets",0.514549,Bullish,"[{""ticker"": ""MA"", ""relevance_score"": ""0.041287"", ""ticker_sentiment_score"": ""0.222462"", ""ticker_sentiment_label"": ""Somewhat-Bullish""}, {""ticker"": ""RDDT"", ""relevance_score"": ""0.010326"", ""ticker_sentiment_score"": ""0.411604"", ""ticker_sentiment_label"": ""Bullish""}, {""ticker"": ""GOOG"", ""relevance_score"": ""0.030971"", ""ticker_sentiment_score"": ""0.15837"", ""ticker_sentiment_label"": ""Somewhat-Bullish""}, {""ticker"": ""CRYPTO:BTC"", ""relevance_score"": ""0.041287"", ""ticker_sentiment_score"": ""0.1282"", ""ticker_sentiment_label"": ""Neutral""}, {""ticker"": ""CRYPTO:ETH"", ""relevance_score"": ""0.030971"", ""ticker_sentiment_score"": ""0.109999"", ""ticker_sentiment_label"": ""Neutral""}, {""ticker"": ""CRYPTO:DOGE"", ""relevance_score"": ""0.010326"", ""ticker_sentiment_score"": ""0.046434"", ""ticker_sentiment_label"": ""Neutral""}, {""ticker"": ""CRYPTO:LTC"", ""relevance_score"": ""0.02065"", ""ticker_sentiment_score"": ""0.013838"", ""ticker_sentiment_label"": ""Neutral""}, {""ticker"": ""CRYPTO:ADA"", ""relevance_score"": ""0.010326"", ""ticker_sentiment_score"": ""0.046434"", ""ticker_sentiment_label"": ""Neutral""}]"
2025-04-26,"World Liberty Financial ( WLFI ) , the crypto firm associated with the family of US President Donald Trump, made waves when it debuted late last year.WLFI caused a stir when it launched ahead of the president's inauguration.",Cointelegraph,https://cointelegraph.com/news/trump-wlfi-crypto-investments-arent-paying-off,0.391089,https://cointelegraph.com/news/trump-wlfi-crypto-investments-arent-paying-off,Trump's WLFI crypto investments aren't paying off,Aaron Wood,https://s3.cointelegraph.com/uploads/2025-04/01966d79-6088-7604-8466-3c9880d2440f,cointelegraph.com,"Financial Markets,Mergers & Acquisitions,Finance,Blockchain",0.155308,Somewhat-Bullish,"[{""ticker"": ""COIN"", ""relevance_score"": ""0.147592"", ""ticker_sentiment_score"": ""0.01637"", ""ticker_sentiment_label"": ""Neutral""}, {""ticker"": ""CRYPTO:BTC"", ""relevance_score"": ""0.074115"", ""ticker_sentiment_score"": ""0.14945"", ""ticker_sentiment_label"": ""Neutral""}, {""ticker"": ""CRYPTO:ETH"", ""relevance_score"": ""0.391089"", ""ticker_sentiment_score"": ""0.040285"", ""ticker_sentiment_label"": ""Neutral""}, {""ticker"": ""CRYPTO:AAVE"", ""relevance_score"": ""0.074115"", ""ticker_sentiment_score"": ""0.101871"", ""ticker_sentiment_label"": ""Neutral""}, {""ticker"": ""CRYPTO:USDT"", ""relevance_score"": ""0.037098"", ""ticker_sentiment_score"": ""0.0"", ""ticker_sentiment_label"": ""Neutral""}, {""ticker"": ""CRYPTO:AVAX"", ""relevance_score"": ""0.074115"", ""ticker_sentiment_score"": ""0.120079"", ""ticker_sentiment_label"": ""Neutral""}, {""ticker"": ""CRYPTO:WBTC"", ""relevance_score"": ""0.183895"", ""ticker_sentiment_score"": ""0.135071"", ""ticker_sentiment_label"": ""Neutral""}]"
2025-04-27,"Two Ethereum community members, Kevin Owocki and Devansh Mehta, proposed a dynamic fee structure for the Ethereum application layer to strike a balance between revenue generation for app builders and fairness in fee extraction.The April 27 proposal outlined a simple equation that uses a square ...",Cointelegraph,https://cointelegraph.com/news/ethereum-community-members-propose-fee-structure-app-layer,0.816498,https://cointelegraph.com/news/ethereum-community-members-propose-fee-structure-app-layer,Ethereum community members propose new fee structure for the app layer,Vince Quill,https://s3.cointelegraph.com/uploads/2025-04/019678ef-6420-7a21-8aed-235e1ab7f047,cointelegraph.com,"Earnings,Blockchain",0.08644,Neutral,"[{""ticker"": ""CRYPTO:ETH"", ""relevance_score"": ""0.816498"", ""ticker_sentiment_score"": ""-0.065833"", ""ticker_sentiment_label"": ""Neutral""}]"
2025-04-27,"World Network ( WLD ) outperformed some of the market's most valued cryptocurrencies after soaring more than 50% over the week. What happened: WLD, the native currency of the decentralized identity verification project, jumped 57.48% in the last seven days, becoming the sixth-largest market ...",Benzinga,https://www.benzinga.com/trading-ideas/movers/25/04/45029805/what-caused-sam-altman-founded-world-network-token-to-soar-57-in-a-week,0.42503,https://www.benzinga.com/trading-ideas/movers/25/04/45029805/what-caused-sam-altman-founded-world-network-token-to-soar-57-in-a-week,What Caused Sam Altman-Founded World Network Token To Soar 57% in a Week? What Caused Sam Altman-Founded World Network Token To Soar 57% in a Week?,Aniket Verma,https://cdn.benzinga.com/files/images/story/2025/04/27/Openai-Ceo-Sam-Altman-Attends-The-Artifi.jpeg?width=1200&height=800&fit=crop,www.benzinga.com,"Blockchain,Financial Markets",0.253338,Somewhat-Bullish,"[{""ticker"": ""CRYPTO:BTC"", ""relevance_score"": ""0.220809"", ""ticker_sentiment_score"": ""0.196634"", ""ticker_sentiment_label"": ""Somewhat-Bullish""}, {""ticker"": ""CRYPTO:ETH"", ""relevance_score"": ""0.42503"", ""ticker_sentiment_score"": ""0.136195"", ""ticker_sentiment_label"": ""Neutral""}, {""ticker"": ""CRYPTO:WDC"", ""relevance_score"": ""0.111488"", ""ticker_sentiment_score"": ""0.0"", ""ticker_sentiment_label"": ""Neutral""}]"
2025-04-27,"The past week was a roller coaster ride for the cryptocurrency market. Major cryptocurrencies like Bitcoin BTC/USD, Ethereum ETH/USD, XRP XRP/USD, and Dogecoin DOGE/USD experienced significant surges, hinting at a potential bullish momentum.",Benzinga,https://www.benzinga.com/25/04/45028954/cryptocurrencies-surge-bitcoin-mining-costs-soar-sec-chair-calls-for-clear-crypto-regulations-this-week-in-crypto,0.194242,https://www.benzinga.com/25/04/45028954/cryptocurrencies-surge-bitcoin-mining-costs-soar-sec-chair-calls-for-clear-crypto-regulations-this-week-in-crypto,"Cryptocurrencies Surge, Bitcoin Mining Costs Soar, SEC Chair Calls For Clear Crypto Regulations: This Week In Crypto - Grayscale Bitcoin Mini Trust  ( BTC )  Common units of fractional undivided beneficial interest  ( ARCA:BTC ) ",Rounak Jain,https://cdn.benzinga.com/files/images/story/2025/04/27/Crypto-Prices-Rise-Up-Positive--Bitcoin-.jpeg?width=1200&height=800&fit=crop,www.benzinga.com,"Blockchain,Financial Markets",0.321607,Somewhat-Bullish,"[{""ticker"": ""CRYPTO:BTC"", ""relevance_score"": ""0.674691"", ""ticker_sentiment_score"": ""0.357793"", ""ticker_sentiment_label"": ""Bullish""}, {""ticker"": ""CRYPTO:ETH"", ""relevance_score"": ""0.194242"", ""ticker_sentiment_score"": ""0.243859"", ""ticker_sentiment_label"": ""Somewhat-Bullish""}, {""ticker"": ""CRYPTO:DOGE"", ""relevance_score"": ""0.194242"", ""ticker_sentiment_score"": ""0.243859"", ""ticker_sentiment_label"": ""Somewhat-Bullish""}]"
2025-04-27,"When a company or cryptocurrency seems like it's finally solving one of its long-standing challenges, it can be a good time to invest. A turnaround narrative can push prices higher for a long time, especially when it's backed by real changes that add value.On that note, there's some new evidence ...",Motley Fool,https://www.fool.com/investing/2025/04/27/is-this-1-new-reason-to-buy-ethereum-and-never-loo/,0.575728,https://www.fool.com/investing/2025/04/27/is-this-1-new-reason-to-buy-ethereum-and-never-loo/,"Is This 1 New Reason to Buy Ethereum and Never Look Back, or 1 New Reason to Be Cautious?",Alex Carchidi,https://g.foolcdn.com/editorial/images/815669/concerned-investor-at-trading-desk.jpg,www.fool.com,"Blockchain,Financial Markets",0.179343,Somewhat-Bullish,"[{""ticker"": ""CRYPTO:ETH"", ""relevance_score"": ""0.575728"", ""ticker_sentiment_score"": ""0.233533"", ""ticker_sentiment_label"": ""Somewhat-Bullish""}]"
2025-04-27,"Looking for the latest on crypto games, including new releases, token launches and airdrops, and more? Here's what you need to know.",Decrypt.co,https://decrypt.co/315962/this-week-crypto-games-ubisoft-might-magic-peaky-blinders,0.105141,https://decrypt.co/315962/this-week-crypto-games-ubisoft-might-magic-peaky-blinders,"This Week in Crypto Games: Ubisoft's 'Might & Magic', 'Peaky Blinders' in Development",Andrew Hayward,https://cdn.decrypt.co/resize/1024/height/512/wp-content/uploads/2025/04/ubisoft-mm-fates-gID_7.jpeg,decrypt.co,Blockchain,0.059786,Neutral,"[{""ticker"": ""NFLX"", ""relevance_score"": ""0.052685"", ""ticker_sentiment_score"": ""-0.037999"", ""ticker_sentiment_label"": ""Neutral""}, {""ticker"": ""CRYPTO:BTC"", ""relevance_score"": ""0.052685"", ""ticker_sentiment_score"": ""-0.029994"", ""ticker_sentiment_label"": ""Neutral""}, {""ticker"": ""CRYPTO:ETH"", ""relevance_score"": ""0.105141"", ""ticker_sentiment_score"": ""-0.01871"", ""ticker_sentiment_label"": ""Neutral""}, {""ticker"": ""CRYPTO:B3"", ""relevance_score"": ""0.052685"", ""ticker_sentiment_score"": ""-0.029994"", ""ticker_sentiment_label"": ""Neutral""}, {""ticker"": ""CRYPTO:BNB"", ""relevance_score"": ""0.052685"", ""ticker_sentiment_score"": ""-0.037999"", ""ticker_sentiment_label"": ""Neutral""}]"
2025-04-28,"Let's be perfectly clear: Ethereum ( CRYPTO: ETH ) is having a very bad year. It's now down 47% in 2025, making it the worst-performing top cryptocurrency. At a time when rival cryptocurrencies are finally starting to regain momentum, Ethereum is down another 10% over the past 30 days.So is it ...",Motley Fool,https://www.fool.com/investing/2025/04/28/should-you-buy-ethereum-while-its-down-47-this-yea/,0.977768,https://www.fool.com/investing/2025/04/28/should-you-buy-ethereum-while-its-down-47-this-yea/,Should You Buy Ethereum While It's Down 47% This Year?,Dominic Basulto,https://g.foolcdn.com/image/?url=https%3A%2F%2Fg.foolcdn.com%2Feditorial%2Fimages%2F816207%2Fanxious-investor-laptop.jpg&op=resize&w=700,www.fool.com,Blockchain,0.129949,Neutral,"[{""ticker"": ""CRCW"", ""relevance_score"": ""0.055236"", ""ticker_sentiment_score"": ""0.110093"", ""ticker_sentiment_label"": ""Neutral""}, {""ticker"": ""CRYPTO:ETH"", ""relevance_score"": ""0.977768"", ""ticker_sentiment_score"": ""0.230803"", ""ticker_sentiment_label"": ""Somewhat-Bullish""}, {""ticker"": ""CRYPTO:SOL"", ""relevance_score"": ""0.055236"", ""ticker_sentiment_score"": ""0.035102"", ""ticker_sentiment_label"": ""Neutral""}, {""ticker"": ""CRYPTO:AVAX"", ""relevance_score"": ""0.055236"", ""ticker_sentiment_score"": ""0.035102"", ""ticker_sentiment_label"": ""Neutral""}, {""ticker"": ""CRYPTO:ADA"", ""relevance_score"": ""0.164656"", ""ticker_sentiment_score"": ""-0.108354"", ""ticker_sentiment_label"": ""Neutral""}]"
2025-04-28,"Early Ethereum NFT gaming standout Zed Run shut down in February, but a new version is launching Monday on Base.",Decrypt.co,https://decrypt.co/316789/ethereum-nft-game-zed-run-reborn-base,0.202366,https://decrypt.co/316789/ethereum-nft-game-zed-run-reborn-base,Ethereum NFT Horse Racing Game 'Zed Run' Reborn on Base as 'Zed Champions',Logan Hitchcock,https://cdn.decrypt.co/resize/1024/height/512/wp-content/uploads/2025/04/zed-champions-gID_7.png,decrypt.co,"Finance,Blockchain,Financial Markets",0.252463,Somewhat-Bullish,"[{""ticker"": ""COIN"", ""relevance_score"": ""0.068112"", ""ticker_sentiment_score"": ""0.137483"", ""ticker_sentiment_label"": ""Neutral""}, {""ticker"": ""CRYPTO:ETH"", ""relevance_score"": ""0.202366"", ""ticker_sentiment_score"": ""0.123183"", ""ticker_sentiment_label"": ""Neutral""}]"
2025-04-28,"Wallet provider MetaMask is launching a crypto payments card that will allow users to spend self-custodied funds, offering crypto holders additional ways to use their tokens.The new card is backed by Mastercard and is being developed in partnership with CompoSecure and Baanx, according to the ...",Cointelegraph,https://cointelegraph.com/news/meta-mask-self-custody-crypto-card-mastercard,0.258351,https://cointelegraph.com/news/meta-mask-self-custody-crypto-card-mastercard,MetaMask to launch self-custody crypto card with Mastercard,Christopher Tepedino,"https://images.cointelegraph.com/cdn-cgi/image/format=auto,onerror=redirect,quality=90,width=1200/https://s3.cointelegraph.com/uploads/2025-04/01967e41-58c6-72c0-a989-8c375cbb18b3",cointelegraph.com,"Finance,Blockchain",0.143614,Neutral,"[{""ticker"": ""MA"", ""relevance_score"": ""0.130926"", ""ticker_sentiment_score"": ""0.128515"", ""ticker_sentiment_label"": ""Neutral""}, {""ticker"": ""CMPOV"", ""relevance_score"": ""0.130926"", ""ticker_sentiment_score"": ""0.128515"", ""ticker_sentiment_label"": ""Neutral""}, {""ticker"": ""COIN"", ""relevance_score"": ""0.130926"", ""ticker_sentiment_score"": ""0.23066"", ""ticker_sentiment_label"": ""Somewhat-Bullish""}, {""ticker"": ""CRYPTO:BTC"", ""relevance_score"": ""0.379051"", ""ticker_sentiment_score"": ""0.13888"", ""ticker_sentiment_label"": ""Neutral""}, {""ticker"": ""CRYPTO:ETH"", ""relevance_score"": ""0.258351"", ""ticker_sentiment_score"": ""0.119143"", ""ticker_sentiment_label"": ""Neutral""}]"
2025-04-28,Investors want to know how the threat of Trump's tariffs are affecting inflation and the labor market.,Decrypt.co,https://decrypt.co/316784/bitcoin-stalls-ahead-busy-macro-week-potential-trade-deals,0.074001,https://decrypt.co/316784/bitcoin-stalls-ahead-busy-macro-week-potential-trade-deals,"Bitcoin Momentum Stalls Ahead of Busy Macro Week, Potential Trade Deals",André Beganski,https://cdn.decrypt.co/resize/1024/height/512/wp-content/uploads/2024/07/bitcoin-american-flag-u.s.-united-states-gID_7.jpg,decrypt.co,"Economy - Monetary,Financial Markets,Technology,Blockchain",0.085863,Neutral,"[{""ticker"": ""FOX"", ""relevance_score"": ""0.074001"", ""ticker_sentiment_score"": ""0.132209"", ""ticker_sentiment_label"": ""Neutral""}, {""ticker"": ""FOREX:USD"", ""relevance_score"": ""0.074001"", ""ticker_sentiment_score"": ""0.013359"", ""ticker_sentiment_label"": ""Neutral""}, {""ticker"": ""CRYPTO:BTC"", ""relevance_score"": ""0.219477"", ""ticker_sentiment_score"": ""0.048668"", ""ticker_sentiment_label"": ""Neutral""}, {""ticker"": ""CRYPTO:ETH"", ""relevance_score"": ""0.074001"", ""ticker_sentiment_score"": ""0.048786"", ""ticker_sentiment_label"": ""Neutral""}]"
2025-04-28,"Key points:Bitcoin continues to face resistance at $95,000, but the possibility of an upside breakout remains high.Solid spot Bitcoin ETF inflows do not always signal a short-term top.Select altcoins are showing early signs of a short-term trend change.Bitcoin ( BTC ) pierced the $95,000 ...",Cointelegraph,https://cointelegraph.com/news/price-predictions-4-28-spx-dxy-btc-eth-xrp-bnb-sol-doge-ada-sui,0.134214,https://cointelegraph.com/news/price-predictions-4-28-spx-dxy-btc-eth-xrp-bnb-sol-doge-ada-sui,"Price predictions 4/28: SPX, DXY, BTC, ETH, XRP, BNB, SOL, DOGE, ADA, SUI",Rakesh Upadhyay,https://s3.cointelegraph.com/uploads/2025-04/01967d76-5a65-7626-a3c0-fdc10e1ffe4a,cointelegraph.com,"Economy - Monetary,Financial Markets,Blockchain,Economy - Macro",0.019386,Neutral,"[{""ticker"": ""FOREX:USD"", ""relevance_score"": ""0.033703"", ""ticker_sentiment_score"": ""0.003906"", ""ticker_sentiment_label"": ""Neutral""}, {""ticker"": ""CRYPTO:BTC"", ""relevance_score"": ""0.387875"", ""ticker_sentiment_score"": ""-0.002739"", ""ticker_sentiment_label"": ""Neutral""}, {""ticker"": ""CRYPTO:ETH"", ""relevance_score"": ""0.134214"", ""ticker_sentiment_score"": ""-0.029707"", ""ticker_sentiment_label"": ""Neutral""}, {""ticker"": ""CRYPTO:DOGE"", ""relevance_score"": ""0.10087"", ""ticker_sentiment_score"": ""0.020411"", ""ticker_sentiment_label"": ""Neutral""}, {""ticker"": ""CRYPTO:ADA"", ""relevance_score"": ""0.10087"", ""ticker_sentiment_score"": ""0.158486"", ""ticker_sentiment_label"": ""Somewhat-Bullish""}]"
2025-04-28,"Institutional investors appeared to take a back seat to individuals, CoinShares' Head of Research said.",Decrypt.co,https://decrypt.co/316735/bitcoin-ethereum-etfs-add-3-4-billion-comeback-week,0.203215,https://decrypt.co/316735/bitcoin-ethereum-etfs-add-3-4-billion-comeback-week,"Bitcoin, Ethereum ETFs Add $3.4 Billion in Major Comeback Week",André Beganski,https://cdn.decrypt.co/resize/1024/height/512/wp-content/uploads/2024/09/bitcoin-market-gID_7.jpg,decrypt.co,"Blockchain,Financial Markets",0.238652,Somewhat-Bullish,"[{""ticker"": ""CRYPTO:BTC"", ""relevance_score"": ""0.393462"", ""ticker_sentiment_score"": ""0.250907"", ""ticker_sentiment_label"": ""Somewhat-Bullish""}, {""ticker"": ""CRYPTO:ETH"", ""relevance_score"": ""0.203215"", ""ticker_sentiment_score"": ""0.251033"", ""ticker_sentiment_label"": ""Somewhat-Bullish""}]"
2025-04-28,"This episode offers two looks at prediction markets. In the first half of the show, Kalshi CEO Tarek Mansour joins Motley Fool host Ricky Mulvey to discuss:Then, New York Magazine features writer Jen Wieczner joins Motley Fool host Mary Long to discuss her reporting on the billion-dollar betting ...",Motley Fool,https://www.fool.com/investing/2025/04/28/the-rise-of-prediction-markets/,0.004875,https://www.fool.com/investing/2025/04/28/the-rise-of-prediction-markets/,The Rise of Prediction Markets,Motley Fool Staff,https://g.foolcdn.com/editorial/images/816273/the-rise-of-prediction-markets.jpg,www.fool.com,"Economy - Monetary,Financial Markets,Manufacturing,Earnings,Technology,Blockchain",0.137305,Neutral,"[{""ticker"": ""DKNG"", ""relevance_score"": ""0.00975"", ""ticker_sentiment_score"": ""0.015851"", ""ticker_sentiment_label"": ""Neutral""}, {""ticker"": ""NFLX"", ""relevance_score"": ""0.00975"", ""ticker_sentiment_score"": ""-0.021938"", ""ticker_sentiment_label"": ""Neutral""}, {""ticker"": ""META"", ""relevance_score"": ""0.004875"", ""ticker_sentiment_score"": ""0.050708"", ""ticker_sentiment_label"": ""Neutral""}, {""ticker"": ""TSLA"", ""relevance_score"": ""0.00975"", ""ticker_sentiment_score"": ""0.108202"", ""ticker_sentiment_label"": ""Neutral""}, {""ticker"": ""WBD"", ""relevance_score"": ""0.00975"", ""ticker_sentiment_score"": ""0.116331"", ""ticker_sentiment_label"": ""Neutral""}, {""ticker"": ""BULL"", ""relevance_score"": ""0.00975"", ""ticker_sentiment_score"": ""0.108202"", ""ticker_sentiment_label"": ""Neutral""}, {""ticker"": ""UBER"", ""relevance_score"": ""0.004875"", ""ticker_sentiment_score"": ""0.050708"", ""ticker_sentiment_label"": ""Neutral""}, {""ticker"": ""CRYPTO:ETH"", ""relevance_score"": ""0.004875"", ""ticker_sentiment_score"": ""0.125089"", ""ticker_sentiment_label"": ""Neutral""}, {""ticker"": ""CRYPTO:SOC"", ""relevance_score"": ""0.004875"", ""ticker_sentiment_score"": ""0.031054"", ""ticker_sentiment_label"": ""Neutral""}]"
2025-04-28,"Nuvve launches a subsidiary focused on crypto and blockchain assets. Portfolio will allocate 50% to Bitcoin, rest to top cryptocurrencies. Today's manic market swings are creating the perfect setup for Matt's next volatility trade. Get his next trade alert for free, right here. Nuvve Holding ...",Benzinga,https://www.benzinga.com/news/25/04/45046313/nuvve-expands-beyond-evs-with-bold-bitcoin-crypto-investment-arm,0.094762,https://www.benzinga.com/news/25/04/45046313/nuvve-expands-beyond-evs-with-bold-bitcoin-crypto-investment-arm,"Nuvve Expands Beyond EVs With Bold Bitcoin, Crypto Investment Arm - Nuvve Holding  ( NASDAQ:NVVE ) ",Shivani Kumaresan,https://cdn.benzinga.com/files/images/story/2025/04/28/Electric-Vehicle-EV.jpeg?width=1200&height=800&fit=crop,www.benzinga.com,"Blockchain,Financial Markets,Manufacturing",0.262399,Somewhat-Bullish,"[{""ticker"": ""RENI"", ""relevance_score"": ""0.094762"", ""ticker_sentiment_score"": ""0.162906"", ""ticker_sentiment_label"": ""Somewhat-Bullish""}, {""ticker"": ""NVVE"", ""relevance_score"": ""0.524949"", ""ticker_sentiment_score"": ""0.388728"", ""ticker_sentiment_label"": ""Bullish""}, {""ticker"": ""TRMND"", ""relevance_score"": ""0.094762"", ""ticker_sentiment_score"": ""0.165022"", ""ticker_sentiment_label"": ""Somewhat-Bullish""}, {""ticker"": ""CRYPTO:BTC"", ""relevance_score"": ""0.524949"", ""ticker_sentiment_score"": ""0.152483"", ""ticker_sentiment_label"": ""Somewhat-Bullish""}, {""ticker"": ""CRYPTO:ETH"", ""relevance_score"": ""0.094762"", ""ticker_sentiment_score"": ""0.0"", ""ticker_sentiment_label"": ""Neutral""}, {""ticker"": ""CRYPTO:AAVE"", ""relevance_score"": ""0.094762"", ""ticker_sentiment_score"": ""0.0"", ""ticker_sentiment_label"": ""Neutral""}, {""ticker"": ""CRYPTO:LINK"", ""relevance_score"": ""0.094762"", ""ticker_sentiment_score"": ""0.0"", ""ticker_sentiment_label"": ""Neutral""}]"
2025-04-28,"That's been our basic thesis since early this month. Big market participants ( such as Bill Ackman ) thought Trump's tariffs were a negotiating tack or a bluff. Ergo, the extent of them wasn't priced in, and when it was, we would go lower. Whether it makes sense to balance trade is a separate ...",Benzinga,https://www.benzinga.com/markets/cryptocurrency/25/04/45045606/navigating-a-roller-coaster-market,0.166551,https://www.benzinga.com/markets/cryptocurrency/25/04/45045606/navigating-a-roller-coaster-market,"Navigating A Roller Coaster Market - Apple  ( NASDAQ:AAPL ) , Celestica  ( NYSE:CLS ) ",David Pinsen,https://contributor-assets.benzinga.com/wp-content/uploads/2025/04/26071043/Roller-Coaster-1024x582.jpg,www.benzinga.com,"Life Sciences,Financial Markets,Manufacturing,Technology,Finance",0.108084,Neutral,"[{""ticker"": ""NVDA"", ""relevance_score"": ""0.220809"", ""ticker_sentiment_score"": ""-0.043065"", ""ticker_sentiment_label"": ""Neutral""}, {""ticker"": ""AAPL"", ""relevance_score"": ""0.055881"", ""ticker_sentiment_score"": ""-0.079214"", ""ticker_sentiment_label"": ""Neutral""}, {""ticker"": ""CLS"", ""relevance_score"": ""0.111488"", ""ticker_sentiment_score"": ""0.124155"", ""ticker_sentiment_label"": ""Neutral""}, {""ticker"": ""IVZ"", ""relevance_score"": ""0.055881"", ""ticker_sentiment_score"": ""0.052004"", ""ticker_sentiment_label"": ""Neutral""}, {""ticker"": ""SMLR"", ""relevance_score"": ""0.111488"", ""ticker_sentiment_score"": ""-0.192177"", ""ticker_sentiment_label"": ""Somewhat-Bearish""}, {""ticker"": ""CRYPTO:BTC"", ""relevance_score"": ""0.42503"", ""ticker_sentiment_score"": ""0.297483"", ""ticker_sentiment_label"": ""Somewhat-Bullish""}, {""ticker"": ""CRYPTO:ETH"", ""relevance_score"": ""0.166551"", ""ticker_sentiment_score"": ""0.198119"", ""ticker_sentiment_label"": ""Somewhat-Bullish""}]"
2025-04-28,"What to know:Altcoins have lagged Bitcoin year-to-date, but BNB price shows relative resilience, trading only 10% lower than the previous cycle's all-time high.BNB Chain shows a robust activity, consistently ranking third in daily transactions, active addresses, and TVL, while leading in the ...",Cointelegraph,https://cointelegraph.com/news/bnb-chain-price-among-most-resilient-altcoins-of-the-bull-market-here-s-why,0.42021,https://cointelegraph.com/news/bnb-chain-price-among-most-resilient-altcoins-of-the-bull-market-here-s-why,BNB Chain price among 'most resilient' altcoins of the bull market - Here's why,Marie Poteriaieva,https://s3.cointelegraph.com/uploads/2025-04/01967c2a-4b18-7148-94b4-825f90249569,cointelegraph.com,"Economy - Monetary,Financial Markets,Earnings,Blockchain",0.25489,Somewhat-Bullish,"[{""ticker"": ""CRYPTO:BTC"", ""relevance_score"": ""0.19871"", ""ticker_sentiment_score"": ""0.197389"", ""ticker_sentiment_label"": ""Somewhat-Bullish""}, {""ticker"": ""CRYPTO:ETH"", ""relevance_score"": ""0.42021"", ""ticker_sentiment_score"": ""0.200442"", ""ticker_sentiment_label"": ""Somewhat-Bullish""}, {""ticker"": ""CRYPTO:USDT"", ""relevance_score"": ""0.040145"", ""ticker_sentiment_score"": ""0.188037"", ""ticker_sentiment_label"": ""Somewhat-Bullish""}, {""ticker"": ""CRYPTO:TRX"", ""relevance_score"": ""0.159569"", ""ticker_sentiment_score"": ""0.064377"", ""ticker_sentiment_label"": ""Neutral""}, {""ticker"": ""CRYPTO:BNB"", ""relevance_score"": ""0.791749"", ""ticker_sentiment_score"": ""0.464177"", ""ticker_sentiment_label"": ""Bullish""}, {""ticker"": ""CRYPTO:XRP"", ""relevance_score"": ""0.31282"", ""ticker_sentiment_score"": ""0.162252"", ""ticker_sentiment_label"": ""Somewhat-Bullish""}]"
2025-04-28,"Opinion by: Steven Smith, head of protocol and applied research, Tools for HumanityBlockchains were designed as systems of trust that are transparent, decentralized and accessible. The age of AI has, however, introduced significant new challenges.",Cointelegraph,https://cointelegraph.com/news/bots-against-humanity,0.049732,https://cointelegraph.com/news/bots-against-humanity,Bots against humanity - The battle for blockchain supremacy,Steven Smith,"https://images.cointelegraph.com/cdn-cgi/image/format=auto,onerror=redirect,quality=90,width=1200/https://s3.cointelegraph.com/uploads/2025-03/0195d781-b7e5-7ea1-b59e-4c49ef881c93",cointelegraph.com,"Blockchain,Financial Markets",0.074492,Neutral,"[{""ticker"": ""CRYPTO:ETH"", ""relevance_score"": ""0.049732"", ""ticker_sentiment_score"": ""-0.303976"", ""ticker_sentiment_label"": ""Somewhat-Bearish""}, {""ticker"": ""CRYPTO:ZEC"", ""relevance_score"": ""0.049732"", ""ticker_sentiment_score"": ""-0.303976"", ""ticker_sentiment_label"": ""Somewhat-Bearish""}]"
2025-04-28,"SINGAPORE, April 28, 2025 ( GLOBE NEWSWIRE ) -- As Bitcoin has surged to new highs, reaching $95,000, BexBack, a fast-growing cryptocurrency derivatives platform, is positioning itself to help traders capitalize on market opportunities.",Benzinga,https://www.benzinga.com/pressreleases/25/04/g45040947/bexback-introduces-100x-leverage-no-kyc-and-exclusive-bonuses-amid-crypto-market-volatility,0.083251,https://www.benzinga.com/pressreleases/25/04/g45040947/bexback-introduces-100x-leverage-no-kyc-and-exclusive-bonuses-amid-crypto-market-volatility,"BexBack Introduces 100x Leverage, No KYC, and Exclusive Bonuses Amid Crypto Market Volatility",Globe Newswire,https://ml.globenewswire.com/Resource/Download/b4b71c86-c6be-4be1-9564-7a837253637d/bexback.jpeg,www.benzinga.com,"Blockchain,Financial Markets",0.242726,Somewhat-Bullish,"[{""ticker"": ""CRYPTO:BTC"", ""relevance_score"": ""0.324139"", ""ticker_sentiment_score"": ""0.378201"", ""ticker_sentiment_label"": ""Bullish""}, {""ticker"": ""CRYPTO:ETH"", ""relevance_score"": ""0.083251"", ""ticker_sentiment_score"": ""0.162612"", ""ticker_sentiment_label"": ""Somewhat-Bullish""}, {""ticker"": ""CRYPTO:ADA"", ""relevance_score"": ""0.083251"", ""ticker_sentiment_score"": ""0.162612"", ""ticker_sentiment_label"": ""Somewhat-Bullish""}]"
2025-04-28,"Ethereum's Fusaka hard fork is expected to take place in the third or fourth quarter of this year, according to an Ethereum Foundation official.In an April 28 X post, Ethereum Foundation co-executive director Tomasz Kajetan Stańczak said that the organization is aiming to deploy the Fusaka ...",Cointelegraph,https://cointelegraph.com/news/ethereum-fusaka-upgrade-scheduled-for-q3-q4-2025,0.634764,https://cointelegraph.com/news/ethereum-fusaka-upgrade-scheduled-for-q3-q4-2025,Ethereum Fusaka scheduled for late 2025: EVM upgrade likely included,Adrian Zmudzinski,https://s3.cointelegraph.com/uploads/2025-04/01967c06-06f1-7447-911e-66895fd393a2,cointelegraph.com,Blockchain,0.114604,Neutral,"[{""ticker"": ""CRYPTO:ETH"", ""relevance_score"": ""0.634764"", ""ticker_sentiment_score"": ""0.05841"", ""ticker_sentiment_label"": ""Neutral""}]"
2025-04-28,"SOMERSET, N.J., April 28, 2025 ( GLOBE NEWSWIRE ) -- CompoSecure, Inc. ( ""CompoSecure"" ) CMPO, a leader in metal payment cards, security, and authentication solutions, in collaboration with Baanx and MetaMask, today announced the launch of the MetaMask metal payment card.",Benzinga,https://www.benzinga.com/pressreleases/25/04/g45037126/new-metamask-metal-payment-card-self-custody-crypto-card-with-direct-payments-unveiled-by-composec,0.039811,https://www.benzinga.com/pressreleases/25/04/g45037126/new-metamask-metal-payment-card-self-custody-crypto-card-with-direct-payments-unveiled-by-composec,"New MetaMask Metal Payment Card: Self-Custody Crypto Card With Direct Payments Unveiled by CompoSecure, Baanx and MetaMask - CompoSecure  ( NASDAQ:CMPO ) ",Globe Newswire,https://www.benzinga.com/next-assets/images/schema-image-default.png,www.benzinga.com,"Blockchain,Financial Markets",0.301717,Somewhat-Bullish,"[{""ticker"": ""MA"", ""relevance_score"": ""0.079524"", ""ticker_sentiment_score"": ""0.188031"", ""ticker_sentiment_label"": ""Somewhat-Bullish""}, {""ticker"": ""CMPOV"", ""relevance_score"": ""0.273224"", ""ticker_sentiment_score"": ""0.261862"", ""ticker_sentiment_label"": ""Somewhat-Bullish""}, {""ticker"": ""CRYPTO:ETH"", ""relevance_score"": ""0.039811"", ""ticker_sentiment_score"": ""0.117323"", ""ticker_sentiment_label"": ""Neutral""}]"
2025-04-28,"Peter Chung, head of research at quantitative trading firm Presto, has repeated his prediction that Bitcoin ( BTC ) will reach $210,000 by the end of 2025.In an April 28 interview with CNBC, Chung cited institutional adoption and global liquidity expansion as the primary drivers behind his ...",Cointelegraph,https://cointelegraph.com/news/peter-chung-bitcoin-210k-prediction-institutional-adoption-2025,0.252114,https://cointelegraph.com/news/peter-chung-bitcoin-210k-prediction-institutional-adoption-2025,"Bitcoin could hit $210K in 2025, says Presto research head",Amin Haqshanas,https://s3.cointelegraph.com/uploads/2025-04/01967c62-91a6-704c-982a-e193944f568b,cointelegraph.com,"Technology,Financial Markets",0.125613,Neutral,"[{""ticker"": ""GOOG"", ""relevance_score"": ""0.085324"", ""ticker_sentiment_score"": ""-0.051219"", ""ticker_sentiment_label"": ""Neutral""}, {""ticker"": ""SCBFF"", ""relevance_score"": ""0.085324"", ""ticker_sentiment_score"": ""-0.157372"", ""ticker_sentiment_label"": ""Somewhat-Bearish""}, {""ticker"": ""FOREX:USD"", ""relevance_score"": ""0.085324"", ""ticker_sentiment_score"": ""-0.008392"", ""ticker_sentiment_label"": ""Neutral""}, {""ticker"": ""CRYPTO:BTC"", ""relevance_score"": ""0.913524"", ""ticker_sentiment_score"": ""0.143386"", ""ticker_sentiment_label"": ""Neutral""}, {""ticker"": ""CRYPTO:ETH"", ""relevance_score"": ""0.252114"", ""ticker_sentiment_score"": ""0.381876"", ""ticker_sentiment_label"": ""Bullish""}]"
2025-04-28,"Wallet interoperability still remains the vision for Web3 gaming, according to Arthur Madrid, the co-founder and CEO of the decentralized metaverse and gaming platform The Sandbox. In an exclusive interview with Cointelegraph at the Crypto Polo event in Dubai, Madrid and The Sandbox co-founder ...",Cointelegraph,https://cointelegraph.com/news/the-sandbox-co-founder-web3-gaming-interoperability-interview,0.091162,https://cointelegraph.com/news/the-sandbox-co-founder-web3-gaming-interoperability-interview,Playing Web3 games with one wallet still the 'vision' - The Sandbox,Ezra Reguerra,https://s3.cointelegraph.com/uploads/2025-04/01967b73-1917-7b7a-af11-bc0f92ce0237,cointelegraph.com,"Blockchain,Manufacturing",0.174894,Somewhat-Bullish,"[{""ticker"": ""NKE"", ""relevance_score"": ""0.091162"", ""ticker_sentiment_score"": ""-0.208732"", ""ticker_sentiment_label"": ""Somewhat-Bearish""}, {""ticker"": ""CRYPTO:ETH"", ""relevance_score"": ""0.091162"", ""ticker_sentiment_score"": ""-0.258205"", ""ticker_sentiment_label"": ""Somewhat-Bearish""}]"
2025-04-28,"Coinbase, the world's third-largest cryptocurrency exchange by volume, is launching the Coinbase Bitcoin Yield Fund on May 1, aiming to offer Bitcoin ( BTC ) exposure for institutional investors outside the US.The fund targets an annual net return of 4% to 8% on Bitcoin holdings, according to an ...",Cointelegraph,https://cointelegraph.com/news/coinbase-to-launch-yield-bearing-bitcoin-fund-for-institutions,0.203215,https://cointelegraph.com/news/coinbase-to-launch-yield-bearing-bitcoin-fund-for-institutions,Coinbase to launch yield-bearing Bitcoin fund for institutions,Zoltan Vardai,https://s3.cointelegraph.com/uploads/2025-04/01967c46-938c-7086-bff9-5254e37b72d5,cointelegraph.com,"Finance,Blockchain,Financial Markets",0.162042,Somewhat-Bullish,"[{""ticker"": ""ASPD"", ""relevance_score"": ""0.102449"", ""ticker_sentiment_score"": ""0.162029"", ""ticker_sentiment_label"": ""Somewhat-Bullish""}, {""ticker"": ""COIN"", ""relevance_score"": ""0.632565"", ""ticker_sentiment_score"": ""0.151614"", ""ticker_sentiment_label"": ""Somewhat-Bullish""}, {""ticker"": ""CRYPTO:BTC"", ""relevance_score"": ""0.877669"", ""ticker_sentiment_score"": ""0.107653"", ""ticker_sentiment_label"": ""Neutral""}, {""ticker"": ""CRYPTO:ETH"", ""relevance_score"": ""0.203215"", ""ticker_sentiment_score"": ""-0.190736"", ""ticker_sentiment_label"": ""Somewhat-Bearish""}]"
2025-04-28,Nike has been hit with a class-action lawsuit that accuses the sportswear giant of operating a rug pull for shuttering its non-fungible token ( NFT ) platform RTFKT in January. A group of RTFKT users led by Jagdeep Cheema claimed in the proposed class suit filed in a Brooklyn federal court on ...,Cointelegraph,https://cointelegraph.com/news/nike-class-suit-over-shutdown-nft-platform-rtfkt,0.258351,https://cointelegraph.com/news/nike-class-suit-over-shutdown-nft-platform-rtfkt,Nike sued for $5 million over its shutdown of NFT platform RTFKT,Stephen Katte,https://s3.cointelegraph.com/uploads/2025-04/01967a2d-4042-78de-a365-b898bb40c3f5,cointelegraph.com,"Blockchain,Financial Markets,Manufacturing",0.026934,Neutral,"[{""ticker"": ""NKE"", ""relevance_score"": ""0.812724"", ""ticker_sentiment_score"": ""0.082957"", ""ticker_sentiment_label"": ""Neutral""}, {""ticker"": ""CRYPTO:ETH"", ""relevance_score"": ""0.258351"", ""ticker_sentiment_score"": ""0.0"", ""ticker_sentiment_label"": ""Neutral""}]"
2025-04-28,Crypto exchange Bitget says it is sending letters from its lawyers to account holders it alleges were involved in manipulating the price of perpetual futures contracts tied to the VOXEL token.Eight account holders that the exchange accuses of being involved in the April 20 incident and who ...,Cointelegraph,https://cointelegraph.com/news/bitget-lawyer-letters-accounts-over-voxel-futures-manipulation,0.096283,https://cointelegraph.com/news/bitget-lawyer-letters-accounts-over-voxel-futures-manipulation,Bitget takes legal action on alleged VOXEL futures price manipulation,Stephen Katte,https://s3.cointelegraph.com/uploads/2025-04/01967aa1-ee4d-7cbe-895c-9ca8ecba5762,cointelegraph.com,"Finance,Blockchain,Financial Markets",-0.074214,Neutral,"[{""ticker"": ""JFIN"", ""relevance_score"": ""0.19117"", ""ticker_sentiment_score"": ""-0.003075"", ""ticker_sentiment_label"": ""Neutral""}, {""ticker"": ""CRYPTO:ETH"", ""relevance_score"": ""0.096283"", ""ticker_sentiment_score"": ""0.0"", ""ticker_sentiment_label"": ""Neutral""}, {""ticker"": ""CRYPTO:USDT"", ""relevance_score"": ""0.096283"", ""ticker_sentiment_score"": ""-0.267936"", ""ticker_sentiment_label"": ""Somewhat-Bearish""}, {""ticker"": ""CRYPTO:VOX"", ""relevance_score"": ""0.096283"", ""ticker_sentiment_score"": ""-0.108472"", ""ticker_sentiment_label"": ""Neutral""}]"
2025-04-28,"TORONTO, April 28, 2025 ( GLOBE NEWSWIRE ) -- We tried a lot of online casinos in Ontario, but most didn't give the bonuses we were hoping for. Then, a few locals recommended MIRAX Casino, so we decided to check it out. Right away, it felt different.",Benzinga,https://www.benzinga.com/pressreleases/25/04/g45031971/best-online-casinos-ontario-mirax-casino-ranked-as-top-paying-casino-in-2025,0.063467,https://www.benzinga.com/pressreleases/25/04/g45031971/best-online-casinos-ontario-mirax-casino-ranked-as-top-paying-casino-in-2025,"Best Online Casinos Ontario: MIRAX Casino, Ranked as Top Paying Casino in 2025",Globe Newswire,https://ml.globenewswire.com/Resource/Download/ef1ee3d6-09b1-4497-b33c-ae6134bb8e8e/mirax-casino.jpg,www.benzinga.com,Blockchain,0.546427,Bullish,"[{""ticker"": ""MA"", ""relevance_score"": ""0.031759"", ""ticker_sentiment_score"": ""0.037155"", ""ticker_sentiment_label"": ""Neutral""}, {""ticker"": ""TRTPF"", ""relevance_score"": ""0.015883"", ""ticker_sentiment_score"": ""0.246596"", ""ticker_sentiment_label"": ""Somewhat-Bullish""}, {""ticker"": ""CRYPTO:BTC"", ""relevance_score"": ""0.126533"", ""ticker_sentiment_score"": ""0.283182"", ""ticker_sentiment_label"": ""Somewhat-Bullish""}, {""ticker"": ""CRYPTO:VPN"", ""relevance_score"": ""0.015883"", ""ticker_sentiment_score"": ""-0.156695"", ""ticker_sentiment_label"": ""Somewhat-Bearish""}, {""ticker"": ""CRYPTO:BNB"", ""relevance_score"": ""0.031759"", ""ticker_sentiment_score"": ""0.104585"", ""ticker_sentiment_label"": ""Neutral""}, {""ticker"": ""CRYPTO:XRP"", ""relevance_score"": ""0.015883"", ""ticker_sentiment_score"": ""-0.126178"", ""ticker_sentiment_label"": ""Neutral""}, {""ticker"": ""CRYPTO:ETH"", ""relevance_score"": ""0.063467"", ""ticker_sentiment_score"": ""0.228976"", ""ticker_sentiment_label"": ""Somewhat-Bullish""}, {""ticker"": ""CRYPTO:DOGE"", ""relevance_score"": ""0.031759"", ""ticker_sentiment_score"": ""0.104585"", ""ticker_sentiment_label"": ""Neutral""}, {""ticker"": ""CRYPTO:USDT"", ""relevance_score"": ""0.015883"", ""ticker_sentiment_score"": ""-0.126178"", ""ticker_sentiment_label"": ""Neutral""}, {""ticker"": ""CRYPTO:LTC"", ""relevance_score"": ""0.047622"", ""ticker_sentiment_score"": ""0.226591"", ""ticker_sentiment_label"": ""Somewhat-Bullish""}, {""ticker"": ""CRYPTO:TRX"", ""relevance_score"": ""0.015883"", ""ticker_sentiment_score"": ""-0.126178"", ""ticker_sentiment_label"": ""Neutral""}, {""ticker"": ""CRYPTO:ADA"", ""relevance_score"": ""0.031759"", ""ticker_sentiment_score"": ""0.104585"", ""ticker_sentiment_label"": ""Neutral""}]"
2025-04-28,"PORTLAND, Ore., April 28, 2025 ( GLOBE NEWSWIRE ) -- The online gambling world is growing rapidly, making it tough to choose the best online casino from so many options. Players everywhere want secure, rewarding, and diverse gaming experiences, but the number of choices can be confusing.",Benzinga,https://www.benzinga.com/pressreleases/25/04/g45032165/best-online-casinos-2025-7bit-casino-rated-as-top-real-money-casino,0.086378,https://www.benzinga.com/pressreleases/25/04/g45032165/best-online-casinos-2025-7bit-casino-rated-as-top-real-money-casino,Best Online Casinos 2025: 7Bit Casino Rated As Top Real Money Casino,Globe Newswire,https://ml.globenewswire.com/Resource/Download/c2b1b32c-15fa-44db-8e7f-2136c3a99b3b/7bit-casino.jpg,www.benzinga.com,Blockchain,0.502573,Bullish,"[{""ticker"": ""MA"", ""relevance_score"": ""0.037078"", ""ticker_sentiment_score"": ""0.137625"", ""ticker_sentiment_label"": ""Neutral""}, {""ticker"": ""CRYPTO:BTC"", ""relevance_score"": ""0.278463"", ""ticker_sentiment_score"": ""0.51867"", ""ticker_sentiment_label"": ""Bullish""}, {""ticker"": ""CRYPTO:VPN"", ""relevance_score"": ""0.024724"", ""ticker_sentiment_score"": ""0.030099"", ""ticker_sentiment_label"": ""Neutral""}, {""ticker"": ""CRYPTO:XRP"", ""relevance_score"": ""0.024724"", ""ticker_sentiment_score"": ""-0.014803"", ""ticker_sentiment_label"": ""Neutral""}, {""ticker"": ""CRYPTO:ETH"", ""relevance_score"": ""0.086378"", ""ticker_sentiment_score"": ""0.132489"", ""ticker_sentiment_label"": ""Neutral""}, {""ticker"": ""CRYPTO:DOGE"", ""relevance_score"": ""0.049424"", ""ticker_sentiment_score"": ""0.052951"", ""ticker_sentiment_label"": ""Neutral""}, {""ticker"": ""CRYPTO:USDT"", ""relevance_score"": ""0.024724"", ""ticker_sentiment_score"": ""-0.014803"", ""ticker_sentiment_label"": ""Neutral""}, {""ticker"": ""CRYPTO:LTC"", ""relevance_score"": ""0.061758"", ""ticker_sentiment_score"": ""0.068217"", ""ticker_sentiment_label"": ""Neutral""}]"
2025-04-28,"WELLINGTON, New Zealand, April 28, 2025 ( GLOBE NEWSWIRE ) -- After spending some time exploring various online casinos in New Zealand, it became clear that most just didn't deliver when it came to bonuses or overall experience. That's when a few local players in New Zealand pointed us toward ...",Benzinga,https://www.benzinga.com/pressreleases/25/04/g45032171/best-online-casinos-new-zealand-7bit-casino-picked-as-top-casino-for-nz-players,0.075995,https://www.benzinga.com/pressreleases/25/04/g45032171/best-online-casinos-new-zealand-7bit-casino-picked-as-top-casino-for-nz-players,Best Online Casinos New Zealand: 7Bit Casino Picked as Top Casino for NZ Players,Globe Newswire,https://ml.globenewswire.com/Resource/Download/10718a9c-846b-4181-8c60-cf087632b3f1/7bit-casino.jpg,www.benzinga.com,Blockchain,0.545083,Bullish,"[{""ticker"": ""MA"", ""relevance_score"": ""0.03804"", ""ticker_sentiment_score"": ""0.188451"", ""ticker_sentiment_label"": ""Somewhat-Bullish""}, {""ticker"": ""CRYPTO:BTC"", ""relevance_score"": ""0.101207"", ""ticker_sentiment_score"": ""0.342045"", ""ticker_sentiment_label"": ""Somewhat-Bullish""}, {""ticker"": ""CRYPTO:BNB"", ""relevance_score"": ""0.025366"", ""ticker_sentiment_score"": ""0.430738"", ""ticker_sentiment_label"": ""Bullish""}, {""ticker"": ""CRYPTO:XRP"", ""relevance_score"": ""0.012684"", ""ticker_sentiment_score"": ""0.370035"", ""ticker_sentiment_label"": ""Bullish""}, {""ticker"": ""CRYPTO:ETH"", ""relevance_score"": ""0.075995"", ""ticker_sentiment_score"": ""0.363918"", ""ticker_sentiment_label"": ""Bullish""}, {""ticker"": ""CRYPTO:DOGE"", ""relevance_score"": ""0.050706"", ""ticker_sentiment_score"": ""0.443127"", ""ticker_sentiment_label"": ""Bullish""}, {""ticker"": ""CRYPTO:USDT"", ""relevance_score"": ""0.012684"", ""ticker_sentiment_score"": ""0.439954"", ""ticker_sentiment_label"": ""Bullish""}, {""ticker"": ""CRYPTO:LTC"", ""relevance_score"": ""0.075995"", ""ticker_sentiment_score"": ""0.343261"", ""ticker_sentiment_label"": ""Somewhat-Bullish""}]"
2025-04-28,"Spar's Bitcoin expansion marks one of Switzerland's first major retail integrations of crypto payments, following trials in two locations.",Decrypt.co,https://decrypt.co/316625/major-supermarket-chain-spar-to-launch-bitcoin-payments-across-switzerland,0.183198,https://decrypt.co/316625/major-supermarket-chain-spar-to-launch-bitcoin-payments-across-switzerland,Major Supermarket Chain Spar to Launch Bitcoin Payments Across Switzerland,Vismaya V,https://cdn.decrypt.co/resize/1024/height/512/wp-content/uploads/2024/09/switzerland-crypto-gID_7.jpg,decrypt.co,"Economy - Monetary,Blockchain",0.083897,Neutral,"[{""ticker"": ""CRYPTO:BTC"", ""relevance_score"": ""0.895116"", ""ticker_sentiment_score"": ""0.172694"", ""ticker_sentiment_label"": ""Somewhat-Bullish""}, {""ticker"": ""CRYPTO:ETH"", ""relevance_score"": ""0.183198"", ""ticker_sentiment_score"": ""-0.066477"", ""ticker_sentiment_label"": ""Neutral""}, {""ticker"": ""CRYPTO:USDT"", ""relevance_score"": ""0.092213"", ""ticker_sentiment_score"": ""0.127233"", ""ticker_sentiment_label"": ""Neutral""}]"
2025-04-28,"Dogecoin DOGE/USD ""millionaire"" Glauber Contessoto took to X on Sunday to spotlight the remarkable performance of Floki FLOKI/USD, noting its 33% rise over the past week.",Benzinga,https://www.benzinga.com/markets/cryptocurrency/25/04/45030998/dogecoin-millionaire-says-give-a-serious-thought-to-floki-as-memecoin-makes-impressive-30-,0.600271,https://www.benzinga.com/markets/cryptocurrency/25/04/45030998/dogecoin-millionaire-says-give-a-serious-thought-to-floki-as-memecoin-makes-impressive-30-,"Dogecoin 'Millionaire' Says Give A 'Serious' Thought To Floki As Memecoin Makes Impressive 30% Gains Over 7 Days, Asks Followers To 'Strap In'",Shivdeep Dhaliwal,https://cdn.benzinga.com/files/images/story/2025/04/27/An-Image-Of-The-Floki-Coin-Virtual-Curre.jpeg?width=1200&height=800&fit=crop,www.benzinga.com,"Blockchain,Financial Markets",0.205769,Somewhat-Bullish,"[{""ticker"": ""CRYPTO:BTC"", ""relevance_score"": ""0.401331"", ""ticker_sentiment_score"": ""0.073987"", ""ticker_sentiment_label"": ""Neutral""}, {""ticker"": ""CRYPTO:ETH"", ""relevance_score"": ""0.600271"", ""ticker_sentiment_score"": ""0.084249"", ""ticker_sentiment_label"": ""Neutral""}, {""ticker"": ""CRYPTO:SHIB"", ""relevance_score"": ""0.247838"", ""ticker_sentiment_score"": ""0.140254"", ""ticker_sentiment_label"": ""Neutral""}, {""ticker"": ""CRYPTO:DOGE"", ""relevance_score"": ""0.326283"", ""ticker_sentiment_score"": ""0.20508"", ""ticker_sentiment_label"": ""Somewhat-Bullish""}]"
2025-04-28,"Caitlin Long, founder and CEO of Custodia Bank, has criticized the US Federal Reserve for quietly maintaining a key anti-crypto policy that favors big-bank-issued stablecoins, despite relaxing crypto partnership rules for banks.In an April 27 thread on X, Long explained that while the Fed ...",Cointelegraph,https://cointelegraph.com/news/fed-anti-crypto-policy-favors-bank-backed-stablecoins-caitlin-long,0.183198,https://cointelegraph.com/news/fed-anti-crypto-policy-favors-bank-backed-stablecoins-caitlin-long,Caitlin Long slams US Fed over stablecoin policy favoring big banks,Amin Haqshanas,https://s3.cointelegraph.com/uploads/2025-04/01967b72-0c16-7e33-be8b-19ed8c78590c,cointelegraph.com,"Economy - Monetary,Blockchain",0.147734,Neutral,"[{""ticker"": ""CRYPTO:BTC"", ""relevance_score"": ""0.437512"", ""ticker_sentiment_score"": ""0.450361"", ""ticker_sentiment_label"": ""Bullish""}, {""ticker"": ""CRYPTO:ETH"", ""relevance_score"": ""0.183198"", ""ticker_sentiment_score"": ""0.028093"", ""ticker_sentiment_label"": ""Neutral""}]"
2025-04-28,"Monero's XMR token spiked on Monday, with investigators suspecting the network was used to launder $333 million worth of stolen Bitcoin.",Decrypt.co,https://decrypt.co/316640/monero-jumps-51-after-suspicious-transfer-of-333m-in-bitcoin,0.08687,https://decrypt.co/316640/monero-jumps-51-after-suspicious-transfer-of-333m-in-bitcoin,Monero Jumps 51% After 'Suspicious Transfer' of $333M in Bitcoin,Ryan S. Gladwin,https://cdn.decrypt.co/resize/1024/height/512/wp-content/uploads/2021/05/monero-price-up-gID_7.jpg,decrypt.co,Blockchain,-0.134105,Neutral,"[{""ticker"": ""CRYPTO:BTC"", ""relevance_score"": ""0.414559"", ""ticker_sentiment_score"": ""-0.270999"", ""ticker_sentiment_label"": ""Somewhat-Bearish""}, {""ticker"": ""CRYPTO:ETH"", ""relevance_score"": ""0.08687"", ""ticker_sentiment_score"": ""0.035817"", ""ticker_sentiment_label"": ""Neutral""}, {""ticker"": ""CRYPTO:XMR"", ""relevance_score"": ""0.898236"", ""ticker_sentiment_score"": ""-0.202506"", ""ticker_sentiment_label"": ""Somewhat-Bearish""}]"
2025-04-28,"Onchain sleuth ZachXBT has flagged a suspicious transfer involving 3,520 Bitcoin ( BTC ) ( valued at $330.7 million ) that may indicate a major theft. The transaction, reported on April 28, saw funds moved from a potential victim's wallet to the address bc1qcry...vz55g.Following the transfer, the ...",Cointelegraph,https://cointelegraph.com/news/zachxbt-330m-btc-heist-xmr-surge-chainalysis-privacy-crypto,0.082963,https://cointelegraph.com/news/zachxbt-330m-btc-heist-xmr-surge-chainalysis-privacy-crypto,ZachXBT flags suspicious $330M Bitcoin transfer triggering Monero surge,Amin Haqshanas,https://s3.cointelegraph.com/uploads/2025-04/01967ba6-dc1d-749e-8125-1853feab13f6,cointelegraph.com,Blockchain,-0.040998,Neutral,"[{""ticker"": ""CRYPTO:BTC"", ""relevance_score"": ""0.323078"", ""ticker_sentiment_score"": ""-0.307225"", ""ticker_sentiment_label"": ""Somewhat-Bearish""}, {""ticker"": ""CRYPTO:ETH"", ""relevance_score"": ""0.082963"", ""ticker_sentiment_score"": ""-0.257824"", ""ticker_sentiment_label"": ""Somewhat-Bearish""}, {""ticker"": ""CRYPTO:XMR"", ""relevance_score"": ""0.748136"", ""ticker_sentiment_score"": ""-0.074777"", ""ticker_sentiment_label"": ""Neutral""}]"
2025-04-28,"Cryptocurrency exchange-traded products ( ETPs ) bounced back with their third-largest inflows on record last week, according to CoinShares.Global crypto ETPs collectively posted $3.4 billion of inflows in the trading week of April 21-25, marking the highest level since December 2024, CoinShares ...",Cointelegraph,https://cointelegraph.com/news/crypto-etp-3-4-billion-inflows-weakening-dollar,0.254751,https://cointelegraph.com/news/crypto-etp-3-4-billion-inflows-weakening-dollar,Crypto ETPs hit 3rd-largest inflows on record at $3.4B - CoinShares,Helen Partz,https://s3.cointelegraph.com/uploads/2025-04/01967bd8-1164-7069-a258-81420fbd3acb,cointelegraph.com,"Earnings,Blockchain,Financial Markets",0.066472,Neutral,"[{""ticker"": ""FOREX:USD"", ""relevance_score"": ""0.086245"", ""ticker_sentiment_score"": ""-0.056273"", ""ticker_sentiment_label"": ""Neutral""}, {""ticker"": ""CRYPTO:BTC"", ""relevance_score"": ""0.411848"", ""ticker_sentiment_score"": ""0.316897"", ""ticker_sentiment_label"": ""Somewhat-Bullish""}, {""ticker"": ""CRYPTO:ETH"", ""relevance_score"": ""0.254751"", ""ticker_sentiment_score"": ""-0.269084"", ""ticker_sentiment_label"": ""Somewhat-Bearish""}]"
2025-04-28,"Only a handful of cryptocurrencies, such as Bitcoin ( CRYPTO: BTC ) and XRP ( CRYPTO: XRP ) , have been able to avoid the worst of the declines in response to President Donald Trump's new tariffs.Most top cryptocurrencies are down at least 20% for the year, with two major categories of ...",Motley Fool,https://www.fool.com/investing/2025/04/28/2-types-of-cryptocurrencies-getting-slammed-by-pre/,0.541654,https://www.fool.com/investing/2025/04/28/2-types-of-cryptocurrencies-getting-slammed-by-pre/,2 Types of Cryptocurrencies Getting Slammed by President Trump's New Tariffs,Dominic Basulto,https://g.foolcdn.com/image/?url=https%3A%2F%2Fg.foolcdn.com%2Feditorial%2Fimages%2F815947%2Fdisappointed-investor.jpg&op=resize&w=700,www.fool.com,"Economy - Monetary,Blockchain,Financial Markets",-0.004912,Neutral,"[{""ticker"": ""CRCW"", ""relevance_score"": ""0.053749"", ""ticker_sentiment_score"": ""0.238871"", ""ticker_sentiment_label"": ""Somewhat-Bullish""}, {""ticker"": ""CRYPTO:BTC"", ""relevance_score"": ""0.263942"", ""ticker_sentiment_score"": ""-0.199911"", ""ticker_sentiment_label"": ""Somewhat-Bearish""}, {""ticker"": ""CRYPTO:ETH"", ""relevance_score"": ""0.541654"", ""ticker_sentiment_score"": ""0.163677"", ""ticker_sentiment_label"": ""Somewhat-Bullish""}, {""ticker"": ""CRYPTO:SHIB"", ""relevance_score"": ""0.160277"", ""ticker_sentiment_score"": ""-0.022709"", ""ticker_sentiment_label"": ""Neutral""}, {""ticker"": ""CRYPTO:DOGE"", ""relevance_score"": ""0.160277"", ""ticker_sentiment_score"": ""-0.022709"", ""ticker_sentiment_label"": ""Neutral""}, {""ticker"": ""CRYPTO:ADA"", ""relevance_score"": ""0.160277"", ""ticker_sentiment_score"": ""-0.164418"", ""ticker_sentiment_label"": ""Somewhat-Bearish""}]"
2025-04-28,"The Ethereum mainnet's gas limit could theoretically grow 100-fold and reach 2,000 transactions per second under a new Ethereum Improvement Proposal ( EIP ) put forward by Ethereum Foundation researcher Dankrad Feist.Feist, who had the blockchain's ""danksharding"" data storage solution named ...",Cointelegraph,https://cointelegraph.com/news/dankrad-fiest-unveils-eip-to-scale-ethereum-gas-limit-100x,0.81683,https://cointelegraph.com/news/dankrad-fiest-unveils-eip-to-scale-ethereum-gas-limit-100x,Researcher proposes scaling Ethereum gas limit by 100x over 4 years,Brayden Lindrea,https://s3.cointelegraph.com/uploads/2025-04/01967a27-3c69-76c1-9e71-6f02b09ab37d,cointelegraph.com,Technology,0.08785,Neutral,"[{""ticker"": ""DTST"", ""relevance_score"": ""0.081552"", ""ticker_sentiment_score"": ""0.078505"", ""ticker_sentiment_label"": ""Neutral""}, {""ticker"": ""CRYPTO:ETH"", ""relevance_score"": ""0.81683"", ""ticker_sentiment_score"": ""0.118457"", ""ticker_sentiment_label"": ""Neutral""}]"
2025-04-28,"Ethereum ( CRYPTO: ETH ) can't seem to catch a break. Between its tumbling price and the terrible sentiment about the chain's present and future, there isn't much for investors to be happy about.And there's a new sign that now might not be the right time to buy it, even if you are willing to hold ...",Motley Fool,https://www.fool.com/investing/2025/04/28/1-new-sign-that-ethereum-is-a-risky-buy-right-now/,0.612343,https://www.fool.com/investing/2025/04/28/1-new-sign-that-ethereum-is-a-risky-buy-right-now/,1 New Sign That Ethereum Is a Risky Buy Right Now,Alex Carchidi,https://g.foolcdn.com/editorial/images/815876/chart-reflected-on-investor-glasses.jpg,www.fool.com,Blockchain,0.144966,Neutral,"[{""ticker"": ""CRYPTO:ETH"", ""relevance_score"": ""0.612343"", ""ticker_sentiment_score"": ""0.20968"", ""ticker_sentiment_label"": ""Somewhat-Bullish""}]"
2025-04-29,"Ethereum's new dual-leadership model aims to accelerate ecosystem growth and could act as a long-term price catalyst. Traders see current price levels as a key accumulation zone, with Q2 rally potential building. Don't face extreme market conditions unprepared.",Benzinga,https://www.benzinga.com/markets/cryptocurrency/25/04/45074007/ethereum-stuck-around-1800-why-is-eth-not-moving,0.837089,https://www.benzinga.com/markets/cryptocurrency/25/04/45074007/ethereum-stuck-around-1800-why-is-eth-not-moving,"Ethereum Stuck Around $1,800: Why Is ETH Not Moving?",Khyathi Dalal,https://cdn.benzinga.com/files/images/story/2025/04/29/Ethereum-Virtual-Currency-On-Black-Scree.jpeg?width=1200&height=800&fit=crop,www.benzinga.com,"Economy - Macro,Financial Markets",0.185399,Somewhat-Bullish,"[{""ticker"": ""CRYPTO:BTC"", ""relevance_score"": ""0.235062"", ""ticker_sentiment_score"": ""-0.030784"", ""ticker_sentiment_label"": ""Neutral""}, {""ticker"": ""CRYPTO:ETH"", ""relevance_score"": ""0.837089"", ""ticker_sentiment_score"": ""0.207764"", ""ticker_sentiment_label"": ""Somewhat-Bullish""}]"
2025-04-29,Bitwise and Grayscale have also applied for ETFs tracking Dogecoin.,Decrypt.co,https://decrypt.co/316889/nasdaq-files-for-rule-change-to-list-21shares-dogecoin-etf,0.101582,https://decrypt.co/316889/nasdaq-files-for-rule-change-to-list-21shares-dogecoin-etf,Nasdaq Files for Rule Change to List 21Shares Dogecoin ETF,André Beganski,https://cdn.decrypt.co/resize/1024/height/512/wp-content/uploads/2021/05/Hello-Pal-dogecoin-gID_7.jpg,decrypt.co,"Blockchain,Financial Markets",0.251611,Somewhat-Bullish,"[{""ticker"": ""CRYPTO:BTC"", ""relevance_score"": ""0.101582"", ""ticker_sentiment_score"": ""0.281585"", ""ticker_sentiment_label"": ""Somewhat-Bullish""}, {""ticker"": ""CRYPTO:ETH"", ""relevance_score"": ""0.101582"", ""ticker_sentiment_score"": ""0.281585"", ""ticker_sentiment_label"": ""Somewhat-Bullish""}, {""ticker"": ""CRYPTO:DOGE"", ""relevance_score"": ""0.9261"", ""ticker_sentiment_score"": ""0.464165"", ""ticker_sentiment_label"": ""Bullish""}]"
2025-04-29,Key Takeaways: Fidelity Digital Assets' report said that multiple Ethereum onchain metrics suggest ETH trades at a discount.The BTC/ETH market cap ratio is at mid-2020 levels. Ethereum's layer-2 active addresses hit new highs at 13.6 million.,Cointelegraph,https://cointelegraph.com/news/ethereum-s-capitulation-suggests-eth-price-is-undervalued-fidelity-report,0.735092,https://cointelegraph.com/news/ethereum-s-capitulation-suggests-eth-price-is-undervalued-fidelity-report,Ethereum's 'capitulation' suggests ETH price is undervalued: Fidelity report,Biraajmaan Tamuly,https://s3.cointelegraph.com/uploads/2025-04/01968230-6e39-7f48-b3c6-ec5269d6658f,cointelegraph.com,"Economy - Monetary,Blockchain",0.085616,Neutral,"[{""ticker"": ""CRYPTO:BTC"", ""relevance_score"": ""0.238913"", ""ticker_sentiment_score"": ""-0.009368"", ""ticker_sentiment_label"": ""Neutral""}, {""ticker"": ""CRYPTO:ETH"", ""relevance_score"": ""0.735092"", ""ticker_sentiment_score"": ""0.179952"", ""ticker_sentiment_label"": ""Somewhat-Bullish""}, {""ticker"": ""CRYPTO:UNI"", ""relevance_score"": ""0.080728"", ""ticker_sentiment_score"": ""0.320708"", ""ticker_sentiment_label"": ""Somewhat-Bullish""}]"
2025-04-29,"Europe's second-largest neobank, Bunq, is expanding into cryptocurrency, citing growing retail investor demand for digital assets worldwide.The Amsterdam-based neobank announced the launch of Bunq Crypto on April 29, a new offering enabling its users to invest in over 300 cryptocurrencies, ...",Cointelegraph,https://cointelegraph.com/news/bunq-europe-second-largest-neobank-expands-crypto,0.29234,https://cointelegraph.com/news/bunq-europe-second-largest-neobank-expands-crypto,"Bunq, Europe's second-largest neobank, expands into crypto",Zoltan Vardai,"https://images.cointelegraph.com/cdn-cgi/image/format=auto,onerror=redirect,quality=90,width=1200/https://s3.cointelegraph.com/uploads/2025-03/0195d753-9450-794c-ad79-ae2cf97ccec6",cointelegraph.com,"Finance,Blockchain,Financial Markets",0.198611,Somewhat-Bullish,"[{""ticker"": ""COIN"", ""relevance_score"": ""0.099476"", ""ticker_sentiment_score"": ""0.0"", ""ticker_sentiment_label"": ""Neutral""}, {""ticker"": ""CRYPTO:BTC"", ""relevance_score"": ""0.197413"", ""ticker_sentiment_score"": ""0.0"", ""ticker_sentiment_label"": ""Neutral""}, {""ticker"": ""CRYPTO:ETH"", ""relevance_score"": ""0.29234"", ""ticker_sentiment_score"": ""-0.169223"", ""ticker_sentiment_label"": ""Somewhat-Bearish""}]"
2025-04-29,"Bitget, a cryptocurrency exchange with 100 million users, has announced a partnership with Avalanche to support community initiatives across India, one of the fastest-growing areas for crypto and Web3 developers.The partnership will see at least $10 million doled out in mini-grants, ...",Cointelegraph,https://cointelegraph.com/news/bitget-avalanche-form-partnership-to-boost-crypto-in-india,0.25168,https://cointelegraph.com/news/bitget-avalanche-form-partnership-to-boost-crypto-in-india,"Bitget, Avalanche form crypto partnership in India",Christopher Tepedino,"https://images.cointelegraph.com/cdn-cgi/image/format=auto,onerror=redirect,quality=90,width=1200/https://s3.cointelegraph.com/uploads/2025-04/019682a1-c32b-7151-8c1c-dc9798106cf3",cointelegraph.com,"Finance,Blockchain,Financial Markets",0.21401,Somewhat-Bullish,"[{""ticker"": ""COIN"", ""relevance_score"": ""0.127456"", ""ticker_sentiment_score"": ""0.151477"", ""ticker_sentiment_label"": ""Somewhat-Bullish""}, {""ticker"": ""CRYPTO:BTC"", ""relevance_score"": ""0.25168"", ""ticker_sentiment_score"": ""0.266576"", ""ticker_sentiment_label"": ""Somewhat-Bullish""}, {""ticker"": ""CRYPTO:ETH"", ""relevance_score"": ""0.25168"", ""ticker_sentiment_score"": ""0.266576"", ""ticker_sentiment_label"": ""Somewhat-Bullish""}, {""ticker"": ""CRYPTO:SHIB"", ""relevance_score"": ""0.25168"", ""ticker_sentiment_score"": ""0.266576"", ""ticker_sentiment_label"": ""Somewhat-Bullish""}, {""ticker"": ""CRYPTO:DOGE"", ""relevance_score"": ""0.25168"", ""ticker_sentiment_score"": ""0.266576"", ""ticker_sentiment_label"": ""Somewhat-Bullish""}]"
2025-04-29,"PORTLAND, Ore., April 29, 2025 ( GLOBE NEWSWIRE ) -- In early 2025, our team set out to identify the ultimate fast payout and instant withdrawal casinos.",Benzinga,https://www.benzinga.com/pressreleases/25/04/g45081992/fast-payout-and-instant-withdrawal-casinos-7bit-casino-rated-top-for-speedy-cashouts-in-2025,0.035538,https://www.benzinga.com/pressreleases/25/04/g45081992/fast-payout-and-instant-withdrawal-casinos-7bit-casino-rated-top-for-speedy-cashouts-in-2025,Fast Payout and Instant Withdrawal Casinos: 7Bit Casino Rated Top for Speedy Cashouts in 2025,Globe Newswire,https://www.benzinga.com/next-assets/images/schema-image-default.png,www.benzinga.com,Blockchain,0.61315,Bullish,"[{""ticker"": ""MA"", ""relevance_score"": ""0.011849"", ""ticker_sentiment_score"": ""0.126584"", ""ticker_sentiment_label"": ""Neutral""}, {""ticker"": ""RDDT"", ""relevance_score"": ""0.005925"", ""ticker_sentiment_score"": ""0.190663"", ""ticker_sentiment_label"": ""Somewhat-Bullish""}, {""ticker"": ""TRTPF"", ""relevance_score"": ""0.005925"", ""ticker_sentiment_score"": ""0.190663"", ""ticker_sentiment_label"": ""Somewhat-Bullish""}, {""ticker"": ""CRYPTO:BTC"", ""relevance_score"": ""0.12392"", ""ticker_sentiment_score"": ""0.34088"", ""ticker_sentiment_label"": ""Somewhat-Bullish""}, {""ticker"": ""CRYPTO:VPN"", ""relevance_score"": ""0.005925"", ""ticker_sentiment_score"": ""0.194244"", ""ticker_sentiment_label"": ""Somewhat-Bullish""}, {""ticker"": ""CRYPTO:BNB"", ""relevance_score"": ""0.017773"", ""ticker_sentiment_score"": ""0.146628"", ""ticker_sentiment_label"": ""Neutral""}, {""ticker"": ""CRYPTO:XRP"", ""relevance_score"": ""0.011849"", ""ticker_sentiment_score"": ""0.205219"", ""ticker_sentiment_label"": ""Somewhat-Bullish""}, {""ticker"": ""CRYPTO:ETH"", ""relevance_score"": ""0.035538"", ""ticker_sentiment_score"": ""0.193041"", ""ticker_sentiment_label"": ""Somewhat-Bullish""}, {""ticker"": ""CRYPTO:DOGE"", ""relevance_score"": ""0.023696"", ""ticker_sentiment_score"": ""0.181914"", ""ticker_sentiment_label"": ""Somewhat-Bullish""}, {""ticker"": ""CRYPTO:USDT"", ""relevance_score"": ""0.011849"", ""ticker_sentiment_score"": ""0.205219"", ""ticker_sentiment_label"": ""Somewhat-Bullish""}, {""ticker"": ""CRYPTO:LTC"", ""relevance_score"": ""0.029618"", ""ticker_sentiment_score"": ""0.187795"", ""ticker_sentiment_label"": ""Somewhat-Bullish""}]"
2025-04-29,"The US Securities and Exchange Commission ( SEC ) has postponed deciding on whether to greenlight two proposed cryptocurrency exchange-traded funds ( ETFs ) holding Dogecoin and XRP, filings show. The US regulator has delayed its deadline for ruling on the proposed ETF listings until June, ...",Cointelegraph,https://cointelegraph.com/news/sec-punts-decision-on-bitwise-xrp-doge-etfs,0.377142,https://cointelegraph.com/news/sec-punts-decision-on-bitwise-xrp-doge-etfs,"SEC punts decisions on XRP, DOGE ETFs",Alex O’Donnell,https://s3.cointelegraph.com/uploads/2025-04/01968331-52bf-702c-aad6-23837188cf93,cointelegraph.com,"Blockchain,Financial Markets",0.021193,Neutral,"[{""ticker"": ""CRYPTO:BTC"", ""relevance_score"": ""0.194242"", ""ticker_sentiment_score"": ""-0.215983"", ""ticker_sentiment_label"": ""Somewhat-Bearish""}, {""ticker"": ""CRYPTO:ETH"", ""relevance_score"": ""0.377142"", ""ticker_sentiment_score"": ""-0.345117"", ""ticker_sentiment_label"": ""Somewhat-Bearish""}, {""ticker"": ""CRYPTO:DOGE"", ""relevance_score"": ""0.461283"", ""ticker_sentiment_score"": ""0.068238"", ""ticker_sentiment_label"": ""Neutral""}, {""ticker"": ""CRYPTO:LTC"", ""relevance_score"": ""0.097854"", ""ticker_sentiment_score"": ""0.043184"", ""ticker_sentiment_label"": ""Neutral""}]"
2025-04-29,BetUS was honored as the best sportsbook in a recent bookmakers' ranking of top online sportsbooks in 2025. This recognition comes after the sportsbook consistently earned high ratings from reputable sources throughout the previous year.,Benzinga,https://www.benzinga.com/pressreleases/25/04/g45084813/best-sportsbook-promos-and-bonuses-betus-voted-top-welcome-bonus,0.028937,https://www.benzinga.com/pressreleases/25/04/g45084813/best-sportsbook-promos-and-bonuses-betus-voted-top-welcome-bonus,Best Sportsbook Promos and Bonuses: BetUS Voted Top Welcome Bonus,Globe Newswire,https://www.benzinga.com/next-assets/images/schema-image-default.png,www.benzinga.com,"Earnings,Blockchain",0.455066,Bullish,"[{""ticker"": ""CRYPTO:BTC"", ""relevance_score"": ""0.057837"", ""ticker_sentiment_score"": ""0.238268"", ""ticker_sentiment_label"": ""Somewhat-Bullish""}, {""ticker"": ""CRYPTO:ETH"", ""relevance_score"": ""0.028937"", ""ticker_sentiment_score"": ""0.229573"", ""ticker_sentiment_label"": ""Somewhat-Bullish""}, {""ticker"": ""CRYPTO:LTC"", ""relevance_score"": ""0.028937"", ""ticker_sentiment_score"": ""0.229573"", ""ticker_sentiment_label"": ""Somewhat-Bullish""}, {""ticker"": ""CRYPTO:BCH"", ""relevance_score"": ""0.028937"", ""ticker_sentiment_score"": ""0.229573"", ""ticker_sentiment_label"": ""Somewhat-Bullish""}]"
2025-04-29,Will U.S. authorities continue pressing ahead with the controversial coin mixing case?,Decrypt.co,https://decrypt.co/316925/bitcoin-mixer-founders-may-get-reprieve-as-doj-weighs-dropping-case,0.100308,https://decrypt.co/316925/bitcoin-mixer-founders-may-get-reprieve-as-doj-weighs-dropping-case,Bitcoin Mixer Founders May Get Reprieve as DOJ Weighs Dropping Case,Mat Di Salvo,https://cdn.decrypt.co/resize/1024/height/512/wp-content/uploads/2024/04/Samourai-Wallet-SDNY-scaled-gID_7.jpg,decrypt.co,"Finance,Blockchain,Financial Markets",-0.094195,Neutral,"[{""ticker"": ""COIN"", ""relevance_score"": ""0.100308"", ""ticker_sentiment_score"": ""-0.13885"", ""ticker_sentiment_label"": ""Neutral""}, {""ticker"": ""CRYPTO:BTC"", ""relevance_score"": ""0.199037"", ""ticker_sentiment_score"": ""-0.11079"", ""ticker_sentiment_label"": ""Neutral""}, {""ticker"": ""CRYPTO:ETH"", ""relevance_score"": ""0.100308"", ""ticker_sentiment_score"": ""0.0"", ""ticker_sentiment_label"": ""Neutral""}]"
2025-04-29,Early winners from the latest bull run are making a comeback as the AI and crypto narrative regains steam amid Bitcoin's rebound.,Decrypt.co,https://decrypt.co/316948/ai-tokens-surging-bitcoin-recovers,0.096671,https://decrypt.co/316948/ai-tokens-surging-bitcoin-recovers,AI Tokens Are Surging Again as Bitcoin Leads Crypto Market Recovery,Logan Hitchcock,https://img.decrypt.co/insecure/rs:fit:3840:0:0:0/plain/https://cdn.decrypt.co/wp-content/uploads/2025/04/Screenshot-2025-04-29-at-2.56.02 PM.png@webp,decrypt.co,Blockchain,0.216855,Somewhat-Bullish,"[{""ticker"": ""CRYPTO:BTC"", ""relevance_score"": ""0.28442"", ""ticker_sentiment_score"": ""0.142005"", ""ticker_sentiment_label"": ""Neutral""}, {""ticker"": ""CRYPTO:ETH"", ""relevance_score"": ""0.096671"", ""ticker_sentiment_score"": ""0.195648"", ""ticker_sentiment_label"": ""Somewhat-Bullish""}]"
2025-04-29,The SEC said it will wait until June to decide next steps for the Bitwise Dogecoin ETF and Franklin Templeton's proposed XRP product.,Decrypt.co,https://decrypt.co/316935/sec-punts-dogecoin-xrp-etf-approvals,0.150592,https://decrypt.co/316935/sec-punts-dogecoin-xrp-etf-approvals,SEC Punts on Dogecoin and XRP ETF Approvals,Mat Di Salvo,https://cdn.decrypt.co/resize/1024/height/512/wp-content/uploads/2024/12/bitcoin-dogecoin-xrp-gID_7.png,decrypt.co,"Blockchain,Financial Markets",0.318079,Somewhat-Bullish,"[{""ticker"": ""CRYPTO:BTC"", ""relevance_score"": ""0.295867"", ""ticker_sentiment_score"": ""0.425746"", ""ticker_sentiment_label"": ""Bullish""}, {""ticker"": ""CRYPTO:ETH"", ""relevance_score"": ""0.150592"", ""ticker_sentiment_score"": ""0.106448"", ""ticker_sentiment_label"": ""Neutral""}, {""ticker"": ""CRYPTO:DOGE"", ""relevance_score"": ""0.552443"", ""ticker_sentiment_score"": ""0.340856"", ""ticker_sentiment_label"": ""Somewhat-Bullish""}, {""ticker"": ""CRYPTO:LTC"", ""relevance_score"": ""0.150592"", ""ticker_sentiment_score"": ""0.069765"", ""ticker_sentiment_label"": ""Neutral""}, {""ticker"": ""CRYPTO:ADA"", ""relevance_score"": ""0.150592"", ""ticker_sentiment_score"": ""0.069765"", ""ticker_sentiment_label"": ""Neutral""}]"
2025-04-29,"The United Kingdom's Treasury and Chancellor of the Exchequer, Rachel Reeves, have proposed new crypto rules aimed at ""support[ing] innovation while cracking down on fraudsters.""In an April 29 notice, the UK government announced draft rules for cryptocurrencies, including Bitcoin ( BTC ) and ...",Cointelegraph,https://cointelegraph.com/news/uk-government-crypto-rules-consumer-protection,0.509589,https://cointelegraph.com/news/uk-government-crypto-rules-consumer-protection,UK gov't proposes crypto rules in response to scams,Turner Wright,"https://images.cointelegraph.com/cdn-cgi/image/format=auto,onerror=redirect,quality=90,width=1200/https://s3.cointelegraph.com/uploads/2024-11/01936347-5640-712c-8ed2-7904e478efbd",cointelegraph.com,"Blockchain,Financial Markets",-0.03464,Neutral,"[{""ticker"": ""CRYPTO:BTC"", ""relevance_score"": ""0.509589"", ""ticker_sentiment_score"": ""-0.047892"", ""ticker_sentiment_label"": ""Neutral""}, {""ticker"": ""CRYPTO:ETH"", ""relevance_score"": ""0.509589"", ""ticker_sentiment_score"": ""-0.047892"", ""ticker_sentiment_label"": ""Neutral""}]"
2025-04-29,The president is scheduled to speak at a Michigan rally Tuesday evening.,Decrypt.co,https://decrypt.co/316930/bitcoin-edges-higher-trump-hints-india-trade-deal,0.089462,https://decrypt.co/316930/bitcoin-edges-higher-trump-hints-india-trade-deal,Bitcoin Edges Higher as Trump Hints at India Trade Deal,André Beganski,https://cdn.decrypt.co/resize/1024/height/512/wp-content/uploads/2019/11/naveed-ahmed-9dt4wutvwds-unspl1-gID_7.jpg,decrypt.co,"Economy - Monetary,Blockchain",0.244906,Somewhat-Bullish,"[{""ticker"": ""CRYPTO:BTC"", ""relevance_score"": ""0.346884"", ""ticker_sentiment_score"": ""0.089737"", ""ticker_sentiment_label"": ""Neutral""}, {""ticker"": ""CRYPTO:ETH"", ""relevance_score"": ""0.089462"", ""ticker_sentiment_score"": ""0.215242"", ""ticker_sentiment_label"": ""Somewhat-Bullish""}]"
2025-04-29,"Cryptocurrency compliance firm Bitrace found that $649 billion worth of stablecoins flowed through addresses classified as high-risk in 2024, according to an April 29 report.Bitrace defines high-risk blockchain addresses as those used by illegal entities to receive, transfer or store ...",Cointelegraph,https://cointelegraph.com/news/stablecoin-risk-crypto-transactions-bitrace-2024-report,0.426824,https://cointelegraph.com/news/stablecoin-risk-crypto-transactions-bitrace-2024-report,$649B stablecoin transfers linked to illicit activity in 2024: Report,Adrian Zmudzinski,https://s3.cointelegraph.com/uploads/2025-04/019681a5-1d53-7776-ba7d-a0a738a8317d,cointelegraph.com,Blockchain,0.052237,Neutral,"[{""ticker"": ""CRYPTO:ETH"", ""relevance_score"": ""0.426824"", ""ticker_sentiment_score"": ""0.105493"", ""ticker_sentiment_label"": ""Neutral""}, {""ticker"": ""CRYPTO:USDT"", ""relevance_score"": ""0.518708"", ""ticker_sentiment_score"": ""0.133915"", ""ticker_sentiment_label"": ""Neutral""}]"
2025-04-29,"Key takeaways:Strong Ethereum ETF inflows signal high institutional demand.Ethereum's $51.8B TVL and 30% DEX weekly volume rise show robust network strength.A bull flag pattern on the ETH's four-hour chart targets $2,100.Ether's ( ETH ) price rose to a new range high at $1,860 on April 28, its ...",Cointelegraph,https://cointelegraph.com/news/ethereum-price-has-several-reasons-break-2000-next,0.79415,https://cointelegraph.com/news/ethereum-price-has-several-reasons-break-2000-next,"Ethereum price has several reasons to break $2,000 next",Nancy Lubale,https://s3.cointelegraph.com/uploads/2025-04/019681ad-ff05-7a26-a653-08f35b5eb89d,cointelegraph.com,"Blockchain,Financial Markets",0.280839,Somewhat-Bullish,"[{""ticker"": ""CRYPTO:ETH"", ""relevance_score"": ""0.79415"", ""ticker_sentiment_score"": ""0.399461"", ""ticker_sentiment_label"": ""Bullish""}, {""ticker"": ""CRYPTO:AAVE"", ""relevance_score"": ""0.072"", ""ticker_sentiment_score"": ""0.097603"", ""ticker_sentiment_label"": ""Neutral""}]"
2025-04-29,"While United States dollar-denominated stablecoins dominate the stablecoin and real-world asset ( RWA ) tokenization game, other competitors are coming into play, according to Tether co-founder Reeve Collins. Speaking to Cointelegraph in Dubai, Collins said that while USD-backed stablecoins may ...",Cointelegraph,https://cointelegraph.com/news/tether-reeve-collins-stablecoin-backing-gold-tokenized-assets,0.227007,https://cointelegraph.com/news/tether-reeve-collins-stablecoin-backing-gold-tokenized-assets,US dollar to face growing competition for stablecoin dominance: Tether co-founder,Ezra Reguerra,https://s3.cointelegraph.com/uploads/2025-04/01967fa3-e78a-7a62-af16-af4629a5aa83,cointelegraph.com,"Blockchain,Financial Markets",0.206043,Somewhat-Bullish,"[{""ticker"": ""FOREX:USD"", ""relevance_score"": ""0.227007"", ""ticker_sentiment_score"": ""0.09237"", ""ticker_sentiment_label"": ""Neutral""}, {""ticker"": ""CRYPTO:ETH"", ""relevance_score"": ""0.227007"", ""ticker_sentiment_score"": ""0.152017"", ""ticker_sentiment_label"": ""Somewhat-Bullish""}, {""ticker"": ""CRYPTO:BNB"", ""relevance_score"": ""0.114682"", ""ticker_sentiment_score"": ""0.241434"", ""ticker_sentiment_label"": ""Somewhat-Bullish""}]"
2025-04-29,"Miden has raised millions to spin out from Polygon Labs, expand its team, and launch a blockchain protocol focused private transactions.",Decrypt.co,https://decrypt.co/316869/miden-spins-out-from-polygon-labs-raises-25m-to-launch-own-chain,0.078099,https://decrypt.co/316869/miden-spins-out-from-polygon-labs-raises-25m-to-launch-own-chain,"Miden Spins Out From Polygon Labs, Raises $25M to Launch Own Chain",Liz Napolitano,https://cdn.decrypt.co/resize/1024/height/512/wp-content/uploads/2023/03/quarter-spinning-on-table-gID_7.jpg,decrypt.co,Blockchain,0.112553,Neutral,"[{""ticker"": ""CRYPTO:ETH"", ""relevance_score"": ""0.078099"", ""ticker_sentiment_score"": ""0.0"", ""ticker_sentiment_label"": ""Neutral""}]"
2025-04-29,"Leading cryptocurrencies spiked on Monday, as a research group projected a new all-time high for Bitcoin in the second quarter. What Happened: The cryptocurrency touched an intraday high of $95,598.49 early morning before dipping below $93,000. BTC reclaimed $95,000 overnight.",Benzinga,https://www.benzinga.com/25/04/45057490/bitcoin-ethereum-dogecoin-mirror-stocks-rise-amid-120000-btc-prediction-for-q2-eth-needs-daily-close-above-1950-f,0.28305,https://www.benzinga.com/25/04/45057490/bitcoin-ethereum-dogecoin-mirror-stocks-rise-amid-120000-btc-prediction-for-q2-eth-needs-daily-close-above-1950-f,"Bitcoin, Ethereum, Dogecoin Mirror Stocks, Rise Amid $120,000 BTC Prediction In Q2: ETH Needs Daily Close Above $1,950 For Bullish Bias, Says Analyst - Grayscale Bitcoin Mini Trust  ( BTC )  Common units of fractional undivided beneficial interest  ( ARCA:BTC ) ",Aniket Verma,https://cdn.benzinga.com/files/images/story/2025/04/28/Bitcoin-Cryptocurrency-Stock-Market-Conc.jpeg?width=1200&height=800&fit=crop,www.benzinga.com,"Financial Markets,Earnings,Technology,Blockchain",0.149481,Neutral,"[{""ticker"": ""MSFT"", ""relevance_score"": ""0.143843"", ""ticker_sentiment_score"": ""0.0"", ""ticker_sentiment_label"": ""Neutral""}, {""ticker"": ""SCBFF"", ""relevance_score"": ""0.072217"", ""ticker_sentiment_score"": ""0.066962"", ""ticker_sentiment_label"": ""Neutral""}, {""ticker"": ""CRYPTO:BTC"", ""relevance_score"": ""0.349575"", ""ticker_sentiment_score"": ""0.125562"", ""ticker_sentiment_label"": ""Neutral""}, {""ticker"": ""CRYPTO:ETH"", ""relevance_score"": ""0.28305"", ""ticker_sentiment_score"": ""0.03331"", ""ticker_sentiment_label"": ""Neutral""}]"
2025-04-29,"The crypto lobby group, the DeFi Education Fund, has petitioned the Trump administration to end what it claimed was the ""lawless prosecution"" of open-source software developers, including Roman Storm, a creator of the crypto mixing service Tornado Cash.In an April 28 letter to White House crypto ...",Cointelegraph,https://cointelegraph.com/news/crypto-group-trump-end-prosecution-crypto-devs-roman-storm,0.092213,https://cointelegraph.com/news/crypto-group-trump-end-prosecution-crypto-devs-roman-storm,"Crypto group asks Trump to end prosecution of crypto devs, Roman Storm",Martin Young,https://s3.cointelegraph.com/uploads/2025-04/01967f4c-4486-7ff7-b89d-d89532ff62f0,cointelegraph.com,"Finance,Blockchain",0.004868,Neutral,"[{""ticker"": ""COIN"", ""relevance_score"": ""0.092213"", ""ticker_sentiment_score"": ""0.083267"", ""ticker_sentiment_label"": ""Neutral""}, {""ticker"": ""CRYPTO:ETH"", ""relevance_score"": ""0.092213"", ""ticker_sentiment_score"": ""0.083267"", ""ticker_sentiment_label"": ""Neutral""}]"
2025-04-29,"Memecoins were up in the green Monday overnight, with Floki and Bonk leading the charge following Bitcoin's BTC/USD reclaim of $95,000. What happened: Ethereum ETH/USD-based FLOKI hit a two-month high of $0.00009044 late in the evening, representing a 15% spike in the last 24 hours.",Benzinga,https://www.benzinga.com/trading-ideas/movers/25/04/45057801/dogecoin-shiba-inu-spike-but-floki-and-bonk-are-stars-of-mondays-meme-rally,0.240489,https://www.benzinga.com/trading-ideas/movers/25/04/45057801/dogecoin-shiba-inu-spike-but-floki-and-bonk-are-stars-of-mondays-meme-rally,"Dogecoin, Shiba Inu Spike But Floki And Bonk Are Stars Of Monday's Meme Rally - Grayscale Bitcoin Mini Trust  ( BTC )  Common units of fractional undivided beneficial interest  ( ARCA:BTC ) ",Aniket Verma,https://cdn.benzinga.com/files/images/story/2025/04/28/Various-Memecoin-Logos-On-Digital-Backgr.jpeg?width=1200&height=800&fit=crop,www.benzinga.com,"Blockchain,Financial Markets",0.182785,Somewhat-Bullish,"[{""ticker"": ""CRYPTO:ETH"", ""relevance_score"": ""0.240489"", ""ticker_sentiment_score"": ""0.0"", ""ticker_sentiment_label"": ""Neutral""}, {""ticker"": ""CRYPTO:SHIB"", ""relevance_score"": ""0.240489"", ""ticker_sentiment_score"": ""0.279817"", ""ticker_sentiment_label"": ""Somewhat-Bullish""}, {""ticker"": ""CRYPTO:DOGE"", ""relevance_score"": ""0.240489"", ""ticker_sentiment_score"": ""0.279817"", ""ticker_sentiment_label"": ""Somewhat-Bullish""}]"
2025-04-29,"Decentralized exchange ( DEX ) aggregator 1inch has launched on Solana, marking a significant step toward its vision of a ""unified multichain"" decentralized finance ( DeFi ) ecosystem.According to a press release shared with Cointelegraph, the integration enables users to trade over 1 million ...",Cointelegraph,https://cointelegraph.com/news/1inch-launches-on-solana-plans-cross-chain-swaps,0.243701,https://cointelegraph.com/news/1inch-launches-on-solana-plans-cross-chain-swaps,1inch launches on Solana with crosschain swaps in the pipeline,Amin Haqshanas,https://s3.cointelegraph.com/uploads/2025-04/01968032-a2a6-7dd6-a8ea-814c2f00fa6d,cointelegraph.com,"Blockchain,Financial Markets",0.257633,Somewhat-Bullish,"[{""ticker"": ""CRYPTO:ETH"", ""relevance_score"": ""0.243701"", ""ticker_sentiment_score"": ""-0.019269"", ""ticker_sentiment_label"": ""Neutral""}]"
2025-04-29,"DeFi protocol Loopscale has recovered nearly half of the funds stolen during a major exploit over the weekend, as white hat negotiations with the attacker show signs of progress.In an April 29 update posted to X, Loopscale confirmed that approximately 19,463 Wrapped SOL ( WSOL ) ( worth roughly ...",Cointelegraph,https://cointelegraph.com/news/loopscale-recovers-funds-after-defi-exploit-hacker-negotiations,0.411176,https://cointelegraph.com/news/loopscale-recovers-funds-after-defi-exploit-hacker-negotiations,Loopscale recovers $2.8M after weekend DeFi hack and bounty talks,Amin Haqshanas,https://s3.cointelegraph.com/uploads/2025-04/019680a0-c01f-7d91-a93b-72e6ab5e3622,cointelegraph.com,Blockchain,-0.047903,Neutral,"[{""ticker"": ""CRYPTO:ETH"", ""relevance_score"": ""0.411176"", ""ticker_sentiment_score"": ""-0.130389"", ""ticker_sentiment_label"": ""Neutral""}]"
2025-04-29,"DUBAI, United Arab Emirates, April 29, 2025 ( GLOBE NEWSWIRE ) -- Bitget, the leading cryptocurrency exchange and Web3 company, is set to make a major impact at TOKEN2049 Dubai as a Gold Sponsor of this year's landmark event.",Benzinga,https://www.benzinga.com/pressreleases/25/04/g45060213/bitget-becomes-gold-sponsor-at-token2049-dubai-ceo-gracy-chen-to-share-vision-for-cryptos-next-cha,0.050359,https://www.benzinga.com/pressreleases/25/04/g45060213/bitget-becomes-gold-sponsor-at-token2049-dubai-ceo-gracy-chen-to-share-vision-for-cryptos-next-cha,Bitget Becomes Gold Sponsor at Token2049 Dubai: CEO Gracy Chen to Share Vision for Crypto's Next Chapter,Globe Newswire,https://ml-eu.globenewswire.com/Resource/Download/dca116ce-6d79-4bfa-8ef8-9b1e72215f89/picture1.jpg,www.benzinga.com,"Blockchain,Financial Markets",0.334237,Somewhat-Bullish,"[{""ticker"": ""CRYPTO:BTC"", ""relevance_score"": ""0.050359"", ""ticker_sentiment_score"": ""0.151269"", ""ticker_sentiment_label"": ""Somewhat-Bullish""}, {""ticker"": ""CRYPTO:ETH"", ""relevance_score"": ""0.050359"", ""ticker_sentiment_score"": ""0.151269"", ""ticker_sentiment_label"": ""Somewhat-Bullish""}]"
2025-04-29,"PERTH, Australia, April 29, 2025 ( GLOBE NEWSWIRE ) -- After trying out tons of online casinos in Australia, most just didn't live up to the hype, especially when it came to bonuses. While chatting with a few local players, one name kept coming up: 7Bit casino. So, we decided to check it out.",Benzinga,https://www.benzinga.com/pressreleases/25/04/g45063757/best-online-casinos-australia-7bit-casino-ranked-top-choice-for-aussie-players-in-2025,0.035956,https://www.benzinga.com/pressreleases/25/04/g45063757/best-online-casinos-australia-7bit-casino-ranked-top-choice-for-aussie-players-in-2025,Best Online Casinos Australia: 7Bit Casino Ranked Top Choice for Aussie Players in 2025,Globe Newswire,https://www.benzinga.com/next-assets/images/schema-image-default.png,www.benzinga.com,Blockchain,0.516288,Bullish,"[{""ticker"": ""MA"", ""relevance_score"": ""0.017982"", ""ticker_sentiment_score"": ""0.321682"", ""ticker_sentiment_label"": ""Somewhat-Bullish""}, {""ticker"": ""CRYPTO:BTC"", ""relevance_score"": ""0.053911"", ""ticker_sentiment_score"": ""0.272932"", ""ticker_sentiment_label"": ""Somewhat-Bullish""}, {""ticker"": ""CRYPTO:ETH"", ""relevance_score"": ""0.035956"", ""ticker_sentiment_score"": ""0.267648"", ""ticker_sentiment_label"": ""Somewhat-Bullish""}, {""ticker"": ""CRYPTO:LTC"", ""relevance_score"": ""0.017982"", ""ticker_sentiment_score"": ""0.0"", ""ticker_sentiment_label"": ""Neutral""}]"
2025-04-29,"PORTLAND, Ore., April 29, 2025 ( GLOBE NEWSWIRE ) -- We played through plenty of online casinos across Canada, hoping to find great bonuses and a good time, but most fell short. After talking to a few local players, one name kept popping up, so we decided to check it out.",Benzinga,https://www.benzinga.com/pressreleases/25/04/g45063797/best-online-casinos-canada-2025-7bit-casino-recognized-as-the-best-overall-choice,0.050519,https://www.benzinga.com/pressreleases/25/04/g45063797/best-online-casinos-canada-2025-7bit-casino-recognized-as-the-best-overall-choice,Best Online Casinos Canada 2025: 7Bit Casino Recognized as the Best Overall Choice,Globe Newswire,https://www.benzinga.com/next-assets/images/schema-image-default.png,www.benzinga.com,"Technology,Blockchain",0.586375,Bullish,"[{""ticker"": ""MA"", ""relevance_score"": ""0.012638"", ""ticker_sentiment_score"": ""0.229846"", ""ticker_sentiment_label"": ""Somewhat-Bullish""}, {""ticker"": ""PSFE"", ""relevance_score"": ""0.012638"", ""ticker_sentiment_score"": ""0.256051"", ""ticker_sentiment_label"": ""Somewhat-Bullish""}, {""ticker"": ""CRYPTO:BTC"", ""relevance_score"": ""0.175494"", ""ticker_sentiment_score"": ""0.293937"", ""ticker_sentiment_label"": ""Somewhat-Bullish""}, {""ticker"": ""CRYPTO:BCH"", ""relevance_score"": ""0.025272"", ""ticker_sentiment_score"": ""0.258015"", ""ticker_sentiment_label"": ""Somewhat-Bullish""}, {""ticker"": ""CRYPTO:BNB"", ""relevance_score"": ""0.025272"", ""ticker_sentiment_score"": ""0.430644"", ""ticker_sentiment_label"": ""Bullish""}, {""ticker"": ""CRYPTO:XRP"", ""relevance_score"": ""0.012638"", ""ticker_sentiment_score"": ""0.256051"", ""ticker_sentiment_label"": ""Somewhat-Bullish""}, {""ticker"": ""CRYPTO:ETH"", ""relevance_score"": ""0.050519"", ""ticker_sentiment_score"": ""0.154977"", ""ticker_sentiment_label"": ""Somewhat-Bullish""}, {""ticker"": ""CRYPTO:DOGE"", ""relevance_score"": ""0.025272"", ""ticker_sentiment_score"": ""0.344216"", ""ticker_sentiment_label"": ""Somewhat-Bullish""}, {""ticker"": ""CRYPTO:USDT"", ""relevance_score"": ""0.012638"", ""ticker_sentiment_score"": ""0.439887"", ""ticker_sentiment_label"": ""Bullish""}, {""ticker"": ""CRYPTO:LTC"", ""relevance_score"": ""0.0379"", ""ticker_sentiment_score"": ""-0.029869"", ""ticker_sentiment_label"": ""Neutral""}, {""ticker"": ""CRYPTO:TRX"", ""relevance_score"": ""0.012638"", ""ticker_sentiment_score"": ""0.256051"", ""ticker_sentiment_label"": ""Somewhat-Bullish""}, {""ticker"": ""CRYPTO:ADA"", ""relevance_score"": ""0.0379"", ""ticker_sentiment_score"": ""0.143338"", ""ticker_sentiment_label"": ""Neutral""}]"
2025-04-29,"LARNACA, Cyprus, April 29, 2025 ( GLOBE NEWSWIRE ) -- No KYC casinos are ruling the gambling landscape recently. With numerous available options, it might be overwhelming for players to choose the best No KYC casino for better and safer iGaming.",Benzinga,https://www.benzinga.com/pressreleases/25/04/g45063896/best-no-kyc-casinos-jackbit-is-ranked-top-no-verification-casino-with-exclusive-bonuses,0.014419,https://www.benzinga.com/pressreleases/25/04/g45063896/best-no-kyc-casinos-jackbit-is-ranked-top-no-verification-casino-with-exclusive-bonuses,Best No KYC Casinos: JACKBIT Is Ranked Top No Verification Casino With Exclusive Bonuses,Globe Newswire,https://www.benzinga.com/next-assets/images/schema-image-default.png,www.benzinga.com,"Technology,Blockchain,Financial Markets",0.398668,Bullish,"[{""ticker"": ""MA"", ""relevance_score"": ""0.028833"", ""ticker_sentiment_score"": ""-0.046599"", ""ticker_sentiment_label"": ""Neutral""}, {""ticker"": ""GOOG"", ""relevance_score"": ""0.028833"", ""ticker_sentiment_score"": ""-0.046599"", ""ticker_sentiment_label"": ""Neutral""}, {""ticker"": ""CRYPTO:BTC"", ""relevance_score"": ""0.057628"", ""ticker_sentiment_score"": ""0.171046"", ""ticker_sentiment_label"": ""Somewhat-Bullish""}, {""ticker"": ""CRYPTO:ETH"", ""relevance_score"": ""0.014419"", ""ticker_sentiment_score"": ""0.120394"", ""ticker_sentiment_label"": ""Neutral""}, {""ticker"": ""CRYPTO:LTC"", ""relevance_score"": ""0.014419"", ""ticker_sentiment_score"": ""0.120394"", ""ticker_sentiment_label"": ""Neutral""}, {""ticker"": ""CRYPTO:BCH"", ""relevance_score"": ""0.014419"", ""ticker_sentiment_score"": ""0.120394"", ""ticker_sentiment_label"": ""Neutral""}]"
2025-04-29,"The first 100 days of the administration of US President Donald Trump have deeply impacted the crypto industry, starting with his own memecoin and culminating in a Bitcoin reserve and a spate of blockchain policymaking.",Cointelegraph,https://cointelegraph.com/news/trump-first-100-days-worst-in-history-despite-crypto-promises,0.058711,https://cointelegraph.com/news/trump-first-100-days-worst-in-history-despite-crypto-promises,Trump's first 100 days 'worst in history' despite crypto promises,Aaron Wood,https://s3.cointelegraph.com/uploads/2025-04/0196815c-798e-718a-a693-fffa1106b578,cointelegraph.com,"Economy - Monetary,Blockchain,Financial Markets",0.1016,Neutral,"[{""ticker"": ""SFTBF"", ""relevance_score"": ""0.019586"", ""ticker_sentiment_score"": ""0.143205"", ""ticker_sentiment_label"": ""Neutral""}, {""ticker"": ""FOREX:USD"", ""relevance_score"": ""0.019586"", ""ticker_sentiment_score"": ""0.147903"", ""ticker_sentiment_label"": ""Neutral""}, {""ticker"": ""CRYPTO:BTC"", ""relevance_score"": ""0.305532"", ""ticker_sentiment_score"": ""-0.05293"", ""ticker_sentiment_label"": ""Neutral""}, {""ticker"": ""CRYPTO:ETH"", ""relevance_score"": ""0.058711"", ""ticker_sentiment_score"": ""0.149"", ""ticker_sentiment_label"": ""Neutral""}, {""ticker"": ""CRYPTO:LINK"", ""relevance_score"": ""0.019586"", ""ticker_sentiment_score"": ""0.203221"", ""ticker_sentiment_label"": ""Somewhat-Bullish""}, {""ticker"": ""CRYPTO:ADA"", ""relevance_score"": ""0.058711"", ""ticker_sentiment_score"": ""0.061982"", ""ticker_sentiment_label"": ""Neutral""}]"
2025-04-29,"U.S. spot Bitcoin ETFs see $591.3M net inflows, led by BlackRock's IBIT. Arizona House approves bills for state Bitcoin reserve, allocating up to 10% of treasury funds to crypto. Today's manic market swings are creating the perfect setup for Matt's next volatility trade.",Benzinga,https://www.benzinga.com/markets/cryptocurrency/25/04/45066492/bitcoin-steady-at-95000-as-us-bitcoin-etfs-record-591-million-net-inflows,0.149192,https://www.benzinga.com/markets/cryptocurrency/25/04/45066492/bitcoin-steady-at-95000-as-us-bitcoin-etfs-record-591-million-net-inflows,"Bitcoin Steady At $95,000 As US Bitcoin ETFs Record $591 Million Net Inflows",Ivan Crnogatić,https://cdn.benzinga.com/files/images/story/2025/04/29/Bitcoin-ETFs.jpeg?width=1200&height=800&fit=crop,www.benzinga.com,"Blockchain,Financial Markets",0.300842,Somewhat-Bullish,"[{""ticker"": ""CRYPTO:BTC"", ""relevance_score"": ""0.740902"", ""ticker_sentiment_score"": ""0.380519"", ""ticker_sentiment_label"": ""Bullish""}, {""ticker"": ""CRYPTO:ETH"", ""relevance_score"": ""0.149192"", ""ticker_sentiment_score"": ""0.211686"", ""ticker_sentiment_label"": ""Somewhat-Bullish""}]"
2025-04-29,"The United States' rejection of a central bank digital currency has not halted the progress of CBDCs globally, but their success has been questionable so far, according to a former Binance executive.Global CBDC projects have not failed, but they have also not become what they were anticipated to ...",Cointelegraph,https://cointelegraph.com/news/cbdc-costly-fiat-copy-not-fintech-success-ex-binance-exec,0.059785,https://cointelegraph.com/news/cbdc-costly-fiat-copy-not-fintech-success-ex-binance-exec,"CBDCs 'costly fiat copy', not fintech success so far: Ex-Binance exec",Helen Partz,https://s3.cointelegraph.com/uploads/2025-04/0196818d-ae98-75e1-a555-bc8dbb20eaeb,cointelegraph.com,"Economy - Monetary,Blockchain",0.007206,Neutral,"[{""ticker"": ""MA"", ""relevance_score"": ""0.059785"", ""ticker_sentiment_score"": ""-0.037994"", ""ticker_sentiment_label"": ""Neutral""}, {""ticker"": ""FOREX:RUB"", ""relevance_score"": ""0.34729"", ""ticker_sentiment_score"": ""-0.075196"", ""ticker_sentiment_label"": ""Neutral""}, {""ticker"": ""FOREX:CNY"", ""relevance_score"": ""0.059785"", ""ticker_sentiment_score"": ""-0.042995"", ""ticker_sentiment_label"": ""Neutral""}, {""ticker"": ""FOREX:EUR"", ""relevance_score"": ""0.178021"", ""ticker_sentiment_score"": ""-0.044601"", ""ticker_sentiment_label"": ""Neutral""}, {""ticker"": ""CRYPTO:ETH"", ""relevance_score"": ""0.059785"", ""ticker_sentiment_score"": ""-0.247105"", ""ticker_sentiment_label"": ""Somewhat-Bearish""}, {""ticker"": ""CRYPTO:USDT"", ""relevance_score"": ""0.059785"", ""ticker_sentiment_score"": ""0.0"", ""ticker_sentiment_label"": ""Neutral""}]"
2025-04-29,"A bear market is one of the best opportunities to invest in crypto, with one key caveat: You need to choose your investments very carefully. Bear markets tend to separate the crypto contenders from the pretenders.",Motley Fool,https://www.fool.com/investing/2025/04/29/3-cryptocurrencies-to-buy-in-a-bear-market/,0.143987,https://www.fool.com/investing/2025/04/29/3-cryptocurrencies-to-buy-in-a-bear-market/,3 Cryptocurrencies to Buy in a Bear Market,Lyle Daly,https://media.ycharts.com/charts/fa3311835d612378aa3f9e03f157a69e.png,www.fool.com,"Economy - Monetary,Blockchain,Financial Markets",0.158587,Somewhat-Bullish,"[{""ticker"": ""CRYPTO:BTC"", ""relevance_score"": ""0.602879"", ""ticker_sentiment_score"": ""0.193123"", ""ticker_sentiment_label"": ""Somewhat-Bullish""}, {""ticker"": ""CRYPTO:ETH"", ""relevance_score"": ""0.143987"", ""ticker_sentiment_score"": ""0.169457"", ""ticker_sentiment_label"": ""Somewhat-Bullish""}, {""ticker"": ""CRYPTO:XMR"", ""relevance_score"": ""0.413803"", ""ticker_sentiment_score"": ""0.321738"", ""ticker_sentiment_label"": ""Somewhat-Bullish""}]"
2025-04-29,"The Ethereum Foundation, which backs the development of the Ethereum blockchain, has overhauled its leadership structure to separate the responsibilities of its management team and board of directors.The board will act as the ""security council to protect the heart and soul"" of the foundation and ...",Cointelegraph,https://cointelegraph.com/news/ethereum-foundation-shuffles-leadership-with-board-and-management-split,0.930468,https://cointelegraph.com/news/ethereum-foundation-shuffles-leadership-with-board-and-management-split,"Ethereum Foundation shuffles leadership, splits board and management",Brayden Lindrea,https://s3.cointelegraph.com/uploads/2025-04/01967f06-000a-7932-bd65-2ecab0bb0361,cointelegraph.com,Blockchain,0.144696,Neutral,"[{""ticker"": ""CRYPTO:BTC"", ""relevance_score"": ""0.169081"", ""ticker_sentiment_score"": ""-0.111105"", ""ticker_sentiment_label"": ""Neutral""}, {""ticker"": ""CRYPTO:ETH"", ""relevance_score"": ""0.930468"", ""ticker_sentiment_score"": ""0.320332"", ""ticker_sentiment_label"": ""Somewhat-Bullish""}]"
2025-04-30,"FIFA's official digital collectibles will soon migrate to a new EVM-compatible blockchain, ditching Algorand in the process.",Decrypt.co,https://decrypt.co/317139/fifa-collect-nft-dump-algorand,0.324495,https://decrypt.co/317139/fifa-collect-nft-dump-algorand,FIFA Collect NFT Platform Will Dump Algorand for Its Own Chain,Logan Hitchcock,https://cdn.decrypt.co/resize/1024/height/512/wp-content/uploads/2020/02/football-soccer-ball-gID_7.jpg,decrypt.co,Blockchain,0.159668,Somewhat-Bullish,"[{""ticker"": ""CRYPTO:ETH"", ""relevance_score"": ""0.324495"", ""ticker_sentiment_score"": ""0.104692"", ""ticker_sentiment_label"": ""Neutral""}, {""ticker"": ""CRYPTO:ALGO"", ""relevance_score"": ""0.790817"", ""ticker_sentiment_score"": ""0.106499"", ""ticker_sentiment_label"": ""Neutral""}]"
2025-04-30,"TRM Labs told Decrypt that ""Garantex has a unique on-chain fingerprint and Grinex uses this same fingerprint."" ...",Decrypt.co,https://decrypt.co/317161/sanctioned-russian-exchange-garantex-rebrand-grinex,0.056275,https://decrypt.co/317161/sanctioned-russian-exchange-garantex-rebrand-grinex,Sanctioned Russian Exchange Garantex Suspected of Rebrand as Grinex,Simon Chandler,https://cdn.decrypt.co/resize/1024/height/512/wp-content/uploads/2024/10/bitcoin-russia-gID_7.jpg,decrypt.co,Blockchain,0.054051,Neutral,"[{""ticker"": ""FOREX:RUB"", ""relevance_score"": ""0.056275"", ""ticker_sentiment_score"": ""0.112914"", ""ticker_sentiment_label"": ""Neutral""}, {""ticker"": ""CRYPTO:ETH"", ""relevance_score"": ""0.056275"", ""ticker_sentiment_score"": ""0.112914"", ""ticker_sentiment_label"": ""Neutral""}, {""ticker"": ""CRYPTO:XCP"", ""relevance_score"": ""0.056275"", ""ticker_sentiment_score"": ""0.0"", ""ticker_sentiment_label"": ""Neutral""}]"
2025-04-30,"Changpeng ""CZ"" Zhao, the former CEO of crypto exchange Binance, said most European countries were moving ""nowhere"" in terms of the adoption of digital currencies.Speaking at the Token2049 conference in Dubai on April 30, Zhao said that areas of the United Arab Emirates were ""extremely ...",Cointelegraph,https://cointelegraph.com/news/changpeng-zhao-europe-over-crypto-adoption,0.380012,https://cointelegraph.com/news/changpeng-zhao-europe-over-crypto-adoption,Ex-Binance CEO chides Europe over crypto adoption,Turner Wright,"https://images.cointelegraph.com/cdn-cgi/image/format=auto,onerror=redirect,quality=90,width=1200/https://s3.cointelegraph.com/uploads/2025-04/01968797-76e5-71d2-b9ca-0ff881cf95b6",cointelegraph.com,Blockchain,-0.011864,Neutral,"[{""ticker"": ""CRYPTO:BTC"", ""relevance_score"": ""0.380012"", ""ticker_sentiment_score"": ""0.184053"", ""ticker_sentiment_label"": ""Somewhat-Bullish""}, {""ticker"": ""CRYPTO:ETH"", ""relevance_score"": ""0.380012"", ""ticker_sentiment_score"": ""0.184053"", ""ticker_sentiment_label"": ""Somewhat-Bullish""}]"
2025-04-30,"Sydney, Australia, April 30, 2025 ( GLOBE NEWSWIRE ) -- Digital currency mining has evolved significantly from its early days of using massive, power-hungry machines at home. By 2025, cloud mining is set to dominate, offering easier access to the crypto community.",Benzinga,https://www.benzinga.com/pressreleases/25/04/g45108339/best-trusted-cloud-mining-platforms-in-2025-a-complete-guide-to-secure-crypto-investment,0.125898,https://www.benzinga.com/pressreleases/25/04/g45108339/best-trusted-cloud-mining-platforms-in-2025-a-complete-guide-to-secure-crypto-investment,Best Trusted Cloud Mining Platforms in 2025: A Complete Guide to Secure Crypto Investment,Globe Newswire,https://www.benzinga.com/next-assets/images/schema-image-default.png,www.benzinga.com,"Economy - Monetary,Financial Markets,Earnings,Blockchain",0.444383,Bullish,"[{""ticker"": ""CRYPTO:BTC"", ""relevance_score"": ""0.288408"", ""ticker_sentiment_score"": ""0.402944"", ""ticker_sentiment_label"": ""Bullish""}, {""ticker"": ""CRYPTO:ETH"", ""relevance_score"": ""0.125898"", ""ticker_sentiment_score"": ""0.200342"", ""ticker_sentiment_label"": ""Somewhat-Bullish""}, {""ticker"": ""CRYPTO:DOGE"", ""relevance_score"": ""0.125898"", ""ticker_sentiment_score"": ""0.200342"", ""ticker_sentiment_label"": ""Somewhat-Bullish""}, {""ticker"": ""CRYPTO:LTC"", ""relevance_score"": ""0.125898"", ""ticker_sentiment_score"": ""0.200342"", ""ticker_sentiment_label"": ""Somewhat-Bullish""}, {""ticker"": ""CRYPTO:BNB"", ""relevance_score"": ""0.125898"", ""ticker_sentiment_score"": ""0.200342"", ""ticker_sentiment_label"": ""Somewhat-Bullish""}]"
2025-04-30,"""With one of the world's largest economies holding Bitcoin, or making a crypto reserve, other countries are forced to do it,"" Zhao said.",Decrypt.co,https://decrypt.co/317137/changpeng-cz-zhao-advising-countries-crypto-reserves,0.089129,https://decrypt.co/317137/changpeng-cz-zhao-advising-countries-crypto-reserves,Changpeng 'CZ' Zhao Is Advising Countries on How to Start Crypto Strategic Reserves,Stacy Elliott,https://cdn.decrypt.co/resize/1024/height/512/wp-content/uploads/2023/11/changpeng-zhao-cz-gID_7.jpg,decrypt.co,Blockchain,0.062063,Neutral,"[{""ticker"": ""CRYPTO:BTC"", ""relevance_score"": ""0.262994"", ""ticker_sentiment_score"": ""0.043769"", ""ticker_sentiment_label"": ""Neutral""}, {""ticker"": ""CRYPTO:ETH"", ""relevance_score"": ""0.089129"", ""ticker_sentiment_score"": ""0.072322"", ""ticker_sentiment_label"": ""Neutral""}, {""ticker"": ""CRYPTO:BNB"", ""relevance_score"": ""0.089129"", ""ticker_sentiment_score"": ""0.072322"", ""ticker_sentiment_label"": ""Neutral""}]"
2025-04-30,"Key points:Bitcoin's 7-day volatility is the lowest in 563 days, signaling an impending range expansion.Bitcoin's breakout above $95,000 could swiftly take it to $100,000 and above.Although the probability is low, traders should remain cautious about a pullback in the near term.Bitcoin ( BTC ) ...",Cointelegraph,https://cointelegraph.com/news/price-predictions-4-30-btc-eth-xrp-bnb-sol-doge-ada-sui-link-avax,0.102303,https://cointelegraph.com/news/price-predictions-4-30-btc-eth-xrp-bnb-sol-doge-ada-sui-link-avax,"Price predictions 4/30: BTC, ETH, XRP, BNB, SOL, DOGE, ADA, SUI, LINK, AVAX",Rakesh Upadhyay,https://s3.cointelegraph.com/uploads/2025-04/0196879f-6c2e-7a27-b055-003ea9281bce,cointelegraph.com,Blockchain,-0.045986,Neutral,"[{""ticker"": ""CRYPTO:BTC"", ""relevance_score"": ""0.169676"", ""ticker_sentiment_score"": ""0.002917"", ""ticker_sentiment_label"": ""Neutral""}, {""ticker"": ""CRYPTO:AVAX"", ""relevance_score"": ""0.068306"", ""ticker_sentiment_score"": ""0.055562"", ""ticker_sentiment_label"": ""Neutral""}, {""ticker"": ""CRYPTO:BNB"", ""relevance_score"": ""0.102303"", ""ticker_sentiment_score"": ""0.0"", ""ticker_sentiment_label"": ""Neutral""}, {""ticker"": ""CRYPTO:XRP"", ""relevance_score"": ""0.102303"", ""ticker_sentiment_score"": ""-0.094679"", ""ticker_sentiment_label"": ""Neutral""}, {""ticker"": ""CRYPTO:ETH"", ""relevance_score"": ""0.102303"", ""ticker_sentiment_score"": ""-0.061817"", ""ticker_sentiment_label"": ""Neutral""}, {""ticker"": ""CRYPTO:DOGE"", ""relevance_score"": ""0.102303"", ""ticker_sentiment_score"": ""0.038461"", ""ticker_sentiment_label"": ""Neutral""}, {""ticker"": ""CRYPTO:LINK"", ""relevance_score"": ""0.102303"", ""ticker_sentiment_score"": ""-0.021228"", ""ticker_sentiment_label"": ""Neutral""}, {""ticker"": ""CRYPTO:USDT"", ""relevance_score"": ""0.331765"", ""ticker_sentiment_score"": ""0.043744"", ""ticker_sentiment_label"": ""Neutral""}, {""ticker"": ""CRYPTO:ADA"", ""relevance_score"": ""0.102303"", ""ticker_sentiment_score"": ""0.131741"", ""ticker_sentiment_label"": ""Neutral""}]"
2025-04-30,"Central banks, led by the U.S., will increase liquidity through a ""printing festival"" by September. AI trading agents are engaging with DYDX, signaling DeFi's potential for innovative trading tools. Today's manic market swings are creating the perfect setup for Matt's next volatility trade.",Benzinga,https://www.benzinga.com/markets/cryptocurrency/25/04/45109304/bitcoin-to-hit-150000-by-october-says-dydxs-charles-dhaussy,0.249744,https://www.benzinga.com/markets/cryptocurrency/25/04/45109304/bitcoin-to-hit-150000-by-october-says-dydxs-charles-dhaussy,"Bitcoin To Hit $150,000 By October, Says DYDX's Charles d'Haussy",Murtuza J Merchant,https://cdn.benzinga.com/files/images/story/2025/04/30/Crypto-Prices-Rise-Up-Positive--Bitcoin-.jpeg?width=1200&height=800&fit=crop,www.benzinga.com,"Economy - Monetary,Blockchain,Financial Markets",0.363258,Bullish,"[{""ticker"": ""CRYPTO:BTC"", ""relevance_score"": ""0.366961"", ""ticker_sentiment_score"": ""0.327985"", ""ticker_sentiment_label"": ""Somewhat-Bullish""}, {""ticker"": ""CRYPTO:ETH"", ""relevance_score"": ""0.249744"", ""ticker_sentiment_score"": ""0.191937"", ""ticker_sentiment_label"": ""Somewhat-Bullish""}, {""ticker"": ""CRYPTO:AAVE"", ""relevance_score"": ""0.12645"", ""ticker_sentiment_score"": ""0.264306"", ""ticker_sentiment_label"": ""Somewhat-Bullish""}, {""ticker"": ""CRYPTO:SOL"", ""relevance_score"": ""0.063425"", ""ticker_sentiment_score"": ""0.078039"", ""ticker_sentiment_label"": ""Neutral""}, {""ticker"": ""CRYPTO:UNI"", ""relevance_score"": ""0.12645"", ""ticker_sentiment_score"": ""0.264306"", ""ticker_sentiment_label"": ""Somewhat-Bullish""}]"
2025-04-30,The year-to-date total is four times greater than the $420 million lost over the same period a year ago.,Decrypt.co,https://decrypt.co/317148/crypto-losses-of-1-7-billion-surpass-2024-record-immunefi,0.34729,https://decrypt.co/317148/crypto-losses-of-1-7-billion-surpass-2024-record-immunefi,"Crypto Losses of $1.7 Billion from Hacks, Fraud Already Surpass 2024 Total: Immunefi",Mat Di Salvo,https://cdn.decrypt.co/resize/1024/height/512/wp-content/uploads/2020/08/hacker-attack-ethereum-classic-millions-gID_7.jpg,decrypt.co,Blockchain,-0.218444,Somewhat-Bearish,"[{""ticker"": ""CRYPTO:ETH"", ""relevance_score"": ""0.34729"", ""ticker_sentiment_score"": ""-0.263905"", ""ticker_sentiment_label"": ""Somewhat-Bearish""}, {""ticker"": ""CRYPTO:BNB"", ""relevance_score"": ""0.119235"", ""ticker_sentiment_score"": ""-0.129998"", ""ticker_sentiment_label"": ""Neutral""}]"
2025-04-30,"The crypto industry has seen a significant shift toward regulatory compliance since its early days, according to James Smith, co-founder of Elliptic, a crypto compliance firm established in 2013.""In the early days, only a few companies approached compliance in a serious way,"" Smith told ...",Cointelegraph,https://cointelegraph.com/news/huge-shift-crypto-firms-compliance-mindset-elliptic,0.18602,https://cointelegraph.com/news/huge-shift-crypto-firms-compliance-mindset-elliptic,"'Huge Shift' in crypto firms' compliance mindset, says Elliptic co-founder",Christopher Tepedino,https://s3.cointelegraph.com/uploads/2025-04/01968871-a28e-7a9c-b7a6-50cb8a212dcd,cointelegraph.com,"Finance,Blockchain",0.111495,Neutral,"[{""ticker"": ""COIN"", ""relevance_score"": ""0.093653"", ""ticker_sentiment_score"": ""-0.026036"", ""ticker_sentiment_label"": ""Neutral""}, {""ticker"": ""CRYPTO:BTC"", ""relevance_score"": ""0.275867"", ""ticker_sentiment_score"": ""0.139903"", ""ticker_sentiment_label"": ""Neutral""}, {""ticker"": ""CRYPTO:ETH"", ""relevance_score"": ""0.18602"", ""ticker_sentiment_score"": ""0.139131"", ""ticker_sentiment_label"": ""Neutral""}]"
2025-04-30,"Assassin's Creed maker Ubisoft is building games on multiple chains, and the Decentralized Verification Network can help unify them.",Decrypt.co,https://decrypt.co/317142/ubisoft-layerzero-cross-chain-gaming-assets,0.331765,https://decrypt.co/317142/ubisoft-layerzero-cross-chain-gaming-assets,"Ubisoft, LayerZero Launch Network for Cross-Chain Gaming Assets",Andrew Hayward,https://cdn.decrypt.co/resize/1024/height/512/wp-content/uploads/2024/10/champions-tactics-gID_7.png,decrypt.co,Blockchain,0.326145,Somewhat-Bullish,"[{""ticker"": ""CRYPTO:ETH"", ""relevance_score"": ""0.331765"", ""ticker_sentiment_score"": ""0.179747"", ""ticker_sentiment_label"": ""Somewhat-Bullish""}, {""ticker"": ""CRYPTO:XTZ"", ""relevance_score"": ""0.113597"", ""ticker_sentiment_score"": ""0.0623"", ""ticker_sentiment_label"": ""Neutral""}]"
2025-04-30,"After months of volatility and extreme fear, crypto markets turned a positive corner in the second half of April, highlighting the industry's big sentiment shift. For venture capital, it was business as usual, with investors continuing to pour money into promising startups across layer-1 ...",Cointelegraph,https://cointelegraph.com/news/vc-roundup-funding-surge-targets-confidentiality-tokenization-web3-infrastructure,0.094762,https://cointelegraph.com/news/vc-roundup-funding-surge-targets-confidentiality-tokenization-web3-infrastructure,"VC Roundup: Funding surge targets confidentiality, tokenization and Web3 infrastructure",Sam Bourgi,https://s3.cointelegraph.com/uploads/2025-04/019687e2-2d4e-7112-8a1d-cc7b0d3acdec,cointelegraph.com,"IPO,Earnings,Finance,Blockchain",0.087788,Neutral,"[{""ticker"": ""COIN"", ""relevance_score"": ""0.047465"", ""ticker_sentiment_score"": ""-0.053924"", ""ticker_sentiment_label"": ""Neutral""}, {""ticker"": ""FOREX:USD"", ""relevance_score"": ""0.047465"", ""ticker_sentiment_score"": ""0.282905"", ""ticker_sentiment_label"": ""Somewhat-Bullish""}, {""ticker"": ""CRYPTO:ETH"", ""relevance_score"": ""0.094762"", ""ticker_sentiment_score"": ""0.087987"", ""ticker_sentiment_label"": ""Neutral""}]"
2025-04-30,"Black Lotus Casino, a well-established name in online gambling, has been recognized as the best online roulette site in the United States for 2025. Well-known for its unique offerings that make it stand out from the rest of the roulette sites in the U.S., the casino has taken the lead as the ...",Benzinga,https://www.benzinga.com/pressreleases/25/04/g45115340/best-roulette-sites-in-the-u-s-a-2025-black-lotus-casino-best-for-online-roulette,0.033562,https://www.benzinga.com/pressreleases/25/04/g45115340/best-roulette-sites-in-the-u-s-a-2025-black-lotus-casino-best-for-online-roulette,Best Roulette Sites in the U.S.A. 2025: Black Lotus Casino Best for Online Roulette,Globe Newswire,https://www.benzinga.com/next-assets/images/schema-image-default.png,www.benzinga.com,Blockchain,0.383765,Bullish,"[{""ticker"": ""CRYPTO:BTC"", ""relevance_score"": ""0.033562"", ""ticker_sentiment_score"": ""0.160881"", ""ticker_sentiment_label"": ""Somewhat-Bullish""}, {""ticker"": ""CRYPTO:ETH"", ""relevance_score"": ""0.033562"", ""ticker_sentiment_score"": ""0.160881"", ""ticker_sentiment_label"": ""Somewhat-Bullish""}]"
2025-04-30,"Key takeaways:Ether price printed a rare monthly Dragonfly doji candlestick, which is often seen before major ETH bull market cycles.ETH is retesting its long-term parabolic support zone that preceded its historic 2017 rally.The MVRV Z-Score has entered the accumulation zone, signaling ...",Cointelegraph,https://cointelegraph.com/news/3-ethereum-charts-flash-signal-last-seen-in-2017-when-eth-price-rallied-25-000,0.90178,https://cointelegraph.com/news/3-ethereum-charts-flash-signal-last-seen-in-2017-when-eth-price-rallied-25-000,"3 Ethereum charts flash signal last seen in 2017 when ETH price rallied 25,000%",Yashu Gola,https://s3.cointelegraph.com/uploads/2025-04/019687b1-aae1-755a-9934-b26d2f91ebd5,cointelegraph.com,,0.117339,Neutral,"[{""ticker"": ""CRYPTO:ETH"", ""relevance_score"": ""0.90178"", ""ticker_sentiment_score"": ""0.393249"", ""ticker_sentiment_label"": ""Bullish""}]"
2025-04-30,"Binance co-founder and former CEO Changpeng ""CZ"" Zhao took the stage at Token2049 in Dubai, United Arab Emirates ( UAE ) , where he told the audience that his investment in social media platform X was aimed at protecting freedom of speech.The former Binance executive joined a fireside panel with ...",Cointelegraph,https://cointelegraph.com/news/to-have-freedom-money-you-need-free-speech-cz,0.128135,https://cointelegraph.com/news/to-have-freedom-money-you-need-free-speech-cz,"'To have freedom of money, you have to have freedom of speech' - CZ",Vince Quill,https://s3.cointelegraph.com/uploads/2025-04/019688b9-a46a-7058-bc24-ab594559e7b9,cointelegraph.com,"Technology,Blockchain,Financial Markets",-0.002462,Neutral,"[{""ticker"": ""MSTR"", ""relevance_score"": ""0.128135"", ""ticker_sentiment_score"": ""0.0"", ""ticker_sentiment_label"": ""Neutral""}, {""ticker"": ""MEIUF"", ""relevance_score"": ""0.128135"", ""ticker_sentiment_score"": ""0.0"", ""ticker_sentiment_label"": ""Neutral""}, {""ticker"": ""CRYPTO:BTC"", ""relevance_score"": ""0.128135"", ""ticker_sentiment_score"": ""0.0"", ""ticker_sentiment_label"": ""Neutral""}, {""ticker"": ""CRYPTO:ETH"", ""relevance_score"": ""0.128135"", ""ticker_sentiment_score"": ""0.0"", ""ticker_sentiment_label"": ""Neutral""}]"
2025-04-30,"Key takeaways:Traders remain cautious about ETH's price action, but optimistic sentiment is beginning to return.The May 7, Ethereum Pectra upgrade could boost investor sentiment, but ETH's price action shows investors are still hesitant to open new positions.Ether ( ETH ) has been trading below ...",Cointelegraph,https://cointelegraph.com/news/ethereum-bulls-show-interest-as-traders-confidence-in-eth-s-1-8-k-level-improves,0.735845,https://cointelegraph.com/news/ethereum-bulls-show-interest-as-traders-confidence-in-eth-s-1-8-k-level-improves,Ethereum bulls show interest as traders' confidence in ETH's $1.8K level improves,Marcel Pechman,https://s3.cointelegraph.com/uploads/2025-04/01968918-38a0-739b-a4fd-7bd513d1797e,cointelegraph.com,"Blockchain,Financial Markets",0.085708,Neutral,"[{""ticker"": ""CRYPTO:BTC"", ""relevance_score"": ""0.176717"", ""ticker_sentiment_score"": ""0.077387"", ""ticker_sentiment_label"": ""Neutral""}, {""ticker"": ""CRYPTO:ETH"", ""relevance_score"": ""0.735845"", ""ticker_sentiment_score"": ""0.134526"", ""ticker_sentiment_label"": ""Neutral""}, {""ticker"": ""CRYPTO:ADA"", ""relevance_score"": ""0.118354"", ""ticker_sentiment_score"": ""0.092224"", ""ticker_sentiment_label"": ""Neutral""}]"
2025-04-30,"Key takeaways:ETH price has underperformed its peers during the current bull market, but gas sponsorship could lure developers and traders back to the network.Ethereum's upcoming Pectra upgrade promises to improve staking efficiency, potentially increasing demand for ETH.Data suggests ETH price ...",Cointelegraph,https://cointelegraph.com/news/ethereum-pectra-upgrade-goes-live-next-week-will-eth-price-rally,0.89948,https://cointelegraph.com/news/ethereum-pectra-upgrade-goes-live-next-week-will-eth-price-rally,Ethereum Pectra upgrade goes live next week - Will ETH price rally?,Marie Poteriaieva,https://s3.cointelegraph.com/uploads/2025-04/0196871b-8280-70b5-b6b4-9b806b35fa30,cointelegraph.com,Blockchain,0.157996,Somewhat-Bullish,"[{""ticker"": ""CRYPTO:ETH"", ""relevance_score"": ""0.89948"", ""ticker_sentiment_score"": ""0.256762"", ""ticker_sentiment_label"": ""Somewhat-Bullish""}, {""ticker"": ""CRYPTO:BNB"", ""relevance_score"": ""0.043658"", ""ticker_sentiment_score"": ""0.182477"", ""ticker_sentiment_label"": ""Somewhat-Bullish""}]"
2025-04-30,"He may have co-invented the RSA cryptographic standard, but Adi Shamir isn't impressed with how cryptocurrencies have evolved so far.",Decrypt.co,https://decrypt.co/317115/cryptography-pioneer-adi-shamir-world-would-be-better-without-cryptocurrencies,0.085324,https://decrypt.co/317115/cryptography-pioneer-adi-shamir-world-would-be-better-without-cryptocurrencies,Cryptography Pioneer Adi Shamir: World 'Would Be Better' Without Cryptocurrencies,Vince Dioquino,https://cdn.decrypt.co/resize/1024/height/512/wp-content/uploads/2025/04/adi-shamir-rsa-gID_7.jpg,decrypt.co,Blockchain,0.16704,Somewhat-Bullish,"[{""ticker"": ""CRYPTO:BTC"", ""relevance_score"": ""0.169676"", ""ticker_sentiment_score"": ""0.071335"", ""ticker_sentiment_label"": ""Neutral""}, {""ticker"": ""CRYPTO:ETH"", ""relevance_score"": ""0.085324"", ""ticker_sentiment_score"": ""0.087197"", ""ticker_sentiment_label"": ""Neutral""}]"
2025-04-30,"Asset manager BlackRock has filed to create digital ledger technology shares from one of the firm's money market funds, which will leverage blockchain technology to maintain a mirror record of share ownership for investors.The DLT shares will track BlackRock's BLF Treasury Trust Fund ( TTTXX ) , ...",Cointelegraph,https://cointelegraph.com/news/blackrock-files-digital-shares-money-market-fund,0.274834,https://cointelegraph.com/news/blackrock-files-digital-shares-money-market-fund,BlackRock files to create digital shares tracking one of its money market funds,Brayden Lindrea,https://s3.cointelegraph.com/uploads/2025-04/019684f3-102c-7de7-8708-42b83af1d39c,cointelegraph.com,"Finance,Blockchain,Financial Markets",0.442646,Bullish,"[{""ticker"": ""BK"", ""relevance_score"": ""0.093289"", ""ticker_sentiment_score"": ""0.228846"", ""ticker_sentiment_label"": ""Somewhat-Bullish""}, {""ticker"": ""CRYPTO:ETH"", ""relevance_score"": ""0.274834"", ""ticker_sentiment_score"": ""0.356505"", ""ticker_sentiment_label"": ""Bullish""}]"
2025-04-30,"Ethereum co-founder Vitalik Buterin released another update on what he believes the future of the network should entail.In an April 30 post on blockchain-based social media platform Farcaster, Buterin outlined his personal areas of focus for Ethereum development this year.",Cointelegraph,https://cointelegraph.com/news/vitalik-shares-ethereum-vision-as-addresses-hit-record-high,0.829921,https://cointelegraph.com/news/vitalik-shares-ethereum-vision-as-addresses-hit-record-high,Vitalik outlines vision as Ethereum ecosystem addresses hit new high,Adrian Zmudzinski,https://s3.cointelegraph.com/uploads/2025-04/019686b9-6501-79cf-8a73-f2dfca7dcba9,cointelegraph.com,Blockchain,0.195041,Somewhat-Bullish,"[{""ticker"": ""CRYPTO:ETH"", ""relevance_score"": ""0.829921"", ""ticker_sentiment_score"": ""0.246322"", ""ticker_sentiment_label"": ""Somewhat-Bullish""}]"
2025-04-30,"April 2025 witnessed crypto markets rocked by more tariffs at the direction of US President Donald Trump - controversial policies that could have influenced the outcome of Canada's elections on April 28. On April 2, Trump levied ""discounted reciprocal tariffs"" on 185 countries and territories.",Cointelegraph,https://cointelegraph.com/news/bitcoin-price-recovers-ethereum-rwa-value-up-april-2025,0.154455,https://cointelegraph.com/news/bitcoin-price-recovers-ethereum-rwa-value-up-april-2025,"Bitcoin price recovers, Ethereum RWA value up 20%: April in charts",Aaron Wood,https://s3.cointelegraph.com/uploads/2025-04/01968711-91d7-701f-b968-bcc16afb665e,cointelegraph.com,"Economy - Monetary,Blockchain,Financial Markets",0.167699,Somewhat-Bullish,"[{""ticker"": ""PYPL"", ""relevance_score"": ""0.031079"", ""ticker_sentiment_score"": ""0.005698"", ""ticker_sentiment_label"": ""Neutral""}, {""ticker"": ""CRYPTO:BTC"", ""relevance_score"": ""0.154455"", ""ticker_sentiment_score"": ""-0.008151"", ""ticker_sentiment_label"": ""Neutral""}, {""ticker"": ""CRYPTO:ETH"", ""relevance_score"": ""0.154455"", ""ticker_sentiment_score"": ""0.152538"", ""ticker_sentiment_label"": ""Somewhat-Bullish""}]"
2025-04-30,A team at the University of Zurich created AI personas claiming to be trauma counselors and political activists. It didn't go down well.,Decrypt.co,https://decrypt.co/316976/secret-reddit-experiment-using-ai-personas-sparks-ethics-scandal-in-academia,0.0312,https://decrypt.co/316976/secret-reddit-experiment-using-ai-personas-sparks-ethics-scandal-in-academia,Secret Reddit Experiment Using AI Personas Sparks Ethics Scandal in Academia,Jose Antonio Lanz,https://img.decrypt.co/insecure/rs:fit:3840:0:0:0/plain/https://cdn.decrypt.co/wp-content/uploads/2025/04/Screenshot-2025-04-29-172102.png@webp,decrypt.co,,0.108877,Neutral,"[{""ticker"": ""RDDT"", ""relevance_score"": ""0.09341"", ""ticker_sentiment_score"": ""-0.013126"", ""ticker_sentiment_label"": ""Neutral""}, {""ticker"": ""CRYPTO:ETH"", ""relevance_score"": ""0.0312"", ""ticker_sentiment_score"": ""-0.06618"", ""ticker_sentiment_label"": ""Neutral""}]"
2025-04-30,"Leading cryptocurrencies were muffled on Tuesday, but stocks rallied on indications that the United States was nearing a deal with a key trading partner. What Happened: Bitcoin continued to face resistance around $95,500 as trading volume dipped nearly 15% in the last 24 hours.",Benzinga,https://www.benzinga.com/trading-ideas/movers/25/04/45089581/bitcoin-ethereum-flat-dogecoin-dips-amid-trade-deal-hopes-analyst-says-btc-price-holding-str,0.095138,https://www.benzinga.com/trading-ideas/movers/25/04/45089581/bitcoin-ethereum-flat-dogecoin-dips-amid-trade-deal-hopes-analyst-says-btc-price-holding-str,"Bitcoin, Ethereum Flat, Dogecoin Dips Amid Trade Deal Hopes: Analyst Says BTC Price 'Holding Strong' And Setup Clean For Push To $98,300 - Grayscale Bitcoin Mini Trust  ( BTC )  Common units of fractional undivided beneficial interest  ( ARCA:BTC ) ",Aniket Verma,https://cdn.benzinga.com/files/images/story/2025/04/29/Altcoins-Over-Dark-Surface-In-Neon-Light.jpeg?width=1200&height=800&fit=crop,www.benzinga.com,"Earnings,Blockchain,Financial Markets",0.151374,Somewhat-Bullish,"[{""ticker"": ""CRYPTO:BTC"", ""relevance_score"": ""0.367412"", ""ticker_sentiment_score"": ""-0.069653"", ""ticker_sentiment_label"": ""Neutral""}, {""ticker"": ""CRYPTO:ETH"", ""relevance_score"": ""0.095138"", ""ticker_sentiment_score"": ""-0.127095"", ""ticker_sentiment_label"": ""Neutral""}]"
2025-04-30,"Having reached ""Stage 1"" decentralization status, the scaling solution has become fairer and safer for users, Scroll claims.",Decrypt.co,https://decrypt.co/317046/ethereum-rollup-scroll-lets-first-decentralization-milestone,0.16849,https://decrypt.co/317046/ethereum-rollup-scroll-lets-first-decentralization-milestone,"Ethereum Rollup Scroll Now Lets Users Exit Independently, Becoming 'First' to Hit Decentralization Milestone",Vince Dioquino,https://img.decrypt.co/insecure/rs:fit:3840:0:0:0/plain/https://cdn.decrypt.co/wp-content/themes/decrypt-media/assets/images/aleo/desktop.png@webp,decrypt.co,Blockchain,-0.016989,Neutral,"[{""ticker"": ""CRYPTO:ETH"", ""relevance_score"": ""0.16849"", ""ticker_sentiment_score"": ""-0.128563"", ""ticker_sentiment_label"": ""Neutral""}]"
2025-04-30,"Key takeawaysApproving staking for spot Ether exchange-traded funds ( ETFs ) in the US may have a minimal impact on inflows unless Ether sees a sustained rally, says Eric BalchunasETH dropped significantly in price after the launch of the ETFs last year, unlike spot Bitcoin ETFs, which saw new ...",Cointelegraph,https://cointelegraph.com/news/ether-etf-staking-impact-on-inflows-little-price-rally-eric-balchunas,0.888189,https://cointelegraph.com/news/ether-etf-staking-impact-on-inflows-little-price-rally-eric-balchunas,Ethereum ETF staking will have little impact without multimonth rally: Analyst,Ciaran Lyons,https://s3.cointelegraph.com/uploads/2025-04/01968535-c413-7c35-831d-f24dcf8cc5c7,cointelegraph.com,Financial Markets,0.138032,Neutral,"[{""ticker"": ""CRYPTO:BTC"", ""relevance_score"": ""0.328455"", ""ticker_sentiment_score"": ""0.153175"", ""ticker_sentiment_label"": ""Somewhat-Bullish""}, {""ticker"": ""CRYPTO:ETH"", ""relevance_score"": ""0.888189"", ""ticker_sentiment_score"": ""0.240326"", ""ticker_sentiment_label"": ""Somewhat-Bullish""}]"
2025-04-30,"Fintech giant PayPal Holdings Inc. PYPL said Tuesday it was committed to boosting cryptocurrency adoption, with a particular emphasis on its PayPal USD PYUSD/USD stablecoin.",Benzinga,https://www.benzinga.com/25/04/45091619/paypal-says-its-moving-quickly-on-crypto-stablecoinfintech-giant-partners-with-coinbase-to-boost-pyusd,0.177802,https://www.benzinga.com/25/04/45091619/paypal-says-its-moving-quickly-on-crypto-stablecoinfintech-giant-partners-with-coinbase-to-boost-pyusd,"PayPal CEO Says 'Moving Quickly' To Bring Crypto, Stablecoin Benefits To Users - Fintech Giant Partners With Coinbase To Boost Solana-based PYUSD",Aniket Verma,https://cdn.benzinga.com/files/images/story/2025/04/30/Paypal-Logo-And-Sign-In-Front-Of-Paypal-.jpeg?width=1200&height=800&fit=crop,www.benzinga.com,"Financial Markets,Earnings,Finance,Blockchain",0.3024,Somewhat-Bullish,"[{""ticker"": ""PYPL"", ""relevance_score"": ""0.688096"", ""ticker_sentiment_score"": ""0.491588"", ""ticker_sentiment_label"": ""Bullish""}, {""ticker"": ""COIN"", ""relevance_score"": ""0.177802"", ""ticker_sentiment_score"": ""0.42926"", ""ticker_sentiment_label"": ""Bullish""}, {""ticker"": ""V"", ""relevance_score"": ""0.089462"", ""ticker_sentiment_score"": ""0.069263"", ""ticker_sentiment_label"": ""Neutral""}, {""ticker"": ""CRYPTO:BTC"", ""relevance_score"": ""0.177802"", ""ticker_sentiment_score"": ""0.119064"", ""ticker_sentiment_label"": ""Neutral""}, {""ticker"": ""CRYPTO:ETH"", ""relevance_score"": ""0.177802"", ""ticker_sentiment_score"": ""0.119064"", ""ticker_sentiment_label"": ""Neutral""}, {""ticker"": ""CRYPTO:SOL"", ""relevance_score"": ""0.089462"", ""ticker_sentiment_score"": ""0.049577"", ""ticker_sentiment_label"": ""Neutral""}]"
2025-04-30,"The U.S. regulator has ended its investigation into PayPal's stablecoin, as Congress advances efforts to regulate the sector.",Decrypt.co,https://decrypt.co/317093/sec-drops-probe-into-paypals-pyusd-stablecoin,0.081001,https://decrypt.co/317093/sec-drops-probe-into-paypals-pyusd-stablecoin,SEC Drops Probe Into PayPal's PYUSD Stablecoin,Vismaya V,https://cdn.decrypt.co/resize/1024/height/512/wp-content/uploads/2023/08/Paypal-Building-Sign-shutterstock_1348163795-16x9-1-gID_7.jpg,decrypt.co,"Finance,Blockchain,Financial Markets",0.130628,Neutral,"[{""ticker"": ""PYPL"", ""relevance_score"": ""0.31583"", ""ticker_sentiment_score"": ""0.025112"", ""ticker_sentiment_label"": ""Neutral""}, {""ticker"": ""COIN"", ""relevance_score"": ""0.16117"", ""ticker_sentiment_score"": ""0.131373"", ""ticker_sentiment_label"": ""Neutral""}, {""ticker"": ""CRYPTO:ETH"", ""relevance_score"": ""0.081001"", ""ticker_sentiment_score"": ""0.322933"", ""ticker_sentiment_label"": ""Somewhat-Bullish""}, {""ticker"": ""CRYPTO:UNI"", ""relevance_score"": ""0.081001"", ""ticker_sentiment_score"": ""0.057967"", ""ticker_sentiment_label"": ""Neutral""}]"
2025-04-30,"Libre and TON have launched a $500M tokenized fund for Telegram bonds, giving institutions access to $2.4 billion in debt.",Decrypt.co,https://decrypt.co/317054/telegram-debt-defi-500-million-on-chain-fund-launch-ton,0.067158,https://decrypt.co/317054/telegram-debt-defi-500-million-on-chain-fund-launch-ton,Telegram Debt Goes DeFi in $500 Million On-Chain Fund Launch on TON,Vismaya V,https://cdn.decrypt.co/resize/1024/height/512/wp-content/uploads/2024/06/Toncoin_shutterstock_2433172413-gID_7.jpg,decrypt.co,"Finance,Blockchain,Financial Markets",0.223232,Somewhat-Bullish,"[{""ticker"": ""HLNE"", ""relevance_score"": ""0.067158"", ""ticker_sentiment_score"": ""0.160508"", ""ticker_sentiment_label"": ""Somewhat-Bullish""}, {""ticker"": ""CRYPTO:ETH"", ""relevance_score"": ""0.067158"", ""ticker_sentiment_score"": ""0.160217"", ""ticker_sentiment_label"": ""Somewhat-Bullish""}]"
2025-04-30,"Vanar Chain, a layer-1 blockchain network, has launched a new artificial intelligence-powered compression and data authentication layer designed to address the industry's longstanding issue with onchain storage.Vanar Chain is launching Neutron, an AI-native blockchain layer with data compression ...",Cointelegraph,https://cointelegraph.com/news/vanar-chain-launches-neutron-ai-onchain-compression,0.079656,https://cointelegraph.com/news/vanar-chain-launches-neutron-ai-onchain-compression,Vanar Chain tackles AWS-style outages with AI-powered data storage,Zoltan Vardai,https://s3.cointelegraph.com/uploads/2025-04/0196862e-7a76-78e0-93ba-d85a521d1934,cointelegraph.com,"Technology,Blockchain,Manufacturing",0.053524,Neutral,"[{""ticker"": ""NET"", ""relevance_score"": ""0.079656"", ""ticker_sentiment_score"": ""-0.068196"", ""ticker_sentiment_label"": ""Neutral""}, {""ticker"": ""DTST"", ""relevance_score"": ""0.158519"", ""ticker_sentiment_score"": ""-0.038106"", ""ticker_sentiment_label"": ""Neutral""}, {""ticker"": ""NKE"", ""relevance_score"": ""0.158519"", ""ticker_sentiment_score"": ""-0.065861"", ""ticker_sentiment_label"": ""Neutral""}, {""ticker"": ""CRYPTO:ETH"", ""relevance_score"": ""0.079656"", ""ticker_sentiment_score"": ""-0.252164"", ""ticker_sentiment_label"": ""Somewhat-Bearish""}, {""ticker"": ""CRYPTO:KCS"", ""relevance_score"": ""0.079656"", ""ticker_sentiment_score"": ""-0.004104"", ""ticker_sentiment_label"": ""Neutral""}]"
2025-04-30,"The Federation Internationale de Football Association ( FIFA ) plans to launch a new blockchain network to support its non-fungible token ( NFT ) collectibles, the organization announced on April 30.FIFA will launch its ""FIFA Blockchain,"" with Ethereum Virtual Machine ( EVM ) compatibility and ...",Cointelegraph,https://cointelegraph.com/news/fifa-collect-nfts-move-to-evm-blockchain,0.186738,https://cointelegraph.com/news/fifa-collect-nfts-move-to-evm-blockchain,FIFA shifts NFT platform to new Ethereum-compatible blockchain,Zoltan Vardai,https://s3.cointelegraph.com/uploads/2025-04/01968693-fcc0-7515-a086-5c01dbf99d88,cointelegraph.com,Blockchain,0.133547,Neutral,"[{""ticker"": ""CRYPTO:ETH"", ""relevance_score"": ""0.186738"", ""ticker_sentiment_score"": ""0.323781"", ""ticker_sentiment_label"": ""Somewhat-Bullish""}, {""ticker"": ""CRYPTO:ALGO"", ""relevance_score"": ""0.363388"", ""ticker_sentiment_score"": ""0.020518"", ""ticker_sentiment_label"": ""Neutral""}]"
2025-04-30,"Decentralized finance ( DeFi ) platform Mantra has called for industry-wide cooperation to reduce investor risks in the aftermath of its OM token crash.On April 30, Mantra published its latest update since the sudden collapse of its OM token, claiming that the incident was ""bigger than ...",Cointelegraph,https://cointelegraph.com/news/mantra-om-token-crash-exchange-risk-policies,0.222838,https://cointelegraph.com/news/mantra-om-token-crash-exchange-risk-policies,Mantra links OM token crash to risky crypto exchange policies,Helen Partz,https://s3.cointelegraph.com/uploads/2025-04/01968697-66c4-7089-b877-d94d918c3eb7,cointelegraph.com,,-0.012087,Neutral,"[{""ticker"": ""CRYPTO:ETH"", ""relevance_score"": ""0.222838"", ""ticker_sentiment_score"": ""0.077732"", ""ticker_sentiment_label"": ""Neutral""}]"
2025-04-30,"Crypto was born from an open-source ethos, where code was shared publicly, accessible for review and shaped by community contributions. Transparency and verifiability are foundational principles that enable trust in Bitcoin.But as the space matured, some disadvantages of open source surfaced.",Cointelegraph,https://cointelegraph.com/news/open-source-debate-crypto-losing-soul,0.081276,https://cointelegraph.com/news/open-source-debate-crypto-losing-soul,The open source debate: Is crypto losing its soul?,Yohan Yun,https://s3.cointelegraph.com/uploads/2025-04/019686bb-ea69-7dd3-9d6f-90416cff40f0,cointelegraph.com,"Blockchain,Financial Markets",0.004944,Neutral,"[{""ticker"": ""CRYPTO:BTC"", ""relevance_score"": ""0.040691"", ""ticker_sentiment_score"": ""0.212224"", ""ticker_sentiment_label"": ""Somewhat-Bullish""}, {""ticker"": ""CRYPTO:ETH"", ""relevance_score"": ""0.081276"", ""ticker_sentiment_score"": ""-0.011552"", ""ticker_sentiment_label"": ""Neutral""}, {""ticker"": ""CRYPTO:UNI"", ""relevance_score"": ""0.081276"", ""ticker_sentiment_score"": ""0.046099"", ""ticker_sentiment_label"": ""Neutral""}]"
2025-04-30,"An elderly US individual is reportedly the victim of a devastating $330 million Bitcoin heist, now ranked as the fifth-largest crypto hack in history.The attacker used advanced social engineering tactics to gain access to the victim's wallet, onchain investigator ZachXBT said in an April 30 ...",Cointelegraph,https://cointelegraph.com/news/elderly-us-victim-loses-330m-bitcoin-in-social-engineering-theft,0.064973,https://cointelegraph.com/news/elderly-us-victim-loses-330m-bitcoin-in-social-engineering-theft,$330M Bitcoin social engineering theft victim is elderly US citizen,Amin Haqshanas,https://s3.cointelegraph.com/uploads/2025-04/01968692-b764-7830-8819-817a3f9a0b83,cointelegraph.com,"Blockchain,Financial Markets",-0.163157,Somewhat-Bearish,"[{""ticker"": ""CRYPTO:BTC"", ""relevance_score"": ""0.630142"", ""ticker_sentiment_score"": ""-0.44254"", ""ticker_sentiment_label"": ""Bearish""}, {""ticker"": ""CRYPTO:ETH"", ""relevance_score"": ""0.064973"", ""ticker_sentiment_score"": ""-0.191412"", ""ticker_sentiment_label"": ""Somewhat-Bearish""}, {""ticker"": ""CRYPTO:XMR"", ""relevance_score"": ""0.255641"", ""ticker_sentiment_score"": ""-0.006006"", ""ticker_sentiment_label"": ""Neutral""}]"
2025-04-30,"The U.S. stock market suffers its worst performance in the first 100 days of any presidential term. Here, we present a few ETF winners and losers.",Zacks Commentary,https://www.zacks.com/stock/news/2458881/a-glimpse-at-trumps-100-days-in-office-etf-winners-losers,0.078226,https://www.zacks.com/stock/news/2458881/a-glimpse-at-trumps-100-days-in-office-etf-winners-losers,A Glimpse at Trump's 100 Days in Office: ETF Winners & Losers,Sweta Killa,https://staticx-tuner.zacks.com/images/articles/main/dd/71705.jpg,www.zacks.com,"Technology,Blockchain,Economy - Monetary,Economy - Fiscal,Retail & Wholesale,Financial Markets,Manufacturing,Earnings",-0.126656,Neutral,"[{""ticker"": ""NVDA"", ""relevance_score"": ""0.078226"", ""ticker_sentiment_score"": ""-0.011452"", ""ticker_sentiment_label"": ""Neutral""}, {""ticker"": ""AAPL"", ""relevance_score"": ""0.078226"", ""ticker_sentiment_score"": ""-0.011452"", ""ticker_sentiment_label"": ""Neutral""}, {""ticker"": ""TSLA"", ""relevance_score"": ""0.078226"", ""ticker_sentiment_score"": ""-0.011452"", ""ticker_sentiment_label"": ""Neutral""}, {""ticker"": ""NYT"", ""relevance_score"": ""0.03916"", ""ticker_sentiment_score"": ""0.098079"", ""ticker_sentiment_label"": ""Neutral""}, {""ticker"": ""WBD"", ""relevance_score"": ""0.03916"", ""ticker_sentiment_score"": ""0.098079"", ""ticker_sentiment_label"": ""Neutral""}, {""ticker"": ""AMZN"", ""relevance_score"": ""0.078226"", ""ticker_sentiment_score"": ""-0.011452"", ""ticker_sentiment_label"": ""Neutral""}, {""ticker"": ""FOX"", ""relevance_score"": ""0.03916"", ""ticker_sentiment_score"": ""0.098079"", ""ticker_sentiment_label"": ""Neutral""}, {""ticker"": ""CRYPTO:BTC"", ""relevance_score"": ""0.078226"", ""ticker_sentiment_score"": ""0.018634"", ""ticker_sentiment_label"": ""Neutral""}, {""ticker"": ""CRYPTO:ETH"", ""relevance_score"": ""0.078226"", ""ticker_sentiment_score"": ""-0.05921"", ""ticker_sentiment_label"": ""Neutral""}]"
2025-04-30,Economists fear Trump's tariffs will weigh on economic growth while adding to inflation.,Decrypt.co,https://decrypt.co/317101/bitcoin-falls-as-u-s-economy-contracts-first-time-in-3-three-years,0.094762,https://decrypt.co/317101/bitcoin-falls-as-u-s-economy-contracts-first-time-in-3-three-years,Bitcoin Falls as US Economy Contracts for First Time in 3 Three Years,André Beganski,https://cdn.decrypt.co/resize/1024/height/512/wp-content/uploads/2022/10/crypto-stocks-economy-gID_7.jpg,decrypt.co,"Economy - Monetary,Financial Markets,Technology,Blockchain",0.009699,Neutral,"[{""ticker"": ""FOX"", ""relevance_score"": ""0.094762"", ""ticker_sentiment_score"": ""0.170315"", ""ticker_sentiment_label"": ""Somewhat-Bullish""}, {""ticker"": ""CRYPTO:BTC"", ""relevance_score"": ""0.366061"", ""ticker_sentiment_score"": ""-0.227344"", ""ticker_sentiment_label"": ""Somewhat-Bearish""}, {""ticker"": ""CRYPTO:ETH"", ""relevance_score"": ""0.094762"", ""ticker_sentiment_score"": ""-0.022448"", ""ticker_sentiment_label"": ""Neutral""}]"
2025-04-30,"Is XRP a bargain under $2.50, or just another risky crypto bet? Here's what you need to know.",Motley Fool,https://www.fool.com/investing/2025/04/30/should-you-buy-xrp-ripple-while-its-under-250/,0.046543,https://www.fool.com/investing/2025/04/30/should-you-buy-xrp-ripple-while-its-under-250/,Should You Buy XRP  ( Ripple )  While It's Under $2.50?,Anders Bylund,https://g.foolcdn.com/editorial/images/816413/question-mark-standing-over-a-financial-graph-1344293307.jpg,www.fool.com,"Blockchain,Financial Markets",0.080313,Neutral,"[{""ticker"": ""CRYPTO:BTC"", ""relevance_score"": ""0.184598"", ""ticker_sentiment_score"": ""-0.053214"", ""ticker_sentiment_label"": ""Neutral""}, {""ticker"": ""CRYPTO:ETH"", ""relevance_score"": ""0.046543"", ""ticker_sentiment_score"": ""0.029979"", ""ticker_sentiment_label"": ""Neutral""}, {""ticker"": ""CRYPTO:SHIB"", ""relevance_score"": ""0.046543"", ""ticker_sentiment_score"": ""0.109873"", ""ticker_sentiment_label"": ""Neutral""}, {""ticker"": ""CRYPTO:DOGE"", ""relevance_score"": ""0.046543"", ""ticker_sentiment_score"": ""0.109873"", ""ticker_sentiment_label"": ""Neutral""}]"
2025-05-01,"A group of developers within the Ethereum ecosystem, operating independently of the Ethereum Foundation, have announced Ethereum R1 - a layer-2 ( L2 ) scaling solution for the Ethereum network that does not include a native token.According to the announcement, the project relies entirely on ...",Cointelegraph,https://cointelegraph.com/news/devs-introduce-ethereum-r1-layer-2,0.839046,https://cointelegraph.com/news/devs-introduce-ethereum-r1-layer-2,Devs introduce Ethereum R1 layer-2 scaling solution,Vince Quill,https://s3.cointelegraph.com/uploads/2025-05/01968c83-856b-7d0e-bf4e-0752485f0c1e,cointelegraph.com,"Earnings,Blockchain",-0.067195,Neutral,"[{""ticker"": ""CRYPTO:ETH"", ""relevance_score"": ""0.839046"", ""ticker_sentiment_score"": ""-0.233725"", ""ticker_sentiment_label"": ""Somewhat-Bearish""}]"
2025-05-01,"Cardiff, UK, May 01, 2025 ( GLOBE NEWSWIRE ) -- On April 28, 2025, Bitcoin held steady following a surge fueled by strong buying activity in spot exchange-traded funds, which triggered a notable rebound over the past week. Despite this, the market remained cautious due to ongoing U.S.-China trade ...",Benzinga,https://www.benzinga.com/pressreleases/25/05/g45138130/hartcoin-is-helping-investors-to-earn-crypto-daily-over-8000-in-daily-passive-income,0.063008,https://www.benzinga.com/pressreleases/25/05/g45138130/hartcoin-is-helping-investors-to-earn-crypto-daily-over-8000-in-daily-passive-income,Hartcoin Is Helping Investors To Earn Crypto Daily: Over $8000 In Daily Passive Income,Globe Newswire,https://www.benzinga.com/next-assets/images/schema-image-default.png,www.benzinga.com,"Economy - Monetary,Financial Markets,Earnings,Blockchain",0.360496,Bullish,"[{""ticker"": ""AWON"", ""relevance_score"": ""0.031529"", ""ticker_sentiment_score"": ""0.170113"", ""ticker_sentiment_label"": ""Somewhat-Bullish""}, {""ticker"": ""CRYPTO:BTC"", ""relevance_score"": ""0.498376"", ""ticker_sentiment_score"": ""0.32523"", ""ticker_sentiment_label"": ""Somewhat-Bullish""}, {""ticker"": ""CRYPTO:ETH"", ""relevance_score"": ""0.063008"", ""ticker_sentiment_score"": ""0.192221"", ""ticker_sentiment_label"": ""Somewhat-Bullish""}, {""ticker"": ""CRYPTO:LTC"", ""relevance_score"": ""0.063008"", ""ticker_sentiment_score"": ""0.192221"", ""ticker_sentiment_label"": ""Somewhat-Bullish""}]"
2025-05-01,"Opinion by: Vikash Singh, Principal Investor at StillmarkThe Bybit hack resulted in the largest loss of funds to cyber hackers by a cryptocurrency exchange in history. It served as a wake-up call for those complacent about the state of security threats in the digital assets space.",Cointelegraph,https://cointelegraph.com/news/enterprise-grade-custody-solutions,0.042953,https://cointelegraph.com/news/enterprise-grade-custody-solutions,The case for enterprise-grade custody solutions,Vikash Singh,"https://images.cointelegraph.com/cdn-cgi/image/format=auto,onerror=redirect,quality=90,width=1200/https://s3.cointelegraph.com/uploads/2025-01/01944549-c272-7b8b-b98f-4ba9223b1be3",cointelegraph.com,Blockchain,0.014912,Neutral,"[{""ticker"": ""CRYPTO:BTC"", ""relevance_score"": ""0.253426"", ""ticker_sentiment_score"": ""0.199544"", ""ticker_sentiment_label"": ""Somewhat-Bullish""}, {""ticker"": ""CRYPTO:ETH"", ""relevance_score"": ""0.042953"", ""ticker_sentiment_score"": ""-0.030999"", ""ticker_sentiment_label"": ""Neutral""}]"
2025-05-01,The first Web3 edition of the long-running MapleStory role-playing game franchise is set to launch on Avalanche on May 15.,Decrypt.co,https://decrypt.co/317329/maplestory-n-avalanche-game-release-date,0.146916,https://decrypt.co/317329/maplestory-n-avalanche-game-release-date,'MapleStory N' Avalanche Crypto Game Launching This Month,Andrew Hayward,https://cdn.decrypt.co/resize/1024/height/512/wp-content/uploads/2025/05/maplestory-n-gID_7.png,decrypt.co,Blockchain,0.131992,Neutral,"[{""ticker"": ""NEXOF"", ""relevance_score"": ""0.146916"", ""ticker_sentiment_score"": ""0.169497"", ""ticker_sentiment_label"": ""Somewhat-Bullish""}, {""ticker"": ""CRYPTO:ETH"", ""relevance_score"": ""0.146916"", ""ticker_sentiment_score"": ""-0.096402"", ""ticker_sentiment_label"": ""Neutral""}]"
2025-05-01,"Love it or leave it, New York State has been a force in crypto regulation.Ten years ago, the state created the United States' first comprehensive regulatory framework for firms dealing in cryptocurrencies, including key consumer protection, anti-money laundering compliance and cybersecurity ...",Cointelegraph,https://cointelegraph.com/news/federal-crypto-legislation-could-come-with-new-york-state-of-mind,0.072545,https://cointelegraph.com/news/federal-crypto-legislation-could-come-with-new-york-state-of-mind,Federal crypto legislation could come with a 'New York State of Mind',Andrew Singer,https://s3.cointelegraph.com/uploads/2025-05/01968c6a-32c7-7309-b777-2384ac8add78,cointelegraph.com,Blockchain,0.07339,Neutral,"[{""ticker"": ""CRYPTO:DFS"", ""relevance_score"": ""0.072545"", ""ticker_sentiment_score"": ""0.038209"", ""ticker_sentiment_label"": ""Neutral""}, {""ticker"": ""CRYPTO:ETH"", ""relevance_score"": ""0.072545"", ""ticker_sentiment_score"": ""-0.130978"", ""ticker_sentiment_label"": ""Neutral""}]"
2025-05-01,"Unlike its European counterpart, 21Shares' Sui ETF would not offer staking rewards in the U.S.",Decrypt.co,https://decrypt.co/317330/sui-price-pops-8-21shares-seeks-sec-approval-for-etf,0.109455,https://decrypt.co/317330/sui-price-pops-8-21shares-seeks-sec-approval-for-etf,Sui Price Pops 9% as 21Shares Seeks SEC Approval for ETF,André Beganski,https://cdn.decrypt.co/resize/1024/height/512/wp-content/uploads/2023/06/Sui-shutterstock_2323188031-16x9-1-gID_7.jpg,decrypt.co,"Finance,Blockchain,Financial Markets",0.138831,Neutral,"[{""ticker"": ""COIN"", ""relevance_score"": ""0.109455"", ""ticker_sentiment_score"": ""0.059954"", ""ticker_sentiment_label"": ""Neutral""}, {""ticker"": ""CRYPTO:BTC"", ""relevance_score"": ""0.109455"", ""ticker_sentiment_score"": ""0.04001"", ""ticker_sentiment_label"": ""Neutral""}, {""ticker"": ""CRYPTO:ETH"", ""relevance_score"": ""0.109455"", ""ticker_sentiment_score"": ""0.04001"", ""ticker_sentiment_label"": ""Neutral""}, {""ticker"": ""CRYPTO:DOGE"", ""relevance_score"": ""0.21686"", ""ticker_sentiment_score"": ""0.043609"", ""ticker_sentiment_label"": ""Neutral""}]"
2025-05-01,The MOVE token suddenly dropped 14% on Wednesday following word from Coinbase that it will suspend the Movement token for trading.,Decrypt.co,https://decrypt.co/317365/movement-all-time-low-coinbase-delist,0.282234,https://decrypt.co/317365/movement-all-time-low-coinbase-delist,Movement Plunges to All-Time Low After Coinbase Says It Will Delist Ethereum L2 Token,Decrypt Staff,https://cdn.decrypt.co/resize/1024/height/512/wp-content/uploads/2025/05/movement-move-gID_7.png,decrypt.co,"Finance,Blockchain,Financial Markets",-0.009659,Neutral,"[{""ticker"": ""COIN"", ""relevance_score"": ""0.530253"", ""ticker_sentiment_score"": ""0.023629"", ""ticker_sentiment_label"": ""Neutral""}, {""ticker"": ""CRYPTO:ETH"", ""relevance_score"": ""0.282234"", ""ticker_sentiment_score"": ""-0.248552"", ""ticker_sentiment_label"": ""Somewhat-Bearish""}]"
2025-05-01,"Canary Capital filed an S-1 with the SEC on Thursday, seeking approval for an ETF that would give investors SEI exposure.",Decrypt.co,https://decrypt.co/317432/canary-capital-sei-staking-etf,0.135347,https://decrypt.co/317432/canary-capital-sei-staking-etf,Canary Capital Seeks SEC Approval for First Sei ETF With Staking,Mat Di Salvo,https://cdn.decrypt.co/resize/1024/height/512/wp-content/uploads/2023/08/sei-network-token-gID_7.jpg,decrypt.co,"Blockchain,Financial Markets",0.285442,Somewhat-Bullish,"[{""ticker"": ""CRYPTO:BTC"", ""relevance_score"": ""0.266828"", ""ticker_sentiment_score"": ""0.300365"", ""ticker_sentiment_label"": ""Somewhat-Bullish""}, {""ticker"": ""CRYPTO:ETH"", ""relevance_score"": ""0.135347"", ""ticker_sentiment_score"": ""0.209151"", ""ticker_sentiment_label"": ""Somewhat-Bullish""}, {""ticker"": ""CRYPTO:DOGE"", ""relevance_score"": ""0.135347"", ""ticker_sentiment_score"": ""0.209151"", ""ticker_sentiment_label"": ""Somewhat-Bullish""}, {""ticker"": ""CRYPTO:LTC"", ""relevance_score"": ""0.135347"", ""ticker_sentiment_score"": ""0.098155"", ""ticker_sentiment_label"": ""Neutral""}]"
2025-05-01,"Forget the queues and noise at physical casinos - the best online blackjack sites offer everything you're looking for from the comfort of your home. Betworthy ranked Ignition Casino as the best blackjack site right now thanks to its variety of blackjack games, great bonuses, and fast payouts.",Benzinga,https://www.benzinga.com/pressreleases/25/05/g45148970/best-online-blackjack-sites-betworthy-picks-ignition-as-the-top-blackjack-casino-in-the-u-s,0.010836,https://www.benzinga.com/pressreleases/25/05/g45148970/best-online-blackjack-sites-betworthy-picks-ignition-as-the-top-blackjack-casino-in-the-u-s,Best Online Blackjack Sites: Betworthy Picks Ignition as the Top Blackjack Casino in the U.S.,Globe Newswire,https://www.benzinga.com/next-assets/images/schema-image-default.png,www.benzinga.com,"Economy - Monetary,Technology,Blockchain",0.458194,Bullish,"[{""ticker"": ""PYPL"", ""relevance_score"": ""0.010836"", ""ticker_sentiment_score"": ""-0.186998"", ""ticker_sentiment_label"": ""Somewhat-Bearish""}, {""ticker"": ""GOOG"", ""relevance_score"": ""0.010836"", ""ticker_sentiment_score"": ""0.115525"", ""ticker_sentiment_label"": ""Neutral""}, {""ticker"": ""TWOH"", ""relevance_score"": ""0.010836"", ""ticker_sentiment_score"": ""0.031577"", ""ticker_sentiment_label"": ""Neutral""}, {""ticker"": ""CRYPTO:BTC"", ""relevance_score"": ""0.075737"", ""ticker_sentiment_score"": ""0.229513"", ""ticker_sentiment_label"": ""Somewhat-Bullish""}, {""ticker"": ""CRYPTO:ETH"", ""relevance_score"": ""0.010836"", ""ticker_sentiment_score"": ""0.219806"", ""ticker_sentiment_label"": ""Somewhat-Bullish""}, {""ticker"": ""CRYPTO:USDT"", ""relevance_score"": ""0.010836"", ""ticker_sentiment_score"": ""0.219806"", ""ticker_sentiment_label"": ""Somewhat-Bullish""}, {""ticker"": ""CRYPTO:LTC"", ""relevance_score"": ""0.010836"", ""ticker_sentiment_score"": ""0.219806"", ""ticker_sentiment_label"": ""Somewhat-Bullish""}, {""ticker"": ""CRYPTO:BCH"", ""relevance_score"": ""0.010836"", ""ticker_sentiment_score"": ""0.219806"", ""ticker_sentiment_label"": ""Somewhat-Bullish""}]"
2025-05-01,"If there's one thing that gamblers in Canada can unanimously nod their heads to - it's the thrill of chasing Lady Luck at the best Canadian gambling sites. However, there's a good chance that you're already overwhelmed by all the available options before you even start playing online.",Benzinga,https://www.benzinga.com/pressreleases/25/05/g45149279/best-online-gambling-sites-canada-betworthy-picks-playojo-as-the-best-canadian-gambling-site,0.016518,https://www.benzinga.com/pressreleases/25/05/g45149279/best-online-gambling-sites-canada-betworthy-picks-playojo-as-the-best-canadian-gambling-site,Best Online Gambling Sites Canada: Betworthy Picks PlayOJO as the Best Canadian Gambling Site,Globe Newswire,https://www.benzinga.com/next-assets/images/schema-image-default.png,www.benzinga.com,"Economy - Monetary,Blockchain",0.456258,Bullish,"[{""ticker"": ""MA"", ""relevance_score"": ""0.033029"", ""ticker_sentiment_score"": ""0.194034"", ""ticker_sentiment_label"": ""Somewhat-Bullish""}, {""ticker"": ""CRYPTO:BTC"", ""relevance_score"": ""0.049526"", ""ticker_sentiment_score"": ""0.176897"", ""ticker_sentiment_label"": ""Somewhat-Bullish""}, {""ticker"": ""CRYPTO:ETH"", ""relevance_score"": ""0.016518"", ""ticker_sentiment_score"": ""0.15731"", ""ticker_sentiment_label"": ""Somewhat-Bullish""}, {""ticker"": ""CRYPTO:LTC"", ""relevance_score"": ""0.016518"", ""ticker_sentiment_score"": ""0.15731"", ""ticker_sentiment_label"": ""Somewhat-Bullish""}]"
2025-05-01,The original cryptocurrency turned higher after Meta and Microsoft notched better-than-expected earnings results.,Decrypt.co,https://decrypt.co/317436/bitcoin-rises-magnificent-7-earnings-fuel-risk-taking,0.088799,https://decrypt.co/317436/bitcoin-rises-magnificent-7-earnings-fuel-risk-taking,Bitcoin Rises as 'Magnificent 7' Earnings Fuel Risk-Taking,André Beganski,https://cdn.decrypt.co/resize/1024/height/512/wp-content/uploads/2024/12/gary-bull-bitcoin-gID_7.jpg,decrypt.co,"Economy - Monetary,Manufacturing,Earnings,Technology,Blockchain",0.120437,Neutral,"[{""ticker"": ""MSFT"", ""relevance_score"": ""0.176502"", ""ticker_sentiment_score"": ""0.108181"", ""ticker_sentiment_label"": ""Neutral""}, {""ticker"": ""NVDA"", ""relevance_score"": ""0.262052"", ""ticker_sentiment_score"": ""0.096278"", ""ticker_sentiment_label"": ""Neutral""}, {""ticker"": ""CRYPTO:BTC"", ""relevance_score"": ""0.496597"", ""ticker_sentiment_score"": ""0.216359"", ""ticker_sentiment_label"": ""Somewhat-Bullish""}, {""ticker"": ""CRYPTO:ETH"", ""relevance_score"": ""0.088799"", ""ticker_sentiment_score"": ""0.21492"", ""ticker_sentiment_label"": ""Somewhat-Bullish""}, {""ticker"": ""CRYPTO:DOGE"", ""relevance_score"": ""0.088799"", ""ticker_sentiment_score"": ""0.21492"", ""ticker_sentiment_label"": ""Somewhat-Bullish""}]"
2025-05-01,"Having been online for over a decade, Bovada Sportsbook has earned a reputation as an excellent hunting ground for bonus hunters. Research from Betworthy, a betting testing facility, believes that it has the answers regarding the best online sportsbooks - and it is exactly this site that sits at ...",Benzinga,https://www.benzinga.com/pressreleases/25/05/g45153912/best-online-sportsbooks-betworthy-picks-bovada-as-the-best-betting-site,0.066598,https://www.benzinga.com/pressreleases/25/05/g45153912/best-online-sportsbooks-betworthy-picks-bovada-as-the-best-betting-site,Best Online Sportsbooks: Betworthy Picks Bovada as the Best Betting Site,Globe Newswire,https://www.benzinga.com/next-assets/images/schema-image-default.png,www.benzinga.com,"Economy - Monetary,Blockchain",0.442706,Bullish,"[{""ticker"": ""MA"", ""relevance_score"": ""0.016668"", ""ticker_sentiment_score"": ""0.221282"", ""ticker_sentiment_label"": ""Somewhat-Bullish""}, {""ticker"": ""CRYPTO:BTC"", ""relevance_score"": ""0.277525"", ""ticker_sentiment_score"": ""0.203406"", ""ticker_sentiment_label"": ""Somewhat-Bullish""}, {""ticker"": ""CRYPTO:ETH"", ""relevance_score"": ""0.066598"", ""ticker_sentiment_score"": ""0.046063"", ""ticker_sentiment_label"": ""Neutral""}, {""ticker"": ""CRYPTO:USDT"", ""relevance_score"": ""0.033328"", ""ticker_sentiment_score"": ""0.0"", ""ticker_sentiment_label"": ""Neutral""}, {""ticker"": ""CRYPTO:LTC"", ""relevance_score"": ""0.049974"", ""ticker_sentiment_score"": ""0.066405"", ""ticker_sentiment_label"": ""Neutral""}, {""ticker"": ""CRYPTO:BSV"", ""relevance_score"": ""0.049974"", ""ticker_sentiment_score"": ""0.072374"", ""ticker_sentiment_label"": ""Neutral""}, {""ticker"": ""CRYPTO:BCH"", ""relevance_score"": ""0.083193"", ""ticker_sentiment_score"": ""0.053067"", ""ticker_sentiment_label"": ""Neutral""}]"
2025-05-01,"It's almost impossible to talk about the best Bitcoin casinos without mentioning Bitstarz. The casino has become synonymous to crypto gambling and it's considered one of the best destinations for crypto players. Research from Betworthy, a casino testing facility, believes that it is indeed the ...",Benzinga,https://www.benzinga.com/pressreleases/25/05/g45154826/best-bitcoin-casinos-betworthy-picks-bitstarz-as-the-top-crypto-casino-in-the-u-s,0.053749,https://www.benzinga.com/pressreleases/25/05/g45154826/best-bitcoin-casinos-betworthy-picks-bitstarz-as-the-top-crypto-casino-in-the-u-s,Best Bitcoin Casinos: Betworthy Picks Bitstarz as the Top Crypto Casino in the U.S.,Globe Newswire,https://www.benzinga.com/next-assets/images/schema-image-default.png,www.benzinga.com,"Economy - Monetary,Blockchain",0.414811,Bullish,"[{""ticker"": ""FOREX:USD"", ""relevance_score"": ""0.013447"", ""ticker_sentiment_score"": ""0.133224"", ""ticker_sentiment_label"": ""Neutral""}, {""ticker"": ""CRYPTO:BTC"", ""relevance_score"": ""0.510442"", ""ticker_sentiment_score"": ""0.49122"", ""ticker_sentiment_label"": ""Bullish""}, {""ticker"": ""CRYPTO:ETH"", ""relevance_score"": ""0.053749"", ""ticker_sentiment_score"": ""0.074999"", ""ticker_sentiment_label"": ""Neutral""}, {""ticker"": ""CRYPTO:DOGE"", ""relevance_score"": ""0.053749"", ""ticker_sentiment_score"": ""0.148018"", ""ticker_sentiment_label"": ""Neutral""}, {""ticker"": ""CRYPTO:USDT"", ""relevance_score"": ""0.02689"", ""ticker_sentiment_score"": ""0.14127"", ""ticker_sentiment_label"": ""Neutral""}, {""ticker"": ""CRYPTO:LTC"", ""relevance_score"": ""0.053749"", ""ticker_sentiment_score"": ""0.24488"", ""ticker_sentiment_label"": ""Somewhat-Bullish""}]"
2025-05-01,"Ethereum developers are working to improve blockchain interoperability with two new token standards: ERC-7930 and ERC-7828.""There's no standard way for wallets, apps, or protocols to interpret or display this information,"" decentralized finance ( DeFi ) ecosystem development organization ...",Cointelegraph,https://cointelegraph.com/news/ethereum-to-simplify-cross-chain-transactions-with-two-new-erc-standards,0.48028,https://cointelegraph.com/news/ethereum-to-simplify-cross-chain-transactions-with-two-new-erc-standards,Ethereum to simplify crosschain transactions with new token standards,Adrian Zmudzinski,https://s3.cointelegraph.com/uploads/2025-05/01968c17-5c32-7337-8bf0-6f3f1cc85ee7,cointelegraph.com,Blockchain,0.199307,Somewhat-Bullish,"[{""ticker"": ""CRYPTO:ETH"", ""relevance_score"": ""0.48028"", ""ticker_sentiment_score"": ""0.404985"", ""ticker_sentiment_label"": ""Bullish""}, {""ticker"": ""CRYPTO:ERC"", ""relevance_score"": ""0.48028"", ""ticker_sentiment_score"": ""0.488486"", ""ticker_sentiment_label"": ""Bullish""}]"
2025-05-01,Trump Organization Executive VP Eric Trump said that his family being targeted by banks was what drove him to embrace cryptocurrency.,Decrypt.co,https://decrypt.co/317435/eric-trump-woke-cancel-culture-bitcoin-crypto,0.107016,https://decrypt.co/317435/eric-trump-woke-cancel-culture-bitcoin-crypto,"Eric Trump Says 'Woke Cancel Culture' Led Him to Bitcoin, Crypto",Ryan S. Gladwin,https://cdn.decrypt.co/resize/1024/height/512/wp-content/uploads/2025/05/eric-trump-token2049-2025-gID_7.png,decrypt.co,"IPO,Blockchain,Financial Markets",0.131883,Neutral,"[{""ticker"": ""FOREX:USD"", ""relevance_score"": ""0.107016"", ""ticker_sentiment_score"": ""0.184813"", ""ticker_sentiment_label"": ""Somewhat-Bullish""}, {""ticker"": ""CRYPTO:BTC"", ""relevance_score"": ""0.159922"", ""ticker_sentiment_score"": ""0.115502"", ""ticker_sentiment_label"": ""Neutral""}, {""ticker"": ""CRYPTO:ETH"", ""relevance_score"": ""0.107016"", ""ticker_sentiment_score"": ""0.152212"", ""ticker_sentiment_label"": ""Somewhat-Bullish""}]"
2025-05-01,The crypto investment firm's latest raise brings its assets under management to roughly $550 million.,Decrypt.co,https://decrypt.co/317425/dao5-closes-222-million-funding-round-to-shape-institutional-interest-in-crypto,0.095138,https://decrypt.co/317425/dao5-closes-222-million-funding-round-to-shape-institutional-interest-in-crypto,Dao5 Closes $222 Million Funding Round to Shape Institutional Interest in Crypto,Liz Napolitano,https://cdn.decrypt.co/resize/1024/height/512/wp-content/uploads/2024/08/bitcoin-money-fed-central-bank-gID_7.jpg,decrypt.co,"Finance,Blockchain,Financial Markets",0.23154,Somewhat-Bullish,"[{""ticker"": ""JNVR"", ""relevance_score"": ""0.095138"", ""ticker_sentiment_score"": ""0.128151"", ""ticker_sentiment_label"": ""Neutral""}, {""ticker"": ""CRYPTO:BTC"", ""relevance_score"": ""0.28008"", ""ticker_sentiment_score"": ""0.209912"", ""ticker_sentiment_label"": ""Somewhat-Bullish""}, {""ticker"": ""CRYPTO:ETH"", ""relevance_score"": ""0.095138"", ""ticker_sentiment_score"": ""0.063096"", ""ticker_sentiment_label"": ""Neutral""}]"
2025-05-01,"PORTLAND, Ore., May 01, 2025 ( GLOBE NEWSWIRE ) -- We tried a lot of online casinos across Canada, but most of them didn't really meet our expectations, especially when it came to bonuses. Then we came across MIRAX Casino, which was suggested by players there, and decided to give it a try.",Benzinga,https://www.benzinga.com/pressreleases/25/05/g45134478/best-online-casinos-canada-2025-mirax-ranked-as-top-online-casino-for-ca-players,0.033593,https://www.benzinga.com/pressreleases/25/05/g45134478/best-online-casinos-canada-2025-mirax-ranked-as-top-online-casino-for-ca-players,Best Online Casinos Canada 2025: MIRAX Ranked as Top Online Casino for CA Players,Globe Newswire,https://www.benzinga.com/next-assets/images/schema-image-default.png,www.benzinga.com,"Blockchain,Financial Markets",0.548597,Bullish,"[{""ticker"": ""MA"", ""relevance_score"": ""0.011201"", ""ticker_sentiment_score"": ""0.100908"", ""ticker_sentiment_label"": ""Neutral""}, {""ticker"": ""CRYPTO:BTC"", ""relevance_score"": ""0.033593"", ""ticker_sentiment_score"": ""0.137087"", ""ticker_sentiment_label"": ""Neutral""}, {""ticker"": ""CRYPTO:ETH"", ""relevance_score"": ""0.033593"", ""ticker_sentiment_score"": ""0.137087"", ""ticker_sentiment_label"": ""Neutral""}, {""ticker"": ""CRYPTO:LTC"", ""relevance_score"": ""0.011201"", ""ticker_sentiment_score"": ""0.100908"", ""ticker_sentiment_label"": ""Neutral""}]"
2025-05-01,"Leading cryptocurrencies were muted on Wednesday even as negative GDP growth stoked recession concerns. What Happened: Bitcoin tumbled below $92,000 in the early trading hours on first-quarter GDP contraction but eventually recovered to the mid-$94,000s by evening.",Benzinga,https://www.benzinga.com/25/04/45124400/bitcoin-ethereum-muffled-dogecoin-dips-after-q1-gdp-contraction-analyst-foresees-btcs-rally-to-114000-if-it-break,0.165598,https://www.benzinga.com/25/04/45124400/bitcoin-ethereum-muffled-dogecoin-dips-after-q1-gdp-contraction-analyst-foresees-btcs-rally-to-114000-if-it-break,"Bitcoin, Ethereum Muted, Dogecoin Dips After Q1 GDP Contraction: Analyst Foresees BTC's Rally To $114,000 If It Breaks This Ceiling - Grayscale Bitcoin Mini Trust  ( BTC )  Common units of fractional undivided beneficial interest  ( ARCA:BTC ) ",Aniket Verma,https://cdn.benzinga.com/files/images/story/2025/04/30/A-Close-up-Image-Of-Cryptocurrency-Bitco.jpeg?width=1200&height=800&fit=crop,www.benzinga.com,"Blockchain,Financial Markets",-0.01705,Neutral,"[{""ticker"": ""CRYPTO:BTC"", ""relevance_score"": ""0.469457"", ""ticker_sentiment_score"": ""-0.021652"", ""ticker_sentiment_label"": ""Neutral""}, {""ticker"": ""CRYPTO:ETH"", ""relevance_score"": ""0.165598"", ""ticker_sentiment_score"": ""-0.002888"", ""ticker_sentiment_label"": ""Neutral""}]"
2025-05-01,"LARNACA, Cyprus, May 01, 2025 ( GLOBE NEWSWIRE ) -- Looking for the best crypto casino that actually delivers in 2025? JACKBIT has quickly earned a strong reputation among Bitcoin gamblers for its fast payouts, vast game selection, and fair bonuses.",Benzinga,https://www.benzinga.com/pressreleases/25/05/g45134182/best-crypto-casinos-2025-jackbit-ranked-as-top-bitcoin-casino-without-verification,0.110973,https://www.benzinga.com/pressreleases/25/05/g45134182/best-crypto-casinos-2025-jackbit-ranked-as-top-bitcoin-casino-without-verification,"Best Crypto Casinos 2025: JACKBIT, Ranked as Top Bitcoin Casino Without Verification",Globe Newswire,https://www.benzinga.com/next-assets/images/schema-image-default.png,www.benzinga.com,"Blockchain,Financial Markets",0.484854,Bullish,"[{""ticker"": ""CRYPTO:BTC"", ""relevance_score"": ""0.20447"", ""ticker_sentiment_score"": ""0.281629"", ""ticker_sentiment_label"": ""Somewhat-Bullish""}, {""ticker"": ""CRYPTO:BCH"", ""relevance_score"": ""0.063551"", ""ticker_sentiment_score"": ""0.0"", ""ticker_sentiment_label"": ""Neutral""}, {""ticker"": ""CRYPTO:BNB"", ""relevance_score"": ""0.063551"", ""ticker_sentiment_score"": ""0.0"", ""ticker_sentiment_label"": ""Neutral""}, {""ticker"": ""CRYPTO:ETH"", ""relevance_score"": ""0.110973"", ""ticker_sentiment_score"": ""0.174093"", ""ticker_sentiment_label"": ""Somewhat-Bullish""}, {""ticker"": ""CRYPTO:SHIB"", ""relevance_score"": ""0.031801"", ""ticker_sentiment_score"": ""0.0"", ""ticker_sentiment_label"": ""Neutral""}, {""ticker"": ""CRYPTO:DOGE"", ""relevance_score"": ""0.079392"", ""ticker_sentiment_score"": ""0.103624"", ""ticker_sentiment_label"": ""Neutral""}, {""ticker"": ""CRYPTO:LINK"", ""relevance_score"": ""0.063551"", ""ticker_sentiment_score"": ""0.0"", ""ticker_sentiment_label"": ""Neutral""}, {""ticker"": ""CRYPTO:LTC"", ""relevance_score"": ""0.095201"", ""ticker_sentiment_score"": ""0.147206"", ""ticker_sentiment_label"": ""Neutral""}, {""ticker"": ""CRYPTO:XMR"", ""relevance_score"": ""0.031801"", ""ticker_sentiment_score"": ""0.0"", ""ticker_sentiment_label"": ""Neutral""}]"
2025-05-01,"PERTH, Australia, May 01, 2025 ( GLOBE NEWSWIRE ) -- With many online casinos available, choosing the right one can be challenging for Australian players.",Benzinga,https://www.benzinga.com/pressreleases/25/05/g45134207/best-online-casinos-australia-mirax-casino-ranked-1-for-real-money-pokies-for-aussie-players,0.036869,https://www.benzinga.com/pressreleases/25/05/g45134207/best-online-casinos-australia-mirax-casino-ranked-1-for-real-money-pokies-for-aussie-players,Best Online Casinos Australia: MIRAX Casino Ranked #1 for Real Money Pokies for Aussie Players,Globe Newswire,https://www.benzinga.com/next-assets/images/schema-image-default.png,www.benzinga.com,"Blockchain,Financial Markets",0.484883,Bullish,"[{""ticker"": ""MA"", ""relevance_score"": ""0.012294"", ""ticker_sentiment_score"": ""0.0"", ""ticker_sentiment_label"": ""Neutral""}, {""ticker"": ""SORHF"", ""relevance_score"": ""0.012294"", ""ticker_sentiment_score"": ""0.313908"", ""ticker_sentiment_label"": ""Somewhat-Bullish""}, {""ticker"": ""CRYPTO:BTC"", ""relevance_score"": ""0.170791"", ""ticker_sentiment_score"": ""0.519166"", ""ticker_sentiment_label"": ""Bullish""}, {""ticker"": ""CRYPTO:VPN"", ""relevance_score"": ""0.012294"", ""ticker_sentiment_score"": ""0.029928"", ""ticker_sentiment_label"": ""Neutral""}, {""ticker"": ""CRYPTO:BCH"", ""relevance_score"": ""0.024584"", ""ticker_sentiment_score"": ""0.07297"", ""ticker_sentiment_label"": ""Neutral""}, {""ticker"": ""CRYPTO:XRP"", ""relevance_score"": ""0.012294"", ""ticker_sentiment_score"": ""0.066878"", ""ticker_sentiment_label"": ""Neutral""}, {""ticker"": ""CRYPTO:ETH"", ""relevance_score"": ""0.036869"", ""ticker_sentiment_score"": ""0.116456"", ""ticker_sentiment_label"": ""Neutral""}, {""ticker"": ""CRYPTO:DOGE"", ""relevance_score"": ""0.024584"", ""ticker_sentiment_score"": ""0.07297"", ""ticker_sentiment_label"": ""Neutral""}, {""ticker"": ""CRYPTO:USDT"", ""relevance_score"": ""0.012294"", ""ticker_sentiment_score"": ""0.066878"", ""ticker_sentiment_label"": ""Neutral""}, {""ticker"": ""CRYPTO:LTC"", ""relevance_score"": ""0.036869"", ""ticker_sentiment_score"": ""0.116456"", ""ticker_sentiment_label"": ""Neutral""}, {""ticker"": ""CRYPTO:TRX"", ""relevance_score"": ""0.012294"", ""ticker_sentiment_score"": ""0.066878"", ""ticker_sentiment_label"": ""Neutral""}, {""ticker"": ""CRYPTO:ADA"", ""relevance_score"": ""0.024584"", ""ticker_sentiment_score"": ""0.07297"", ""ticker_sentiment_label"": ""Neutral""}]"
2025-05-01,"Key points:Solana held the $140 support level for a week, a first in more than two months, highlighting traders' growing confidence.SOL futures open interest hit $5.75 billion on April 30, showing strong institutional interest.With rising DEX volumes and a $9.5 billion TVL, SOL could rally to ...",Cointelegraph,https://cointelegraph.com/news/solana-open-interest-nears-all-time-high-will-sol-price-follow,0.065327,https://cointelegraph.com/news/solana-open-interest-nears-all-time-high-will-sol-price-follow,Solana futures open interest nears all-time high - Will SOL price follow?,Marcel Pechman,https://s3.cointelegraph.com/uploads/2025-04/01968818-726a-7dee-971f-d9b70271f0f8,cointelegraph.com,"Blockchain,Financial Markets",0.273732,Somewhat-Bullish,"[{""ticker"": ""CRYPTO:ETH"", ""relevance_score"": ""0.065327"", ""ticker_sentiment_score"": ""0.043034"", ""ticker_sentiment_label"": ""Neutral""}]"
2025-05-01,"Peter Lynch, former manager of the Fidelity Magellan Fund and one of the most respected investors of the 20th century, once confessed that his greatest investing error was selling successful stocks too early.",Benzinga,https://www.benzinga.com/25/04/45123486/peter-lynch-once-said-his-biggest-investing-mistake-was-selling-too-soon-and-warren-buffett-loved-the-one-line-he,0.169081,https://www.benzinga.com/25/04/45123486/peter-lynch-once-said-his-biggest-investing-mistake-was-selling-too-soon-and-warren-buffett-loved-the-one-line-he,Peter Lynch Once Revealed Existence Of A One Liner So Loved By Warren Buffett That The Oracle Of Omaha Called Him To Borrow It: 'The One Line He Picked…Has Been The Greatest Mistake' - Apple  ( NASDAQ:AAPL ) ,Ananya Gairola,https://cdn.benzinga.com/files/images/story/2025/04/30/Warren-Buffett--Chairman-And-Ceo-Of-Berk.jpeg?width=1200&height=800&fit=crop,www.benzinga.com,"Technology,Financial Markets,Manufacturing",0.13651,Neutral,"[{""ticker"": ""MSFT"", ""relevance_score"": ""0.251247"", ""ticker_sentiment_score"": ""-0.072086"", ""ticker_sentiment_label"": ""Neutral""}, {""ticker"": ""NVDA"", ""relevance_score"": ""0.169081"", ""ticker_sentiment_score"": ""0.212417"", ""ticker_sentiment_label"": ""Somewhat-Bullish""}, {""ticker"": ""AAPL"", ""relevance_score"": ""0.169081"", ""ticker_sentiment_score"": ""0.0"", ""ticker_sentiment_label"": ""Neutral""}, {""ticker"": ""SFTBF"", ""relevance_score"": ""0.169081"", ""ticker_sentiment_score"": ""0.212417"", ""ticker_sentiment_label"": ""Somewhat-Bullish""}, {""ticker"": ""CRYPTO:ETH"", ""relevance_score"": ""0.169081"", ""ticker_sentiment_score"": ""0.0"", ""ticker_sentiment_label"": ""Neutral""}]"
2025-05-01,Nearly 30 crypto advocate groups led by the lobby group the Crypto Council for Innovation ( CCI ) have asked the Securities and Exchange Commission for clear regulatory guidance on crypto staking and staking services.The CCI's Proof of Stake Alliance ( POSA ) group argued in an April 30 letter ...,Cointelegraph,https://cointelegraph.com/news/us-crypto-groups-urge-sec-clarity-cryptostaking,0.264897,https://cointelegraph.com/news/us-crypto-groups-urge-sec-clarity-cryptostaking,US crypto groups urge SEC for clarity on staking,Martin Young,https://s3.cointelegraph.com/uploads/2025-05/019689d1-cc20-79db-b3b4-b98ab903ebc5,cointelegraph.com,"Blockchain,Financial Markets",0.144291,Neutral,"[{""ticker"": ""CRYPTO:BTC"", ""relevance_score"": ""0.089797"", ""ticker_sentiment_score"": ""0.0"", ""ticker_sentiment_label"": ""Neutral""}, {""ticker"": ""CRYPTO:ETH"", ""relevance_score"": ""0.264897"", ""ticker_sentiment_score"": ""0.001968"", ""ticker_sentiment_label"": ""Neutral""}]"
2025-05-01,"The first decentralized finance ( DeFi ) company to launch a user-friendly suite of products on Bitcoin will ""win the entire market"" of the blockchain's 300 million users, one crypto founder says.Alexei Zamyatin, the co-founder of the Bitcoin layer 2 Build on Bitcoin, told Cointelegraph at ...",Cointelegraph,https://cointelegraph.com/news/bitcoin-defi-300-million-users-beating-ethereum-solana,0.395012,https://cointelegraph.com/news/bitcoin-defi-300-million-users-beating-ethereum-solana,"Bitcoin DeFi will have 300M users, beating Ethereum and Solana: Exec",Brayden Lindrea,https://s3.cointelegraph.com/uploads/2025-05/01968a34-dd30-7f4e-ab73-0c4ec3f95ba8,cointelegraph.com,"Finance,Blockchain,Financial Markets",0.189099,Somewhat-Bullish,"[{""ticker"": ""COIN"", ""relevance_score"": ""0.082393"", ""ticker_sentiment_score"": ""0.029048"", ""ticker_sentiment_label"": ""Neutral""}, {""ticker"": ""CRYPTO:BTC"", ""relevance_score"": ""0.950646"", ""ticker_sentiment_score"": ""0.452313"", ""ticker_sentiment_label"": ""Bullish""}, {""ticker"": ""CRYPTO:ETH"", ""relevance_score"": ""0.395012"", ""ticker_sentiment_score"": ""0.343524"", ""ticker_sentiment_label"": ""Somewhat-Bullish""}]"
2025-05-01,"Fragmentation and complicated user experience remain two of the most significant obstacles to cryptocurrency's mainstream adoption, according to a new industry report. Most users now use at least two wallets to manage their cryptocurrency investments.The lack of interoperability across ...",Cointelegraph,https://cointelegraph.com/news/multi-wallet-usage-16-ai-address-crypto-fragmentation-gap,0.075635,https://cointelegraph.com/news/multi-wallet-usage-16-ai-address-crypto-fragmentation-gap,"Multi-wallet usage up 16%, but AI may address crypto fragmentation gap",Zoltan Vardai,https://s3.cointelegraph.com/uploads/2025-05/01968ad2-1d85-7620-a210-3fe120d31cbb,cointelegraph.com,Blockchain,0.031831,Neutral,"[{""ticker"": ""CRYPTO:BTC"", ""relevance_score"": ""0.150592"", ""ticker_sentiment_score"": ""-0.211472"", ""ticker_sentiment_label"": ""Somewhat-Bearish""}, {""ticker"": ""CRYPTO:ETH"", ""relevance_score"": ""0.075635"", ""ticker_sentiment_score"": ""-0.250562"", ""ticker_sentiment_label"": ""Somewhat-Bearish""}]"
2025-05-01,"Why do Ethereum upgrades matter? Ethereum upgrades are essential to scale, secure and evolve the network without compromising its decentralized foundation.Ethereum still stands as the heavyweight of smart contract platforms, but staying on top means relentless reinvention.",Cointelegraph,https://cointelegraph.com/explained/vitalik-buterins-vision-for-ethereum-pectra-glamsterdam-and-beyond,0.781591,https://cointelegraph.com/explained/vitalik-buterins-vision-for-ethereum-pectra-glamsterdam-and-beyond,Cointelegraph Bitcoin & Ethereum Blockchain News,,https://s3.cointelegraph.com/storage/uploads/view/7b2053af9f1d7fb0ec25ba4a603247e0.jpg,cointelegraph.com,Blockchain,0.162849,Somewhat-Bullish,"[{""ticker"": ""CRYPTO:BTC"", ""relevance_score"": ""0.040899"", ""ticker_sentiment_score"": ""0.075209"", ""ticker_sentiment_label"": ""Neutral""}, {""ticker"": ""CRYPTO:ETH"", ""relevance_score"": ""0.781591"", ""ticker_sentiment_score"": ""0.268866"", ""ticker_sentiment_label"": ""Somewhat-Bullish""}]"
2025-05-01,"Opinion by: Amitej Gajjala, co-founder and CEO of Kernel DAOThe restaking narrative has moved fast - from side conversations in validator circles to the forefront of DeFi infrastructure discussions.It's not hard to see why.",Cointelegraph,https://cointelegraph.com/news/restaking-can-make-de-fi-more-secure,0.103778,https://cointelegraph.com/news/restaking-can-make-de-fi-more-secure,Restaking can make DeFi more secure for institutional traders,Amitej Gajjala,"https://images.cointelegraph.com/cdn-cgi/image/format=auto,onerror=redirect,quality=90,width=1200/https://s3.cointelegraph.com/uploads/2025-04/0196858e-479b-7189-b24a-ea9c11216d3f",cointelegraph.com,,0.002464,Neutral,"[{""ticker"": ""CRYPTO:BTC"", ""relevance_score"": ""0.051999"", ""ticker_sentiment_score"": ""0.0"", ""ticker_sentiment_label"": ""Neutral""}, {""ticker"": ""CRYPTO:ETH"", ""relevance_score"": ""0.103778"", ""ticker_sentiment_score"": ""0.189603"", ""ticker_sentiment_label"": ""Somewhat-Bullish""}]"
2025-05-01,Robinhood Markets Inc. HOOD reported a marked decline in its cryptocurrency revenue in the first quarter as compressed prices hampered trading activity.,Benzinga,https://www.benzinga.com/news/earnings/25/04/45124821/robinhoods-30-crypto-revenue-plunge-vlad-tenev-looking-to-diversify-wants-platform-less-reliant-on-,0.308246,https://www.benzinga.com/news/earnings/25/04/45124821/robinhoods-30-crypto-revenue-plunge-vlad-tenev-looking-to-diversify-wants-platform-less-reliant-on-,"Robinhood's 30% Crypto Revenue Plunge: Vlad Tenev Looking To Diversify, Wants Platform 'Less Reliant' On Transaction Volumes - Grayscale Bitcoin Mini Trust  ( BTC )  Common units of fractional undivided beneficial interest  ( ARCA:BTC ) ",Aniket Verma,https://cdn.benzinga.com/files/images/story/2025/04/30/Kazan--Russia---Oct-19--2021-Robinhood-M.jpeg?width=1200&height=800&fit=crop,www.benzinga.com,"Financial Markets,Earnings,Finance,Blockchain",0.192888,Somewhat-Bullish,"[{""ticker"": ""HOOD"", ""relevance_score"": ""0.208464"", ""ticker_sentiment_score"": ""-0.391173"", ""ticker_sentiment_label"": ""Bearish""}, {""ticker"": ""CRYPTO:BTC"", ""relevance_score"": ""0.308246"", ""ticker_sentiment_score"": ""0.02788"", ""ticker_sentiment_label"": ""Neutral""}, {""ticker"": ""CRYPTO:ETH"", ""relevance_score"": ""0.308246"", ""ticker_sentiment_score"": ""0.02788"", ""ticker_sentiment_label"": ""Neutral""}, {""ticker"": ""CRYPTO:DOGE"", ""relevance_score"": ""0.208464"", ""ticker_sentiment_score"": ""0.180184"", ""ticker_sentiment_label"": ""Somewhat-Bullish""}]"
2025-05-01,Ethereum ( CRYPTO: ETH ) is in danger of being overtaken by a $58 billion threat. There isn't much that it can do immediately to mitigate this threat. And it's getting bigger.Here's what you need to know and how to adapt your investment strategy accordingly.One of the key metrics used to ...,Motley Fool,https://www.fool.com/investing/2025/05/01/ethereums-58-billion-problem-could-get-worse/,0.640067,https://www.fool.com/investing/2025/05/01/ethereums-58-billion-problem-could-get-worse/,Ethereum's $58 Billion Problem Could Get Worse,Alex Carchidi,https://g.foolcdn.com/editorial/images/815885/investor-considers-screen-while-writing-on-pad.jpg,www.fool.com,"Economy - Monetary,Blockchain,Financial Markets",0.126767,Neutral,"[{""ticker"": ""CRYPTO:ETH"", ""relevance_score"": ""0.640067"", ""ticker_sentiment_score"": ""0.092332"", ""ticker_sentiment_label"": ""Neutral""}, {""ticker"": ""CRYPTO:SOL"", ""relevance_score"": ""0.056143"", ""ticker_sentiment_score"": ""0.035"", ""ticker_sentiment_label"": ""Neutral""}]"
2025-05-01,"Most of these losses relate to a single incident-with 3,520 BTC stolen from an elderly U.S. citizen following a phishing attack.",Decrypt.co,https://decrypt.co/317262/364-million-lost-in-april-to-crypto-hacks-scams-certik,0.200688,https://decrypt.co/317262/364-million-lost-in-april-to-crypto-hacks-scams-certik,"$364 Million Lost in April to Crypto Hacks, Scams: CertiK",Connor Sephton,https://cdn.decrypt.co/resize/1024/height/512/wp-content/uploads/2022/09/crypto-hack-exploit-gID_7.png,decrypt.co,Blockchain,-0.304813,Somewhat-Bearish,"[{""ticker"": ""CRYPTO:BTC"", ""relevance_score"": ""0.101154"", ""ticker_sentiment_score"": ""-0.01616"", ""ticker_sentiment_label"": ""Neutral""}, {""ticker"": ""CRYPTO:ETH"", ""relevance_score"": ""0.200688"", ""ticker_sentiment_score"": ""-0.344393"", ""ticker_sentiment_label"": ""Somewhat-Bearish""}, {""ticker"": ""CRYPTO:XMR"", ""relevance_score"": ""0.101154"", ""ticker_sentiment_score"": ""0.0"", ""ticker_sentiment_label"": ""Neutral""}]"
2025-05-01,"Exclusively Crypto. Universally Rewarding - Match Bonuses All May Long! PANAMA CITY, Panama, May 1, 2025 /PRNewswire/ -- CryptoSlots, a leading cryptocurrency casino, is celebrating its 7th birthday this May with exciting new game launches and player rewards.",Benzinga,https://www.benzinga.com/pressreleases/25/05/n45129624/cryptoslots-celebrates-7-years-with-new-safari-sunsets-slot-and-big-bonuses,0.063091,https://www.benzinga.com/pressreleases/25/05/n45129624/cryptoslots-celebrates-7-years-with-new-safari-sunsets-slot-and-big-bonuses,CryptoSlots Celebrates 7 Years with New Safari Sunsets Slot and Big Bonuses,PRNewswire,https://www.benzinga.com/next-assets/images/schema-image-default.png,www.benzinga.com,Blockchain,0.467354,Bullish,"[{""ticker"": ""TRTPF"", ""relevance_score"": ""0.063091"", ""ticker_sentiment_score"": ""0.201256"", ""ticker_sentiment_label"": ""Somewhat-Bullish""}, {""ticker"": ""CRYPTO:BTC"", ""relevance_score"": ""0.125789"", ""ticker_sentiment_score"": ""0.231049"", ""ticker_sentiment_label"": ""Somewhat-Bullish""}, {""ticker"": ""CRYPTO:ETH"", ""relevance_score"": ""0.063091"", ""ticker_sentiment_score"": ""0.139103"", ""ticker_sentiment_label"": ""Neutral""}, {""ticker"": ""CRYPTO:USDT"", ""relevance_score"": ""0.063091"", ""ticker_sentiment_score"": ""0.139103"", ""ticker_sentiment_label"": ""Neutral""}, {""ticker"": ""CRYPTO:LTC"", ""relevance_score"": ""0.063091"", ""ticker_sentiment_score"": ""0.139103"", ""ticker_sentiment_label"": ""Neutral""}, {""ticker"": ""CRYPTO:XMR"", ""relevance_score"": ""0.063091"", ""ticker_sentiment_score"": ""0.139103"", ""ticker_sentiment_label"": ""Neutral""}]"
2025-05-01,"SYDNEY, May 01, 2025 ( GLOBE NEWSWIRE ) -- As the XRP ecosystem experiences its most bullish cycle in years, XenDex has emerged as the flagship DeFi project at the center of this surge.",Benzinga,https://www.benzinga.com/pressreleases/25/05/g45132717/xrp-news-buy-xdx-token-on-presale-before-exchange-listing-as-proshares-xrp-etf-approval-gains-mome,0.078099,https://www.benzinga.com/pressreleases/25/05/g45132717/xrp-news-buy-xdx-token-on-presale-before-exchange-listing-as-proshares-xrp-etf-approval-gains-mome,XRP News: Buy $XDX Token On Presale Before Exchange Listing As Proshares XRP ETF Approval Gains Momentum,Globe Newswire,https://www.benzinga.com/next-assets/images/schema-image-default.png,www.benzinga.com,Financial Markets,0.214967,Somewhat-Bullish,"[{""ticker"": ""CRYPTO:ETH"", ""relevance_score"": ""0.078099"", ""ticker_sentiment_score"": ""0.0"", ""ticker_sentiment_label"": ""Neutral""}]"
2025-05-01,"Amid the intensifying global race to tokenize real-world assets, the market is still too nascent for institutional adoption, according to Chris Yin, the co-founder and CEO of Galaxy-backed RWA platform Plume.Institutional capital is yet to enter the RWA market, and it will take some time for ...",Cointelegraph,https://cointelegraph.com/news/rwa-tokenization-no-need-institutions-yet-plume-ceo,0.067727,https://cointelegraph.com/news/rwa-tokenization-no-need-institutions-yet-plume-ceo,"Real-world assets do not need institutions yet, Plume CEO says",Helen Partz and Sam Bourgi,https://s3.cointelegraph.com/uploads/2025-05/01968b81-7a32-75aa-8916-bf9973e794e4,cointelegraph.com,"Blockchain,Financial Markets",0.108644,Neutral,"[{""ticker"": ""CRYPTO:BTC"", ""relevance_score"": ""0.201244"", ""ticker_sentiment_score"": ""0.132985"", ""ticker_sentiment_label"": ""Neutral""}, {""ticker"": ""CRYPTO:ETH"", ""relevance_score"": ""0.067727"", ""ticker_sentiment_score"": ""-0.248246"", ""ticker_sentiment_label"": ""Somewhat-Bearish""}]"
2025-05-01,"Stocks like NVDA, V, HIVE and ACN are likely to benefit once Bitcoin resumes its rally.",Zacks Commentary,https://www.zacks.com/stock/news/2460148/bitcoin-on-track-to-resume-rally-4-crypto-stocks-in-focus,0.05339,https://www.zacks.com/stock/news/2460148/bitcoin-on-track-to-resume-rally-4-crypto-stocks-in-focus,Bitcoin On Track to Resume Rally: 4 Crypto Stocks in Focus,Ritujay Ghosh,https://staticx-tuner.zacks.com/images/articles/main/f9/922.jpg,www.zacks.com,"Economy - Monetary,Financial Markets,Manufacturing,Earnings,Blockchain",0.220527,Somewhat-Bullish,"[{""ticker"": ""ACN"", ""relevance_score"": ""0.211191"", ""ticker_sentiment_score"": ""0.26145"", ""ticker_sentiment_label"": ""Somewhat-Bullish""}, {""ticker"": ""NVDA"", ""relevance_score"": ""0.26224"", ""ticker_sentiment_score"": ""0.342115"", ""ticker_sentiment_label"": ""Somewhat-Bullish""}, {""ticker"": ""V"", ""relevance_score"": ""0.360752"", ""ticker_sentiment_score"": ""0.361597"", ""ticker_sentiment_label"": ""Bullish""}, {""ticker"": ""CRYPTO:BTC"", ""relevance_score"": ""0.211191"", ""ticker_sentiment_score"": ""0.0"", ""ticker_sentiment_label"": ""Neutral""}, {""ticker"": ""CRYPTO:ETH"", ""relevance_score"": ""0.05339"", ""ticker_sentiment_score"": ""0.209789"", ""ticker_sentiment_label"": ""Somewhat-Bullish""}]"
2025-05-01,"LARNACA, Cyprus, May 01, 2025 ( GLOBE NEWSWIRE ) -- As the demand for online gambling for real money grows, players face a crowded market of options, making it challenging to identify the best online casinos that pay real money.",Benzinga,https://www.benzinga.com/pressreleases/25/05/g45134125/best-online-casinos-jackbit-rated-top-casino-site-in-2025,0.035821,https://www.benzinga.com/pressreleases/25/05/g45134125/best-online-casinos-jackbit-rated-top-casino-site-in-2025,Best Online Casinos: JACKBIT Rated Top Casino Site In 2025,Globe Newswire,https://www.benzinga.com/next-assets/images/schema-image-default.png,www.benzinga.com,"Blockchain,Financial Markets",0.495137,Bullish,"[{""ticker"": ""MA"", ""relevance_score"": ""0.035821"", ""ticker_sentiment_score"": ""0.113096"", ""ticker_sentiment_label"": ""Neutral""}, {""ticker"": ""TRTPF"", ""relevance_score"": ""0.017915"", ""ticker_sentiment_score"": ""0.213993"", ""ticker_sentiment_label"": ""Somewhat-Bullish""}, {""ticker"": ""CRYPTO:BTC"", ""relevance_score"": ""0.089395"", ""ticker_sentiment_score"": ""0.222543"", ""ticker_sentiment_label"": ""Somewhat-Bullish""}, {""ticker"": ""CRYPTO:ETH"", ""relevance_score"": ""0.035821"", ""ticker_sentiment_score"": ""0.185838"", ""ticker_sentiment_label"": ""Somewhat-Bullish""}]"
2025-05-01,Contributors are working on new ERC-7930 and ERC-7828 standards to simplify transactions on Ethereum and compatible chains.,Decrypt.co,https://decrypt.co/317259/ethereum-set-for-ux-overhaul-with-new-interoperable-address-standards,0.417995,https://decrypt.co/317259/ethereum-set-for-ux-overhaul-with-new-interoperable-address-standards,Ethereum Set for UX Overhaul With New Interoperable Address Standards,Vince Dioquino,https://cdn.decrypt.co/resize/1024/height/512/wp-content/uploads/2024/08/ethereum-eth-coin-gID_7.png,decrypt.co,,0.083685,Neutral,"[{""ticker"": ""CRYPTO:ETH"", ""relevance_score"": ""0.417995"", ""ticker_sentiment_score"": ""0.325737"", ""ticker_sentiment_label"": ""Somewhat-Bullish""}]"
2025-05-02,"NVIDIA, Visa, HIVE Blockchain and Accenture are included in this Analyst Blog.",Zacks Commentary,https://www.zacks.com/stock/news/2461196/the-zacks-analyst-blog-highlights-nvidia-visa-hive-blockchain-and-accenture,0.047559,https://www.zacks.com/stock/news/2461196/the-zacks-analyst-blog-highlights-nvidia-visa-hive-blockchain-and-accenture,"The Zacks Analyst Blog Highlights NVIDIA, Visa, HIVE Blockchain and Accenture",Zacks Investment Research,https://staticx-tuner.zacks.com/images/articles/main/af/643.jpg,www.zacks.com,"Economy - Monetary,Financial Markets,Manufacturing,Earnings,Blockchain",0.21771,Somewhat-Bullish,"[{""ticker"": ""ACN"", ""relevance_score"": ""0.234458"", ""ticker_sentiment_score"": ""0.207787"", ""ticker_sentiment_label"": ""Somewhat-Bullish""}, {""ticker"": ""NVDA"", ""relevance_score"": ""0.279547"", ""ticker_sentiment_score"": ""0.2909"", ""ticker_sentiment_label"": ""Somewhat-Bullish""}, {""ticker"": ""V"", ""relevance_score"": ""0.366736"", ""ticker_sentiment_score"": ""0.285286"", ""ticker_sentiment_label"": ""Somewhat-Bullish""}, {""ticker"": ""CRYPTO:BTC"", ""relevance_score"": ""0.18856"", ""ticker_sentiment_score"": ""0.0"", ""ticker_sentiment_label"": ""Neutral""}, {""ticker"": ""CRYPTO:ETH"", ""relevance_score"": ""0.047559"", ""ticker_sentiment_score"": ""0.208706"", ""ticker_sentiment_label"": ""Somewhat-Bullish""}]"
2025-05-02,"As Ether's price has struggled in the first quarter of 2025, a US-based investment adviser firm, Two Prime, has dropped support for ETH and adopted a Bitcoin-only strategy.After lending $1.5 billion in loans both in Bitcoin ( BTC ) and Ether ( ETH ) over the past 15 months, Two Prime decided to ...",Cointelegraph,https://cointelegraph.com/news/ether-more-like-memecoin-two-prime-bitcoin-only,0.965469,https://cointelegraph.com/news/ether-more-like-memecoin-two-prime-bitcoin-only,"Ether more 'like a memecoin,' says trading firm as ETH drops 45% YTD",Helen Partz,https://s3.cointelegraph.com/uploads/2025-05/01969156-3b17-713f-a420-4769955e3eed,cointelegraph.com,"Blockchain,Financial Markets",-0.071867,Neutral,"[{""ticker"": ""WT"", ""relevance_score"": ""0.064797"", ""ticker_sentiment_score"": ""-0.007056"", ""ticker_sentiment_label"": ""Neutral""}, {""ticker"": ""CRYPTO:BTC"", ""relevance_score"": ""0.628843"", ""ticker_sentiment_score"": ""-0.087315"", ""ticker_sentiment_label"": ""Neutral""}, {""ticker"": ""CRYPTO:ETH"", ""relevance_score"": ""0.965469"", ""ticker_sentiment_score"": ""-0.128476"", ""ticker_sentiment_label"": ""Neutral""}]"
2025-05-02,"Sydney, Australia, May 02, 2025 ( GLOBE NEWSWIRE ) -- Modern users can acquire cryptocurrency through cloud mining, an effortless method that avoids buying expensive machines and electricity costs.",Benzinga,https://www.benzinga.com/pressreleases/25/05/g45172585/a-beginners-guide-to-fiobit-cloud-mining-in-2025-use-the-best-trusted-bitcoin-mining-sites-to-make,0.116914,https://www.benzinga.com/pressreleases/25/05/g45172585/a-beginners-guide-to-fiobit-cloud-mining-in-2025-use-the-best-trusted-bitcoin-mining-sites-to-make,A Beginner's Guide to FioBit Cloud Mining in 2025:Use the Best Trusted Bitcoin Mining Sites to Make Passive Crypto Income,Globe Newswire,https://www.benzinga.com/next-assets/images/schema-image-default.png,www.benzinga.com,"Earnings,Blockchain,Financial Markets",0.364649,Bullish,"[{""ticker"": ""CRYPTO:BTC"", ""relevance_score"": ""0.340915"", ""ticker_sentiment_score"": ""0.355468"", ""ticker_sentiment_label"": ""Bullish""}, {""ticker"": ""CRYPTO:ETH"", ""relevance_score"": ""0.116914"", ""ticker_sentiment_score"": ""0.0"", ""ticker_sentiment_label"": ""Neutral""}, {""ticker"": ""CRYPTO:DOGE"", ""relevance_score"": ""0.116914"", ""ticker_sentiment_score"": ""0.338151"", ""ticker_sentiment_label"": ""Somewhat-Bullish""}, {""ticker"": ""CRYPTO:LTC"", ""relevance_score"": ""0.116914"", ""ticker_sentiment_score"": ""0.0"", ""ticker_sentiment_label"": ""Neutral""}, {""ticker"": ""CRYPTO:BNB"", ""relevance_score"": ""0.116914"", ""ticker_sentiment_score"": ""0.163988"", ""ticker_sentiment_label"": ""Somewhat-Bullish""}]"
2025-05-02,"In the annals of financial history, few institutions have faced the tempests of competition with the steadfast resolve of Grayscale Bitcoin Trust ( GBTC ) . Born in 2013 as a private placement, GBTC pioneered regulated Bitcoin investment, granting investors access to Bitcoin's ( BTC ) meteoric ...",Cointelegraph,https://cointelegraph.com/news/why-grayscales-bitcoin-trust-still-dominates-etf-revenue-2025,0.030641,https://cointelegraph.com/news/why-grayscales-bitcoin-trust-still-dominates-etf-revenue-2025,Why Grayscale's Bitcoin Trust still dominates ETF revenue in 2025,Michael Tabone,https://s3.cointelegraph.com/uploads/2025-05/01969147-e89c-7ac9-af0f-e6868b9dbc47,cointelegraph.com,"Earnings,Finance,Financial Markets",0.163876,Somewhat-Bullish,"[{""ticker"": ""COIN"", ""relevance_score"": ""0.030641"", ""ticker_sentiment_score"": ""0.0"", ""ticker_sentiment_label"": ""Neutral""}, {""ticker"": ""MORN"", ""relevance_score"": ""0.030641"", ""ticker_sentiment_score"": ""0.02494"", ""ticker_sentiment_label"": ""Neutral""}, {""ticker"": ""CRYPTO:BTC"", ""relevance_score"": ""0.580137"", ""ticker_sentiment_score"": ""0.268253"", ""ticker_sentiment_label"": ""Somewhat-Bullish""}, {""ticker"": ""CRYPTO:ETH"", ""relevance_score"": ""0.030641"", ""ticker_sentiment_score"": ""0.169845"", ""ticker_sentiment_label"": ""Somewhat-Bullish""}]"
2025-05-02,"The cryptocurrency market continued its recovery in the past week as the total crypto market capitalization breached the $3 trillion mark for the first time since the beginning of March.Bitcoin ( BTC ) rose to an over two-month high of $97,300 last seen at the end of February, before the ...",Cointelegraph,https://cointelegraph.com/news/bitcoin-etfs-gov-t-adoption-btc-1-m-by-2029-finance-redefined,0.16709,https://cointelegraph.com/news/bitcoin-etfs-gov-t-adoption-btc-1-m-by-2029-finance-redefined,"Bitcoin ETFs, gov't adoption to drive BTC to $1M by 2029: Finance Redefined",Zoltan Vardai,https://s3.cointelegraph.com/uploads/2025-05/019690c7-72f3-7c63-96b4-961f4e74b346,cointelegraph.com,"Blockchain,Financial Markets",0.064785,Neutral,"[{""ticker"": ""FOREX:USD"", ""relevance_score"": ""0.067252"", ""ticker_sentiment_score"": ""0.317826"", ""ticker_sentiment_label"": ""Somewhat-Bullish""}, {""ticker"": ""CRYPTO:BTC"", ""relevance_score"": ""0.16709"", ""ticker_sentiment_score"": ""0.050515"", ""ticker_sentiment_label"": ""Neutral""}, {""ticker"": ""CRYPTO:ETH"", ""relevance_score"": ""0.16709"", ""ticker_sentiment_score"": ""0.241913"", ""ticker_sentiment_label"": ""Somewhat-Bullish""}]"
2025-05-02,"Strategy goes full laser-eyes for Bitcoin while Cboe pats itself on the back for its ""really nice"" crypto ecosystem.",Decrypt.co,https://decrypt.co/317671/public-keys-strategy-bitcoin-robinhood-gold,0.03916,https://decrypt.co/317671/public-keys-strategy-bitcoin-robinhood-gold,"Public Keys: Strategy Doubles Down on Bitcoin Plans, Robinhood Glitters With Gold",Stacy Elliott,https://cdn.decrypt.co/resize/1024/height/512/wp-content/uploads/2023/05/michael-saylor-mstr-bitcoin2023-gID_7.jpg,decrypt.co,"Earnings,Life Sciences,Financial Markets",0.157604,Somewhat-Bullish,"[{""ticker"": ""RIOT"", ""relevance_score"": ""0.03916"", ""ticker_sentiment_score"": ""0.074205"", ""ticker_sentiment_label"": ""Neutral""}, {""ticker"": ""CRYPTO:BTC"", ""relevance_score"": ""0.596112"", ""ticker_sentiment_score"": ""0.330984"", ""ticker_sentiment_label"": ""Somewhat-Bullish""}, {""ticker"": ""CRYPTO:ETH"", ""relevance_score"": ""0.03916"", ""ticker_sentiment_score"": ""0.074205"", ""ticker_sentiment_label"": ""Neutral""}]"
2025-05-02,"Merchants in Cannes, France, the site of the international Cannes Film Festival, are set to begin accepting crypto payments by summer this year in an effort to attract clientele with high disposable income by modernizing the city's commercial payment ecosystem.According to Artem Shaginyan, ...",Cointelegraph,https://cointelegraph.com/news/most-shops-cannes-accept-crypto-summer-2025,0.22595,https://cointelegraph.com/news/most-shops-cannes-accept-crypto-summer-2025,Most shops in Cannes to accept crypto by summer this year - Web3 exec,Vince Quill,https://s3.cointelegraph.com/uploads/2025-05/01969268-ba7a-7e8b-85f5-f44cc2df8ce8,cointelegraph.com,Blockchain,0.18954,Somewhat-Bullish,"[{""ticker"": ""FOREX:USD"", ""relevance_score"": ""0.114137"", ""ticker_sentiment_score"": ""0.0"", ""ticker_sentiment_label"": ""Neutral""}, {""ticker"": ""CRYPTO:BTC"", ""relevance_score"": ""0.610896"", ""ticker_sentiment_score"": ""0.213658"", ""ticker_sentiment_label"": ""Somewhat-Bullish""}, {""ticker"": ""CRYPTO:ETH"", ""relevance_score"": ""0.22595"", ""ticker_sentiment_score"": ""0.0"", ""ticker_sentiment_label"": ""Neutral""}, {""ticker"": ""CRYPTO:USDT"", ""relevance_score"": ""0.114137"", ""ticker_sentiment_score"": ""0.0"", ""ticker_sentiment_label"": ""Neutral""}]"
2025-05-02,"Ethereum's relative dominance among layer-1 ( L1 ) blockchain networks has declined, resulting in an ""open race"" to become the leading Web3 platform, according to Alex Svanevik, CEO of data service Nansen.""If you'd asked me 3-4 years ago whether Ethereum would dominate crypto, I'd have said ...",Cointelegraph,https://cointelegraph.com/news/ethereum-no-longer-on-track-to-dominate-crypto-nansen-ceo,0.495015,https://cointelegraph.com/news/ethereum-no-longer-on-track-to-dominate-crypto-nansen-ceo,Ethereum's era of crypto dominance is over - LONGITUDE panel,Alex O’Donnell,https://s3.cointelegraph.com/uploads/2025-05/0196926b-feb3-7aeb-ad3f-f2b2a266c230,cointelegraph.com,"Blockchain,Financial Markets",0.28692,Somewhat-Bullish,"[{""ticker"": ""CRYPTO:BTC"", ""relevance_score"": ""0.10607"", ""ticker_sentiment_score"": ""0.231624"", ""ticker_sentiment_label"": ""Somewhat-Bullish""}, {""ticker"": ""CRYPTO:ETH"", ""relevance_score"": ""0.495015"", ""ticker_sentiment_score"": ""0.483736"", ""ticker_sentiment_label"": ""Bullish""}]"
2025-05-02,Gala Games is shutting down The Walking Dead: Empires and offering NFT owners assets in other games as compensation.,Decrypt.co,https://decrypt.co/317687/the-walking-dead-ethereum-nft-game-is-about-to-be-killed-off,0.175221,https://decrypt.co/317687/the-walking-dead-ethereum-nft-game-is-about-to-be-killed-off,'The Walking Dead' Ethereum NFT Game Is About to Be Killed Off,Logan Hitchcock,https://cdn.decrypt.co/resize/1024/height/512/wp-content/uploads/2025/05/walking-dead-empires-gID_7.png,decrypt.co,Blockchain,-0.101425,Neutral,"[{""ticker"": ""CRYPTO:ETH"", ""relevance_score"": ""0.175221"", ""ticker_sentiment_score"": ""-0.156533"", ""ticker_sentiment_label"": ""Somewhat-Bearish""}]"
2025-05-02,"TIEL, The Netherlands, May 02, 2025 ( GLOBE NEWSWIRE ) -- Noma Spin Casino is the best online casino in Netherlands that offers real money gambling, featuring a growing selection of games, attractive bonuses, and safe payment options for players.",Benzinga,https://www.benzinga.com/pressreleases/25/05/g45165456/best-online-casino-in-netherlands-real-money-2025-noma-spin,0.008918,https://www.benzinga.com/pressreleases/25/05/g45165456/best-online-casino-in-netherlands-real-money-2025-noma-spin,Best Online Casino In Netherlands Real Money 2025 - Noma Spin,Globe Newswire,https://www.benzinga.com/next-assets/images/schema-image-default.png,www.benzinga.com,Blockchain,0.547015,Bullish,"[{""ticker"": ""MA"", ""relevance_score"": ""0.008918"", ""ticker_sentiment_score"": ""0.23634"", ""ticker_sentiment_label"": ""Somewhat-Bullish""}, {""ticker"": ""CRYPTO:BTC"", ""relevance_score"": ""0.008918"", ""ticker_sentiment_score"": ""0.243079"", ""ticker_sentiment_label"": ""Somewhat-Bullish""}, {""ticker"": ""CRYPTO:ETH"", ""relevance_score"": ""0.008918"", ""ticker_sentiment_score"": ""0.243079"", ""ticker_sentiment_label"": ""Somewhat-Bullish""}]"
2025-05-02,"SYDNEY, May 02, 2025 ( GLOBE NEWSWIRE ) -- As excitement grips the XRP community following recent breakthroughs including ProShares' XRP Futures ETF approval, Brazil's XRP Spot ETF rollout, and the SEC's lawsuit withdrawal, all eyes are now on XenDex, the decentralized platform designed to power ...",Benzinga,https://www.benzinga.com/pressreleases/25/05/g45178070/xrp-news-buy-xdx-tokens-now-before-xendex-presale-ends-soon-as-xrp-market-heats-up,0.082111,https://www.benzinga.com/pressreleases/25/05/g45178070/xrp-news-buy-xdx-tokens-now-before-xendex-presale-ends-soon-as-xrp-market-heats-up,"XRP News: Buy $XDX Tokens Now Before XenDex Presale Ends Soon, as XRP Market Heats Up",Globe Newswire,https://www.benzinga.com/next-assets/images/schema-image-default.png,www.benzinga.com,Financial Markets,0.256242,Somewhat-Bullish,"[{""ticker"": ""CRYPTO:ETH"", ""relevance_score"": ""0.082111"", ""ticker_sentiment_score"": ""0.118435"", ""ticker_sentiment_label"": ""Neutral""}]"
2025-05-02,Aptos is working with Aave to become the first non-EVM chain supported by the major DeFi lending protocol. Pampati believes real competitive differentiation will emerge when chains must support millions-not thousands-of real-world users.,Benzinga,https://www.benzinga.com/markets/cryptocurrency/25/05/45165364/aptos-eyes-real-world-utility-beyond-nfts-and-defi-says-ecosystem-head-ash-pampati,0.06211,https://www.benzinga.com/markets/cryptocurrency/25/05/45165364/aptos-eyes-real-world-utility-beyond-nfts-and-defi-says-ecosystem-head-ash-pampati,"Aptos Eyes Real-World Utility Beyond NFTs And DeFi, Says Ecosystem Head Ash Pampati",Murtuza J Merchant,https://cdn.benzinga.com/files/images/story/2025/05/02/Blockchain-Technology-Concept--Revolutio.jpeg?width=1200&height=800&fit=crop,www.benzinga.com,"Blockchain,Financial Markets",0.294305,Somewhat-Bullish,"[{""ticker"": ""BNXYF"", ""relevance_score"": ""0.06211"", ""ticker_sentiment_score"": ""0.149074"", ""ticker_sentiment_label"": ""Neutral""}, {""ticker"": ""FOREX:HKD"", ""relevance_score"": ""0.123844"", ""ticker_sentiment_score"": ""0.319608"", ""ticker_sentiment_label"": ""Somewhat-Bullish""}, {""ticker"": ""CRYPTO:ETH"", ""relevance_score"": ""0.06211"", ""ticker_sentiment_score"": ""0.192152"", ""ticker_sentiment_label"": ""Somewhat-Bullish""}, {""ticker"": ""CRYPTO:AAVE"", ""relevance_score"": ""0.123844"", ""ticker_sentiment_score"": ""0.157602"", ""ticker_sentiment_label"": ""Somewhat-Bullish""}]"
2025-05-02,"BINGHAMTON, N.Y., May 02, 2025 ( GLOBE NEWSWIRE ) -- The surge in popularity of crypto gambling sites has transformed online gaming, offering players unparalleled privacy, lightning-fast transactions, and thrilling crypto opportunities.",Benzinga,https://www.benzinga.com/pressreleases/25/05/g45167475/best-crypto-casinos-jackbit-rated-top-bitcoin-casino-with-instant-withdrawal,0.025474,https://www.benzinga.com/pressreleases/25/05/g45167475/best-crypto-casinos-jackbit-rated-top-bitcoin-casino-with-instant-withdrawal,Best Crypto Casinos: JACKBIT Rated Top Bitcoin Casino With Instant Withdrawal,Globe Newswire,https://www.benzinga.com/next-assets/images/schema-image-default.png,www.benzinga.com,Blockchain,0.524181,Bullish,"[{""ticker"": ""MA"", ""relevance_score"": ""0.012738"", ""ticker_sentiment_score"": ""0.097595"", ""ticker_sentiment_label"": ""Neutral""}, {""ticker"": ""TRTPF"", ""relevance_score"": ""0.012738"", ""ticker_sentiment_score"": ""0.182375"", ""ticker_sentiment_label"": ""Somewhat-Bullish""}, {""ticker"": ""CRYPTO:BTC"", ""relevance_score"": ""0.151938"", ""ticker_sentiment_score"": ""0.379598"", ""ticker_sentiment_label"": ""Bullish""}, {""ticker"": ""CRYPTO:ETH"", ""relevance_score"": ""0.025474"", ""ticker_sentiment_score"": ""0.218697"", ""ticker_sentiment_label"": ""Somewhat-Bullish""}, {""ticker"": ""CRYPTO:BNB"", ""relevance_score"": ""0.012738"", ""ticker_sentiment_score"": ""0.137965"", ""ticker_sentiment_label"": ""Neutral""}]"
2025-05-02,"Bitcoin dominance is up to 64.89%, up from around 57.9% at the start of the year, as its price inches closer to $100,000.",Decrypt.co,https://decrypt.co/317548/bitcoin-dominance-hits-four-year-high-as-btc-price-tops-97000,0.070935,https://decrypt.co/317548/bitcoin-dominance-hits-four-year-high-as-btc-price-tops-97000,"Bitcoin Dominance Hits Four-Year High As BTC Price Tops $97,000",Simon Chandler,https://cdn.decrypt.co/resize/1024/height/512/wp-content/uploads/2024/02/Bitcoin-Goes-Up-Shutterstock-gID_7.jpg,decrypt.co,"Blockchain,Financial Markets",0.336842,Somewhat-Bullish,"[{""ticker"": ""CRYPTO:BTC"", ""relevance_score"": ""0.576977"", ""ticker_sentiment_score"": ""0.389896"", ""ticker_sentiment_label"": ""Bullish""}, {""ticker"": ""CRYPTO:ETH"", ""relevance_score"": ""0.070935"", ""ticker_sentiment_score"": ""0.108584"", ""ticker_sentiment_label"": ""Neutral""}, {""ticker"": ""CRYPTO:DOGE"", ""relevance_score"": ""0.070935"", ""ticker_sentiment_score"": ""0.108584"", ""ticker_sentiment_label"": ""Neutral""}]"
2025-05-02,"Santiment data shows XRP and Dogecoin sentiment surge as ETF approval odds climb. Bitcoin flips from fear to FOMO, while Ethereum remains under the radar despite bullish signs. Today's manic market swings are creating the perfect setup for Matt's next volatility trade.",Benzinga,https://www.benzinga.com/markets/cryptocurrency/25/05/45164011/bitcoin-ethereum-xrp-dogecoin-sentiment-rebounds-as-btc-hits-97000,0.181591,https://www.benzinga.com/markets/cryptocurrency/25/05/45164011/bitcoin-ethereum-xrp-dogecoin-sentiment-rebounds-as-btc-hits-97000,"Bitcoin, Ethereum, XRP, Dogecoin Sentiment Rebounds As BTC Hits $97,000",Khyathi Dalal,https://cdn.benzinga.com/files/images/story/2025/05/02/Dogecoin-Doge-Group-Included-With-Crypto_3.jpeg?width=1200&height=800&fit=crop,www.benzinga.com,"Blockchain,Financial Markets",0.321325,Somewhat-Bullish,"[{""ticker"": ""CRYPTO:BTC"", ""relevance_score"": ""0.240489"", ""ticker_sentiment_score"": ""-0.25692"", ""ticker_sentiment_label"": ""Somewhat-Bearish""}, {""ticker"": ""CRYPTO:ETH"", ""relevance_score"": ""0.181591"", ""ticker_sentiment_score"": ""-0.003204"", ""ticker_sentiment_label"": ""Neutral""}, {""ticker"": ""CRYPTO:DOGE"", ""relevance_score"": ""0.240489"", ""ticker_sentiment_score"": ""0.335845"", ""ticker_sentiment_label"": ""Somewhat-Bullish""}]"
2025-05-02,"Leading cryptocurrencies rallied Thursday as investors turned to Bitcoin amid a weak financial climate. What Happened: Bitcoin reached an intraday high of $97,437.96 in the early trading hours, then fell to roughly $96,500 in the afternoon before making a fresh move past $97,000 overnight.",Benzinga,https://www.benzinga.com/25/05/45157129/bitcoin-ethereum-dogecoin-spike-alongside-stocks-trader-peter-brandt-projects-a-btc-bull-market-top-in-the-125000,0.18046,https://www.benzinga.com/25/05/45157129/bitcoin-ethereum-dogecoin-spike-alongside-stocks-trader-peter-brandt-projects-a-btc-bull-market-top-in-the-125000,"Bitcoin, Ethereum, Dogecoin Spike Alongside Stocks: Trader Peter Brandt Says BTC On Target To Reach Bull Market Top Of $125,000-$150,000 - Grayscale Bitcoin Mini Trust  ( BTC )  Common units of fractional undivided beneficial interest  ( ARCA:BTC ) ",Aniket Verma,https://cdn.benzinga.com/files/images/story/2025/05/01/Solana-Golden-Cryptocurrency-In-Close-up.jpeg?width=1200&height=800&fit=crop,www.benzinga.com,"Financial Markets,Earnings,Technology,Blockchain",0.164597,Somewhat-Bullish,"[{""ticker"": ""MSFT"", ""relevance_score"": ""0.18046"", ""ticker_sentiment_score"": ""0.391813"", ""ticker_sentiment_label"": ""Bullish""}, {""ticker"": ""META"", ""relevance_score"": ""0.18046"", ""ticker_sentiment_score"": ""0.391813"", ""ticker_sentiment_label"": ""Bullish""}, {""ticker"": ""CRYPTO:BTC"", ""relevance_score"": ""0.351807"", ""ticker_sentiment_score"": ""0.131494"", ""ticker_sentiment_label"": ""Neutral""}, {""ticker"": ""CRYPTO:ETH"", ""relevance_score"": ""0.18046"", ""ticker_sentiment_score"": ""0.190616"", ""ticker_sentiment_label"": ""Somewhat-Bullish""}]"
2025-05-02,"The US Securities and Exchange Commission has filed to drop another of its crypto lawsuits, this time its unregistered securities sales case against crypto influencer and YouTuber Ian Balina. The SEC said in a May 1 joint stipulation with Balina to an Austin federal court that it ""believes the ...",Cointelegraph,https://cointelegraph.com/news/sec-to-drop-crypto-promo-case-against-youtuber-ian-balina,0.207571,https://cointelegraph.com/news/sec-to-drop-crypto-promo-case-against-youtuber-ian-balina,SEC files to drop crypto promo case against YouTuber Ian Balina,Martin Young,https://s3.cointelegraph.com/uploads/2025-05/01968f2d-545e-793d-851e-520a965c2022,cointelegraph.com,"Finance,Blockchain,Financial Markets",0.104001,Neutral,"[{""ticker"": ""COIN"", ""relevance_score"": ""0.104683"", ""ticker_sentiment_score"": ""-0.119649"", ""ticker_sentiment_label"": ""Neutral""}, {""ticker"": ""CRYPTO:ETH"", ""relevance_score"": ""0.207571"", ""ticker_sentiment_score"": ""0.198556"", ""ticker_sentiment_label"": ""Somewhat-Bullish""}]"
2025-05-02,"What is AGI? When the lines blur between man and machine, you're looking at artificial general intelligence ( AGI ) . Unlike its counterpart, artificial narrow intelligence ( ANI ) , which is the use of AI for solving individual problem statements, AGI represents artificial intelligence that can ...",Cointelegraph,https://cointelegraph.com/explained/artificial-general-intelligence-agi-can-it-really-think-like-a-human,0.039944,https://cointelegraph.com/explained/artificial-general-intelligence-agi-can-it-really-think-like-a-human,Cointelegraph Bitcoin & Ethereum Blockchain News,,https://s3.cointelegraph.com/storage/uploads/view/905e01971c4c89f65881f97ec68755e2.jpg,cointelegraph.com,"Blockchain,Financial Markets",0.359248,Bullish,"[{""ticker"": ""CRYPTO:BTC"", ""relevance_score"": ""0.019978"", ""ticker_sentiment_score"": ""0.229582"", ""ticker_sentiment_label"": ""Somewhat-Bullish""}, {""ticker"": ""CRYPTO:ETH"", ""relevance_score"": ""0.039944"", ""ticker_sentiment_score"": ""0.242895"", ""ticker_sentiment_label"": ""Somewhat-Bullish""}, {""ticker"": ""CRYPTO:AGI"", ""relevance_score"": ""0.896414"", ""ticker_sentiment_score"": ""0.577811"", ""ticker_sentiment_label"": ""Bullish""}]"
2025-05-02,"Opinion by: Merav Ozair, PhDLately, stablecoins are everywhere - this time around, headed by ""traditional"" financial institutions. Bank of America and Standard Chartered are considering launching their own stablecoin, joining JPMorgan, which launched its stablecoin, JPM Coin - rebranded as ...",Cointelegraph,https://cointelegraph.com/news/stablecoins-depegging-fraudsters-decentralization,0.032646,https://cointelegraph.com/news/stablecoins-depegging-fraudsters-decentralization,"Stablecoins: Depegging, fraudsters and decentralization",Dr. Merav Ozair,"https://images.cointelegraph.com/cdn-cgi/image/format=auto,onerror=redirect,quality=90,width=1200/https://s3.cointelegraph.com/uploads/2025-05/01968f92-5b24-7d51-8e8a-fe2e6308f2a3",cointelegraph.com,"Economy - Monetary,Financial Markets,Finance,Blockchain",0.122035,Neutral,"[{""ticker"": ""ICE"", ""relevance_score"": ""0.065238"", ""ticker_sentiment_score"": ""0.037027"", ""ticker_sentiment_label"": ""Neutral""}, {""ticker"": ""SCBFF"", ""relevance_score"": ""0.032646"", ""ticker_sentiment_score"": ""0.062817"", ""ticker_sentiment_label"": ""Neutral""}, {""ticker"": ""BAC"", ""relevance_score"": ""0.032646"", ""ticker_sentiment_score"": ""0.062817"", ""ticker_sentiment_label"": ""Neutral""}, {""ticker"": ""MA"", ""relevance_score"": ""0.032646"", ""ticker_sentiment_score"": ""0.083798"", ""ticker_sentiment_label"": ""Neutral""}, {""ticker"": ""BRPHF"", ""relevance_score"": ""0.032646"", ""ticker_sentiment_score"": ""0.086522"", ""ticker_sentiment_label"": ""Neutral""}, {""ticker"": ""FOREX:USD"", ""relevance_score"": ""0.162145"", ""ticker_sentiment_score"": ""0.077807"", ""ticker_sentiment_label"": ""Neutral""}, {""ticker"": ""CRYPTO:BTC"", ""relevance_score"": ""0.097721"", ""ticker_sentiment_score"": ""0.11413"", ""ticker_sentiment_label"": ""Neutral""}, {""ticker"": ""CRYPTO:ETH"", ""relevance_score"": ""0.032646"", ""ticker_sentiment_score"": ""0.026978"", ""ticker_sentiment_label"": ""Neutral""}, {""ticker"": ""CRYPTO:UST"", ""relevance_score"": ""0.162145"", ""ticker_sentiment_score"": ""0.063305"", ""ticker_sentiment_label"": ""Neutral""}]"
2025-05-02,"Ethereum ( CRYPTO: ETH ) is in a state of crisis. Amidst powerful competitors stealing its capital share, and with unprecedented poor sentiment among cryptocurrency investors, its price is down by 46% so far this year.Thankfully for holders, there is one significant catalyst that's now on the map.",Motley Fool,https://www.fool.com/investing/2025/05/02/does-this-1-desperately-needed-catalyst-for-ethere/,0.382088,https://www.fool.com/investing/2025/05/02/does-this-1-desperately-needed-catalyst-for-ethere/,Does This 1 Desperately Needed Catalyst For Ethereum Make It a Buy?,Alex Carchidi,https://g.foolcdn.com/editorial/images/816538/two-investors-meet-and-discuss.jpg,www.fool.com,Blockchain,0.261789,Somewhat-Bullish,"[{""ticker"": ""CRYPTO:ETH"", ""relevance_score"": ""0.382088"", ""ticker_sentiment_score"": ""0.159853"", ""ticker_sentiment_label"": ""Somewhat-Bullish""}]"
2025-05-02,"Movement Labs suspends co-founder after 66M MOVE token dump triggers audit, Binance freeze, and Coinbase delisting.",Decrypt.co,https://decrypt.co/317524/movement-labs-suspends-co-founder-amid-market-maker-controversy,0.085324,https://decrypt.co/317524/movement-labs-suspends-co-founder-amid-market-maker-controversy,Movement Labs Suspends Co-Founder Amid Market Maker Controversy,Vismaya V,https://cdn.decrypt.co/resize/1024/height/512/wp-content/uploads/2025/05/movement-move-gID_7.png,decrypt.co,"Finance,Blockchain",-0.116641,Neutral,"[{""ticker"": ""COIN"", ""relevance_score"": ""0.085324"", ""ticker_sentiment_score"": ""-0.148573"", ""ticker_sentiment_label"": ""Neutral""}, {""ticker"": ""CRYPTO:ETH"", ""relevance_score"": ""0.085324"", ""ticker_sentiment_score"": ""0.0"", ""ticker_sentiment_label"": ""Neutral""}]"
2025-05-02,"Eric Trump, the executive vice president of The Trump Organization, said that the Trump family-backed stablecoin USD1 has been chosen to close Abu Dhabi investment firm MGX's $2 billion deal with cryptocurrency exchange Binance.",Benzinga,https://www.benzinga.com/markets/cryptocurrency/25/05/45160707/eric-trump-says-world-libertys-stablecoin-will-be-used-to-close-a-2-billion-deal-dollar-to,0.109956,https://www.benzinga.com/markets/cryptocurrency/25/05/45160707/eric-trump-says-world-libertys-stablecoin-will-be-used-to-close-a-2-billion-deal-dollar-to,Eric Trump Says World Liberty's Stablecoin Will Be Used To Close A $2 Billion Deal - Dollar Token To Also Get Integrated With Justin Sun's Tron Blockchain,Aniket Verma,https://cdn.benzinga.com/files/images/story/2025/05/02/Coins-Memcoin-Trump-Against-Other-Crypto_0.jpeg?width=1200&height=800&fit=crop,www.benzinga.com,"Blockchain,Financial Markets",0.373145,Bullish,"[{""ticker"": ""CRYPTO:ETH"", ""relevance_score"": ""0.109956"", ""ticker_sentiment_score"": ""0.204521"", ""ticker_sentiment_label"": ""Somewhat-Bullish""}, {""ticker"": ""CRYPTO:BNB"", ""relevance_score"": ""0.217834"", ""ticker_sentiment_score"": ""0.304264"", ""ticker_sentiment_label"": ""Somewhat-Bullish""}, {""ticker"": ""CRYPTO:TRX"", ""relevance_score"": ""0.109956"", ""ticker_sentiment_score"": ""0.309758"", ""ticker_sentiment_label"": ""Somewhat-Bullish""}]"
2025-05-02,"Stockholm, 2nd of May 2025 - Today Virtune announces that it has finalized its monthly rebalancing for Virtune Crypto Altcoin Index ETP, listed on Nasdaq Stockholm and Nasdaq Helsinki ( ISIN code SE0023260716 ) .In addition to the Virtune Crypto Altcoin Index ETP, Virtune's product portfolio ...",GlobeNewswire,https://www.globenewswire.com/news-release/2025/05/02/3073174/0/en/Virtune-AB-Publ-Virtune-has-completed-the-monthly-rebalancing-for-April-2025-of-its-Virtune-Crypto-Altcoin-Index-ETP.html,0.172713,https://www.globenewswire.com/news-release/2025/05/02/3073174/0/en/Virtune-AB-Publ-Virtune-has-completed-the-monthly-rebalancing-for-April-2025-of-its-Virtune-Crypto-Altcoin-Index-ETP.html,"Virtune AB  ( Publ )   ( ""Virtune"" )  has completed the monthly rebalancing for April 2025 of its Virtune Crypto Altcoin Index ETP",Virtune AB (Publ),https://ml-eu.globenewswire.com/Resource/Download/da0bec69-79eb-4618-87fd-d96aa395aaed,www.globenewswire.com,"Blockchain,Financial Markets",0.252194,Somewhat-Bullish,"[{""ticker"": ""CRYPTO:BTC"", ""relevance_score"": ""0.172713"", ""ticker_sentiment_score"": ""0.238955"", ""ticker_sentiment_label"": ""Somewhat-Bullish""}, {""ticker"": ""CRYPTO:ETH"", ""relevance_score"": ""0.172713"", ""ticker_sentiment_score"": ""0.238955"", ""ticker_sentiment_label"": ""Somewhat-Bullish""}, {""ticker"": ""CRYPTO:UNI"", ""relevance_score"": ""0.08687"", ""ticker_sentiment_score"": ""0.200941"", ""ticker_sentiment_label"": ""Somewhat-Bullish""}]"
2025-05-02,"Inspired by the hit Netflix series ""Black Mirror,"" the token uses AI to assign scores based on blockchain and social activity.",Decrypt.co,https://decrypt.co/317430/black-mirror-memecoin-turns-social-credit-into-crypto-game,0.12546,https://decrypt.co/317430/black-mirror-memecoin-turns-social-credit-into-crypto-game,Official 'Black Mirror' Token Turns Social Credit Into Crypto Game,Jason Nelson,https://cdn.decrypt.co/resize/1024/height/512/wp-content/uploads/2024/02/black-mirror-1-gID_7.jpg,decrypt.co,Blockchain,0.303406,Somewhat-Bullish,"[{""ticker"": ""ACCR"", ""relevance_score"": ""0.062926"", ""ticker_sentiment_score"": ""0.05744"", ""ticker_sentiment_label"": ""Neutral""}, {""ticker"": ""CRYPTO:ETH"", ""relevance_score"": ""0.12546"", ""ticker_sentiment_score"": ""0.02526"", ""ticker_sentiment_label"": ""Neutral""}]"
2025-05-02,"Donald Trump is turning up the heat in the crypto space, taking his involvement beyond public statements and into direct digital action. His meme coin, $TRUMP, has recently sparked major attention, shooting up 30% in value on April 24 after news broke of an exclusive gala for top investors.",Benzinga,https://www.benzinga.com/pressreleases/25/05/g45163020/trumpcoin-trump-surged-30-in-april-as-the-buzz-around-cloud-mining-grew-investors-seeking-daily-pr,0.05654,https://www.benzinga.com/pressreleases/25/05/g45163020/trumpcoin-trump-surged-30-in-april-as-the-buzz-around-cloud-mining-grew-investors-seeking-daily-pr,Trumpcoin  ( $TRUMP )  Surged 30% In April As The Buzz Around Cloud Mining Grew; Investors Seeking Daily Profits With ZA Miner,Globe Newswire,https://www.benzinga.com/next-assets/images/schema-image-default.png,www.benzinga.com,"Earnings,Blockchain,Financial Markets",0.452681,Bullish,"[{""ticker"": ""CRYPTO:BTC"", ""relevance_score"": ""0.16849"", ""ticker_sentiment_score"": ""0.233966"", ""ticker_sentiment_label"": ""Somewhat-Bullish""}, {""ticker"": ""CRYPTO:ETH"", ""relevance_score"": ""0.05654"", ""ticker_sentiment_score"": ""0.249"", ""ticker_sentiment_label"": ""Somewhat-Bullish""}, {""ticker"": ""CRYPTO:DOGE"", ""relevance_score"": ""0.05654"", ""ticker_sentiment_score"": ""0.249"", ""ticker_sentiment_label"": ""Somewhat-Bullish""}, {""ticker"": ""CRYPTO:USDT"", ""relevance_score"": ""0.05654"", ""ticker_sentiment_score"": ""0.249"", ""ticker_sentiment_label"": ""Somewhat-Bullish""}, {""ticker"": ""CRYPTO:LTC"", ""relevance_score"": ""0.05654"", ""ticker_sentiment_score"": ""0.249"", ""ticker_sentiment_label"": ""Somewhat-Bullish""}, {""ticker"": ""CRYPTO:BNB"", ""relevance_score"": ""0.05654"", ""ticker_sentiment_score"": ""0.249"", ""ticker_sentiment_label"": ""Somewhat-Bullish""}]"
2025-05-02,"The algorithmic trading firm announced that it is dropping all exposure to Ethereum, calling it ""statistically broken."" ...",Decrypt.co,https://decrypt.co/317544/two-prime-ditches-ethereum-for-bitcoin-citing-meme-coin-behavior,0.873652,https://decrypt.co/317544/two-prime-ditches-ethereum-for-bitcoin-citing-meme-coin-behavior,"Two Prime Ditches Ethereum for Bitcoin, Citing 'Meme Coin' Behavior",Vismaya V,https://cdn.decrypt.co/resize/1024/height/512/wp-content/uploads/2024/05/ethereum-eth-stock-charts-ethereumetf-etf-gID_7.jpeg,decrypt.co,Financial Markets,-0.10083,Neutral,"[{""ticker"": ""CRYPTO:BTC"", ""relevance_score"": ""0.49637"", ""ticker_sentiment_score"": ""-0.185247"", ""ticker_sentiment_label"": ""Somewhat-Bearish""}, {""ticker"": ""CRYPTO:ETH"", ""relevance_score"": ""0.873652"", ""ticker_sentiment_score"": ""-0.252894"", ""ticker_sentiment_label"": ""Somewhat-Bearish""}]"
2025-05-02,"Not everyone will have the same perspective, but Bitcoin ( CRYPTO: BTC ) continues to prove that it's a superior asset. As of this writing in the early afternoon of April 29, the world's oldest and most valuable cryptocurrency is up 3% in 2025.",Motley Fool,https://www.fool.com/investing/2025/05/02/5-must-know-risks-before-you-buy-bitcoin-in-may/,0.057767,https://www.fool.com/investing/2025/05/02/5-must-know-risks-before-you-buy-bitcoin-in-may/,5 Must-Know Risks Before You Buy Bitcoin in May,Neil Patel,https://g.foolcdn.com/editorial/images/816517/gold-coin-with-bitcoin-symbol-on-it-cryptocurrency-btc-1201x795-11e462d.jpg,www.fool.com,"Economy - Monetary,Blockchain",0.060998,Neutral,"[{""ticker"": ""FOREX:USD"", ""relevance_score"": ""0.057767"", ""ticker_sentiment_score"": ""-0.04002"", ""ticker_sentiment_label"": ""Neutral""}, {""ticker"": ""CRYPTO:BTC"", ""relevance_score"": ""0.615462"", ""ticker_sentiment_score"": ""0.154435"", ""ticker_sentiment_label"": ""Somewhat-Bullish""}, {""ticker"": ""CRYPTO:ETH"", ""relevance_score"": ""0.057767"", ""ticker_sentiment_score"": ""-0.131177"", ""ticker_sentiment_label"": ""Neutral""}]"
2025-05-03,"EDMONTON, Alberta, May 03, 2025 ( GLOBE NEWSWIRE ) -- After using several online casinos in our quest for the ultimate gaming platform, we ended up at 7Bit Casino, and its bonuses and rewards were mindblowing. The welcome package, offering up to C$10,800 and 250 free spins, set an incredibly high ...",Benzinga,https://www.benzinga.com/pressreleases/25/05/g45183191/best-online-casinos-canada-expert-picks-7bit-as-the-top-casino-for-canadian-players,0.07123,https://www.benzinga.com/pressreleases/25/05/g45183191/best-online-casinos-canada-expert-picks-7bit-as-the-top-casino-for-canadian-players,Best Online Casinos Canada: Expert Picks 7Bit as the Top Casino for Canadian Players,Globe Newswire,https://www.benzinga.com/next-assets/images/schema-image-default.png,www.benzinga.com,Blockchain,0.471699,Bullish,"[{""ticker"": ""MA"", ""relevance_score"": ""0.014264"", ""ticker_sentiment_score"": ""0.147692"", ""ticker_sentiment_label"": ""Neutral""}, {""ticker"": ""FOREX:AUD"", ""relevance_score"": ""0.028524"", ""ticker_sentiment_score"": ""0.0"", ""ticker_sentiment_label"": ""Neutral""}, {""ticker"": ""FOREX:NZD"", ""relevance_score"": ""0.028524"", ""ticker_sentiment_score"": ""0.0"", ""ticker_sentiment_label"": ""Neutral""}, {""ticker"": ""FOREX:NOK"", ""relevance_score"": ""0.028524"", ""ticker_sentiment_score"": ""0.0"", ""ticker_sentiment_label"": ""Neutral""}, {""ticker"": ""FOREX:PLN"", ""relevance_score"": ""0.028524"", ""ticker_sentiment_score"": ""0.0"", ""ticker_sentiment_label"": ""Neutral""}, {""ticker"": ""FOREX:CAD"", ""relevance_score"": ""0.099594"", ""ticker_sentiment_score"": ""0.326297"", ""ticker_sentiment_label"": ""Somewhat-Bullish""}, {""ticker"": ""FOREX:USD"", ""relevance_score"": ""0.028524"", ""ticker_sentiment_score"": ""0.0"", ""ticker_sentiment_label"": ""Neutral""}, {""ticker"": ""CRYPTO:BTC"", ""relevance_score"": ""0.127832"", ""ticker_sentiment_score"": ""0.144597"", ""ticker_sentiment_label"": ""Neutral""}, {""ticker"": ""CRYPTO:ETH"", ""relevance_score"": ""0.07123"", ""ticker_sentiment_score"": ""0.104752"", ""ticker_sentiment_label"": ""Neutral""}, {""ticker"": ""CRYPTO:DOGE"", ""relevance_score"": ""0.028524"", ""ticker_sentiment_score"": ""0.0"", ""ticker_sentiment_label"": ""Neutral""}, {""ticker"": ""CRYPTO:LTC"", ""relevance_score"": ""0.028524"", ""ticker_sentiment_score"": ""0.0"", ""ticker_sentiment_label"": ""Neutral""}, {""ticker"": ""CRYPTO:BCH"", ""relevance_score"": ""0.028524"", ""ticker_sentiment_score"": ""0.0"", ""ticker_sentiment_label"": ""Neutral""}]"
2025-05-03,"Ethereum co-founder Vitalik Buterin called for simplifying Ethereum's base protocol, aiming to make the network more efficient, secure and accessible, drawing inspiration from Bitcoin's minimalist design.In a blog post titled ""Simplifying the L1,"" published on May 3, Buterin laid out a vision to ...",Cointelegraph,https://cointelegraph.com/news/vitalikbuterin-ethereum-simplification-bitcoin-inspired-redesign,0.553082,https://cointelegraph.com/news/vitalikbuterin-ethereum-simplification-bitcoin-inspired-redesign,Vitalik wants to make Ethereum 'as simple as Bitcoin' in 5 years,Amin Haqshanas,https://s3.cointelegraph.com/uploads/2025-05/01969528-08c1-7142-8153-81cc909312ce,cointelegraph.com,Blockchain,0.232783,Somewhat-Bullish,"[{""ticker"": ""CRYPTO:BTC"", ""relevance_score"": ""0.134214"", ""ticker_sentiment_score"": ""-0.008597"", ""ticker_sentiment_label"": ""Neutral""}, {""ticker"": ""CRYPTO:ETH"", ""relevance_score"": ""0.553082"", ""ticker_sentiment_score"": ""0.278654"", ""ticker_sentiment_label"": ""Somewhat-Bullish""}]"
2025-05-03,"Washington, D.C., May 03, 2025 ( GLOBE NEWSWIRE ) -- UnitedStaking.com, a global leader in blockchain-based financial services, has officially launched its all-in-one crypto staking platform designed to provide secure, flexible, and rewarding opportunities for digital asset holders around the ...",Benzinga,https://www.benzinga.com/pressreleases/25/05/g45183281/unitedstaking-com-launches-advanced-crypto-staking-platform-with-global-reach-and-real-world-impac,0.052685,https://www.benzinga.com/pressreleases/25/05/g45183281/unitedstaking-com-launches-advanced-crypto-staking-platform-with-global-reach-and-real-world-impac,UnitedStaking.com Launches Advanced Crypto Staking Platform with Global Reach and Real-World Impact,Globe Newswire,https://www.benzinga.com/next-assets/images/schema-image-default.png,www.benzinga.com,"Technology,Blockchain,Financial Markets",0.399036,Bullish,"[{""ticker"": ""GOOG"", ""relevance_score"": ""0.052685"", ""ticker_sentiment_score"": ""0.072659"", ""ticker_sentiment_label"": ""Neutral""}, {""ticker"": ""AWON"", ""relevance_score"": ""0.052685"", ""ticker_sentiment_score"": ""0.072659"", ""ticker_sentiment_label"": ""Neutral""}, {""ticker"": ""CRYPTO:ETH"", ""relevance_score"": ""0.052685"", ""ticker_sentiment_score"": ""0.072659"", ""ticker_sentiment_label"": ""Neutral""}, {""ticker"": ""CRYPTO:DOGE"", ""relevance_score"": ""0.052685"", ""ticker_sentiment_score"": ""0.072659"", ""ticker_sentiment_label"": ""Neutral""}, {""ticker"": ""CRYPTO:UNI"", ""relevance_score"": ""0.052685"", ""ticker_sentiment_score"": ""0.072659"", ""ticker_sentiment_label"": ""Neutral""}]"
2025-05-03,"What are the various methods for launching crypto tokens? Launching a new token is a critical step for any blockchain project. Token launches enable projects to offer their native assets to early users, investors or supporters while securing capital or encouraging community growth.",Cointelegraph,https://cointelegraph.com/explained/what-is-a-sealed-bid-token-launch,0.050572,https://cointelegraph.com/explained/what-is-a-sealed-bid-token-launch,Cointelegraph Bitcoin & Ethereum Blockchain News,,https://s3.cointelegraph.com/storage/uploads/view/ac265aed25813a56cdc2f1d90164ebc3.jpg,cointelegraph.com,"Blockchain,Financial Markets",0.038886,Neutral,"[{""ticker"": ""CRYPTO:ETH"", ""relevance_score"": ""0.050572"", ""ticker_sentiment_score"": ""0.094879"", ""ticker_sentiment_label"": ""Neutral""}]"
2025-05-03,"Ethereum's Ether ( ETH ) token is approaching a critical price zone against Bitcoin ( BTC ) , which historically marked the beginning of a massive rebound.ETH price fractal from 2019 hints at bottom The ETH/BTC pair, currently trading near 0.019 BTC, is edging closer to 0.016 BTC - the exact ...",Cointelegraph,https://cointelegraph.com/news/ethereum-nears-key-bitcoin-price-level-last-time-450-gains,0.909649,https://cointelegraph.com/news/ethereum-nears-key-bitcoin-price-level-last-time-450-gains,Ethereum nears key Bitcoin price level that last time sparked 450% gains,Yashu Gola,https://s3.cointelegraph.com/uploads/2025-05/019696d3-1f94-7cf3-bab8-57c3c894f816,cointelegraph.com,,-0.058693,Neutral,"[{""ticker"": ""CRYPTO:BTC"", ""relevance_score"": ""0.853391"", ""ticker_sentiment_score"": ""-0.201646"", ""ticker_sentiment_label"": ""Somewhat-Bearish""}, {""ticker"": ""CRYPTO:ETH"", ""relevance_score"": ""0.909649"", ""ticker_sentiment_score"": ""-0.140578"", ""ticker_sentiment_label"": ""Neutral""}]"
2025-05-04,"Looking for the latest on crypto games, including new releases, token launches and airdrops, and more? Here's what you need to know.",Decrypt.co,https://decrypt.co/317551/this-week-crypto-games-walking-dead-flappy-bird,0.140621,https://decrypt.co/317551/this-week-crypto-games-walking-dead-flappy-bird,"This Week in Crypto Games: Gala Kills 'Walking Dead', 'Flappy Bird' Flaps Away From Crypto",Andrew Hayward,https://cdn.decrypt.co/resize/1024/height/512/wp-content/uploads/2023/03/walking-dead-empires-artwork-gID_7.png,decrypt.co,Blockchain,0.069333,Neutral,"[{""ticker"": ""NEXOF"", ""relevance_score"": ""0.047092"", ""ticker_sentiment_score"": ""0.146585"", ""ticker_sentiment_label"": ""Neutral""}, {""ticker"": ""CRYPTO:ETH"", ""relevance_score"": ""0.140621"", ""ticker_sentiment_score"": ""-0.021878"", ""ticker_sentiment_label"": ""Neutral""}]"
2025-05-04,"The Trezor Safe 5 is a safe and simple-to-use crypto wallet that's ideal for beginners, but secure and supported enough for seasoned traders.",Decrypt.co,https://decrypt.co/317598/trezor-safe-5-review-hardware-crypto-wallet,0.05257,https://decrypt.co/317598/trezor-safe-5-review-hardware-crypto-wallet,Trezor Safe 5 Review: A Flagship Hardware Crypto Wallet With Haptic Touchscreen Smarts,Luke Edwards,https://img.decrypt.co/insecure/rs:fit:3840:0:0:0/plain/https://cdn.decrypt.co/wp-content/uploads/2025/05/trezor-safe-5-review-main.jpg@webp,decrypt.co,"Blockchain,Financial Markets",0.356286,Bullish,"[{""ticker"": ""CRYPTO:BTC"", ""relevance_score"": ""0.026299"", ""ticker_sentiment_score"": ""0.272939"", ""ticker_sentiment_label"": ""Somewhat-Bullish""}, {""ticker"": ""CRYPTO:ETH"", ""relevance_score"": ""0.05257"", ""ticker_sentiment_score"": ""0.28985"", ""ticker_sentiment_label"": ""Somewhat-Bullish""}, {""ticker"": ""CRYPTO:DOGE"", ""relevance_score"": ""0.026299"", ""ticker_sentiment_score"": ""0.272939"", ""ticker_sentiment_label"": ""Somewhat-Bullish""}, {""ticker"": ""CRYPTO:ADA"", ""relevance_score"": ""0.026299"", ""ticker_sentiment_score"": ""0.272939"", ""ticker_sentiment_label"": ""Somewhat-Bullish""}]"
2025-05-04,Stablecoin growth translates to increased mainstream crypto adoption.,Motley Fool,https://www.fool.com/investing/2025/05/04/heres-how-the-coinbase-paypal-stablecoin-deal-coul/,0.102013,https://www.fool.com/investing/2025/05/04/heres-how-the-coinbase-paypal-stablecoin-deal-coul/,Here's How the Coinbase-PayPal Stablecoin Deal Could Rock Crypto,Emma Newbery,https://g.foolcdn.com/editorial/images/816487/gettyimages-2168332924.jpg,www.fool.com,"Finance,Blockchain,Financial Markets",0.188854,Somewhat-Bullish,"[{""ticker"": ""PYPL"", ""relevance_score"": ""0.595343"", ""ticker_sentiment_score"": ""0.35912"", ""ticker_sentiment_label"": ""Bullish""}, {""ticker"": ""MA"", ""relevance_score"": ""0.051111"", ""ticker_sentiment_score"": ""0.219497"", ""ticker_sentiment_label"": ""Somewhat-Bullish""}, {""ticker"": ""COIN"", ""relevance_score"": ""0.391923"", ""ticker_sentiment_score"": ""0.290229"", ""ticker_sentiment_label"": ""Somewhat-Bullish""}, {""ticker"": ""V"", ""relevance_score"": ""0.051111"", ""ticker_sentiment_score"": ""0.219497"", ""ticker_sentiment_label"": ""Somewhat-Bullish""}, {""ticker"": ""FOREX:USD"", ""relevance_score"": ""0.25142"", ""ticker_sentiment_score"": ""0.046355"", ""ticker_sentiment_label"": ""Neutral""}, {""ticker"": ""CRYPTO:BTC"", ""relevance_score"": ""0.152499"", ""ticker_sentiment_score"": ""-0.097015"", ""ticker_sentiment_label"": ""Neutral""}, {""ticker"": ""CRYPTO:ETH"", ""relevance_score"": ""0.102013"", ""ticker_sentiment_score"": ""-0.080594"", ""ticker_sentiment_label"": ""Neutral""}, {""ticker"": ""CRYPTO:UST"", ""relevance_score"": ""0.051111"", ""ticker_sentiment_score"": ""0.13692"", ""ticker_sentiment_label"": ""Neutral""}]"
2025-05-04,"If you haven't sold your Ethereum ( CRYPTO: ETH ) yet despite its decline of about 40% so far this year, you're almost certainly convinced of its long-term utility and there are plenty of reasons to support that thesis.But if you're holding this coin for the long haul, you should be aware of one ...",Motley Fool,https://www.fool.com/investing/2025/05/04/is-this-1-new-risk-a-reason-to-sell-ethereum-right/,0.486627,https://www.fool.com/investing/2025/05/04/is-this-1-new-risk-a-reason-to-sell-ethereum-right/,Is This 1 New Risk a Reason to Sell Ethereum Right Now?,Alex Carchidi,https://g.foolcdn.com/editorial/images/816843/investor-considers-laptop-carefully.jpg,www.fool.com,Economy - Monetary,0.031987,Neutral,"[{""ticker"": ""CRYPTO:ETH"", ""relevance_score"": ""0.486627"", ""ticker_sentiment_score"": ""0.111608"", ""ticker_sentiment_label"": ""Neutral""}]"
2025-05-04,Tokenization of real-world assets ( RWAs ) is evolving from an abstract concept to a practical financial tool as institutional players increasingly test and deploy blockchain-based infrastructure at scale.This past week alone saw a flurry of announcements from both traditional financial ...,Cointelegraph,https://cointelegraph.com/news/tokenization-breakout-moment-blackrock-multibank-telegram,0.129284,https://cointelegraph.com/news/tokenization-breakout-moment-blackrock-multibank-telegram,'Everything is lining up' - Tokenization is having its breakout moment,Amin Haqshanas,https://s3.cointelegraph.com/uploads/2025-05/01969b26-d0c6-738d-ac2f-40056ada276a,cointelegraph.com,"Finance,Blockchain,Financial Markets",0.277765,Somewhat-Bullish,"[{""ticker"": ""BK"", ""relevance_score"": ""0.043264"", ""ticker_sentiment_score"": ""0.275474"", ""ticker_sentiment_label"": ""Somewhat-Bullish""}, {""ticker"": ""CRYPTO:ETH"", ""relevance_score"": ""0.129284"", ""ticker_sentiment_score"": ""0.265832"", ""ticker_sentiment_label"": ""Somewhat-Bullish""}]"
2025-05-05,"The SEC held off on giving the green light to Canary Capital's application for a spot Litecoin ETF, following other altcoin fund delays.",Decrypt.co,https://decrypt.co/317967/sec-punts-canary-capital-litecoin-etf-approval,0.140076,https://decrypt.co/317967/sec-punts-canary-capital-litecoin-etf-approval,SEC Punts on Canary Capital Litecoin ETF Approval,Mat Di Salvo,https://cdn.decrypt.co/resize/1024/height/512/wp-content/uploads/2021/03/shutterstock_678427267-1-gID_7.jpg,decrypt.co,"Technology,Blockchain,Financial Markets",0.273962,Somewhat-Bullish,"[{""ticker"": ""GOOG"", ""relevance_score"": ""0.140076"", ""ticker_sentiment_score"": ""0.111002"", ""ticker_sentiment_label"": ""Neutral""}, {""ticker"": ""CRYPTO:BTC"", ""relevance_score"": ""0.40348"", ""ticker_sentiment_score"": ""0.312715"", ""ticker_sentiment_label"": ""Somewhat-Bullish""}, {""ticker"": ""CRYPTO:ETH"", ""relevance_score"": ""0.140076"", ""ticker_sentiment_score"": ""0.12649"", ""ticker_sentiment_label"": ""Neutral""}, {""ticker"": ""CRYPTO:DOGE"", ""relevance_score"": ""0.140076"", ""ticker_sentiment_score"": ""0.0"", ""ticker_sentiment_label"": ""Neutral""}, {""ticker"": ""CRYPTO:ADA"", ""relevance_score"": ""0.140076"", ""ticker_sentiment_score"": ""0.260733"", ""ticker_sentiment_label"": ""Somewhat-Bullish""}]"
2025-05-05,A new draft of the legislation appears to exempt most top crypto assets from SEC oversight. Democrats plan to walk out of a House session Tuesday related to the bill.,Decrypt.co,https://decrypt.co/317968/house-market-structure-bill-end-sec-oversight-crypto,0.060848,https://decrypt.co/317968/house-market-structure-bill-end-sec-oversight-crypto,New House Market Structure Bill Would End SEC Oversight of Crypto's Top Coins,Sander Lutz,https://cdn.decrypt.co/resize/1024/height/512/wp-content/uploads/2023/06/sec-shutterstock_1128745520-16x9-1-gID_7.jpg,decrypt.co,"Blockchain,Financial Markets",0.204546,Somewhat-Bullish,"[{""ticker"": ""CRYPTO:ETH"", ""relevance_score"": ""0.060848"", ""ticker_sentiment_score"": ""0.121012"", ""ticker_sentiment_label"": ""Neutral""}, {""ticker"": ""CRYPTO:ADA"", ""relevance_score"": ""0.060848"", ""ticker_sentiment_score"": ""0.121012"", ""ticker_sentiment_label"": ""Neutral""}]"
2025-05-05,VanEck's filing for a fund based on Binance Coin (BNB) comes as issuers seek approval for a widening array of altcoin-based ETFs.,Decrypt.co,https://decrypt.co/317927/bnb-etf-vaneck-applies-binance-coin-fund,0.103331,https://decrypt.co/317927/bnb-etf-vaneck-applies-binance-coin-fund,VanEck Seeks SEC Approval to Launch First BNB ETF in US,Liz Napolitano,https://cdn.decrypt.co/resize/1024/height/512/wp-content/uploads/2023/06/binance-bnb-token-gID_7.jpg,decrypt.co,"Blockchain,Financial Markets",0.159909,Somewhat-Bullish,"[{""ticker"": ""CRYPTO:BTC"", ""relevance_score"": ""0.204936"", ""ticker_sentiment_score"": ""0.238679"", ""ticker_sentiment_label"": ""Somewhat-Bullish""}, {""ticker"": ""CRYPTO:ETH"", ""relevance_score"": ""0.103331"", ""ticker_sentiment_score"": ""0.16353"", ""ticker_sentiment_label"": ""Somewhat-Bullish""}, {""ticker"": ""CRYPTO:DOGE"", ""relevance_score"": ""0.103331"", ""ticker_sentiment_score"": ""0.092824"", ""ticker_sentiment_label"": ""Neutral""}, {""ticker"": ""CRYPTO:BNB"", ""relevance_score"": ""0.701177"", ""ticker_sentiment_score"": ""0.15257"", ""ticker_sentiment_label"": ""Somewhat-Bullish""}]"
2025-05-05,"Sydney, Australia, May 05, 2025 ( GLOBE NEWSWIRE ) -- In Q1 2025, CoinMarketCap's ""Cryptocurrency Market Index"" reported an 18% year-on-year decline in trading volume across major digital assets like Bitcoin, Ethereum, and others.",Benzinga,https://www.benzinga.com/pressreleases/25/05/g45204861/fiobit-the-most-profitable-cloud-mining-platform-in-2025-use-fiobits-ai-mining-rigs-to-easily-earn,0.179343,https://www.benzinga.com/pressreleases/25/05/g45204861/fiobit-the-most-profitable-cloud-mining-platform-in-2025-use-fiobits-ai-mining-rigs-to-easily-earn,FioBit - The Most Profitable Cloud Mining Platform in 2025: Use FioBit's AI Mining Rigs to Easily Earn Passive Cryptocurrency Income,Globe Newswire,https://www.benzinga.com/next-assets/images/schema-image-default.png,www.benzinga.com,"Earnings,Blockchain,Financial Markets",0.34302,Somewhat-Bullish,"[{""ticker"": ""CRYPTO:BTC"", ""relevance_score"": ""0.179343"", ""ticker_sentiment_score"": ""-0.007779"", ""ticker_sentiment_label"": ""Neutral""}, {""ticker"": ""CRYPTO:ETH"", ""relevance_score"": ""0.179343"", ""ticker_sentiment_score"": ""-0.007779"", ""ticker_sentiment_label"": ""Neutral""}, {""ticker"": ""CRYPTO:LTC"", ""relevance_score"": ""0.12013"", ""ticker_sentiment_score"": ""0.2378"", ""ticker_sentiment_label"": ""Somewhat-Bullish""}]"
2025-05-05,"BINGHAMTON, N.Y., May 05, 2025 ( GLOBE NEWSWIRE ) -- After spending time exploring different online casinos, we quickly realized that many just didn't meet expectations. The bonuses felt small, the game selections were limited, and the overall experience wasn't very memorable.",Benzinga,https://www.benzinga.com/pressreleases/25/05/g45197570/fastest-payout-online-casinos-jackbit-picked-as-the-top-paying-casino-2025,0.119915,https://www.benzinga.com/pressreleases/25/05/g45197570/fastest-payout-online-casinos-jackbit-picked-as-the-top-paying-casino-2025,Fastest Payout Online Casinos: JACKBIT Picked as the Top Paying Casino 2025,Globe Newswire,https://www.benzinga.com/next-assets/images/schema-image-default.png,www.benzinga.com,"Technology,Blockchain",0.567049,Bullish,"[{""ticker"": ""MA"", ""relevance_score"": ""0.034381"", ""ticker_sentiment_score"": ""0.09537"", ""ticker_sentiment_label"": ""Neutral""}, {""ticker"": ""GOOG"", ""relevance_score"": ""0.017194"", ""ticker_sentiment_score"": ""0.037314"", ""ticker_sentiment_label"": ""Neutral""}, {""ticker"": ""CRYPTO:BTC"", ""relevance_score"": ""0.085813"", ""ticker_sentiment_score"": ""0.209573"", ""ticker_sentiment_label"": ""Somewhat-Bullish""}, {""ticker"": ""CRYPTO:BNB"", ""relevance_score"": ""0.034381"", ""ticker_sentiment_score"": ""0.0"", ""ticker_sentiment_label"": ""Neutral""}, {""ticker"": ""CRYPTO:ETH"", ""relevance_score"": ""0.119915"", ""ticker_sentiment_score"": ""0.206614"", ""ticker_sentiment_label"": ""Somewhat-Bullish""}, {""ticker"": ""CRYPTO:SHIB"", ""relevance_score"": ""0.034381"", ""ticker_sentiment_score"": ""0.0"", ""ticker_sentiment_label"": ""Neutral""}, {""ticker"": ""CRYPTO:DOGE"", ""relevance_score"": ""0.034381"", ""ticker_sentiment_score"": ""0.0"", ""ticker_sentiment_label"": ""Neutral""}, {""ticker"": ""CRYPTO:USDT"", ""relevance_score"": ""0.034381"", ""ticker_sentiment_score"": ""0.041467"", ""ticker_sentiment_label"": ""Neutral""}, {""ticker"": ""CRYPTO:LTC"", ""relevance_score"": ""0.051551"", ""ticker_sentiment_score"": ""0.236606"", ""ticker_sentiment_label"": ""Somewhat-Bullish""}, {""ticker"": ""CRYPTO:BUSD"", ""relevance_score"": ""0.034381"", ""ticker_sentiment_score"": ""0.0"", ""ticker_sentiment_label"": ""Neutral""}]"
2025-05-05,"Key points:Bitcoin is witnessing a tough battle between the bulls and the bears at the $95,000 level.Solid buying by spot Bitcoin ETF investors last week signals a positive shift in investor sentiment. Select altcoins have held their support levels, increasing the likelihood of a short-term up ...",Cointelegraph,https://cointelegraph.com/news/price-predictions-5-5-spx-dxy-btc-eth-xrp-bnb-sol-doge-ada-sui,0.101439,https://cointelegraph.com/news/price-predictions-5-5-spx-dxy-btc-eth-xrp-bnb-sol-doge-ada-sui,"Price predictions 5/5: SPX, DXY, BTC, ETH, XRP, BNB, SOL, DOGE, ADA, SUI",Rakesh Upadhyay,https://s3.cointelegraph.com/uploads/2025-05/0196a160-825b-7cd8-b5ec-2355fbe71292,cointelegraph.com,"Blockchain,Financial Markets,Economy - Macro",0.043688,Neutral,"[{""ticker"": ""FOREX:USD"", ""relevance_score"": ""0.033894"", ""ticker_sentiment_score"": ""0.169919"", ""ticker_sentiment_label"": ""Somewhat-Bullish""}, {""ticker"": ""CRYPTO:BTC"", ""relevance_score"": ""0.359802"", ""ticker_sentiment_score"": ""0.169888"", ""ticker_sentiment_label"": ""Somewhat-Bullish""}, {""ticker"": ""CRYPTO:ETH"", ""relevance_score"": ""0.101439"", ""ticker_sentiment_score"": ""0.023163"", ""ticker_sentiment_label"": ""Neutral""}, {""ticker"": ""CRYPTO:DOGE"", ""relevance_score"": ""0.101439"", ""ticker_sentiment_score"": ""0.036457"", ""ticker_sentiment_label"": ""Neutral""}, {""ticker"": ""CRYPTO:ADA"", ""relevance_score"": ""0.101439"", ""ticker_sentiment_score"": ""0.033423"", ""ticker_sentiment_label"": ""Neutral""}]"
2025-05-05,"London, UK, May 05, 2025 ( GLOBE NEWSWIRE ) -- The cryptocurrency sector is advancing quickly, and free cloud mining is playing a key role in driving this transformation.",Benzinga,https://www.benzinga.com/pressreleases/25/05/g45201561/is-bitcoin-mining-still-profitable-in-2025-hartcoin-cloud-mining-platform-launches-a-bitcoin-minin,0.071145,https://www.benzinga.com/pressreleases/25/05/g45201561/is-bitcoin-mining-still-profitable-in-2025-hartcoin-cloud-mining-platform-launches-a-bitcoin-minin,"Is Bitcoin Mining Still Profitable In 2025? Hartcoin Cloud Mining Platform Launches A Bitcoin Mining Contract, Paying Daily Profits",Globe Newswire,https://www.benzinga.com/next-assets/images/schema-image-default.png,www.benzinga.com,"Earnings,Blockchain,Financial Markets",0.467923,Bullish,"[{""ticker"": ""CRYPTO:BTC"", ""relevance_score"": ""0.376624"", ""ticker_sentiment_score"": ""0.5489"", ""ticker_sentiment_label"": ""Bullish""}, {""ticker"": ""CRYPTO:ETH"", ""relevance_score"": ""0.071145"", ""ticker_sentiment_score"": ""0.210614"", ""ticker_sentiment_label"": ""Somewhat-Bullish""}, {""ticker"": ""CRYPTO:LTC"", ""relevance_score"": ""0.071145"", ""ticker_sentiment_score"": ""0.210614"", ""ticker_sentiment_label"": ""Somewhat-Bullish""}]"
2025-05-05,"TORONTO, May 05, 2025 ( GLOBE NEWSWIRE ) -- The online gambling scene in Ontario is rising, with players seeking platforms that blend excitement, security, and rewarding experiences. Among the best new online casinos in Ontario, MIRAX Casino stands out as the top choice for 2025.",Benzinga,https://www.benzinga.com/pressreleases/25/05/g45197966/best-online-casinos-ontario-mirax-casino-ranked-as-top-casino-site-for-ontario-players,0.018539,https://www.benzinga.com/pressreleases/25/05/g45197966/best-online-casinos-ontario-mirax-casino-ranked-as-top-casino-site-for-ontario-players,"Best Online Casinos Ontario: MIRAX Casino, Ranked as Top Casino Site for Ontario Players",Globe Newswire,https://www.benzinga.com/next-assets/images/schema-image-default.png,www.benzinga.com,Blockchain,0.535112,Bullish,"[{""ticker"": ""MA"", ""relevance_score"": ""0.00927"", ""ticker_sentiment_score"": ""0.111503"", ""ticker_sentiment_label"": ""Neutral""}, {""ticker"": ""TRTPF"", ""relevance_score"": ""0.018539"", ""ticker_sentiment_score"": ""0.109749"", ""ticker_sentiment_label"": ""Neutral""}, {""ticker"": ""CRYPTO:BTC"", ""relevance_score"": ""0.00927"", ""ticker_sentiment_score"": ""-0.040455"", ""ticker_sentiment_label"": ""Neutral""}, {""ticker"": ""CRYPTO:ETH"", ""relevance_score"": ""0.018539"", ""ticker_sentiment_score"": ""0.0"", ""ticker_sentiment_label"": ""Neutral""}, {""ticker"": ""CRYPTO:DOGE"", ""relevance_score"": ""0.018539"", ""ticker_sentiment_score"": ""0.0"", ""ticker_sentiment_label"": ""Neutral""}, {""ticker"": ""CRYPTO:LTC"", ""relevance_score"": ""0.018539"", ""ticker_sentiment_score"": ""0.0"", ""ticker_sentiment_label"": ""Neutral""}, {""ticker"": ""CRYPTO:VPN"", ""relevance_score"": ""0.00927"", ""ticker_sentiment_score"": ""0.178937"", ""ticker_sentiment_label"": ""Somewhat-Bullish""}, {""ticker"": ""CRYPTO:BNB"", ""relevance_score"": ""0.018539"", ""ticker_sentiment_score"": ""0.0"", ""ticker_sentiment_label"": ""Neutral""}]"
2025-05-05,"PERTH, Australia, May 05, 2025 ( GLOBE NEWSWIRE ) -- In the vibrant world of online gambling, players are constantly seeking platforms that offer the best online pokies Australia has to offer, combining thrilling gameplay with the chance to win real money online instantly.",Benzinga,https://www.benzinga.com/pressreleases/25/05/g45197734/best-online-pokies-australia-2025-7bit-casino-rated-top-for-real-money-pokies,0.023464,https://www.benzinga.com/pressreleases/25/05/g45197734/best-online-pokies-australia-2025-7bit-casino-rated-top-for-real-money-pokies,Best Online Pokies Australia 2025: 7Bit Casino Rated Top for Real Money Pokies,Globe Newswire,https://www.benzinga.com/next-assets/images/schema-image-default.png,www.benzinga.com,Blockchain,0.531375,Bullish,"[{""ticker"": ""MA"", ""relevance_score"": ""0.011733"", ""ticker_sentiment_score"": ""0.154333"", ""ticker_sentiment_label"": ""Somewhat-Bullish""}, {""ticker"": ""TRTPF"", ""relevance_score"": ""0.023464"", ""ticker_sentiment_score"": ""0.246315"", ""ticker_sentiment_label"": ""Somewhat-Bullish""}, {""ticker"": ""CRYPTO:BTC"", ""relevance_score"": ""0.093653"", ""ticker_sentiment_score"": ""0.377981"", ""ticker_sentiment_label"": ""Bullish""}, {""ticker"": ""CRYPTO:ETH"", ""relevance_score"": ""0.023464"", ""ticker_sentiment_score"": ""0.189654"", ""ticker_sentiment_label"": ""Somewhat-Bullish""}, {""ticker"": ""CRYPTO:LTC"", ""relevance_score"": ""0.011733"", ""ticker_sentiment_score"": ""0.127057"", ""ticker_sentiment_label"": ""Neutral""}]"
2025-05-05,"PERTH, Australia, May 05, 2025 ( GLOBE NEWSWIRE ) -- The online gambling scene in Australia is booming, with a surge in players seeking the thrill of real money online casino Australia platforms. However, the abundance of options makes choosing the best online casino in Australia a challenge.",Benzinga,https://www.benzinga.com/pressreleases/25/05/g45197718/best-online-casinos-australia-7bit-casino-rated-as-top-real-money-casino-2025,0.035643,https://www.benzinga.com/pressreleases/25/05/g45197718/best-online-casinos-australia-7bit-casino-rated-as-top-real-money-casino-2025,Best Online Casinos Australia: 7Bit Casino Rated as Top Real Money Casino 2025,Globe Newswire,https://www.benzinga.com/next-assets/images/schema-image-default.png,www.benzinga.com,Blockchain,0.531603,Bullish,"[{""ticker"": ""MA"", ""relevance_score"": ""0.011885"", ""ticker_sentiment_score"": ""0.158174"", ""ticker_sentiment_label"": ""Somewhat-Bullish""}, {""ticker"": ""CRYPTO:BTC"", ""relevance_score"": ""0.106646"", ""ticker_sentiment_score"": ""0.332606"", ""ticker_sentiment_label"": ""Somewhat-Bullish""}, {""ticker"": ""CRYPTO:ETH"", ""relevance_score"": ""0.035643"", ""ticker_sentiment_score"": ""0.208554"", ""ticker_sentiment_label"": ""Somewhat-Bullish""}, {""ticker"": ""CRYPTO:DOGE"", ""relevance_score"": ""0.011885"", ""ticker_sentiment_score"": ""0.166491"", ""ticker_sentiment_label"": ""Somewhat-Bullish""}, {""ticker"": ""CRYPTO:LTC"", ""relevance_score"": ""0.011885"", ""ticker_sentiment_score"": ""0.166491"", ""ticker_sentiment_label"": ""Somewhat-Bullish""}, {""ticker"": ""CRYPTO:BNB"", ""relevance_score"": ""0.011885"", ""ticker_sentiment_score"": ""0.166491"", ""ticker_sentiment_label"": ""Somewhat-Bullish""}]"
2025-05-05,"TORONTO, May 05, 2025 ( GLOBE NEWSWIRE ) -- As the entertainment industry keeps growing, online casinos are becoming more and more popular, particularly the online ones. Right now, there are over 2000 of them in the industry, making it almost impossible to find the best one.",Benzinga,https://www.benzinga.com/pressreleases/25/05/g45197694/best-online-casinos-ontario-7bit-casino-ranked-as-the-top-paying-casino-with-fast-payouts,0.019163,https://www.benzinga.com/pressreleases/25/05/g45197694/best-online-casinos-ontario-7bit-casino-ranked-as-the-top-paying-casino-with-fast-payouts,"Best Online Casinos Ontario: 7Bit Casino, Ranked as the Top Paying Casino with Fast Payouts",Globe Newswire,https://www.benzinga.com/next-assets/images/schema-image-default.png,www.benzinga.com,Blockchain,0.3668,Bullish,"[{""ticker"": ""BNXYF"", ""relevance_score"": ""0.019163"", ""ticker_sentiment_score"": ""-0.032592"", ""ticker_sentiment_label"": ""Neutral""}, {""ticker"": ""PYTCF"", ""relevance_score"": ""0.019163"", ""ticker_sentiment_score"": ""0.053557"", ""ticker_sentiment_label"": ""Neutral""}, {""ticker"": ""CRYPTO:BTC"", ""relevance_score"": ""0.019163"", ""ticker_sentiment_score"": ""0.359531"", ""ticker_sentiment_label"": ""Bullish""}, {""ticker"": ""CRYPTO:ETH"", ""relevance_score"": ""0.019163"", ""ticker_sentiment_score"": ""0.359531"", ""ticker_sentiment_label"": ""Bullish""}]"
2025-05-05,"BINGHAMTON, N.Y., May 05, 2025 ( GLOBE NEWSWIRE ) -- After using several online casinos, we ended up choosing JACKBIT because its bonuses and rewards were truly mind-blowing, and its no KYC policy offered unparalleled privacy.",Benzinga,https://www.benzinga.com/pressreleases/25/05/g45197623/best-no-kyc-casinos-jackbit-ranked-as-the-top-anonymous-crypto-casino-site-for-2025,0.076806,https://www.benzinga.com/pressreleases/25/05/g45197623/best-no-kyc-casinos-jackbit-ranked-as-the-top-anonymous-crypto-casino-site-for-2025,"Best No KYC Casinos: JACKBIT, Ranked as the Top Anonymous Crypto Casino Site for 2025",Globe Newswire,https://www.benzinga.com/next-assets/images/schema-image-default.png,www.benzinga.com,Blockchain,0.463465,Bullish,"[{""ticker"": ""MA"", ""relevance_score"": ""0.01282"", ""ticker_sentiment_score"": ""0.146272"", ""ticker_sentiment_label"": ""Neutral""}, {""ticker"": ""TRTPF"", ""relevance_score"": ""0.01282"", ""ticker_sentiment_score"": ""0.143523"", ""ticker_sentiment_label"": ""Neutral""}, {""ticker"": ""CRYPTO:BTC"", ""relevance_score"": ""0.064035"", ""ticker_sentiment_score"": ""0.177416"", ""ticker_sentiment_label"": ""Somewhat-Bullish""}, {""ticker"": ""CRYPTO:MATIC"", ""relevance_score"": ""0.01282"", ""ticker_sentiment_score"": ""0.0"", ""ticker_sentiment_label"": ""Neutral""}, {""ticker"": ""CRYPTO:BCH"", ""relevance_score"": ""0.025637"", ""ticker_sentiment_score"": ""0.0"", ""ticker_sentiment_label"": ""Neutral""}, {""ticker"": ""CRYPTO:BNB"", ""relevance_score"": ""0.025637"", ""ticker_sentiment_score"": ""0.0"", ""ticker_sentiment_label"": ""Neutral""}, {""ticker"": ""CRYPTO:ETH"", ""relevance_score"": ""0.076806"", ""ticker_sentiment_score"": ""0.179958"", ""ticker_sentiment_label"": ""Somewhat-Bullish""}, {""ticker"": ""CRYPTO:SHIB"", ""relevance_score"": ""0.025637"", ""ticker_sentiment_score"": ""0.0"", ""ticker_sentiment_label"": ""Neutral""}, {""ticker"": ""CRYPTO:DOGE"", ""relevance_score"": ""0.025637"", ""ticker_sentiment_score"": ""0.0"", ""ticker_sentiment_label"": ""Neutral""}, {""ticker"": ""CRYPTO:LINK"", ""relevance_score"": ""0.025637"", ""ticker_sentiment_score"": ""0.0"", ""ticker_sentiment_label"": ""Neutral""}, {""ticker"": ""CRYPTO:USDT"", ""relevance_score"": ""0.01282"", ""ticker_sentiment_score"": ""0.085359"", ""ticker_sentiment_label"": ""Neutral""}, {""ticker"": ""CRYPTO:LTC"", ""relevance_score"": ""0.051248"", ""ticker_sentiment_score"": ""0.05161"", ""ticker_sentiment_label"": ""Neutral""}, {""ticker"": ""CRYPTO:BUSD"", ""relevance_score"": ""0.025637"", ""ticker_sentiment_score"": ""0.0"", ""ticker_sentiment_label"": ""Neutral""}]"
2025-05-05,"BINGHAMTON, N.Y., May 05, 2025 ( GLOBE NEWSWIRE ) -- The allure of spinning the reels and landing a massive jackpot has made real money slots a cornerstone of online casino entertainment.",Benzinga,https://www.benzinga.com/pressreleases/25/05/g45197600/best-slots-to-play-online-for-real-money-jackbit-crowned-1-destination-for-top-rated-slot-games,0.016796,https://www.benzinga.com/pressreleases/25/05/g45197600/best-slots-to-play-online-for-real-money-jackbit-crowned-1-destination-for-top-rated-slot-games,Best Slots to Play Online for Real Money - JACKBIT: Crowned #1 Destination for Top-Rated Slot Games,Globe Newswire,https://www.benzinga.com/next-assets/images/schema-image-default.png,www.benzinga.com,"Earnings,Blockchain,Financial Markets",0.563404,Bullish,"[{""ticker"": ""MA"", ""relevance_score"": ""0.016796"", ""ticker_sentiment_score"": ""0.30912"", ""ticker_sentiment_label"": ""Somewhat-Bullish""}, {""ticker"": ""PYPL"", ""relevance_score"": ""0.016796"", ""ticker_sentiment_score"": ""0.30912"", ""ticker_sentiment_label"": ""Somewhat-Bullish""}, {""ticker"": ""CRYPTO:BTC"", ""relevance_score"": ""0.016796"", ""ticker_sentiment_score"": ""0.30912"", ""ticker_sentiment_label"": ""Somewhat-Bullish""}, {""ticker"": ""CRYPTO:ETH"", ""relevance_score"": ""0.016796"", ""ticker_sentiment_score"": ""0.30912"", ""ticker_sentiment_label"": ""Somewhat-Bullish""}]"
2025-05-05,"Miami, Florida, May 05, 2025 ( GLOBE NEWSWIRE ) -- As the price of Bitcoin ( BTC ) stabilizes around $96,362, the overall confidence in the crypto market has clearly rebounded. According to the latest data from CMC, the Fear and Greed Index has soared from 24 a month ago to 56.",Benzinga,https://www.benzinga.com/pressreleases/25/05/g45196434/the-price-of-bitcoin-stabilizes-at-96-362-and-the-market-will-usher-in-a-new-round-of-bull-market-,0.1172,https://www.benzinga.com/pressreleases/25/05/g45196434/the-price-of-bitcoin-stabilizes-at-96-362-and-the-market-will-usher-in-a-new-round-of-bull-market-,"The price of Bitcoin stabilizes at $96,362, and the market will usher in a new round of bull market. Teach you how to earn BTC quickly.",Globe Newswire,https://www.benzinga.com/next-assets/images/schema-image-default.png,www.benzinga.com,"Earnings,Blockchain,Financial Markets",0.43667,Bullish,"[{""ticker"": ""CRYPTO:BTC"", ""relevance_score"": ""0.287537"", ""ticker_sentiment_score"": ""0.221602"", ""ticker_sentiment_label"": ""Somewhat-Bullish""}, {""ticker"": ""CRYPTO:ETH"", ""relevance_score"": ""0.1172"", ""ticker_sentiment_score"": ""0.1697"", ""ticker_sentiment_label"": ""Somewhat-Bullish""}, {""ticker"": ""CRYPTO:FIL"", ""relevance_score"": ""0.058759"", ""ticker_sentiment_score"": ""0.235036"", ""ticker_sentiment_label"": ""Somewhat-Bullish""}, {""ticker"": ""CRYPTO:USDT"", ""relevance_score"": ""0.1172"", ""ticker_sentiment_score"": ""0.193601"", ""ticker_sentiment_label"": ""Somewhat-Bullish""}, {""ticker"": ""CRYPTO:LTC"", ""relevance_score"": ""0.1172"", ""ticker_sentiment_score"": ""0.1697"", ""ticker_sentiment_label"": ""Somewhat-Bullish""}, {""ticker"": ""CRYPTO:XRP"", ""relevance_score"": ""0.058759"", ""ticker_sentiment_score"": ""0.172002"", ""ticker_sentiment_label"": ""Somewhat-Bullish""}]"
2025-05-05,"The Solana Foundation disclosed that validators quietly patched a major bug, avoiding a potentially catastrophic exploit.",Decrypt.co,https://decrypt.co/317894/solana-patches-bug-attackers-steal-tokens,0.2035,https://decrypt.co/317894/solana-patches-bug-attackers-steal-tokens,Solana Patches Bug That Could Have Allowed Attackers to Mint and Swipe Tokens,Logan Hitchcock,https://cdn.decrypt.co/resize/1024/height/512/wp-content/uploads/2024/04/solana-tech-gID_7.png,decrypt.co,Blockchain,-0.072029,Neutral,"[{""ticker"": ""CRYPTO:BTC"", ""relevance_score"": ""0.068502"", ""ticker_sentiment_score"": ""0.152199"", ""ticker_sentiment_label"": ""Somewhat-Bullish""}, {""ticker"": ""CRYPTO:ETH"", ""relevance_score"": ""0.2035"", ""ticker_sentiment_score"": ""0.04113"", ""ticker_sentiment_label"": ""Neutral""}, {""ticker"": ""CRYPTO:ZEC"", ""relevance_score"": ""0.068502"", ""ticker_sentiment_score"": ""0.152199"", ""ticker_sentiment_label"": ""Somewhat-Bullish""}]"
2025-05-05,"Strong flows for Bitcoin ETFs come as gold ETFs see outflows, with investors turning to Bitcoin as a hedge against U.S.-based assets.",Decrypt.co,https://decrypt.co/317847/bitcoin-etfs-continue-positive-run-pulling-in-1-8-billion-last-week,0.311829,https://decrypt.co/317847/bitcoin-etfs-continue-positive-run-pulling-in-1-8-billion-last-week,"Bitcoin ETFs Continue Positive Run, Pulling in $1.8 Billion Last Week",Simon Chandler,https://cdn.decrypt.co/resize/1024/height/512/wp-content/uploads/2024/01/bitcoin-etf-cart-gID_7.jpg,decrypt.co,"Economy - Monetary,Blockchain,Financial Markets",0.336766,Somewhat-Bullish,"[{""ticker"": ""CRYPTO:BTC"", ""relevance_score"": ""0.86768"", ""ticker_sentiment_score"": ""0.478146"", ""ticker_sentiment_label"": ""Bullish""}, {""ticker"": ""CRYPTO:ETH"", ""relevance_score"": ""0.311829"", ""ticker_sentiment_score"": ""0.303789"", ""ticker_sentiment_label"": ""Somewhat-Bullish""}, {""ticker"": ""CRYPTO:DOGE"", ""relevance_score"": ""0.159043"", ""ticker_sentiment_score"": ""0.267753"", ""ticker_sentiment_label"": ""Somewhat-Bullish""}]"
2025-05-05,"The company's average cost basis now stands at $68,550 per Bitcoin, with a total investment of $38.08 billion. Institutional crypto funds recorded $2 billion in inflows last week, according to CoinShares, marking three straight weeks of gains. Feel unsure about the market's next move?",Benzinga,https://www.benzinga.com/markets/cryptocurrency/25/05/45193805/strategy-acquires-1895-btc-for-180-million-as-bitcoin-etfs-bounce-back-with-18-billion-inf,0.190417,https://www.benzinga.com/markets/cryptocurrency/25/05/45193805/strategy-acquires-1895-btc-for-180-million-as-bitcoin-etfs-bounce-back-with-18-billion-inf,"Strategy Acquires 1,895 BTC For $180 Million As Bitcoin ETFs Bounce Back With $1.8 Billion Inflow - Strategy  ( NASDAQ:MSTR ) ",Murtuza J Merchant,https://cdn.benzinga.com/files/images/story/2025/05/05/Mclean--Va---April-20--2019-Microstrateg.jpeg?width=1200&height=800&fit=crop,www.benzinga.com,"Blockchain,Financial Markets",0.265466,Somewhat-Bullish,"[{""ticker"": ""CRYPTO:BTC"", ""relevance_score"": ""0.721785"", ""ticker_sentiment_score"": ""0.167347"", ""ticker_sentiment_label"": ""Somewhat-Bullish""}, {""ticker"": ""CRYPTO:ETH"", ""relevance_score"": ""0.190417"", ""ticker_sentiment_score"": ""0.242387"", ""ticker_sentiment_label"": ""Somewhat-Bullish""}, {""ticker"": ""CRYPTO:SOL"", ""relevance_score"": ""0.095899"", ""ticker_sentiment_score"": ""0.0"", ""ticker_sentiment_label"": ""Neutral""}, {""ticker"": ""CRYPTO:XRP"", ""relevance_score"": ""0.095899"", ""ticker_sentiment_score"": ""0.0"", ""ticker_sentiment_label"": ""Neutral""}, {""ticker"": ""CRYPTO:XTZ"", ""relevance_score"": ""0.190417"", ""ticker_sentiment_score"": ""0.0"", ""ticker_sentiment_label"": ""Neutral""}]"
2025-05-05,"Toymaking giant Mattel is putting the brakes on its Hot Wheels Virtual Garage non-fungible tokens, pending a decision on the collection's future.There will be no future releases of any new NFT series or feature drops for the ""foreseeable future,"" Mattel said in an update on its website.",Cointelegraph,https://cointelegraph.com/news/mattel-sunsets-hot-wheels-virtual-garage-nfts,0.102888,https://cointelegraph.com/news/mattel-sunsets-hot-wheels-virtual-garage-nfts,Mattel to wind down its Hot Wheels Virtual Garage NFTs,Stephen Katte,https://s3.cointelegraph.com/uploads/2025-05/01969e15-a305-7ca5-a554-b4f347df4de2,cointelegraph.com,"Blockchain,Manufacturing",0.219147,Somewhat-Bullish,"[{""ticker"": ""MAT"", ""relevance_score"": ""0.755492"", ""ticker_sentiment_score"": ""0.175599"", ""ticker_sentiment_label"": ""Somewhat-Bullish""}, {""ticker"": ""NKE"", ""relevance_score"": ""0.301933"", ""ticker_sentiment_score"": ""-0.161491"", ""ticker_sentiment_label"": ""Somewhat-Bearish""}, {""ticker"": ""CRYPTO:ETH"", ""relevance_score"": ""0.102888"", ""ticker_sentiment_score"": ""0.169812"", ""ticker_sentiment_label"": ""Somewhat-Bullish""}]"
2025-05-05,"The Solana Foundation has confirmed that a zero-day vulnerability that allowed an attacker to potentially mint certain tokens and even withdraw those tokens from user accounts has been fixed. A May 3 post-mortem from the Solana Foundation said that the security vulnerability, first discovered on ...",Cointelegraph,https://cointelegraph.com/news/solana-devs-validators-fix-critical-bug-criticism-mounts,0.488007,https://cointelegraph.com/news/solana-devs-validators-fix-critical-bug-criticism-mounts,Solana devs fix bug that allowed unlimited minting of certain tokens,Brayden Lindrea,https://s3.cointelegraph.com/uploads/2025-05/01969e38-be70-7cb7-ad81-1caa454b1789,cointelegraph.com,Blockchain,-0.05572,Neutral,"[{""ticker"": ""CRYPTO:ETH"", ""relevance_score"": ""0.488007"", ""ticker_sentiment_score"": ""0.116924"", ""ticker_sentiment_label"": ""Neutral""}]"
2025-05-05,"Leading cryptocurrencies dipped on Sunday ahead of the Federal Reserve's monetary policy meeting. What Happened: Bitcoin experienced sell-offs throughout the evening after peaking at $96,000 in the early morning hours.",Benzinga,https://www.benzinga.com/trading-ideas/movers/25/05/45187216/bitcoin-ethereum-dogecoin-slide-as-traders-turn-cautious-before-fed-meeting-analyst-foresees,0.18046,https://www.benzinga.com/trading-ideas/movers/25/05/45187216/bitcoin-ethereum-dogecoin-slide-as-traders-turn-cautious-before-fed-meeting-analyst-foresees,"Bitcoin, Ethereum, Dogecoin Slide As Traders Turn Cautious Before Fed Meeting: Analyst Foresees BTC 'Correction' To $86,000 - Grayscale Bitcoin Mini Trust  ( BTC )  Common units of fractional undivided beneficial interest  ( ARCA:BTC ) ",Aniket Verma,https://cdn.benzinga.com/files/images/story/2025/05/04/Planting-A-Gold-Bitcoin-Coins-Into-The-G.jpeg?width=1200&height=800&fit=crop,www.benzinga.com,"Economy - Monetary,Blockchain,Financial Markets",0.064962,Neutral,"[{""ticker"": ""CRYPTO:BTC"", ""relevance_score"": ""0.431554"", ""ticker_sentiment_score"": ""-0.068658"", ""ticker_sentiment_label"": ""Neutral""}, {""ticker"": ""CRYPTO:ETH"", ""relevance_score"": ""0.18046"", ""ticker_sentiment_score"": ""0.133256"", ""ticker_sentiment_label"": ""Neutral""}]"
2025-05-05,The proposed shift in architecture could simplify Ethereum while enhancing its zero-knowledge capabilities.,Decrypt.co,https://decrypt.co/317816/vitalik-speed-up-ethereum-100x-simple-as-bitcoin,0.758753,https://decrypt.co/317816/vitalik-speed-up-ethereum-100x-simple-as-bitcoin,"Vitalik Wants To Speed Up Ethereum By 100x, Make it as 'Simple as Bitcoin'",Vince Dioquino,https://cdn.decrypt.co/resize/1024/height/512/wp-content/uploads/2019/04/vitalik-head-gID_7.jpeg,decrypt.co,,0.167703,Somewhat-Bullish,"[{""ticker"": ""CRYPTO:BTC"", ""relevance_score"": ""0.274834"", ""ticker_sentiment_score"": ""0.350536"", ""ticker_sentiment_label"": ""Bullish""}, {""ticker"": ""CRYPTO:ETH"", ""relevance_score"": ""0.758753"", ""ticker_sentiment_score"": ""0.268395"", ""ticker_sentiment_label"": ""Somewhat-Bullish""}]"
2025-05-05,"Bitcoin ( BTC ) starts the first full week of May with yearly open support in focus ahead of a key US economic policy decision.BTC price action attempts to hold the yearly open as support after some downside at the weekly close, but bullish perspectives remain intact.The US Federal Reserve ...",Cointelegraph,https://cointelegraph.com/news/btc-dominance-due-to-collapse-5-things-bitcoin-this-week,0.084127,https://cointelegraph.com/news/btc-dominance-due-to-collapse-5-things-bitcoin-this-week,BTC dominance due 'collapse' at 71%: 5 things to know in Bitcoin this week,William Suberg,https://s3.cointelegraph.com/uploads/2025-05/01969f2d-6f4b-7101-92f6-3bc6085e9dfe,cointelegraph.com,"Economy - Monetary,Financial Markets,Earnings,Finance,Blockchain",-0.031516,Neutral,"[{""ticker"": ""COIN"", ""relevance_score"": ""0.056143"", ""ticker_sentiment_score"": ""0.04609"", ""ticker_sentiment_label"": ""Neutral""}, {""ticker"": ""CRYPTO:BTC"", ""relevance_score"": ""0.540358"", ""ticker_sentiment_score"": ""0.104252"", ""ticker_sentiment_label"": ""Neutral""}, {""ticker"": ""CRYPTO:ETH"", ""relevance_score"": ""0.084127"", ""ticker_sentiment_score"": ""0.094555"", ""ticker_sentiment_label"": ""Neutral""}, {""ticker"": ""CRYPTO:AAVE"", ""relevance_score"": ""0.028089"", ""ticker_sentiment_score"": ""-0.054529"", ""ticker_sentiment_label"": ""Neutral""}]"
2025-05-05,"A Litecoin LTC/USD spot exchange-traded fund due for a decision on Monday may be delayed by the SEC, an analyst said.",Benzinga,https://www.benzinga.com/trading-ideas/movers/25/05/45188301/litecoin-defies-bitcoin-ethereum-dip-ahead-of-sec-etf-decision-a-delay-is-more-likely-says-e,0.229149,https://www.benzinga.com/trading-ideas/movers/25/05/45188301/litecoin-defies-bitcoin-ethereum-dip-ahead-of-sec-etf-decision-a-delay-is-more-likely-says-e,"Litecoin Defies Bitcoin, Ethereum Dip Ahead Of SEC ETF Decision: 'A Delay Is More Likely,' Says Expert - LTC Properties  ( NYSE:LTC ) ",Aniket Verma,https://cdn.benzinga.com/files/images/story/2025/05/05/Closeup-Of-Litecoin-Cryptocurrency-With-.jpeg?width=1200&height=800&fit=crop,www.benzinga.com,"Blockchain,Financial Markets",0.223498,Somewhat-Bullish,"[{""ticker"": ""CRYPTO:BTC"", ""relevance_score"": ""0.617765"", ""ticker_sentiment_score"": ""0.361749"", ""ticker_sentiment_label"": ""Bullish""}, {""ticker"": ""CRYPTO:ETH"", ""relevance_score"": ""0.229149"", ""ticker_sentiment_score"": ""0.053791"", ""ticker_sentiment_label"": ""Neutral""}, {""ticker"": ""CRYPTO:LTC"", ""relevance_score"": ""0.756001"", ""ticker_sentiment_score"": ""0.190738"", ""ticker_sentiment_label"": ""Somewhat-Bullish""}]"
2025-05-05,"A faction of Senate Democrats, known for their pro-cryptocurrency stance, expressed its opposition to a Republican-led stablecoin legislation on Saturday, citing concerns about the modified version.",Benzinga,https://www.benzinga.com/markets/cryptocurrency/25/05/45187736/elizabeth-warren-slams-shady-deal-involving-trump-family-backed-usd1-as-democrats-withdraw,0.176502,https://www.benzinga.com/markets/cryptocurrency/25/05/45187736/elizabeth-warren-slams-shady-deal-involving-trump-family-backed-usd1-as-democrats-withdraw,Elizabeth Warren Slams 'Shady' Deal Involving Trump Family-Backed USD1 As Democrats Withdraw Support For Senarte Crypto Bill,Aniket Verma,https://cdn.benzinga.com/files/images/story/2025/05/05/A-Close-up-Image-Of-Cryptocurrency-Bitco.jpeg?width=1200&height=800&fit=crop,www.benzinga.com,"Blockchain,Financial Markets",0.225854,Somewhat-Bullish,"[{""ticker"": ""FOREX:USD"", ""relevance_score"": ""0.422897"", ""ticker_sentiment_score"": ""0.436433"", ""ticker_sentiment_label"": ""Bullish""}, {""ticker"": ""CRYPTO:ETH"", ""relevance_score"": ""0.176502"", ""ticker_sentiment_score"": ""0.197555"", ""ticker_sentiment_label"": ""Somewhat-Bullish""}, {""ticker"": ""CRYPTO:BNB"", ""relevance_score"": ""0.176502"", ""ticker_sentiment_score"": ""0.197555"", ""ticker_sentiment_label"": ""Somewhat-Bullish""}]"
2025-05-05,"Stockholm, 5th of May 2025 - Today Virtune announces that it has finalized its monthly rebalancing for Virtune Crypto Top 10 Index ETP, listed on Nasdaq Stockholm for both the SEK-denominated ( ISIN code SE0020052207, ticker name VIR10SEK ) and the EUR-denominated ( ISIN code SE0020052215, ...",GlobeNewswire,https://www.globenewswire.com/news-release/2025/05/05/3073840/0/en/Virtune-AB-Publ-Virtune-has-completed-the-monthly-rebalancing-for-April-2025-of-its-Virtune-Crypto-Top-10-Index-ETP-the-first-crypto-index-ETP-in-the-Nordics.html,0.083251,https://www.globenewswire.com/news-release/2025/05/05/3073840/0/en/Virtune-AB-Publ-Virtune-has-completed-the-monthly-rebalancing-for-April-2025-of-its-Virtune-Crypto-Top-10-Index-ETP-the-first-crypto-index-ETP-in-the-Nordics.html,"Virtune AB  ( Publ )   ( ""Virtune"" )  has completed the monthly rebalancing for April 2025 of its Virtune Crypto Top 10 Index ETP, the first crypto index ETP in the Nordics",Virtune AB (Publ),https://ml-eu.globenewswire.com/Resource/Download/da0bec69-79eb-4618-87fd-d96aa395aaed,www.globenewswire.com,"Blockchain,Financial Markets",0.257078,Somewhat-Bullish,"[{""ticker"": ""CRYPTO:BTC"", ""relevance_score"": ""0.083251"", ""ticker_sentiment_score"": ""0.058973"", ""ticker_sentiment_label"": ""Neutral""}, {""ticker"": ""CRYPTO:ETH"", ""relevance_score"": ""0.083251"", ""ticker_sentiment_score"": ""0.058973"", ""ticker_sentiment_label"": ""Neutral""}, {""ticker"": ""CRYPTO:UNI"", ""relevance_score"": ""0.083251"", ""ticker_sentiment_score"": ""0.058973"", ""ticker_sentiment_label"": ""Neutral""}]"
2025-05-05,"Ethereum co-founder Vitalik Buterin explained when rollup-based layer-2 platforms should go decentralized, and why ""as soon as possible"" is not the correct answer.In a May 5 X post, Buterin said there is a right time for rollup-based scalability solutions to transition to a decentralized model.",Cointelegraph,https://cointelegraph.com/news/vitalik-buterin-rollups-decentralization-guidelines,0.38489,https://cointelegraph.com/news/vitalik-buterin-rollups-decentralization-guidelines,Vitalik Buterin says rollups must prove security before decentralizing,Adrian Zmudzinski,https://s3.cointelegraph.com/uploads/2025-05/01969fb1-6413-7084-bfff-22b9c959d1b4,cointelegraph.com,Blockchain,0.004951,Neutral,"[{""ticker"": ""CRYPTO:BTC"", ""relevance_score"": ""0.066784"", ""ticker_sentiment_score"": ""0.0"", ""ticker_sentiment_label"": ""Neutral""}, {""ticker"": ""CRYPTO:ETH"", ""relevance_score"": ""0.38489"", ""ticker_sentiment_score"": ""0.305296"", ""ticker_sentiment_label"": ""Somewhat-Bullish""}, {""ticker"": ""CRYPTO:LRC"", ""relevance_score"": ""0.066784"", ""ticker_sentiment_score"": ""0.09118"", ""ticker_sentiment_label"": ""Neutral""}, {""ticker"": ""CRYPTO:XTZ"", ""relevance_score"": ""0.066784"", ""ticker_sentiment_score"": ""0.097122"", ""ticker_sentiment_label"": ""Neutral""}]"
2025-05-05,"Marketplace access, community support, and redemptions for the NFT collection will continue through at least 2025.",Decrypt.co,https://decrypt.co/317823/mattel-hits-the-brakes-on-hot-wheels-virtual-garage-nfts,0.082111,https://decrypt.co/317823/mattel-hits-the-brakes-on-hot-wheels-virtual-garage-nfts,Mattel Hits the Brakes on Hot Wheels Virtual Garage NFTs,Vismaya V,https://cdn.decrypt.co/resize/1024/height/512/wp-content/uploads/2025/05/hot-wheels-nfts-1-gID_7.jpg,decrypt.co,"Blockchain,Manufacturing",0.170034,Somewhat-Bullish,"[{""ticker"": ""ICNB"", ""relevance_score"": ""0.082111"", ""ticker_sentiment_score"": ""0.05399"", ""ticker_sentiment_label"": ""Neutral""}, {""ticker"": ""MAT"", ""relevance_score"": ""0.590482"", ""ticker_sentiment_score"": ""0.3353"", ""ticker_sentiment_label"": ""Somewhat-Bullish""}, {""ticker"": ""NKE"", ""relevance_score"": ""0.163354"", ""ticker_sentiment_score"": ""-0.017057"", ""ticker_sentiment_label"": ""Neutral""}, {""ticker"": ""CRYPTO:ETH"", ""relevance_score"": ""0.082111"", ""ticker_sentiment_score"": ""0.122797"", ""ticker_sentiment_label"": ""Neutral""}]"
2025-05-05,"TORONTO, May 05, 2025 ( GLOBE NEWSWIRE ) -- Matador Technologies Inc. ( ""Matador"" or the ""Company"" ) ( TSXV: MATA, OTCQB:MTDTF ) , a Bitcoin Ecosystem company, is pleased to announce that it is proposing a change of business from a Tier 2 Technology Issuer to a Tier 2 Technology/Investment ...",GlobeNewswire,https://www.globenewswire.com/news-release/2025/05/05/3073949/0/en/Matador-Announces-Proposed-Change-of-Business-to-Technology-Investment-Issuer.html,0.022707,https://www.globenewswire.com/news-release/2025/05/05/3073949/0/en/Matador-Announces-Proposed-Change-of-Business-to-Technology-Investment-Issuer.html,Matador Announces Proposed Change of Business to Technology/Investment Issuer,Matador Technologies Inc.,,www.globenewswire.com,"Mergers & Acquisitions,Blockchain,Financial Markets",0.372911,Bullish,"[{""ticker"": ""CRYPTO:BTC"", ""relevance_score"": ""0.468807"", ""ticker_sentiment_score"": ""0.455733"", ""ticker_sentiment_label"": ""Bullish""}, {""ticker"": ""CRYPTO:ETH"", ""relevance_score"": ""0.022707"", ""ticker_sentiment_score"": ""0.205361"", ""ticker_sentiment_label"": ""Somewhat-Bullish""}]"
2025-05-05,"Cryptocurrency investment products attracted $2 billion in new inflows last week, according to the European investment firm CoinShares.Global crypto exchange-traded products ( ETPs ) have added $5.5 billion in inflows in the past three weeks, according to the latest weekly report from ...",Cointelegraph,https://cointelegraph.com/news/crypto-funds-add-2b-in-weekly-inflows-reaching-5-5b-in-three-weeks,0.22595,https://cointelegraph.com/news/crypto-funds-add-2b-in-weekly-inflows-reaching-5-5b-in-three-weeks,"Crypto funds raked in $2B last week, pushing 3-week haul to $5.5B",Helen Partz,https://s3.cointelegraph.com/uploads/2025-05/0196a03d-52b5-795b-a14a-86eca63e49fe,cointelegraph.com,"Blockchain,Financial Markets",0.091247,Neutral,"[{""ticker"": ""CRYPTO:BTC"", ""relevance_score"": ""0.749166"", ""ticker_sentiment_score"": ""-0.069937"", ""ticker_sentiment_label"": ""Neutral""}, {""ticker"": ""CRYPTO:ETH"", ""relevance_score"": ""0.22595"", ""ticker_sentiment_score"": ""0.246971"", ""ticker_sentiment_label"": ""Somewhat-Bullish""}]"
2025-05-05,"The demo transaction used BitcoinOS' new token xBTC, and zero-knowledge proofs instead of custodial arrangements.",Decrypt.co,https://decrypt.co/317840/bitcoinos-demo-sends-btc-to-cardano-and-back-without-a-cross-chain-bridge,0.09402,https://decrypt.co/317840/bitcoinos-demo-sends-btc-to-cardano-and-back-without-a-cross-chain-bridge,BitcoinOS Demo Sends BTC to Cardano and Back-Without a Cross-Chain Bridge,Stephen Graves,https://img.decrypt.co/insecure/rs:fit:3840:0:0:0/plain/https://cdn.decrypt.co/wp-content/themes/decrypt-media/assets/images/aleo/desktop.png@webp,decrypt.co,Blockchain,0.019129,Neutral,"[{""ticker"": ""CRYPTO:BTC"", ""relevance_score"": ""0.875323"", ""ticker_sentiment_score"": ""0.115749"", ""ticker_sentiment_label"": ""Neutral""}, {""ticker"": ""CRYPTO:ETH"", ""relevance_score"": ""0.09402"", ""ticker_sentiment_score"": ""0.082256"", ""ticker_sentiment_label"": ""Neutral""}, {""ticker"": ""CRYPTO:WBTC"", ""relevance_score"": ""0.09402"", ""ticker_sentiment_score"": ""0.152044"", ""ticker_sentiment_label"": ""Somewhat-Bullish""}, {""ticker"": ""CRYPTO:ADA"", ""relevance_score"": ""0.445179"", ""ticker_sentiment_score"": ""0.084837"", ""ticker_sentiment_label"": ""Neutral""}]"
2025-05-05,"Increasing institutional interest and moves toward legal frameworks for stablecoins have seen the space grow, with five major projects slated to expand the market in the near future. In the EU, the Markets in Crypto-Assets ( MiCA ) regulatory package is in full force and has given stablecoin ...",Cointelegraph,https://cointelegraph.com/news/major-stablecoins-growing-crypto-adoption,0.08609,https://cointelegraph.com/news/major-stablecoins-growing-crypto-adoption,Stablecoin fever: 5 major stablecoins are growing crypto adoption,Aaron Wood,https://s3.cointelegraph.com/uploads/2025-04/01968711-a805-7eb2-adff-7f041be6a1e4,cointelegraph.com,"Economy - Monetary,Financial Markets,Technology,Finance,Blockchain",0.219777,Somewhat-Bullish,"[{""ticker"": ""FRBA"", ""relevance_score"": ""0.043108"", ""ticker_sentiment_score"": ""-0.067331"", ""ticker_sentiment_label"": ""Neutral""}, {""ticker"": ""AWON"", ""relevance_score"": ""0.043108"", ""ticker_sentiment_score"": ""0.104783"", ""ticker_sentiment_label"": ""Neutral""}, {""ticker"": ""MA"", ""relevance_score"": ""0.128822"", ""ticker_sentiment_score"": ""0.222993"", ""ticker_sentiment_label"": ""Somewhat-Bullish""}, {""ticker"": ""COIN"", ""relevance_score"": ""0.043108"", ""ticker_sentiment_score"": ""0.089972"", ""ticker_sentiment_label"": ""Neutral""}, {""ticker"": ""FOREX:USD"", ""relevance_score"": ""0.08609"", ""ticker_sentiment_score"": ""0.010331"", ""ticker_sentiment_label"": ""Neutral""}, {""ticker"": ""CRYPTO:BTC"", ""relevance_score"": ""0.043108"", ""ticker_sentiment_score"": ""0.123801"", ""ticker_sentiment_label"": ""Neutral""}, {""ticker"": ""CRYPTO:ETH"", ""relevance_score"": ""0.08609"", ""ticker_sentiment_score"": ""0.102602"", ""ticker_sentiment_label"": ""Neutral""}, {""ticker"": ""CRYPTO:USDT"", ""relevance_score"": ""0.043108"", ""ticker_sentiment_score"": ""0.0"", ""ticker_sentiment_label"": ""Neutral""}, {""ticker"": ""CRYPTO:BNB"", ""relevance_score"": ""0.043108"", ""ticker_sentiment_score"": ""0.213253"", ""ticker_sentiment_label"": ""Somewhat-Bullish""}, {""ticker"": ""CRYPTO:ERC"", ""relevance_score"": ""0.043108"", ""ticker_sentiment_score"": ""-0.065366"", ""ticker_sentiment_label"": ""Neutral""}]"
2025-05-06,"The native coin of the BNB Chain is a benchmark for digital assets more broadly, and will continue to surge, the bank said.",Decrypt.co,https://decrypt.co/318102/binances-bnb-token-could-quadruple-in-price-by-2028-as-benchmark-crypto-standard-chartered,0.371523,https://decrypt.co/318102/binances-bnb-token-could-quadruple-in-price-by-2028-as-benchmark-crypto-standard-chartered,Binance's BNB Token Could Quadruple in Price by 2028 as 'Benchmark' Crypto: Standard Chartered,Mat Di Salvo,https://cdn.decrypt.co/resize/1024/height/512/wp-content/uploads/2025/05/bnb-token-gID_7.png,decrypt.co,"Blockchain,Financial Markets",0.042217,Neutral,"[{""ticker"": ""SCBFF"", ""relevance_score"": ""0.252987"", ""ticker_sentiment_score"": ""0.061417"", ""ticker_sentiment_label"": ""Neutral""}, {""ticker"": ""CRYPTO:BTC"", ""relevance_score"": ""0.481177"", ""ticker_sentiment_score"": ""0.033568"", ""ticker_sentiment_label"": ""Neutral""}, {""ticker"": ""CRYPTO:ETH"", ""relevance_score"": ""0.371523"", ""ticker_sentiment_score"": ""0.069003"", ""ticker_sentiment_label"": ""Neutral""}, {""ticker"": ""CRYPTO:BNB"", ""relevance_score"": ""0.580018"", ""ticker_sentiment_score"": ""-0.003425"", ""ticker_sentiment_label"": ""Neutral""}]"
2025-05-06,"Global crypto market cap remains flat with a slight bearish tilt, as the Crypto Fear & Greed Index holds neutral. Optimism around Ethereum's Pectra upgrade contrasts with cautious trading in Bitcoin, Dogecoin, and Solana ahead of the FOMC decision. Feel unsure about the market's next move?",Benzinga,https://www.benzinga.com/markets/cryptocurrency/25/05/45225026/bitcoin-ethereum-xrp-dogecoin-on-a-knifes-edge-ahead-of-wednesdays-federal-reserve-decisio,0.475251,https://www.benzinga.com/markets/cryptocurrency/25/05/45225026/bitcoin-ethereum-xrp-dogecoin-on-a-knifes-edge-ahead-of-wednesdays-federal-reserve-decisio,"Bitcoin, Ethereum, XRP, Dogecoin On A Knife's Edge Ahead Of Wednesday's Federal Reserve Decision",Khyathi Dalal,https://cdn.benzinga.com/files/images/story/2025/05/06/Cryptocurrency-On-Binance-Trading-App--B.jpeg?width=1200&height=800&fit=crop,www.benzinga.com,"Economy - Monetary,Blockchain,Financial Markets",0.082194,Neutral,"[{""ticker"": ""BNXYF"", ""relevance_score"": ""0.084423"", ""ticker_sentiment_score"": ""-0.055632"", ""ticker_sentiment_label"": ""Neutral""}, {""ticker"": ""CRYPTO:BTC"", ""relevance_score"": ""0.475251"", ""ticker_sentiment_score"": ""0.214554"", ""ticker_sentiment_label"": ""Somewhat-Bullish""}, {""ticker"": ""CRYPTO:ETH"", ""relevance_score"": ""0.475251"", ""ticker_sentiment_score"": ""-0.021492"", ""ticker_sentiment_label"": ""Neutral""}, {""ticker"": ""CRYPTO:DOGE"", ""relevance_score"": ""0.167904"", ""ticker_sentiment_score"": ""0.13763"", ""ticker_sentiment_label"": ""Neutral""}, {""ticker"": ""CRYPTO:XRP"", ""relevance_score"": ""0.084423"", ""ticker_sentiment_score"": ""0.137896"", ""ticker_sentiment_label"": ""Neutral""}]"
2025-05-06,"Opinion by: Barna Kiss, CEO of MaldaAn idea recently floated by some prominent thinkers in the Ethereum space to reclaim value for the mainnet is the taxing of its Layer-2s. The future of Ethereum does not depend on policy but on enabling frictionless capital movement between the L2s in question.",Cointelegraph,https://cointelegraph.com/news/frictionless-flows-are-ethereum-s-path,0.360005,https://cointelegraph.com/news/frictionless-flows-are-ethereum-s-path,Frictionless flows are Ethereum's path to economic dominance,Barna Kiss,"https://images.cointelegraph.com/cdn-cgi/image/format=auto,onerror=redirect,quality=90,width=1200/https://s3.cointelegraph.com/uploads/2025-04/01961a69-05db-7c94-9416-8601b4029b09",cointelegraph.com,Financial Markets,0.213802,Somewhat-Bullish,"[{""ticker"": ""CRYPTO:ETH"", ""relevance_score"": ""0.360005"", ""ticker_sentiment_score"": ""0.147684"", ""ticker_sentiment_label"": ""Neutral""}]"
2025-05-06,"TL. DR:Not sure if you're in a bull or bear market? This guide breaks down how to spot the difference using price action, volume, sentiment and onchain data. Learn how to recognize market cycles, what signals to watch for and how to adjust your strategy for each phase so you can trade ...",Cointelegraph,https://cointelegraph.com/news/is-it-a-bull-or-bear-market-how-to-tell-the-difference,0.047559,https://cointelegraph.com/news/is-it-a-bull-or-bear-market-how-to-tell-the-difference,Is it a bull or bear market? How to tell the difference,Bradley Peak,https://s3.cointelegraph.com/uploads/2025-05/0196a671-5cc3-78e9-be2c-c738c81042ac,cointelegraph.com,"Economy - Monetary,Financial Markets,Manufacturing,Technology,Blockchain,Economy - Macro",0.024626,Neutral,"[{""ticker"": ""GOOG"", ""relevance_score"": ""0.02379"", ""ticker_sentiment_score"": ""-0.290244"", ""ticker_sentiment_label"": ""Somewhat-Bearish""}, {""ticker"": ""TSLA"", ""relevance_score"": ""0.02379"", ""ticker_sentiment_score"": ""-0.006333"", ""ticker_sentiment_label"": ""Neutral""}, {""ticker"": ""RDDT"", ""relevance_score"": ""0.02379"", ""ticker_sentiment_score"": ""0.122938"", ""ticker_sentiment_label"": ""Neutral""}, {""ticker"": ""UBER"", ""relevance_score"": ""0.02379"", ""ticker_sentiment_score"": ""-0.033998"", ""ticker_sentiment_label"": ""Neutral""}, {""ticker"": ""CRYPTO:BTC"", ""relevance_score"": ""0.165355"", ""ticker_sentiment_score"": ""0.058445"", ""ticker_sentiment_label"": ""Neutral""}, {""ticker"": ""CRYPTO:ETH"", ""relevance_score"": ""0.047559"", ""ticker_sentiment_score"": ""0.137996"", ""ticker_sentiment_label"": ""Neutral""}, {""ticker"": ""CRYPTO:DOGE"", ""relevance_score"": ""0.047559"", ""ticker_sentiment_score"": ""0.0"", ""ticker_sentiment_label"": ""Neutral""}]"
2025-05-06,"Asset manager Standard Chartered predicts that Binance's ecosystem token, BNB, could more than double in price this year, according to an analyst report reviewed by Cointelegraph. The asset manager sees BNB's price rising to approximately $1,275 per token by the end of 2025 and as high as $2,775 ...",Cointelegraph,https://cointelegraph.com/news/standard-chartered-forecasts-bnb-price-more-than-doubling-this-year,0.211191,https://cointelegraph.com/news/standard-chartered-forecasts-bnb-price-more-than-doubling-this-year,Standard Chartered sees BNB more than doubling in 2025,Alex O’Donnell,https://s3.cointelegraph.com/uploads/2025-05/0196a67f-80f7-7b5d-9df3-e3cd1a2de5a7,cointelegraph.com,"Finance,Blockchain,Financial Markets",0.104677,Neutral,"[{""ticker"": ""BRK-A"", ""relevance_score"": ""0.106541"", ""ticker_sentiment_score"": ""0.0"", ""ticker_sentiment_label"": ""Neutral""}, {""ticker"": ""SCBFF"", ""relevance_score"": ""0.312158"", ""ticker_sentiment_score"": ""-0.002262"", ""ticker_sentiment_label"": ""Neutral""}, {""ticker"": ""CRYPTO:BTC"", ""relevance_score"": ""0.211191"", ""ticker_sentiment_score"": ""-0.072445"", ""ticker_sentiment_label"": ""Neutral""}, {""ticker"": ""CRYPTO:ETH"", ""relevance_score"": ""0.211191"", ""ticker_sentiment_score"": ""-0.106342"", ""ticker_sentiment_label"": ""Neutral""}]"
2025-05-06,"Key takeaways:Solana's stablecoin supply rose by 156% in 2025, to hit a new record at $12 billion.Solana's TVL grew by 25% to $7.65 billion, with 27.7% decentralized exchange volume share, leading Ethereum and BNB Chain.SOL price formed a bull flag, with a price target at $220.Solana's native ...",Cointelegraph,https://cointelegraph.com/news/solana-bull-flag-rising-stablecoin-market-cap-hint-at-sol-price-rally-to-220,0.186738,https://cointelegraph.com/news/solana-bull-flag-rising-stablecoin-market-cap-hint-at-sol-price-rally-to-220,"Solana bull flag, rising stablecoin market cap hint at SOL price rally to $220",Nancy Lubale,https://s3.cointelegraph.com/uploads/2025-05/0196a682-8696-7ab6-8747-9568c5f1a5a1,cointelegraph.com,Blockchain,0.250219,Somewhat-Bullish,"[{""ticker"": ""CRYPTO:ETH"", ""relevance_score"": ""0.186738"", ""ticker_sentiment_score"": ""0.14982"", ""ticker_sentiment_label"": ""Neutral""}, {""ticker"": ""CRYPTO:BNB"", ""relevance_score"": ""0.276909"", ""ticker_sentiment_score"": ""0.203562"", ""ticker_sentiment_label"": ""Somewhat-Bullish""}]"
2025-05-06,The CFTC moved on Monday to drop its appeal of a court ruling that allowed Kalshi to offer event contracts on U.S. election outcomes.,Decrypt.co,https://decrypt.co/318225/kalshi-legal-tussle-cftc-nears-end,0.071357,https://decrypt.co/318225/kalshi-legal-tussle-cftc-nears-end,Kalshi's Legal Tussle With CFTC Nears End as Regulator Drops Appeal,Liz Napolitano,https://cdn.decrypt.co/resize/1024/height/512/wp-content/uploads/2024/11/kalshi-trump-kamala-gID_7.png,decrypt.co,"Life Sciences,Technology,Blockchain",0.077156,Neutral,"[{""ticker"": ""CRON"", ""relevance_score"": ""0.071357"", ""ticker_sentiment_score"": ""-0.038672"", ""ticker_sentiment_label"": ""Neutral""}, {""ticker"": ""DJT"", ""relevance_score"": ""0.071357"", ""ticker_sentiment_score"": ""-0.038672"", ""ticker_sentiment_label"": ""Neutral""}, {""ticker"": ""CRYPTO:BTC"", ""relevance_score"": ""0.071357"", ""ticker_sentiment_score"": ""-0.038672"", ""ticker_sentiment_label"": ""Neutral""}, {""ticker"": ""CRYPTO:ETH"", ""relevance_score"": ""0.071357"", ""ticker_sentiment_score"": ""0.116693"", ""ticker_sentiment_label"": ""Neutral""}]"
2025-05-06,"Ripple reported $3.2 billion in average daily spot volume for XRP in Q1, with total volume exceeding $16 billion. In February, XRP surged 50%, outshining Bitcoin's flat and Ethereum's declining performance. Feel unsure about the market's next move?",Benzinga,https://www.benzinga.com/markets/cryptocurrency/25/05/45232021/xrp-outpaces-bitcoin-ethereum-in-q1-as-investment-inflows-top-200-million,0.264897,https://www.benzinga.com/markets/cryptocurrency/25/05/45232021/xrp-outpaces-bitcoin-ethereum-in-q1-as-investment-inflows-top-200-million,"XRP Outpaces Bitcoin, Ethereum In Q1 As Investment Inflows Top $200 Million",Khyathi Dalal,https://cdn.benzinga.com/files/images/story/2025/05/06/Golden-Xrp-Coins-Are-Displayed-In-Front-_0.jpeg?width=1200&height=800&fit=crop,www.benzinga.com,"Finance,Financial Markets",0.137924,Neutral,"[{""ticker"": ""CME"", ""relevance_score"": ""0.089797"", ""ticker_sentiment_score"": ""0.182935"", ""ticker_sentiment_label"": ""Somewhat-Bullish""}, {""ticker"": ""COIN"", ""relevance_score"": ""0.089797"", ""ticker_sentiment_score"": ""0.216455"", ""ticker_sentiment_label"": ""Somewhat-Bullish""}, {""ticker"": ""CRYPTO:BTC"", ""relevance_score"": ""0.264897"", ""ticker_sentiment_score"": ""0.042083"", ""ticker_sentiment_label"": ""Neutral""}, {""ticker"": ""CRYPTO:ETH"", ""relevance_score"": ""0.264897"", ""ticker_sentiment_score"": ""0.0756"", ""ticker_sentiment_label"": ""Neutral""}]"
2025-05-06,The Switzerland-based issuer is offering a fund tracking the price of Cronos to US investors.,Decrypt.co,https://decrypt.co/318148/21shares-debuts-cronos-etp-in-us-amid-altcoin-fund-frenzy,0.228073,https://decrypt.co/318148/21shares-debuts-cronos-etp-in-us-amid-altcoin-fund-frenzy,21Shares Debuts Cronos ETP in US Amid Altcoin Fund Frenzy,Liz Napolitano,https://cdn.decrypt.co/resize/1024/height/512/wp-content/uploads/2025/03/cronos-gID_7.png,decrypt.co,"Life Sciences,Financial Markets,Technology,Blockchain",0.252836,Somewhat-Bullish,"[{""ticker"": ""CRON"", ""relevance_score"": ""0.753715"", ""ticker_sentiment_score"": ""0.342021"", ""ticker_sentiment_label"": ""Somewhat-Bullish""}, {""ticker"": ""DJT"", ""relevance_score"": ""0.115232"", ""ticker_sentiment_score"": ""0.183308"", ""ticker_sentiment_label"": ""Somewhat-Bullish""}, {""ticker"": ""CRYPTO:BTC"", ""relevance_score"": ""0.115232"", ""ticker_sentiment_score"": ""0.183308"", ""ticker_sentiment_label"": ""Somewhat-Bullish""}, {""ticker"": ""CRYPTO:ETH"", ""relevance_score"": ""0.228073"", ""ticker_sentiment_score"": ""0.248748"", ""ticker_sentiment_label"": ""Somewhat-Bullish""}]"
2025-05-06,"21Shares has launched an exchange traded product ( ETP ) in Europe, providing investors with exposure to Crypto.com's Cronos token, the asset manager said. The ETP is listed on Euronext's Paris and Amsterdam exchanges, 21Shares said in a May 6 announcement.",Cointelegraph,https://cointelegraph.com/news/21-shares-launches-cronos-etp,0.334762,https://cointelegraph.com/news/21-shares-launches-cronos-etp,21Shares launches ETP for Crypto.com's Cronos token,Alex O’Donnell,https://s3.cointelegraph.com/uploads/2025-05/0196a719-32b5-7890-941c-66526cd069bc,cointelegraph.com,"Life Sciences,Blockchain,Financial Markets",0.144866,Neutral,"[{""ticker"": ""CRON"", ""relevance_score"": ""0.334762"", ""ticker_sentiment_score"": ""0.178914"", ""ticker_sentiment_label"": ""Somewhat-Bullish""}, {""ticker"": ""SCBFF"", ""relevance_score"": ""0.114682"", ""ticker_sentiment_score"": ""0.0"", ""ticker_sentiment_label"": ""Neutral""}, {""ticker"": ""CRYPTO:ETH"", ""relevance_score"": ""0.334762"", ""ticker_sentiment_score"": ""0.135121"", ""ticker_sentiment_label"": ""Neutral""}, {""ticker"": ""CRYPTO:DOGE"", ""relevance_score"": ""0.227007"", ""ticker_sentiment_score"": ""0.0"", ""ticker_sentiment_label"": ""Neutral""}]"
2025-05-06,"Global crypto market cap trades flat with a slight 0.5% dip, showing weakness ahead of macro events. Traders split: one sees Bitcoin's breakout still loading, another expects a clean flip of $95,600 to spark further gains. Feel unsure about the market's next move?",Benzinga,https://www.benzinga.com/markets/cryptocurrency/25/05/45234515/bitcoin-ethereum-xrp-dogecoin-slide-as-markets-brace-for-fed-interest-rate-decision,0.085324,https://www.benzinga.com/markets/cryptocurrency/25/05/45234515/bitcoin-ethereum-xrp-dogecoin-slide-as-markets-brace-for-fed-interest-rate-decision,"Bitcoin, Ethereum, XRP, Dogecoin Slide As Markets Brace For Fed Interest Rate Decision",Khyathi Dalal,https://cdn.benzinga.com/files/images/story/2025/05/06/Cryptocurrency-On-Binance-Trading-App--B_0.jpeg?width=1200&height=800&fit=crop,www.benzinga.com,"Economy - Monetary,IPO,Financial Markets,Blockchain",0.1182,Neutral,"[{""ticker"": ""CRYPTO:BTC"", ""relevance_score"": ""0.479683"", ""ticker_sentiment_score"": ""-0.050637"", ""ticker_sentiment_label"": ""Neutral""}, {""ticker"": ""CRYPTO:ETH"", ""relevance_score"": ""0.085324"", ""ticker_sentiment_score"": ""0.144963"", ""ticker_sentiment_label"": ""Neutral""}, {""ticker"": ""CRYPTO:XRP"", ""relevance_score"": ""0.085324"", ""ticker_sentiment_score"": ""0.144963"", ""ticker_sentiment_label"": ""Neutral""}]"
2025-05-06,The president appeared bothered by investors' rising angst about trade deals.,Decrypt.co,https://decrypt.co/318177/bitcoin-stalls-trump-vents-trade-frustrations-before-fed-decision,0.076115,https://decrypt.co/318177/bitcoin-stalls-trump-vents-trade-frustrations-before-fed-decision,Bitcoin Stalls as Trump Vents Trade Frustrations Before Fed Decision,André Beganski,https://cdn.decrypt.co/resize/1024/height/512/wp-content/uploads/2020/09/donald-trump-taxes-gID_7.jpg,decrypt.co,"Economy - Monetary,Blockchain,Financial Markets",0.052882,Neutral,"[{""ticker"": ""CRYPTO:BTC"", ""relevance_score"": ""0.076115"", ""ticker_sentiment_score"": ""-0.209913"", ""ticker_sentiment_label"": ""Somewhat-Bearish""}, {""ticker"": ""CRYPTO:ETH"", ""relevance_score"": ""0.076115"", ""ticker_sentiment_score"": ""0.049539"", ""ticker_sentiment_label"": ""Neutral""}]"
2025-05-06,"London,UK, May 06, 2025 ( GLOBE NEWSWIRE ) -- Starting your crypto mining adventure has never been this simple and rewarding. With VNBTC, the leading cloud mining platform, you can harness the power of cryptocurrency mining without any upfront investment.",Benzinga,https://www.benzinga.com/pressreleases/25/05/g45224806/vnbtc-launches-best-free-cloud-mining-platform-for-passive-cryptocurrency-income,0.078354,https://www.benzinga.com/pressreleases/25/05/g45224806/vnbtc-launches-best-free-cloud-mining-platform-for-passive-cryptocurrency-income,VNBTC Launches Best Free Cloud Mining Platform for Passive Cryptocurrency Income,Globe Newswire,https://www.benzinga.com/next-assets/images/schema-image-default.png,www.benzinga.com,"Earnings,Blockchain,Financial Markets",0.493675,Bullish,"[{""ticker"": ""CRYPTO:BTC"", ""relevance_score"": ""0.078354"", ""ticker_sentiment_score"": ""0.203466"", ""ticker_sentiment_label"": ""Somewhat-Bullish""}, {""ticker"": ""CRYPTO:ETH"", ""relevance_score"": ""0.078354"", ""ticker_sentiment_score"": ""0.203466"", ""ticker_sentiment_label"": ""Somewhat-Bullish""}, {""ticker"": ""CRYPTO:DOGE"", ""relevance_score"": ""0.078354"", ""ticker_sentiment_score"": ""0.203466"", ""ticker_sentiment_label"": ""Somewhat-Bullish""}]"
2025-05-06,"Houston, TX, May 06, 2025 ( GLOBE NEWSWIRE ) -- In the rapidly evolving landscape of online gambling, players are increasingly prioritizing swift and reliable access to their winnings. Among the myriad of platforms available, Ignition Casino has distinguished itself as the premier destination ...",Benzinga,https://www.benzinga.com/pressreleases/25/05/g45232019/fast-payout-online-casinos-ignition-casino-picked-as-the-fastest-instant-withdrawal-casino-site,0.1172,https://www.benzinga.com/pressreleases/25/05/g45232019/fast-payout-online-casinos-ignition-casino-picked-as-the-fastest-instant-withdrawal-casino-site,Fast Payout Online Casinos: Ignition Casino Picked as the Fastest Instant Withdrawal Casino Site,Globe Newswire,https://www.benzinga.com/next-assets/images/schema-image-default.png,www.benzinga.com,"Economy - Monetary,Blockchain",0.535484,Bullish,"[{""ticker"": ""MA"", ""relevance_score"": ""0.058759"", ""ticker_sentiment_score"": ""0.23749"", ""ticker_sentiment_label"": ""Somewhat-Bullish""}, {""ticker"": ""CRYPTO:BTC"", ""relevance_score"": ""0.1172"", ""ticker_sentiment_score"": ""0.095238"", ""ticker_sentiment_label"": ""Neutral""}, {""ticker"": ""CRYPTO:ETH"", ""relevance_score"": ""0.1172"", ""ticker_sentiment_score"": ""0.176606"", ""ticker_sentiment_label"": ""Somewhat-Bullish""}, {""ticker"": ""CRYPTO:LTC"", ""relevance_score"": ""0.1172"", ""ticker_sentiment_score"": ""0.151699"", ""ticker_sentiment_label"": ""Somewhat-Bullish""}]"
2025-05-06,"Tari Labs launched its default-confidential proof-of-work blockchain on Tuesday, focusing on privacy and user accessibility.",Decrypt.co,https://decrypt.co/317973/monero-vets-confidential-default-network-tari,0.069697,https://decrypt.co/317973/monero-vets-confidential-default-network-tari,Monero Vets Launch New 'Confidential-by-Default' Crypto Network Tari,Logan Hitchcock,https://cdn.decrypt.co/resize/1024/height/512/wp-content/uploads/2025/05/image-gID_7.png,decrypt.co,Blockchain,0.14975,Neutral,"[{""ticker"": ""CRYPTO:BTC"", ""relevance_score"": ""0.138863"", ""ticker_sentiment_score"": ""-0.049711"", ""ticker_sentiment_label"": ""Neutral""}, {""ticker"": ""CRYPTO:ETH"", ""relevance_score"": ""0.069697"", ""ticker_sentiment_score"": ""0.0"", ""ticker_sentiment_label"": ""Neutral""}, {""ticker"": ""CRYPTO:XMR"", ""relevance_score"": ""0.069697"", ""ticker_sentiment_score"": ""0.0"", ""ticker_sentiment_label"": ""Neutral""}]"
2025-05-06,"Digital asset manager Bitwise has filed to list a spot Near exchange-traded fund with the US Securities and Exchange Commission, adding to a growing list of altcoins currently vying to win regulatory approval.The Bitwise Near ( NEAR ) ETF will track the price movements of the NEAR token, minus ...",Cointelegraph,https://cointelegraph.com/news/bitwise-files-s-1-near-etf-sec-approval-s1-filing,0.29234,https://cointelegraph.com/news/bitwise-files-s-1-near-etf-sec-approval-s1-filing,Bitwise throws NEAR ETF in race for SEC approval with S-1 filing,Brayden Lindrea,https://s3.cointelegraph.com/uploads/2025-05/0196a7d6-cec0-737b-b6f1-3a76dddfef7b,cointelegraph.com,"Finance,Blockchain,Financial Markets",0.14986,Neutral,"[{""ticker"": ""COIN"", ""relevance_score"": ""0.099476"", ""ticker_sentiment_score"": ""0.0"", ""ticker_sentiment_label"": ""Neutral""}, {""ticker"": ""CRYPTO:BTC"", ""relevance_score"": ""0.197413"", ""ticker_sentiment_score"": ""0.180544"", ""ticker_sentiment_label"": ""Somewhat-Bullish""}, {""ticker"": ""CRYPTO:ETH"", ""relevance_score"": ""0.29234"", ""ticker_sentiment_score"": ""0.033086"", ""ticker_sentiment_label"": ""Neutral""}, {""ticker"": ""CRYPTO:DOGE"", ""relevance_score"": ""0.29234"", ""ticker_sentiment_score"": ""0.089269"", ""ticker_sentiment_label"": ""Neutral""}, {""ticker"": ""CRYPTO:LINK"", ""relevance_score"": ""0.197413"", ""ticker_sentiment_score"": ""-0.081017"", ""ticker_sentiment_label"": ""Neutral""}, {""ticker"": ""CRYPTO:LTC"", ""relevance_score"": ""0.197413"", ""ticker_sentiment_score"": ""-0.081017"", ""ticker_sentiment_label"": ""Neutral""}, {""ticker"": ""CRYPTO:ADA"", ""relevance_score"": ""0.197413"", ""ticker_sentiment_score"": ""-0.081017"", ""ticker_sentiment_label"": ""Neutral""}]"
2025-05-06,"In an era where online gambling is surging across the United States, Ignition Casino has emerged as the definitive leader among the best gambling sites. With its rapid payouts, robust game selection, and player-centric features, Ignition Casino stands out as the premier destination for both ...",Benzinga,https://www.benzinga.com/pressreleases/25/05/g45221716/best-gambling-sites-ignition-casino-picked-as-the-top-gambling-site,0.048133,https://www.benzinga.com/pressreleases/25/05/g45221716/best-gambling-sites-ignition-casino-picked-as-the-top-gambling-site,Best Gambling Sites: Ignition Casino Picked as the Top Gambling Site,Globe Newswire,https://www.benzinga.com/next-assets/images/schema-image-default.png,www.benzinga.com,"Economy - Monetary,Blockchain",0.521515,Bullish,"[{""ticker"": ""MA"", ""relevance_score"": ""0.032099"", ""ticker_sentiment_score"": ""0.247972"", ""ticker_sentiment_label"": ""Somewhat-Bullish""}, {""ticker"": ""CRYPTO:BTC"", ""relevance_score"": ""0.048133"", ""ticker_sentiment_score"": ""0.224889"", ""ticker_sentiment_label"": ""Somewhat-Bullish""}, {""ticker"": ""CRYPTO:ETH"", ""relevance_score"": ""0.048133"", ""ticker_sentiment_score"": ""0.224889"", ""ticker_sentiment_label"": ""Somewhat-Bullish""}]"
2025-05-06,"Houston, TX, May 06, 2025 ( GLOBE NEWSWIRE ) -- Launched back in 2013, Ignition is a mega-popular poker site that offers tons of cash games, large pot tournaments, and a good selection of weekly free rolls. But why should you choose Ignition over other poker sites?",Benzinga,https://www.benzinga.com/pressreleases/25/05/g45222728/best-poker-sites-betworthy-picks-ignition-as-the-top-online-poker-site-for-high-traffic,0.013065,https://www.benzinga.com/pressreleases/25/05/g45222728/best-poker-sites-betworthy-picks-ignition-as-the-top-online-poker-site-for-high-traffic,Best Poker Sites: Betworthy Picks Ignition as the Top Online Poker Site for High Traffic,Globe Newswire,https://www.benzinga.com/next-assets/images/schema-image-default.png,www.benzinga.com,"Economy - Monetary,Blockchain",0.31578,Somewhat-Bullish,"[{""ticker"": ""PYPL"", ""relevance_score"": ""0.013065"", ""ticker_sentiment_score"": ""0.181601"", ""ticker_sentiment_label"": ""Somewhat-Bullish""}, {""ticker"": ""CRYPTO:BTC"", ""relevance_score"": ""0.078269"", ""ticker_sentiment_score"": ""0.302902"", ""ticker_sentiment_label"": ""Somewhat-Bullish""}, {""ticker"": ""CRYPTO:ETH"", ""relevance_score"": ""0.013065"", ""ticker_sentiment_score"": ""0.248823"", ""ticker_sentiment_label"": ""Somewhat-Bullish""}, {""ticker"": ""CRYPTO:LTC"", ""relevance_score"": ""0.026127"", ""ticker_sentiment_score"": ""0.277761"", ""ticker_sentiment_label"": ""Somewhat-Bullish""}, {""ticker"": ""CRYPTO:BSV"", ""relevance_score"": ""0.026127"", ""ticker_sentiment_score"": ""0.259831"", ""ticker_sentiment_label"": ""Somewhat-Bullish""}, {""ticker"": ""CRYPTO:BCH"", ""relevance_score"": ""0.013065"", ""ticker_sentiment_score"": ""0.248823"", ""ticker_sentiment_label"": ""Somewhat-Bullish""}]"
2025-05-06,"Leading cryptocurrencies traded flat on Monday as uncertainty about tariffs calmed investors' risk appetite. What Happened: Bitcoin wobbled between the mid-$93,000s and the early $95,000s, with the apex cryptocurrency hitting an intraday high of $95,193.19.",Benzinga,https://www.benzinga.com/25/05/45212767/bitcoin-ethereum-flat-dogecoin-dips-even-as-trump-calls-crypto-popular-analyst-says-btc-build-up-good-predicts-et,0.415927,https://www.benzinga.com/25/05/45212767/bitcoin-ethereum-flat-dogecoin-dips-even-as-trump-calls-crypto-popular-analyst-says-btc-build-up-good-predicts-et,"Bitcoin, Ethereum Flat, Dogecoin Dips Even As Trump Calls Crypto 'Popular:' Analyst Says BTC Build-up Good, Predicts ETH Uptrend After Fed Meet - Grayscale Bitcoin Mini Trust  ( BTC )  Common units of fractional undivided beneficial interest  ( ARCA:BTC ) ",Aniket Verma,https://cdn.benzinga.com/files/images/story/2025/05/05/Bitcoin-Cryptocurrency-Stock-Market-Conc.jpeg?width=1200&height=800&fit=crop,www.benzinga.com,"Economy - Monetary,Blockchain,Financial Markets",0.127144,Neutral,"[{""ticker"": ""CRYPTO:BTC"", ""relevance_score"": ""0.415927"", ""ticker_sentiment_score"": ""-0.073673"", ""ticker_sentiment_label"": ""Neutral""}, {""ticker"": ""CRYPTO:ETH"", ""relevance_score"": ""0.415927"", ""ticker_sentiment_score"": ""0.193429"", ""ticker_sentiment_label"": ""Somewhat-Bullish""}]"
2025-05-06,"The Tron network has drawn closer to regaining the lead from Ethereum in Tether circulation after another big mint by the US stablecoin issuer.On May 5, Tether minted another $1 billion Tether ( USDT ) on the Tron network, according to Arkham Intelligence.",Cointelegraph,https://cointelegraph.com/news/fresh-1-billon-tether-mints-tron-closing-gap-with-ethereum,0.366061,https://cointelegraph.com/news/fresh-1-billon-tether-mints-tron-closing-gap-with-ethereum,"Fresh $1B in Tether mints on Tron, closing gap again with Ethereum",Martin Young,https://s3.cointelegraph.com/uploads/2025-05/0196a370-83bd-74d4-954c-6c1967097206,cointelegraph.com,Blockchain,0.233495,Somewhat-Bullish,"[{""ticker"": ""CRYPTO:BTC"", ""relevance_score"": ""0.279015"", ""ticker_sentiment_score"": ""0.194887"", ""ticker_sentiment_label"": ""Somewhat-Bullish""}, {""ticker"": ""CRYPTO:ETH"", ""relevance_score"": ""0.366061"", ""ticker_sentiment_score"": ""0.09992"", ""ticker_sentiment_label"": ""Neutral""}, {""ticker"": ""CRYPTO:USDT"", ""relevance_score"": ""0.659096"", ""ticker_sentiment_score"": ""0.191121"", ""ticker_sentiment_label"": ""Somewhat-Bullish""}]"
2025-05-06,"BNB Coin BNB/USD edged higher Monday after asset management giant VanEck filed an exchange-traded fund application with the SEC. What happened: BNB spiked over 2% in the last 24 hours, becoming the most successful cryptocurrency among the top ten by market capitalization.",Benzinga,https://www.benzinga.com/25/05/45213113/bnb-outgains-bitcoin-ethereum-after-vaneck-files-for-first-us-etf-tracking-the-crypto,0.254307,https://www.benzinga.com/25/05/45213113/bnb-outgains-bitcoin-ethereum-after-vaneck-files-for-first-us-etf-tracking-the-crypto,"BNB Tops Bitcoin, Ethereum After VanEck Files For First US ETF Tracking The Token",Aniket Verma,https://cdn.benzinga.com/files/images/story/2025/05/06/Binance-Bnb-Cryptocurrency-Physical-Coin.jpeg?width=1200&height=800&fit=crop,www.benzinga.com,"Blockchain,Financial Markets",0.347525,Somewhat-Bullish,"[{""ticker"": ""CRYPTO:BTC"", ""relevance_score"": ""0.254307"", ""ticker_sentiment_score"": ""0.208666"", ""ticker_sentiment_label"": ""Somewhat-Bullish""}, {""ticker"": ""CRYPTO:ETH"", ""relevance_score"": ""0.254307"", ""ticker_sentiment_score"": ""0.208666"", ""ticker_sentiment_label"": ""Somewhat-Bullish""}]"
2025-05-06,"WILLEMSTAD, Curaçao, May 06, 2025 ( GLOBE NEWSWIRE ) -- BitStarz Casino ranks as a top choice for real money gambling in 2025, offering an exceptional range of slots, live casino games, and fast withdrawals. With strong licensing and a focus on player experience, BitStarz stands out as one of the ...",Benzinga,https://www.benzinga.com/pressreleases/25/05/g45214797/best-online-casinos-usa-2025-bitstarz-tops-the-charts-for-real-money-gaming,0.050536,https://www.benzinga.com/pressreleases/25/05/g45214797/best-online-casinos-usa-2025-bitstarz-tops-the-charts-for-real-money-gaming,Best Online Casinos USA 2025: BitStarz Tops the Charts for Real Money Gaming,Globe Newswire,https://www.benzinga.com/next-assets/images/schema-image-default.png,www.benzinga.com,Blockchain,0.480233,Bullish,"[{""ticker"": ""CRYPTO:BTC"", ""relevance_score"": ""0.134214"", ""ticker_sentiment_score"": ""0.265385"", ""ticker_sentiment_label"": ""Somewhat-Bullish""}, {""ticker"": ""CRYPTO:ETH"", ""relevance_score"": ""0.050536"", ""ticker_sentiment_score"": ""0.206625"", ""ticker_sentiment_label"": ""Somewhat-Bullish""}, {""ticker"": ""CRYPTO:LTC"", ""relevance_score"": ""0.016855"", ""ticker_sentiment_score"": ""0.115076"", ""ticker_sentiment_label"": ""Neutral""}]"
2025-05-06,"WINNIPEG, Manitoba, May 06, 2025 ( GLOBE NEWSWIRE ) -- We checked out several crypto casinos in Canada, but most didn't live up to the hype. The bonuses were weak, the game libraries were limited, and the overall experience felt lacking.",Benzinga,https://www.benzinga.com/pressreleases/25/05/g45214947/best-online-casinos-canada-experts-name-7bit-casino-as-the-1-choice,0.03443,https://www.benzinga.com/pressreleases/25/05/g45214947/best-online-casinos-canada-experts-name-7bit-casino-as-the-1-choice,Best Online Casinos Canada | Experts Name 7Bit Casino as the #1 Choice,Globe Newswire,https://www.benzinga.com/next-assets/images/schema-image-default.png,www.benzinga.com,Blockchain,0.462391,Bullish,"[{""ticker"": ""MA"", ""relevance_score"": ""0.017219"", ""ticker_sentiment_score"": ""0.328745"", ""ticker_sentiment_label"": ""Somewhat-Bullish""}, {""ticker"": ""CRYPTO:BTC"", ""relevance_score"": ""0.051626"", ""ticker_sentiment_score"": ""0.167491"", ""ticker_sentiment_label"": ""Somewhat-Bullish""}, {""ticker"": ""CRYPTO:ETH"", ""relevance_score"": ""0.03443"", ""ticker_sentiment_score"": ""0.198882"", ""ticker_sentiment_label"": ""Somewhat-Bullish""}, {""ticker"": ""CRYPTO:DOGE"", ""relevance_score"": ""0.017219"", ""ticker_sentiment_score"": ""0.161738"", ""ticker_sentiment_label"": ""Somewhat-Bullish""}, {""ticker"": ""CRYPTO:LTC"", ""relevance_score"": ""0.03443"", ""ticker_sentiment_score"": ""0.198882"", ""ticker_sentiment_label"": ""Somewhat-Bullish""}]"
2025-05-06,"New product offers investors regulated exposure to the fast-growing Cronos blockchain, powered by ...",GlobeNewswire,https://www.globenewswire.com/news-release/2025/05/06/3074830/0/en/21Shares-Launches-Cronos-ETP-to-Expand-Access-to-Emerging-Web3-Infrastructure.html,0.066047,https://www.globenewswire.com/news-release/2025/05/06/3074830/0/en/21Shares-Launches-Cronos-ETP-to-Expand-Access-to-Emerging-Web3-Infrastructure.html,21Shares Launches Cronos ETP to Expand Access to Emerging Web3 Infrastructure,21Shares,https://ml-eu.globenewswire.com/Resource/Download/79159a0d-4a72-441b-a400-b5c0c3c4b31f,www.globenewswire.com,"Life Sciences,IPO,Financial Markets,Blockchain",0.249284,Somewhat-Bullish,"[{""ticker"": ""CRON"", ""relevance_score"": ""0.61579"", ""ticker_sentiment_score"": ""0.461597"", ""ticker_sentiment_label"": ""Bullish""}, {""ticker"": ""CRYPTO:ETH"", ""relevance_score"": ""0.066047"", ""ticker_sentiment_score"": ""0.139299"", ""ticker_sentiment_label"": ""Neutral""}]"
2025-05-06,"ZA Miner integrates Trump Coin as a payment method and mining asset, diversifying the platform's offerings. Mining the future: ZA Miner introduces Trump Coin for collectors and blockchain enthusiasts.",Benzinga,https://www.benzinga.com/pressreleases/25/05/g45214318/za-miner-announces-trump-coin-as-a-new-payment-method-and-mining-option-for-users,0.084127,https://www.benzinga.com/pressreleases/25/05/g45214318/za-miner-announces-trump-coin-as-a-new-payment-method-and-mining-option-for-users,ZA Miner Announces Trump Coin as a New Payment Method and Mining Option for Users,Globe Newswire,https://www.benzinga.com/next-assets/images/schema-image-default.png,www.benzinga.com,"Financial Markets,Earnings,Blockchain,Economy - Macro",0.446413,Bullish,"[{""ticker"": ""CRYPTO:ETH"", ""relevance_score"": ""0.084127"", ""ticker_sentiment_score"": ""0.290587"", ""ticker_sentiment_label"": ""Somewhat-Bullish""}]"
2025-05-06,"In January 2025, XRP ( CRYPTO: XRP ) was one of the hottest cryptocurrencies on the planet. At one point, XRP was up nearly 600% after the 2024 presidential election, and the chart for XRP was wonderfully, beautifully parabolic.But it's been a tougher slog of late.",Motley Fool,https://www.fool.com/investing/2025/05/06/where-will-xrp-be-in-5-years/,0.051221,https://www.fool.com/investing/2025/05/06/where-will-xrp-be-in-5-years/,Where Will XRP Be in 5 Years?,Dominic Basulto,https://g.foolcdn.com/image/?url=https%3A%2F%2Fg.foolcdn.com%2Feditorial%2Fimages%2F816947%2Fshocked-investor-with-smartphone.jpg&op=resize&w=700,www.fool.com,"Blockchain,Financial Markets",0.221028,Somewhat-Bullish,"[{""ticker"": ""FOREX:USD"", ""relevance_score"": ""0.20279"", ""ticker_sentiment_score"": ""0.105029"", ""ticker_sentiment_label"": ""Neutral""}, {""ticker"": ""CRYPTO:BTC"", ""relevance_score"": ""0.051221"", ""ticker_sentiment_score"": ""0.222522"", ""ticker_sentiment_label"": ""Somewhat-Bullish""}, {""ticker"": ""CRYPTO:ETH"", ""relevance_score"": ""0.051221"", ""ticker_sentiment_score"": ""0.222522"", ""ticker_sentiment_label"": ""Somewhat-Bullish""}]"
2025-05-06,"eToro's IPO follows crypto-affiliated listings like Coinbase and Robinhood, both of which listed during the 2021 bull cycle. The platform supports over 80 digital assets and integrates social trading tools to attract mainstream retail investors.",Benzinga,https://www.benzinga.com/markets/cryptocurrency/25/05/45219180/etoro-eyes-5b-valuation-in-nasdaq-ipo-sets-price-range-at-4650-per-share,0.157483,https://www.benzinga.com/markets/cryptocurrency/25/05/45219180/etoro-eyes-5b-valuation-in-nasdaq-ipo-sets-price-range-at-4650-per-share,"eToro Eyes $5B Valuation In Nasdaq IPO, Sets Price Range At $46-$50 Per Share - Grayscale Bitcoin Mini Trust  ( BTC )  Common units of fractional undivided beneficial interest  ( ARCA:BTC ) ",Murtuza J Merchant,https://cdn.benzinga.com/files/images/story/2025/05/06/Stock-Market-Graph-Trading-Analysis-Inve.jpeg?width=1200&height=800&fit=crop,www.benzinga.com,"IPO,Financial Markets,Finance,Blockchain",0.203979,Somewhat-Bullish,"[{""ticker"": ""COIN"", ""relevance_score"": ""0.308891"", ""ticker_sentiment_score"": ""0.152948"", ""ticker_sentiment_label"": ""Somewhat-Bullish""}, {""ticker"": ""CRYPTO:BTC"", ""relevance_score"": ""0.157483"", ""ticker_sentiment_score"": ""0.167534"", ""ticker_sentiment_label"": ""Somewhat-Bullish""}, {""ticker"": ""CRYPTO:ETH"", ""relevance_score"": ""0.157483"", ""ticker_sentiment_score"": ""0.167534"", ""ticker_sentiment_label"": ""Somewhat-Bullish""}]"
2025-05-06,"Southeast Asia's superapp Grab has partnered with Natix, a project within Solana's decentralized physical infrastructure network ( DePIN ) , to cooperate on mapping and autonomous driving technologies.The joint collaboration aims to combine Natix's blockchain-based mapping data with Grab's ...",Cointelegraph,https://cointelegraph.com/news/singapore-grab-solana-depin-autonomous-driving-mapping,0.136499,https://cointelegraph.com/news/singapore-grab-solana-depin-autonomous-driving-mapping,Singapore's Grab taps Solana DePIN project Natix to 'reshape mapping',Helen Partz,https://s3.cointelegraph.com/uploads/2025-05/0196a5c0-bc9f-7add-af7d-cb4359dcacf5,cointelegraph.com,"Technology,Blockchain,Manufacturing",0.111134,Neutral,"[{""ticker"": ""TMOAF"", ""relevance_score"": ""0.068502"", ""ticker_sentiment_score"": ""-0.198966"", ""ticker_sentiment_label"": ""Somewhat-Bearish""}, {""ticker"": ""GOOG"", ""relevance_score"": ""0.136499"", ""ticker_sentiment_score"": ""-0.192262"", ""ticker_sentiment_label"": ""Somewhat-Bearish""}, {""ticker"": ""TSLA"", ""relevance_score"": ""0.136499"", ""ticker_sentiment_score"": ""0.189456"", ""ticker_sentiment_label"": ""Somewhat-Bullish""}, {""ticker"": ""SFTBF"", ""relevance_score"": ""0.068502"", ""ticker_sentiment_score"": ""0.188884"", ""ticker_sentiment_label"": ""Somewhat-Bullish""}, {""ticker"": ""CRYPTO:BTC"", ""relevance_score"": ""0.136499"", ""ticker_sentiment_score"": ""-0.057567"", ""ticker_sentiment_label"": ""Neutral""}, {""ticker"": ""CRYPTO:ETH"", ""relevance_score"": ""0.136499"", ""ticker_sentiment_score"": ""-0.057567"", ""ticker_sentiment_label"": ""Neutral""}]"
2025-05-06,"Binance co-founder Changpeng ""CZ"" Zhao expects Bitcoin's price to top at $500,000 to $1 million during this market cycle.During an interview with Rug Radio published on May 5, Zhao said that he expects Bitcoin to reach up to one million dollars during this market cycle.",Cointelegraph,https://cointelegraph.com/news/cz-says-bitcoin-could-hit-500-k-1-m-this-cycle,0.250386,https://cointelegraph.com/news/cz-says-bitcoin-could-hit-500-k-1-m-this-cycle,Binance founder CZ says Bitcoin could hit $500K-$1M this cycle,Adrian Zmudzinski,https://s3.cointelegraph.com/uploads/2025-05/0196a5cd-8449-7acf-89c2-a469809a58c4,cointelegraph.com,"Economy - Monetary,Blockchain,Financial Markets",0.24265,Somewhat-Bullish,"[{""ticker"": ""CRYPTO:BTC"", ""relevance_score"": ""0.97452"", ""ticker_sentiment_score"": ""0.37642"", ""ticker_sentiment_label"": ""Bullish""}, {""ticker"": ""CRYPTO:ETH"", ""relevance_score"": ""0.250386"", ""ticker_sentiment_score"": ""0.041618"", ""ticker_sentiment_label"": ""Neutral""}]"
2025-05-06,"VICTORIA, Seychelles, May 6, 2025 /PRNewswire/ -- Bitget, the leading cryptocurrency exchange and Web3 company, brought the heat to Token2049 with an exclusive ringside experience at Karate Combat KC54 in Dubai on May 2nd.",Benzinga,https://www.benzinga.com/pressreleases/25/05/n45221131/bitget-delivers-vip-ringside-experience-at-karate-combat-kc54-during-token2049,0.043186,https://www.benzinga.com/pressreleases/25/05/n45221131/bitget-delivers-vip-ringside-experience-at-karate-combat-kc54-during-token2049,Bitget Delivers VIP Ringside Experience at Karate Combat KC54 During Token2049,PRNewswire,https://www.benzinga.com/next-assets/images/schema-image-default.png,www.benzinga.com,"Blockchain,Financial Markets",0.275501,Somewhat-Bullish,"[{""ticker"": ""CRYPTO:BTC"", ""relevance_score"": ""0.043186"", ""ticker_sentiment_score"": ""0.14943"", ""ticker_sentiment_label"": ""Neutral""}, {""ticker"": ""CRYPTO:ETH"", ""relevance_score"": ""0.043186"", ""ticker_sentiment_score"": ""0.14943"", ""ticker_sentiment_label"": ""Neutral""}]"
2025-05-06,"As online gambling continues to thrive in Australia, the demand for fast payout online casinos has skyrocketed. Among the many platforms vying for attention, Neospin has emerged as the fastest and most reliable instant withdrawal casino available to Australian players.",Benzinga,https://www.benzinga.com/pressreleases/25/05/g45221670/fast-payout-online-casinos-australia-neospin-picked-as-the-fastest-withdrawal-casino-site,0.031992,https://www.benzinga.com/pressreleases/25/05/g45221670/fast-payout-online-casinos-australia-neospin-picked-as-the-fastest-withdrawal-casino-site,Fast Payout Online Casinos Australia: Neospin Picked as the Fastest Withdrawal Casino Site,Globe Newswire,https://www.benzinga.com/next-assets/images/schema-image-default.png,www.benzinga.com,"Economy - Monetary,Blockchain",0.365658,Bullish,"[{""ticker"": ""MA"", ""relevance_score"": ""0.031992"", ""ticker_sentiment_score"": ""-0.040512"", ""ticker_sentiment_label"": ""Neutral""}, {""ticker"": ""CRYPTO:BTC"", ""relevance_score"": ""0.095771"", ""ticker_sentiment_score"": ""0.309149"", ""ticker_sentiment_label"": ""Somewhat-Bullish""}, {""ticker"": ""CRYPTO:ETH"", ""relevance_score"": ""0.031992"", ""ticker_sentiment_score"": ""0.386769"", ""ticker_sentiment_label"": ""Bullish""}, {""ticker"": ""CRYPTO:LTC"", ""relevance_score"": ""0.063933"", ""ticker_sentiment_score"": ""0.35426"", ""ticker_sentiment_label"": ""Bullish""}]"
2025-05-06,"EMBLETON, Western Australia, May 06, 2025 ( GLOBE NEWSWIRE ) -- Best Online Casino In Australia, Ignition Casino is a fun and trusted place where Australian players can enjoy lots of exciting games. The casino is licensed by Curaçao eGaming, so it is legal and safe to play here.",Benzinga,https://www.benzinga.com/pressreleases/25/05/g45217784/best-online-casino-in-australia-2025-online-gambling-sites-ignition-casino,0.032186,https://www.benzinga.com/pressreleases/25/05/g45217784/best-online-casino-in-australia-2025-online-gambling-sites-ignition-casino,Best Online Casino in Australia 2025 | Online Gambling Sites - Ignition Casino,Globe Newswire,https://www.benzinga.com/next-assets/images/schema-image-default.png,www.benzinga.com,"Technology,Blockchain",0.523095,Bullish,"[{""ticker"": ""MA"", ""relevance_score"": ""0.016096"", ""ticker_sentiment_score"": ""0.062773"", ""ticker_sentiment_label"": ""Neutral""}, {""ticker"": ""META"", ""relevance_score"": ""0.016096"", ""ticker_sentiment_score"": ""0.0"", ""ticker_sentiment_label"": ""Neutral""}, {""ticker"": ""CRYPTO:BTC"", ""relevance_score"": ""0.048262"", ""ticker_sentiment_score"": ""0.053307"", ""ticker_sentiment_label"": ""Neutral""}, {""ticker"": ""CRYPTO:ETH"", ""relevance_score"": ""0.032186"", ""ticker_sentiment_score"": ""0.059836"", ""ticker_sentiment_label"": ""Neutral""}]"
2025-05-07,"Billionaire investor and Bitcoin bull Tim Draper remains ""optimistic"" that the price of Bitcoin will hit $250,000 by the end of 2025.",Decrypt.co,https://decrypt.co/318317/businesses-without-bitcoin-irresponsible-tim-draper,0.089797,https://decrypt.co/318317/businesses-without-bitcoin-irresponsible-tim-draper,"Businesses Without Bitcoin Are 'Being Irresponsible', Says Billionaire Investor Tim Draper",Stephen Graves,https://cdn.decrypt.co/resize/1024/height/512/wp-content/uploads/2025/05/tim-draper-web-summit-rio-gID_7.jpg,decrypt.co,"Life Sciences,Blockchain",0.085465,Neutral,"[{""ticker"": ""SMLR"", ""relevance_score"": ""0.089797"", ""ticker_sentiment_score"": ""0.11401"", ""ticker_sentiment_label"": ""Neutral""}, {""ticker"": ""FOREX:USD"", ""relevance_score"": ""0.089797"", ""ticker_sentiment_score"": ""0.04081"", ""ticker_sentiment_label"": ""Neutral""}, {""ticker"": ""CRYPTO:BTC"", ""relevance_score"": ""0.975907"", ""ticker_sentiment_score"": ""0.115759"", ""ticker_sentiment_label"": ""Neutral""}, {""ticker"": ""CRYPTO:ETH"", ""relevance_score"": ""0.089797"", ""ticker_sentiment_score"": ""0.118187"", ""ticker_sentiment_label"": ""Neutral""}]"
2025-05-07,"The small Himalayan country has adopted strongly pro-crypto policies in recent years, stockpiling Bitcoin for a national reserve.",Decrypt.co,https://decrypt.co/318309/bhutan-partners-with-binance-pay-for-its-tourism-ecosystem,0.089462,https://decrypt.co/318309/bhutan-partners-with-binance-pay-for-its-tourism-ecosystem,Bhutan Partners with Binance Pay for Its Tourism Ecosystem,Will McCurdy,https://cdn.decrypt.co/resize/1024/height/512/wp-content/uploads/2025/05/bhutan-bitcoin-gID_7.jpg,decrypt.co,Blockchain,0.178373,Somewhat-Bullish,"[{""ticker"": ""MA"", ""relevance_score"": ""0.089462"", ""ticker_sentiment_score"": ""0.078252"", ""ticker_sentiment_label"": ""Neutral""}, {""ticker"": ""CURN"", ""relevance_score"": ""0.089462"", ""ticker_sentiment_score"": ""0.056522"", ""ticker_sentiment_label"": ""Neutral""}, {""ticker"": ""FOREX:BTN"", ""relevance_score"": ""0.177802"", ""ticker_sentiment_score"": ""0.129017"", ""ticker_sentiment_label"": ""Neutral""}, {""ticker"": ""CRYPTO:BTC"", ""relevance_score"": ""0.568435"", ""ticker_sentiment_score"": ""0.327151"", ""ticker_sentiment_label"": ""Somewhat-Bullish""}, {""ticker"": ""CRYPTO:ETH"", ""relevance_score"": ""0.089462"", ""ticker_sentiment_score"": ""0.180704"", ""ticker_sentiment_label"": ""Somewhat-Bullish""}, {""ticker"": ""CRYPTO:BNB"", ""relevance_score"": ""0.263942"", ""ticker_sentiment_score"": ""0.261721"", ""ticker_sentiment_label"": ""Somewhat-Bullish""}]"
2025-05-07,"USD1, the US dollar stablecoin launched by the President Donald Trump-backed World Liberty Financial ( WLFI ) , has become the seventh-largest stablecoin worldwide in just two months since its launch.WLFI's snapshot vote for a USD1 airdrop proposal is underway, and USD1's market capitalization ...",Cointelegraph,https://cointelegraph.com/news/trump-backed-usd1-is-now-the-seventh-largest-stablecoin-worldwide,0.078611,https://cointelegraph.com/news/trump-backed-usd1-is-now-the-seventh-largest-stablecoin-worldwide,Trump-backed USD1 is now the seventh-largest stablecoin worldwide,Helen Partz,https://s3.cointelegraph.com/uploads/2025-05/0196aaeb-7138-7163-8627-9752e318a8c6,cointelegraph.com,"Blockchain,Financial Markets",0.121615,Neutral,"[{""ticker"": ""PYPL"", ""relevance_score"": ""0.078611"", ""ticker_sentiment_score"": ""0.034774"", ""ticker_sentiment_label"": ""Neutral""}, {""ticker"": ""FOREX:USD"", ""relevance_score"": ""0.23281"", ""ticker_sentiment_score"": ""0.152412"", ""ticker_sentiment_label"": ""Somewhat-Bullish""}, {""ticker"": ""CRYPTO:ETH"", ""relevance_score"": ""0.078611"", ""ticker_sentiment_score"": ""0.0"", ""ticker_sentiment_label"": ""Neutral""}, {""ticker"": ""CRYPTO:UNI"", ""relevance_score"": ""0.078611"", ""ticker_sentiment_score"": ""0.065881"", ""ticker_sentiment_label"": ""Neutral""}, {""ticker"": ""CRYPTO:USDT"", ""relevance_score"": ""0.078611"", ""ticker_sentiment_score"": ""0.2548"", ""ticker_sentiment_label"": ""Somewhat-Bullish""}, {""ticker"": ""CRYPTO:BNB"", ""relevance_score"": ""0.156461"", ""ticker_sentiment_score"": ""0.0"", ""ticker_sentiment_label"": ""Neutral""}, {""ticker"": ""CRYPTO:CAKE"", ""relevance_score"": ""0.078611"", ""ticker_sentiment_score"": ""0.065881"", ""ticker_sentiment_label"": ""Neutral""}]"
2025-05-07,"NEW YORK, May 07, 2025 ( GLOBE NEWSWIRE ) -- One of the hardest decisions for any gambler is finding the best online casinos in the US. Whether it comes to play variety, speed of payout, or overall trustworthiness, they deserve nothing but the best.",Benzinga,https://www.benzinga.com/pressreleases/25/05/g45253361/wild-casino-best-online-casino-in-us-real-money-2025-top-gambling-site,0.055578,https://www.benzinga.com/pressreleases/25/05/g45253361/wild-casino-best-online-casino-in-us-real-money-2025-top-gambling-site,Wild Casino - Best Online Casino In US Real Money 2025 | Top Gambling Site,Globe Newswire,https://www.benzinga.com/next-assets/images/schema-image-default.png,www.benzinga.com,Blockchain,0.441486,Bullish,"[{""ticker"": ""CRYPTO:BTC"", ""relevance_score"": ""0.074058"", ""ticker_sentiment_score"": ""0.292928"", ""ticker_sentiment_label"": ""Somewhat-Bullish""}, {""ticker"": ""CRYPTO:ETH"", ""relevance_score"": ""0.055578"", ""ticker_sentiment_score"": ""0.292153"", ""ticker_sentiment_label"": ""Somewhat-Bullish""}]"
2025-05-07,ETH is currently stuck 40% lower than it was this time last year after devs finalized the Pectra upgrade.,Decrypt.co,https://decrypt.co/318329/ethereum-price-pectra-upgrade,0.868812,https://decrypt.co/318329/ethereum-price-pectra-upgrade,Ethereum Price Holds Steady Following Pectra Upgrade,Connor Sephton,https://cdn.decrypt.co/resize/1024/height/512/wp-content/uploads/2024/07/ethereum-logo-neon-glowing-gID_7.png,decrypt.co,"Economy - Monetary,Blockchain",0.072124,Neutral,"[{""ticker"": ""CRYPTO:BTC"", ""relevance_score"": ""0.294093"", ""ticker_sentiment_score"": ""0.103106"", ""ticker_sentiment_label"": ""Neutral""}, {""ticker"": ""CRYPTO:ETH"", ""relevance_score"": ""0.868812"", ""ticker_sentiment_score"": ""0.373733"", ""ticker_sentiment_label"": ""Bullish""}]"
2025-05-07,"Safeheron, a digital asset infrastructure provider based in Singapore, has introduced an open-source Trusted Execution Environment ( TEE ) framework. This solution could bolster security and privacy for Web3 in sectors like decentralized finance ( DeFi ) , payment services, and decentralized ...",Cointelegraph,https://cointelegraph.com/news/safeheron-intel-sgx-tee-framework-web3-security,0.353562,https://cointelegraph.com/news/safeheron-intel-sgx-tee-framework-web3-security,Safeheron introduces open-source Intel SGX TEE framework for Web3 security,Christopher Tepedino,"https://images.cointelegraph.com/cdn-cgi/image/format=auto,onerror=redirect,quality=90,width=1200/https://s3.cointelegraph.com/uploads/2025-02/01952ead-5bf3-7a34-9865-e82f1c6556ab",cointelegraph.com,"Blockchain,Financial Markets",0.131446,Neutral,"[{""ticker"": ""CRYPTO:ETH"", ""relevance_score"": ""0.353562"", ""ticker_sentiment_score"": ""0.310567"", ""ticker_sentiment_label"": ""Somewhat-Bullish""}, {""ticker"": ""CRYPTO:LINK"", ""relevance_score"": ""0.073098"", ""ticker_sentiment_score"": ""0.002026"", ""ticker_sentiment_label"": ""Neutral""}]"
2025-05-07,"Opinion by: Anurag Arjun, co-founder of Avail On paper, SocialFi is a no-brainer. It promises to shift the balance of power in social media - giving people control over how their content and personal data are used and monetized.",Cointelegraph,https://cointelegraph.com/news/social-fi-has-failed-to-take-off,0.085476,https://cointelegraph.com/news/social-fi-has-failed-to-take-off,SocialFi has failed to take off - Here's what needs to change,Anurag Arjun,"https://images.cointelegraph.com/cdn-cgi/image/format=auto,onerror=redirect,quality=90,width=1200/https://s3.cointelegraph.com/uploads/2025-04/01961a71-85bf-7ab5-ad7e-34f6ebb76a9a",cointelegraph.com,"Earnings,Blockchain",0.122472,Neutral,"[{""ticker"": ""CRYPTO:ETH"", ""relevance_score"": ""0.085476"", ""ticker_sentiment_score"": ""0.006323"", ""ticker_sentiment_label"": ""Neutral""}]"
2025-05-07,"Pectra may cause token transfers to EOAs to unexpectedly revert, as delegated code can consume gas or reject calls. Developers are urged to abandon EOA-based security checks and prepare for a world where all addresses may run code. Feel unsure about the market's next move?",Benzinga,https://www.benzinga.com/25/05/45260729/ethereums-pectra-upgrade-goes-live-reshapes-wallet-logic-and-raises-security-and-bandwidth-concerns,0.252332,https://www.benzinga.com/25/05/45260729/ethereums-pectra-upgrade-goes-live-reshapes-wallet-logic-and-raises-security-and-bandwidth-concerns,Ethereum's Pectra Upgrade Goes Live: Here's What You Need To Know,Murtuza J Merchant,https://cdn.benzinga.com/files/images/story/2025/05/07/Ethereum-Virtual-Currency-On-Black-Scree.jpeg?width=1200&height=800&fit=crop,www.benzinga.com,"Blockchain,Financial Markets",0.082194,Neutral,"[{""ticker"": ""CRYPTO:ETH"", ""relevance_score"": ""0.252332"", ""ticker_sentiment_score"": ""0.170691"", ""ticker_sentiment_label"": ""Somewhat-Bullish""}]"
2025-05-07,"Payments giant Visa has made a strategic investment in stablecoin infrastructure startup, BVNK-its second crypto move in recent days.",Decrypt.co,https://decrypt.co/318405/visa-stablecoins-investment-bvnk,0.118647,https://decrypt.co/318405/visa-stablecoins-investment-bvnk,Visa Bets on Stablecoin Demand With Investment in BVNK,Mat Di Salvo,https://cdn.decrypt.co/resize/1024/height/512/wp-content/uploads/2020/08/mexico-visa-crypto-card-gID_7.jpg,decrypt.co,"IPO,Blockchain,Financial Markets",0.133777,Neutral,"[{""ticker"": ""MA"", ""relevance_score"": ""0.118647"", ""ticker_sentiment_score"": ""-0.00346"", ""ticker_sentiment_label"": ""Neutral""}, {""ticker"": ""CRYPTO:ETH"", ""relevance_score"": ""0.118647"", ""ticker_sentiment_score"": ""0.125573"", ""ticker_sentiment_label"": ""Neutral""}, {""ticker"": ""CRYPTO:USDT"", ""relevance_score"": ""0.118647"", ""ticker_sentiment_score"": ""0.125573"", ""ticker_sentiment_label"": ""Neutral""}]"
2025-05-07,"Key points:Bitcoin price hangs near $97,000 as traders await today's FOMC minutes.Bitcoin holding $95,000 as support is key for bullish price expansion in the short term.Select altcoins are holding their respective support levels, opening the gates for a short-term rally.Bitcoin ( BTC ) bulls ...",Cointelegraph,https://cointelegraph.com/news/price-predictions-5-7-btc-eth-xrp-bnb-sol-doge-ada-sui-link-avax,0.098794,https://cointelegraph.com/news/price-predictions-5-7-btc-eth-xrp-bnb-sol-doge-ada-sui-link-avax,"Price predictions 5/7: BTC, ETH, XRP, BNB, SOL, DOGE, ADA, SUI, LINK, AVAX",Rakesh Upadhyay,https://s3.cointelegraph.com/uploads/2025-05/0196ab86-e00c-7352-b7c3-bdf3d2a6e6df,cointelegraph.com,"Blockchain,Financial Markets",-0.019409,Neutral,"[{""ticker"": ""CRYPTO:BTC"", ""relevance_score"": ""0.409375"", ""ticker_sentiment_score"": ""0.22274"", ""ticker_sentiment_label"": ""Somewhat-Bullish""}, {""ticker"": ""CRYPTO:ETH"", ""relevance_score"": ""0.098794"", ""ticker_sentiment_score"": ""-0.156753"", ""ticker_sentiment_label"": ""Somewhat-Bearish""}, {""ticker"": ""CRYPTO:DOGE"", ""relevance_score"": ""0.098794"", ""ticker_sentiment_score"": ""0.058722"", ""ticker_sentiment_label"": ""Neutral""}, {""ticker"": ""CRYPTO:LINK"", ""relevance_score"": ""0.098794"", ""ticker_sentiment_score"": ""-0.01904"", ""ticker_sentiment_label"": ""Neutral""}, {""ticker"": ""CRYPTO:ADA"", ""relevance_score"": ""0.098794"", ""ticker_sentiment_score"": ""0.025536"", ""ticker_sentiment_label"": ""Neutral""}]"
2025-05-07,"London, UK, May 07, 2025 ( GLOBE NEWSWIRE ) -- Crypto investors everywhere are feeling the tremors, with fear firmly gripping traders across the entire crypto market. The CoinMarketCap Crypto Fear and Greed Index has been locked in Fear to Extreme Fear territory for several consecutive days-less ...",Benzinga,https://www.benzinga.com/pressreleases/25/05/g45261915/fiobit-the-most-profitable-cloud-mining-platform-passive-income-made-effortless,0.087824,https://www.benzinga.com/pressreleases/25/05/g45261915/fiobit-the-most-profitable-cloud-mining-platform-passive-income-made-effortless,"FioBit, The Most Profitable Cloud Mining Platform: Passive Income Made Effortless",Globe Newswire,https://www.benzinga.com/next-assets/images/schema-image-default.png,www.benzinga.com,"Earnings,Blockchain,Financial Markets",0.329162,Somewhat-Bullish,"[{""ticker"": ""AWON"", ""relevance_score"": ""0.043979"", ""ticker_sentiment_score"": ""0.052748"", ""ticker_sentiment_label"": ""Neutral""}, {""ticker"": ""CRYPTO:BTC"", ""relevance_score"": ""0.174587"", ""ticker_sentiment_score"": ""0.33418"", ""ticker_sentiment_label"": ""Somewhat-Bullish""}, {""ticker"": ""CRYPTO:ETH"", ""relevance_score"": ""0.087824"", ""ticker_sentiment_score"": ""0.330166"", ""ticker_sentiment_label"": ""Somewhat-Bullish""}, {""ticker"": ""CRYPTO:DOGE"", ""relevance_score"": ""0.087824"", ""ticker_sentiment_score"": ""0.330166"", ""ticker_sentiment_label"": ""Somewhat-Bullish""}, {""ticker"": ""CRYPTO:LTC"", ""relevance_score"": ""0.087824"", ""ticker_sentiment_score"": ""0.330166"", ""ticker_sentiment_label"": ""Somewhat-Bullish""}]"
2025-05-07,"ROAD TOWN, British Virgin Islands, May 07, 2025 ( GLOBE NEWSWIRE ) -- XRP is making headlines once again as CME Group gears up to launch XRP futures on May 19, signaling a potential surge in institutional interest.",Benzinga,https://www.benzinga.com/pressreleases/25/05/g45261973/ripple-price-prediction-analysts-announce-bullish-7-10-xrp-projection-for-summer-stratovm-surges-2,0.080728,https://www.benzinga.com/pressreleases/25/05/g45261973/ripple-price-prediction-analysts-announce-bullish-7-10-xrp-projection-for-summer-stratovm-surges-2,"Ripple Price Prediction: Analysts Announce Bullish $7-$10 XRP Projection for Summer - StratoVM Surges 2,939% Amid Market Optimism",Globe Newswire,https://www.benzinga.com/next-assets/images/schema-image-default.png,www.benzinga.com,"Finance,Blockchain,Financial Markets",0.269555,Somewhat-Bullish,"[{""ticker"": ""CME"", ""relevance_score"": ""0.160633"", ""ticker_sentiment_score"": ""0.170474"", ""ticker_sentiment_label"": ""Somewhat-Bullish""}, {""ticker"": ""CRYPTO:BTC"", ""relevance_score"": ""0.456884"", ""ticker_sentiment_score"": ""0.393041"", ""ticker_sentiment_label"": ""Bullish""}, {""ticker"": ""CRYPTO:ETH"", ""relevance_score"": ""0.080728"", ""ticker_sentiment_score"": ""-0.018532"", ""ticker_sentiment_label"": ""Neutral""}, {""ticker"": ""CRYPTO:UNI"", ""relevance_score"": ""0.040416"", ""ticker_sentiment_score"": ""0.118081"", ""ticker_sentiment_label"": ""Neutral""}, {""ticker"": ""CRYPTO:XRP"", ""relevance_score"": ""0.489965"", ""ticker_sentiment_score"": ""0.433944"", ""ticker_sentiment_label"": ""Bullish""}]"
2025-05-07,"""We would like to request that the SEC file an amicus in support of the argument that Ether is a security,"" the NY attorney general's office wrote.",Decrypt.co,https://decrypt.co/318379/coinbase-sec-docs-ethereum-xrp,0.399734,https://decrypt.co/318379/coinbase-sec-docs-ethereum-xrp,"Coinbase Releases Treasure Trove of SEC Docs on Ethereum, XRP and More",Liz Napolitano,https://cdn.decrypt.co/resize/1024/height/512/wp-content/uploads/2024/12/xrp-tokens-gID_7.png,decrypt.co,"Finance,Blockchain,Financial Markets",0.103825,Neutral,"[{""ticker"": ""COIN"", ""relevance_score"": ""0.30569"", ""ticker_sentiment_score"": ""0.002235"", ""ticker_sentiment_label"": ""Neutral""}, {""ticker"": ""CRYPTO:ETH"", ""relevance_score"": ""0.399734"", ""ticker_sentiment_score"": ""0.276767"", ""ticker_sentiment_label"": ""Somewhat-Bullish""}, {""ticker"": ""CRYPTO:KCS"", ""relevance_score"": ""0.104228"", ""ticker_sentiment_score"": ""0.026777"", ""ticker_sentiment_label"": ""Neutral""}]"
2025-05-07,"Key takeaways:Reclaiming the $2,200 level remains the first price challenge for ETH. ETH price could recover if the Pectra upgrade leads to a surge in DApp and Ethereum network activity. Ethereum successfully implemented a key network upgrade on May 7, but Ether ( ETH ) price and its derivatives ...",Cointelegraph,https://cointelegraph.com/news/ethereum-pectra-upgrade-adds-new-features-how-long-before-eth-price-reacts,0.835364,https://cointelegraph.com/news/ethereum-pectra-upgrade-adds-new-features-how-long-before-eth-price-reacts,Ethereum Pectra upgrade adds new features - How long before ETH price reacts?,Marcel Pechman,https://s3.cointelegraph.com/uploads/2025-05/0196ac5b-ec3a-7ee4-b177-f03670d6b630,cointelegraph.com,Blockchain,0.121504,Neutral,"[{""ticker"": ""SCBFF"", ""relevance_score"": ""0.06515"", ""ticker_sentiment_score"": ""0.0"", ""ticker_sentiment_label"": ""Neutral""}, {""ticker"": ""CRYPTO:ETH"", ""relevance_score"": ""0.835364"", ""ticker_sentiment_score"": ""0.177327"", ""ticker_sentiment_label"": ""Somewhat-Bullish""}, {""ticker"": ""CRYPTO:BNB"", ""relevance_score"": ""0.193723"", ""ticker_sentiment_score"": ""0.103863"", ""ticker_sentiment_label"": ""Neutral""}]"
2025-05-07,"Brokerage fintech Robinhood is reportedly developing a blockchain network that will enable retail investors in Europe to trade US securities.According to a May 7 Bloomberg report citing sources familiar with the matter, the move seeks to expand the company's local presence by offering trading of ...",Cointelegraph,https://cointelegraph.com/news/robinhood-blockchain-us-asset-trading-tokenization-europe,0.110462,https://cointelegraph.com/news/robinhood-blockchain-us-asset-trading-tokenization-europe,Robinhood plans blockchain for US asset trading in Europe - Report,Christopher Tepedino,https://s3.cointelegraph.com/uploads/2025-05/0196ac75-e022-7379-8fe6-486502878588,cointelegraph.com,"IPO,Financial Markets,Technology,Finance,Blockchain",0.142179,Neutral,"[{""ticker"": ""GOOG"", ""relevance_score"": ""0.110462"", ""ticker_sentiment_score"": ""-0.025885"", ""ticker_sentiment_label"": ""Neutral""}, {""ticker"": ""SAN"", ""relevance_score"": ""0.110462"", ""ticker_sentiment_score"": ""0.179348"", ""ticker_sentiment_label"": ""Somewhat-Bullish""}, {""ticker"": ""CRYPTO:ETH"", ""relevance_score"": ""0.110462"", ""ticker_sentiment_score"": ""-0.272547"", ""ticker_sentiment_label"": ""Somewhat-Bearish""}]"
2025-05-07,"JERSEY CITY, N.J., May 07, 2025 ( GLOBE NEWSWIRE ) -- After testing various online casinos in NJ and looking into their bonuses and rewards, we finally found 7Bit Casino, which is one of the best online casinos in NJ. We are surprised by its welcome bonus and fastest payout feature.",Benzinga,https://www.benzinga.com/pressreleases/25/05/g45249634/best-online-casinos-nj-new-jersey-7bit-casino-ranked-as-a-premier-choice-among-nj-players,0.074692,https://www.benzinga.com/pressreleases/25/05/g45249634/best-online-casinos-nj-new-jersey-7bit-casino-ranked-as-a-premier-choice-among-nj-players,"Best Online Casinos NJ  ( New Jersey ) : 7Bit Casino, Ranked as a Premier Choice Among NJ Players",Globe Newswire,https://www.benzinga.com/next-assets/images/schema-image-default.png,www.benzinga.com,Blockchain,0.535843,Bullish,"[{""ticker"": ""CRYPTO:BTC"", ""relevance_score"": ""0.167064"", ""ticker_sentiment_score"": ""0.299654"", ""ticker_sentiment_label"": ""Somewhat-Bullish""}, {""ticker"": ""CRYPTO:ETH"", ""relevance_score"": ""0.074692"", ""ticker_sentiment_score"": ""0.121176"", ""ticker_sentiment_label"": ""Neutral""}, {""ticker"": ""CRYPTO:DOGE"", ""relevance_score"": ""0.037387"", ""ticker_sentiment_score"": ""0.0"", ""ticker_sentiment_label"": ""Neutral""}, {""ticker"": ""CRYPTO:LTC"", ""relevance_score"": ""0.056055"", ""ticker_sentiment_score"": ""0.0569"", ""ticker_sentiment_label"": ""Neutral""}, {""ticker"": ""CRYPTO:BCH"", ""relevance_score"": ""0.037387"", ""ticker_sentiment_score"": ""0.0"", ""ticker_sentiment_label"": ""Neutral""}]"
2025-05-07,"Everything is in place in order for Bitcoin to rally to new heights this year, said crypto entrepreneur Arthur Hayes.",Decrypt.co,https://decrypt.co/318383/bitcoin-rally-thanks-fed-arthur-hayes,0.122269,https://decrypt.co/318383/bitcoin-rally-thanks-fed-arthur-hayes,"Bitcoin Is Set Up 'Perfect for a Rally' Thanks to Fed, Says Arthur Hayes",Mat Di Salvo,https://cdn.decrypt.co/resize/1024/height/512/wp-content/uploads/2024/07/hayes-cropped-gID_7.png,decrypt.co,"Economy - Monetary,Financial Markets,Technology,Blockchain",0.115053,Neutral,"[{""ticker"": ""GOOG"", ""relevance_score"": ""0.122269"", ""ticker_sentiment_score"": ""0.099976"", ""ticker_sentiment_label"": ""Neutral""}, {""ticker"": ""CRYPTO:BTC"", ""relevance_score"": ""0.781591"", ""ticker_sentiment_score"": ""0.218267"", ""ticker_sentiment_label"": ""Somewhat-Bullish""}, {""ticker"": ""CRYPTO:ETH"", ""relevance_score"": ""0.122269"", ""ticker_sentiment_score"": ""0.144052"", ""ticker_sentiment_label"": ""Neutral""}]"
2025-05-07,"ZÜRICH, Switzerland, May 07, 2025 ( GLOBE NEWSWIRE ) -- RockSolidProtocol, a decentralized platform for tokenizing real-world assets ( RWAs ) , today announced it has raised more than $16 million during its presale, highlighting strong market demand for blockchain-based ownership and investment ...",Benzinga,https://www.benzinga.com/pressreleases/25/05/g45271978/rocksolidprotocol-raises-16-million-in-presale-advances-toward-tokenization-of-real-world-assets,0.155451,https://www.benzinga.com/pressreleases/25/05/g45271978/rocksolidprotocol-raises-16-million-in-presale-advances-toward-tokenization-of-real-world-assets,"RockSolidProtocol Raises $16 Million in Presale, Advances Toward Tokenization of Real-World Assets",Globe Newswire,https://www.benzinga.com/next-assets/images/schema-image-default.png,www.benzinga.com,"Blockchain,Financial Markets",0.37954,Bullish,"[{""ticker"": ""CRYPTO:BTC"", ""relevance_score"": ""0.078099"", ""ticker_sentiment_score"": ""0.203384"", ""ticker_sentiment_label"": ""Somewhat-Bullish""}, {""ticker"": ""CRYPTO:ETH"", ""relevance_score"": ""0.155451"", ""ticker_sentiment_score"": ""0.197155"", ""ticker_sentiment_label"": ""Somewhat-Bullish""}, {""ticker"": ""CRYPTO:USDT"", ""relevance_score"": ""0.078099"", ""ticker_sentiment_score"": ""0.203384"", ""ticker_sentiment_label"": ""Somewhat-Bullish""}, {""ticker"": ""CRYPTO:BNB"", ""relevance_score"": ""0.155451"", ""ticker_sentiment_score"": ""0.197155"", ""ticker_sentiment_label"": ""Somewhat-Bullish""}, {""ticker"": ""CRYPTO:ERC"", ""relevance_score"": ""0.078099"", ""ticker_sentiment_score"": ""0.203384"", ""ticker_sentiment_label"": ""Somewhat-Bullish""}]"
2025-05-07,Opposition lawmakers continue to criticize the president's crypto ambitions.,Decrypt.co,https://decrypt.co/318358/democratic-senator-investigates-trumps-chilling-crypto-ventures,0.093653,https://decrypt.co/318358/democratic-senator-investigates-trumps-chilling-crypto-ventures,Democratic Senator Investigates Trump's 'Chilling' Crypto Ventures,Mat Di Salvo,https://cdn.decrypt.co/resize/1024/height/512/wp-content/uploads/2025/03/donald-trump-bitcoin-crypto-gID_7.jpg,decrypt.co,"Blockchain,Manufacturing",0.125051,Neutral,"[{""ticker"": ""PYPL"", ""relevance_score"": ""0.093653"", ""ticker_sentiment_score"": ""0.227994"", ""ticker_sentiment_label"": ""Somewhat-Bullish""}, {""ticker"": ""TSLA"", ""relevance_score"": ""0.093653"", ""ticker_sentiment_score"": ""0.227994"", ""ticker_sentiment_label"": ""Somewhat-Bullish""}, {""ticker"": ""CRYPTO:ETH"", ""relevance_score"": ""0.093653"", ""ticker_sentiment_score"": ""0.218467"", ""ticker_sentiment_label"": ""Somewhat-Bullish""}]"
2025-05-07,"MIAMI, May 07, 2025 ( GLOBE NEWSWIRE ) -- In the dynamic world of online gambling, speed is a game-changer. Players want their winnings quickly, without delays or complicated processes. After evaluating numerous platforms, JACKBIT stands out as the fastest payout online casino for 2025.",Benzinga,https://www.benzinga.com/pressreleases/25/05/g45249225/fastest-payout-online-casinos-jackbit-ranked-1-for-instant-withdrawals-with-no-verification,0.034696,https://www.benzinga.com/pressreleases/25/05/g45249225/fastest-payout-online-casinos-jackbit-ranked-1-for-instant-withdrawals-with-no-verification,Fastest Payout Online Casinos: JACKBIT Ranked #1 for Instant Withdrawals with No Verification,Globe Newswire,https://www.benzinga.com/next-assets/images/schema-image-default.png,www.benzinga.com,Blockchain,0.539904,Bullish,"[{""ticker"": ""CRYPTO:BTC"", ""relevance_score"": ""0.011569"", ""ticker_sentiment_score"": ""0.332912"", ""ticker_sentiment_label"": ""Somewhat-Bullish""}, {""ticker"": ""CRYPTO:MATIC"", ""relevance_score"": ""0.011569"", ""ticker_sentiment_score"": ""0.0"", ""ticker_sentiment_label"": ""Neutral""}, {""ticker"": ""CRYPTO:BNB"", ""relevance_score"": ""0.023135"", ""ticker_sentiment_score"": ""0.0"", ""ticker_sentiment_label"": ""Neutral""}, {""ticker"": ""CRYPTO:ETH"", ""relevance_score"": ""0.034696"", ""ticker_sentiment_score"": ""0.180247"", ""ticker_sentiment_label"": ""Somewhat-Bullish""}, {""ticker"": ""CRYPTO:DOGE"", ""relevance_score"": ""0.023135"", ""ticker_sentiment_score"": ""0.0"", ""ticker_sentiment_label"": ""Neutral""}, {""ticker"": ""CRYPTO:LINK"", ""relevance_score"": ""0.023135"", ""ticker_sentiment_score"": ""0.0"", ""ticker_sentiment_label"": ""Neutral""}, {""ticker"": ""CRYPTO:LTC"", ""relevance_score"": ""0.023135"", ""ticker_sentiment_score"": ""0.0"", ""ticker_sentiment_label"": ""Neutral""}]"
2025-05-07,"What is Tornado Cash? Tornado Cash is a decentralized, non-custodial crypto mixer designed to enhance transaction privacy on public blockchains. It uses smart contracts and zero-knowledge ( ZK ) proofs to conceal the onchain link between the sender and receiver of a transaction.Launched by Roman ...",Cointelegraph,https://cointelegraph.com/explained/what-is-tornado-cash-and-why-did-it-get-into-trouble,0.150474,https://cointelegraph.com/explained/what-is-tornado-cash-and-why-did-it-get-into-trouble,Cointelegraph Bitcoin & Ethereum Blockchain News,,https://s3.cointelegraph.com/storage/uploads/view/75d8405ad795bf4ac850e33446df6f59.jpg,cointelegraph.com,"Technology,Blockchain",-0.019608,Neutral,"[{""ticker"": ""DTST"", ""relevance_score"": ""0.01892"", ""ticker_sentiment_score"": ""-0.021737"", ""ticker_sentiment_label"": ""Neutral""}, {""ticker"": ""CRYPTO:ETH"", ""relevance_score"": ""0.150474"", ""ticker_sentiment_score"": ""0.159942"", ""ticker_sentiment_label"": ""Somewhat-Bullish""}, {""ticker"": ""CRYPTO:AVAX"", ""relevance_score"": ""0.01892"", ""ticker_sentiment_score"": ""0.110994"", ""ticker_sentiment_label"": ""Neutral""}, {""ticker"": ""CRYPTO:BNB"", ""relevance_score"": ""0.056719"", ""ticker_sentiment_score"": ""0.123016"", ""ticker_sentiment_label"": ""Neutral""}, {""ticker"": ""CRYPTO:ERC"", ""relevance_score"": ""0.03783"", ""ticker_sentiment_score"": ""0.120261"", ""ticker_sentiment_label"": ""Neutral""}]"
2025-05-07,"RUSSELLVILLE, Ark., May 07, 2025 ( GLOBE NEWSWIRE ) -- With the surge in popularity of cryptocurrency, the number of crypto gambling sites has skyrocketed, offering players a blend of anonymity, rapid transactions, and diverse gaming options.",Benzinga,https://www.benzinga.com/pressreleases/25/05/g45249121/best-crypto-casinos-jackbit-rated-as-top-crypto-casino-with-btc-bonuses-no-kyc-policy,0.059674,https://www.benzinga.com/pressreleases/25/05/g45249121/best-crypto-casinos-jackbit-rated-as-top-crypto-casino-with-btc-bonuses-no-kyc-policy,Best Crypto Casinos: JACKBIT Rated As Top Crypto Casino with BTC Bonuses & No KYC Policy,Globe Newswire,https://www.benzinga.com/next-assets/images/schema-image-default.png,www.benzinga.com,"Technology,Blockchain",0.493732,Bullish,"[{""ticker"": ""MA"", ""relevance_score"": ""0.029858"", ""ticker_sentiment_score"": ""0.210694"", ""ticker_sentiment_label"": ""Somewhat-Bullish""}, {""ticker"": ""PYPL"", ""relevance_score"": ""0.014931"", ""ticker_sentiment_score"": ""-0.167288"", ""ticker_sentiment_label"": ""Somewhat-Bearish""}, {""ticker"": ""GOOG"", ""relevance_score"": ""0.029858"", ""ticker_sentiment_score"": ""-0.005969"", ""ticker_sentiment_label"": ""Neutral""}, {""ticker"": ""CRYPTO:BTC"", ""relevance_score"": ""0.089406"", ""ticker_sentiment_score"": ""0.378974"", ""ticker_sentiment_label"": ""Bullish""}, {""ticker"": ""CRYPTO:BNB"", ""relevance_score"": ""0.014931"", ""ticker_sentiment_score"": ""0.0"", ""ticker_sentiment_label"": ""Neutral""}, {""ticker"": ""CRYPTO:XRP"", ""relevance_score"": ""0.014931"", ""ticker_sentiment_score"": ""0.334734"", ""ticker_sentiment_label"": ""Somewhat-Bullish""}, {""ticker"": ""CRYPTO:ETH"", ""relevance_score"": ""0.059674"", ""ticker_sentiment_score"": ""0.36143"", ""ticker_sentiment_label"": ""Bullish""}, {""ticker"": ""CRYPTO:DOGE"", ""relevance_score"": ""0.029858"", ""ticker_sentiment_score"": ""0.080804"", ""ticker_sentiment_label"": ""Neutral""}, {""ticker"": ""CRYPTO:USDT"", ""relevance_score"": ""0.014931"", ""ticker_sentiment_score"": ""-0.224048"", ""ticker_sentiment_label"": ""Somewhat-Bearish""}, {""ticker"": ""CRYPTO:LTC"", ""relevance_score"": ""0.044773"", ""ticker_sentiment_score"": ""0.006965"", ""ticker_sentiment_label"": ""Neutral""}, {""ticker"": ""CRYPTO:ADA"", ""relevance_score"": ""0.014931"", ""ticker_sentiment_score"": ""0.0"", ""ticker_sentiment_label"": ""Neutral""}]"
2025-05-07,Artificial intelligence (AI) stocks have been treading water in recent months over fears of slowing AI adoption. AMD just put those concerns to rest.,Motley Fool,https://www.fool.com/investing/2025/05/06/nvidia-investors-just-got-incredible-news-from-amd/,0.050679,https://www.fool.com/investing/2025/05/06/nvidia-investors-just-got-incredible-news-from-amd/,Nvidia Investors Just Got Incredible News From AMD CEO Lisa Su,Danny Vena,https://g.foolcdn.com/image/?url=https%3A%2F%2Fg.foolcdn.com%2Feditorial%2Fimages%2F817431%2Fa-person-taking-notes-and-smiling-looking-at-stock-charts-on-a-computer.jpg&op=resize&w=700,www.fool.com,"Earnings,Financial Markets,Manufacturing",0.15712,Somewhat-Bullish,"[{""ticker"": ""AMD"", ""relevance_score"": ""0.343619"", ""ticker_sentiment_score"": ""0.127256"", ""ticker_sentiment_label"": ""Neutral""}, {""ticker"": ""NVDA"", ""relevance_score"": ""0.515543"", ""ticker_sentiment_score"": ""0.322596"", ""ticker_sentiment_label"": ""Somewhat-Bullish""}, {""ticker"": ""CRYPTO:ETH"", ""relevance_score"": ""0.050679"", ""ticker_sentiment_score"": ""0.132325"", ""ticker_sentiment_label"": ""Neutral""}]"
2025-05-07,"Leading cryptocurrencies spiked Tuesday on news that Treasury Secretary Scott Bessent will meet Chinese officials for trade talks. What Happened: Following days of consolidation, Bitcoin recaptured $97,000 in the evening, reaching an intraday high of $97,625.81.",Benzinga,https://www.benzinga.com/trading-ideas/movers/25/05/45242697/bitcoin-ethereum-dogecoin-spike-as-scott-bessents-gears-up-for-trade-talks-with-china-key-bt,0.09186,https://www.benzinga.com/trading-ideas/movers/25/05/45242697/bitcoin-ethereum-dogecoin-spike-as-scott-bessents-gears-up-for-trade-talks-with-china-key-bt,"Bitcoin, Ethereum, Dogecoin Spike As Scott Bessent's Gears Up For Trade Talks With China: Key BTC Stakeholders 'Moving In The Right Direction' Towards $100,000 Target, Says Analytics Firm - Grayscale Bitcoin Mini Trust  ( BTC )  Common units of fractional undivided beneficial interest  ( ARCA:BTC ) ",Aniket Verma,https://cdn.benzinga.com/files/images/story/2025/05/06/Antalya--Turkey---December-4--2024-Bitco.jpeg?width=1200&height=800&fit=crop,www.benzinga.com,"Economy - Monetary,Blockchain,Financial Markets",0.151744,Somewhat-Bullish,"[{""ticker"": ""CRYPTO:BTC"", ""relevance_score"": ""0.511256"", ""ticker_sentiment_score"": ""0.333885"", ""ticker_sentiment_label"": ""Somewhat-Bullish""}, {""ticker"": ""CRYPTO:ETH"", ""relevance_score"": ""0.09186"", ""ticker_sentiment_score"": ""0.0"", ""ticker_sentiment_label"": ""Neutral""}]"
2025-05-07,"Litecoin LTC/USD led the cryptocurrency market gainers list on Tuesday, as the broader market rallied on hopeful trade deal developments. What happened: The proof-of-work coin surged over 11% in the last 24 hours, hitting levels not seen since Mar. 28.",Benzinga,https://www.benzinga.com/trading-ideas/movers/25/05/45243229/litecoin-beats-bitcoin-ethereum-to-top-crypto-gainers-list-open-interest-hits-a-two-month-hi,0.27432,https://www.benzinga.com/trading-ideas/movers/25/05/45243229/litecoin-beats-bitcoin-ethereum-to-top-crypto-gainers-list-open-interest-hits-a-two-month-hi,"Litecoin Beats Bitcoin, Ethereum To Top Crypto Gainers List-Open Interest Hits A Two-Month High - LTC Properties  ( NYSE:LTC ) ",Aniket Verma,https://cdn.benzinga.com/files/images/story/2025/05/06/Flying-Altcoins-With-Bitcoin-In-The-Cent.jpeg?width=1200&height=800&fit=crop,www.benzinga.com,"Blockchain,Financial Markets",0.281201,Somewhat-Bullish,"[{""ticker"": ""CRYPTO:BTC"", ""relevance_score"": ""0.27432"", ""ticker_sentiment_score"": ""0.517873"", ""ticker_sentiment_label"": ""Bullish""}, {""ticker"": ""CRYPTO:ETH"", ""relevance_score"": ""0.27432"", ""ticker_sentiment_score"": ""0.517873"", ""ticker_sentiment_label"": ""Bullish""}, {""ticker"": ""CRYPTO:LTC"", ""relevance_score"": ""0.619618"", ""ticker_sentiment_score"": ""0.433474"", ""ticker_sentiment_label"": ""Bullish""}]"
2025-05-07,"LARNACA, Cyprus, May 06, 2025 ( GLOBE NEWSWIRE ) -- After spending time exploring different crypto casinos, we quickly realized that many just didn't meet expectations. The bonuses felt small, the game selections were limited, and the overall experience wasn't very memorable.",Benzinga,https://www.benzinga.com/pressreleases/25/05/g45243361/best-new-online-casinos-jackbit-voted-1-online-casino-for-new-crypto-players,0.048969,https://www.benzinga.com/pressreleases/25/05/g45243361/best-new-online-casinos-jackbit-voted-1-online-casino-for-new-crypto-players,Best New Online Casinos: JACKBIT Voted #1 Online Casino for New Crypto Players,Globe Newswire,https://www.benzinga.com/next-assets/images/schema-image-default.png,www.benzinga.com,"Technology,Blockchain",0.582622,Bullish,"[{""ticker"": ""MA"", ""relevance_score"": ""0.024496"", ""ticker_sentiment_score"": ""0.072557"", ""ticker_sentiment_label"": ""Neutral""}, {""ticker"": ""GOOG"", ""relevance_score"": ""0.040816"", ""ticker_sentiment_score"": ""0.19642"", ""ticker_sentiment_label"": ""Somewhat-Bullish""}, {""ticker"": ""TRTPF"", ""relevance_score"": ""0.008167"", ""ticker_sentiment_score"": ""0.147665"", ""ticker_sentiment_label"": ""Neutral""}, {""ticker"": ""CRYPTO:BTC"", ""relevance_score"": ""0.048969"", ""ticker_sentiment_score"": ""0.159956"", ""ticker_sentiment_label"": ""Somewhat-Bullish""}, {""ticker"": ""CRYPTO:XRP"", ""relevance_score"": ""0.016332"", ""ticker_sentiment_score"": ""0.172161"", ""ticker_sentiment_label"": ""Somewhat-Bullish""}, {""ticker"": ""CRYPTO:ETH"", ""relevance_score"": ""0.048969"", ""ticker_sentiment_score"": ""0.107011"", ""ticker_sentiment_label"": ""Neutral""}, {""ticker"": ""CRYPTO:DOGE"", ""relevance_score"": ""0.016332"", ""ticker_sentiment_score"": ""0.130229"", ""ticker_sentiment_label"": ""Neutral""}, {""ticker"": ""CRYPTO:USDT"", ""relevance_score"": ""0.016332"", ""ticker_sentiment_score"": ""0.484343"", ""ticker_sentiment_label"": ""Bullish""}, {""ticker"": ""CRYPTO:LTC"", ""relevance_score"": ""0.016332"", ""ticker_sentiment_score"": ""0.130229"", ""ticker_sentiment_label"": ""Neutral""}, {""ticker"": ""CRYPTO:ADA"", ""relevance_score"": ""0.016332"", ""ticker_sentiment_score"": ""0.130229"", ""ticker_sentiment_label"": ""Neutral""}]"
2025-05-07,"LONDON, May 06, 2025 ( GLOBE NEWSWIRE ) -- JACKBIT Casino is making a bold impact on the UK's online casino scene for 2025, offering a distinctive mix of privacy, speed, and premium gameplay.",Benzinga,https://www.benzinga.com/pressreleases/25/05/g45243362/best-online-casinos-uk-jackbit-is-ranked-the-most-trusted-online-casino-of-2025,0.065008,https://www.benzinga.com/pressreleases/25/05/g45243362/best-online-casinos-uk-jackbit-is-ranked-the-most-trusted-online-casino-of-2025,Best Online Casinos UK: JACKBIT is Ranked the Most Trusted Online Casino of 2025,Globe Newswire,https://www.benzinga.com/next-assets/images/schema-image-default.png,www.benzinga.com,"Technology,Blockchain",0.472373,Bullish,"[{""ticker"": ""MA"", ""relevance_score"": ""0.052027"", ""ticker_sentiment_score"": ""0.084004"", ""ticker_sentiment_label"": ""Neutral""}, {""ticker"": ""GOOG"", ""relevance_score"": ""0.039033"", ""ticker_sentiment_score"": ""0.126744"", ""ticker_sentiment_label"": ""Neutral""}, {""ticker"": ""TRTPF"", ""relevance_score"": ""0.026028"", ""ticker_sentiment_score"": ""0.101007"", ""ticker_sentiment_label"": ""Neutral""}, {""ticker"": ""CRYPTO:MATIC"", ""relevance_score"": ""0.013015"", ""ticker_sentiment_score"": ""0.195906"", ""ticker_sentiment_label"": ""Somewhat-Bullish""}, {""ticker"": ""CRYPTO:BCH"", ""relevance_score"": ""0.026028"", ""ticker_sentiment_score"": ""0.073032"", ""ticker_sentiment_label"": ""Neutral""}, {""ticker"": ""CRYPTO:SHIB"", ""relevance_score"": ""0.026028"", ""ticker_sentiment_score"": ""0.147263"", ""ticker_sentiment_label"": ""Neutral""}, {""ticker"": ""CRYPTO:DOGE"", ""relevance_score"": ""0.026028"", ""ticker_sentiment_score"": ""0.384516"", ""ticker_sentiment_label"": ""Bullish""}, {""ticker"": ""CRYPTO:USDT"", ""relevance_score"": ""0.026028"", ""ticker_sentiment_score"": ""-0.190799"", ""ticker_sentiment_label"": ""Somewhat-Bearish""}, {""ticker"": ""CRYPTO:BTC"", ""relevance_score"": ""0.116725"", ""ticker_sentiment_score"": ""0.114797"", ""ticker_sentiment_label"": ""Neutral""}, {""ticker"": ""CRYPTO:BNB"", ""relevance_score"": ""0.026028"", ""ticker_sentiment_score"": ""0.279662"", ""ticker_sentiment_label"": ""Somewhat-Bullish""}, {""ticker"": ""CRYPTO:ERC"", ""relevance_score"": ""0.013015"", ""ticker_sentiment_score"": ""0.027742"", ""ticker_sentiment_label"": ""Neutral""}, {""ticker"": ""CRYPTO:XRP"", ""relevance_score"": ""0.013015"", ""ticker_sentiment_score"": ""0.105749"", ""ticker_sentiment_label"": ""Neutral""}, {""ticker"": ""CRYPTO:ETH"", ""relevance_score"": ""0.065008"", ""ticker_sentiment_score"": ""0.119066"", ""ticker_sentiment_label"": ""Neutral""}, {""ticker"": ""CRYPTO:XLM"", ""relevance_score"": ""0.013015"", ""ticker_sentiment_score"": ""0.387886"", ""ticker_sentiment_label"": ""Bullish""}, {""ticker"": ""CRYPTO:LINK"", ""relevance_score"": ""0.026028"", ""ticker_sentiment_score"": ""0.279662"", ""ticker_sentiment_label"": ""Somewhat-Bullish""}, {""ticker"": ""CRYPTO:LTC"", ""relevance_score"": ""0.026028"", ""ticker_sentiment_score"": ""-0.006767"", ""ticker_sentiment_label"": ""Neutral""}, {""ticker"": ""CRYPTO:TRX"", ""relevance_score"": ""0.013015"", ""ticker_sentiment_score"": ""0.174259"", ""ticker_sentiment_label"": ""Somewhat-Bullish""}, {""ticker"": ""CRYPTO:XMR"", ""relevance_score"": ""0.026028"", ""ticker_sentiment_score"": ""0.239906"", ""ticker_sentiment_label"": ""Somewhat-Bullish""}, {""ticker"": ""CRYPTO:ADA"", ""relevance_score"": ""0.026028"", ""ticker_sentiment_score"": ""0.0"", ""ticker_sentiment_label"": ""Neutral""}]"
2025-05-07,"South Korea's Democratic Party leader Lee Jae-myung has reportedly become the latest presidential candidate to promise the approval of spot crypto exchange-traded funds ( ETFs ) and other crypto-friendly measures, should he be elected.Lee announced his crypto promises on May 6 as part of a ...",Cointelegraph,https://cointelegraph.com/news/south-korean-presidential-front-runner-pledges-approve-crypto-etfs,0.175221,https://cointelegraph.com/news/south-korean-presidential-front-runner-pledges-approve-crypto-etfs,South Korea presidential front-runner pledges to approve Bitcoin ETFs,Brayden Lindrea,https://s3.cointelegraph.com/uploads/2025-05/0196a90f-e536-7665-9878-32b503ae86f1,cointelegraph.com,"Blockchain,Financial Markets",0.25936,Somewhat-Bullish,"[{""ticker"": ""CRYPTO:BTC"", ""relevance_score"": ""0.175221"", ""ticker_sentiment_score"": ""-0.197969"", ""ticker_sentiment_label"": ""Somewhat-Bearish""}, {""ticker"": ""CRYPTO:ETH"", ""relevance_score"": ""0.175221"", ""ticker_sentiment_score"": ""-0.197969"", ""ticker_sentiment_label"": ""Somewhat-Bearish""}]"
2025-05-07,"Investors have been piling into BlackRock's spot Bitcoin exchange-traded fund for over three weeks straight, culminating in the asset's run up to $97,000 on May 7.The BlackRock iShares Bitcoin Trust has seen 16 days of inflows for the spot BTC ETF, with a further 280 Bitcoin ( BTC ) or around ...",Cointelegraph,https://cointelegraph.com/news/blackrock-bitcoin-etf-sees-16-day-inflow-streak-btc-reclaims-97k,0.153961,https://cointelegraph.com/news/blackrock-bitcoin-etf-sees-16-day-inflow-streak-btc-reclaims-97k,BlackRock Bitcoin ETF clocks 16 days of inflow as BTC reclaims $97K,Martin Young,https://s3.cointelegraph.com/uploads/2025-05/0196a90d-b1fa-7362-8d68-8ef547e93762,cointelegraph.com,Financial Markets,0.166605,Somewhat-Bullish,"[{""ticker"": ""CRYPTO:BTC"", ""relevance_score"": ""0.901156"", ""ticker_sentiment_score"": ""0.301319"", ""ticker_sentiment_label"": ""Somewhat-Bullish""}, {""ticker"": ""CRYPTO:ETH"", ""relevance_score"": ""0.153961"", ""ticker_sentiment_score"": ""0.046213"", ""ticker_sentiment_label"": ""Neutral""}]"
2025-05-07,"WINNIPEG, Manitoba, May 07, 2025 ( GLOBE NEWSWIRE ) -- 7Bit Casino is a massive hit among the online casinos in Canada for 2025, especially for players who love crypto. It's packed with exciting games, super easy payment options, and a vibe that puts players first.",Benzinga,https://www.benzinga.com/pressreleases/25/05/g45249194/best-online-casinos-canada-7bit-casino-voted-1-by-experts-for-canadian-players,0.036513,https://www.benzinga.com/pressreleases/25/05/g45249194/best-online-casinos-canada-7bit-casino-voted-1-by-experts-for-canadian-players,Best Online Casinos Canada: 7Bit Casino Voted #1 by Experts for Canadian Players,Globe Newswire,https://www.benzinga.com/next-assets/images/schema-image-default.png,www.benzinga.com,Blockchain,0.595355,Bullish,"[{""ticker"": ""MA"", ""relevance_score"": ""0.012175"", ""ticker_sentiment_score"": ""0.190184"", ""ticker_sentiment_label"": ""Somewhat-Bullish""}, {""ticker"": ""CRYPTO:BTC"", ""relevance_score"": ""0.07295"", ""ticker_sentiment_score"": ""0.309687"", ""ticker_sentiment_label"": ""Somewhat-Bullish""}, {""ticker"": ""CRYPTO:ETH"", ""relevance_score"": ""0.036513"", ""ticker_sentiment_score"": ""0.202104"", ""ticker_sentiment_label"": ""Somewhat-Bullish""}, {""ticker"": ""CRYPTO:DOGE"", ""relevance_score"": ""0.012175"", ""ticker_sentiment_score"": ""0.161254"", ""ticker_sentiment_label"": ""Somewhat-Bullish""}, {""ticker"": ""CRYPTO:LTC"", ""relevance_score"": ""0.036513"", ""ticker_sentiment_score"": ""0.202104"", ""ticker_sentiment_label"": ""Somewhat-Bullish""}]"
2025-05-07,"SINGAPORE, May 07, 2025 ( GLOBE NEWSWIRE ) -- Intchains Group Limited ( Nasdaq: ICG ) ( ""we,"" or the ""Company"" ) , a company that engages in the provision of altcoin mining products, the strategic acquisition and holding of Ethereum-based cryptocurrencies, and the active development of ...",GlobeNewswire,https://www.globenewswire.com/news-release/2025/05/07/3075776/0/en/Intchains-Group-Limited-to-Report-Unaudited-First-Quarter-2025-Financial-Results-on-Thursday-May-22-2025.html,0.363388,https://www.globenewswire.com/news-release/2025/05/07/3075776/0/en/Intchains-Group-Limited-to-Report-Unaudited-First-Quarter-2025-Financial-Results-on-Thursday-May-22-2025.html,"Intchains Group Limited to Report Unaudited First Quarter 2025 Financial Results on Thursday, May 22, 2025","Shanghai Intchains Technology Co.,Ltd.",,www.globenewswire.com,"Earnings,Blockchain",0.205747,Somewhat-Bullish,"[{""ticker"": ""ICG"", ""relevance_score"": ""0.521465"", ""ticker_sentiment_score"": ""0.384107"", ""ticker_sentiment_label"": ""Bullish""}, {""ticker"": ""CRYPTO:ETH"", ""relevance_score"": ""0.363388"", ""ticker_sentiment_score"": ""0.307356"", ""ticker_sentiment_label"": ""Somewhat-Bullish""}]"
2025-05-07,"A hacker involved in the $4.67 million exploit of the decentralized finance lending protocol Voltage Finance in 2022 has moved some of the stolen Ether to Tornado Cash after a short hibernation. Blockchain security firm CertiK said in a May 6 post to X that the 100 Ether ( ETH ) , worth $182,783 ...",Cointelegraph,https://cointelegraph.com/news/hacker-from-2022-voltage-finance-exploit-moves-eth-to-tornado-cash,0.349329,https://cointelegraph.com/news/hacker-from-2022-voltage-finance-exploit-moves-eth-to-tornado-cash,Voltage Finance exploiter moves $182K in ETH to Tornado Cash,Stephen Katte,https://s3.cointelegraph.com/uploads/2025-05/0196a94d-05a5-79cb-bd60-1c95faf7530b,cointelegraph.com,Blockchain,-0.212188,Somewhat-Bearish,"[{""ticker"": ""CRYPTO:BTC"", ""relevance_score"": ""0.265859"", ""ticker_sentiment_score"": ""-0.094421"", ""ticker_sentiment_label"": ""Neutral""}, {""ticker"": ""CRYPTO:ETH"", ""relevance_score"": ""0.349329"", ""ticker_sentiment_score"": ""-0.191077"", ""ticker_sentiment_label"": ""Somewhat-Bearish""}, {""ticker"": ""CRYPTO:WBTC"", ""relevance_score"": ""0.179121"", ""ticker_sentiment_score"": ""-0.19816"", ""ticker_sentiment_label"": ""Somewhat-Bearish""}, {""ticker"": ""CRYPTO:BUSD"", ""relevance_score"": ""0.179121"", ""ticker_sentiment_score"": ""-0.19816"", ""ticker_sentiment_label"": ""Somewhat-Bearish""}]"
2025-05-07,"Tether deployed its flagship stablecoin, USDt, on the Kaia blockchain as part of a broader collaboration with Line Next, the Web3 arm of Line, Japan's popular messaging platform with more than 196 million monthly active users.The integration means USDt ( USDT ) will now be supported across ...",Cointelegraph,https://cointelegraph.com/news/tether-usdt-kaia-line-stablecoin-launch,0.095517,https://cointelegraph.com/news/tether-usdt-kaia-line-stablecoin-launch,"Tether launches on Kaia, brings USDt to LINE's 196M user ecosystem",Amin Haqshanas,https://s3.cointelegraph.com/uploads/2025-05/0196a9b3-2be0-718d-8350-d296b3381f7e,cointelegraph.com,Blockchain,0.258028,Somewhat-Bullish,"[{""ticker"": ""CRYPTO:BTC"", ""relevance_score"": ""0.095517"", ""ticker_sentiment_score"": ""0.20781"", ""ticker_sentiment_label"": ""Somewhat-Bullish""}, {""ticker"": ""CRYPTO:ETH"", ""relevance_score"": ""0.095517"", ""ticker_sentiment_score"": ""0.0"", ""ticker_sentiment_label"": ""Neutral""}, {""ticker"": ""CRYPTO:USDT"", ""relevance_score"": ""0.719858"", ""ticker_sentiment_score"": ""0.411504"", ""ticker_sentiment_label"": ""Bullish""}, {""ticker"": ""CRYPTO:DLT"", ""relevance_score"": ""0.095517"", ""ticker_sentiment_score"": ""0.107141"", ""ticker_sentiment_label"": ""Neutral""}]"
2025-05-07,Movement Labs has fired co-founder Rushi Manche and rebranded as Move Industries following a token dumping scandal and market maker backlash.,Decrypt.co,https://decrypt.co/318292/movement-labs-terminates-co-founder-rushi-manche,0.100308,https://decrypt.co/318292/movement-labs-terminates-co-founder-rushi-manche,Movement Labs Terminates Co-Founder Rushi Manche Following Chaotic Week,Vismaya V,https://cdn.decrypt.co/resize/1024/height/512/wp-content/uploads/2022/07/running_jogging-e1658071648181-gID_7.jpg,decrypt.co,"Finance,Financial Markets",-0.260873,Somewhat-Bearish,"[{""ticker"": ""COIN"", ""relevance_score"": ""0.100308"", ""ticker_sentiment_score"": ""-0.243543"", ""ticker_sentiment_label"": ""Somewhat-Bearish""}, {""ticker"": ""CRYPTO:ETH"", ""relevance_score"": ""0.100308"", ""ticker_sentiment_score"": ""-0.41936"", ""ticker_sentiment_label"": ""Bearish""}]"
2025-05-07,Understanding the potential of the altcoin market with VentureX.,Benzinga,https://www.benzinga.com/pressreleases/25/05/g45245605/vc-venturex-rebalances-portfolio-ahead-of-anticipated-altcoin-supercycle-in-2025,0.203045,https://www.benzinga.com/pressreleases/25/05/g45245605/vc-venturex-rebalances-portfolio-ahead-of-anticipated-altcoin-supercycle-in-2025,VC VentureX Rebalances Portfolio Ahead of Anticipated Altcoin Supercycle in 2025,Globe Newswire,https://www.benzinga.com/next-assets/images/schema-image-default.png,www.benzinga.com,"Economy - Monetary,Blockchain,Financial Markets",0.366397,Bullish,"[{""ticker"": ""CRYPTO:BTC"", ""relevance_score"": ""0.122685"", ""ticker_sentiment_score"": ""0.162976"", ""ticker_sentiment_label"": ""Somewhat-Bullish""}, {""ticker"": ""CRYPTO:ETH"", ""relevance_score"": ""0.203045"", ""ticker_sentiment_score"": ""0.485483"", ""ticker_sentiment_label"": ""Bullish""}, {""ticker"": ""CRYPTO:AAVE"", ""relevance_score"": ""0.163078"", ""ticker_sentiment_score"": ""0.361744"", ""ticker_sentiment_label"": ""Bullish""}, {""ticker"": ""CRYPTO:LTC"", ""relevance_score"": ""0.163078"", ""ticker_sentiment_score"": ""0.400214"", ""ticker_sentiment_label"": ""Bullish""}, {""ticker"": ""CRYPTO:BCH"", ""relevance_score"": ""0.163078"", ""ticker_sentiment_score"": ""0.365616"", ""ticker_sentiment_label"": ""Bullish""}]"
2025-05-07,"2024 was a great year for cryptocurrencies, with the total value of all coins and tokens soaring to an all-time high of $3.9 trillion shortly after President Trump was elected in November. Investors were excited about his pro-crypto stance and the friendly policies that might follow.Even ...",Motley Fool,https://www.fool.com/investing/2025/05/07/can-shiba-inu-reach-1-in-2025-the-answer-might-blo/,0.04823,https://www.fool.com/investing/2025/05/07/can-shiba-inu-reach-1-in-2025-the-answer-might-blo/,Can Shiba Inu Reach $1 in 2025? The Answer Might Blow Your Mind.,Anthony Di Pizio,https://g.foolcdn.com/image/?url=https%3A%2F%2Fg.foolcdn.com%2Feditorial%2Fimages%2F817143%2Fa-shiba-inu-dog-sitting-in-front-of-a-blank-chalk-board.jpg&op=resize&w=700,www.fool.com,"Economy - Monetary,Financial Markets,Finance,Blockchain",0.148745,Neutral,"[{""ticker"": ""COIN"", ""relevance_score"": ""0.04823"", ""ticker_sentiment_score"": ""0.116909"", ""ticker_sentiment_label"": ""Neutral""}, {""ticker"": ""CRYPTO:BTC"", ""relevance_score"": ""0.143987"", ""ticker_sentiment_score"": ""0.083137"", ""ticker_sentiment_label"": ""Neutral""}, {""ticker"": ""CRYPTO:ETH"", ""relevance_score"": ""0.04823"", ""ticker_sentiment_score"": ""0.064839"", ""ticker_sentiment_label"": ""Neutral""}, {""ticker"": ""CRYPTO:SHIB"", ""relevance_score"": ""0.63573"", ""ticker_sentiment_score"": ""0.196306"", ""ticker_sentiment_label"": ""Somewhat-Bullish""}]"
2025-05-07,"Ethereum - the network that unleashed smart contracts on the world - moves on to the next chapter with today's Pectra upgrade, but what does it really mean?Pectra is scheduled to go live on Ethereum mainnet at the state of epoch 364032, May 7, 2025, at around 10:00 am UTC. The three main ...",Cointelegraph,https://cointelegraph.com/news/ethereum-s-pectra-network-upgrade-goes-live-today-what-to-expect,0.691369,https://cointelegraph.com/news/ethereum-s-pectra-network-upgrade-goes-live-today-what-to-expect,Ethereum's Pectra network upgrade goes live today: What to expect,Adrian Zmudzinski,https://s3.cointelegraph.com/uploads/2025-05/0196aa06-b481-7144-94f0-cb63d1d21437,cointelegraph.com,,0.152722,Somewhat-Bullish,"[{""ticker"": ""CRYPTO:BTC"", ""relevance_score"": ""0.054114"", ""ticker_sentiment_score"": ""0.0"", ""ticker_sentiment_label"": ""Neutral""}, {""ticker"": ""CRYPTO:ETH"", ""relevance_score"": ""0.691369"", ""ticker_sentiment_score"": ""0.322629"", ""ticker_sentiment_label"": ""Somewhat-Bullish""}]"
2025-05-07,"The Pectra upgrade enables new wallet smart contract features, enhanced validator economics, and improved scalability on Ethereum.",Decrypt.co,https://decrypt.co/318275/ethereum-rolls-out-pectra-most-ambitious-upgrade-yet,0.48028,https://decrypt.co/318275/ethereum-rolls-out-pectra-most-ambitious-upgrade-yet,"Ethereum Rolls Out Pectra, Its 'Most Ambitious Upgrade Yet'",Vince Dioquino,https://cdn.decrypt.co/resize/1024/height/512/wp-content/uploads/2024/08/ethereum-eth-coin-gID_7.png,decrypt.co,,0.219069,Somewhat-Bullish,"[{""ticker"": ""CRYPTO:BTC"", ""relevance_score"": ""0.05133"", ""ticker_sentiment_score"": ""-0.026025"", ""ticker_sentiment_label"": ""Neutral""}, {""ticker"": ""CRYPTO:ETH"", ""relevance_score"": ""0.48028"", ""ticker_sentiment_score"": ""0.158237"", ""ticker_sentiment_label"": ""Somewhat-Bullish""}]"
2025-05-07,"ROAD TOWN, British Virgin Islands, May 07, 2025 ( GLOBE NEWSWIRE ) -- XRP News Today - Ripple is making headlines once again as CME Group gears up to launch XRP futures on May 19, signaling a potential surge in institutional interest.",Benzinga,https://www.benzinga.com/pressreleases/25/05/g45247608/xrp-news-today-cme-to-launch-xrp-futures-on-may-19-stratovm-surges-2-939-as-analysts-eye-10-xrp-ta,0.091509,https://www.benzinga.com/pressreleases/25/05/g45247608/xrp-news-today-cme-to-launch-xrp-futures-on-may-19-stratovm-surges-2-939-as-analysts-eye-10-xrp-ta,"XRP News Today: CME to Launch XRP Futures on May 19 - StratoVM Surges 2,939% as Analysts Eye $10 XRP Target This Summer",Globe Newswire,https://www.benzinga.com/next-assets/images/schema-image-default.png,www.benzinga.com,"Finance,Blockchain,Financial Markets",0.284752,Somewhat-Bullish,"[{""ticker"": ""CME"", ""relevance_score"": ""0.136888"", ""ticker_sentiment_score"": ""0.133492"", ""ticker_sentiment_label"": ""Neutral""}, {""ticker"": ""CRYPTO:BTC"", ""relevance_score"": ""0.472733"", ""ticker_sentiment_score"": ""0.399147"", ""ticker_sentiment_label"": ""Bullish""}, {""ticker"": ""CRYPTO:ETH"", ""relevance_score"": ""0.091509"", ""ticker_sentiment_score"": ""-0.01902"", ""ticker_sentiment_label"": ""Neutral""}, {""ticker"": ""CRYPTO:UNI"", ""relevance_score"": ""0.04583"", ""ticker_sentiment_score"": ""0.11925"", ""ticker_sentiment_label"": ""Neutral""}, {""ticker"": ""CRYPTO:XRP"", ""relevance_score"": ""0.395012"", ""ticker_sentiment_score"": ""0.361423"", ""ticker_sentiment_label"": ""Bullish""}]"
2025-05-07,"Wrapped BTC is being replaced by innovations that build directly on Bitcoin's base-layer security. Sedo says the goal is clear: ""Transform Bitcoin from something you only hold into something you actively use."" Don't miss this list of 10 overlooked stocks-including one paying a 9% dividend-before ...",Benzinga,https://www.benzinga.com/markets/cryptocurrency/25/05/45248184/bitcoin-is-no-longer-just-digital-gold-native-staking-yield-are-redefining-its-role-says-c,0.147818,https://www.benzinga.com/markets/cryptocurrency/25/05/45248184/bitcoin-is-no-longer-just-digital-gold-native-staking-yield-are-redefining-its-role-says-c,"Bitcoin Is No Longer Just Digital Gold - Native Staking, Yield Are Redefining Its Role, Says Core DAO",Murtuza J Merchant,https://cdn.benzinga.com/files/images/story/2025/05/07/Planting-A-Gold-Bitcoin-Coins-Into-The-G.jpeg?width=1200&height=800&fit=crop,www.benzinga.com,"Finance,Blockchain,Financial Markets",0.202024,Somewhat-Bullish,"[{""ticker"": ""COIN"", ""relevance_score"": ""0.147818"", ""ticker_sentiment_score"": ""0.229488"", ""ticker_sentiment_label"": ""Somewhat-Bullish""}, {""ticker"": ""CRYPTO:BTC"", ""relevance_score"": ""0.863955"", ""ticker_sentiment_score"": ""0.321517"", ""ticker_sentiment_label"": ""Somewhat-Bullish""}, {""ticker"": ""CRYPTO:ETH"", ""relevance_score"": ""0.147818"", ""ticker_sentiment_score"": ""-0.017112"", ""ticker_sentiment_label"": ""Neutral""}, {""ticker"": ""CRYPTO:XCP"", ""relevance_score"": ""0.07423"", ""ticker_sentiment_score"": ""-0.013289"", ""ticker_sentiment_label"": ""Neutral""}]"
2025-05-07,"SINGAPORE, May 07, 2025 ( GLOBE NEWSWIRE ) -- Intchains Group Limited ICG ( ""we,"" or the ""Company"" ) , a company that engages in the provision of altcoin mining products, the strategic acquisition and holding of Ethereum-based cryptocurrencies, and the active development of innovative Web3 ...",Benzinga,https://www.benzinga.com/pressreleases/25/05/g45244979/intchains-group-limited-to-report-unaudited-first-quarter-2025-financial-results-on-thursday-may-2,0.303175,https://www.benzinga.com/pressreleases/25/05/g45244979/intchains-group-limited-to-report-unaudited-first-quarter-2025-financial-results-on-thursday-may-2,"Intchains Group Limited to Report Unaudited First Quarter 2025 Financial Results on Thursday, May 22, 2025 - Intchains Gr  ( NASDAQ:ICG ) ",Globe Newswire,https://www.benzinga.com/next-assets/images/schema-image-default.png,www.benzinga.com,"Earnings,Blockchain,Financial Markets",0.224326,Somewhat-Bullish,"[{""ticker"": ""ICG"", ""relevance_score"": ""0.441059"", ""ticker_sentiment_score"": ""0.33568"", ""ticker_sentiment_label"": ""Somewhat-Bullish""}, {""ticker"": ""CRYPTO:ETH"", ""relevance_score"": ""0.303175"", ""ticker_sentiment_score"": ""0.258901"", ""ticker_sentiment_label"": ""Somewhat-Bullish""}]"
2025-05-08,"Leading cryptocurrencies traded sideways on Wednesday, as the Federal Reserve warned of macroeconomic dangers from President Donald Trump's tariff moves. What Happened: Bitcoin encountered tough resistance in the mid-$97,000s throughout the day before breaking the barrier overnight and recovering ...",Benzinga,https://www.benzinga.com/trading-ideas/movers/25/05/45274508/bitcoin-taps-98000-ethereum-dogecoin-steady-as-fed-chair-jerome-powell-raises-trump-tariff-i,0.097457,https://www.benzinga.com/trading-ideas/movers/25/05/45274508/bitcoin-taps-98000-ethereum-dogecoin-steady-as-fed-chair-jerome-powell-raises-trump-tariff-i,"Bitcoin Taps $98,000, Ethereum, Dogecoin Steady As Fed Chair Jerome Powell Raises Trump Tariff-Induced Concerns: Analyst Says ETH Holding Above 'Crucial Level' And Begins Its 'Bounce Upwards' - Grayscale Bitcoin Mini Trust  ( BTC )  Common units of fractional undivided beneficial interest  ( ARCA:BTC ) ",Aniket Verma,https://cdn.benzinga.com/files/images/story/2025/05/07/Solana-Golden-Cryptocurrency-In-Close-up.jpeg?width=1200&height=800&fit=crop,www.benzinga.com,"Economy - Monetary,Financial Markets,Manufacturing,Blockchain",0.039192,Neutral,"[{""ticker"": ""NVDA"", ""relevance_score"": ""0.193465"", ""ticker_sentiment_score"": ""0.071538"", ""ticker_sentiment_label"": ""Neutral""}, {""ticker"": ""CRYPTO:BTC"", ""relevance_score"": ""0.375722"", ""ticker_sentiment_score"": ""0.26584"", ""ticker_sentiment_label"": ""Somewhat-Bullish""}, {""ticker"": ""CRYPTO:ETH"", ""relevance_score"": ""0.097457"", ""ticker_sentiment_score"": ""-0.277332"", ""ticker_sentiment_label"": ""Somewhat-Bearish""}]"
2025-05-08,"ROAD TOWN, British Virgin Islands, May 07, 2025 ( GLOBE NEWSWIRE ) -- Noon Capital has officially launched its public beta in January, entering a saturated stablecoin market with a sharp focus on yield efficiency, user-aligned incentives, and unprecedented transparency.",Benzinga,https://www.benzinga.com/pressreleases/25/05/g45275113/noon-capital-launches-with-a-bold-promise-smarter-yields-fairer-returns-and-transparent-staking-fo,0.035661,https://www.benzinga.com/pressreleases/25/05/g45275113/noon-capital-launches-with-a-bold-promise-smarter-yields-fairer-returns-and-transparent-staking-fo,"Noon Capital Launches with a Bold Promise: Smarter Yields, Fairer Returns, and Transparent Staking for All",Globe Newswire,https://www.benzinga.com/next-assets/images/schema-image-default.png,www.benzinga.com,"Blockchain,Financial Markets",0.253989,Somewhat-Bullish,"[{""ticker"": ""CRYPTO:ETH"", ""relevance_score"": ""0.035661"", ""ticker_sentiment_score"": ""0.0"", ""ticker_sentiment_label"": ""Neutral""}, {""ticker"": ""CRYPTO:UNI"", ""relevance_score"": ""0.035661"", ""ticker_sentiment_score"": ""0.134526"", ""ticker_sentiment_label"": ""Neutral""}, {""ticker"": ""CRYPTO:QSP"", ""relevance_score"": ""0.035661"", ""ticker_sentiment_score"": ""0.155146"", ""ticker_sentiment_label"": ""Somewhat-Bullish""}]"
2025-05-08,"Ethereum's ETH/USD widely anticipated Pectra upgrade failed to have an immediate impact, with the second-largest cryptocurrency barely moving after its activation Wednesday. What happened: ETH was up 0.96%, while trading volume rose scarcely by 0.52% over the last 24 hours.",Benzinga,https://www.benzinga.com/25/05/45275169/ethereum-stagnant-after-pectra-upgrade-but-analyst-deems-the-overhaul-tailwind-that-could-power-eth-above-2000,0.781591,https://www.benzinga.com/25/05/45275169/ethereum-stagnant-after-pectra-upgrade-but-analyst-deems-the-overhaul-tailwind-that-could-power-eth-above-2000,"Ethereum Flat After Pectra Upgrade, But Analyst Foresees Overhaul 'Tailwind' That Could Take ETH Above $2,000",Aniket Verma,https://cdn.benzinga.com/files/images/story/2025/05/07/Ethereum-Virtual-Currency-On-Black-Scree_0.jpeg?width=1200&height=800&fit=crop,www.benzinga.com,"Economy - Monetary,Blockchain,Financial Markets",0.176422,Somewhat-Bullish,"[{""ticker"": ""CRYPTO:ETH"", ""relevance_score"": ""0.781591"", ""ticker_sentiment_score"": ""0.275472"", ""ticker_sentiment_label"": ""Somewhat-Bullish""}]"
