date,price,vol_spot_24h,market_cap
2017-10-18,0.02684535,2351678.122306,696021404.3079604
2017-10-19,0.02682995,2815155.9696,695622018.2559936
2017-10-20,0.03029961,8883473.082063,785580027.6424098
2017-10-21,0.02858796,5308856.917096,741202123.8797704
2017-10-22,0.02779604,2901876.122086,720669848.4724126
2017-10-23,0.02604513,3505126.543112,675273816.053428
2017-10-24,0.0274174,7822397.543948,710852942.3615782
2017-10-25,0.0272693,2513886.637624,707013105.4597949
2017-10-26,0.0265914,2369400.241402,689437113.7144977
2017-10-27,0.02650962,2569633.779336,687316826.4044167
2017-10-28,0.02597641,1729975.272514,673492286.1223357
2017-10-29,0.02835204,4636164.255564,735085222.7844126
2017-10-30,0.02838541,3794753.020104,735950462.4388821
2017-10-31,0.0302511,7251416.95022,784322281.6027645
2017-11-01,0.02309604,7901021.254424,598812560.9812648
2017-11-02,0.02132058,5955251.345758,552780115.686688
2017-11-03,0.02278943,3029089.735904,590863052.9170463
2017-11-04,0.02180208,2455852.837567,565264037.9883977
2017-11-05,0.02202632,2245833.516086,571077843.8126849
2017-11-06,0.02230356,4843621.340866,578266095.092228
2017-11-07,0.02228857,2527154.86621,577877214.2109797
2017-11-08,0.02514635,6534368.13445,651971147.3307619
2017-11-09,0.0327695,20628139.786781,849617009.7707921
2017-11-10,0.02729304,6563683.784284,707628644.4042084
2017-11-11,0.02749852,5632137.891195,712956034.570149
2017-11-12,0.02452165,7550744.664249,635774572.7517922
2017-11-13,0.02511429,4284485.972082,651139900.5067863
2017-11-14,0.02622831,3183479.973195,680023121.191746
2017-11-15,0.02601455,6362414.671899,674481157.867525
2017-11-16,0.02710627,4825255.352786,702786226.652537
2017-11-17,0.02591675,3514321.278196,671945487.478645
2017-11-18,0.02652772,2984199.948861,687786073.938608
2017-11-19,0.02772121,4652800.377164,718729791.325827
2017-11-20,0.03000274,15546079.394535,777883050.1223791
2017-11-21,0.02859822,5910630.576014,741467951.3245009
2017-11-22,0.02873155,4912298.823714,744924903.206561
2017-11-23,0.02794067,5222693.560067,724419632.8116369
2017-11-24,0.02851194,5653201.555709,739231013.334716
2017-11-25,0.03061479,6199363.765145,793751757.5837951
2017-11-26,0.03854787,30963775.99629,999433438.691236
2017-11-27,0.05046904,81568060.725105,1308514307.56615
2017-11-28,0.12072568,341785540.016436,3130063311.79723
2017-11-29,0.09263587,170782434.03361,2401776731.97084
2017-11-30,0.12406471,123583686.659491,3216634513.08707
2017-12-01,0.13084911,54354032.935783,3392534112.11863
2017-12-02,0.13529005,42520482.68666,3507674559.84146
2017-12-03,0.13192855,33634685.308244,3420520703.41699
2017-12-04,0.13631823,73582496.341503,3534332361.0504
2017-12-05,0.13126607,50109378.741091,3403344673.62041
2017-12-06,0.12899801,71389916.560964,3344540395.15708
2017-12-07,0.11349978,63143994.706804,2942716690.04155
2017-12-08,0.11977111,72541326.961392,3105314029.77127
2017-12-09,0.12206968,63562094.44227,3164909210.30234
2017-12-10,0.11075318,44638620.01466,2871505505.06286
2017-12-11,0.1201683,39074223.84499,3115612115.86568
2017-12-12,0.1335739,62282284.191691,3463179987.1099
2017-12-13,0.1343765,62897525.724698,3483989039.4741
2017-12-14,0.21701136,237044480.930081,5626468819.76509
2017-12-15,0.21763441,213587305.957,5642622686.128031
2017-12-16,0.40820445,669971136.228786,10583545519.8641
2017-12-17,0.47558948,590821285.865066,12330642063.9879
2017-12-18,0.50689487,227825786.869163,13142298925.0217
2017-12-19,0.54783125,275998423.608346,14203659365.4663
2017-12-20,0.49229674,184667810.643851,12763812409.1896
2017-12-21,0.49793408,168394697.068554,12909971958.0506
2017-12-22,0.41461712,152919286.608756,10749807285.5968
2017-12-23,0.43637378,90412317.640102,11313893784.0892
2017-12-24,0.40664314,69345060.155033,10543065492.8002
2017-12-25,0.42466438,125437694.646658,11010303256.014
2017-12-26,0.44975688,97612771.389979,11660878365.3454
2017-12-27,0.43055966,84684312.312158,11163150600.8902
2017-12-28,0.4295054,86905712.056108,11135816855.0912
2017-12-29,0.54530904,288839195.142621,14138266037.1358
2017-12-30,0.67857929,674814233.64492,17593573142.3395
2017-12-31,0.7676346,312335398.065627,19902516520.1189
2018-01-01,0.74714042,150103426.408784,19371162465.4129
2018-01-02,0.80743025,290148321.463177,20934301068.7051
2018-01-03,1.0754011,672172539.656619,27882000207.037376
2018-01-04,1.17934702,587865819.622181,30577013247.750748
2018-01-05,1.07782118,507435198.650385,27944745852.342552
2018-01-06,1.09378017,311308025.149946,28358515684.962
2018-01-07,1.05285368,231753940.090916,27297411640.984287
2018-01-08,0.94189993,271755252.748139,24420705964.95028
2018-01-09,0.86620154,214077772.774214,22458068418.789967
2018-01-10,0.81644171,241226048.655068,21167941691.567257
2018-01-11,0.72746173,240846066.208047,18860951569.23562
2018-01-12,0.96232864,400879519.071237,24950362576.850266
2018-01-13,0.93790719,324020183.070535,24317185758.156223
2018-01-14,0.84188953,164758594.719644,21827729140.9422
2018-01-15,0.82240407,223039389.074262,21322528449.849503
2018-01-16,0.63821774,182356185.249448,16547116341.812134
2018-01-17,0.64956716,197027150.936423,16841373613.692904
2018-01-18,0.67135613,147757610.919682,17406297666.39785
2018-01-19,0.66575145,106464152.843638,17260984826.57194
2018-01-20,0.73400093,109953899.261128,19030494009.787533
2018-01-21,0.62903308,67487204.5258,16308985081.69988
2018-01-22,0.58135117,68808151.801951,15072732765.27117
2018-01-23,0.56485086,62623864.032755,14644928136.54389
2018-01-24,0.62487763,120247479.667287,16201246474.65611
2018-01-25,0.63963833,113543205.046264,16583948028.889128
2018-01-26,0.62060103,86436298.952482,16090366555.84459
2018-01-27,0.62546372,45494958.251873,16216442032.255064
2018-01-28,0.63057637,51114212.46583,16348997933.466618
2018-01-29,0.59247072,54376792.26218,15361030088.121368
2018-01-30,0.58794921,54034613.730166,15243800575.340412
2018-01-31,0.50171657,60904687.425443,13008040886.538809
2018-02-01,0.49946191,58966605.099242,12949584182.16657
2018-02-02,0.41192005,86000222.893148,10679880232.857231
2018-02-03,0.39990285,165611115.058711,10368309335.206608
2018-02-04,0.44804272,138106828.268012,11616435329.209091
2018-02-05,0.3950651,83335835.56426,10242880678.661112
2018-02-06,0.31001162,69466413.88385,8037693087.781534
2018-02-07,0.35997582,108155653.233303,9333118561.777338
2018-02-08,0.33025487,58421560.152459,8562541270.261039
2018-02-09,0.34237167,23763678.044437,8876694440.631031
2018-02-10,0.37724601,58814949.314856,9780883840.490557
2018-02-11,0.38445487,93596129.66885,9967788470.048504
2018-02-12,0.35515769,32670730.669898,9208198538.78658
2018-02-13,0.37192083,49329420.43797,9642817703.442707
2018-02-14,0.35475744,50797813.492325,9197821234.78999
2018-02-15,0.38574353,62947697.432239,10001199718.785206
2018-02-16,0.39091044,53183519.864768,10135162525.688318
2018-02-17,0.39076214,57409442.88685,10131317515.171017
2018-02-18,0.41475538,78769451.854812,10753391912.094912
2018-02-19,0.36880412,49090687.346982,9562010500.488642
2018-02-20,0.37366498,47764084.925342,9688038375.967484
2018-02-21,0.35618085,61634100.151506,9234726032.628311
2018-02-22,0.31548442,38964450.408996,8179586702.803374
2018-02-23,0.31734952,39605926.757607,8227943261.568292
2018-02-24,0.32549418,47102348.274124,8439110489.178211
2018-02-25,0.30282513,30548017.683703,7851368481.219357
2018-02-26,0.33205787,71917005.916489,8609287739.963198
2018-02-27,0.32859066,59971698.446942,8519393200.267969
2018-02-28,0.33008855,43595311.863695,8558229137.487253
2018-03-01,0.30580623,42777371.554243,7928659808.4275055
2018-03-02,0.29982935,69019786.037076,7773696581.449849
2018-03-03,0.29141113,49647483.404019,7555437035.662186
2018-03-04,0.28973993,50351067.008506,7512107676.780925
2018-03-05,0.29609729,41440713.657395,7676935261.594904
2018-03-06,0.29517409,75174582.890986,7652999348.6942835
2018-03-07,0.27834282,42013215.802089,7216613807.962063
2018-03-08,0.24457188,60496864.483183,6341032338.29802
2018-03-09,0.2157389,42272553.651507,5593477586.097112
2018-03-10,0.21124978,49682507.708461,5477088005.978487
2018-03-11,0.20501892,34399754.649275,5315540005.62983
2018-03-12,0.21999454,32635606.518354,5703813864.632639
2018-03-13,0.22454218,195011717.089364,5821720867.547897
2018-03-14,0.22159016,104229952.935723,5745183583.933478
2018-03-15,0.20027712,146577842.116832,5192598889.0353775
2018-03-16,0.18734302,213685102.2486,4857255772.470365
2018-03-17,0.18206791,103318371.344009,4720487462.286379
2018-03-18,0.15804012,84174499.432068,4097517382.940725
2018-03-19,0.15605259,206870346.724902,4045986534.7493744
2018-03-20,0.19463663,333093443.506478,5046357646.364046
2018-03-21,0.20375635,259733129.078256,5282805381.305196
2018-03-22,0.21588196,271312135.784416,5597186818.920311
2018-03-23,0.20377531,209925461.771575,5283296834.798736
2018-03-24,0.18928757,150987639.648166,4907672061.541784
2018-03-25,0.18911689,138676434.736979,4903246900.005553
2018-03-26,0.18485617,63276264.759483,4792778941.808358
2018-03-27,0.16780512,122615730.542989,4350695257.030704
2018-03-28,0.15567516,110269538.205911,4036200883.1694
2018-03-29,0.15990271,63290185.106982,4145808904.641328
2018-03-30,0.14625632,107780151.345503,3791998051.5225577
2018-03-31,0.1467209,124911837.805939,3804043139.597956
2018-04-01,0.15553196,118207280.747211,4032488129.163164
2018-04-02,0.15164477,104945875.806742,3931704554.283765
2018-04-03,0.15650317,106347391.598412,4057668691.5807934
2018-04-04,0.1728621,164704238.677393,4481807929.111985
2018-04-05,0.1556924,160515627.588687,4036647887.1739626
2018-04-06,0.15018647,118224971.95898,3893895204.597785
2018-04-07,0.14438698,52008384.423588,3743531502.0211625
2018-04-08,0.14813152,50524949.529939,3840616285.4536366
2018-04-09,0.15621992,52462507.80585,4050324764.359821
2018-04-10,0.15321778,96981159.383504,3972488225.928621
2018-04-11,0.15645862,59572017.201804,4056513587.1202087
2018-04-12,0.1658109,99285298.202835,4298990958.47938
2018-04-13,0.21285055,508525215.264558,5518591199.446529
2018-04-14,0.19893246,229098350.794323,5157735882.084197
2018-04-15,0.19954658,115064004.018249,5173658186.642023
2018-04-16,0.22105539,172115119.089665,5731318573.020033
2018-04-17,0.25620473,698342753.853661,6642638169.188739
2018-04-18,0.24346264,534960843.527335,6312273073.729124
2018-04-19,0.26051756,186344034.704418,6754457074.459332
2018-04-20,0.27251094,243857941.787658,7065410441.847096
2018-04-21,0.29437877,325740024.752447,7632379082.387709
2018-04-22,0.29141968,300403083.777002,7555658704.320992
2018-04-23,0.28420781,162687316.445051,7368675869.351509
2018-04-24,0.28760051,131169435.712012,7456638794.912968
2018-04-25,0.3132858,371680030.034034,8122583149.910371
2018-04-26,0.26982232,355475589.754431,6995702373.248101
2018-04-27,0.29353816,231323098.718121,7610584481.91059
2018-04-28,0.2893035,204407851.124137,7500792228.995091
2018-04-29,0.35582331,675280301.495961,9225455979.40368
2018-04-30,0.36305018,663808565.60621,9412827551.489891
2018-05-01,0.34119557,306764418.349506,8846201709.85237
2018-05-02,0.35634536,380935416.103005,9238991409.668213
2018-05-03,0.36946448,272233287.725493,9579131634.26301
2018-05-04,0.37194975,165672728.618682,9643567357.665165
2018-05-05,0.35878214,177767683.040177,9302169914.90149
2018-05-06,0.36531319,143983962.496349,9471500874.054344
2018-05-07,0.34903139,154299592.842055,9049361476.672165
2018-05-08,0.33428333,178306891.701421,8666987502.581638
2018-05-09,0.32181794,85389551.73248,8343796407.84273
2018-05-10,0.31599426,97252505.479655,8192805380.361583
2018-05-11,0.29529567,123637937.874709,7656151644.396378
2018-05-12,0.2612811,350849593.744759,6774253494.478348
2018-05-13,0.27120094,266175944.388484,7031446020.6844845
2018-05-14,0.28557429,187036760.628113,7404104812.280748
2018-05-15,0.27394454,164701733.275053,7102579510.744984
2018-05-16,0.2591704,98957494.770721,6719529327.023004
2018-05-17,0.25596444,113660462.129256,6636408141.7096
2018-05-18,0.24351749,84378691.164257,6313695018.965212
2018-05-19,0.24225753,54721647.130517,6281028100.204625
2018-05-20,0.23978138,43595675.764283,6216828647.099071
2018-05-21,0.25443191,107667684.070018,6596674053.501935
2018-05-22,0.24806124,87861811.373017,6431501377.871701
2018-05-23,0.22445223,80490595.039196,5819388790.113605
2018-05-24,0.20075895,83690006.165999,5205091571.732241
2018-05-25,0.20810629,136489355.072059,5395586518.183658
2018-05-26,0.20086776,85060735.565013,5207912610.878785
2018-05-27,0.19642006,64213336.976587,5092596631.127384
2018-05-28,0.19342414,62696530.774957,5014921390.070732
2018-05-29,0.17481982,96436638.142915,4532565751.368966
2018-05-30,0.20321853,195367772.22268,5268861129.542903
2018-05-31,0.21201677,231891894.569433,5496973632.287698
2018-06-01,0.22435581,210587950.484578,5816888952.216082
2018-06-02,0.22200946,133880171.887845,5756055059.088695
2018-06-03,0.22660878,119984983.164859,5875301771.788253
2018-06-04,0.22643984,119438315.489208,5870921805.93936
2018-06-05,0.21371746,118932865.68916,5541067652.353646
2018-06-06,0.2193392,126118003.313799,5686822945.012366
2018-06-07,0.2152478,87531548.708106,5580744991.497369
2018-06-08,0.20922545,78553211.883069,5424602929.721928
2018-06-09,0.20434565,72235000.983175,5298084001.583041
2018-06-10,0.20010454,51331885.073887,5188124542.274455
2018-06-11,0.17700556,140182776.982938,4589235759.840144
2018-06-12,0.18101254,94615123.954322,4693124923.404408
2018-06-13,0.16616143,85228066.319904,4308079122.7975445
2018-06-14,0.16060084,107052294.646262,4163909308.490041
2018-06-15,0.17171259,204772329.274163,4452004368.039292
2018-06-16,0.16215431,76574765.246101,4204186352.2558303
2018-06-17,0.16235552,43419330.576452,4209403030.29778
2018-06-18,0.16021505,36508695.438515,4153906909.52373
2018-06-19,0.16349239,58000555.614274,5086654525.278564
2018-06-20,0.16664532,73982112.71645,5184750085.592651
2018-06-21,0.16166876,85641307.727287,5029916911.976811
2018-06-22,0.15830872,42401057.60243,4925377663.485355
2018-06-23,0.14048488,81070695.977592,4370833793.374681
2018-06-24,0.13878316,40640076.434753,4317888876.977662
2018-06-25,0.13213536,76993945.577951,4111059349.262947
2018-06-26,0.13515729,60914268.918403,4205079139.7386656
2018-06-27,0.12605289,33825704.583285,3921818752.144098
2018-06-28,0.12700558,40143616.641351,3951459227.543009
2018-06-29,0.11951513,42471511.563334,3718412520.854829
2018-06-30,0.12512278,70704522.63691,3892880584.750777
2018-07-01,0.1378271,109337178.07661,4288143511.2185006
2018-07-02,0.14150419,112348377.83277,4402546876.602955
2018-07-03,0.15359194,130902702.740701,4778626942.254823
2018-07-04,0.14985611,108874472.991455,4662395905.4953165
2018-07-05,0.1508084,89312435.471013,4692024005.971024
2018-07-06,0.14744332,75502631.237339,4587327957.908843
2018-07-07,0.14544402,71050257.753594,4525124870.366038
2018-07-08,0.14803827,50678197.151123,4605838463.322896
2018-07-09,0.14532769,50052280.227566,4521505439.04668
2018-07-10,0.13965505,43350203.387002,4345015501.25221
2018-07-11,0.1286691,63780388.60281,4003215315.912768
2018-07-12,0.13127531,51858453.668423,4084300999.331908
2018-07-13,0.12684678,38798934.368142,3946518508.2508974
2018-07-14,0.13718089,97185026.194513,4268038326.4091306
2018-07-15,0.13683083,56758192.093108,4257146957.8588233
2018-07-16,0.14212862,51504850.002047,4421974586.686708
2018-07-17,0.15949575,123611130.340709,4962309005.760744
2018-07-18,0.17094624,150632561.88004,5318562116.83789
2018-07-19,0.17925642,327859302.646987,5577112658.37009
2018-07-20,0.18103306,222316375.215861,5632388208.212688
2018-07-21,0.16229084,215935098.368053,5049271290.773079
2018-07-22,0.16313484,130500992.651238,5075530346.665262
2018-07-23,0.16966711,141054329.937149,5278765373.512751
2018-07-24,0.16444067,146409700.633897,5116157841.492552
2018-07-25,0.1728539,196859871.409566,5377914223.510212
2018-07-26,0.17212923,131393725.003545,5355368115.626089
2018-07-27,0.16471652,91064087.247743,5124740103.87938
2018-07-28,0.16513332,104268002.318621,5137707971.5831375
2018-07-29,0.16351444,50480410.910599,5087340349.0481
2018-07-30,0.16334411,48132238.692484,5082041213.514109
2018-07-31,0.1538614,74698278.393635,4787010510.186205
2018-08-01,0.14306517,99077327.120285,4451112815.662084
2018-08-02,0.14092886,90178073.481861,4384646883.748479
2018-08-03,0.13171648,76242224.642082,4098027065.024848
2018-08-04,0.13011679,89947943.985011,4048256571.621794
2018-08-05,0.12693422,66524246.438821,3949238974.4571247
2018-08-06,0.13098738,53162936.656373,4075342898.511921
2018-08-07,0.13025878,66660235.963117,4052674327.101943
2018-08-08,0.12516207,67821011.040586,3894103015.092145
2018-08-09,0.11446936,100878371.981179,3561426307.014625
2018-08-10,0.12320652,117174724.776724,3833261002.315823
2018-08-11,0.11566882,106177876.124072,3598744351.4190693
2018-08-12,0.11113328,101671731.173753,3457632515.548429
2018-08-13,0.11234656,64129653.200757,3495380643.915492
2018-08-14,0.10394245,72874925.282518,3233907851.4019337
2018-08-15,0.09458728,141265235.710611,2942845393.7772417
2018-08-16,0.09458962,107262392.827283,2935686756.6636543
2018-08-17,0.09516442,57527997.87885,2960108997.307976
2018-08-18,0.10991278,118693524.228229,3419659529.446576
2018-08-19,0.09965655,109323815.313721,3100562761.095236
2018-08-20,0.10244332,54534210.093635,3187266160.2708416
2018-08-21,0.09382954,55330631.76562,2919270216.9139543
2018-08-22,0.09489304,53931658.244866,2952926214.598613
2018-08-23,0.08994678,70752219.337201,2797856425.970636
2018-08-24,0.09234223,42398603.842153,2872996316.9687214
2018-08-25,0.09427674,39339909.768628,2933435848.177201
2018-08-26,0.09447831,34263617.564097,2944391514.6778374
2018-08-27,0.09332999,30483200.134592,2892182364.4038644
2018-08-28,0.10091575,62948151.712365,3132235466.034172
2018-08-29,0.10569544,91666529.466819,3288447631.7808075
2018-08-30,0.10533272,94067635.223434,3284313693.998932
2018-08-31,0.10089392,74150720.912224,3145985259.465431
2018-09-01,0.10222952,50496644.823135,3180792979.820028
2018-09-02,0.10742366,79478343.317769,3342177673.128671
2018-09-03,0.10554666,67143765.819576,3285356397.462127
2018-09-04,0.10362329,47835565.147367,3221965153.2290845
2018-09-05,0.10529341,56377369.892449,3275947567.004889
2018-09-06,0.08858894,105140724.834825,2754520362.80453
2018-09-07,0.08844954,91513177.259165,2751886526.2543106
2018-09-08,0.08330283,48624757.181797,2591797898.347765
2018-09-09,0.07784869,43510093.872599,2421433166.5035315
2018-09-10,0.076393,56659982.711172,2376844835.393193
2018-09-11,0.07341989,51745441.935057,2281645616.868315
2018-09-12,0.07025,59524268.988319,2186171740.7328305
2018-09-13,0.06663836,110527608.63344,2073257856.0413413
2018-09-14,0.06989891,98333779.628017,2176534288.576576
2018-09-15,0.0681112,74151647.660451,2124660084.5886688
2018-09-16,0.06933533,43581137.005958,2156768492.834292
2018-09-17,0.06992685,41967155.978138,2175598093.6137733
2018-09-18,0.06370371,57130960.763226,1980644946.9797056
2018-09-19,0.06926058,83881538.293069,2155140506.726793
2018-09-20,0.07208709,111424352.960163,2242808447.23568
2018-09-21,0.0811618,124799450.506709,2525145224.3579583
2018-09-22,0.08793802,237757692.092272,2735970451.0568385
2018-09-23,0.08368262,95179373.264305,2603147398.429438
2018-09-24,0.08990618,171440269.241395,2800887024.0041494
2018-09-25,0.08277615,100776019.308128,2575307558.4993234
2018-09-26,0.0809812,107058582.673901,2519526466.3177624
2018-09-27,0.07916662,60636381.985832,2465244036.7485533
2018-09-28,0.0863093,117104619.722418,2680098108.3753223
2018-09-29,0.08402466,103511766.419132,2614760090.4608088
2018-09-30,0.0845826,65434385.08818,2633828107.817681
2018-10-01,0.08516891,55038544.976307,2649312387.0925603
2018-10-02,0.0845858,46007641.055427,2634535632.570161
2018-10-03,0.08233175,38692069.5661,2561902549.1837306
2018-10-04,0.08088614,44367995.963467,2521205770.794847
2018-10-05,0.08145796,37175338.878885,2534359448.305556
2018-10-06,0.08319801,36985087.842913,2588000719.266933
2018-10-07,0.08149497,30796838.80159,2535335484.8434434
2018-10-08,0.08461141,39755155.145253,2632395151.45307
2018-10-09,0.0868707,74139669.315852,2703175710.1622486
2018-10-10,0.08642792,44136284.922521,2688659833.6223407
2018-10-11,0.08486044,42325366.817071,2640954970.558748
2018-10-12,0.07100321,88703081.848368,2207564898.371598
2018-10-13,0.07353502,49520957.42368,2290190996.472146
2018-10-14,0.07375966,28192825.387278,2294790703.0837007
2018-10-15,0.07167886,31486256.065385,2232538534.5663447
2018-10-16,0.07571386,85926739.484692,2353322757.9909315
2018-10-17,0.07700144,31081051.51369,2395478887.717165
2018-10-18,0.07876846,42942238.571235,2450912179.8896694
2018-10-19,0.07579857,32405176.841816,2358742832.427716
2018-10-20,0.07641185,21043642.612399,2378591176.688246
2018-10-21,0.07726718,26589022.412439,2404000556.032304
2018-10-22,0.07653815,19516454.855346,2381443090.771206
2018-10-23,0.07652767,22081790.775327,2380966046.799423
2018-10-24,0.07500109,31022218.396757,2333470258.2239914
2018-10-25,0.07468097,26243527.814744,2323510377.88441
2018-10-26,0.07432406,25776852.923965,2312350096.010432
2018-10-27,0.07418254,30519539.380356,2307973630.4846087
2018-10-28,0.07295604,27144868.050533,2269911926.30423
2018-10-29,0.07348245,29318523.85363,2285317104.74122
2018-10-30,0.06968418,47327062.211274,2168080441.722498
2018-10-31,0.06999556,32346620.185467,2177662436.487608
2018-11-01,0.07044519,30032063.726741,2191647000.8604674
2018-11-02,0.07103701,29976386.264735,2210833506.6561737
2018-11-03,0.07317153,38683460.260389,2276564683.51858
2018-11-04,0.07173343,34685386.423138,2231956706.19224
2018-11-05,0.07573271,98787496.27418,2357557057.604241
2018-11-06,0.0762555,81082046.233735,2372497978.989162
2018-11-07,0.0808973,100455935.222889,2513450132.0489936
2018-11-08,0.07897067,72024624.756929,2457743038.468545
2018-11-09,0.07699584,57360574.310546,2400407638.5243406
2018-11-10,0.07466519,37538606.358412,2323758501.992876
2018-11-11,0.07537447,18530875.478823,2338246519.25416
2018-11-12,0.07682329,37089205.090421,2390163457.63137
2018-11-13,0.07638128,37244675.53754,2376411345.716606
2018-11-14,0.07412559,33339738.538325,2307587679.804429
2018-11-15,0.06556044,93846877.98838,2039748182.5844424
2018-11-16,0.06394944,79764127.511296,1990825176.6466649
2018-11-17,0.061398,57998716.509032,1912099868.4340043
2018-11-18,0.06108463,27948586.009859,1902941574.8670275
2018-11-19,0.06206636,26328644.035762,1931136308.422093
2018-11-20,0.0529358,80083328.298111,1653110423.8348863
2018-11-21,0.04537003,97255026.338402,1400510010.361058
2018-11-22,0.04811638,63453500.198505,1497665041.7953606
2018-11-23,0.04388829,35963524.460667,1378016442.09888
2018-11-24,0.04425337,42790645.013459,1376832319.8669653
2018-11-25,0.03872224,44822438.348697,1204780716.4357283
2018-11-26,0.03815037,64818093.350382,1186952754.7036884
2018-11-27,0.03610541,52775767.163194,1128573226.5397682
2018-11-28,0.03669616,34756609.833036,1141712636.3755417
2018-11-29,0.04204329,73417017.977826,1309683378.129645
2018-11-30,0.04184198,68947905.073329,1300488688.4848402
2018-12-01,0.0390599,47948790.026167,1214174049.5144472
2018-12-02,0.04143986,36918151.030778,1292067447.2967343
2018-12-03,0.04150259,40133607.702426,1289518010.2954383
2018-12-04,0.03886985,37504655.859442,1211960522.057314
2018-12-05,0.0375918,37061957.406346,1169458431.3039546
2018-12-06,0.0344626,38312801.362281,1074131854.8499815
2018-12-07,0.03051203,38102028.72042,949289949.0830096
2018-12-08,0.02973221,55396612.939466,920350290.5265232
2018-12-09,0.03038803,38193837.000711,943243023.4964898
2018-12-10,0.03133476,31670290.098473,975080539.8697934
2018-12-11,0.02976513,24273563.308994,926561842.7642256
2018-12-12,0.02933815,19522549.341291,914570155.6769272
2018-12-13,0.03027498,20225412.691845,941930102.1353782
2018-12-14,0.02906565,20222699.194574,903827129.4741584
2018-12-15,0.02829498,17868475.67197,880783985.3278568
2018-12-16,0.02769,14545306.531592,861676702.4983926
2018-12-17,0.02887852,19160146.728194,900504999.1701517
2018-12-18,0.03224556,52974247.879442,1004878991.2148098
2018-12-19,0.03455536,98129197.009397,1074756180.6773453
2018-12-20,0.03489706,74737204.01928,1085366192.4291987
2018-12-21,0.03888026,77441585.709476,1199835202.7557678
2018-12-22,0.04044306,133155437.348131,1258909130.372032
2018-12-23,0.0416207,66346799.150624,1293383283.2043924
2018-12-24,0.04379608,72520518.820759,1361660638.459207
2018-12-25,0.04530233,101879715.717582,1413864024.6845222
2018-12-26,0.04075684,73794109.001485,1267316261.8678489
2018-12-27,0.04047749,45342211.889853,1259194587.0212593
2018-12-28,0.03724446,42655678.85513,1160651701.2339704
2018-12-29,0.04086376,42206777.412838,1271373222.431639
2018-12-30,0.04063675,44315928.153972,1305744091.5748289
2018-12-31,0.04273842,50126345.500571,1328117219.6788132
2019-01-01,0.04053718,39848087.720029,1261212381.9498465
2019-01-02,0.04191024,28425239.849361,1303853661.966642
2019-01-03,0.04471451,43321551.769509,1391808205.6938677
2019-01-04,0.04200679,39412155.331753,1307372469.3041666
2019-01-05,0.04325351,33701219.849121,1345613019.4569228
2019-01-06,0.04420382,43293703.893362,1374212784.4979184
2019-01-07,0.04844948,81335647.594412,1507173809.5645516
2019-01-08,0.0473881,78333814.792002,1475778727.0006564
2019-01-09,0.04783211,62710757.665693,1493527571.9272437
2019-01-10,0.05137934,84845665.60089,1597721781.873208
2019-01-11,0.04396068,125760658.318232,1364905851.8941762
2019-01-12,0.0433392,63187944.162291,1345475396.1491845
2019-01-13,0.043068,38928056.391601,1340199998.9334278
2019-01-14,0.03957068,36923377.866638,1228609037.9676828
2019-01-15,0.04342197,46991904.800733,1349921731.8845065
2019-01-16,0.04220706,44720875.314533,1312610496.9720254
2019-01-17,0.04412439,55013701.899212,1373439554.0270956
2019-01-18,0.044727,60179613.104693,1391343341.6047573
2019-01-19,0.04373428,36466188.480175,1360373389.2831323
2019-01-20,0.04510718,40905023.302846,1403904599.9661992
2019-01-21,0.04291946,42961757.039437,1336300026.6140635
2019-01-22,0.04253299,31403250.110925,1323846308.840479
2019-01-23,0.04325617,37271610.77162,1344851595.9029243
2019-01-24,0.04262166,26155328.970643,1326065623.4858377
2019-01-25,0.0427062,24319382.871368,1329785868.600041
2019-01-26,0.04237535,22993374.156122,1318405189.4666877
2019-01-27,0.04240054,23459405.913037,1319310449.0036666
2019-01-28,0.04091752,31462595.494937,1272424761.133311
2019-01-29,0.03845004,47046465.610525,1196276165.4625423
2019-01-30,0.03797057,32538836.958173,1181459627.449577
2019-01-31,0.03941612,37062014.797821,1226333484.6458025
2019-02-01,0.03815789,30894039.174709,1187186855.6870704
2019-02-02,0.03865298,31452647.054787,1204019830.177881
2019-02-03,0.03902242,21458195.775504,1207406299.982895
2019-02-04,0.03807453,20436393.898443,1185975550.274145
2019-02-05,0.03795521,20337416.673156,1180880829.111025
2019-02-06,0.03796273,21305756.414824,1181114979.6526527
2019-02-07,0.03672597,28173078.133619,1142636303.3233032
2019-02-08,0.03641189,22393690.192648,1133031277.2385428
2019-02-09,0.04073184,46082836.569584,1267268709.6890569
2019-02-10,0.04117568,34562994.112436,1281077694.0856955
2019-02-11,0.0427033,37213644.131766,1328605791.9386418
2019-02-12,0.04164329,32386541.023716,1295626365.1407132
2019-02-13,0.04172182,27814367.316605,1297644168.2918518
2019-02-14,0.0410459,24731847.75489,1277040026.066414
2019-02-15,0.04037234,22479338.916938,1257061956.9027617
2019-02-16,0.04043928,24067155.332681,1257893520.214741
2019-02-17,0.04100418,20807250.453483,1275741866.8911092
2019-02-18,0.04153295,27282504.033098,1295427858.389718
2019-02-19,0.04535919,57438978.337496,1411237248.6406424
2019-02-20,0.04590089,67584583.519395,1428090828.5013225
2019-02-21,0.04732254,49774298.347862,1472648246.507061
2019-02-22,0.04482965,42954299.499931,1394761720.8979893
2019-02-23,0.04583368,32119107.479779,1429215107.7913744
2019-02-24,0.0482398,47397198.777277,1500859971.5418594
2019-02-25,0.04198106,75083200.676402,1317346490.265525
2019-02-26,0.04351453,47206343.601244,1353845259.6451354
2019-02-27,0.04286059,33331022.660925,1333499545.2259796
2019-02-28,0.04302421,32087203.178843,1340877352.4406545
2019-03-01,0.042794,27869743.404852,1331427782.1193776
2019-03-02,0.04291005,21785753.866403,1334243806.6678357
2019-03-03,0.04231628,20844377.651533,1318787997.3318744
2019-03-04,0.04201086,21029291.597777,1307062385.203952
2019-03-05,0.04018227,32363603.102818,1250170403.3857007
2019-03-06,0.04280345,37960084.263351,1330762949.8479147
2019-03-07,0.04250362,33522072.282026,1321151583.6117408
2019-03-08,0.04264896,34476828.379871,1325890786.5651643
2019-03-09,0.04237603,38664994.483908,1317420361.2543752
2019-03-10,0.04664873,86993700.476589,1451358211.9297943
2019-03-11,0.04552296,51354294.785414,1415911776.5232966
2019-03-12,0.04734957,82116619.155377,1480451280.8265526
2019-03-13,0.04721202,61983160.853167,1469715248.3471603
2019-03-14,0.04619614,53000333.076305,1437571918.3395214
2019-03-15,0.04761595,46039895.547001,1479446913.042755
2019-03-16,0.04981187,70787494.183193,1549931684.413521
2019-03-17,0.05123326,74845495.233205,1594232228.1685922
2019-03-18,0.04968791,55364282.813914,1546126613.137764
2019-03-19,0.05003314,59189804.097167,1556854618.367634
2019-03-20,0.05194287,76079077.039709,1615929154.0461836
2019-03-21,0.05328881,83787695.904845,1657947372.4696782
2019-03-22,0.052643,110563157.911409,1638621366.3447814
2019-03-23,0.05776828,187687245.924792,1797682146.4044712
2019-03-24,0.06348656,230447390.655698,1976001729.671846
2019-03-25,0.06111844,165136979.711853,1902218939.5042632
2019-03-26,0.05863799,82449862.628948,1825444528.7286155
2019-03-27,0.06146601,126218530.898907,1912322649.5396693
2019-03-28,0.06699302,190231033.162121,2085490917.9162288
2019-03-29,0.06558513,139866735.21952,2040501513.4832528
2019-03-30,0.07190924,212983058.701096,2246917340.730892
2019-03-31,0.07181318,182155337.53518,2234931086.3977423
2019-04-01,0.0699846,125531038.366437,2174696705.146237
2019-04-02,0.07233213,142615945.8623,2250534949.5023303
2019-04-03,0.08463494,327674511.335691,2643388414.9778748
2019-04-04,0.09065628,481145168.964322,2840882113.0424204
2019-04-05,0.08718281,341137519.024111,2715051077.9800663
2019-04-06,0.09031088,237062289.103889,2808480733.0355425
2019-04-07,0.08986922,203512085.900133,2794006323.409364
2019-04-08,0.09008149,174484885.921277,2792824469.711656
2019-04-09,0.0866761,222589747.687422,2697332324.8271747
2019-04-10,0.08336589,197432272.624346,2593699164.399162
2019-04-11,0.08963847,204490716.085834,2791934582.174268
2019-04-12,0.08308743,250105632.406612,2587364008.2123804
2019-04-13,0.08313498,185921625.301553,2584989096.795034
2019-04-14,0.08340401,123765669.503688,2589719878.511384
2019-04-15,0.08427168,128208294.672658,2620859359.204832
2019-04-16,0.08220939,117799275.952864,2557136226.9919124
2019-04-17,0.08330689,105160745.960094,2591965875.91768
2019-04-18,0.08273544,103659370.16947,2576223755.815706
2019-04-19,0.08150943,110382965.732384,2537199477.7739186
2019-04-20,0.07928141,144843502.870015,2472129360.904026
2019-04-21,0.07620389,136815464.595184,2369595754.887332
2019-04-22,0.07400007,152578410.178371,2301615515.575593
2019-04-23,0.07773105,162833809.664224,2423028539.1049566
2019-04-24,0.0742822,174822452.053133,2310262161.6084943
2019-04-25,0.07204968,165912540.570899,2236459283.8235483
2019-04-26,0.06932956,170331899.395787,2156944993.299561
2019-04-27,0.06959277,145817325.341118,2151061060.3602896
2019-04-28,0.07020556,102286462.806921,2182464333.004288
2019-04-29,0.06851306,79444935.641412,2129329332.548205
2019-04-30,0.06426313,118785543.061884,1999777250.3609805
2019-05-01,0.06964712,118345782.608712,2163523430.9666166
2019-05-02,0.06844357,153059476.959039,2129155366.222498
2019-05-03,0.06804868,150318041.300034,2117234656.105523
2019-05-04,0.06936187,186310266.942679,2154930240.015304
2019-05-05,0.0666328,140962190.09443,2073037081.0630288
2019-05-06,0.06568077,148118686.763215,2041852784.294556
2019-05-07,0.06645168,154332100.899216,2069938543.688164
2019-05-08,0.06388285,152003841.377955,1990975694.98592
2019-05-09,0.06421839,115380635.404848,1996354146.7754104
2019-05-10,0.06168351,144333254.898521,1922238791.7584453
2019-05-11,0.06324258,161982471.396108,1947276773.149521
2019-05-12,0.07662815,306602751.362543,2398581543.222971
2019-05-13,0.06998554,285706502.100424,2174479762.308658
2019-05-14,0.07291884,230168987.938247,2267014811.532485
2019-05-15,0.08429925,332365790.584166,2621490905.4878206
2019-05-16,0.09490715,360409388.039607,2946534396.7957697
2019-05-17,0.08817205,473945748.468813,2729337669.1508408
2019-05-18,0.08315183,419268318.266619,2593504965.43028
2019-05-19,0.07927511,241682031.130073,2467980727.718826
2019-05-20,0.08667776,276547327.048113,2704999271.5429554
2019-05-21,0.08477263,261151893.44925,2631217917.1617966
2019-05-22,0.08450472,222533700.30084,2635936005.966586
2019-05-23,0.078129,238153710.101938,2430816641.9427247
2019-05-24,0.08013828,174908198.678202,2491081940.79972
2019-05-25,0.08049302,171347501.020601,2503012917.70903
2019-05-26,0.08020427,125997531.351516,2497541503.599133
2019-05-27,0.08570334,183825461.011419,2661446279.0922184
2019-05-28,0.09189018,257802427.4726,2859830610.053132
2019-05-29,0.09293566,248265042.34704,2889958019.6142845
2019-05-30,0.09093447,250941367.858919,2828591820.4408326
2019-05-31,0.08489877,331448382.081937,2640985616.9751177
2019-06-01,0.08979295,277367144.918221,2794672967.2028933
2019-06-02,0.09065882,248203496.847287,2821411350.355185
2019-06-03,0.09637888,297353290.101913,2994934524.8617086
2019-06-04,0.08882488,351904178.764269,2764973440.2656493
2019-06-05,0.08237801,227552475.949018,2558656183.3409514
2019-06-06,0.08323727,201853485.06529,2584242198.37648
2019-06-07,0.08386005,249770623.676469,2610699173.5034714
2019-06-08,0.0857738,209735394.759586,2671196811.1532965
2019-06-09,0.08430244,179902940.061065,2622858376.257353
2019-06-10,0.07925054,190031453.067728,2469204758.85996
2019-06-11,0.08544881,235859709.32808,2663343982.211626
2019-06-12,0.08787378,253347634.722668,2742995916.54506
2019-06-13,0.09619876,376113617.203641,2975683026.844768
2019-06-14,0.0898344,348557657.641852,2796706743.4341445
2019-06-15,0.09027319,309320337.762287,2817397668.8695474
2019-06-16,0.09151425,274801292.689182,2847331607.9208784
2019-06-17,0.0922485,348312939.742671,2877948520.148884
2019-06-18,0.09313825,289880198.228847,2896488284.2348585
2019-06-19,0.08958594,251155012.223702,2783192130.4349365
2019-06-20,0.09016074,227201840.038561,2801766325.303918
2019-06-21,0.08835759,302506726.026701,2748199233.276232
2019-06-22,0.08948494,189893730.241529,2782660835.193781
2019-06-23,0.09439321,325185108.649612,2933643538.64211
2019-06-24,0.09652528,296516343.510333,3003824360.2907968
2019-06-25,0.09768652,212523520.595211,3031937323.81649
2019-06-26,0.0967506,328043140.007765,3005189236.994673
2019-06-27,0.09787658,671946279.164299,3044379770.128304
2019-06-28,0.08638225,425821930.875874,2685995312.9360614
2019-06-29,0.08904613,418527931.389761,2763836871.0079074
2019-06-30,0.09045972,346418708.93438,2815098679.120193
2019-07-01,0.08330828,337900612.362736,2571108566.877609
2019-07-02,0.0836777,349024670.38401,2601220003.7512603
2019-07-03,0.08088485,360130368.671333,2508983263.5802903
2019-07-04,0.0827286,321767772.316812,2574110651.856144
2019-07-05,0.07890517,271096158.744497,2450389762.4538803
2019-07-06,0.07634163,281659364.132673,2374193617.599052
2019-07-07,0.07747259,311096812.315319,2412564608.183136
2019-07-08,0.07970182,283632330.848261,2473664824.1434264
2019-07-09,0.08030358,264778872.233154,2494041314.5068035
2019-07-10,0.07795322,270224457.168757,2421239430.5849485
2019-07-11,0.07189337,221231598.572333,2237805031.6634216
2019-07-12,0.06512761,274303313.972906,2022544559.0691805
2019-07-13,0.06954525,270563781.622011,2161637825.879889
2019-07-14,0.06718182,229698210.922604,2086539190.15002
2019-07-15,0.05946571,208552058.861712,1853240285.0037355
2019-07-16,0.05863966,272335513.221148,1830497000.865952
2019-07-17,0.05211358,191797018.552178,1622987702.918755
2019-07-18,0.05493992,182179811.406359,1709568873.920787
2019-07-19,0.05871638,160406339.496252,1840798635.8947427
2019-07-20,0.05984257,123846520.183015,1860783601.038016
2019-07-21,0.06302396,142341440.644798,1953094143.3716712
2019-07-22,0.06131272,114129502.705499,1908506128.415048
2019-07-23,0.05998764,137533640.907412,1868514715.3943288
2019-07-24,0.05569323,132067766.553697,1730268750.3536315
2019-07-25,0.05639703,321291248.963139,1757974757.4392202
2019-07-26,0.05835217,228185321.407103,1818348081.89906
2019-07-27,0.06260968,123191563.962953,1946033142.8079376
2019-07-28,0.05985185,112342864.813092,1862033380.543404
2019-07-29,0.05944367,80607218.932328,1853935272.7194529
2019-07-30,0.06033421,100780729.635022,1871322804.2590327
2019-07-31,0.05983313,82533252.626712,1861201640.7482712
2019-08-01,0.0639788,109275867.92472,1988646316.7879856
2019-08-02,0.05859756,97796321.098042,1823387409.1827104
2019-08-03,0.0576036,106871562.399389,1792264515.594138
2019-08-04,0.0575827,96829769.248259,1791323846.9824636
2019-08-05,0.05620108,100557798.545155,1750395515.7439246
2019-08-06,0.05648289,118562437.329046,1761490516.559929
2019-08-07,0.05376449,107284678.505019,1669756002.070157
2019-08-08,0.05187001,99840621.625713,1614046617.123798
2019-08-09,0.052513,113611883.543364,1634550495.5988474
2019-08-10,0.04760845,98885536.976765,1480799454.9126985
2019-08-11,0.05197749,122064083.188201,1617713769.3221369
2019-08-12,0.05514233,121512163.109529,1714947082.3845325
2019-08-13,0.05296432,96213549.933629,1646774788.164575
2019-08-14,0.05288184,114096214.889352,1645456062.5378282
2019-08-15,0.04687226,125290248.07144,1456400422.7742314
2019-08-16,0.04754609,102942548.594507,1477218184.4392877
2019-08-17,0.04667194,99397950.139911,1451381909.2079942
2019-08-18,0.04737046,90275825.091104,1473825286.9820056
2019-08-19,0.05066439,95155572.117701,1574102763.856537
2019-08-20,0.05019454,93699314.142828,1562503919.503494
2019-08-21,0.04918399,94178598.836672,1529354602.6006532
2019-08-22,0.0471648,87401192.729745,1466956383.6728466
2019-08-23,0.04940081,110141050.583604,1537475723.913196
2019-08-24,0.04970245,79481151.893348,1547150136.48775
2019-08-25,0.05016237,282623830.317091,1562358446.8107417
2019-08-26,0.04945093,173255575.464094,1538261850.534183
2019-08-27,0.0496065,146395207.909879,1541925837.90957
2019-08-28,0.04990066,65378430.064524,1552533380.611005
2019-08-29,0.04596846,153253060.256268,1429761076.5778046
2019-08-30,0.04460753,95120388.417427,1394409839.708703
2019-08-31,0.04479946,115569760.958019,1393356581.470645
2019-09-01,0.04488055,96161823.441979,1396454704.9680758
2019-09-02,0.04449443,57516134.361345,1385327625.6654646
2019-09-03,0.04535423,72218997.65344,1409467876.7763908
2019-09-04,0.04659908,90249150.323844,1450986674.4294012
2019-09-05,0.04542015,68735197.413033,1413078045.9517365
2019-09-06,0.04442466,77907028.331454,1381978247.8320377
2019-09-07,0.0443095,74245105.061822,1378821430.8564413
2019-09-08,0.04582084,67058124.936145,1425532107.2667506
2019-09-09,0.04652577,77249547.099454,1447219677.0790892
2019-09-10,0.04681226,93849643.224452,1458941923.408273
2019-09-11,0.04655344,78782522.446526,1448065034.157536
2019-09-12,0.0448976,80657521.280191,1396305546.5241103
2019-09-13,0.04533495,67160788.189411,1410382172.8827283
2019-09-14,0.04575768,67183583.021133,1423985160.856117
2019-09-15,0.04645326,86110562.969245,1446341381.0265086
2019-09-16,0.04663602,72942355.661578,1450964365.2016687
2019-09-17,0.04709648,81224163.154649,1461137776.075673
2019-09-18,0.04900354,126124778.954448,1526149911.3615851
2019-09-19,0.05279343,207068652.788845,1643522854.9302623
2019-09-20,0.0525121,182657805.885578,1632114826.8229513
2019-09-21,0.05198236,132064958.879254,1615108505.646303
2019-09-22,0.05176619,106175294.67578,1611102077.634653
2019-09-23,0.04922405,120575342.744328,1531930997.040778
2019-09-24,0.04640458,98946687.12534,1443968465.2254727
2019-09-25,0.03874492,155075819.426145,1225092227.8553314
2019-09-26,0.03913445,177043303.341795,1217544269.684497
2019-09-27,0.03797412,144468706.60128,1180556899.2261052
2019-09-28,0.03913946,114031425.584881,1217734494.835308
2019-09-29,0.03869064,58647511.480347,1203464965.327838
2019-09-30,0.03732373,63808867.853351,1161234042.780787
2019-10-01,0.03879047,79110816.016378,1206975603.0621076
2019-10-02,0.03934729,51808391.40056,1224266015.213568
2019-10-03,0.03932803,51613487.886754,1224952727.2988648
2019-10-04,0.0396506,65257248.546357,1233789841.8282394
2019-10-05,0.03933978,64570276.781438,1224796029.661497
2019-10-06,0.03966859,54058205.980312,1233119018.3519022
2019-10-07,0.03887955,54665474.760628,1209630555.1816316
2019-10-08,0.04131806,88147177.891949,1287728387.6484785
2019-10-09,0.041192,79990938.547652,1281907528.935139
2019-10-10,0.04248072,88561978.415677,1321858528.7891831
2019-10-11,0.04162497,72632590.205514,1294889108.264289
2019-10-12,0.04023561,67125868.663858,1251090236.224886
2019-10-13,0.04041953,53975412.405433,1257456143.9126596
2019-10-14,0.0411902,53252173.957492,1279492204.8284326
2019-10-15,0.0416455,56982292.816458,1295121948.591349
2019-10-16,0.03966394,66601561.607718,1234126557.146604
2019-10-17,0.03857763,68236067.474618,1200535132.0961378
2019-10-18,0.03930643,55851967.90262,1222489144.976478
2019-10-19,0.03805061,62072834.501719,1183634987.9531126
2019-10-20,0.03897291,63601159.79788,1211994735.2326007
2019-10-21,0.03948039,54084929.653286,1227582031.6869776
2019-10-22,0.03920777,51333971.333056,1220723254.8237329
2019-10-23,0.03869317,53449309.587691,1203682405.6434596
2019-10-24,0.03637923,66873058.625829,1131390410.0459204
2019-10-25,0.03734878,61644667.542373,1162070424.266179
2019-10-26,0.0410976,108314215.156436,1277391768.1890166
2019-10-27,0.04061351,171918663.590307,1261609619.2205925
2019-10-28,0.04207839,176984967.043048,1309163268.4999506
2019-10-29,0.04224665,147630658.136162,1314837992.128115
2019-10-30,0.04331051,119288193.947651,1345885735.814715
2019-10-31,0.04174657,127353940.02932,1297263669.6160228
2019-11-01,0.04136145,101243655.011682,1287621449.0400736
2019-11-02,0.04217682,93476399.243336,1312294401.0141115
2019-11-03,0.04245679,74317534.502688,1321834293.815884
2019-11-04,0.04176896,59951047.136384,1300808131.15329
2019-11-05,0.04308818,95175025.710428,1338384758.1926415
2019-11-06,0.04416516,120831629.968548,1374362634.9848526
2019-11-07,0.04478326,105252674.813136,1392436755.0392516
2019-11-08,0.04347433,95888074.214409,1353314630.3875728
2019-11-09,0.04220331,99387230.806994,1312721813.926848
2019-11-10,0.04239905,57474556.302379,1320943987.2525225
2019-11-11,0.0438475,99321302.311124,1364204782.9383657
2019-11-12,0.04315162,80737912.249699,1343614685.1535745
2019-11-13,0.04369032,109855547.837716,1359677912.796593
2019-11-14,0.04333045,63022983.630023,1351369472.6745732
2019-11-15,0.04284485,80937398.914382,1333978840.8176098
2019-11-16,0.04395462,120671544.54514,1366759618.587017
2019-11-17,0.04390948,95450582.447845,1366554608.161714
2019-11-18,0.04503353,102350221.221185,1400571762.5136375
2019-11-19,0.04327868,154152294.014029,1348449499.914028
2019-11-20,0.04213978,132260800.847952,1311073390.0363872
2019-11-21,0.04095334,105786730.863129,1274627700.6491709
2019-11-22,0.03845543,96360358.515149,1197293798.0867438
2019-11-23,0.03710515,133942535.311642,1151615885.6601615
2019-11-24,0.03790125,86528192.425313,1179646151.141291
2019-11-25,0.03513731,92249163.152545,1102455569.1194508
2019-11-26,0.03595637,135896470.905059,1119197323.3711565
2019-11-27,0.03667456,83659522.722282,1142672382.6140883
2019-11-28,0.03883068,110213197.064844,1208912256.7966
2019-11-29,0.03908387,89245636.953392,1216816037.1991825
2019-11-30,0.04118226,142009998.770892,1281816022.040146
2019-12-01,0.04038258,90495504.31897,1258035023.2854967
2019-12-02,0.03952578,93450137.087655,1229284598.2944522
2019-12-03,0.03806228,70629290.057657,1185865205.677663
2019-12-04,0.03774574,56477631.449007,1177633030.040092
2019-12-05,0.03718152,80033474.853426,1159306728.950736
2019-12-06,0.03752221,65163354.214958,1169299358.0671742
2019-12-07,0.0381519,59281438.506247,1184323443.6850717
2019-12-08,0.03843097,62606285.81838,1193746417.3899724
2019-12-09,0.03866851,54771316.746112,1196679735.3589468
2019-12-10,0.03737145,65088912.021515,1160997271.133843
2019-12-11,0.03640528,65396271.632502,1133385166.2044854
2019-12-12,0.03654127,134160553.154052,1137775736.0882568
2019-12-13,0.03644246,89954575.040165,1137756552.5843792
2019-12-14,0.03698208,74714396.956284,1158210725.367893
2019-12-15,0.03629931,72674288.882186,1128679862.590201
2019-12-16,0.03639417,50056573.462626,1132795997.2184882
2019-12-17,0.03415196,74025717.559706,1062011785.557718
2019-12-18,0.03178175,97334710.799523,989191308.3605696
2019-12-19,0.03429136,109069993.087718,1068083106.4412538
2019-12-20,0.03298379,81170389.831557,1026352153.1014036
2019-12-21,0.033893,61402668.203953,1048367592.1627816
2019-12-22,0.03304829,55938360.370473,1030544030.7430352
2019-12-23,0.03428507,64409137.014665,1061298045.9856024
2019-12-24,0.03312313,85193638.782883,1033228239.6644244
2019-12-25,0.03384023,68580414.834049,1054407495.2988044
2019-12-26,0.03335578,54385023.571739,1037802115.7312418
2019-12-27,0.03411089,73690494.159242,1060171042.1667272
2019-12-28,0.03298245,99254284.49069,1026165848.9635854
2019-12-29,0.03366922,63704963.157041,1046323615.486571
2019-12-30,0.03411735,72542965.985714,1062748397.837656
2019-12-31,0.03340385,65112671.409087,1038340931.7460396
2020-01-01,0.03291193,78089757.052188,1020670721.3132112
2020-01-02,0.033362,74867841.215355,1038897513.3254246
2020-01-03,0.03261785,63835282.138863,1015100628.6069512
2020-01-04,0.03396737,79167959.066497,1060794465.037696
2020-01-05,0.03429831,77918143.483639,1067105660.3890376
2020-01-06,0.03442697,48833556.383982,1069729851.7474384
2020-01-07,0.03699862,77690490.906394,1150811966.6402338
2020-01-08,0.03700031,109080768.022231,1151791408.0212848
2020-01-09,0.03622526,97790326.683558,1130075028.1023777
2020-01-10,0.03606813,73078880.793866,1120025309.4730992
2020-01-11,0.03704462,89615189.154756,1142315528.2269332
2020-01-12,0.0364423,103012026.667873,1140005583.945712
2020-01-13,0.03737204,94947456.455992,1163393929.42041
2020-01-14,0.03694314,92974481.837419,1149509789.462297
2020-01-15,0.04128585,211070204.094488,1277612922.8592856
2020-01-16,0.04241148,199275282.884214,1312253076.5911648
2020-01-17,0.04149477,137032057.200585,1286089923.7849808
2020-01-18,0.04435018,170585164.398294,1387851754.2258596
2020-01-19,0.04481267,156488786.078645,1398527687.6359637
2020-01-20,0.04246575,140637820.379359,1324878584.1799922
2020-01-21,0.04320534,122312691.016759,1347506112.4317155
2020-01-22,0.04564429,144630468.915551,1415740558.2396002
2020-01-23,0.04534497,106449100.504295,1410211923.886814
2020-01-24,0.0433843,110069027.124532,1348529123.6392128
2020-01-25,0.04445291,114891800.487684,1382573985.2793734
2020-01-26,0.04354312,88735590.607461,1359196362.9106965
2020-01-27,0.04437259,98582263.156217,1381689961.284705
2020-01-28,0.04730634,140901190.797117,1467722927.7963097
2020-01-29,0.05221221,286197023.393049,1631232520.7140007
2020-01-30,0.05318319,258344089.060026,1664173788.5694072
2020-01-31,0.0558729,220132465.336696,1733739134.7114882
2020-02-01,0.05384876,196053869.988306,1685694718.5613482
2020-02-02,0.05545555,159634518.784594,1727198232.6784198
2020-02-03,0.05576642,228621145.912998,1737643944.2078435
2020-02-04,0.05676399,164518222.311006,1765721504.768992
2020-02-05,0.0559971,136675263.467267,1739481934.7636726
2020-02-06,0.05896099,156637649.484222,1838841590.66739
2020-02-07,0.05979284,159304871.652366,1859115447.033716
2020-02-08,0.0597741,142690306.692381,1859229765.5362115
2020-02-09,0.06015651,125903922.225597,1871644108.075389
2020-02-10,0.06153145,129259369.741498,1913377671.572009
2020-02-11,0.06025619,130595621.545285,1874732871.0104687
2020-02-12,0.06288979,254958634.877148,1953385977.428038
2020-02-13,0.06729185,283365264.524597,2093147933.255149
2020-02-14,0.0683653,335446932.678908,2135939462.118876
2020-02-15,0.07032856,253062181.272089,2185247021.765736
2020-02-16,0.06472613,242397210.939073,2015733205.697893
2020-02-17,0.06285711,277034923.633001,1964825566.1366112
2020-02-18,0.06045176,272004390.509029,1871133461.921064
2020-02-19,0.06254706,251750540.325669,1952625493.450464
2020-02-20,0.05818171,228558898.743906,1821759622.8737004
2020-02-21,0.05777566,263452977.343738,1802782690.6268592
2020-02-22,0.05865823,230599472.218145,1829056816.1944568
2020-02-23,0.05839392,166718271.375551,1811388698.1183248
2020-02-24,0.06073456,232674655.608822,1886303219.5727327
2020-02-25,0.05935886,254977199.085521,1843271731.572476
2020-02-26,0.05662502,223975114.03416,1763321340.7663302
2020-02-27,0.05064466,274099295.568443,1578309017.5664997
2020-02-28,0.04960267,209902464.909783,1546750720.8339329
2020-02-29,0.0489264,195936467.48509,1531950187.0796108
2020-03-01,0.04736417,120953605.769567,1481631103.868646
2020-03-02,0.04617208,124670458.469288,1435816109.777264
2020-03-03,0.04879427,141670557.780463,1515782622.4162924
2020-03-04,0.04864811,150407091.007093,1516016247.2014575
2020-03-05,0.04889846,170344689.421083,1519410636.5864627
2020-03-06,0.05087068,142091918.557013,1581607337.8214996
2020-03-07,0.05138044,136293489.323364,1595164988.848021
2020-03-08,0.04923996,125016889.246965,1530117969.709145
2020-03-09,0.04328449,145742667.292499,1340799680.8298566
2020-03-10,0.04161724,166720941.066165,1295651579.797846
2020-03-11,0.04139823,140500959.223219,1292352733.162223
2020-03-12,0.04006691,131897068.049378,1244090560.1131132
2020-03-13,0.02371597,211978802.346479,733569243.541392
2020-03-14,0.02833951,289676259.778337,867613747.6483234
2020-03-15,0.0260477,97926867.781537,807435012.826672
2020-03-16,0.026757,98577461.913352,840720328.3685061
2020-03-17,0.02434653,136720716.228365,760151209.7313702
2020-03-18,0.02570079,106703913.57145,808050684.4755495
2020-03-19,0.02583792,107356169.801024,802095050.1562662
2020-03-20,0.03002536,154960081.101855,941233082.8972982
2020-03-21,0.02956316,183999555.675694,919791612.676914
2020-03-22,0.02920967,124168282.906959,908484606.0452232
2020-03-23,0.02729934,107973019.066464,849511432.181408
2020-03-24,0.02935072,122524431.851492,908533570.968667
2020-03-25,0.03029219,115754274.5616,941771018.347032
2020-03-26,0.02955329,107760572.348554,917066394.5762808
2020-03-27,0.03027907,104078533.858919,942093594.8317128
2020-03-28,0.02905115,102692751.714815,889441790.7864816
2020-03-29,0.02925897,105439265.183267,910287954.910056
2020-03-30,0.02813465,87505944.230062,878075726.9380016
2020-03-31,0.02991998,104645794.600825,933379645.6457112
2020-04-01,0.03011549,99418401.819753,936797188.3532804
2020-04-02,0.03112436,115117998.299995,962162504.9505062
2020-04-03,0.03192383,133807050.54802,988387669.942723
2020-04-04,0.03190034,110357362.067164,993528047.3070284
2020-04-05,0.03255995,111823144.802522,1008514394.782506
2020-04-06,0.03190116,83582839.877449,992177656.8468996
2020-04-07,0.03515264,147918099.221946,1087744924.0649166
2020-04-08,0.03517699,151556119.30056,1093112390.5366335
2020-04-09,0.03613874,163870561.387336,1125589634.1122746
2020-04-10,0.03623875,136962104.923188,1124830313.068581
2020-04-11,0.03355089,161039582.50861,1042324486.8363523
2020-04-12,0.03333772,115182655.420023,1036932847.9369895
2020-04-13,0.03350282,109412693.213932,1052967605.8577962
2020-04-14,0.03316458,127857134.59533,1031622714.6329374
2020-04-15,0.03308764,110605528.217673,1029361971.9261676
2020-04-16,0.03185495,100008952.078042,990994166.1756728
2020-04-17,0.03421573,162619038.518496,1065455000.8551606
2020-04-18,0.0342268,117736903.479571,1072544970.1671038
2020-04-19,0.03617135,140344430.959827,1125561442.4306724
2020-04-20,0.03576447,136449252.088697,1112887291.744702
2020-04-21,0.03403571,140386733.671099,1059941619.8015928
2020-04-22,0.03432146,128811222.538404,1068102318.6141044
2020-04-23,0.03625179,124398269.130309,1128863796.6415317
2020-04-24,0.03986516,275173060.472602,1237524241.1413789
2020-04-25,0.04137631,286509553.68496,1287837852.5131044
2020-04-26,0.04229705,176658780.923302,1314141666.608814
2020-04-27,0.04532121,250469497.771672,1406406547.118265
2020-04-28,0.04626132,258539530.391156,1438680078.426845
2020-04-29,0.04683419,206025566.522619,1455268758.2068086
2020-04-30,0.05148005,350212135.000922,1598493713.607464
2020-05-01,0.04800834,396920531.184051,1509035250.6732063
2020-05-02,0.05006684,213075526.711721,1564928493.749928
2020-05-03,0.05094407,169289444.967048,1584170530.4296594
2020-05-04,0.04962088,184667536.370861,1543247891.9871194
2020-05-05,0.04933056,219399163.48203,1527729042.7245958
2020-05-06,0.04943354,170783705.197168,1533996522.166957
2020-05-07,0.04984871,170062853.544153,1560725267.55339
2020-05-08,0.05167028,191858931.875924,1610767596.894198
2020-05-09,0.05128972,218227143.149949,1602956355.8316674
2020-05-10,0.05111067,184494302.322789,1594290128.9509044
2020-05-11,0.04763232,278084415.503147,1484807886.2269833
2020-05-12,0.04778358,252481674.090271,1488233874.653894
2020-05-13,0.04986014,215164699.561737,1547574497.7141073
2020-05-14,0.05190734,187868068.473227,1611195935.6755216
2020-05-15,0.05232898,151357757.557357,1622873217.297105
2020-05-16,0.04965592,139782173.015196,1545526669.789816
2020-05-17,0.05078955,126071103.869464,1580302434.744492
2020-05-18,0.05187403,115579145.646551,1613996775.979502
2020-05-19,0.05330165,185350802.406656,1656590740.9629886
2020-05-20,0.05595505,187764434.936109,1739159666.9690204
2020-05-21,0.05629641,202446637.712151,1751521240.216605
2020-05-22,0.05255605,232919935.622731,1639420156.4212704
2020-05-23,0.05458099,185615336.259887,1698293632.3563223
2020-05-24,0.05502898,127428419.325405,1714880556.6058505
2020-05-25,0.05165813,105461558.657822,1615330815.8356545
2020-05-26,0.05345912,181811841.108318,1662876283.1969876
2020-05-27,0.05348965,161611425.737187,1660213375.346349
2020-05-28,0.0551319,189893992.989053,1716081188.5154953
2020-05-29,0.0631817,372917376.394849,1965480006.5936985
2020-05-30,0.06440627,416498091.001414,2009870099.4791424
2020-05-31,0.07515174,608232672.457283,2349213951.998192
2020-06-01,0.07445057,890049224.235283,2293903473.158277
2020-06-02,0.08076482,721638304.951558,2512794186.9289203
2020-06-03,0.07845964,609498641.15416,2441074404.0458746
2020-06-04,0.08460176,591308386.116011,2627991676.94046
2020-06-05,0.08759318,523154541.011327,2717552835.086165
2020-06-06,0.08521898,409862454.040934,2651374213.0473104
2020-06-07,0.08617635,269293377.526891,2681160483.615993
2020-06-08,0.08640404,373943526.849312,2675984488.5436773
2020-06-09,0.08645867,280640845.237455,2689772252.665133
2020-06-10,0.08312707,278434928.637977,2591936050.9222493
2020-06-11,0.08357072,400552079.722212,2595603409.89168
2020-06-12,0.07547795,392139007.570158,2342819639.6444817
2020-06-13,0.07941431,316486518.037381,2466658231.314434
2020-06-14,0.07896192,230572695.569594,2443676758.616384
2020-06-15,0.07649685,197636305.954426,2380268832.0011644
2020-06-16,0.07826464,388081290.112849,2446394196.72817
2020-06-17,0.0789437,289705109.809835,2454979752.6937966
2020-06-18,0.08335656,359419229.514679,2593429578.1188574
2020-06-19,0.08205914,307344572.755631,2556673302.3713875
2020-06-20,0.07976738,270047826.899845,2478607966.59
2020-06-21,0.07935361,230329244.570248,2467040605.7434883
2020-06-22,0.07834102,224072749.589576,2436971270.8879666
2020-06-23,0.08360934,273172323.000315,2603822156.613356
2020-06-24,0.08276496,246206144.071351,2572303251.5687094
2020-06-25,0.08250249,371569603.934857,2573306719.7848144
2020-06-26,0.08162344,269825228.468882,2540498716.547024
2020-06-27,0.0806329,233820453.330951,2509415525.2222447
2020-06-28,0.07745477,219669559.825509,2411643666.4273806
2020-06-29,0.08032049,264994501.718352,2494920752.5498686
2020-06-30,0.08377824,342564753.222628,2605637535.77186
2020-07-01,0.0831077,267609405.346458,2585686956.799616
2020-07-02,0.09609883,499091138.290284,2989873243.123106
2020-07-03,0.09324866,491140919.587985,2900999074.902517
2020-07-04,0.09627543,526680394.654738,2993888384.7179904
2020-07-05,0.0996938,400371435.833418,3095933297.185632
2020-07-06,0.09832563,346363919.196568,3059154693.6484265
2020-07-07,0.10530351,436788456.694111,3259049437.150048
2020-07-08,0.11760845,679767221.402491,3654326777.084032
2020-07-09,0.12988041,1307477330.246973,4047779024.612315
2020-07-10,0.12394193,782809685.258787,3851949196.3499866
2020-07-11,0.11844084,631945552.281078,3686816739.935817
2020-07-12,0.12542534,510001724.344634,3902938565.768116
2020-07-13,0.12687837,464305800.572386,3940493164.585168
2020-07-14,0.12428834,675300170.161546,3860263067.8755136
2020-07-15,0.13208128,567252700.233524,4109376817.6098657
2020-07-16,0.13044722,410697605.826392,4058537002.001158
2020-07-17,0.12597459,543327338.958933,3922040766.807748
2020-07-18,0.12261976,332328276.113548,3815026554.4500537
2020-07-19,0.12263503,314371025.114942,3816714933.1763473
2020-07-20,0.1239899,308373230.992111,3863193163.445181
2020-07-21,0.11785395,306182004.660446,3663508639.979351
2020-07-22,0.12295236,339573227.757664,3820997387.1409593
2020-07-23,0.12378278,244764116.649356,3853629978.659791
2020-07-24,0.1240553,297997215.640124,3859668619.344676
2020-07-25,0.12196351,287737557.759663,3795362719.226924
2020-07-26,0.14336838,686218774.356501,4470685732.495007
2020-07-27,0.14835595,844199808.759492,4627376307.437361
2020-07-28,0.13793351,873873656.549958,4286659873.6729145
2020-07-29,0.14825504,696233206.706044,4603937359.100889
2020-07-30,0.13964888,506618734.703751,4338588502.703453
2020-07-31,0.14089954,333709527.124148,4394189964.576714
2020-08-01,0.13914532,291750874.017149,4329088644.234307
2020-08-02,0.14481026,438971971.081411,4529471957.019713
2020-08-03,0.13373233,457580728.099978,4156096583.674388
2020-08-04,0.13701514,312669927.457732,4248409546.871284
2020-08-05,0.1427636,439624545.425134,4454678918.05434
2020-08-06,0.14254911,346798168.782157,4435057025.443044
2020-08-07,0.14383028,362682786.146775,4463508629.805966
2020-08-08,0.13864503,801492250.00136,4327356442.590801
2020-08-09,0.14572114,404731743.471791,4530579889.769632
2020-08-10,0.14490166,612633435.108422,4508250823.991244
2020-08-11,0.143306,588680543.936271,4459057584.433128
2020-08-12,0.13709153,832571102.326479,4273617992.569082
2020-08-13,0.13654137,412298624.76101,4248207279.3764014
2020-08-14,0.1393443,429550504.600685,4324827540.332047
2020-08-15,0.13825949,458978629.788615,4301596168.154415
2020-08-16,0.13823722,454859334.045956,4293392018.4127913
2020-08-17,0.13876881,412928069.042037,4317442465.172292
2020-08-18,0.14066093,550014396.06235,4373590696.612064
2020-08-19,0.13702647,489748686.651218,4251110381.648205
2020-08-20,0.1294323,490727213.113687,4031820062.149828
2020-08-21,0.13420256,410697982.498588,4121466418.8212
2020-08-22,0.1226172,472861750.938877,3804306212.9732656
2020-08-23,0.12531556,436863558.431384,3895011240.5014086
2020-08-24,0.12160888,393530785.777477,3785715669.01816
2020-08-25,0.12369255,406394741.184157,3855071339.4373913
2020-08-26,0.1126311,498886621.439775,3504233317.878908
2020-08-27,0.11446061,448522382.033825,3561449684.14301
2020-08-28,0.10683596,445998081.720968,3318730028.135312
2020-08-29,0.10921267,372495384.205716,3399180375.132592
2020-08-30,0.11660422,361328837.396472,3627847118.265781
2020-08-31,0.11720777,380535420.595328,3644289688.9773984
2020-09-01,0.12213967,462276340.225975,3800068624.57518
2020-09-02,0.12445625,492424473.286955,3897283726.850341
2020-09-03,0.11549345,403602179.370552,3592445420.136127
2020-09-04,0.0950588,447179060.006694,2964196395.4695144
2020-09-05,0.10313468,432365099.040452,3212415575.1961985
2020-09-06,0.09043816,316776337.674747,2813755887.7479177
2020-09-07,0.09296928,333667094.664731,2892505366.7381506
2020-09-08,0.09317388,322785626.065818,2899784537.5109377
2020-09-09,0.09125604,513444901.658428,2834060081.1789083
2020-09-10,0.09325309,522884301.89236,2900610470.196581
2020-09-11,0.09706045,673573014.185486,3017276701.5456457
2020-09-12,0.09691705,658363819.705638,3021670767.4658203
2020-09-13,0.097661,616070407.82291,3035646274.926691
2020-09-14,0.09501921,640311191.92505,2958040571.6542745
2020-09-15,0.09686445,734506817.170808,3009809612.976871
2020-09-16,0.09339815,678077442.777371,2907122714.220233
2020-09-17,0.09129471,681410813.867909,2842675715.2577634
2020-09-18,0.09403598,655152123.786252,2926254190.2876606
2020-09-19,0.09086106,585526141.405035,2816775563.135169
2020-09-20,0.09156776,551088156.833576,2849152837.374013
2020-09-21,0.08924604,560728729.510593,2788163196.0504737
2020-09-22,0.08036695,504270732.833773,2513123717.7405114
2020-09-23,0.0814431,359254513.480188,2528466247.7737017
2020-09-24,0.07662772,339256966.55461,2387518228.7759247
2020-09-25,0.08260669,404377685.794959,2577652813.892889
2020-09-26,0.09679113,591858440.46418,2988519166.6092567
2020-09-27,0.0957351,444216426.152459,2980675759.2437825
2020-09-28,0.10135193,483494711.896659,3144513591.4589434
2020-09-29,0.1001035,518815539.502626,3120734575.1350074
2020-09-30,0.10127071,483215932.46242,3152600659.3929806
2020-10-01,0.10104055,419980897.912492,3144236576.3845696
2020-10-02,0.09806672,461060573.779115,3040403789.1582937
2020-10-03,0.092841,500670142.145548,2885309499.1712523
2020-10-04,0.09330817,367633066.875519,2907434494.3256884
2020-10-05,0.09719181,377484663.206758,3028016017.7052183
2020-10-06,0.09741457,392793305.819957,3029338348.925971
2020-10-07,0.09284232,413991398.259803,2881941763.165958
2020-10-08,0.09356109,366881297.850949,2911910358.548028
2020-10-09,0.09623242,439008699.111788,2980626238.306129
2020-10-10,0.10190333,501320948.735826,3171112779.3086333
2020-10-11,0.10496844,591635072.981393,3266374618.98623
2020-10-12,0.10630429,497461943.029027,3309735191.892124
2020-10-13,0.10979372,564323082.763194,3415553093.5649824
2020-10-14,0.10903357,577952326.460731,3395519136.054972
2020-10-15,0.10751535,505567704.734604,3345133523.0407114
2020-10-16,0.10644217,387251336.263032,3314465964.1973443
2020-10-17,0.10407567,391236816.544751,3242001672.5357227
2020-10-18,0.10605877,345640059.133873,3299812046.191445
2020-10-19,0.1074717,330911336.041534,3341653969.4353824
2020-10-20,0.10882094,321415067.347218,3394722568.4050484
2020-10-21,0.1022718,343169733.259041,3169112634.1794686
2020-10-22,0.10578746,367380015.641853,3272372921.7538567
2020-10-23,0.11035609,462511505.598006,3436167992.53085
2020-10-24,0.10793431,519972088.278963,3357855075.6474686
2020-10-25,0.10797112,421211790.687,3365354295.573632
2020-10-26,0.10627153,356841711.584707,3307344837.317468
2020-10-27,0.10326744,424406451.709426,3213691939.610697
2020-10-28,0.10268695,448476360.287618,3199657282.2722807
2020-10-29,0.0989444,464168577.069628,3079262919.9220114
2020-10-30,0.09526656,469593310.856425,2971056454.1566663
2020-10-31,0.09319046,466949288.152028,2901306193.740376
2020-11-01,0.09286959,367673987.308528,2891746978.3344765
2020-11-02,0.09774699,337986284.856016,3039022598.4583726
2020-11-03,0.09245315,385193189.802682,2886892759.1970754
2020-11-04,0.09363108,401038375.490055,2910039543.7584257
2020-11-05,0.09537744,439427002.450029,2966611626.028476
2020-11-06,0.09750582,419487840.169391,3031965032.516879
2020-11-07,0.1088901,584959788.10985,3390614216.4065733
2020-11-08,0.10135336,648559415.760955,3164398837.1457458
2020-11-09,0.10639525,460824005.014388,3319828324.1803927
2020-11-10,0.10536607,518814683.611984,3276824107.2011204
2020-11-11,0.10562814,461012942.818234,3287678333.8982983
2020-11-12,0.10580327,433570799.796426,3290905250.2840614
2020-11-13,0.10437918,415958086.937063,3255081954.259953
2020-11-14,0.10630123,370453034.935143,3303659619.03167
2020-11-15,0.10430681,372055933.618311,3248323140.867968
2020-11-16,0.10073653,308740738.195585,3131952630.209737
2020-11-17,0.1039046,320419642.175136,3234662117.379182
2020-11-18,0.10948525,486808926.937856,3406699744.010812
2020-11-19,0.10676304,513742217.267805,3322010614.4006176
2020-11-20,0.10580309,412896181.471624,3287796634.823744
2020-11-21,0.11763567,531264881.5551,3656423579.4556055
2020-11-22,0.13273132,1080788757.979167,4131921042.5383058
2020-11-23,0.14527293,1813283784.396652,4550731601.272364
2020-11-24,0.15357164,1583345915.530162,4725945643.464689
2020-11-25,0.16679998,2041517251.623688,5164269458.973527
2020-11-26,0.15568756,1262110958.146395,4799088754.203451
2020-11-27,0.13746124,1613109992.22798,4276578257.5184727
2020-11-28,0.14063948,1075587570.261799,4346114303.807067
2020-11-29,0.16471768,1570661467.27234,5124805753.783807
2020-11-30,0.16640239,1365586028.75319,5139050069.158035
2020-12-01,0.17050059,1526479658.455793,5342764712.853764
2020-12-02,0.15621673,1454582580.931566,4854424503.989223
2020-12-03,0.1589713,994449650.276108,4950496021.080942
2020-12-04,0.16404498,931561938.445297,5107837396.333952
2020-12-05,0.14905487,830109788.066351,4656623259.718898
2020-12-06,0.15955408,778434830.388982,4964123765.837639
2020-12-07,0.15864407,692494525.038692,4938964909.5133095
2020-12-08,0.15416122,606007826.464739,4801963855.153406
2020-12-09,0.14134787,718397782.560297,4408953009.352381
2020-12-10,0.14824925,969492620.085144,4620145846.073956
2020-12-11,0.14218197,638228958.869476,4434444965.111156
2020-12-12,0.13970144,639787380.155544,4345977281.986709
2020-12-13,0.14423279,498536611.57181,4511333180.892175
2020-12-14,0.15385145,624725108.491552,4786994113.813852
2020-12-15,0.1577037,569643692.713997,4907167387.663916
2020-12-16,0.15412399,574321991.102643,4796722199.95682
2020-12-17,0.16763523,863422173.324596,5183351482.8870735
2020-12-18,0.16336555,955148307.34823,5078894514.589049
2020-12-19,0.1649701,935714849.606182,5113106176.70546
2020-12-20,0.16472587,569726214.455038,5135263166.305007
2020-12-21,0.16204943,622833650.963323,5040227717.544842
2020-12-22,0.1536914,838303952.702508,4777223035.782049
2020-12-23,0.15707978,992545291.204008,4872658288.604781
2020-12-24,0.13843002,1136208021.337872,4367651955.025395
2020-12-25,0.15286836,1237242191.758746,4755514900.781896
2020-12-26,0.15734711,979948988.089807,4902726521.418645
2020-12-27,0.15833088,1024574835.8839,4921659619.155688
2020-12-28,0.15497012,1278813155.952757,4874263848.091413
2020-12-29,0.17769717,1485346338.551964,5510916587.13831
2020-12-30,0.19287566,2524633061.792262,5977650580.589257
2020-12-31,0.18449304,1624809767.304512,5728871576.204359
2021-01-01,0.18207113,1053156167.943183,5664962992.375575
2021-01-02,0.17567858,1058190761.390831,5459442449.830887
2021-01-03,0.17818495,1247682980.651689,5541071871.348484
2021-01-04,0.20503724,2068192817.439239,6478554204.432761
2021-01-05,0.21888849,2846810326.926629,6776976218.184067
2021-01-06,0.2592124,3367998095.423193,8086992388.5403805
2021-01-07,0.33184097,5744644250.202653,10274502269.983538
2021-01-08,0.30054285,3771312674.734168,9271209679.66398
2021-01-09,0.30794773,3852929126.905951,9486227623.151382
2021-01-10,0.33306999,2824226312.928415,10474851603.194077
2021-01-11,0.30621444,2905060003.694079,9547696166.484123
2021-01-12,0.27651185,3667755701.884773,8567295374.420918
2021-01-13,0.28784018,3199211911.135686,8919293654.920311
2021-01-14,0.31134991,2101875653.559902,9668965191.987007
2021-01-15,0.31013664,2179071320.308734,9607023622.828886
2021-01-16,0.30257532,2565853415.468592,9452716399.649153
2021-01-17,0.3522504,4537543259.394854,10974418960.154127
2021-01-18,0.37968796,5632481727.628044,11944120204.049416
2021-01-19,0.36965099,3594501559.179449,11556220463.724558
2021-01-20,0.36934574,2957432002.378526,11583747204.108196
2021-01-21,0.37631157,3314777145.018924,11629239817.496456
2021-01-22,0.31124018,3158075594.971625,9813434945.822624
2021-01-23,0.35116136,4093983206.349115,10808585450.780878
2021-01-24,0.34645547,2968549141.652513,10775451797.658688
2021-01-25,0.3520963,2870391825.203797,10907245699.203642
2021-01-26,0.34436125,2239860916.453625,10718641448.677244
2021-01-27,0.34389781,1848031728.979849,10707255441.64569
2021-01-28,0.31231536,1845484838.688903,9653513519.30118
2021-01-29,0.34463217,2103438290.658315,10775736944.967438
2021-01-30,0.34751971,2586671468.506824,10870768823.23515
2021-01-31,0.36048067,2354964351.045102,11492910452.930857
2021-02-01,0.34567339,1922223620.153523,11024882710.653038
2021-02-02,0.40141354,3203513341.743772,12802876639.677765
2021-02-03,0.42529321,5151435047.757959,13649744225.9608
2021-02-04,0.44121581,2963647375.471818,14046780963.90513
2021-02-05,0.4415988,2526990155.563085,14124867498.632463
2021-02-06,0.53855186,5138347917.095156,17202094510.163548
2021-02-07,0.62635697,6225004469.82153,19854979470.03364
2021-02-08,0.65947194,8483795430.597777,20910050886.32516
2021-02-09,0.68730684,6526446442.153341,21857345265.124405
2021-02-10,0.70591906,4430904463.339153,22537176367.01823
2021-02-11,0.92398545,10892994885.217125,29471024411.44145
2021-02-12,0.92771215,7257994780.916856,29490259208.429367
2021-02-13,0.9232752,5275893428.661645,29484763500.13652
2021-02-14,0.90399548,4440592841.183854,28898521927.17186
2021-02-15,0.85037948,4315179193.353438,27180580246.006447
2021-02-16,0.8600618,6170566197.389213,27363016264.865456
2021-02-17,0.87460516,4708239792.834361,27928267753.64384
2021-02-18,0.88873207,4147966953.031129,28374309990.04283
2021-02-19,0.91271521,4727330677.658762,29081988032.46847
2021-02-20,0.93315495,4500915018.129318,29861793769.83866
2021-02-21,1.12567955,10595397192.58006,35319686744.70111
2021-02-22,1.10458258,6593642966.007436,35410060966.21958
2021-02-23,1.10313717,9804462887.606749,35028892675.36006
2021-02-24,0.95578033,9841922168.551191,30289508304.79003
2021-02-25,1.05884933,7999062191.744385,33843111261.4633
2021-02-26,1.07691412,7725767289.384969,35020140015.7137
2021-02-27,1.24506169,13328352966.640017,39925051371.21413
2021-02-28,1.34280867,17436012662.324448,42146907598.95325
2021-03-01,1.30321979,14237710595.243414,42022774483.531845
2021-03-02,1.30285261,9327929929.51714,41594037335.68449
2021-03-03,1.22882342,6918648225.014435,39334338629.338974
2021-03-04,1.21969696,4665067737.673394,39107972070.42584
2021-03-05,1.11781743,6490723520.273779,35699298071.86932
2021-03-06,1.16476174,6987637522.385762,37171491761.508354
2021-03-07,1.13298606,4637649584.631506,36209341046.99843
2021-03-08,1.1368142,4460411320.369372,36237342226.55843
2021-03-09,1.12332999,3837785843.231521,35980627649.90802
2021-03-10,1.18874645,5116872043.446383,37935761722.85194
2021-03-11,1.13544411,4232588270.295405,36408738227.808464
2021-03-12,1.12826462,3648463949.803644,35855208322.38496
2021-03-13,1.03663128,4091220904.183962,33152429641.026672
2021-03-14,1.10222669,5574966052.413064,35195036232.59664
2021-03-15,1.06477706,3873912799.365124,34009748229.638126
2021-03-16,1.03136364,4425930270.171271,33196924181.247555
2021-03-17,1.24572568,8556622752.392891,39776083076.15777
2021-03-18,1.38300395,9359322303.77906,44206349365.28759
2021-03-19,1.23671415,10308489296.444132,39635535373.704765
2021-03-20,1.30195405,7537246767.764254,41583044699.256805
2021-03-21,1.2074253,4331034923.459506,38792953193.452286
2021-03-22,1.18923031,3952826743.027748,38071795657.28376
2021-03-23,1.10688074,4024094759.558631,35708026844.135155
2021-03-24,1.1270482,4313834035.689378,36009559805.77391
2021-03-25,1.06145251,3509101233.257331,34095874084.32727
2021-03-26,1.09700469,5128067561.773247,35106594429.1254
2021-03-27,1.21258899,5832300810.015615,38738000195.67599
2021-03-28,1.17785361,3239161162.132824,37797370711.05132
2021-03-29,1.19112593,2864842098.687992,38106805966.648994
2021-03-30,1.2009594,2974754356.493657,38374558120.76607
2021-03-31,1.21137136,2870621694.791581,38747164636.98202
2021-04-01,1.19219247,3359856102.295454,38261200550.94287
2021-04-02,1.18343264,2627207220.454189,37885255531.37811
2021-04-03,1.19036505,3115355141.807112,38175120188.83439
2021-04-04,1.16573632,3541823026.093735,37354800049.67576
2021-04-05,1.18341952,2514927782.597324,37920229258.21521
2021-04-06,1.21381696,3093929482.207825,38866154208.52337
2021-04-07,1.2553317,5716309191.912532,40174301241.53415
2021-04-08,1.17715971,4444431697.675934,37822168969.25518
2021-04-09,1.22990921,2806106617.456021,39107779970.63152
2021-04-10,1.20438914,2057819055.551284,38573434366.33114
2021-04-11,1.21772351,2638775983.397099,39035365860.85623
2021-04-12,1.26482475,3796665567.7417,40619405204.80631
2021-04-13,1.31979043,5005257550.24815,42234834334.014336
2021-04-14,1.42244712,5693372727.996346,45655290039.76624
2021-04-15,1.4561052,8920292802.393194,46765701663.37856
2021-04-16,1.4780713,5151594795.370427,47301179157.60043
2021-04-17,1.41242463,5343342941.514916,45346591335.34032
2021-04-18,1.37384156,3533425467.488067,44131641785.7529
2021-04-19,1.27830304,6558115732.141546,41009185396.83256
2021-04-20,1.19485815,5343870506.968918,38453861925.1591
2021-04-21,1.25973236,4665784591.156305,40395164223.48392
2021-04-22,1.20921683,4004683213.23182,39015254845.14442
2021-04-23,1.14919455,4514691271.886562,37047031960.802864
2021-04-24,1.15662869,6942995842.019251,36959022892.47807
2021-04-25,1.11108082,3606271585.386416,35760855209.77632
2021-04-26,1.08463305,2419295811.146168,34763368261.886925
2021-04-27,1.23465248,3178691426.014838,39598607716.19428
2021-04-28,1.30511474,2912984035.022595,41847738398.14531
2021-04-29,1.33355636,3050358135.849774,42696322872.49632
2021-04-30,1.315126,3877408673.902485,42218008953.63177
2021-05-01,1.35373016,2888334738.613848,43251677970.27558
2021-05-02,1.35372881,2277071478.872466,43444753835.5553
2021-05-03,1.32808882,2419782286.297781,42540495719.34877
2021-05-04,1.35914263,2913495465.733681,43592074191.274895
2021-05-05,1.27796598,4021089366.483399,41326027055.914055
2021-05-06,1.48020179,5144102153.54389,47368113642.07223
2021-05-07,1.65814926,10492098698.61079,53360219299.96424
2021-05-08,1.65188398,7524037592.658627,52795204748.10216
2021-05-09,1.61608065,4553766443.703337,51816643346.55727
2021-05-10,1.77403227,8212379684.490413,56886811810.61856
2021-05-11,1.65114317,6748208558.615174,53022907919.88876
2021-05-12,1.76717017,6105158952.820243,56422785745.776566
2021-05-13,1.56821933,6057046769.923359,52518502552.04381
2021-05-14,1.94259284,14773012317.768757,61871354957.58372
2021-05-15,2.00849712,7649125188.422863,64384940507.746376
2021-05-16,2.17096203,14459264755.745363,69699933668.58269
2021-05-17,2.28620858,12715835565.618893,73310457372.55261
2021-05-18,2.03065788,11269771320.783789,65556125527.3518
2021-05-19,2.01272686,7411999746.111534,64019956901.87918
2021-05-20,1.51736943,15193692115.73034,49217494677.79968
2021-05-21,1.79365754,11328190219.5534,57492844768.25935
2021-05-22,1.54712358,8942198417.085451,49480611260.99869
2021-05-23,1.46893511,6665471245.216616,47192676745.010704
2021-05-24,1.32881807,8825869340.678139,42338798442.81028
2021-05-25,1.5431462,7596677080.276528,49369920022.31968
2021-05-26,1.54637925,6199929363.120314,49752398756.77152
2021-05-27,1.77727596,7062731108.257343,56286220346.173965
2021-05-28,1.65052121,5001134793.944588,52918832311.84861
2021-05-29,1.51538314,6010450897.064002,48592867742.134
2021-05-30,1.41568475,4862190052.972614,45847843415.41005
2021-05-31,1.57684658,5832058168.471965,50414535804.046684
2021-06-01,1.74382356,5422971273.521189,55918127620.81978
2021-06-02,1.738341,4995661237.237114,55963404595.855385
2021-06-03,1.75806386,4311239392.211899,56498220769.129776
2021-06-04,1.84108054,4342198250.214024,59303621530.36588
2021-06-05,1.71015562,5266527710.251919,54766548459.830925
2021-06-06,1.65905791,3816423285.674355,53079740992.932816
2021-06-07,1.68062727,2437926136.960906,53706185453.487305
2021-06-08,1.55309991,3066840697.304516,50652944662.73068
2021-06-09,1.58141046,5159314256.682839,50730179591.30335
2021-06-10,1.62191273,4346881435.235965,52340455015.04023
2021-06-11,1.53196821,3410895121.610977,49447857410.75655
2021-06-12,1.43732361,3307214954.898515,45933166629.68729
2021-06-13,1.48296149,3828434533.036677,47714205696.99503
2021-06-14,1.56682372,4079349030.460879,49941414967.86893
2021-06-15,1.57443034,3516582796.262262,50416308305.58743
2021-06-16,1.56653433,3023834612.646857,50391529523.784485
2021-06-17,1.47962102,2880220476.455556,47393590799.99285
2021-06-18,1.48748664,2431459358.440172,47463238825.42096
2021-06-19,1.41913997,2844133200.752055,45667095006.09384
2021-06-20,1.39022705,2406414533.201538,44642873230.46928
2021-06-21,1.43466914,3106578340.143883,45996656094.169846
2021-06-22,1.18314953,4894085554.788768,38411041505.36855
2021-06-23,1.14797765,6862558968.591642,36599473846.52675
2021-06-24,1.24836055,5017951872.054881,40049997236.55031
2021-06-25,1.35669739,4220112004.009327,43522679454.58298
2021-06-26,1.27692256,5197249259.983488,41018597317.67341
2021-06-27,1.24808066,4299368464.203454,39931840010.70645
2021-06-28,1.34252439,3290563251.002132,43083374226.384285
2021-06-29,1.33185378,3158547739.856236,42550282680.16135
2021-06-30,1.37123449,3523964121.858746,44142782696.44864
2021-07-01,1.38516283,3404132646.270405,44441813698.7868
2021-07-02,1.33762479,3076399891.306128,43098347951.71951
2021-07-03,1.39509172,3183425155.504447,44559309654.743484
2021-07-04,1.40961556,2665125395.726841,45058814114.29131
2021-07-05,1.45668654,2209143952.012239,46894582606.13069
2021-07-06,1.41488436,2786935974.385802,45513662281.025055
2021-07-07,1.41366353,2379438477.487114,45323751370.75257
2021-07-08,1.40191975,1573433402.058416,44945443131.1824
2021-07-09,1.34682467,1527044342.912715,43210231184.62016
2021-07-10,1.35634146,1433266560.020062,43482946014.98071
2021-07-11,1.34141188,1016273066.965281,43008320824.21079
2021-07-12,1.34867611,799297957.404422,43253582168.0598
2021-07-13,1.31973924,1206400014.515342,42295830265.097374
2021-07-14,1.26467177,1116285682.092468,40565438397.05403
2021-07-15,1.26429601,1276828135.4012,40497361151.44175
2021-07-16,1.22572526,1134344778.197078,39374686507.872536
2021-07-17,1.17157289,1143827311.449092,37559740153.85849
2021-07-18,1.17594842,1020948117.12631,37700201068.36395
2021-07-19,1.19000652,886906470.474854,38072204962.31886
2021-07-20,1.1279895,985379234.764893,36363603752.7678
2021-07-21,1.06006416,1744496673.594761,34061358625.61974
2021-07-22,1.17635008,2012660704.700215,37555390538.67549
2021-07-23,1.18819187,1355558235.861202,38077856018.87968
2021-07-24,1.20323982,1049399514.712471,38578333796.337135
2021-07-25,1.23075017,1102999157.488355,39436084137.75868
2021-07-26,1.23512039,1200884822.987269,39580378055.150085
2021-07-27,1.25505945,2865774184.277693,40453902654.76121
2021-07-28,1.27284037,2043574309.98949,40761082389.76143
2021-07-29,1.2840182,1679739540.331443,41097297245.701866
2021-07-30,1.28839572,1308983957.462135,41353066882.484406
2021-07-31,1.30609009,1393986955.70279,41920164939.7779
2021-08-01,1.32571562,1223097832.137922,42626960806.38379
2021-08-02,1.31162741,1556302739.117528,41942215646.18457
2021-08-03,1.31409224,1259725180.678742,42223053588.46887
2021-08-04,1.36971792,1858096819.749374,43922298025.75148
2021-08-05,1.37819578,1727438117.272854,44244306618.72718
2021-08-06,1.38593628,1691781854.893718,44529395488.31232
2021-08-07,1.4027984,1588927106.330608,44976191368.19564
2021-08-08,1.47833598,2480585765.830668,47279023174.55644
2021-08-09,1.42578739,2265330765.160094,45815242223.606125
2021-08-10,1.47790456,2142412777.080793,47056082810.42616
2021-08-11,1.67630467,3676259235.83301,53577930723.08576
2021-08-12,1.79867725,5769853245.385376,57579550005.43834
2021-08-13,1.80766028,5153417333.576463,57851525295.06172
2021-08-14,2.13753855,7460225847.358434,67891752772.817406
2021-08-15,2.19131067,7578458477.11021,70631619782.70366
2021-08-16,2.16725657,5241111651.168726,69442698916.5732
2021-08-17,2.07936537,3685779291.057241,67363561247.76785
2021-08-18,1.92223423,3125753687.81868,62244981576.04676
2021-08-19,2.11842193,4160522472.269788,68408416408.650925
2021-08-20,2.2924615,2928122400.314106,73478460337.53844
2021-08-21,2.45572095,7300638937.255913,78606736222.06247
2021-08-22,2.44130858,3831313599.677044,78375949579.78043
2021-08-23,2.66286669,5514366048.470247,85113700351.55208
2021-08-24,2.91450238,8491098515.540793,93774043227.6504
2021-08-25,2.74503466,7960262411.901505,88117473137.34389
2021-08-26,2.73788375,5484918093.248777,87799979598.30768
2021-08-27,2.58037194,5553986642.220013,82998656158.68341
2021-08-28,2.93442218,7089768799.543161,93831078617.99117
2021-08-29,2.85385292,4107700418.714032,91545178941.28735
2021-08-30,2.86086502,4342317757.387974,91897143051.4316
2021-08-31,2.72983909,4154229341.149081,87653684618.56792
2021-09-01,2.78525423,3914011834.09911,89320739294.46425
2021-09-02,2.86349076,3819285059.088192,91803402850.63826
2021-09-03,2.96498694,6329404683.246481,95003730487.98029
2021-09-04,2.96707545,4310135202.257632,94699098504.00237
2021-09-05,2.83835667,3678225416.897317,91207581634.02171
2021-09-06,2.91119688,3222834374.358967,93377934837.92915
2021-09-07,2.84108679,3596945427.956463,91135287333.07532
2021-09-08,2.51039969,9579264086.057158,80409173519.45174
2021-09-09,2.47715292,7155681412.912866,80226388042.93837
2021-09-10,2.51880029,5008904927.509817,80864925455.61812
2021-09-11,2.37701693,5063772408.97633,76011031339.38365
2021-09-12,2.6135386,7277175317.8014,83644050025.61504
2021-09-13,2.59791633,7402829012.083982,83567686530.87027
2021-09-14,2.41574783,5428095004.007039,77370641706.12778
2021-09-15,2.39944443,3461669464.283954,76881051804.16806
2021-09-16,2.49490585,3923375598.292881,79647419225.17595
2021-09-17,2.4260043,2880421283.977806,77800286104.44485
2021-09-18,2.34893454,2101364343.831682,75633602743.40773
2021-09-19,2.37337713,1786853952.616407,75942505891.08444
2021-09-20,2.29085435,1890751815.809318,73534559243.04234
2021-09-21,2.08122441,5304108501.538435,66467363740.222885
2021-09-22,1.97218115,5359857791.287305,63007572370.16917
2021-09-23,2.24032839,4336704841.580194,71610128886.36876
2021-09-24,2.3264382,2859554202.027366,74492626868.77536
2021-09-25,2.27125203,5125188372.207657,74002539819.03792
2021-09-26,2.31193399,5042846268.65962,74201342932.3685
2021-09-27,2.21288378,3307540082.587565,72357770423.4004
2021-09-28,2.13887876,2386436991.206201,68586122051.51537
2021-09-29,2.03786933,2544152362.198193,65557023880.654594
2021-09-30,2.05852666,2297621518.579068,65835114804.1442
2021-10-01,2.11665193,2092736072.864861,67871265795.13519
2021-10-02,2.24676926,2511823046.243126,71980741780.63368
2021-10-03,2.24721902,2194904017.547218,72017933348.18193
2021-10-04,2.25883858,1560814022.05561,72529381282.70782
2021-10-05,2.19509521,1630672169.712374,70582726654.44083
2021-10-06,2.23784894,1499391673.916911,71779849396.20284
2021-10-07,2.21330709,2144512119.753268,70967214662.64716
2021-10-08,2.27996407,2669936578.598277,72987443161.14131
2021-10-09,2.23067797,1521104723.948012,71588795681.69351
2021-10-10,2.26947362,1322555134.041926,72764350708.77913
2021-10-11,2.1960162,1430279071.751174,70297930939.29306
2021-10-12,2.17411545,1823096849.782015,69443286763.17833
2021-10-13,2.11795828,2149638841.667285,67955499506.25527
2021-10-14,2.18933053,1877291562.798567,70197147291.9888
2021-10-15,2.17448731,1599892626.269595,69728970781.44403
2021-10-16,2.22564759,2748616055.352153,71349162035.326
2021-10-17,2.1872291,1883705285.375155,70319790103.4739
2021-10-18,2.15782275,1425207571.106511,69142581315.22409
2021-10-19,2.1284258,1472254043.761813,68608888299.154144
2021-10-20,2.11580872,1505341304.492883,67789450192.070656
2021-10-21,2.19357164,1964178910.714213,70402677877.701
2021-10-22,2.14529367,3295703229.71907,68887153531.8649
2021-10-23,2.16551654,2074957085.035744,69515903274.49059
2021-10-24,2.17415497,1350109773.282351,69699385114.50775
2021-10-25,2.12855153,1377128075.2728,68039453319.85252
2021-10-26,2.15210819,1479846425.615568,69027525982.03403
2021-10-27,2.13882284,1975499713.589497,68813391261.44438
2021-10-28,1.92390286,4104852629.764946,61715577622.51048
2021-10-29,1.99467872,3519101073.97631,64046931994.96556
2021-10-30,2.01599171,2105358110.476547,64529247718.78263
2021-10-31,1.9513563,1583695724.076207,62586219628.0512
2021-11-01,1.96675946,1841470220.641235,63182237770.93359
2021-11-02,1.95233148,1949617531.461335,62573456803.62033
2021-11-03,1.97065566,1826279345.998514,62928145589.88934
2021-11-04,2.06756824,3879652302.104393,66247488607.36172
2021-11-05,1.99187341,2525252728.572966,63622479071.92958
2021-11-06,1.98646869,1514719242.580954,63683096755.103096
2021-11-07,2.00967277,1412173130.126301,64227934287.937096
2021-11-08,2.02718801,1250219546.471892,64919758787.417885
2021-11-09,2.12760775,2522468276.459024,68502222966.521576
2021-11-10,2.27804698,6481640003.570025,73080012864.84605
2021-11-11,2.09709511,5390860586.368477,66854245720.62232
2021-11-12,2.08516868,2672496436.966428,66929489559.30144
2021-11-13,2.05678814,2162176874.724779,65779446170.06089
2021-11-14,2.0583309,1323387837.912801,65998839351.52305
2021-11-15,2.05131262,982316126.189191,65424906569.133
2021-11-16,2.02523218,1172113432.515967,64843843866.54438
2021-11-17,1.8845362,2990618053.930762,60494621348.90495
2021-11-18,1.88143604,2353167200.609291,59962823667.2647
2021-11-19,1.78641064,2206904009.051551,57091823833.413376
2021-11-20,1.87240462,1665910272.404566,59842696071.68384
2021-11-21,1.92806077,1427460384.384568,61749371510.403404
2021-11-22,1.85439089,1065197817.12217,59666332645.029884
2021-11-23,1.77755667,1434520943.756563,56956646394.21169
2021-11-24,1.7512786,1472329218.072821,56134045744.75097
2021-11-25,1.66883104,2764726047.228318,53476780497.00569
2021-11-26,1.67905778,2278200155.446487,54011073136.0744
2021-11-27,1.53698757,2630348908.631435,49295929468.848175
2021-11-28,1.53955035,1250118217.702312,49329604411.69781
2021-11-29,1.59257472,1966773435.099131,50922677879.98383
2021-11-30,1.60340691,1576848025.144952,51581902399.90013
2021-12-01,1.55401231,1572337424.098531,49831565724.43112
2021-12-02,1.54765913,1454814014.216906,49637322980.092224
2021-12-03,1.71418003,3379770868.13854,54933481510.13828
2021-12-04,1.56257448,2276864446.302769,50422314444.391365
2021-12-05,1.41912394,3640743720.547205,45467942852.08773
2021-12-06,1.37591944,2545148280.699906,44037273599.948814
2021-12-07,1.41765565,2441175917.269163,45537066741.6724
2021-12-08,1.38431061,1935731807.979635,44403584485.64563
2021-12-09,1.39360635,1568971689.043547,44576966707.249855
2021-12-10,1.29893972,1478362975.870563,41788233144.77946
2021-12-11,1.21486561,1510820463.097932,39284567642.00398
2021-12-12,1.3471858,1513577001.206861,43030071473.752304
2021-12-13,1.34840209,1270360253.852245,43126518341.2412
2021-12-14,1.2241789,1261654292.147931,39254998728.15175
2021-12-15,1.26630341,1348049274.086206,40517314024.62856
2021-12-16,1.31222719,1395379666.585691,41883530741.13758
2021-12-17,1.24516167,1067855730.963139,39835060416.94712
2021-12-18,1.2223421,1147864459.445631,39221188621.62227
2021-12-19,1.24382621,863246859.790773,39931897234.77747
2021-12-20,1.2461505,1041105662.622429,40052534349.92224
2021-12-21,1.24667208,1127335557.17143,40024843957.417694
2021-12-22,1.28290895,978770640.192102,41228725738.00704
2021-12-23,1.33232937,1332360401.624225,42878362097.23123
2021-12-24,1.4783371,1877638874.271785,47277552497.40627
2021-12-25,1.39748159,1148430340.891915,44858561786.50875
2021-12-26,1.45866402,865408025.7463,46766255151.99812
2021-12-27,1.45777695,966076689.068214,46723424210.61447
2021-12-28,1.52130364,1690731182.173936,49030667337.00916
2021-12-29,1.41158059,1884771373.822483,45510121613.0108
2021-12-30,1.33774141,1306643075.442965,42669320699.25304
2021-12-31,1.35804957,1143248114.748804,43402759872.83702
2022-01-01,1.31071985,1106501856.575447,42196254346.328064
2022-01-02,1.3784052,736142311.375654,44200479605.33392
2022-01-03,1.37950326,753645356.176991,44292070955.55457
2022-01-04,1.32394813,828444706.332346,42579298186.5298
2022-01-05,1.31184269,906279798.472135,42361773516.50891
2022-01-06,1.23952784,1224845206.289604,39972161973.40968
2022-01-07,1.279609,1375470276.892169,41181327448.57284
2022-01-08,1.21448937,1537503330.896864,38940980400.86952
2022-01-09,1.18862633,1307167794.374209,38305510646.897575
2022-01-10,1.17497974,811699663.786345,37584527637.96972
2022-01-11,1.13072248,1307941135.931357,36302150872.95676
2022-01-12,1.18667167,952035463.440396,38098252395.75478
2022-01-13,1.30604355,1288777938.555198,41891466165.21188
2022-01-14,1.236729,1509253079.174512,39819346582.17602
2022-01-15,1.29135093,1401461596.286012,41149779253.900505
2022-01-16,1.29619046,801645016.343667,41629341033.15005
2022-01-17,1.40930514,2190580339.563199,45306926785.965126
2022-01-18,1.58928893,4791090273.44958,50522872800.396095
2022-01-19,1.47083241,3926232291.167172,47247124368.95572
2022-01-20,1.34277619,2953432997.600223,43125375198.71008
2022-01-21,1.26057431,2255033811.661926,40662405607.01851
2022-01-22,1.1220402,2791296567.713649,36368173704.2542
2022-01-23,1.07190939,3616776502.768661,34256465787.333424
2022-01-24,1.12112712,2162148187.412159,35957697983.57456
2022-01-25,1.06990815,2857852888.593418,34308092836.127853
2022-01-26,1.04569206,1537074540.867983,33519647999.37324
2022-01-27,1.07819821,2155730729.282777,34783150528.86953
2022-01-28,1.04787477,1379581941.451782,33601561740.91527
2022-01-29,1.05296906,1032965551.038942,33733183103.563057
2022-01-30,1.06343057,783225773.258083,34002313217.462536
2022-01-31,1.03912044,632774025.757107,33352205324.627453
2022-02-01,1.05475101,817625399.755217,33717971205.78224
2022-02-02,1.09032869,979105491.407871,34804039586.978775
2022-02-03,1.03145342,955710873.933476,33051606754.56344
2022-02-04,1.05642378,765456326.608367,33875277868.73072
2022-02-05,1.13384831,1013126102.302609,36204546433.97585
2022-02-06,1.12977909,1176550216.457444,36378045084.87456
2022-02-07,1.1472378,752428785.519707,36862183979.28601
2022-02-08,1.20014943,1849002690.247037,38523988522.32887
2022-02-09,1.18150922,1992641862.389734,37856316807.10156
2022-02-10,1.19753925,1078225007.782654,38383301474.951485
2022-02-11,1.1543571,1338197847.508603,36992223259.895294
2022-02-12,1.08159464,1053881949.176545,34703538693.84502
2022-02-13,1.05705949,1051948177.879654,33875479735.022057
2022-02-14,1.046837,801110888.901576,33537767336.502293
2022-02-15,1.05228547,957978409.760482,33725640380.821823
2022-02-16,1.10832856,1036467397.559341,35679172598.208206
2022-02-17,1.08541905,766148212.327907,34925054508.5803
2022-02-18,1.0210843,812615784.481822,32776487178.54903
2022-02-19,0.99859147,996941380.658312,32059403498.594284
2022-02-20,0.99914188,878381951.634687,32017660308.182068
2022-02-21,0.93413408,1124857649.507319,30150673034.05805
2022-02-22,0.86028004,1548137013.135474,27688893323.616894
2022-02-23,0.89138119,1600203239.596614,28644348109.42572
2022-02-24,0.87056096,1350169630.428599,27987012931.08488
2022-02-25,0.85384498,2765582272.866026,27380809087.285168
2022-02-26,0.89741856,1242827016.419829,28804358271.907227
2022-02-27,0.88772784,838819546.735709,28448195569.61312
2022-02-28,0.8606949,931897414.721775,27574399427.758728
2022-03-01,0.96032814,1359833504.48836,30630996790.1808
2022-03-02,0.96367618,1334434083.178621,30892367858.65227
2022-03-03,0.93900372,952214634.570543,30158715639.059486
2022-03-04,0.904602,846862261.185301,29070217141.824017
2022-03-05,0.84380052,929386636.092565,27092657207.3501
2022-03-06,0.86703474,699482297.495466,27767699997.64302
2022-03-07,0.82525936,617464962.117465,26438548435.8064
2022-03-08,0.79752307,882304115.196725,25566969905.6544
2022-03-09,0.80191412,835120211.190321,25692133991.60226
2022-03-10,0.84953252,862901845.681057,27249486596.33701
2022-03-11,0.80775238,798878328.340595,25889503942.0166
2022-03-12,0.7906326,634486808.458545,25428798152.191032
2022-03-13,0.79149191,391552569.522659,25434710291.746586
2022-03-14,0.79226253,592731497.563324,25355708728.210907
2022-03-15,0.80381143,715538424.61176,25728914895.372
2022-03-16,0.80040811,672590089.500112,25719829388.982407
2022-03-17,0.83823413,969717592.02419,26541616926.683823
2022-03-18,0.83768285,731533657.881818,26836330495.6338
2022-03-19,0.85405932,633235446.962505,27401653000.238808
2022-03-20,0.90114094,874463958.388765,28829284960.6332
2022-03-21,0.87722684,750486958.780427,28148726945.452305
2022-03-22,0.91572085,921246829.608903,29195679346.345245
2022-03-23,0.97574922,1339383877.775689,31106610233.077805
2022-03-24,1.10433153,2721873859.026031,35144269548.35936
2022-03-25,1.12811971,2818931372.598858,36174727483.39774
2022-03-26,1.09767703,2014405026.934792,35230742774.42558
2022-03-27,1.15039116,1262708850.680193,36962552852.50904
2022-03-28,1.17916261,1183071933.758048,37732296888.58796
2022-03-29,1.16829454,2092616377.221474,37863693777.97249
2022-03-30,1.19023269,1575619798.950238,38100498122.30323
2022-03-31,1.19017097,1355237416.078073,38244803202.93802
2022-04-01,1.1432294,1624760196.393853,36564438553.58206
2022-04-02,1.1648163,1563230562.963323,37319104972.83728
2022-04-03,1.15910623,1120502102.807182,37298700193.35377
2022-04-04,1.1842487,915587874.75303,37950775793.77831
2022-04-05,1.21273362,2253384085.476365,38870321080.1152
2022-04-06,1.17075053,1081488584.081825,37632239199.7188
2022-04-07,1.05439188,1605538955.330919,34026993428.76506
2022-04-08,1.09306342,1084344265.414358,35050598645.116776
2022-04-09,1.02809016,888344049.607619,32831866550.980778
2022-04-10,1.04606433,605121783.448818,33449118882.30976
2022-04-11,1.03340723,583476514.139817,33247148814.551537
2022-04-12,0.92254299,1291467594.225082,29698618696.22449
2022-04-13,0.95721078,1020547948.073373,30694294775.110844
2022-04-14,0.97621363,751454569.712297,31303049352.349888
2022-04-15,0.93334649,796807126.056551,29929053080.4926
2022-04-16,0.95621723,592228137.480887,30654197034.917725
2022-04-17,0.95405458,429049344.126279,30647912429.836426
2022-04-18,0.91729312,466973239.094968,29413227467.255127
2022-04-19,0.93732265,1046894124.542825,30056554133.196068
2022-04-20,0.95290366,715780087.281422,30551736663.589764
2022-04-21,0.93728255,759001703.42081,30042032727.31392
2022-04-22,0.91071168,789238228.497547,29145834793.02836
2022-04-23,0.90767424,671459995.0565,29120277968.189747
2022-04-24,0.88955778,391087546.462801,28579847077.37664
2022-04-25,0.88624989,435930790.669844,28439931064.51925
2022-04-26,0.89907753,1092611693.058392,28810400546.189293
2022-04-27,0.82766096,937366070.23461,26572384250.95359
2022-04-28,0.84085914,861148771.423325,26970724275.016724
2022-04-29,0.8429366,766789277.94724,27003290038.69941
2022-04-30,0.80622176,794628783.319173,25935835072.43784
2022-05-01,0.75806428,787135961.94844,24181808100.75781
2022-05-02,0.79025302,861447579.826247,25340561982.793995
2022-05-03,0.78305076,738951709.095262,25069143084.12341
2022-05-04,0.77280257,595809898.230581,24780988986.160595
2022-05-05,0.89592804,1380775100.616828,28751156734.12401
2022-05-06,0.79296942,1660085406.152226,25432773607.18915
2022-05-07,0.78608999,1197670447.358724,26584156717.79846
2022-05-08,0.76409686,715282757.356307,25894707553.5098
2022-05-09,0.74098937,994024088.189466,25075364017.607323
2022-05-10,0.61629658,2106558355.215503,20913667251.20072
2022-05-11,0.62940829,2117411074.709806,21201814151.975883
2022-05-12,0.51638181,2453060222.833718,16938551696.595608
2022-05-13,0.47537764,2590169979.449191,16116047160.540085
2022-05-14,0.52994734,1791950376.754285,17889561170.318428
2022-05-15,0.54113548,975136542.412315,18236404472.773064
2022-05-16,0.59773233,922868708.541802,20211047769.939224
2022-05-17,0.55729235,1094571216.410403,18840988244.349674
2022-05-18,0.57936725,826573979.047094,19627472575.983555
2022-05-19,0.50699493,806419307.024298,17162201162.922491
2022-05-20,0.53489846,830096519.467872,18099222175.634266
2022-05-21,0.51836945,634853511.547018,17533911904.7754
2022-05-22,0.52949202,356628251.044233,17907559108.18683
2022-05-23,0.54329841,421346255.981296,18382284485.75812
2022-05-24,0.51393005,640897589.896788,17359814467.102055
2022-05-25,0.52139963,548214539.056527,17625461349.811405
2022-05-26,0.51434988,462766230.337714,17398748801.043335
2022-05-27,0.48285164,744867891.198471,16364002617.039528
2022-05-28,0.45583605,806316121.132965,15376990672.242195
2022-05-29,0.46643169,379559254.684818,15820886950.500496
2022-05-30,0.4818238,374779227.12002,16291452374.037235
2022-05-31,0.57066367,1005116302.311713,19316903359.66667
2022-06-01,0.63082508,2809963269.404745,21403006491.157463
2022-06-02,0.55367798,1272220535.92789,18744362732.21837
2022-06-03,0.58699849,1148916329.802348,19880524128.35389
2022-06-04,0.56022554,827381308.887028,18946974767.650925
2022-06-05,0.56687167,492620235.769847,19061063639.607044
2022-06-06,0.56762807,417600832.845219,19252585858.21193
2022-06-07,0.60814515,1318274801.680996,20641927010.032883
2022-06-08,0.61690051,1346099448.552344,20863737286.42599
2022-06-09,0.64262145,1579935267.147667,21733626216.686714
2022-06-10,0.63285471,858777542.378959,21414878398.5152
2022-06-11,0.57478892,1027706322.644688,19451246646.809555
2022-06-12,0.55401506,1073933689.768273,18703983406.591984
2022-06-13,0.50239878,1293077699.833531,17023647989.452194
2022-06-14,0.46142156,2259176775.527118,15528588225.305462
2022-06-15,0.48545919,2064049915.314382,16414271850.936483
2022-06-16,0.53256404,2198550476.91463,17959119805.41293
2022-06-17,0.4758391,1166873169.033137,16118020967.695574
2022-06-18,0.48840229,818801818.742252,16517893641.591732
2022-06-19,0.45788996,1177664753.381447,15431066872.7482
2022-06-20,0.48382936,1022208856.683351,16276345714.246153
2022-06-21,0.49276445,1017220562.483222,16715183294.156612
2022-06-22,0.47999116,953739373.137833,16226255962.93925
2022-06-23,0.45933421,780350426.463788,15527121221.562143
2022-06-24,0.48033662,696825811.828091,16255800327.530474
2022-06-25,0.50265038,926847204.881988,17038833814.009642
2022-06-26,0.49827481,625318461.189802,16869524880.157185
2022-06-27,0.49141662,810306470.163596,16623658889.637953
2022-06-28,0.48674612,677084429.92462,16456993692.488617
2022-06-29,0.47018248,683911729.443548,15864801948.935286
2022-06-30,0.46519718,724334193.77612,15747671034.553007
2022-07-01,0.4546973,824504186.017502,15248112249.017147
2022-07-02,0.4508468,772454995.631877,15336638274.549747
2022-07-03,0.45745527,486237372.882182,15484756834.589
2022-07-04,0.45695555,435385002.465398,15446861108.260324
2022-07-05,0.46935811,793591269.225143,15856014567.493267
2022-07-06,0.45736639,748809018.003,15459445603.81665
2022-07-07,0.46256818,622876393.916013,15639819200.682293
2022-07-08,0.47834081,631266505.708386,16218380750.272114
2022-07-09,0.47114025,839958170.816769,15950017978.734137
2022-07-10,0.47873807,658153260.028009,16212837851.51472
2022-07-11,0.46337629,607755140.199407,15681229639.08106
2022-07-12,0.43590194,716352185.974427,14760113239.829622
2022-07-13,0.42051619,582880645.435732,14313569195.36208
2022-07-14,0.43757173,895826599.11333,14797283957.64413
2022-07-15,0.44136282,735765607.56069,14943454279.186651
2022-07-16,0.44246354,675020078.899504,14953534950.341696
2022-07-17,0.45691586,592906148.180677,15444621245.205948
2022-07-18,0.44824453,635834402.533778,15219619231.247738
2022-07-19,0.49151459,1487025377.001062,16593812798.034151
2022-07-20,0.51540989,1476504248.755394,17440738301.27521
2022-07-21,0.49208029,1464714071.122451,16685743726.368994
2022-07-22,0.50001125,946813840.549018,16943428134.748638
2022-07-23,0.48394201,778656829.780908,16342041083.86102
2022-07-24,0.51876613,845507411.098232,17526372893.15473
2022-07-25,0.51467564,914299114.440304,17504344263.581043
2022-07-26,0.47827067,734819368.07627,16303401122.606173
2022-07-27,0.46778939,775020107.214701,15833042011.240189
2022-07-28,0.50918805,1020763453.689992,17200487924.59785
2022-07-29,0.51390914,1228761150.622926,17351452032.081383
2022-07-30,0.52565689,1414352057.290119,17944907096.33059
2022-07-31,0.52647847,1135684896.641058,17764182816.830772
2022-08-01,0.51832348,750223549.187541,17550498086.4247
2022-08-02,0.51352696,661301555.269171,17347867527.218674
2022-08-03,0.4999611,719111180.484194,16978007491.092735
2022-08-04,0.5026594,557951652.216512,16997573338.703506
2022-08-05,0.50238204,504318910.117801,16952714475.159262
2022-08-06,0.51741809,545010350.801221,17481580237.73532
2022-08-07,0.51286601,372928511.467479,17363035060.460682
2022-08-08,0.52896023,484163038.006817,17891440238.040348
2022-08-09,0.53745507,751185478.177296,18177212772.198566
2022-08-10,0.51625944,620444997.526573,17443295978.717987
2022-08-11,0.53779149,752169685.116842,18170907378.942543
2022-08-12,0.53163149,729375747.156051,17990239681.06567
2022-08-13,0.54183836,522563815.806489,18303954512.76234
2022-08-14,0.56164912,881421106.568808,18995496380.33972
2022-08-15,0.57237917,1095775521.380512,19376950921.31594
2022-08-16,0.5524587,823679937.8247,18697412375.46549
2022-08-17,0.559785,680713342.753888,18927844549.39548
2022-08-18,0.53930161,996531852.837862,18212548966.162533
2022-08-19,0.51448688,574175563.340601,17412399056.99138
2022-08-20,0.45254722,1131869911.178255,15264620469.32385
2022-08-21,0.45216524,712605130.573029,15287373242.701645
2022-08-22,0.46493736,572942227.188354,15737082239.766909
2022-08-23,0.46103967,652365390.959614,15558968017.802616
2022-08-24,0.46619724,496523434.940955,15758641592.152924
2022-08-25,0.45848733,419728029.650071,15498632416.57211
2022-08-26,0.46564881,455105017.351288,15769622061.036827
2022-08-27,0.4324678,1067566966.6843,14532909604.997637
2022-08-28,0.45184687,611619788.937878,15255653329.04104
2022-08-29,0.43175497,422733249.414459,14635063104.049618
2022-08-30,0.45175696,495542633.829733,15311579937.340343
2022-08-31,0.45266997,545010438.782854,15340224310.072096
2022-09-01,0.44667264,442697001.130009,15116206759.449072
2022-09-02,0.45858826,488499192.282555,15490616058.460348
2022-09-03,0.45489577,445202474.122114,15371731935.340862
2022-09-04,0.48029154,669578779.88531,16272187678.984571
2022-09-05,0.50261125,771344282.134882,16979205843.876228
2022-09-06,0.4997819,563073797.677026,16869479136.034843
2022-09-07,0.46431246,840012624.930699,15710782585.77587
2022-09-08,0.47983175,596467887.437439,16275716122.45595
2022-09-09,0.48003672,546946753.377234,16225891068.956757
2022-09-10,0.50212766,735761266.585142,16883909775.078764
2022-09-11,0.51256626,846515848.166846,17349135568.209515
2022-09-12,0.50857174,602005606.885805,17203617072.33247
2022-09-13,0.50061179,736124582.716394,16929934732.473978
2022-09-14,0.46558511,871818623.872408,15757149494.533327
2022-09-15,0.48223183,626860025.973645,16255726044.604422
2022-09-16,0.46653351,563333171.396457,15787367090.023363
2022-09-17,0.47427589,471827719.712633,16036352648.168652
2022-09-18,0.48773802,442079343.122879,16481081019.23323
2022-09-19,0.44857649,558733055.79383,15177820354.668495
2022-09-20,0.45470699,652710345.440842,15380850389.891705
2022-09-21,0.44211061,458720063.432248,14971439823.899887
2022-09-22,0.44199914,1000019241.032692,14927028910.26723
2022-09-23,0.46022275,639659167.830416,15552763941.807796
2022-09-24,0.46267754,840576833.517799,15705053312.774714
2022-09-25,0.4528707,495364665.529106,15316824192.490423
2022-09-26,0.44730099,447022381.277092,15119251766.601458
2022-09-27,0.44676799,527803459.193104,15075736600.032124
2022-09-28,0.44253493,575411543.574594,14974356860.255735
2022-09-29,0.4384459,507181125.797775,14823431642.065315
2022-09-30,0.43797702,451700955.310126,14806691717.48292
2022-10-01,0.43442606,476695048.215369,14696613225.453772
2022-10-02,0.4309075,275605662.643377,14572943700.775814
2022-10-03,0.42033583,349880389.833377,14166555661.598583
2022-10-04,0.42842288,396923709.158018,14489425802.19616
2022-10-05,0.43641161,389554924.536248,14750681909.150242
2022-10-06,0.43145491,386899877.849262,14592010193.096067
2022-10-07,0.42899114,373891185.470304,14516473487.047983
2022-10-08,0.4252981,376520586.220426,14372895277.920216
2022-10-09,0.42219844,256034560.830253,14276638995.589676
2022-10-10,0.42267552,244792009.014605,14290398884.442415
2022-10-11,0.40207283,433727773.126124,13653344259.45396
2022-10-12,0.39087219,381206644.90877,13198595290.310684
2022-10-13,0.37724303,1202219204.174196,12901537611.637196
2022-10-14,0.36660428,641552388.876268,12791915350.828714
2022-10-15,0.36394494,380828272.058108,12392689792.863262
2022-10-16,0.37022671,369686543.372707,12309037704.759996
2022-10-17,0.37242538,394831976.470398,12515578717.08945
2022-10-18,0.36208521,469301247.072903,12609605254.111353
2022-10-19,0.34983941,472416515.601807,12256641766.95576
2022-10-20,0.34004886,521934238.492337,11852415892.097555
2022-10-21,0.34913523,538396083.938914,11498614666.31761
2022-10-22,0.35133205,392694887.790658,12240818816.6128
2022-10-23,0.36194735,496442301.993258,12322276862.645452
2022-10-24,0.357718,440362421.230829,12679018038.412865
2022-10-25,0.40101106,1444698900.520795,12514592960.486609
2022-10-26,0.40317575,888585034.106992,14125111627.502726
2022-10-27,0.38838555,766282255.71781,14116657054.038143
2022-10-28,0.40433132,711512239.999516,13643453921.010435
2022-10-29,0.42126108,916926024.780083,14152659906.88777
2022-10-30,0.4055636,598502422.293908,14641239556.103518
2022-10-31,0.40815596,616442415.880022,14192539385.426718
2022-11-01,0.40143646,480157689.766012,14239209401.858196
2022-11-02,0.38565826,798027488.738824,14046284574.960236
2022-11-03,0.38961732,456960965.640157,13531395048.584606
2022-11-04,0.42195791,999999207.972331,13636465621.525717
2022-11-05,0.42630487,752279067.809101,14770772848.80776
2022-11-06,0.40372501,536197047.327843,14968764185.77658
2022-11-07,0.4052979,612681103.961461,14171602326.781609
2022-11-08,0.37109431,1626952808.191443,14151650831.070724
2022-11-09,0.3176985,1554154805.045397,13126700296.842075
2022-11-10,0.36799938,1543254028.003802,11086726499.35976
2022-11-11,0.35455275,664782696.162321,12938175177.244574
2022-11-12,0.33912285,475689830.113124,12444528721.08047
2022-11-13,0.32915663,464179334.355985,11909550599.84657
2022-11-14,0.33104202,550417641.990478,11537810805.967918
2022-11-15,0.33682299,360734783.047962,11680062072.0967
2022-11-16,0.33232904,322634750.368395,11858620450.333736
2022-11-17,0.32471543,266778398.688112,11685096496.962875
2022-11-18,0.32591168,255045754.334216,11413410277.380384
2022-11-19,0.32818176,182589117.023371,11463611476.638016
2022-11-20,0.31199575,266601407.587327,11538888613.658794
2022-11-21,0.30478671,464431935.495474,10999857007.735691
2022-11-22,0.31159974,348090124.711998,10711858132.643946
2022-11-23,0.31891576,357026434.29666,10978554936.15271
2022-11-24,0.31641618,272851708.098959,11202669269.720907
2022-11-25,0.31459992,246948816.296473,11115483394.812569
2022-11-26,0.31335583,233529939.707729,11085465954.127386
2022-11-27,0.31229881,173175965.419644,11008659410.721724
2022-11-28,0.30657018,306112748.266147,11002188040.756248
2022-11-29,0.31038653,200010550.942978,10761215051.14446
2022-11-30,0.32039183,289249754.92107,10871692878.157091
2022-12-01,0.31673422,223302015.291718,11241301722.29082
2022-12-02,0.32107007,208495800.207834,11049222186.199265
2022-12-03,0.32177061,245297220.396349,11217744518.449362
2022-12-04,0.32439719,193835525.995675,11266463422.231169
2022-12-05,0.32148077,231874319.180641,11337246348.083197
2022-12-06,0.31935142,168285921.063797,11229740361.424658
2022-12-07,0.31129409,247463133.721007,11171270420.656044
2022-12-08,0.3152846,186161054.709836,10911580962.250353
2022-12-09,0.31288491,170739305.526971,11042204197.991655
2022-12-10,0.31370534,97868277.120124,10947127564.142126
2022-12-11,0.30849746,139124637.160233,10955129108.922724
2022-12-12,0.30693321,194782146.082513,10795338642.164318
2022-12-13,0.31383854,341582596.351508,10765213994.412956
2022-12-14,0.30802135,274398284.028108,10947773351.028316
2022-12-15,0.30003068,251682691.239287,10807853982.688818
2022-12-16,0.26378973,471688412.52675,10507439028.029615
2022-12-17,0.26701163,363168145.192175,9209359368.259089
2022-12-18,0.26596142,195428221.670554,9371061912.52424
2022-12-19,0.25275933,230924255.871933,9380446763.925056
2022-12-20,0.25884335,213019439.785655,8873184620.700447
2022-12-21,0.25333584,230780456.227062,9090926650.088385
2022-12-22,0.25660862,201076838.026404,8877957164.938986
2022-12-23,0.25965524,199122308.20689,8992871450.40732
2022-12-24,0.25930227,99806159.132775,9102643325.100744
2022-12-25,0.25925025,129939967.940895,9108089569.82464
2022-12-26,0.26542812,176930679.122831,9092589291.55371
2022-12-27,0.26024683,179722703.621556,9291688438.037796
2022-12-28,0.24809683,232278467.035258,9120634176.326609
2022-12-29,0.24400512,253406643.04437,8706852770.635092
2022-12-30,0.24562252,185092968.013757,8562205774.727905
2022-12-31,0.24558897,160284790.300166,8607991177.831968
2023-01-01,0.24977648,120358019.035574,8639667066.713358
2023-01-02,0.2534943,180218468.029608,8760815157.937347
2023-01-03,0.25274853,186061453.166147,8909442495.772968
2023-01-04,0.26782272,321656929.432297,8866077129.565514
2023-01-05,0.26900728,220277386.731271,9386328191.022104
2023-01-06,0.27865403,334309683.029552,9439944979.112
2023-01-07,0.27675643,171742107.80042,9698934843.090277
2023-01-08,0.2971862,420612898.13305,10414896428.067938
2023-01-09,0.31711518,984559427.92715,11113308104.25325
2023-01-10,0.32253804,409129764.906421,11303352313.561668
2023-01-11,0.323306,325686002.463037,11330265414.43202
2023-01-12,0.3295957,512722703.349115,11550688342.895409
2023-01-13,0.34584771,384433424.144605,12120240250.596024
2023-01-14,0.35224113,774298706.923199,12344297632.954166
2023-01-15,0.35076098,369200155.428881,12292425774.97482
2023-01-16,0.35027366,407217270.423883,12275347770.272331
2023-01-17,0.34526601,290527148.289458,12099854477.1748
2023-01-18,0.32688087,454885896.896598,11455546741.430605
2023-01-19,0.33810034,246793356.542274,11848733506.265978
2023-01-20,0.36466967,369155895.643709,12779856302.932867
2023-01-21,0.36870299,604158920.415332,12921204128.171703
2023-01-22,0.37656802,599237745.256695,13196834041.657875
2023-01-23,0.37514893,477808541.9877,13147101958.9994
2023-01-24,0.35878012,349239080.829784,12573456812.768145
2023-01-25,0.37365317,387878616.636903,13094683170.20224
2023-01-26,0.38002493,477866956.151154,13317981499.181952
2023-01-27,0.38921444,337938376.838659,13640028130.169956
2023-01-28,0.38244477,338900827.169562,13402784850.073711
2023-01-29,0.39684199,326332884.254513,13907335687.916504
2023-01-30,0.37256579,385442826.978086,13056575916.52001
2023-01-31,0.39059546,425180805.320363,13688426182.316746
2023-02-01,0.39653391,454255492.840172,13896539040.150969
2023-02-02,0.39721938,549367860.031373,13920561306.527033
2023-02-03,0.40387401,374060768.704364,14153772986.674192
2023-02-04,0.39898059,245293917.120203,13982282912.66229
2023-02-05,0.39240615,329307627.590741,13751881656.9778
2023-02-06,0.38207155,309250846.75054,13389705345.247593
2023-02-07,0.39877755,347512927.799834,13975167433.486288
2023-02-08,0.39412926,313131336.293347,13812268223.109812
2023-02-09,0.36224797,438098116.196371,12694987761.837631
2023-02-10,0.35824947,329773343.365385,12554860085.617496
2023-02-11,0.36854876,207846635.925885,12915798861.069595
2023-02-12,0.36418577,219175892.034773,12762897799.284578
2023-02-13,0.35956944,338847234.054207,12601118519.926582
2023-02-14,0.38654298,447797315.243838,13546406918.250189
2023-02-15,0.41911649,375293029.939552,14687946186.034824
2023-02-16,0.38804903,514666787.677836,13598749409.12293
2023-02-17,0.4037961,375664476.261757,14151042754.941353
2023-02-18,0.40599316,282253401.955353,14228038808.579435
2023-02-19,0.39984348,307332073.97904,14012523103.590406
2023-02-20,0.40379952,352171651.453891,14151162549.999151
2023-02-21,0.39255256,351431372.073662,13757012764.11892
2023-02-22,0.38905877,340705528.244181,13634572642.691973
2023-02-23,0.38268726,248714943.740455,13411282899.515284
2023-02-24,0.36548543,345027052.676899,12808444548.90773
2023-02-25,0.3623959,264804981.81435,12700171869.26328
2023-02-26,0.36893196,190933210.19191,12929228378.577404
2023-02-27,0.3648142,203817841.779445,12784921138.51336
2023-02-28,0.3516144,208240796.06839,12322333987.48064
2023-03-01,0.36037232,200174994.993831,12629255558.393324
2023-03-02,0.35011214,234480290.759545,12269687365.242092
2023-03-03,0.34307881,370476920.60068,12023204060.4478
2023-03-04,0.33677628,151321305.656864,11802331784.205048
2023-03-05,0.33693379,156898868.765317,11807851797.808195
2023-03-06,0.33072634,196961358.146477,11590311472.309269
2023-03-07,0.33044599,276725794.265894,11580130468.162271
2023-03-08,0.31737034,265106691.084355,11122250195.840277
2023-03-09,0.31006039,397912460.803902,10866072740.289131
2023-03-10,0.31624652,455497063.673299,11082865842.508354
2023-03-11,0.30749415,368036753.222609,10776138998.708569
2023-03-12,0.33088542,356069700.35848,11595886576.332882
2023-03-13,0.34426981,558655780.718531,12064942596.129871
2023-03-14,0.3439183,515472882.862741,12052624126.6772
2023-03-15,0.32506273,527544710.0822,11391830023.950808
2023-03-16,0.32546145,284819261.674125,11405803267.121586
2023-03-17,0.35111473,365479945.461545,12304822926.046448
2023-03-18,0.33953601,295553574.942563,11899046490.658974
2023-03-19,0.34673704,213455461.103795,12151406957.267244
2023-03-20,0.33295682,252694906.04048,11668478677.812817
2023-03-21,0.37143483,565881023.078843,13016941503.80026
2023-03-22,0.36040275,625387080.05168,12630321962.360329
2023-03-23,0.37231663,363115573.054028,13047844049.405231
2023-03-24,0.36011743,250482770.474712,12620322737.784887
2023-03-25,0.35171856,182484785.74478,12325984141.932465
2023-03-26,0.35600192,186815333.290945,12476094655.868172
2023-03-27,0.34564388,247698879.245157,12113096805.453722
2023-03-28,0.36799028,273824485.6299,12896227022.739016
2023-03-29,0.38084997,410408768.993303,13346895122.10642
2023-03-30,0.37731341,332593291.713276,13222956175.443035
2023-03-31,0.39837173,552466073.548922,13960945400.966751
2023-04-01,0.39271779,315765371.814329,13762803244.089067
2023-04-02,0.38172403,260760750.355204,13377526670.22207
2023-04-03,0.38601009,528477237.679503,13527731745.108011
2023-04-04,0.39021098,304403460.529839,13674951999.314257
2023-04-05,0.39139047,239133095.305515,13716287165.136074
2023-04-06,0.38205892,229822601.940083,13389262807.842949
2023-04-07,0.38266706,153894666.3476,13410575229.415377
2023-04-08,0.38498796,172728862.960487,13491910937.131136
2023-04-09,0.38881881,181252981.925306,13626163414.305365
2023-04-10,0.39628635,223264978.710674,13887863323.94454
2023-04-11,0.40068547,363374806.527885,14042030482.538494
2023-04-12,0.40303033,365560937.786519,14124206345.05236
2023-04-13,0.42571107,489725721.433056,14919053280.87467
2023-04-14,0.43921271,692132053.625463,15392218665.845016
2023-04-15,0.45387169,532755818.013957,15905942957.84071
2023-04-16,0.45183525,343524739.379641,15834575581.34241
2023-04-17,0.43376609,408341289.743518,15201341732.332464
2023-04-18,0.44394312,281861084.105939,15557996018.452633
2023-04-19,0.41613855,493863091.488305,14583584120.235453
2023-04-20,0.40066728,385714189.723824,14041393020.297577
2023-04-21,0.38367692,363773233.186194,13445965809.493458
2023-04-22,0.39714846,230254430.315934,13918076111.35724
2023-04-23,0.38919238,205313818.431034,13639255215.191755
2023-04-24,0.38367171,252036352.526759,13445783133.764996
2023-04-25,0.3951548,247714492.185643,13848208236.328844
2023-04-26,0.40158686,440242601.645591,14073619716.44174
2023-04-27,0.40991151,362535643.945729,14365357258.159037
2023-04-28,0.40563138,207063170.719687,14215360084.59748
2023-04-29,0.40326237,125020547.927756,14132338314.030697
2023-04-30,0.39697194,190819390.30406,13909685617.06595
2023-05-01,0.38695169,247072951.036562,13560730140.977337
2023-05-02,0.39175397,173340773.349521,13729026095.307137
2023-05-03,0.39391714,241197108.021274,13804834321.47355
2023-05-04,0.38750158,156037762.827573,13580001034.550396
2023-05-05,0.39578982,213143642.398622,13869698804.898745
2023-05-06,0.38133588,217254447.04762,13363923982.32017
2023-05-07,0.37686418,154004794.063104,13207212890.00398
2023-05-08,0.36578887,305673588.197136,12819078396.187117
2023-05-09,0.36384867,190990389.689372,12749367637.777811
2023-05-10,0.36989208,340192334.692722,12962875723.3579
2023-05-11,0.36008432,239613797.825266,12619162660.646587
2023-05-12,0.37179668,240071708.355957,13029622318.265257
2023-05-13,0.36559342,111189177.141768,12812228908.054558
2023-05-14,0.37079791,103592244.291609,12994620591.72606
2023-05-15,0.36713309,143610113.150918,12866186821.141914
2023-05-16,0.36805284,157383680.998927,12898419297.18146
2023-05-17,0.37533961,205736912.769581,13153784278.448591
2023-05-18,0.37170363,177468328.548879,13026361532.118958
2023-05-19,0.3682589,100691629.784674,12905640655.593151
2023-05-20,0.36649624,96496524.760432,12843868433.822
2023-05-21,0.36023695,93034071.036908,12624511515.376188
2023-05-22,0.36784011,148235876.768211,12890964222.551289
2023-05-23,0.37039194,116146076.548356,12980393242.565092
2023-05-24,0.36406423,153946902.092477,12758638356.761503
2023-05-25,0.35824587,133433858.536895,12554734060.079788
2023-05-26,0.3627914,143392992.269021,12714032249.153423
2023-05-27,0.36695966,86297630.783849,12860108771.67621
2023-05-28,0.38289824,183142278.485205,13418676847.736267
2023-05-29,0.37898992,162657116.766012,13281709696.054895
2023-05-30,0.37789441,149153484.210695,13243317521.60425
2023-05-31,0.3743011,142192294.822641,13117389838.38672
2023-06-01,0.36467527,198261465.162774,12780052572.824266
2023-06-02,0.37835632,168202449.030509,13259505069.890152
2023-06-03,0.37873848,71202451.952959,13272897822.462986
2023-06-04,0.37781386,109803684.140402,13240494433.851898
2023-06-05,0.3526897,248687818.281475,12360017812.908024
2023-06-06,0.35365791,218191390.791105,12393948982.94406
2023-06-07,0.32207413,317191494.604734,11287094740.996355
2023-06-08,0.32320436,219365743.422306,11326703664.866451
2023-06-09,0.29591379,448304141.091793,10370305027.56431
2023-06-10,0.27553683,1184164501.359202,9656194029.911028
2023-06-11,0.27247139,459183189.487763,9548765371.417982
2023-06-12,0.27527128,384146086.03884,9646887582.02758
2023-06-13,0.27542361,272075041.149871,9652226190.879765
2023-06-14,0.26382373,208355943.347521,9245708193.107183
2023-06-15,0.26190545,220439291.763554,9178481874.98862
2023-06-16,0.26340891,152391118.225457,9231170663.27525
2023-06-17,0.26710838,150763352.743127,9360818566.256416
2023-06-18,0.26104524,118436877.253583,9148335785.950848
2023-06-19,0.26241843,122010275.96881,9196459460.067162
2023-06-20,0.27045936,184642736.943967,9478253794.19256
2023-06-21,0.28645837,296762994.359147,10038939598.222124
2023-06-22,0.29017999,289137418.294059,10169363703.63016
2023-06-23,0.2966637,196674635.416366,10396585602.706514
2023-06-24,0.28975812,161002812.748718,10154579492.266336
2023-06-25,0.29217265,182670015.021776,10239196773.599035
2023-06-26,0.28050815,169148949.61071,9830414056.2297
2023-06-27,0.28669904,165619912.247286,10047373825.9252
2023-06-28,0.26677852,229843115.728516,9349258708.47819
2023-06-29,0.27532888,160962103.526864,9648906226.95309
2023-06-30,0.28670116,442865546.11429,10047448161.026638
2023-07-01,0.29234572,174878158.966546,10245261843.477612
2023-07-02,0.29210487,154361165.170666,10236821214.364317
2023-07-03,0.29623496,156041447.383238,10381560189.691948
2023-07-04,0.29221457,198314097.861961,10240665782.967384
2023-07-05,0.28424714,188384844.723383,9961446915.58155
2023-07-06,0.27901324,236746801.011697,9778024652.043438
2023-07-07,0.28457697,177313368.291958,9973005779.633362
2023-07-08,0.29089096,181892866.665778,10194279725.490704
2023-07-09,0.28465774,157677087.37394,9975836339.126366
2023-07-10,0.28780516,213734486.167971,10086137820.72172
2023-07-11,0.29273386,171762489.996602,10258864173.193989
2023-07-12,0.28896383,146986627.101446,10126743454.63658
2023-07-13,0.3577647,1018915293.215721,12537871538.135073
2023-07-14,0.32834598,618165971.838839,11506891709.28238
2023-07-15,0.32635825,213306572.804457,11437231656.403694
2023-07-16,0.31472517,240076815.077391,11029550251.820362
2023-07-17,0.31209736,222465816.46868,10937458637.469349
2023-07-18,0.30852863,241070038.582969,10812392182.337929
2023-07-19,0.32273064,333861967.656037,11310101958.604685
2023-07-20,0.3159573,297608932.296056,11072730038.59052
2023-07-21,0.31293798,166836195.370016,10966918074.917234
2023-07-22,0.31000463,157119813.418592,10864118885.321428
2023-07-23,0.31737715,134727164.571338,11122489002.642176
2023-07-24,0.30534584,200745382.498697,10700851169.490055
2023-07-25,0.30380363,146412358.878863,10646804427.377687
2023-07-26,0.30705651,175746958.575036,10760801957.157137
2023-07-27,0.30783177,132319870.268021,10787970925.581505
2023-07-28,0.30976238,113506411.563508,10855629152.053995
2023-07-29,0.31304332,125842754.759013,10970609754.613789
2023-07-30,0.31553506,148610132.646491,11057932859.867758
2023-07-31,0.30711826,151650397.137771,10762965706.905622
2023-08-01,0.30976881,195033404.412988,10855854527.256777
2023-08-02,0.2990004,180334226.550999,10478475079.73734
2023-08-03,0.29214441,270050509.503932,10238206992.655855
2023-08-04,0.29336722,175076343.886881,10281060199.8428
2023-08-05,0.29372557,140131104.17477,10293618601.363491
2023-08-06,0.29194824,126885621.571218,10231332280.841875
2023-08-07,0.29051549,188107639.095889,10181121572.277184
2023-08-08,0.29738353,239305209.36859,10421811938.40775
2023-08-09,0.30105407,173912922.529179,10550446318.544188
2023-08-10,0.29600199,160401166.354426,10373395842.12061
2023-08-11,0.2931538,102442071.512985,10273581100.984043
2023-08-12,0.29189504,90125462.226939,10229467611.413189
2023-08-13,0.28958912,106110164.916506,10148656804.972204
2023-08-14,0.29039915,107961385.977475,10177044331.981192
2023-08-15,0.28160251,144552667.631816,9868765750.301958
2023-08-16,0.27432562,192785477.985563,9613746990.83573
2023-08-17,0.25599406,283366482.629654,8971317317.140266
2023-08-18,0.26395477,207478553.005572,9250300367.859455
2023-08-19,0.26891499,98011030.715201,9424131519.740208
2023-08-20,0.27041802,100157500.689696,9476805186.520887
2023-08-21,0.26281381,146383977.5752,9210315347.407608
2023-08-22,0.25846583,176706685.1677,9057940421.924934
2023-08-23,0.26803778,159763236.632629,9393389619.75948
2023-08-24,0.26581483,138334268.071269,9315486208.148745
2023-08-25,0.2610956,192617776.338657,9150100891.870018
2023-08-26,0.26083594,109628030.066924,9141000944.80688
2023-08-27,0.26331595,112608928.131708,9227913122.005651
2023-08-28,0.26734033,125170075.960528,9368947554.387232
2023-08-29,0.27243884,286390293.88717,9547624895.843237
2023-08-30,0.26530703,171797048.445449,9297690234.246435
2023-08-31,0.25529063,148455068.197731,8946665298.04948
2023-09-01,0.25502826,134382230.480632,8937470577.991982
2023-09-02,0.25626891,90160834.773938,8980949236.615107
2023-09-03,0.25589849,72505554.319482,8967968077.440283
2023-09-04,0.25604269,67721592.47228,8973021572.4938
2023-09-05,0.25765339,64196120.235234,9029468429.867231
2023-09-06,0.25756312,84547359.102101,9026304949.618277
2023-09-07,0.25784013,83997337.482987,9036012737.971949
2023-09-08,0.25437208,75997353.072294,8914474974.872524
2023-09-09,0.2533717,37911955.13276,8879416482.546318
2023-09-10,0.24899932,115754342.980069,8726186449.304918
2023-09-11,0.2420676,106384040.808709,8483264052.743989
2023-09-12,0.24537939,86516652.001906,8599325853.647818
2023-09-13,0.24872182,75850797.866674,8716461238.189503
2023-09-14,0.25135302,86430530.679382,8808671700.776114
2023-09-15,0.25059487,99388378.338848,8782102404.123396
2023-09-16,0.25047552,63921235.423569,8777919986.54558
2023-09-17,0.24723185,64841914.48798,8664245220.483505
2023-09-18,0.2514912,98111345.80323,8813514412.463696
2023-09-19,0.25486644,89875553.085651,8931799847.825916
2023-09-20,0.25166675,91509454.051245,8819666663.507915
2023-09-21,0.24504367,95719853.340838,8587560644.830573
2023-09-22,0.24507917,106355712.826862,8588804538.226639
2023-09-23,0.24630384,56743404.693549,8631723221.802267
2023-09-24,0.24296726,60148359.038953,8514792606.10345
2023-09-25,0.24581269,102741856.311903,8614510758.485615
2023-09-26,0.24537263,94199364.050184,8599088916.588211
2023-09-27,0.24444768,105522949.664094,8566673990.214778
2023-09-28,0.24885716,131509258.69857,8721204368.106058
2023-09-29,0.24947086,171940872.356687,8742711441.2798
2023-09-30,0.25411524,109233232.74641,8905473707.831347
2023-10-01,0.26579515,172091150.615303,9314796523.964218
2023-10-02,0.25930189,207576162.859418,9087240068.54341
2023-10-03,0.26097771,148776177.01288,9145969267.782455
2023-10-04,0.25908384,144730989.34362,9079598547.439735
2023-10-05,0.26015461,92517217.12097,9117123638.118729
2023-10-06,0.26493683,79139738.434264,9284716606.956236
2023-10-07,0.25875177,109112717.587332,9067961281.203403
2023-10-08,0.25649787,66106021.570338,9296582463.455263
2023-10-09,0.25133067,119305071.774826,9109301190.971054
2023-10-10,0.24919022,104958564.980792,9031722171.181244
2023-10-11,0.24793816,106173351.842056,8986342134.31199
2023-10-12,0.24591262,84804445.258111,8912927770.428259
2023-10-13,0.24593922,86850517.934616,8917601760.702248
2023-10-14,0.24705256,62046851.184141,8957970988.624628
2023-10-15,0.2473407,64882885.29492,8968418529.613102
2023-10-16,0.25137742,164297863.969023,9114787751.115904
2023-10-17,0.24653493,117895004.437967,8939201916.438992
2023-10-18,0.24305734,97045657.528357,8816839018.167046
2023-10-19,0.24696148,111047584.592457,8958460913.25983
2023-10-20,0.25125506,122589209.527352,9114209162.43881
2023-10-21,0.25859763,133774169.298602,9380558962.026674
2023-10-22,0.26358493,112460136.087005,9561471922.959946
2023-10-23,0.28055489,181466139.505501,10181283174.657728
2023-10-24,0.27918609,215301988.505552,10131609694.39848
2023-10-25,0.28083581,133081438.458276,10191477754.655788
2023-10-26,0.28715711,171639627.763199,10420876640.292702
2023-10-27,0.28954922,96909228.367033,10507685677.421083
2023-10-28,0.29143293,77115904.559963,10580483114.802937
2023-10-29,0.29530603,73361289.687732,10721096121.85129
2023-10-30,0.30258247,117053752.950246,10985267784.82831
2023-10-31,0.29330392,151540276.503388,10648409547.029749
2023-11-01,0.30722801,177644207.658342,11153924006.916409
2023-11-02,0.3230302,265396544.561745,11727623209.424915
2023-11-03,0.32888382,202844853.207708,11945122639.816624
2023-11-04,0.32827953,104714538.664854,11923174702.117794
2023-11-05,0.34198843,165928277.072609,12421084346.375748
2023-11-06,0.36276169,235130016.270858,13175573343.632608
2023-11-07,0.35149738,242479613.488957,12771735479.418337
2023-11-08,0.35785614,163308138.322476,13002782705.482525
2023-11-09,0.36832182,355969565.658114,13383055491.742289
2023-11-10,0.38623783,265376768.111046,14034037428.717474
2023-11-11,0.38445845,274732743.57087,13969383473.10036
2023-11-12,0.3836993,181593583.14705,13947574191.684635
2023-11-13,0.35743614,189156073.31872,12992901467.116287
2023-11-14,0.35771479,209150640.028208,13003030281.841124
2023-11-15,0.37899316,194386865.468947,13776504874.231974
2023-11-16,0.37103737,398967974.385444,13487309585.467464
2023-11-17,0.36712776,194192369.046368,13345194399.848194
2023-11-18,0.37745901,161223945.915523,13720738118.09304
2023-11-19,0.38465676,127587909.135147,13982378120.274763
2023-11-20,0.38019406,203350308.600255,13820157866.443249
2023-11-21,0.3589225,213716070.282681,13046930795.5826
2023-11-22,0.3803153,129111942.571057,13824565194.507496
2023-11-23,0.38651056,99907438.047779,14049764316.24269
2023-11-24,0.38615254,164626918.113819,14036750385.894268
2023-11-25,0.39444584,89720261.267949,14338213939.980885
2023-11-26,0.38809208,102579689.841631,14107253074.905125
2023-11-27,0.37779027,103553943.727148,13732779325.746351
2023-11-28,0.38568141,125680075.860032,14019624559.847551
2023-11-29,0.38151214,111492345.342298,13868070384.121696
2023-11-30,0.37601468,99527430.290453,13668236484.885592
2023-12-01,0.38425233,98037725.279991,13967677241.551731
2023-12-02,0.39799979,94956176.122185,14467401156.530218
2023-12-03,0.39539647,131382588.935433,14372769773.708614
2023-12-04,0.40716923,250013387.600089,14800712660.8389
2023-12-05,0.42556325,245117484.08595,15469340519.111078
2023-12-06,0.44247744,396920109.25059,16084175884.35889
2023-12-07,0.45658083,284188147.321001,16596837814.459564
2023-12-08,0.54623792,945975172.862084,19855897743.468445
2023-12-09,0.57888128,1224171540.89868,21042492629.571545
2023-12-10,0.59431348,585625400.606293,21603457310.21434
2023-12-11,0.55046168,700458842.097307,20009432379.72135
2023-12-12,0.57634621,617355756.752144,20950342003.318123
2023-12-13,0.66390188,1015733832.234558,24133014796.82104
2023-12-14,0.6423969,681976816.22796,23351302913.281406
2023-12-15,0.60274666,415302977.006182,21910005526.809563
2023-12-16,0.60658655,283419184.959056,22049586922.348927
2023-12-17,0.5805048,220816785.43344,21101507865.076653
2023-12-18,0.60096564,331991235.27329,21845265096.680386
2023-12-19,0.57589821,329080514.212832,20934057184.37114
2023-12-20,0.58900567,341971567.529056,21410516791.677647
2023-12-21,0.63615363,397913318.298197,23124358127.931847
2023-12-22,0.62395701,410982033.52239,22681007898.434326
2023-12-23,0.61455018,235908143.124473,22339067014.08845
2023-12-24,0.59351668,353207847.465276,21574493578.58718
2023-12-25,0.62514863,305851048.432353,22724323444.15058
2023-12-26,0.60894634,425308505.25176,22135365905.4464
2023-12-27,0.63349067,446073961.264844,23027558938.65777
2023-12-28,0.61657225,624201085.737149,22412569732.37018
2023-12-29,0.60842952,363711553.9416,22116579369.18088
2023-12-30,0.60208509,186288355.52043,21885957357.5376
2023-12-31,0.59324672,187367293.579711,21564680286.388054
2024-01-01,0.62320551,166931996.998618,22653690567.347656
2024-01-02,0.60561068,317623920.691868,22014113447.591988
2024-01-03,0.55714197,596051439.998426,20252262749.99661
2024-01-04,0.57039771,292663950.265029,20734112594.77722
2024-01-05,0.54048213,330016076.503775,19646673024.91432
2024-01-06,0.52303241,228986544.498457,19012370964.4216
2024-01-07,0.49382153,183064389.731204,17950547582.917427
2024-01-08,0.54082066,421100831.706093,19658978667.2318
2024-01-09,0.51086137,335887412.824671,18569950479.957973
2024-01-10,0.56669542,552511297.336102,20599533154.197163
2024-01-11,0.58158093,585113743.243345,21140625814.5326
2024-01-12,0.54797436,311711058.413355,19919017797.475563
2024-01-13,0.54963946,159826861.12839,19979544449.90826
2024-01-14,0.5267171,146466388.178276,19146310378.55337
2024-01-15,0.52799275,140128367.53494,19192680816.91056
2024-01-16,0.53559212,151678811.587608,19468919886.118744
2024-01-17,0.52718904,134587984.62949,19264909616.116608
2024-01-18,0.50163556,190223472.222344,18331116478.95301
2024-01-19,0.50350163,226735612.855403,18399307747.736725
2024-01-20,0.51566263,172956711.194814,18843703598.62425
2024-01-21,0.50289378,109838950.991562,18377095416.600143
2024-01-22,0.47775919,224677931.34098,17465480458.763386
2024-01-23,0.47591822,285035057.612876,17398179990.39955
2024-01-24,0.4765326,201213359.332572,17420639770.614258
2024-01-25,0.46664372,170902482.761941,17059131449.681978
2024-01-26,0.4855052,186447896.456679,17748652110.792328
2024-01-27,0.48606795,111572388.574104,17769224462.061096
2024-01-28,0.48997809,167953806.601082,17919166954.98429
2024-01-29,0.52550134,235943230.768294,19218300578.85301
2024-01-30,0.51586548,242524640.002892,18865903812.062813
2024-01-31,0.49844769,255289147.349055,18228911666.923466
2024-02-01,0.50721771,201834662.813718,18549643090.74472
2024-02-02,0.5136155,205735486.398509,18783619185.861942
2024-02-03,0.51238513,122895375.70452,18738622951.000187
2024-02-04,0.49428041,113869886.902337,18083616420.71685
2024-02-05,0.49310398,135809115.034496,18040575810.39744
2024-02-06,0.49832439,127199875.698992,18238541513.146786
2024-02-07,0.50196601,274894127.647408,18371824117.49009
2024-02-08,0.52883831,367481520.697066,19355343139.97453
2024-02-09,0.54036153,267911643.550611,19777089994.19482
2024-02-10,0.55121111,200824447.089062,20182004305.055004
2024-02-11,0.54146308,273825219.149925,19825090718.408257
2024-02-12,0.5595806,246799748.828098,20488444423.78009
2024-02-13,0.54516456,225232090.474276,19960616426.93476
2024-02-14,0.5769795,285434721.126668,21125486215.848827
2024-02-15,0.60823835,394407791.188056,22278679547.576286
2024-02-16,0.59932994,246150120.563534,21952380518.2652
2024-02-17,0.60745003,201626783.411008,22249804754.373272
2024-02-18,0.61909092,336747389.495921,22676189579.9049
2024-02-19,0.632396,308694165.338163,23163531092.535427
2024-02-20,0.62316814,388998489.417134,22825531054.36544
2024-02-21,0.59811183,250452611.831761,21907763409.051952
2024-02-22,0.58692088,216784216.615283,21497858855.033924
2024-02-23,0.58387655,200654141.574764,21394683292.2546
2024-02-24,0.59678314,167939567.358375,21867612740.203987
2024-02-25,0.59167429,145110762.962285,21680411612.667267
2024-02-26,0.61929202,285801043.620208,22701335416.86473
2024-02-27,0.62464958,346610959.4267,22897727368.650185
2024-02-28,0.63135565,611945614.542206,23143551181.091064
2024-02-29,0.65701749,804387164.338107,24084234884.905205
2024-03-01,0.71151017,435335003.581912,26081768645.05286
2024-03-02,0.74145303,620958610.935805,27190142500.884315
2024-03-03,0.72743665,410697593.492432,26676141790.832905
2024-03-04,0.77041088,833786838.118767,28252068236.179207
2024-03-05,0.69570528,1126526533.130883,25512507003.11297
2024-03-06,0.73362873,573001187.743881,26913796932.79449
2024-03-07,0.74531779,423814185.272147,27342620285.299263
2024-03-08,0.72492055,434026368.334322,26594330106.162086
2024-03-09,0.74425246,262245686.196386,27303537537.210896
2024-03-10,0.71681522,271023473.106103,26296979180.812675
2024-03-11,0.77428699,663616038.521248,28416555288.15541
2024-03-12,0.74816034,491765163.64172,27457699575.369663
2024-03-13,0.76234775,385452017.614733,27978381588.426247
2024-03-14,0.75056587,809100144.720825,27545983389.28192
2024-03-15,0.72688575,707193585.728971,26676916042.74752
2024-03-16,0.66034977,452625948.678581,24244501449.428345
2024-03-17,0.67847779,384896721.468878,24910065148.181973
2024-03-18,0.66125623,366028249.838564,24277781811.298008
2024-03-19,0.5877391,570776503.069988,21578626908.7303
2024-03-20,0.64004089,503362722.657934,23498868365.165203
2024-03-21,0.63163468,306297788.454154,23190237172.278053
2024-03-22,0.61408467,267281935.402147,22545895192.493168
2024-03-23,0.62454319,180707859.616832,22938669570.551743
2024-03-24,0.64640402,174411619.014767,23741589978.38198
2024-03-25,0.65536874,263056069.774663,24070852481.66448
2024-03-26,0.66477215,283169885.932126,24416227575.00901
2024-03-27,0.64660035,317427416.43669,23757919315.21261
2024-03-28,0.65049124,209111215.140829,23900881390.767967
2024-03-29,0.66421146,267074344.256898,24405001126.522392
2024-03-30,0.64420044,184769457.885153,23669739846.944275
2024-03-31,0.65093588,134759693.582113,23917218959.143936
2024-04-01,0.62225845,296458523.208726,22863529317.857506
2024-04-02,0.5810689,329022510.183084,21358256458.6716
2024-04-03,0.57119356,219111474.460131,20995269983.22541
2024-04-04,0.5831762,230859262.703398,21435713986.990856
2024-04-05,0.57500312,206630046.165287,21135297550.76588
2024-04-06,0.58394658,104611936.917793,21464031047.036987
2024-04-07,0.58859164,131007060.679087,21634768726.20507
2024-04-08,0.61407462,206043602.039972,22571442333.6983
2024-04-09,0.59159038,237230976.380317,21753384533.636024
2024-04-10,0.58577927,247835876.609512,21539703773.722664
2024-04-11,0.58630411,155055441.269106,21559002928.492046
2024-04-12,0.50429243,638635456.734921,18543349201.56192
2024-04-13,0.45013433,682268791.631148,16551900402.32049
2024-04-14,0.4695594,514569742.60397,17272745360.987717
2024-04-15,0.46138608,370898466.999752,16972089558.368654
2024-04-16,0.45825429,257980537.966834,16856886534.39446
2024-04-17,0.44422063,234760487.70944,16346817369.735931
2024-04-18,0.45772417,190081910.337739,16843732538.318687
2024-04-19,0.46976832,294527386.817046,17286943501.464073
2024-04-20,0.50628713,275140009.034663,18630794426.919483
2024-04-21,0.49935807,168627679.735513,18375812934.26351
2024-04-22,0.51661356,195804168.480073,19018058689.31232
2024-04-23,0.50024505,193336147.519171,18415485624.13882
2024-04-24,0.47475139,228232339.953238,17476989353.330196
2024-04-25,0.47044122,157776609.978393,17318319409.306767
2024-04-26,0.46276165,137921089.063272,17042170580.91203
2024-04-27,0.46739885,146167192.893886,17212945223.45688
2024-04-28,0.45931759,108082663.608569,16915335570.433664
2024-04-29,0.45736469,128124705.898149,16843416151.78821
2024-04-30,0.44064564,187626343.521648,16233915248.261955
2024-05-01,0.44975118,259455207.316167,16569374197.800358
2024-05-02,0.45793358,177675164.969532,16870823799.13696
2024-05-03,0.46734052,156620797.404703,17217386854.24841
2024-05-04,0.46324362,108554288.74097,17066452024.47384
2024-05-05,0.45799333,103590364.114793,16873024977.850824
2024-05-06,0.45418928,153856792.554942,16739292931.651909
2024-05-07,0.44245196,137373784.317612,16306710273.273443
2024-05-08,0.4525007,220079918.046693,16677060123.739988
2024-05-09,0.46354007,131820183.050452,17083919449.230335
2024-05-10,0.44842791,130824983.939782,16533300943.511694
2024-05-11,0.43884712,80942687.408839,16180062104.330446
2024-05-12,0.43752818,63637307.494654,16131433645.992352
2024-05-13,0.43626937,168058479.470024,16085021966.322857
2024-05-14,0.42799522,119151092.071352,15779958418.684269
2024-05-15,0.45310719,143812016.979843,16705823528.17799
2024-05-16,0.45964387,150980860.891018,16946827210.194708
2024-05-17,0.48199868,189312935.09607,17771037511.406036
2024-05-18,0.48242968,92512723.529819,17786928291.948757
2024-05-19,0.46718447,95443499.611788,17231460124.271362
2024-05-20,0.50152143,255252047.747446,18497931632.41888
2024-05-21,0.49477073,225774413.02895,18248941402.34396
2024-05-22,0.48307718,161284761.338324,17817640904.51228
2024-05-23,0.46533441,263580999.128441,17169775153.435955
2024-05-24,0.45979039,135020532.549224,16965213253.435026
2024-05-25,0.46229126,85680592.211661,17057489721.359118
2024-05-26,0.45798893,82826646.831033,16898743758.104898
2024-05-27,0.46787837,123079333.699985,17263641239.527515
2024-05-28,0.45704032,165466104.657099,16863741956.014996
2024-05-29,0.45080087,132236577.49772,16639764338.986078
2024-05-30,0.44633003,139332423.600053,16474738672.382166
2024-05-31,0.44750511,117428239.787128,16518112503.123129
2024-06-01,0.44993285,63153557.782293,16607724159.31393
2024-06-02,0.4463699,92388029.51913,16476210210.378542
2024-06-03,0.45674153,115285377.418313,16865379410.770723
2024-06-04,0.46118945,115554595.689338,17029620494.708378
2024-06-05,0.46107377,111689198.899472,17031683211.5427
2024-06-06,0.45795995,109478438.855724,16916661035.94522
2024-06-07,0.44986085,325454699.652046,16617486904.918947
2024-06-08,0.4369255,123056091.782385,16139665990.371977
2024-06-09,0.4439573,73476717.204098,16399414957.705809
2024-06-10,0.44056859,144935990.566949,16274238631.033564
2024-06-11,0.42188801,219651661.451556,15584193373.269976
2024-06-12,0.43784756,181647319.950789,16173725995.645638
2024-06-13,0.42089933,151257773.728468,15553488699.866344
2024-06-14,0.41195506,149758899.394241,15222971019.89514
2024-06-15,0.41373491,78743757.04536,15288742078.50641
2024-06-16,0.41644303,64229580.155315,15388815109.116243
2024-06-17,0.40133472,155832588.621654,14830518025.226755
2024-06-18,0.38330768,257237406.883833,14169668996.130894
2024-06-19,0.38421822,115444408.569715,14203328695.591076
2024-06-20,0.3841398,114781192.96628,14200429730.938835
2024-06-21,0.37592811,106084170.360435,13896869848.73348
2024-06-22,0.38449088,110175874.77307,14213408041.427624
2024-06-23,0.37977039,80578596.256023,14044128033.28068
2024-06-24,0.37769126,159065286.71305,13967240696.67185
2024-06-25,0.39171325,111204626.747622,14485781990.537048
2024-06-26,0.38464384,112546460.850178,14224351016.964632
2024-06-27,0.39042157,106584201.30306,14443301061.29996
2024-06-28,0.38525391,122722377.981497,14252127937.355974
2024-06-29,0.38350663,95086707.877618,14187488996.327007
2024-06-30,0.3918054,80538181.608886,14494494385.865707
2024-07-01,0.4028482,108444032.139984,14903013166.666798
2024-07-02,0.4173127,108097727.523149,15443811046.093857
2024-07-03,0.40616031,146959870.076574,15031085811.947493
2024-07-04,0.36247771,183192502.847487,13414490260.682575
2024-07-05,0.34963748,353656628.705111,12939302250.456615
2024-07-06,0.37071782,116709792.971411,13719438399.892406
2024-07-07,0.34700743,94197856.094275,12841969768.171589
2024-07-08,0.36862551,218755313.647295,13646984327.787567
2024-07-09,0.37534794,113602947.973958,13895857208.428831
2024-07-10,0.38920606,100692377.09551,14408902384.233042
2024-07-11,0.39573597,132163591.967012,14650648165.748407
2024-07-12,0.41706049,154233698.615654,15440108816.753252
2024-07-13,0.44174291,161671329.069579,16359946627.766764
2024-07-14,0.43247349,155892096.699661,16016653793.80263
2024-07-15,0.44507771,217392786.051759,16483450768.778778
2024-07-16,0.43818685,200229987.329122,16228248018.317331
2024-07-17,0.43589191,162760023.841959,16143255020.254702
2024-07-18,0.42397833,134880061.606408,15707809545.015997
2024-07-19,0.4388064,146293997.057469,16257168702.253736
2024-07-20,0.43702012,97898042.57924,16190989483.936584
2024-07-21,0.4463673,142741405.57363,16537289574.491314
2024-07-22,0.4260521,337597219.365783,15784639764.446266
2024-07-23,0.41035341,130896762.021094,15208594043.436892
2024-07-24,0.40668602,136940544.948512,15072672362.862532
2024-07-25,0.39477254,142194215.967457,14631132866.026804
2024-07-26,0.41768545,107654377.984106,15480335162.00644
2024-07-27,0.41829406,216515169.117588,15502891583.041698
2024-07-28,0.40737585,114810578.991671,15103797632.083714
2024-07-29,0.40423808,122681608.57315,14987462109.431911
2024-07-30,0.40131707,106833203.642391,14879163418.58044
2024-07-31,0.3886919,107160117.78709,14411074753.481424
2024-08-01,0.39206022,139465207.822209,14535957858.357384
2024-08-02,0.36372929,160943505.19582,13490505043.375502
2024-08-03,0.36443809,123047950.583598,13516794208.310637
2024-08-04,0.3441933,130256053.20901,12765926606.74794
2024-08-05,0.31310145,611811652.327139,11612748187.863487
2024-08-06,0.3307066,173957416.676158,12270206661.653244
2024-08-07,0.32316345,142626709.784677,11990333026.461493
2024-08-08,0.35180559,139962166.951445,13053042444.288786
2024-08-09,0.34871331,107995012.264327,12938309287.709791
2024-08-10,0.34596613,59003092.148461,12836380850.223156
2024-08-11,0.32863499,80666606.846324,12193343411.91575
2024-08-12,0.33829981,109992114.121477,12556542057.332115
2024-08-13,0.33995506,82749086.54141,12617979334.155
2024-08-14,0.33545532,88559766.574621,12450964066.913832
2024-08-15,0.32531353,104644498.818763,12074535117.850231
2024-08-16,0.32993075,129824388.816543,12250414517.269094
2024-08-17,0.33709701,65423581.651732,12516499469.518637
2024-08-18,0.33506585,60451116.44113,12441082213.320131
2024-08-19,0.33655204,84046083.562586,12496264559.683405
2024-08-20,0.34358116,101643988.184753,12757257851.976175
2024-08-21,0.36904507,174052718.556109,13707657888.62207
2024-08-22,0.376377,108425971.102814,13979992156.616367
2024-08-23,0.39150542,172214309.700358,14541915858.642918
2024-08-24,0.39392957,121289935.659318,14631957777.656183
2024-08-25,0.38553527,120000234.876793,14320163321.293743
2024-08-26,0.3670349,125944111.143583,13632993189.983908
2024-08-27,0.35064415,137844392.950482,13028923330.445122
2024-08-28,0.35031218,133612817.321513,13016588465.390585
2024-08-29,0.3562796,117989305.537392,13238320364.58628
2024-08-30,0.34737013,137526974.882967,12907270521.84365
2024-08-31,0.34510261,56504450.825025,12827611084.929544
2024-09-01,0.33162161,93874285.355144,12326516849.299185
2024-09-02,0.33606023,108382325.59436,12491502256.989328
2024-09-03,0.31820345,103493832.285467,11827757905.437904
2024-09-04,0.32380453,159921684.883641,12035952402.383764
2024-09-05,0.32482934,144847671.846945,12074045088.546871
2024-09-06,0.31496039,159848978.722927,11711407897.086288
2024-09-07,0.32530036,79865548.97291,12095887018.394772
2024-09-08,0.33881468,94724746.307027,12598399952.810583
2024-09-09,0.34370073,112602960.454428,12780081480.51684
2024-09-10,0.34349782,80542218.058737,12772536730.168596
2024-09-11,0.35309879,113249783.201941,13134292574.220455
2024-09-12,0.3561817,107369302.331697,13248968169.619928
2024-09-13,0.36106396,95012671.079325,13430574572.35868
2024-09-14,0.35541418,65237274.307588,13220418581.283134
2024-09-15,0.33870183,79708721.448352,12598765490.391014
2024-09-16,0.33006947,84399225.790056,12281947756.248592
2024-09-17,0.33381693,81803212.827565,12421391391.346771
2024-09-18,0.34327934,102066118.044521,12773489344.32128
2024-09-19,0.35099526,117287667.705155,13060600223.337582
2024-09-20,0.35228773,100655491.186544,13108693184.023533
2024-09-21,0.35868013,72553364.716483,13351264504.249838
2024-09-22,0.35202785,81957746.307416,13103644595.094015
2024-09-23,0.36408472,118220384.630659,13552440966.634169
2024-09-24,0.38771406,156304430.912361,14432003711.413591
2024-09-25,0.38079407,127610769.56538,14174418691.22636
2024-09-26,0.40187899,144267841.518471,14964580456.172504
2024-09-27,0.40234944,129034780.608203,14982098429.214602
2024-09-28,0.40083881,89239915.917534,14925847917.028996
2024-09-29,0.39746925,74637015.079222,14800376869.544786
2024-09-30,0.37319366,113995821.37797,13896438375.77722
2024-10-01,0.35336951,175880552.873664,13162891200.236662
2024-10-02,0.3437487,135981339.404576,12804519655.721895
2024-10-03,0.34515327,111197113.461337,12856839111.018446
2024-10-04,0.35184014,91869517.127624,13105922879.300064
2024-10-05,0.35178926,60986766.66014,13104027706.73356
2024-10-06,0.35727829,60753375.513929,13313175580.12328
2024-10-07,0.35202075,104215431.290229,13117265231.88234
2024-10-08,0.3447793,89727780.119338,12847428773.416544
2024-10-09,0.33955709,90102241.573706,12652834574.19113
2024-10-10,0.33873417,83458037.779508,12622170491.433187
2024-10-11,0.35106135,81904328.382833,13086122705.37193
2024-10-12,0.35307401,63228190.080655,13161146542.459955
2024-10-13,0.34812757,77768420.159149,12976763680.023792
2024-10-14,0.36341896,119423351.810942,13546763837.611408
2024-10-15,0.35741146,163191972.16206,13322828815.578049
2024-10-16,0.35267596,111363983.464246,13150989941.821993
2024-10-17,0.34296964,129221713.359523,12789049322.768444
2024-10-18,0.35057718,92062864.869517,13072728244.567244
2024-10-19,0.35138882,69414569.147775,13102993721.816883
2024-10-20,0.3647113,77020752.246075,13599777886.357147
2024-10-21,0.36067908,127347081.056435,13454165719.727331
2024-10-22,0.36427064,129905245.131403,13588139223.223831
2024-10-23,0.34977194,118516796.570819,13047304021.927336
2024-10-24,0.34616725,124425562.826131,12912841038.264551
2024-10-25,0.3242241,162293354.137197,12094310521.216166
2024-10-26,0.33308945,103087965.327835,12429327824.153671
2024-10-27,0.3398242,64210136.884762,12680636777.22609
2024-10-28,0.34407846,109853888.34602,12839385813.88831
2024-10-29,0.35541711,123273718.548878,13262490745.936428
2024-10-30,0.35581292,119569529.10419,13277260615.705048
2024-10-31,0.34201003,112847780.355267,12766644328.949429
2024-11-01,0.3575793,148017897.785069,13347818491.234976
2024-11-02,0.34789696,96091588.134126,12986393560.3898
2024-11-03,0.3348299,109471074.811678,12498622774.83077
2024-11-04,0.32587948,107141357.944148,12164518769.19893
2024-11-05,0.33466025,104826119.02056,12496688185.118452
2024-11-06,0.36290808,260131544.859277,13551502457.422234
2024-11-07,0.40427141,308487189.326212,15096067942.321283
2024-11-08,0.44414715,783108043.726575,16585084477.997612
2024-11-09,0.4942075,354069362.486159,18454408922.45705
2024-11-10,0.58832811,3105442938.850188,21976544271.79685
2024-11-11,0.61329004,1556087102.298991,22908977900.29289
2024-11-12,0.57498123,1382972491.466352,21477981961.161343
2024-11-13,0.57998392,1063586416.885638,21664853482.47235
2024-11-14,0.57631126,672299506.231975,21527664217.66736
2024-11-15,0.70021576,2062720866.390575,26164896496.805283
2024-11-16,0.73935202,2654765601.919606,27627297562.68033
2024-11-17,0.70212664,881378536.297948,26236300060.216583
2024-11-18,0.73835989,1033640340.065893,27590224736.531666
2024-11-19,0.73935005,618460717.371413,27627223713.4468
2024-11-20,0.80508765,1834542351.743992,30093932424.931618
2024-11-21,0.82155053,1214536482.319902,30709309838.982265
2024-11-22,1.00437117,3381595963.91921,37543090125.667534
2024-11-23,1.06340377,3373035378.650127,39749710856.38688
2024-11-24,1.02244097,1783714890.082429,38218533905.128654
2024-11-25,0.94683335,1554731427.545164,35404361174.02191
2024-11-26,0.96276453,1411169835.652412,36000066061.32511
2024-11-27,1.0121207,1226354962.248647,37845611011.960365
2024-11-28,1.02963933,779993537.341969,38500674618.71517
2024-11-29,1.07895746,1226314426.413003,40344797193.70262
2024-11-30,1.07741459,1320907646.245749,40300689153.65782
2024-12-01,1.15321815,1171030648.645064,43136121329.73272
2024-12-02,1.20243744,2972118456.812784,44977168427.85224
2024-12-03,1.19669016,3389643907.457812,44762191724.647385
2024-12-04,1.18445279,1585801111.89575,44304452694.93052
2024-12-05,1.16280574,1800151161.225106,43509170572.65989
2024-12-06,1.23080111,1191597327.322757,46053380786.711845
2024-12-07,1.21496634,677574979.513032,45460884688.01431
2024-12-08,1.19175036,857699298.449847,44592203259.825325
2024-12-09,1.00743669,1861284002.191689,37695664365.46587
2024-12-10,1.01785155,2116921655.65558,38098166604.5595
2024-12-11,1.0890732,1149206955.188579,40763991672.70171
2024-12-12,1.12447989,1247584477.202424,42089263498.03777
2024-12-13,1.1177682,658744630.810883,41851890190.38821
2024-12-14,1.0611286,563413500.083796,39731169353.77612
2024-12-15,1.0996928,508991700.880775,41175104256.96967
2024-12-16,1.07872671,764780769.502611,40390084290.48811
2024-12-17,1.04970319,789379178.053674,39303374786.1004
2024-12-18,0.9690871,1050248739.097314,36284917246.180725
2024-12-19,0.88584801,1347021753.377799,33168248627.263927
2024-12-20,0.94945868,1750609120.599136,35561688448.048645
2024-12-21,0.90365751,833211658.286465,33846219245.45228
2024-12-22,0.88124606,617471381.832916,33006805210.28799
2024-12-23,0.92237611,697290719.78978,34547318830.95034
2024-12-24,0.93556971,524778383.543315,35041481166.25166
2024-12-25,0.91680588,302029566.977285,34349958560.7965
2024-12-26,0.86025068,383179502.584694,32231005375.710808
2024-12-27,0.8745458,390151879.484347,32766600275.339096
2024-12-28,0.88704347,234954944.725126,33234850667.540424
2024-12-29,0.85863422,282428232.030123,32170441550.72953
2024-12-30,0.85901141,466939393.619904,32195280772.3788
2024-12-31,0.84270874,301746153.413544,31584265752.496143
2025-01-01,0.91652813,477273775.343033,34350976449.809563
2025-01-02,0.96130812,573697906.192834,36029306066.67159
2025-01-03,1.09301443,1489035157.627619,40965586768.674126
2025-01-04,1.07278474,641819178.861931,40220714442.96977
2025-01-05,1.0948911,677716826.539417,41049523521.1182
2025-01-06,1.09372633,699676301.057987,41005854121.68279
2025-01-07,0.99193303,1187681943.383094,37189432110.88828
2025-01-08,0.94888893,1041603922.410666,35575627944.272606
2025-01-09,0.90530823,681897652.514382,33952884565.15928
2025-01-10,0.93148445,634485529.295717,34934603409.13316
2025-01-11,0.99660342,467602526.463115,37376839897.56536
2025-01-12,0.96897469,554922844.216693,36340646026.5472
2025-01-13,0.94442197,805176839.250593,35419815238.960915
2025-01-14,0.99464247,554363339.562287,37315671319.2276
2025-01-15,1.08108728,1253695830.844424,40558792545.7006
2025-01-16,1.08993047,1151017682.211545,40890559561.56849
2025-01-17,1.13810189,983320944.700301,42697790628.87685
2025-01-18,1.10310295,783045103.636216,41398550135.73278
2025-01-19,0.99122511,1558389826.842208,37199866494.851616
2025-01-20,1.00949663,1438134745.298497,37885581930.43732
2025-01-21,1.00535653,833223750.242521,37730207320.10087
2025-01-22,0.98198141,464210276.708476,36852958079.81013
2025-01-23,0.9864702,602126283.718266,37021418731.841805
2025-01-24,0.97191122,435141005.709788,36487073177.20528
2025-01-25,0.97890652,220464383.674679,36749687655.56785
2025-01-26,0.95476588,252169296.796468,35843410064.700096
2025-01-27,0.93453319,764518554.969912,35083842978.569176
2025-01-28,0.91457872,375207106.63199,34334720792.812973
2025-01-29,0.94039847,428386362.55485,35315754349.12064
2025-01-30,0.96009697,317304943.844142,36055512590.10383
2025-01-31,0.94256858,342445618.289526,35397250735.99074
2025-02-01,0.89758493,274773318.105592,33707933348.81197
2025-02-02,0.79795284,851571745.229383,29966346640.113186
2025-02-03,0.81008602,3212757277.692391,30431938963.558125
2025-02-04,0.74734541,909661841.122023,28075006151.583344
2025-02-05,0.73245034,459183140.912216,27515453191.056786
2025-02-06,0.70612063,435469047.692866,26526343465.64123
2025-02-07,0.70714701,488764208.969162,26564900719.951927
2025-02-08,0.70259985,273316329.974011,26402837815.474712
2025-02-09,0.68260396,351877075.556973,25651416776.89865
2025-02-10,0.71056649,377607536.842794,26702214298.70022
2025-02-11,0.77957433,1043808569.109203,29295443762.853336
2025-02-12,0.79649518,521051213.427906,29941108567.756348
2025-02-13,0.81036994,431595682.729405,30462675450.540607
2025-02-14,0.80060516,395070208.885271,30095607184.54714
2025-02-15,0.78133497,243049774.89217,29371220086.618965
2025-02-16,0.77112562,222167591.569772,28987439380.36638
2025-02-17,0.80666353,573834432.714425,30323347690.7323
2025-02-18,0.75240753,478830323.214294,28292910628.53807
2025-02-19,0.7731983,371645327.803115,29074709892.62704
2025-02-20,0.80457933,371666423.065697,30254736124.025368
2025-02-21,0.76049945,531760493.295085,28597192656.567654
2025-02-22,0.77433404,272334283.886667,29117417051.871944
2025-02-23,0.77037544,245236605.47965,28978063907.131126
2025-02-24,0.68178368,546751228.509904,25645639506.6908
2025-02-25,0.68271346,710611127.155502,25680613744.709816
2025-02-26,0.6453225,450306295.859407,24274133951.549896
2025-02-27,0.64528356,332827198.404004,24280625359.18598
2025-02-28,0.63438427,592205369.895,23870508571.96464
2025-03-01,0.65947187,303006363.063561,24814500677.49696
2025-03-02,1.14047926,5958623644.668031,42913768690.40896
2025-03-03,0.85930101,3531902433.926834,32333639074.92438
2025-03-04,0.94291083,3115175810.848361,35479696054.524734
2025-03-05,0.97519772,2083895691.037937,36706432290.611534
2025-03-06,0.91064827,1386762264.985455,34276791696.037003
2025-03-07,0.81718003,1965812956.205627,30758648336.166183
2025-03-08,0.80415212,619876087.5742,30268277607.27072
2025-03-09,0.7208216,866352217.092918,27131717921.19484
2025-03-10,0.67376274,999593184.144902,25368642120.575912
2025-03-11,0.72267402,1066659189.230505,27210258895.968884
2025-03-12,0.73469795,751639093.448731,27662986133.943264
2025-03-13,0.70183991,684323289.585379,26425808940.339848
2025-03-14,0.73763135,587249650.053453,27773435062.22631
2025-03-15,0.74860476,408329316.428377,28195620926.748943
2025-03-16,0.70613815,447079961.413761,26596148909.131184
2025-03-17,0.71800733,397289992.934208,27043192267.958897
2025-03-18,0.70208881,366835197.728681,26443633723.50538
2025-03-19,0.74480701,634836352.894072,28052581814.762203
2025-03-20,0.71756463,503984439.991415,27035125490.92553
2025-03-21,0.7066491,363873579.694707,26623869764.33036
2025-03-22,0.70377019,243449471.689106,26515403291.968395
2025-03-23,0.71088831,337746124.427475,26783587137.48556
2025-03-24,0.72989473,553040315.53964,27499677207.233444
2025-03-25,0.74490421,619578404.995682,28074111509.26628
2025-03-26,0.7281245,513822194.043065,27441714239.05105
2025-03-27,0.73843516,289639995.697159,27830304597.81976
2025-03-28,0.70711653,415247979.831017,26649961317.7857
2025-03-29,0.67650853,331319892.362711,25496400073.849617
2025-03-30,0.65881968,244018520.501682,24837789009.230915
2025-03-31,0.66103581,418609560.084442,24921337976.59557
2025-04-01,0.67767816,358349375.909992,25548761794.06969
2025-04-02,0.64234043,511843640.71664,24216514091.02604
2025-04-03,0.64958072,391480347.624316,24489476262.836697
2025-04-04,0.66056063,441634930.495505,24911476476.574883
2025-04-05,0.65629722,162753068.933199,24750692354.50648
2025-04-06,0.57240726,449127505.176467,21586981681.86133
2025-04-07,0.58528668,1058388508.200416,22072698173.14257
2025-04-08,0.55812561,624992831.687715,21048382920.298862
2025-04-09,0.63301445,903017948.600539,23880277726.40911
2025-04-10,0.60998447,507029476.844966,23011478874.94293
2025-04-11,0.62390717,468841526.728922,23536708475.285194
2025-04-12,0.65914688,298086361.589777,24866115823.338898
2025-04-13,0.63691728,355621752.775823,24027510909.760345
2025-04-14,0.63511311,371364253.996411,23967074527.71201
2025-04-15,0.61004684,393249136.23027,23021155966.88655
2025-04-16,0.6098925,353740683.067399,23015331593.201145
2025-04-17,0.61663002,230631833.84658,23269583392.442863
2025-04-18,0.62807085,186750078.719493,23701322743.474
2025-04-19,0.6285386745850826,160224764.89801738,23726489982.204243
2025-04-20,0.6196534403333703,173241452.48197815,23391084334.1716
2025-04-21,0.6243852903734192,355962626.1566228,23569705311.86501
2025-04-22,0.6812429689821492,486849223.4309596,25716006242.05353
2025-04-23,0.6977570695111454,510313163.8130657,26339391336.09726
2025-04-24,0.7218622743438643,596872062.0842847,27257993095.90296
2025-04-25,0.7142299142929338,537938875.2834369,26969790172.75837
2025-04-26,0.7076902564743329,364813980.491312,26722848402.832767
2025-04-27,0.7039732900598092,297522569.5257078,26582493312.30406
2025-04-28,0.7049569573786495,521943143.4352093,26619637235.65147
2025-04-29,0.6954779404523708,447552881.39521945,26270023969.85885
2025-04-30,0.6821530357187268,341968175.5803696,25766707406.68903
2025-05-01,0.7064643728722441,335494444.7474012,26685010306.91733
2025-05-02,0.6977241943679808,367216529.3097772,26354870865.458565
2025-05-03,0.701272116134315,422918375.811866,26488885166.162563
2025-05-04,0.677103713573349,359388397.0012934,25584111337.21708
2025-05-05,0.6632918593675452,366059724.59476966,25062235576.25005
2025-05-06,0.6785413658216835,294188251.54023314,25638432491.34498
2025-05-07,0.6708681427808757,306857818.49315083,25348502619.958946
