date,price,vol_spot_24h,market_cap
2013-11-30,0.0,0.0,279696734.0
2013-12-01,0.0,0.0,412246710.0
2013-12-02,0.0,0.0,449652186.0
2013-12-03,0.0,0.0,384615942.0
2013-12-04,0.0,0.0,425268969.0
2013-12-05,0.0,0.0,423388767.0
2013-12-06,0.0,0.0,366820862.0
2013-12-07,0.0,0.0,271090019.0
2013-12-08,0.0,0.0,269240307.0
2013-12-09,0.0,0.0,302299035.0
2013-12-10,0.0,0.0,342013915.0
2013-12-11,0.0,0.0,297559049.0
2013-12-12,0.0,0.0,270233179.0
2013-12-13,0.0,0.0,268560150.0
2013-12-14,0.0,0.0,251808758.0
2013-12-15,0.0,0.0,227192568.0
2013-12-16,0.0,0.0,183055108.0
2013-12-17,0.0,0.0,143581800.0
2013-12-18,0.0,0.0,131700953.0
2013-12-19,0.0,0.0,162481549.0
2013-12-20,0.0,0.0,167514706.0
2013-12-21,0.0,0.0,168495070.0
2013-12-22,0.0,0.0,172092081.0
2013-12-23,0.0,0.0,181073273.0
2013-12-24,0.0,0.0,176169892.0
2013-12-25,0.0,0.0,171703532.0
2013-12-26,0.0,148422.0,190267893.0
2013-12-27,0.0,143404.0,206730023.0
2013-12-28,0.0,56771.601563,213705145.0
2013-12-29,0.0,72634.398438,213132093.0
2013-12-30,0.0,63620.601563,216307720.0
2013-12-31,0.0,58533.398438,214508042.0
2014-01-01,0.0,128914.0,211420757.0
2014-01-02,0.0,89779.796875,226695350.0
2014-01-03,0.0,60973.398438,216510985.0
2014-01-04,0.0,200438.0,219582634.0
2014-01-05,0.0,184478.0,194819468.0
2014-01-06,0.0,73760.703125,199436714.0
2014-01-07,0.0,82940.898438,185860167.0
2014-01-08,0.0,100357.0,181102981.0
2014-01-09,0.0,64110.699219,176759361.0
2014-01-10,0.0,70390.398438,176386448.0
2014-01-11,0.0,42580.699219,187173572.0
2014-01-12,0.0,15328.0,173546208.0
2014-01-13,0.0,41916.101563,169301094.0
2014-01-14,0.0,25188.900391,165848714.0
2014-01-15,0.0,58850.898438,173986356.0
2014-01-16,0.0,72572.398438,164694012.0
2014-01-17,0.0,21242.300781,159779686.0
2014-01-18,0.0,69842.296875,165467201.0
2014-01-19,0.0,67712.0,166862694.0
2014-01-20,0.0,82453.0,162344736.0
2014-01-21,0.0,60703.101563,155769109.0
2014-01-22,0.0,106755.0,156143586.0
2014-01-23,0.0,136622.0,149447563.0
2014-01-24,0.0,75029.0,142953242.0
2014-01-25,0.0,77411.203125,145042182.0
2014-01-26,0.0,124685.0,149936181.0
2014-01-27,0.0,100169.0,159585021.0
2014-01-28,0.0,73133.796875,163813717.0
2014-01-29,0.0,90862.398438,159683526.0
2014-01-30,0.0,98528.703125,159019006.0
2014-01-31,0.0,123949.0,158993206.0
2014-02-01,0.0,112301.0,161307302.0
2014-02-02,0.0,74738.796875,163225030.0
2014-02-03,0.0,75453.101563,167803968.0
2014-02-04,0.0,54085.0,168001761.0
2014-02-05,0.0,97666.796875,162739539.0
2014-02-06,0.0,153029.0,156568879.0
2014-02-07,0.0,54013.300781,143439515.0
2014-02-08,0.0,64662.398438,144233812.0
2014-02-09,0.0,38466.199219,135455886.0
2014-02-10,0.0,63155.398438,138684674.0
2014-02-11,0.0,67225.898438,142648344.0
2014-02-12,0.0,64398.699219,134838272.0
2014-02-13,0.0,126825.0,131333512.0
2014-02-14,0.0,82830.898438,123261541.0
2014-02-15,0.0,80121.703125,124406862.0
2014-02-16,0.0,110878.0,126562254.0
2014-02-17,0.0,152124.0,119371359.0
2014-02-18,0.0,106281.0,119799780.0
2014-02-19,0.0,217393.0,118967174.0
2014-02-20,0.0,124321.0,120057770.0
2014-02-21,0.0,88005.5,113991087.0
2014-02-22,0.0,103944.0,115185661.0
2014-02-23,0.0,141564.0,122188927.0
2014-02-24,0.0,293736.0,116986121.0
2014-02-25,0.0,70978.898438,88675197.0
2014-02-26,0.0,101022.0,107357608.0
2014-02-27,0.0,166863.0,108227739.0
2014-02-28,0.0,111575.0,110457401.0
2014-03-01,0.0,62982.0,107889224.0
2014-03-02,0.0,127717.0,106974531.0
2014-03-03,0.0,179747.0,108787500.0
2014-03-04,0.0,122347.0,122404700.0
2014-03-05,0.0,142277.0,123633673.0
2014-03-06,0.0,169553.0,125198032.0
2014-03-07,0.0,56616.898438,119283017.0
2014-03-08,0.0,47281.398438,115141099.0
2014-03-09,0.0,101610.0,113559540.0
2014-03-10,0.0,33227.5,113274969.0
2014-03-11,0.0,135171.0,115277130.0
2014-03-12,0.0,57137.800781,112339949.0
2014-03-13,0.0,121852.0,112275061.0
2014-03-14,0.0,37092.601563,111482327.0
2014-03-15,0.0,82338.5,112318059.0
2014-03-16,0.0,121541.0,112323532.0
2014-03-17,0.0,87513.898438,109878096.0
2014-03-18,0.0,132717.0,107060528.0
2014-03-19,0.0,162797.0,109513000.0
2014-03-20,0.0,192607.0,107093363.0
2014-03-21,0.0,137122.0,104644800.0
2014-03-22,0.0,137413.0,101409757.0
2014-03-23,0.0,115538.0,99666368.0
2014-03-24,0.0,90024.898438,97959723.0
2014-03-25,0.0,154104.0,99383360.0
2014-03-26,0.0,272507.0,99533464.0
2014-03-27,0.0,220765.0,86110929.0
2014-03-28,0.0,121921.0,83909411.0
2014-03-29,0.0,177965.0,82122242.0
2014-03-30,0.0,244598.0,77984623.0
2014-03-31,0.0,172709.0,70810068.0
2014-04-01,0.0,306889.0,68458134.0
2014-04-02,0.0,172873.0,61931056.0
2014-04-03,0.0,132007.0,62108287.0
2014-04-04,0.0,73596.203125,63275967.0
2014-04-05,0.0,95707.898438,65075567.0
2014-04-06,0.0,62186.800781,64471714.0
2014-04-07,0.0,65204.300781,64281113.0
2014-04-08,0.0,221844.0,62642875.0
2014-04-09,0.0,332953.0,61493410.0
2014-04-10,0.0,345888.0,49396946.0
2014-04-11,0.0,182421.0,51456022.0
2014-04-12,0.0,153005.0,48919273.0
2014-04-13,0.0,466329.0,46807035.0
2014-04-14,0.0,274616.0,50955129.0
2014-04-15,0.0,1024970.0,60350200.0
2014-04-16,0.0,261187.0,54902382.0
2014-04-17,0.0,209538.0,49554476.0
2014-04-18,0.0,207541.0,48547688.0
2014-04-19,0.0,162830.0,50604732.0
2014-04-20,0.0,172813.0,48577865.0
2014-04-21,0.0,205655.0,48015525.0
2014-04-22,0.0,248284.0,47371800.0
2014-04-23,0.0,201064.0,47768870.0
2014-04-24,0.0,115698.0,47450291.0
2014-04-25,0.0,62246.0,42927017.0
2014-04-26,0.0,183777.0,42171574.0
2014-04-27,0.0,179020.0,37983608.0
2014-04-28,0.0,66925.0,40174494.0
2014-04-29,0.0,222003.0,41918040.0
2014-04-30,0.0,167861.0,41935004.0
2014-05-01,0.0,292881.0,42319410.0
2014-05-02,0.0,78781.5,41551928.0
2014-05-03,0.0,50949.601563,39275593.0
2014-05-04,0.0,184156.0,39279346.0
2014-05-05,0.0,518867.0,40766308.0
2014-05-06,0.0,566819.0,46693519.0
2014-05-07,0.0,293424.0,49653607.0
2014-05-08,0.0,234478.0,47531988.0
2014-05-09,0.0,173762.0,47399240.0
2014-05-10,0.0,120923.0,46710641.0
2014-05-11,0.0,168471.0,44981558.0
2014-05-12,0.0,331979.0,46411606.0
2014-05-13,0.0,972270.0,49564405.0
2014-05-14,0.0,367672.0,55928245.0
2014-05-15,0.0,313468.0,55495760.0
2014-05-16,0.0,248157.0,54020758.0
2014-05-17,0.0,346678.0,50712697.0
2014-05-18,0.0,247907.0,46938141.0
2014-05-19,0.0,395587.0,47170411.0
2014-05-20,0.0,474992.0,52468986.0
2014-05-21,0.0,2846750.0,52135787.0
2014-05-22,0.0,1174650.0,31220117.0
2014-05-23,0.0,1111310.0,25918572.0
2014-05-24,0.0,638473.0,32136452.0
2014-05-25,0.0,464861.0,28500195.0
2014-05-26,0.0,1358170.0,29698834.0
2014-05-27,0.0,1550580.0,36294788.0
2014-05-28,0.0,485322.0,39130024.0
2014-05-29,0.0,166638.0,37458168.0
2014-05-30,0.0,201568.0,33082573.0
2014-05-31,0.0,246244.0,32409218.0
2014-06-01,0.0,9481.95386,31988929.0
2014-06-02,0.00386625,8253.421017,33921355.0
2014-06-03,0.00445135,10743.127577,34282776.0
2014-06-04,0.00413563,11078.487824,30898802.0
2014-06-05,0.00421842,10967.867537,30031407.0
2014-06-06,0.00398259,4645.675634,30614778.0
2014-06-07,0.0039689,4379.706388,30966505.0
2014-06-08,0.00400337,2140.785563,31071578.0
2014-06-09,0.00445582,10992.496042,34835124.91758602
2014-06-10,0.00478355,8074.694767,37397244.65561503
2014-06-11,0.00449846,11143.062665,35168475.29584068
2014-06-12,0.00395321,9613.676058,30905753.62373471
2014-06-13,0.00398438,5198.982057,31149424.39152432
2014-06-14,0.00405842,6878.956881,31728302.97409645
2014-06-15,0.0040547,9090.954786,31699189.18804658
2014-06-16,0.00423059,4289.108931,33074303.42119994
2014-06-17,0.00426832,7858.988835,33369272.7429278
2014-06-18,0.00426558,8681.984393,33347840.39991437
2014-06-19,0.00415372,9905.498214,32473305.57682841
2014-06-20,0.004189,144167.0,32749135.54228299
2014-06-21,0.004169,93206.0,32592777.769343
2014-06-22,0.00417,189072.0,32600595.65799
2014-06-23,0.004076,104818.0,31865714.12517199
2014-06-24,0.00407,190488.0,31818806.79329
2014-06-25,0.00394,193409.0,30802481.26918
2014-06-26,0.004052,19435.0,31678084.79764401
2014-06-27,0.003993,17794.0,31216829.367471
2014-06-28,0.003926,8325.0,30693030.828122
2014-06-29,0.004028,12608.0,31490455.470116
2014-06-30,0.003779,20026.0,29543801.19701299
2014-07-01,0.00366,245846.0,28613472.44802
2014-07-02,0.003484,157373.0,27237524.046148
2014-07-03,0.003357,142355.0,26244652.187979
2014-07-04,0.003243,224760.0,25353412.882221
2014-07-05,0.003129,213094.0,24462173.576463
2014-07-06,0.002807,150898.0,21944813.432129
2014-07-07,0.003083,198315.0,24102550.698701
2014-07-08,0.003398,230762.0,26565185.622506
2014-07-09,0.003419,216814.0,26729361.284093
2014-07-10,0.003419,216814.0,26729361.28409301
2014-07-11,0.003419,216814.0,26729361.284093
2014-07-12,0.003419,216814.0,26729361.284093
2014-07-13,0.003419,216814.0,26729361.284093
2014-07-14,0.003419,216814.0,26729361.284093
2014-07-15,0.003419,216814.0,26729361.284093
2014-07-16,0.003419,216814.0,26729361.284093
2014-07-17,0.003419,216814.0,26729361.284093
2014-07-18,0.00636,613089.0,49721780.4
2014-07-19,0.005259,519611.0,41114283.51000001
2014-07-20,0.005376,190529.0,42028976.63999999
2014-07-21,0.005361,135920.0,41911708.29
2014-07-22,0.005623,271543.0,43959995.47
2014-07-23,0.006148,331286.0,50736984.8
2014-07-24,0.005926,270005.0,48904907.59999999
2014-07-25,0.006039,145360.0,49837451.39999999
2014-07-26,0.006039,143147.0,49837451.40000001
2014-07-27,0.006024,103331.0,49713662.40000001
2014-07-28,0.006159,160223.0,50827767.56964298
2014-07-29,0.00607,124429.0,50093286.10938999
2014-07-30,0.005094,468780.0,42038747.848638
2014-07-31,0.005208,549848.0,42979544.325816
2014-08-01,0.005341,406580.0,44077140.215857
2014-08-02,0.005297,220806.0,43714025.786069
2014-08-03,0.005219,71143.0,43070322.933263
2014-08-04,0.004947,341431.0,40825615.549119
2014-08-05,0.005104,256642.0,42121273.855408
2014-08-06,0.005258,203671.0,43392174.359666
2014-08-07,0.005343,222282.0,44093645.41721101
2014-08-08,0.005461,192128.0,45067452.29709701
2014-08-09,0.005243,320807.0,43268385.34951101
2014-08-10,0.004974,259716.0,41048435.767398
2014-08-11,0.005219,263952.0,43070322.933263
2014-08-12,0.005045,298592.0,41634370.41546499
2014-08-13,0.004969,289443.0,41007172.76401299
2014-08-14,0.005231,665609.0,43169354.141387
2014-08-15,0.00542,302191.0,44729095.66933999
2014-08-16,0.00543,90692.0,44811621.67611001
2014-08-17,0.005166,114249.0,42632935.09738197
2014-08-18,0.004977,500362.0,41073193.56942901
2014-08-19,0.005041,176131.0,41601360.01275699
2014-08-20,0.005271,190844.0,43499458.16846699
2014-08-21,0.005125,152099.0,42294578.469625
2014-08-22,0.005106,164398.0,42137779.056762
2014-08-23,0.005013,104533.0,41370287.19380099
2014-08-24,0.005152,85275.0,42517398.68790401
2014-08-25,0.004952,288124.0,40866878.552504
2014-08-26,0.004835,457135.0,140163034.78347003
2014-08-27,0.005008,165131.0,145178175.42825598
2014-08-28,0.005053,360393.0,146482691.78094596
2014-08-29,0.005015,175418.0,145381100.19423
2014-08-30,0.004958,138278.0,143728712.814156
2014-08-31,0.004896,111074.0,141931379.1726721
2014-09-01,0.005024,267053.0,145642003.464768
2014-09-02,0.004643,232178.0,134597098.345326
2014-09-03,0.004777,192231.0,138481658.15111405
2014-09-04,0.004813,125089.0,139525271.233266
2014-09-05,0.004873,115886.0,141264626.37018603
2014-09-06,0.004798,73490.0,139090432.449036
2014-09-07,0.00471,88092.0,136539378.24821997
2014-09-08,0.004706,107536.0,136423421.239092
2014-09-09,0.004725,180729.0,136974217.03244993
2014-09-10,0.004747,160930.0,137611980.582654
2014-09-11,0.004746,110880.0,137582991.330372
2014-09-12,0.004696,190687.0,136133528.716272
2014-09-13,0.004713,126120.0,136626346.005066
2014-09-14,0.005166,565821.0,149758477.288812
2014-09-15,0.005053,343050.0,146482691.78094602
2014-09-16,0.005109,585082.0,148106089.90873793
2014-09-17,0.005449,1291970.0,157962435.6846179
2014-09-18,0.005167,495261.0,149787466.541094
2014-09-19,0.004943,409000.0,143293874.029926
2014-09-20,0.004787,324116.0,138771550.673934
2014-09-21,0.004564,307979.0,132306947.41504796
2014-09-22,0.004653,253585.0,134886990.868146
2014-09-23,0.004595,325619.0,133205614.23578994
2014-09-24,0.004629,328371.0,134191248.813378
2014-09-25,0.004699,756186.0,136220496.47311795
2014-09-26,0.004606,499112.0,133524496.01089196
2014-09-27,0.004716,224461.0,136713313.76191202
2014-09-28,0.005276,461428.0,152947295.03983197
2014-09-29,0.004702,130083.0,136307464.22996393
2014-09-30,0.004654,109635.0,134915980.12042794
2014-10-01,0.00477,63133.0,138278733.38514006
2014-10-02,0.004876,212276.0,141351594.127032
2014-10-03,0.004986,252266.0,144540411.87805197
2014-10-04,0.004941,176390.0,143235895.525362
2014-10-05,0.004798,181467.0,139090432.44903594
2014-10-06,0.004709,198119.0,136510388.995938
2014-10-07,0.004772,145280.0,138336711.88970402
2014-10-08,0.004787,398199.0,138771550.673934
2014-10-09,0.004821,213886.0,139757185.251522
2014-10-10,0.004866,140376.0,141061701.60421196
2014-10-11,0.004758,260383.0,137930862.35775596
2014-10-12,0.004837,274086.0,140221013.28803405
2014-10-13,0.004806,459959.0,139322346.46729207
2014-10-14,0.004873,237256.0,141264626.37018603
2014-10-15,0.004825,235615.0,139873142.26065004
2014-10-16,0.004849,120959.0,140568884.31541803
2014-10-17,0.004903,245971.0,142134303.93864596
2014-10-18,0.004967,67759.0,143989616.08469403
2014-10-19,0.004946,56704.0,143380841.78677198
2014-10-20,0.005082,294752.0,147323380.097124
2014-10-21,0.005214,143073.0,151149961.39834794
2014-10-22,0.005187,108690.0,150367251.58673397
2014-10-23,0.005148,379001.0,149236670.74773604
2014-10-24,0.005076,282232.0,147149444.58343202
2014-10-25,0.004717,257875.0,136742303.014194
2014-10-26,0.004544,438454.0,131727162.36940797
2014-10-27,0.004897,295672.0,141960368.424954
2014-10-28,0.004792,277509.0,138916496.93534398
2014-10-29,0.004782,348102.0,138626604.41252404
2014-10-30,0.004891,218834.0,141786432.911262
2014-10-31,0.004866,153508.0,141061701.60421202
2014-11-01,0.004659,187547.0,135060926.381838
2014-11-02,0.004669,122041.0,135350818.904658
2014-11-03,0.004809,210558.0,139409314.224138
2014-11-04,0.004805,267198.0,139293357.21501005
2014-11-05,0.004865,307053.0,141032712.35193
2014-11-06,0.004878,414101.0,141409572.631596
2014-11-07,0.004874,434943.0,141293615.62246805
2014-11-08,0.004907,148730.0,142250260.947774
2014-11-09,0.004935,187184.0,143061960.01167002
2014-11-10,0.004899,577674.0,142018346.929518
2014-11-11,0.004896,796924.0,141931379.172672
2014-11-12,0.005082,427820.0,147323380.09712395
2014-11-13,0.005043,501328.0,146192799.25812593
2014-11-14,0.005187,318293.0,150367251.58673397
2014-11-15,0.005072,118028.0,147033487.57430398
2014-11-16,0.005182,75540.0,150222305.32532406
2014-11-17,0.00534,432274.0,154802607.18588
2014-11-18,0.005433,457637.0,157498607.64810604
2014-11-19,0.005691,428109.0,164977834.73686197
2014-11-20,0.006075,932055.0,176109707.61315
2014-11-21,0.006587,722162.0,190952204.781534
2014-11-22,0.007656,1115380.0,221941715.470992
2014-11-23,0.008583,1281590.0,265054716.811014
2014-11-24,0.008616,849567.0,266073801.706128
2014-11-25,0.009736,2617110.0,300660925.419088
2014-11-26,0.010936,2329900.0,337718557.968688
2014-11-27,0.013901,5109100.0,429281791.726658
2014-11-28,0.015121,2925480.0,466957051.485418
2014-11-29,0.014033,1865340.0,433358131.307114
2014-11-30,0.011226,2849490.0,346674152.501508
2014-12-01,0.012432,3370570.0,383917073.213856
2014-12-02,0.013201,2254300.0,407664839.406058
2014-12-03,0.013126,1078100.0,405348737.371708
2014-12-04,0.013321,2375070.0,411370602.661018
2014-12-05,0.013784,1355660.0,425668672.553072
2014-12-06,0.01441,1388010.0,445000404.19978
2014-12-07,0.014762,927939.0,455870643.080996
2014-12-08,0.013416,2557320.0,414304331.904528
2014-12-09,0.015038,1618900.0,464393898.567404
2014-12-10,0.015915,1108200.0,491476851.68907
2014-12-11,0.016374,1620910.0,505651396.139292
2014-12-12,0.016374,1620910.0,505651396.139292
2014-12-13,0.016939,1302090.0,523099364.798062
2014-12-14,0.01718,445227.0,530541772.66844
2014-12-15,0.018197,2622570.0,561948116.254226
2014-12-16,0.021603,6289370.0,667130029.974174
2014-12-17,0.025616,5801780.0,791056929.492128
2014-12-18,0.027913,4089430.0,861991414.4641539
2014-12-19,0.023456,6299220.0,724353190.902848
2014-12-20,0.022696,5339690.0,700883356.954768
2014-12-21,0.022696,5339690.0,700883356.954768
2014-12-22,0.025517,2087160.0,790467544.8784
2014-12-23,0.024015,2744640.0,743938475.928
2014-12-24,0.023273,1549510.0,720952744.1296
2014-12-25,0.024096,1205890.0,746447700.0192
2014-12-26,0.02534,2017660.0,784984425.568
2014-12-27,0.024209,751102.0,749948222.5168
2014-12-28,0.023713,1101280.0,734583097.2176
2014-12-29,0.024253,1175130.0,751311257.8256
2014-12-30,0.024235,801162.0,750753652.472
2014-12-31,0.024338,590681.0,753944394.2176
2015-01-01,0.024376,433245.0,755121561.0751997
2015-01-02,0.024316,447891.0,753262876.5632
2015-01-03,0.02227,2145220.0,689881734.704
2015-01-04,0.018855,3773380.0,584091607.896
2015-01-05,0.02023,3062830.0,626686461.296
2015-01-06,0.02068,1781430.0,640626595.136
2015-01-07,0.02083,767827.0,645273306.416
2015-01-08,0.020683,841536.0,640719529.3616
2015-01-09,0.020576,1092300.0,637404875.3152
2015-01-10,0.019306,1631870.0,598062719.8112
2015-01-11,0.018835,560387.0,583472046.392
2015-01-12,0.018523,541172.0,573806886.9296
2015-01-13,0.01563,3061580.0,484187315.376
2015-01-14,0.014167,1867540.0,438866391.3584
2015-01-15,0.016491,2312720.0,510859438.1232
2015-01-16,0.016426,1690220.0,508845863.2352
2015-01-17,0.015384,761594.0,476566708.8768
2015-01-18,0.015636,1156410.0,484373183.8272
2015-01-19,0.015999,1083590.0,495618225.1248
2015-01-20,0.016109,1037420.0,499025813.3968
2015-01-21,0.016707,1112600.0,517550702.3664
2015-01-22,0.016985,1157600.0,526162607.272
2015-01-23,0.016724,1070460.0,518077329.6448
2015-01-24,0.016754,943232.0,519006671.9008
2015-01-25,0.016536,896470.0,512253451.5072
2015-01-26,0.015957,3059140.0,494317145.9664
2015-01-27,0.015807,1331190.0,489670434.6864
2015-01-28,0.014986,1301450.0,464237434.9472
2015-01-29,0.014684,1082340.0,454882056.2368
2015-01-30,0.014479,852954.0,448531550.8208
2015-01-31,0.014409,519002.0,446363085.5568
2015-02-01,0.014154,883401.0,438463676.3808
2015-02-02,0.01374,1465150.0,425638753.248
2015-02-03,0.01303,1285370.0,403644319.856
2015-02-04,0.013472,642894.0,417336629.0944
2015-02-05,0.014311,1106030.0,443327234.1872
2015-02-06,0.015242,1867760.0,486350143.289054
2015-02-07,0.014572,532315.0,464971413.725764
2015-02-08,0.014452,472920.0,461142387.535324
2015-02-09,0.014005,608469.0,446879264.97593504
2015-02-10,0.013651,808432.0,435583637.71413696
2015-02-11,0.013761,437299.0,439093578.38870704
2015-02-12,0.014057,585122.0,448538509.6584591
2015-02-13,0.014568,980751.0,464843779.519416
2015-02-14,0.015,816914.0,478628273.805
2015-02-15,0.013711,1140340.0,437498150.809357
2015-02-16,0.01379,403599.0,440018926.38473
2015-02-17,0.013988,423184.0,446336819.598956
2015-02-18,0.013767,402140.0,439285029.69822896
2015-02-19,0.01377,296507.0,439380755.35299
2015-02-20,0.013504,1034010.0,430893080.630848
2015-02-21,0.013278,333174.0,423681747.972186
2015-02-22,0.013132,594182.0,419023099.440484
2015-02-23,0.013333,432861.0,425436718.309471
2015-02-24,0.013398,611327.0,427510774.162626
2015-02-25,0.013413,483777.0,427989402.4364311
2015-02-26,0.013293,863495.0,424160376.2459911
2015-02-27,0.013434,980864.0,428659482.019758
2015-02-28,0.013025,530068.0,415608884.42067504
2015-03-01,0.012271,1541400.0,391549836.52407694
2015-03-02,0.012145,1246390.0,387529359.024115
2015-03-03,0.010593,3050010.0,338007286.961091
2015-03-04,0.009903,3043820.0,315990386.366061
2015-03-05,0.011531,3093860.0,367937508.3496969
2015-03-06,0.010873,986763.0,346941681.405451
2015-03-07,0.010579,1136160.0,337560567.238873
2015-03-08,0.010461,1370390.0,333795358.151607
2015-03-09,0.010688,2114810.0,341038599.361856
2015-03-10,0.010113,1657920.0,322691182.199331
2015-03-11,0.010081,1233900.0,321670108.548547
2015-03-12,0.010354,682560.0,330381143.131798
2015-03-13,0.010539,696782.0,336284225.175393
2015-03-14,0.011083,795320.0,353642477.238721
2015-03-15,0.010828,409912.0,345505796.584036
2015-03-16,0.010973,858078.0,350132536.564151
2015-03-17,0.010917,791119.0,348345657.675279
2015-03-18,0.010557,1627630.0,336858579.103959
2015-03-19,0.010491,2781010.0,334752614.699217
2015-03-20,0.010441,473002.0,333157187.119867
2015-03-21,0.010182,395304.0,324892872.258834
2015-03-22,0.010197,306337.0,325371500.532639
2015-03-23,0.010298,652545.0,328594264.242926
2015-03-24,0.009801,627596.0,312735714.1041869
2015-03-25,0.009135,1141160.0,291484618.747245
2015-03-26,0.008749,614812.0,279167917.834663
2015-03-27,0.008933,469718.0,285039091.326671
2015-03-28,0.008869,410183.0,282996944.02510285
2015-03-29,0.008869,410183.0,282996944.025103
2015-03-30,0.008869,410183.0,282996944.0251031
2015-03-31,0.008869,410183.0,282996944.02510285
2015-04-01,0.007641,725414.0,243813242.67626703
2015-04-02,0.007909,385165.0,252364734.5015829
2015-04-03,0.008722,1008220.0,278306386.941814
2015-04-04,0.008848,303697.0,282326864.441776
2015-04-05,0.00871569,195218.470648,278105200.970779
2015-04-06,0.00878833,455711.461608,280422816.39906555
2015-04-07,0.00906441,975135.999817,289232142.5257182
2015-04-08,0.00918953,870230.010523,293224695.6406237
2015-04-09,0.00888666,705618.275219,283560530.7044646
2015-04-10,0.00844274,529357.216863,269395739.1258977
2015-04-11,0.00838797,291629.278997,267648051.016108
2015-04-12,0.00859406,199152.214859,274223910.69209474
2015-04-13,0.0082284,350339.020035,262556376.77077368
2015-04-14,0.00813635,576876.991754,259619218.59819257
2015-04-15,0.00790082,364410.924062,252103635.0522756
2015-04-16,0.00805048,258195.459244,256879071.93314448
2015-04-17,0.00805015,277507.10378,256868602.1865945
2015-04-18,0.00786114,181624.334307,250837686.91470551
2015-04-19,0.00776275,227824.296292,247698001.7745728
2015-04-20,0.00793335,672612.477535,253141762.36150447
2015-04-21,0.00795269,637786.210342,253758961.88729888
2015-04-22,0.00803162,623316.071984,256277248.2565056
2015-04-23,0.00802019,369870.036045,255912772.1540684
2015-04-24,0.00808015,428945.496401,257825840.7576974
2015-04-25,0.00807303,287289.592175,257598652.92649183
2015-04-26,0.00771786,498330.333094,246265823.9089196
2015-04-27,0.00775848,787016.921018,247561734.81113183
2015-04-28,0.00761147,581629.446296,242870912.4387805
2015-04-29,0.00785232,544565.531816,250556279.73993653
2015-04-30,0.00802729,583316.981455,256139195.12071264
2015-05-01,0.00802685,632072.137271,256125029.6895908
2015-05-02,0.00806021,100326.293764,257189683.58407247
2015-05-03,0.00803745,435646.455864,256463474.51551688
2015-05-04,0.00801744,262166.722505,255824867.45247644
2015-05-05,0.00791273,563851.837733,252483823.63603988
2015-05-06,0.00781338,505242.126169,249313724.62940443
2015-05-07,0.00752393,2159727.763731,240077735.63587743
2015-05-08,0.00753804,437391.455291,240527954.4870508
2015-05-09,0.00756139,182288.749808,241273063.05518705
2015-05-10,0.00736837,554266.415992,235114165.72285563
2015-05-11,0.00735991,441133.091549,234844043.83817783
2015-05-12,0.00721321,966734.441223,230163173.47900444
2015-05-13,0.00688193,931983.714354,219592520.972918
2015-05-14,0.00660369,639446.701972,210714098.67257413
2015-05-15,0.00665844,252413.897107,212461067.3311169
2015-05-16,0.00658501,67763.938151,210118100.50056392
2015-05-17,0.00632246,355658.861265,201740385.33414832
2015-05-18,0.00573768,1222401.357456,183080908.39650664
2015-05-19,0.00653416,990976.85422,208495716.98236537
2015-05-20,0.00662716,467420.880788,211463067.6964682
2015-05-21,0.00655908,182847.546579,209290737.0340544
2015-05-22,0.00658984,235787.482259,210272248.63621083
2015-05-23,0.00676712,303130.741589,215929079.80756143
2015-05-24,0.0068018,145157.050945,217035577.89191103
2015-05-25,0.00690941,305313.445106,220469369.1622466
2015-05-26,0.00678055,472593.097199,216357428.1793444
2015-05-27,0.00689616,399468.565929,220046435.0079409
2015-05-28,0.00777888,1200481.564571,248212885.6652276
2015-05-29,0.00896311,1457278.459972,285999699.75165045
2015-05-30,0.0083802,479474.897839,267399922.398064
2015-05-31,0.00824672,244931.687523,263140957.9748892
2015-06-01,0.00759258,674742.673243,242268219.27502665
2015-06-02,0.00786268,491307.551429,250886640.73438555
2015-06-03,0.00798391,392910.096922,254755081.88782787
2015-06-04,0.00786445,223350.121817,250943265.2869725
2015-06-05,0.00794802,190979.018024,253609873.06931528
2015-06-06,0.00789193,108435.737116,251820141.62264457
2015-06-07,0.00787099,86381.197059,251151818.23869327
2015-06-08,0.00800516,221057.727337,255433126.7447384
2015-06-09,0.007996,205195.013749,255140875.88072008
2015-06-10,0.00799668,252996.95541,255162493.3542772
2015-06-11,0.00804259,194272.228488,256627305.50548056
2015-06-12,0.00805761,134384.32944,257106720.03266045
2015-06-13,0.00809478,79009.074999,258292724.5384992
2015-06-14,0.00814032,313424.334651,259745779.49088973
2015-06-15,0.00856177,640139.290123,273193636.0642683
2015-06-16,0.00929861,1506339.80626,296705209.12397873
2015-06-17,0.00955666,1039075.195995,304939077.9441567
2015-06-18,0.01020059,1095829.868206,325486107.10613006
2015-06-19,0.01115767,1169680.848365,356025173.69104743
2015-06-20,0.01098643,661354.583109,350561018.8776787
2015-06-21,0.01028666,547535.704266,328232520.96613085
2015-06-22,0.01046373,478476.168807,333882568.4888857
2015-06-23,0.01063804,483624.164097,339444600.4205329
2015-06-24,0.01087344,632116.858435,346955581.89182127
2015-06-25,0.0110043,324267.841982,351131193.5633962
2015-06-26,0.01124869,317239.155888,358929329.2408043
2015-06-27,0.01150953,238725.857364,367252301.55460274
2015-06-28,0.01149417,236274.617429,366762164.5863097
2015-06-29,0.01195496,807664.671516,381465577.80622137
2015-06-30,0.0113764,871943.789375,363004527.03234303
2015-07-01,0.01121959,465278.467175,358000976.0777611
2015-07-02,0.01103057,393946.473961,351969456.86451554
2015-07-03,0.0110989,230127.831049,354149735.40350777
2015-07-04,0.01078849,118457.523904,344245091.7283724
2015-07-05,0.01001536,676856.617135,319575483.4453703
2015-07-06,0.00987015,803356.120505,314942121.3126551
2015-07-07,0.00956565,589050.550582,305226058.7983972
2015-07-08,0.00940059,794429.902306,299959071.4247548
2015-07-09,0.00886469,889491.402736,282859469.4153367
2015-07-10,0.00883925,1265392.362038,282047786.6173982
2015-07-11,0.00849707,387291.174862,271129154.75290906
2015-07-12,0.00857493,332866.436709,273613550.20559794
2015-07-13,0.00851861,786414.006875,271816470.86304104
2015-07-14,0.00861325,699160.210106,274836281.3974372
2015-07-15,0.00847805,488721.992184,270522397.66088736
2015-07-16,0.00809466,753474.661955,258288766.46846184
2015-07-17,0.00801398,294920.794,255714508.0379741
2015-07-18,0.0080593,66432.129188,257160449.70610628
2015-07-19,0.00808229,82839.018387,257894135.80889648
2015-07-20,0.00793408,275845.441851,253165018.6627545
2015-07-21,0.00769859,508798.345796,245650983.4914733
2015-07-22,0.00756041,346426.410878,241241628.80090508
2015-07-23,0.00747635,164563.046096,238559401.4655116
2015-07-24,0.00767252,273903.479431,244818879.01166743
2015-07-25,0.00787648,236290.748175,251326913.86965683
2015-07-26,0.00810882,229163.518365,258740717.72789177
2015-07-27,0.00854455,647154.055579,272644257.9559378
2015-07-28,0.00843525,138517.447548,269156625.59195805
2015-07-29,0.00849708,172808.718404,271129665.12803835
2015-07-30,0.00848173,306977.945969,270639860.09838665
2015-07-31,0.0084392,400814.277498,269282717.06170905
2015-08-01,0.00823269,193329.729525,262693311.8974932
2015-08-02,0.00822159,212531.298088,262339142.7320968
2015-08-03,0.00827951,225601.400065,264187207.17416656
2015-08-04,0.008252,179249.444001,263309404.8941802
2015-08-05,0.00821758,218338.247779,262211004.53879705
2015-08-06,0.00801251,381038.579567,255667552.5471125
2015-08-07,0.00813815,361106.808032,259676676.2627333
2015-08-08,0.00844904,618992.302539,269596642.38797206
2015-08-09,0.00880893,515287.909597,281080056.33758545
2015-08-10,0.00874389,467863.347773,279004990.84913605
2015-08-11,0.00863715,280076.176649,275598976.450727
2015-08-12,0.00832592,276176.474441,265668010.04778057
2015-08-13,0.00816806,186776.80828,260630804.86738017
2015-08-14,0.00832799,398703.57994,265734190.213539
2015-08-15,0.00844532,152896.2834,269477819.1879786
2015-08-16,0.00831692,285941.61994,265380759.3356385
2015-08-17,0.00829668,332949.942934,264735018.52954128
2015-08-18,0.00812036,185652.039393,259108814.29224
2015-08-19,0.00774585,484796.705579,247158725.8818932
2015-08-20,0.00786011,202471.40235,250804591.58990672
2015-08-21,0.00787055,258817.537366,251137945.5349404
2015-08-22,0.00770723,175365.593052,245926493.59203967
2015-08-23,0.00755794,136890.976863,241162878.4413792
2015-08-24,0.00737444,526218.018087,239582641.1979417
2015-08-25,0.00711903,592564.230183,231284806.58014944
2015-08-26,0.00746876,186547.882899,242646921.72104755
2015-08-27,0.0075426,196102.913377,245046008.24693027
2015-08-28,0.00740992,411465.808724,240735235.21316743
2015-08-29,0.00773269,352318.707316,251221618.517318
2015-08-30,0.00805132,400770.252427,261573281.77500284
2015-08-31,0.0078805,606628.495692,256023643.13257545
2015-09-01,0.00779858,396332.345699,253362209.8613433
2015-09-02,0.00767431,392641.475079,249324900.6354208
2015-09-03,0.00740226,319693.855151,240486419.04477903
2015-09-04,0.00733117,463667.671804,238176750.1613868
2015-09-05,0.00784837,847966.91702,254979792.158792
2015-09-06,0.00787031,283042.743731,255692470.2996418
2015-09-07,0.00790955,232682.327699,256967561.2097112
2015-09-08,0.00782677,193865.147061,254277926.99246085
2015-09-09,0.00768169,232947.77692,249564701.23357752
2015-09-10,0.00765743,233643.638106,248776534.22919744
2015-09-11,0.008419,77328.0,273518554.321784
2015-09-12,0.008214,24849.0,266858463.61790404
2015-09-13,0.008538,63632.0,277384655.754768
2015-09-14,0.007412,270150.0,240802889.25443205
2015-09-15,0.007716,680532.0,250679316.44457605
2015-09-16,0.007426,317219.0,241257724.717136
2015-09-17,0.007367,541163.0,239340918.12431195
2015-09-18,0.007529,501034.0,244604014.192744
2015-09-19,0.007482,441676.0,243077066.567952
2015-09-20,0.007635,444690.0,248047768.41035995
2015-09-21,0.007247,245305.0,235442328.443992
2015-09-22,0.007177,284055.0,233168151.13047203
2015-09-23,0.006675,973293.0,216859050.9678
2015-09-24,0.006694,419912.0,217476327.667184
2015-09-25,0.006649,408041.0,216014356.537064
2015-09-26,0.006506,438200.0,211368537.168016
2015-09-27,0.006536,270173.0,212343184.588096
2015-09-28,0.006304,574865.0,204805911.206144
2015-09-29,0.005592,970329.0,181674279.102912
2015-09-30,0.005512,742544.0,179075219.316032
2015-10-01,0.005446,568455.0,176930994.99185604
2015-10-02,0.005862,577241.0,190446105.883632
2015-10-03,0.005539,405104.0,179952401.99410397
2015-10-04,0.00524,355458.0,170238416.04064
2015-10-05,0.005019,628117.0,163058513.379384
2015-10-06,0.005334,349986.0,173292311.290224
2015-10-07,0.005451,308791.0,177093436.22853598
2015-10-08,0.005451,308791.0,177093436.22853592
2015-10-09,0.005451,308791.0,177093436.228536
2015-10-10,0.005053,526102.0,164163113.788808
2015-10-11,0.005053,526102.0,164163113.78880802
2015-10-12,0.005053,526102.0,164163113.788808
2015-10-13,0.005053,526102.0,164163113.788808
2015-10-14,0.005446,297064.0,180568728.82561803
2015-10-15,0.005394,440223.0,178844605.81810197
2015-10-16,0.005395,344095.0,178877762.02978498
2015-10-17,0.005189,391619.0,172047582.423087
2015-10-18,0.004975,243534.0,164952153.122925
2015-10-19,0.005044,302751.0,167239931.72905198
2015-10-20,0.004735,407004.0,156994662.319005
2015-10-21,0.004694,256746.0,155635257.64000195
2015-10-22,0.004716,301573.0,156364694.297028
2015-10-23,0.004673,296182.0,154938977.194659
2015-10-24,0.004641,185315.0,153877978.420803
2015-10-25,0.00459,287547.0,152187011.62497002
2015-10-26,0.00467,428659.0,154839508.55961004
2015-10-27,0.00464,360357.0,153844822.20911998
2015-10-28,0.004664,315213.0,154640571.289512
2015-10-29,0.004637,556971.0,153745353.57407096
2015-10-30,0.004837,1014070.0,160376595.910671
2015-10-31,0.004688,314981.0,155436320.36990404
2015-11-01,0.004918,485171.0,163062249.05699402
2015-11-02,0.005117,583592.0,169660335.181911
2015-11-03,0.005362,1025490.0,177783607.04424605
2015-11-04,0.004919,1275000.0,163095405.26867697
2015-11-05,0.004522,1246000.0,149932389.23052606
2015-11-06,0.004561,794178.0,151225481.486163
2015-11-07,0.004693,363671.0,155602101.42831898
2015-11-08,0.004649,315374.0,154143228.114267
2015-11-09,0.004606,304132.0,152717511.01189792
2015-11-10,0.004399,406969.0,145854175.19351697
2015-11-11,0.004236,453354.0,140449712.68918806
2015-11-12,0.004503,488065.0,149302421.20854905
2015-11-13,0.004477,335490.0,148440359.70479104
2015-11-14,0.004318,137048.0,143168522.047194
2015-11-15,0.004165,274004.0,138095621.65969503
2015-11-16,0.004176,221757.0,138460339.98820797
2015-11-17,0.004251,251917.0,140947055.86443296
2015-11-18,0.004264,250305.0,141378086.616312
2015-11-19,0.004226,176114.0,140118150.57235795
2015-11-20,0.004221,290405.0,139952369.51394305
2015-11-21,0.004243,205374.0,140681806.17096904
2015-11-22,0.004268,173958.0,141510711.46304408
2015-11-23,0.004288,311516.0,142173835.696704
2015-11-24,0.004237,178928.0,140482868.90087098
2015-11-25,0.004313,203575.0,143002740.98877892
2015-11-26,0.00427,387565.0,141577023.88641
2015-11-27,0.004287,205816.0,142140679.48502094
2015-11-28,0.004237,198598.0,142098132.99612108
2015-11-29,0.004293,198012.0,143976229.63236907
2015-11-30,0.004206,272886.0,141058472.35819805
2015-12-01,0.004087,310073.0,137067517.00617108
2015-12-02,0.004177,330056.0,140085886.60014093
2015-12-03,0.00426,138497.0,142869494.11457998
2015-12-04,0.004773,900240.0,160074200.800209
2015-12-05,0.005259,739699.0,176373396.60764706
2015-12-06,0.00536,998953.0,179760678.04087996
2015-12-07,0.005508,755692.0,184724219.150964
2015-12-08,0.006677,2402450.0,223929486.43264103
2015-12-09,0.00849,5761720.0,284732865.03116995
2015-12-10,0.008549,3200960.0,286711573.98721695
2015-12-11,0.008445,3438320.0,283223680.23418504
2015-12-12,0.008466,1599100.0,283927966.472778
2015-12-13,0.008787,1422940.0,294693484.69127095
2015-12-14,0.007778,2102930.0,260854207.79887408
2015-12-15,0.006684,4949920.0,224164248.51217192
2015-12-16,0.006754,1253530.0,226511869.307482
2015-12-17,0.006692,557414.0,224432548.031636
2015-12-18,0.006384,839006.0,214103016.532272
2015-12-19,0.006284,469068.0,210749272.538972
2015-12-20,0.00624,569171.0,209273625.18192
2015-12-21,0.006271,519639.0,210313285.819843
2015-12-22,0.006187,462921.0,207496140.8654709
2015-12-23,0.006028,363393.0,202163687.916124
2015-12-24,0.005971,336219.0,200252053.83994296
2015-12-25,0.006488,792755.0,217590910.285304
2015-12-26,0.006182,685867.0,207328453.66580603
2015-12-27,0.006355,472465.0,213130430.7742149
2015-12-28,0.006338,466009.0,212560294.29535407
2015-12-29,0.006248,315986.0,209541924.701384
2015-12-30,0.00619,270827.0,207596753.18527004
2015-12-31,0.006043,375142.0,202666749.51511905
2016-01-01,0.00594,202906.0,199212393.20202
2016-01-02,0.006072,278544.0,203639335.27317595
2016-01-03,0.006008,291194.0,201492939.117464
2016-01-04,0.00596,309972.0,199883142.0006799
2016-01-05,0.006042,383534.0,202633212.075186
2016-01-06,0.006008,320954.0,201492939.117464
2016-01-07,0.006008,320954.0,201492939.117464
2016-01-08,0.005941,289496.0,199245930.64195293
2016-01-09,0.005995,313463.0,201056952.39833504
2016-01-10,0.00595,192853.0,199547767.60135
2016-01-11,0.005901,217804.0,197904433.04463303
2016-01-12,0.005883,297315.0,197300759.12583905
2016-01-13,0.005789,485992.0,194148239.77213705
2016-01-14,0.005527,849158.0,185361430.509691
2016-01-15,0.005474,724813.0,183583946.19324195
2016-01-16,0.00511,329552.0,171376318.05763
2016-01-17,0.00511,329552.0,171376318.05763003
2016-01-18,0.005331,524883.0,178788092.282823
2016-01-19,0.005271,220146.0,176775845.886843
2016-01-20,0.005369,725223.0,180062515.00027695
2016-01-21,0.005319,349802.0,178385643.00362703
2016-01-22,0.005104,355429.0,171175093.41803196
2016-01-23,0.005147,327528.0,172617203.33515105
2016-01-24,0.005222,342213.0,175132511.33012596
2016-01-25,0.005127,406317.0,173908751.38064703
2016-01-26,0.00536,764678.0,181812152.7989601
2016-01-27,0.00536,764678.0,181812152.7989601
2016-01-28,0.006234,2212140.0,211458388.162074
2016-01-29,0.006887,2889670.0,233608264.2400069
2016-01-30,0.006632,1235620.0,224958618.910952
2016-01-31,0.006405,957898.0,217258738.55920497
2016-02-01,0.006551,842502.0,222211084.51231104
2016-02-02,0.00677,823529.0,229639603.44197
2016-02-03,0.006881,803020.0,233404743.17344105
2016-02-04,0.006977,1174280.0,236661080.23849696
2016-02-05,0.007265,1180190.0,246430091.433665
2016-02-06,0.007893,1849760.0,267731963.06757304
2016-02-07,0.008349,2471040.0,283199564.12658906
2016-02-08,0.007991,1048800.0,272419913.131958
2016-02-09,0.007778,771055.0,265158563.92696407
2016-02-10,0.00787,679746.0,268294921.3300601
2016-02-11,0.00781,549706.0,266249470.84978
2016-02-12,0.007941,835967.0,270715371.065058
2016-02-13,0.008274,673950.0,282067621.2306119
2016-02-14,0.008542,1135610.0,291203966.709196
2016-02-15,0.008617,749244.0,293760779.809546
2016-02-16,0.008452,998678.0,288135790.988776
2016-02-17,0.008159,1536300.0,278147174.4767419
2016-02-18,0.007989,879841.0,272351731.449282
2016-02-19,0.008247,717554.0,281147168.514486
2016-02-20,0.008295,481937.0,282783528.8987101
2016-02-21,0.008098,495910.0,276067633.155124
2016-02-22,0.008057,587656.0,274669908.6602659
2016-02-23,0.00797,829952.0,271704005.4638599
2016-02-24,0.008069,470760.0,275078998.756322
2016-02-25,0.008027,827609.0,273647183.420126
2016-02-26,0.008049,571449.0,274397181.92956203
2016-02-27,0.007974,417091.0,271840368.82921195
2016-02-28,0.007887,567906.0,268874465.63280594
2016-02-29,0.00793,699525.0,270340371.81034005
2016-03-01,0.007975,760809.0,271874459.67055005
2016-03-02,0.008028,428689.0,273681274.26146394
2016-03-03,0.008048,678272.0,274363091.08822405
2016-03-04,0.008136,528696.0,277363085.125968
2016-03-05,0.007929,1158790.0,270306280.96900207
2016-03-06,0.007859,583805.0,267919922.07534203
2016-03-07,0.007922,579040.0,270067645.079636
2016-03-08,0.007955,662396.0,271192642.84379
2016-03-09,0.00805,396606.0,274431272.7709001
2016-03-10,0.008188,1342330.0,279135808.87554413
2016-03-11,0.008808,2796150.0,300272130.50510406
2016-03-12,0.008676,1574980.0,295772139.448488
2016-03-13,0.008594,855385.0,292976690.45877194
2016-03-14,0.008488,848173.0,289363061.27694404
2016-03-15,0.008175,284630.0,278692627.93815005
2016-03-16,0.008207,217798.0,282648016.10196906
2016-03-17,0.008283,177764.0,285265446.24986106
2016-03-18,0.008106,229210.0,279169589.19490206
2016-03-19,0.008018,163982.0,276138880.60260594
2016-03-20,0.007964,114972.0,274279127.602788
2016-03-21,0.008043,80477.0,276999877.36178106
2016-03-22,0.008109,607934.0,279272908.806003
2016-03-23,0.00833,1025450.0,286884120.1571101
2016-03-24,0.008231,956683.0,283474572.99077713
2016-03-25,0.008192,759700.0,282131418.0464639
2016-03-26,0.008053,305743.0,277344276.065451
2016-03-27,0.008029,419730.0,276517719.1766429
2016-03-28,0.007561,2100870.0,260399859.84488705
2016-03-29,0.007563,1119050.0,260468739.585621
2016-03-30,0.00733,1211310.0,252444249.79011
2016-03-31,0.007389,1045170.0,254476202.14176303
2016-04-01,0.007421,822108.0,255578277.99350688
2016-04-02,0.007498,394148.0,258230148.01176605
2016-04-03,0.007506,266345.0,258505666.97470203
2016-04-04,0.007494,308755.0,258092388.530298
2016-04-05,0.007474,469603.0,257403591.12295803
2016-04-06,0.007302,795051.0,251479933.41983405
2016-04-07,0.006877,1446380.0,236842988.513859
2016-04-08,0.006671,867534.0,229748375.21825707
2016-04-09,0.006292,1036040.0,216695664.349164
2016-04-10,0.005927,740126.0,204125111.665209
2016-04-11,0.006068,1807670.0,208981133.386956
2016-04-12,0.005877,1191660.0,202403118.146859
2016-04-13,0.005707,1385790.0,196548340.184469
2016-04-14,0.006315,192288.0,217487781.367605
2016-04-15,0.006373,155910.0,219485293.848891
2016-04-16,0.006489,69562.0,226262861.0289181
2016-04-17,0.0065,56584.0,226646416.503
2016-04-18,0.006984,1061730.0,243522857.36260805
2016-04-19,0.00713,403883.0,248613684.56406
2016-04-20,0.007245,1313140.0,252623582.70219004
2016-04-21,0.007475,956562.0,260643378.97845003
2016-04-22,0.00728,1004390.0,253843986.48336
2016-04-23,0.007347,316474.0,256180188.007314
2016-04-24,0.007254,499271.0,252937400.817348
2016-04-25,0.007277,590718.0,253739380.444974
2016-04-26,0.007117,821664.0,248160391.731054
2016-04-27,0.006743,865930.0,235119505.612266
2016-04-28,0.006689,745304.0,233236596.921318
2016-04-29,0.006758,535007.0,235642535.8041961
2016-04-30,0.006813,410256.0,237560313.174606
2016-05-01,0.006796,237705.0,236967545.6237519
2016-05-02,0.006713,583376.0,234073445.22840592
2016-05-03,0.006559,331479.0,228703668.591258
2016-05-04,0.006314,564031.0,220160842.123068
2016-05-05,0.006193,509393.0,215941731.908166
2016-05-06,0.0064,677241.0,223159548.5568
2016-05-07,0.006486,385986.0,226158254.990532
2016-05-08,0.006403,376595.0,223264154.595186
2016-05-09,0.006396,337240.0,223020073.83895192
2016-05-10,0.006271,409766.0,218661488.906202
2016-05-11,0.006192,470956.0,215906863.228704
2016-05-12,0.006166,371250.0,215000277.562692
2016-05-13,0.00611,475996.0,213047631.5128201
2016-05-14,0.006067,271866.0,211548278.295954
2016-05-15,0.006058,311439.0,211234460.1807961
2016-05-16,0.006023,393185.0,210014056.39962605
2016-05-17,0.006025,320297.0,210083793.75855
2016-05-18,0.006028,696941.0,210188399.796936
2016-05-19,0.00604,793191.0,210606823.95048007
2016-05-20,0.006082,552519.0,212071308.487884
2016-05-21,0.005991,223376.0,208898258.656842
2016-05-22,0.005936,271290.0,206980481.286432
2016-05-23,0.005908,509675.0,206004158.261496
2016-05-24,0.005956,519775.0,207677854.875672
2016-05-25,0.005761,513401.0,200878462.380582
2016-05-26,0.005671,679715.0,197740281.229002
2016-05-27,0.005676,1069750.0,197914624.626312
2016-05-28,0.005679,846000.0,198019230.6646981
2016-05-29,0.005644,1050310.0,196798826.883528
2016-05-30,0.005754,480406.0,200634381.62434795
2016-05-31,0.005705,841981.0,198925816.33071008
2016-06-01,0.00581,1020200.0,202587027.6742201
2016-06-02,0.005767,614033.0,201087674.457354
2016-06-03,0.005821,438919.0,202970583.148302
2016-06-04,0.005783,609434.0,201645573.328746
2016-06-05,0.005796,550878.0,202098866.161752
2016-06-06,0.005769,693464.0,201157411.81627795
2016-06-07,0.005776,781573.0,201401492.572512
2016-06-08,0.005769,754756.0,201157411.81627795
2016-06-09,0.005786,509843.0,201750179.367132
2016-06-10,0.00574,545539.0,200146220.11188
2016-06-11,0.005756,375383.0,200704118.983272
2016-06-12,0.005844,1168090.0,203772562.775928
2016-06-13,0.005831,1567810.0,203319269.942922
2016-06-14,0.006987,9770470.0,243627463.400994
2016-06-15,0.006878,3365100.0,239826777.339636
2016-06-16,0.006669,3064050.0,234137432.58293697
2016-06-17,0.006678,2164170.0,234453407.52569395
2016-06-18,0.006615,1186140.0,232241582.926395
2016-06-19,0.006816,2390380.0,239298356.647968
2016-06-20,0.006634,1715360.0,232908641.138882
2016-06-21,0.006187,3258710.0,217215218.98195097
2016-06-22,0.006501,5033480.0,228239233.65147296
2016-06-23,0.006381,3225400.0,224026234.414713
2016-06-24,0.006406,2392560.0,224903942.589038
2016-06-25,0.006419,1184560.0,225360350.839687
2016-06-26,0.006396,1236600.0,226072910.84976
2016-06-27,0.006397,1124300.0,226108256.83332
2016-06-28,0.006765,3173080.0,239115578.7834
2016-06-29,0.006756,2060630.0,238797464.93136
2016-06-30,0.006666,1055820.0,235616248.905378
2016-07-01,0.006808,995115.0,240635376.919864
2016-07-02,0.006734,821821.0,238019774.99682203
2016-07-03,0.006614,539443.0,233778258.364862
2016-07-04,0.00701,877304.0,247775263.25033
2016-07-05,0.006708,597693.0,237100779.726564
2016-07-06,0.006696,600557.0,236676628.063368
2016-07-07,0.006595,788366.0,233106684.89813504
2016-07-08,0.006708,605469.0,237100779.72656405
2016-07-09,0.006687,579077.0,236358514.315971
2016-07-10,0.00667,571780.0,235757632.79310995
2016-07-11,0.006531,723026.0,230844542.69442305
2016-07-12,0.006381,963564.0,225542646.904473
2016-07-13,0.006428,938645.0,227203907.585324
2016-07-14,0.006385,696405.0,226273274.833465
2016-07-15,0.00644,756878.0,228222379.00196
2016-07-16,0.006572,653354.0,232900229.00634795
2016-07-17,0.006532,540673.0,231482698.70198795
2016-07-18,0.006488,447554.0,229923415.367192
2016-07-19,0.006407,542536.0,227052916.50086305
2016-07-20,0.006409,691382.0,227123793.0160809
2016-07-21,0.006416,814120.0,228089715.537536
2016-07-22,0.006305,772704.0,224143649.69828
2016-07-23,0.006309,370709.0,224285850.26906407
2016-07-24,0.006293,322483.0,223717047.985928
2016-07-25,0.006247,878540.0,222081741.421912
2016-07-26,0.006,1546840.0,213300856.176
2016-07-27,0.005968,1362120.0,212163251.609728
2016-07-28,0.005974,1279810.0,212376522.368892
2016-07-29,0.006112,773543.0,217282441.365696
2016-07-30,0.006122,449641.0,217637942.742276
2016-07-31,0.005956,645633.0,211736619.891048
2016-08-01,0.005909,954685.0,210065763.421122
2016-08-02,0.005692,1520290.0,202351383.549336
2016-08-03,0.005653,1606280.0,200964928.180674
2016-08-04,0.005818,999099.0,206875764.754318
2016-08-05,0.006444,707344.0,229134999.669444
2016-08-06,0.006352,2161160.0,225863674.410352
2016-08-07,0.006177,1303140.0,219641044.841427
2016-08-08,0.006026,725965.0,214271804.470526
2016-08-09,0.006167,1097260.0,219285466.008917
2016-08-10,0.006201,882068.0,220494434.03945097
2016-08-11,0.00619,406905.0,220104310.4409901
2016-08-12,0.006131,645633.0,218006385.672651
2016-08-13,0.006089,601562.0,216512947.701969
2016-08-14,0.005993,496671.0,213099375.197553
2016-08-15,0.006034,486413.0,214557255.12131405
2016-08-16,0.006138,1238530.0,218255292.001098
2016-08-17,0.00611,1367080.0,217259666.68731
2016-08-18,0.006104,1070290.0,217070897.358168
2016-08-19,0.006103,1357320.0,217035335.284551
2016-08-20,0.00612,394388.0,217639890.53603995
2016-08-21,0.00605,416810.0,215150545.38285
2016-08-22,0.006,663609.0,213372441.702
2016-08-23,0.006019,974803.0,214048121.100723
2016-08-24,0.006059,1128960.0,215470604.045403
2016-08-25,0.006081,721561.0,216256963.16713497
2016-08-26,0.006033,566684.0,214549952.111055
2016-08-27,0.005976,242501.0,212522876.48196
2016-08-28,0.005961,591254.0,211989435.526935
2016-08-29,0.00614,1490790.0,218355164.25689995
2016-08-30,0.006033,1043710.0,214549952.111055
2016-08-31,0.006008,1173350.0,213660883.85268
2016-09-01,0.00599,686362.0,211547709.87599
2016-09-02,0.005974,582914.0,210982640.867974
2016-09-03,0.005962,678314.0,210558839.111962
2016-09-04,0.005945,806088.0,209958453.290945
2016-09-05,0.005928,795151.0,209358067.469928
2016-09-06,0.005911,778444.0,208757681.64891097
2016-09-07,0.005889,687249.0,207980711.762889
2016-09-08,0.005902,861103.0,208443639.71288
2016-09-09,0.005869,854559.0,207278163.58436003
2016-09-10,0.005866,313766.0,207172211.20904
2016-09-11,0.005844,528001.0,206395227.12336
2016-09-12,0.005894,686748.0,208161100.04536
2016-09-13,0.005892,832417.0,208090465.12848
2016-09-14,0.005975,1046840.0,211021814.179
2016-09-15,0.008299,15821900.0,294264518.165467
2016-09-16,0.007376,12409700.0,261536942.521808
2016-09-17,0.00703,1725780.0,249268533.88399
2016-09-18,0.006857,2222500.0,243134329.565081
2016-09-19,0.006872,2925540.0,243666196.991576
2016-09-20,0.006788,1418680.0,240687739.403204
2016-09-21,0.006823,1703520.0,241928763.398359
2016-09-22,0.006835,1505070.0,242359582.8093
2016-09-23,0.007268,3056340.0,257713159.89144
2016-09-24,0.007385,2220690.0,261861816.9783
2016-09-25,0.007939,4641840.0,281505885.57762
2016-09-26,0.00812,8762770.0,287923893.5496
2016-09-27,0.008253,6179620.0,292639888.3577399
2016-09-28,0.009061,7443020.0,321290443.28238
2016-09-29,0.00894,6103280.0,317148259.71384
2016-09-30,0.008857,7548990.0,314203818.376452
2016-10-01,0.0082,5913380.0,290896614.05520004
2016-10-02,0.008153,2074630.0,289229279.803908
2016-10-03,0.008123,2571860.0,288165023.898828
2016-10-04,0.00788,2771920.0,279544551.06767994
2016-10-05,0.007412,4983430.0,262942158.948432
2016-10-06,0.007379,2839700.0,261775943.282676
2016-10-07,0.007367,3030770.0,261350233.658148
2016-10-08,0.007308,2015030.0,259257161.337552
2016-10-09,0.007534,3393370.0,267274692.599496
2016-10-10,0.007974,5565070.0,282884045.498856
2016-10-11,0.008271,3961500.0,293420358.705924
2016-10-12,0.007945,2988620.0,281855247.23958
2016-10-13,0.007984,1005940.0,283238574.30664
2016-10-14,0.008829,1867480.0,313215602.774715
2016-10-15,0.008146,796875.0,288985649.58691
2016-10-16,0.008061,615802.0,285970208.85343504
2016-10-17,0.008035,2429920.0,285047838.746725
2016-10-18,0.008347,3815580.0,296116280.027245
2016-10-19,0.008584,3183470.0,304524038.30764
2016-10-20,0.009093,6008900.0,322693889.464359
2016-10-21,0.009031,4108640.0,320493623.199453
2016-10-22,0.008966,1704230.0,318186892.437858
2016-10-23,0.009397,931166.0,333482291.795511
2016-10-24,0.00906,1715970.0,321522780.00078
2016-10-25,0.008916,2853580.0,316412484.159708
2016-10-26,0.008874,3085430.0,314921981.206062
2016-10-27,0.008505,4357390.0,302191854.187545
2016-10-28,0.00843,2711530.0,299527023.02187
2016-10-29,0.007723,3571660.0,274406547.900107
2016-10-30,0.007856,2339570.0,279132181.833904
2016-10-31,0.008229,2434650.0,292385275.497861
2016-11-01,0.00809,1880240.0,287446455.07081
2016-11-02,0.008211,1682710.0,291745716.0180989
2016-11-03,0.008022,3109450.0,285980846.841858
2016-11-04,0.008155,2710280.0,290722239.590545
2016-11-05,0.00823,986716.0,293395957.30596995
2016-11-06,0.008195,777015.0,292148222.372105
2016-11-07,0.008114,2288450.0,289260607.239446
2016-11-08,0.008239,2067830.0,293716803.431821
2016-11-09,0.008087,3656230.0,288298068.861893
2016-11-10,0.008137,2576870.0,291020878.262163
2016-11-11,0.008062,2085190.0,288338493.369738
2016-11-12,0.008047,1682780.0,287802016.391253
2016-11-13,0.008254,2227560.0,295205398.69434595
2016-11-14,0.008099,1278320.0,289661803.250001
2016-11-15,0.007886,3048710.0,282043830.155514
2016-11-16,0.007848,2917130.0,280684755.143352
2016-11-17,0.007731,2390630.0,277273046.074284
2016-11-18,0.007772,2503950.0,278743514.951408
2016-11-19,0.007798,1300900.0,279676007.410072
2016-11-20,0.007644,1872060.0,274152782.84721595
2016-11-21,0.007568,2585080.0,271427035.660352
2016-11-22,0.007436,2413820.0,266692843.17790395
2016-11-23,0.007049,3721340.0,252813051.58163595
2016-11-24,0.006948,1854730.0,249270736.611312
2016-11-25,0.0069,981461.0,247548658.9836
2016-11-26,0.00714,561331.0,256159047.12216
2016-11-27,0.007302,546743.0,261971059.115688
2016-11-28,0.007008,1816270.0,251423333.645952
2016-11-29,0.006783,1514390.0,243351094.766052
2016-11-30,0.006737,1486150.0,241700770.372828
2016-12-01,0.006716,1175980.0,241693735.037684
2016-12-02,0.006672,1797660.0,240110273.998128
2016-12-03,0.006595,1217110.0,237339217.178905
2016-12-04,0.006531,1162000.0,235036001.121369
2016-12-05,0.006422,814426.0,231113336.273378
2016-12-06,0.006626,1384700.0,238454837.456774
2016-12-07,0.00682,2731090.0,245436461.13118
2016-12-08,0.007103,2861620.0,255669712.045624
2016-12-09,0.007134,2438630.0,256785544.943472
2016-12-10,0.006821,1322590.0,245519232.136168
2016-12-11,0.006743,981049.0,242711652.586744
2016-12-12,0.006779,1434590.0,244007458.532632
2016-12-13,0.006709,1974930.0,241487835.860072
2016-12-14,0.006705,2003000.0,241343857.42164
2016-12-15,0.006658,1030760.0,238320303.140334
2016-12-16,0.006709,2572180.0,240145826.63990697
2016-12-17,0.006536,1770230.0,233953364.572728
2016-12-18,0.006575,1192970.0,235349353.131225
2016-12-19,0.006543,1092150.0,234203926.621689
2016-12-20,0.006495,2282160.0,232485786.857385
2016-12-21,0.006439,2305770.0,230481290.465697
2016-12-22,0.006371,2843460.0,229378913.186822
2016-12-23,0.006281,3560500.0,226138589.503442
2016-12-24,0.006342,2538810.0,228334808.888844
2016-12-25,0.006444,2125100.0,232007175.730008
2016-12-26,0.006329,1695600.0,227866762.134578
2016-12-27,0.006189,2467560.0,222826258.627098
2016-12-28,0.006184,2082990.0,222646240.644688
2016-12-29,0.006336,1378090.0,230233124.240064
2016-12-30,0.006432,1379520.0,233721504.910368
2016-12-31,0.006487,272476.0,235720056.33606297
2017-01-01,0.006376,418493.0,231686616.18602395
2017-01-02,0.006309,1047280.0,229252017.176541
2017-01-03,0.006385,1014600.0,232013651.873865
2017-01-04,0.006566,1585550.0,238590702.929334
2017-01-05,0.006194,4092710.0,225078674.804536
2017-01-06,0.00633,1715300.0,230020667.01852
2017-01-07,0.006361,1357240.0,231147150.537884
2017-01-08,0.006242,552923.0,226822907.350648
2017-01-09,0.006165,690212.0,224024867.64126
2017-01-10,0.006713,2506190.0,243938189.209372
2017-01-11,0.006454,3469780.0,234526601.095976
2017-01-12,0.006488,5004900.0,238572341.366176
2017-01-13,0.006616,2075820.0,243279070.665632
2017-01-14,0.006845,1323960.0,251699703.55294
2017-01-15,0.006791,777000.0,249714052.12973204
2017-01-16,0.00677,710993.0,248941854.35404
2017-01-17,0.006764,1840920.0,248721226.418128
2017-01-18,0.006763,1337800.0,248684455.095476
2017-01-19,0.007022,775208.0,258802562.994202
2017-01-20,0.006689,618070.0,246529527.75109896
2017-01-21,0.006708,543850.0,247229791.023228
2017-01-22,0.006706,360991.0,247156079.099846
2017-01-23,0.006696,302306.0,246787519.482936
2017-01-24,0.006565,505799.0,241959388.501415
2017-01-25,0.006519,531352.0,240264014.263629
2017-01-26,0.006674,1440230.0,245980442.163752
2017-01-27,0.0064,942663.0,235881754.5472
2017-01-28,0.006349,240385.0,234002071.815652
2017-01-29,0.006398,321562.0,235808041.498904
2017-01-30,0.006372,398682.0,234849771.871056
2017-01-31,0.006336,651837.0,233522937.001728
2017-02-01,0.006492,1839380.0,239272554.768816
2017-02-02,0.006467,681979.0,238351071.74391195
2017-02-03,0.006501,545416.0,239604193.197336
2017-02-04,0.00648,316467.0,238830206.41728
2017-02-05,0.006447,367364.0,237613941.47719195
2017-02-06,0.006445,388605.0,237540228.45052
2017-02-07,0.006477,563802.0,238719636.877272
2017-02-08,0.006428,861678.0,236913667.723808
2017-02-09,0.006301,1608730.0,233417606.59166
2017-02-10,0.006298,891574.0,233306472.99067995
2017-02-11,0.006345,336845.0,235047566.0727
2017-02-12,0.006279,225089.0,232602626.85114
2017-02-13,0.006243,467496.0,231269023.63938
2017-02-14,0.006281,669313.0,232676715.91846
2017-02-15,0.006102,797576.0,226045744.39332
2017-02-16,0.006043,1338310.0,223860649.10834697
2017-02-17,0.005902,1173370.0,218637357.444558
2017-02-18,0.005565,1873160.0,206153319.921885
2017-02-19,0.005874,900571.0,217600108.036146
2017-02-20,0.005777,795100.0,214006779.728433
2017-02-21,0.005777,795100.0,214006779.728433
2017-02-22,0.005777,795100.0,214006779.728433
2017-02-23,0.005777,795100.0,214006779.728433
2017-02-24,0.005701,1367850.0,211758515.508147
2017-02-25,0.005664,680049.0,210384183.799008
2017-02-26,0.00567,259722.0,210607048.40049
2017-02-27,0.005613,644643.0,208489834.68641096
2017-02-28,0.005541,1681180.0,205815459.468627
2017-03-01,0.005376,1621640.0,199686682.927872
2017-03-02,0.006027,3804150.0,225450959.244861
2017-03-03,0.006311,2686810.0,236074498.721473
2017-03-04,0.006326,1410650.0,236635601.158618
2017-03-05,0.006254,922273.0,233942309.460322
2017-03-06,0.006067,1080960.0,226947232.410581
2017-03-07,0.006577,2800310.0,246024715.273511
2017-03-08,0.00649,3543910.0,242770321.13807
2017-03-09,0.006534,2126160.0,243657047.333502
2017-03-10,0.006227,3069740.0,232208820.59163097
2017-03-11,0.006244,1863970.0,232842761.486132
2017-03-12,0.006243,1513040.0,232805470.845279
2017-03-13,0.006391,2528400.0,238324485.691523
2017-03-14,0.006343,1348750.0,236534534.9305789
2017-03-15,0.006312,1398830.0,235378525.064136
2017-03-16,0.006236,2893180.0,232544436.359308
2017-03-17,0.00613,3457130.0,228882644.41056
2017-03-18,0.006787,7146690.0,253413785.907744
2017-03-19,0.006928,4352960.0,258678460.110336
2017-03-20,0.007018,3443200.0,262038890.452416
2017-03-21,0.006914,3008720.0,258155726.501568
2017-03-22,0.007324,4620820.0,273464353.615488
2017-03-23,0.009612,10951600.0,359382691.132704
2017-03-24,0.010743,25374500.0,401669605.788456
2017-03-25,0.009137,11570400.0,341622934.75650394
2017-03-26,0.009513,5713300.0,355681184.01429605
2017-03-27,0.009435,6256690.0,352764845.0725201
2017-03-28,0.009529,3195600.0,356279407.386968
2017-03-29,0.009945,3233830.0,371833215.07644
2017-03-30,0.014072,19478600.0,526137456.265024
2017-03-31,0.020394,72586500.0,762510466.3920479
2017-04-01,0.022594,30656500.0,844766180.134448
2017-04-02,0.054541,215971000.0,2046076848.0585835
2017-04-03,0.033204,160729000.0,1245630546.981852
2017-04-04,0.037085,79055900.0,1391224214.998855
2017-04-05,0.035739,42018800.0,1340729734.929057
2017-04-06,0.032284,48282200.0,1211175664.71426
2017-04-07,0.036571,36852000.0,1372007967.856065
2017-04-08,0.035784,15369400.0,1342482653.51676
2017-04-09,0.034937,15159100.0,1310706362.226555
2017-04-10,0.033786,12065800.0,1267525121.05179
2017-04-11,0.033199,11294500.0,1245503063.215485
2017-04-12,0.034151,13450700.0,1281218564.169765
2017-04-13,0.034256,15804100.0,1285707542.348784
2017-04-14,0.033867,8899060.0,1271107465.457913
2017-04-15,0.034001,4948530.0,1276136797.857339
2017-04-16,0.033424,5969870.0,1254480642.674736
2017-04-17,0.033701,7916960.0,1264877098.455639
2017-04-18,0.033259,8978900.0,1248287808.003801
2017-04-19,0.029687,12164300.0,1114222320.460893
2017-04-20,0.029851,26158000.0,1130902909.130334
2017-04-21,0.032739,28085100.0,1240314573.783726
2017-04-22,0.031714,9231890.0,1201482525.213876
2017-04-23,0.031088,4948700.0,1177766561.892192
2017-04-24,0.03139,6386250.0,1189207809.37326
2017-04-25,0.032263,13473400.0,1222281349.277142
2017-04-26,0.032754,11836100.0,1240882847.665236
2017-04-27,0.034555,16184200.0,1309112789.335655
2017-04-28,0.044695,81317400.0,1693265695.828595
2017-04-29,0.055114,111952000.0,2087988489.985394
2017-04-30,0.051487,44624600.0,1950579950.3552272
2017-05-01,0.053275,60236000.0,2018318155.168775
2017-05-02,0.054064,34435200.0,2048209342.863344
2017-05-03,0.060929,40572500.0,2308289195.237509
2017-05-04,0.080567,152609000.0,3057967151.420575
2017-05-05,0.092864,186493000.0,3524706909.1504
2017-05-06,0.102521,88525900.0,3891243937.726225
2017-05-07,0.137873,246048000.0,5233049574.488425
2017-05-08,0.201431,403253000.0,7645430278.870975
2017-05-09,0.160441,215174000.0,6089631086.438225
2017-05-10,0.187175,140488000.0,7104335541.439375
2017-05-11,0.182093,104818000.0,6975231489.699445
2017-05-12,0.204731,120422000.0,7842399862.255315
2017-05-13,0.214357,122191000.0,8211132204.079804
2017-05-14,0.221262,69553400.0,8475634263.11763
2017-05-15,0.261789,214068000.0,10028056413.244486
2017-05-16,0.339733,439467000.0,13013769445.778046
2017-05-17,0.405379,478734000.0,15528396841.519836
2017-05-18,0.363136,271915000.0,13992551773.275265
2017-05-19,0.341917,219898000.0,13174929846.291634
2017-05-20,0.353756,240698000.0,13631116565.437643
2017-05-21,0.338757,130390000.0,13053167025.740791
2017-05-22,0.316974,263348000.0,12213812747.241123
2017-05-23,0.332185,165972000.0,12799931185.025564
2017-05-24,0.303762,153389000.0,11704720853.216536
2017-05-25,0.250816,235036000.0,9593545307.6864
2017-05-26,0.271538,255599000.0,10386148035.8452
2017-05-27,0.213315,254920000.0,8159156980.851
2017-05-28,0.231631,122872000.0,8859731808.0374
2017-05-29,0.230942,86131200.0,8833378015.9468
2017-05-30,0.205543,92380400.0,7861883146.1222
2017-05-31,0.247677,158351000.0,9473480643.8658
2017-06-01,0.333491,587690000.0,12879987331.410105
2017-06-02,0.304602,296791000.0,11764245215.379663
2017-06-03,0.282311,152004000.0,10903329035.919165
2017-06-04,0.297987,155295000.0,11508762710.01287
2017-06-05,0.294139,78560800.0,11360146431.758686
2017-06-06,0.285504,132644000.0,11026648104.647232
2017-06-07,0.282413,146362000.0,10907268448.700329
2017-06-08,0.289515,104224000.0,11108946498.920416
2017-06-09,0.286557,101675000.0,10982692841.312632
2017-06-10,0.261162,155158000.0,10009394388.630846
2017-06-11,0.272619,116329000.0,10448499738.990175
2017-06-12,0.254826,150340000.0,9766558436.821758
2017-06-13,0.266639,112785000.0,10219307978.917835
2017-06-14,0.277881,429088000.0,10650173157.301325
2017-06-15,0.258172,190970000.0,9885475938.328436
2017-06-16,0.262451,88797200.0,10049320009.490711
2017-06-17,0.26828,120759000.0,10272514001.26564
2017-06-18,0.284225,232286000.0,10883052378.148676
2017-06-19,0.290239,144326000.0,11113330070.125755
2017-06-20,0.325172,798940000.0,12450924119.649437
2017-06-21,0.292925,354012000.0,11216177739.006777
2017-06-22,0.299346,197393000.0,11462373769.38534
2017-06-23,0.320574,176870000.0,12275223349.39146
2017-06-24,0.310808,313668000.0,11901269656.23432
2017-06-25,0.298092,158126000.0,11414356369.09668
2017-06-26,0.275927,276635000.0,10565627758.73133
2017-06-27,0.27538,187278000.0,10544682369.6102
2017-06-28,0.2809,126783000.0,10756050830.211
2017-06-29,0.269185,102166000.0,10307467222.25115
2017-06-30,0.262806,67769400.0,10063206459.53874
2017-07-01,0.255292,53742700.0,9775484971.68468
2017-07-02,0.259801,54073700.0,9948140839.22979
2017-07-03,0.259848,60477900.0,9949940534.45592
2017-07-04,0.254387,55383200.0,9740831265.73473
2017-07-05,0.255837,73521600.0,9796353778.03023
2017-07-06,0.254885,44024300.0,9759900376.85415
2017-07-07,0.239652,87737800.0,9176607666.64908
2017-07-08,0.236171,124965000.0,9043315345.75209
2017-07-09,0.234352,82656600.0,8973663311.36208
2017-07-10,0.20535,117046000.0,7863136482.676499
2017-07-11,0.186181,279893000.0,7129128870.129991
2017-07-12,0.205163,150973000.0,7855975993.15977
2017-07-13,0.202281,218920000.0,7745620213.54899
2017-07-14,0.189839,97098600.0,7269198766.66581
2017-07-15,0.171654,132139000.0,6572869879.70466
2017-07-16,0.144688,250358000.0,5540304316.55952
2017-07-17,0.176842,311909000.0,6771525599.55918
2017-07-18,0.18925,300616000.0,7246645139.257501
2017-07-19,0.16227,139979000.0,6213543496.6833
2017-07-20,0.187339,184828000.0,7173470297.190809
2017-07-21,0.182354,105787000.0,6982587729.05766
2017-07-22,0.19439,83281800.0,7443462872.498099
2017-07-23,0.194755,196450000.0,7457439229.04145
2017-07-24,0.191998,56759700.0,7359722935.548832
2017-07-25,0.176387,163416000.0,6761317562.853008
2017-07-26,0.173817,77214200.0,6662803578.622128
2017-07-27,0.173468,34618900.0,6649564573.037432
2017-07-28,0.165379,74608900.0,6339488202.575446
2017-07-29,0.168693,78547200.0,6466524065.069081
2017-07-30,0.165704,42421600.0,6351946457.044496
2017-07-31,0.167145,56473400.0,6407184440.7057295
2017-08-01,0.17656,119502000.0,6768090489.40144
2017-08-02,0.173609,58932400.0,6654969538.822466
2017-08-03,0.174492,31552200.0,6690693657.848436
2017-08-04,0.174084,45331100.0,6675049370.360172
2017-08-05,0.184159,112647000.0,7061363577.331397
2017-08-06,0.180304,74602800.0,6913548066.872432
2017-08-07,0.178999,58673900.0,6863509353.2151165
2017-08-08,0.191757,178582000.0,7352700087.95843
2017-08-09,0.183649,99753300.0,7041808217.971067
2017-08-10,0.180664,48078700.0,6928941743.19424
2017-08-11,0.179888,54005900.0,6899180092.87808
2017-08-12,0.17429,64949200.0,6684482002.0664
2017-08-13,0.168459,110460000.0,6460847745.63144
2017-08-14,0.17043,84239200.0,6534940972.11969
2017-08-15,0.162467,99978000.0,6229608959.20536
2017-08-16,0.160204,108090000.0,6142836845.024132
2017-08-17,0.160787,108083000.0,6165191304.841921
2017-08-18,0.158533,146522000.0,6078764285.237639
2017-08-19,0.155775,87806000.0,5973011969.324325
2017-08-20,0.159505,68565100.0,6116034499.547915
2017-08-21,0.193611,424030000.0,7423789570.809514
2017-08-22,0.24087,1464530000.0,9235881194.35821
2017-08-23,0.248587,1782180000.0,9531780622.16932
2017-08-24,0.220536,1349560000.0,8456197513.509288
2017-08-25,0.218694,512362000.0,8385568156.760801
2017-08-26,0.212467,184897000.0,8146801053.355362
2017-08-27,0.203322,194379000.0,7796146619.335326
2017-08-28,0.223638,540170000.0,8575140111.030354
2017-08-29,0.218175,270649000.0,8365667702.823524
2017-08-30,0.22681,177740000.0,8696766777.48323
2017-08-31,0.254085,421998000.0,9742595064.842054
2017-09-01,0.249645,301857000.0,9572348406.881536
2017-09-02,0.22457,325019000.0,8610876571.66531
2017-09-03,0.228848,189239000.0,8774911527.240784
2017-09-04,0.206462,240074000.0,7916546282.847945
2017-09-05,0.216226,242231000.0,8290935554.993558
2017-09-06,0.22686,164915000.0,8698683969.57738
2017-09-07,0.223218,103081000.0,8559035697.439494
2017-09-08,0.211528,151429000.0,8110796185.827224
2017-09-09,0.210045,51433500.0,8053932268.314734
2017-09-10,0.212904,116985000.0,8163557312.258232
2017-09-11,0.214914,137781000.0,8240628434.443063
2017-09-12,0.20922,95200800.0,8022298598.761261
2017-09-13,0.200845,105461000.0,7701168922.991135
2017-09-14,0.164177,151959000.0,6295176928.825292
2017-09-15,0.181167,292527000.0,6946638802.41746
2017-09-16,0.178489,84819600.0,6843953993.854787
2017-09-17,0.178507,49237300.0,6844644183.00868
2017-09-18,0.189366,87804500.0,7261019962.016177
2017-09-19,0.183936,54680000.0,7052812900.591488
2017-09-20,0.18244,34323100.0,6995450513.13452
2017-09-21,0.171347,43701200.0,6570102275.126401
2017-09-22,0.173483,37657700.0,6652004721.388489
2017-09-23,0.177651,32293700.0,6811821854.3568325
2017-09-24,0.175581,20622200.0,6732450101.659023
2017-09-25,0.181323,35564400.0,6952620441.751209
2017-09-26,0.187749,68676300.0,7199017969.691367
2017-09-27,0.203149,250229000.0,7789513134.689567
2017-09-28,0.196986,119123000.0,7553200037.1646385
2017-09-29,0.193591,72779800.0,7423022693.971853
2017-09-30,0.196932,54584900.0,7551129469.702957
2017-10-01,0.203369,40788800.0,7797948779.903828
2017-10-02,0.202849,87714100.0,7778009982.124667
2017-10-03,0.203454,49127700.0,7801208006.4638815
2017-10-04,0.213899,122758000.0,8201709434.931818
2017-10-05,0.236733,404202000.0,9077252720.48824
2017-10-06,0.233753,166435000.0,9022197850.568748
2017-10-07,0.238596,79461900.0,9209123811.691404
2017-10-08,0.279843,525909000.0,10801140148.347656
2017-10-09,0.249302,611117000.0,9622344819.285698
2017-10-10,0.259381,383954000.0,10012223696.514929
2017-10-11,0.264808,162503000.0,10221708346.512367
2017-10-12,0.250161,241877000.0,9656327534.182806
2017-10-13,0.259367,405766000.0,9993809655.582376
2017-10-14,0.258943,210881000.0,9977472283.079449
2017-10-15,0.265509,283097000.0,10230470367.641298
2017-10-16,0.255936,962326000.0,9861607945.540993
2017-10-17,0.226969,396170000.0,8745464857.587418
2017-10-18,0.219275,362534000.0,8449003197.121551
2017-10-19,0.213848,304018000.0,8239892535.391856
2017-10-20,0.210527,183001000.0,8111929294.631894
2017-10-21,0.207555,112474000.0,7997413560.95571
2017-10-22,0.203929,77794100.0,7857698200.824537
2017-10-23,0.198939,99132900.0,7665425821.603759
2017-10-24,0.207547,221929000.0,7997105308.644335
2017-10-25,0.204953,75572800.0,7897154496.680666
2017-10-26,0.203689,38415300.0,7848450631.483257
2017-10-27,0.202493,29633100.0,7802366910.932546
2017-10-28,0.20161,26578600.0,7768343562.064419
2017-10-29,0.202587,62100300.0,7805988875.591214
2017-10-30,0.202776,35235700.0,7813271336.447472
2017-10-31,0.200793,43202900.0,7736863294.765145
2017-11-01,0.194131,67053700.0,7480166182.466783
2017-11-02,0.205095,177140000.0,7902625975.20759
2017-11-03,0.208601,384713000.0,8037717550.668121
2017-11-04,0.204145,75498300.0,7866021013.231689
2017-11-05,0.202402,46527000.0,7798860540.890643
2017-11-06,0.206486,102457000.0,7956223345.848093
2017-11-07,0.209832,112888000.0,8085149875.081104
2017-11-08,0.216912,156998000.0,8357953170.648864
2017-11-09,0.217419,147850000.0,8377488660.8823185
2017-11-10,0.206187,140712000.0,7944702415.710414
2017-11-11,0.210117,137105000.0,8096131363.673874
2017-11-12,0.196401,243874000.0,7567632775.819721
2017-11-13,0.203654,133388000.0,7865702050.68179
2017-11-14,0.20995,127124000.0,8108871642.78945
2017-11-15,0.212758,100024000.0,8217329353.79192
2017-11-16,0.223418,1003870000.0,8629049387.404861
2017-11-17,0.227181,404303000.0,8774387331.72808
2017-11-18,0.228036,144759000.0,8807409904.78052
2017-11-19,0.230733,193756000.0,8911575845.742449
2017-11-20,0.239804,212055000.0,9261924103.23804
2017-11-21,0.232854,220314000.0,8993489866.682991
2017-11-22,0.238634,166264000.0,9216730057.65857
2017-11-23,0.245077,238979000.0,9465577211.71665
2017-11-24,0.24466,214700000.0,9449471474.75526
2017-11-25,0.253218,212938000.0,9780005999.7326
2017-11-26,0.249117,134241000.0,9621613608.17709
2017-11-27,0.253946,195641000.0,9808123449.39181
2017-11-28,0.298582,711246000.0,11532093893.0572
2017-11-29,0.240521,546398000.0,9289611414.12413
2017-11-30,0.250447,272495000.0,9672982025.82372
2017-12-01,0.255387,184477000.0,9863779005.65406
2017-12-02,0.255487,118712000.0,9867641292.69516
2017-12-03,0.251969,133663000.0,9731766034.58926
2017-12-04,0.252982,104732000.0,9792132094.8171
2017-12-05,0.245933,173229000.0,9527234149.4984
2017-12-06,0.23525,260916000.0,9113383863.36725
2017-12-07,0.222823,274201000.0,8631972508.34041
2017-12-08,0.251643,659633000.0,9748434626.73362
2017-12-09,0.244248,206400000.0,9461958650.59006
2017-12-10,0.238779,199457000.0,9250094267.42181
2017-12-11,0.250616,175432000.0,9708649524.97575
2017-12-12,0.379427,1521700000.0,14698677511.8627
2017-12-13,0.478039,2808790000.0,18518822063.515
2017-12-14,0.865028,6367070000.0,33510444988.7107
2017-12-15,0.76057,3210330000.0,29463831396.2828
2017-12-16,0.762863,1346740000.0,29552660255.417
2017-12-17,0.729334,821122000.0,28253775467.8419
2017-12-18,0.776894,1318580000.0,30096209196.7652
2017-12-19,0.792545,1455610000.0,30702515552.7656
2017-12-20,0.774137,1004990000.0,29989405374.422
2017-12-21,1.15914,3493390000.0,44904092357.9516
2017-12-22,1.10586,4608170000.0,42840070720.5034
2017-12-23,1.17695,1544270000.0,45594036527.676704
2017-12-24,1.0328,756540000.0,40009788797.9816
2017-12-25,1.12038,685907000.0,43402563103.68191
2017-12-26,1.18401,922634000.0,45867534890.29649
2017-12-27,1.40645,2876210000.0,54484670270.0631
2017-12-28,1.43294,2838000000.0,55510870217.0602
2017-12-29,2.20813,7511360000.0,85541067911.0061
2017-12-30,2.17644,8189150000.0,84313424410.8047
2017-12-31,2.28004,4654810000.0,88326799816.9539
2018-01-01,2.31012,1697900000.0,89492073293.9516
2018-01-02,2.45529,3206290000.0,95115834951.3906
2018-01-03,3.12571,6678660000.0,121087332439.71635
2018-01-04,3.22005,8104150000.0,124741983364.58237
2018-01-05,2.93138,6173580000.0,113559154421.59886
2018-01-06,3.09163,2833080000.0,119767102383.3306
2018-01-07,3.39845,2412330000.0,131653046805.28716
2018-01-08,2.4485,3307200000.0,94852796157.8795
2018-01-09,2.14126,3717140000.0,82950581295.08722
2018-01-10,1.95614,4840510000.0,75779186818.30954
2018-01-11,1.93361,6211300000.0,74906393930.77771
2018-01-12,2.02577,3325760000.0,78476593332.23947
2018-01-13,2.0225,2165090000.0,78349916335.2475
2018-01-14,1.86561,1990660000.0,72272132219.62971
2018-01-15,1.66706,1798380000.0,64580475414.50566
2018-01-16,1.19515,5720560000.0,46299086530.56665
2018-01-17,1.29116,7145750000.0,50018431631.85076
2018-01-18,1.61161,9205920000.0,62432389945.63571
2018-01-19,1.54157,3689240000.0,59719100383.15328
2018-01-20,1.58205,2348780000.0,61287260884.14256
2018-01-21,1.38127,2835820000.0,53509215790.549965
2018-01-22,1.30411,2445750000.0,50520103531.2532
2018-01-23,1.34234,3071850000.0,52001100960.91775
2018-01-24,1.33309,1819990000.0,51642763889.91599
2018-01-25,1.30965,1006410000.0,50734718382.42616
2018-01-26,1.21336,2043480000.0,47004526321.15496
2018-01-27,1.23119,772842000.0,47695245237.47509
2018-01-28,1.41666,1307040000.0,54880194054.63126
2018-01-29,1.31967,1093900000.0,51122884593.392365
2018-01-30,1.31231,1249430000.0,50837764502.303406
2018-01-31,1.13747,1106340000.0,44064612773.228165
2018-02-01,1.14397,1262330000.0,44316417201.49967
2018-02-02,0.958196,1403940000.0,37378474579.108246
2018-02-03,0.896766,3559920000.0,34982138450.17991
2018-02-04,0.919951,2021760000.0,35886567119.38394
2018-02-05,0.840231,1231960000.0,32776752432.77858
2018-02-06,0.692773,1261390000.0,27024531483.738773
2018-02-07,0.779269,2345600000.0,30398672616.862423
2018-02-08,0.732428,1159110000.0,28571441937.794662
2018-02-09,0.777794,881291000.0,30341134023.501373
2018-02-10,0.929139,1682040000.0,36244983794.50348
2018-02-11,1.08609,4747340000.0,42367519229.49342
2018-02-12,1.0132,2571620000.0,39524137487.0616
2018-02-13,1.09286,1790120000.0,42631611620.71668
2018-02-14,1.02514,953263000.0,39989907524.16732
2018-02-15,1.14767,1442970000.0,44769706740.797455
2018-02-16,1.14836,1210330000.0,44796623099.72568
2018-02-17,1.14125,579454000.0,44519267575.1175
2018-02-18,1.21041,1168690000.0,47217144942.47359
2018-02-19,1.12868,1120790000.0,44028921732.03384
2018-02-20,1.14499,574668000.0,44665162042.351616
2018-02-21,1.09852,734276000.0,42852403782.35976
2018-02-22,0.949136,895935000.0,37025051083.61597
2018-02-23,0.95568,904021000.0,37280327392.05984
2018-02-24,0.999782,899234000.0,39086279525.12216
2018-02-25,0.949314,491804000.0,37113243048.09629
2018-02-26,0.95122,361005000.0,37187757741.07424
2018-02-27,0.961025,463012000.0,37571082276.5668
2018-02-28,0.953311,316422000.0,37269504972.45771
2018-03-01,0.90914,327035000.0,35542648464.83488
2018-03-02,0.931663,476784000.0,36423180694.605286
2018-03-03,0.914247,275997000.0,35739704142.590385
2018-03-04,0.904932,282330000.0,35375562565.87399
2018-03-05,1.01533,694109000.0,39691236402.30298
2018-03-06,0.957767,1754140000.0,37440986098.4355
2018-03-07,0.916863,868140000.0,35841968701.333275
2018-03-08,0.876384,817321000.0,34259565385.831104
2018-03-09,0.827276,502973000.0,32339837575.912857
2018-03-10,0.845867,966093000.0,33066596143.034103
2018-03-11,0.802784,426465000.0,31382397372.269505
2018-03-12,0.831416,472828000.0,32501678276.675697
2018-03-13,0.8032,356504000.0,31398659626.2592
2018-03-14,0.788572,280713000.0,30826633076.45515
2018-03-15,0.700401,468306000.0,27379877339.522915
2018-03-16,0.703766,901276000.0,27511420965.59925
2018-03-17,0.697978,510127000.0,27285158110.404648
2018-03-18,0.648311,322763000.0,25343589826.204475
2018-03-19,0.661157,925265000.0,25845762016.569008
2018-03-20,0.73457,1067000000.0,28717349246.6188
2018-03-21,0.70411,818311000.0,27526543117.7924
2018-03-22,0.691842,530297000.0,27046936762.29528
2018-03-23,0.660199,447842000.0,25809969768.572502
2018-03-24,0.637919,381653000.0,24938950384.35078
2018-03-25,0.64259,392593000.0,25121559520.064407
2018-03-26,0.642111,231315000.0,25102833385.18819
2018-03-27,0.600615,382954000.0,23480579329.188885
2018-03-28,0.579457,350731000.0,22653423667.996643
2018-03-29,0.578339,259622000.0,22609716321.87636
2018-03-30,0.512946,419233000.0,20053227516.11285
2018-03-31,0.509616,520045000.0,19923193221.81077
2018-04-01,0.51199,293509000.0,20016003613.769768
2018-04-02,0.485634,297669000.0,18985628428.22998
2018-04-03,0.499772,261899000.0,19538346760.797955
2018-04-04,0.560281,576895000.0,21903917109.175064
2018-04-05,0.502687,419147000.0,19652307288.414
2018-04-06,0.49835809,349725972.086698,19483070475.346943
2018-04-07,0.47523507,208766084.898629,18579087389.017345
2018-04-08,0.48796102,202138801.43008,19076601973.914944
2018-04-09,0.49912473,131492857.301604,19513042230.761047
2018-04-10,0.49243672,264924279.089458,19251577570.442856
2018-04-11,0.4929659,150082659.66442,19272265721.731026
2018-04-12,0.54038464,337059733.261951,21126078514.111347
2018-04-13,0.62522268,1340107146.79716,24460458697.01029
2018-04-14,0.63503628,1206794142.44652,24844394315.49824
2018-04-15,0.63094825,612117534.927961,24684459006.382
2018-04-16,0.67987327,594497971.241038,26598542370.99314
2018-04-17,0.6630443,518372866.670901,25940146047.32822
2018-04-18,0.65657485,434471522.575945,25687043290.222626
2018-04-19,0.70534964,605238192.88862,27595249506.83608
2018-04-20,0.78990124,857326219.152694,30903144164.24625
2018-04-21,0.93038518,2237130819.12422,36399268819.260284
2018-04-22,0.8722057,1514444295.872118,34123124890.348217
2018-04-23,0.86924699,924815947.09067,34007371918.23744
2018-04-24,0.87502474,659161314.970162,34253896642.82196
2018-04-25,0.94019809,1535514066.949876,36805185528.04731
2018-04-26,0.79530026,1556787044.870205,31132985577.805885
2018-04-27,0.85159612,1004687865.04025,33336754811.73588
2018-04-28,0.81365016,643178788.808597,31851314720.44511
2018-04-29,0.86102677,767659487.672005,33705929006.036583
2018-04-30,0.8706406,867436015.231315,34082274121.78232
2018-05-01,0.83534294,547950108.427114,32700504670.886955
2018-05-02,0.83730013,609191492.375037,32783524443.022736
2018-05-03,0.85539609,526700349.029636,33492051107.82479
2018-05-04,0.88759864,242937512.408195,34774570001.17967
2018-05-05,0.89384439,973087673.360281,35019267619.591354
2018-05-06,0.90419181,643161107.76014,35424661158.54711
2018-05-07,0.87152555,615666633.358959,34144853986.46932
2018-05-08,0.83137931,580022615.607042,32571994288.915825
2018-05-09,0.81225899,445003618.63398,31822893626.55444
2018-05-10,0.80028627,589218874.227092,31353823298.960938
2018-05-11,0.75557036,377984516.135116,29601931519.26444
2018-05-12,0.68617055,962972031.318972,26891001875.61754
2018-05-13,0.69782083,576819276.891775,27347576324.896606
2018-05-14,0.74586989,519301882.275475,29230617199.166
2018-05-15,0.74170971,597681544.736485,29067580156.6868
2018-05-16,0.69721612,401164090.186453,27323877593.93252
2018-05-17,0.71359386,411155395.368557,27965720879.31077
2018-05-18,0.66705012,319392431.928584,26141672927.09856
2018-05-19,0.67951485,329205517.24411,26630165438.390327
2018-05-20,0.67403085,234842714.61237,26415247692.30976
2018-05-21,0.69784657,253782972.939595,27348584975.92049
2018-05-22,0.68022128,233863050.474111,26657850243.196507
2018-05-23,0.64520861,217172399.080068,25285705090.918083
2018-05-24,0.60119855,449045060.818668,23560952083.1399
2018-05-25,0.63163762,433631467.43783,24753858376.025364
2018-05-26,0.61172248,283146364.457421,23973384585.096687
2018-05-27,0.61234894,212645750.352546,23997935465.393265
2018-05-28,0.60665597,187161084.872095,23774828352.03912
2018-05-29,0.55189307,314041867.155507,21628671885.44021
2018-05-30,0.60147897,368630220.914146,23571941891.33972
2018-05-31,0.60536338,325334388.843306,23724171610.712906
2018-06-01,0.61320015,272020881.158428,24031294246.672367
2018-06-02,0.62278916,249614620.062028,24439196858.02318
2018-06-03,0.64112198,305541830.527137,25158604850.60913
2018-06-04,0.67912044,325995260.200324,26649722128.90733
2018-06-05,0.66189393,532703939.383057,25973727814.68074
2018-06-06,0.67583797,368807544.749542,26520913291.763
2018-06-07,0.67339037,261160236.25706,26424865552.083763
2018-06-08,0.675446,235286860.651218,26507414005.071888
2018-06-09,0.67229527,215231567.208173,26383765628.33036
2018-06-10,0.65428228,167926779.837927,25676858304.16974
2018-06-11,0.58569552,475133281.500368,22985218043.93997
2018-06-12,0.60488908,319214672.832833,23738456126.51589
2018-06-13,0.56387687,299713066.768965,22128960077.26586
2018-06-14,0.53516235,353045253.188974,21002078572.052887
2018-06-15,0.5603573,373201980.447986,21991392984.94754
2018-06-16,0.5342294,232030093.914664,20965995759.131447
2018-06-17,0.53384671,197933206.770177,20950976728.55166
2018-06-18,0.52560898,164492571.100192,20627684729.0876
2018-06-19,0.53603666,266958371.059231,21036922041.07151
2018-06-20,0.54798824,251602367.700739,21505965301.98017
2018-06-21,0.53760389,251585004.20624,21098428371.70888
2018-06-22,0.53366056,191501615.999472,20943671214.27
2018-06-23,0.48839541,325654524.357293,19167226665.26373
2018-06-24,0.4922341,193945095.564028,19317877390.076183
2018-06-25,0.47766745,367276172.117681,18746204662.439648
2018-06-26,0.48138814,236171609.201413,18900301813.472134
2018-06-27,0.45544959,186485862.209763,17881900378.883587
2018-06-28,0.46969144,205808532.665617,18441070917.823708
2018-06-29,0.44918969,206377401.474444,17636129240.12475
2018-06-30,0.45313216,294970557.898161,17790918835.094063
2018-07-01,0.46500565,329081328.934577,18257097121.48584
2018-07-02,0.45947598,265723733.655882,18039990550.074345
2018-07-03,0.48594138,323227123.160502,19079077714.03124
2018-07-04,0.48352485,387397562.550644,18984199642.198566
2018-07-05,0.4889309,295314167.302113,19196452595.05545
2018-07-06,0.47642423,278943078.688745,18705580086.916138
2018-07-07,0.47789813,246779300.577263,18763448866.00384
2018-07-08,0.48415187,210764155.708548,19008985861.337124
2018-07-09,0.47697863,228601389.899155,18727347051.3046
2018-07-10,0.47257773,198792540.844687,18554557016.4958
2018-07-11,0.44489386,232761626.163601,17467620489.872124
2018-07-12,0.44903594,191665461.067325,17630248821.25581
2018-07-13,0.43582935,181142235.023892,17111725714.936731
2018-07-14,0.4379471,191554578.017348,17194873676.221233
2018-07-15,0.43841299,147985465.544487,17213165668.88039
2018-07-16,0.4456599,167484142.730337,17497697361.772587
2018-07-17,0.48158497,312590882.032668,18908203228.2812
2018-07-18,0.5041828,384106043.545037,19795449309.98856
2018-07-19,0.48419496,413129052.036146,19010677844.689945
2018-07-20,0.47555189,351829814.075881,18696647564.94937
2018-07-21,0.44594233,350130265.202154,17532527389.780315
2018-07-22,0.45415051,210109683.322391,17855237719.449326
2018-07-23,0.44875321,178738821.410607,17643039086.930885
2018-07-24,0.44506018,204996682.793262,17497845305.89862
2018-07-25,0.45807779,320459822.370465,18009641582.82143
2018-07-26,0.4586643,270143730.181562,18032700557.6118
2018-07-27,0.44879128,231096150.425549,17644535837.221714
2018-07-28,0.45225467,204700070.547542,17780701399.526608
2018-07-29,0.45454442,168216669.367725,17870724654.53012
2018-07-30,0.45285073,194852520.277036,17804136134.522682
2018-07-31,0.44651926,248726668.719446,17555210085.086514
2018-08-01,0.43543458,233995826.920663,17119407949.638151
2018-08-02,0.44729846,338834094.118261,17585844506.33071
2018-08-03,0.43114769,222305399.531864,16950866237.624617
2018-08-04,0.44091878,287546122.724502,17328052829.884464
2018-08-05,0.43004949,201577122.814431,16900890852.054571
2018-08-06,0.43447367,207675194.61148,17074760789.731249
2018-08-07,0.41333421,258285637.011826,16243982586.429096
2018-08-08,0.38018655,337672018.528998,14941283818.864971
2018-08-09,0.33173689,387146374.924796,13037218058.381136
2018-08-10,0.34620538,387949885.272124,13605828138.392862
2018-08-11,0.32076459,308624072.838087,12606008339.247646
2018-08-12,0.30066297,308616055.547079,11816017012.485464
2018-08-13,0.297115,272765373.016046,11676582309.78712
2018-08-14,0.27917265,269511987.478446,10991696997.63905
2018-08-15,0.27393656,296755785.845466,10785539565.841751
2018-08-16,0.28167961,340842439.975679,11060106468.746157
2018-08-17,0.29235691,244969420.584374,11503979081.78164
2018-08-18,0.36594251,525847021.474581,14392224772.330652
2018-08-19,0.32636428,444762175.515905,12848349081.28397
2018-08-20,0.34370348,341168051.064728,13533274221.317991
2018-08-21,0.3184914,302218417.545229,12539770479.47644
2018-08-22,0.33463304,253887820.808222,13187602526.11972
2018-08-23,0.31932226,292955423.114898,12622787195.61311
2018-08-24,0.32746919,224088236.944705,12938768345.759274
2018-08-25,0.32729258,249317627.938117,12938386209.036669
2018-08-26,0.32802231,174724569.279703,12964917156.24975
2018-08-27,0.32358914,174306308.698643,12757017922.36542
2018-08-28,0.33831813,236770852.890935,13393344196.130842
2018-08-29,0.35239789,340767467.292037,13977910759.286558
2018-08-30,0.34466053,284340626.201508,13658735245.760157
2018-08-31,0.33556186,268653221.49237,13305408387.628395
2018-09-01,0.3355195,227827316.731933,13304200788.849567
2018-09-02,0.34798282,267450670.55384,13793452838.62913
2018-09-03,0.34265406,255056352.7135,13586107297.704435
2018-09-04,0.33575455,341896700.296284,13310757132.365768
2018-09-05,0.33081218,468808206.858394,13116772261.20795
2018-09-06,0.28146818,394545978.750265,11277920397.115484
2018-09-07,0.30148935,421848840.582982,11949917779.488306
2018-09-08,0.28936505,300432868.084206,11472459908.440998
2018-09-09,0.274582,298131545.271684,10886581606.789198
2018-09-10,0.27749808,278611709.495446,11000686585.72234
2018-09-11,0.26881171,302129589.07956,10596352112.37574
2018-09-12,0.26383639,311759794.98386,10479436626.168451
2018-09-13,0.27015111,342327516.730922,10728419561.688984
2018-09-14,0.28081593,363840606.586725,11159313709.477243
2018-09-15,0.27688055,326677786.445958,11041033721.071878
2018-09-16,0.28188392,250387720.512876,11216254780.528734
2018-09-17,0.28120384,241091500.859412,11194463090.429111
2018-09-18,0.27134791,285533927.542467,10795790569.815594
2018-09-19,0.32195017,674858731.002636,12819035863.049356
2018-09-20,0.32600461,525069885.21177,12977940207.449564
2018-09-21,0.4496159,1394001878.255684,17898790632.300175
2018-09-22,0.56541855,4307403389.008946,22508786167.298504
2018-09-23,0.57344862,2492897027.684864,22828455869.729145
2018-09-24,0.57251268,1064007679.183751,22800880961.213734
2018-09-25,0.49443188,1013020980.962001,19718230715.169502
2018-09-26,0.52812326,1723375409.182053,21056753595.73888
2018-09-27,0.51499857,1639250152.195676,20581970432.18768
2018-09-28,0.54232112,859572804.300945,21627253103.296227
2018-09-29,0.54011098,738590479.094897,21542536789.536087
2018-09-30,0.57164087,1081239677.128682,22791840106.113216
2018-10-01,0.58161275,1308391504.240464,23189480865.26736
2018-10-02,0.57738293,1397493860.188413,23123938642.88499
2018-10-03,0.5166625,700808852.045577,20634734487.43324
2018-10-04,0.52851184,828787430.307112,21124163661.19484
2018-10-05,0.52754173,596664917.253774,21067595467.366352
2018-10-06,0.51975278,582795301.139215,20752173732.476128
2018-10-07,0.48867879,710572866.37888,19516196478.88808
2018-10-08,0.48306769,559788282.942994,19291506495.61421
2018-10-09,0.49118236,571441759.663959,19615382264.346497
2018-10-10,0.48025563,434700458.361731,19168497764.885136
2018-10-11,0.4631302,419667835.818646,18518925200.84392
2018-10-12,0.3827659,919679024.407654,15322354788.049215
2018-10-13,0.42127858,974718176.885294,16856988701.192656
2018-10-14,0.42213243,420676075.277587,16883106434.543224
2018-10-15,0.40522945,339593825.340623,16207792649.503016
2018-10-16,0.4530259,1229625623.444809,18121375435.2466
2018-10-17,0.47581052,696224404.006473,19021766473.118164
2018-10-18,0.47589815,711807146.920362,19035355587.47732
2018-10-19,0.46144999,637016687.154483,18456907922.110493
2018-10-20,0.45767207,444255149.077719,18303290653.940647
2018-10-21,0.46420608,426405354.306225,18562875454.12837
2018-10-22,0.46082957,446592474.000969,18434111772.68104
2018-10-23,0.45677606,317539422.846186,18269961761.095047
2018-10-24,0.46395378,646754243.984793,18555820663.916576
2018-10-25,0.45879775,520379443.112063,18351057348.47972
2018-10-26,0.46045204,445181041.132476,18513396467.5264
2018-10-27,0.46160498,396254310.202746,18560429762.780533
2018-10-28,0.45743336,289043924.63324,18386651634.08071
2018-10-29,0.46305843,334957518.398874,18621107767.1057
2018-10-30,0.44091381,480694704.685855,17730905670.74596
2018-10-31,0.44672033,227040091.181133,17992858602.574776
2018-11-01,0.45361803,302071251.805117,18235384769.58028
2018-11-02,0.4580677,382968051.227783,18407702949.313766
2018-11-03,0.46171767,493211574.182105,18563394440.707493
2018-11-04,0.45713384,420589523.151632,18374670192.030453
2018-11-05,0.45994434,618149344.708048,18464055437.74131
2018-11-06,0.49667129,924082201.443548,19968924485.02773
2018-11-07,0.54997854,1853044742.615376,22052163757.53378
2018-11-08,0.53912132,895312330.87796,21647736307.29972
2018-11-09,0.49665148,898074715.961036,19989669414.53849
2018-11-10,0.50256855,671999305.727611,20201320299.59929
2018-11-11,0.50805298,438844393.559064,20364615755.76308
2018-11-12,0.50878586,514239181.194777,20455994329.648937
2018-11-13,0.52097268,857397372.164578,20945971834.06937
2018-11-14,0.51335164,764601053.464545,20634554378.108093
2018-11-15,0.47733408,1739603421.655361,19223078147.53688
2018-11-16,0.48661409,1304087630.070688,19596800393.614944
2018-11-17,0.47483122,695872789.518285,19122283610.210632
2018-11-18,0.49551004,740803249.761387,19927766078.410328
2018-11-19,0.51316157,1019902684.011283,20683559661.248222
2018-11-20,0.48170971,1849155450.34411,19475180318.07843
2018-11-21,0.43656962,1948711156.443433,17470153482.70859
2018-11-22,0.44966013,1389721463.274982,18177510275.854366
2018-11-23,0.42589733,233415635.581904,17319330511.41042
2018-11-24,0.4124455,1028685413.07982,16631185564.048267
2018-11-25,0.37721298,856816582.219872,15211737209.168392
2018-11-26,0.37831319,1580182738.232693,15256365101.797825
2018-11-27,0.35946133,1371317182.399152,14584111459.4005
2018-11-28,0.36169144,770673150.762545,14637764209.215908
2018-11-29,0.39132924,1005109623.087739,15837154996.202969
2018-11-30,0.37969823,814252722.204083,15301150890.891169
2018-12-01,0.36250039,640077941.503309,14607505065.57019
2018-12-02,0.37289385,563433646.879456,15037828750.622845
2018-12-03,0.36581564,490227128.435397,14726250317.9199
2018-12-04,0.3492608,572225365.616936,14105961946.025335
2018-12-05,0.35192646,612588703.97084,14192258566.497477
2018-12-06,0.34002977,516275230.826587,13710340969.7644
2018-12-07,0.30745641,618353022.012801,12398899724.575516
2018-12-08,0.30173902,789737466.883818,12349261631.38866
2018-12-09,0.30472349,560386252.782231,12452898106.709892
2018-12-10,0.30982024,490041596.450556,12684353401.858206
2018-12-11,0.29930729,441301530.037897,12249738517.795769
2018-12-12,0.29840314,434127326.399402,12215030952.889631
2018-12-13,0.30413464,415346726.837127,12444768877.331896
2018-12-14,0.29856201,345848701.594778,12204504799.59126
2018-12-15,0.28774626,374582816.11166,11774199963.56171
2018-12-16,0.28374802,331022737.610959,11614715521.826197
2018-12-17,0.28584162,377515174.157066,11722261490.328615
2018-12-18,0.32508069,766955295.840824,13251262692.552494
2018-12-19,0.3475604,887290814.352046,14171921169.491089
2018-12-20,0.34806589,1221881562.626184,14212434652.549295
2018-12-21,0.37328284,1189319604.039187,15161220922.752745
2018-12-22,0.35516768,890230980.522615,14504196617.269585
2018-12-23,0.35826242,576220385.431264,14597973729.318842
2018-12-24,0.36679834,703609620.503162,14948565151.309671
2018-12-25,0.40520255,2027380717.360837,16596816211.777884
2018-12-26,0.37524145,1180670034.858568,15275469186.631643
2018-12-27,0.37378335,830120655.213931,15259145515.584234
2018-12-28,0.33484393,701672123.368253,13692601724.80256
2018-12-29,0.36954856,916292442.619547,15059014736.113764
2018-12-30,0.36358945,643772898.110686,14868735706.887466
2018-12-31,0.36423319,611648633.024394,14832331451.769978
2019-01-01,0.34917292,579044791.77445,14249680464.478922
2019-01-02,0.36008876,530562678.831798,14676635140.833632
2019-01-03,0.37077036,637546647.822881,15133869936.188208
2019-01-04,0.35394253,493301288.436856,14441488490.569548
2019-01-05,0.35535221,487862712.333296,14496424116.249329
2019-01-06,0.35077246,493710851.794422,14315013504.533316
2019-01-07,0.3625507,558490987.876907,14789291600.76397
2019-01-08,0.3618097,604509982.933861,14762623132.969645
2019-01-09,0.36259176,551158708.606501,14788107342.618555
2019-01-10,0.36727799,528848998.662097,14993887227.395033
2019-01-11,0.32901607,982892808.348796,13510760656.19224
2019-01-12,0.32753219,565606578.088481,13425186803.396795
2019-01-13,0.32712094,411130981.222693,13421281192.901644
2019-01-14,0.31402129,474444573.748899,12882801188.973438
2019-01-15,0.33124255,519065000.459119,13596992392.167492
2019-01-16,0.3232665,408479335.590018,13250399888.87465
2019-01-17,0.32725798,403570445.809449,13440666466.86802
2019-01-18,0.32623295,405007131.631531,13386850948.18767
2019-01-19,0.32067217,332351555.732756,13158726687.538002
2019-01-20,0.32749861,393170270.936814,13440395811.46948
2019-01-21,0.31691841,388184198.494477,13011477628.84724
2019-01-22,0.31798119,367655023.867314,13063342082.801643
2019-01-23,0.31767092,532065422.597681,13038285033.526447
2019-01-24,0.31488833,328647954.775129,12914976704.160995
2019-01-25,0.31570992,303813845.536018,12951257563.418509
2019-01-26,0.31387261,503232743.338716,12880172477.973282
2019-01-27,0.31273272,495940405.232172,12873766718.758944
2019-01-28,0.30747067,368746842.961634,12647626145.279545
2019-01-29,0.29285992,581673448.901695,12070520515.381594
2019-01-30,0.28660871,413279470.815856,11798293273.639153
2019-01-31,0.31999513,754107735.899951,13165745045.173086
2019-02-01,0.30847428,791829713.574467,12697870804.593693
2019-02-02,0.30662633,597851854.48909,12621802467.167784
2019-02-03,0.30830161,382674595.811573,12690762920.427702
2019-02-04,0.30174713,436671940.23046,12420957857.546078
2019-02-05,0.29922809,493327591.882604,12318981576.56354
2019-02-06,0.29916721,410993072.624565,12316475295.97821
2019-02-07,0.2890269,475307629.799048,11901512124.32993
2019-02-08,0.29024638,382512258.715966,11949211960.815048
2019-02-09,0.31042676,720913070.471488,12750124566.529068
2019-02-10,0.31060413,472315846.93318,12778025493.495745
2019-02-11,0.3076468,515971971.918347,12665573211.52443
2019-02-12,0.30153019,480367181.294568,12425484305.535397
2019-02-13,0.30368882,496371470.823985,12518085053.862162
2019-02-14,0.30281611,517511866.991177,12468633883.24942
2019-02-15,0.29964817,391017834.808025,12352693520.45647
2019-02-16,0.30034783,411145286.000282,12373107746.476965
2019-02-17,0.30020332,365939556.541935,12370806148.557484
2019-02-18,0.30286325,428440993.341435,12476018298.173288
2019-02-19,0.3198146,996402525.322799,13215662884.045328
2019-02-20,0.32151333,1178422700.400905,13281393663.775656
2019-02-21,0.33144949,823368856.10672,13691846452.729156
2019-02-22,0.32000792,604882327.603461,13219206980.886202
2019-02-23,0.32154368,602767737.483785,13300858353.265532
2019-02-24,0.33129836,644852641.516826,13704367044.414268
2019-02-25,0.29717692,1236206775.479996,12343221624.719486
2019-02-26,0.32532512,1267016271.31121,13457280075.05403
2019-02-27,0.31638328,1029935582.532796,13087395255.387575
2019-02-28,0.31045794,827703872.078369,12872053115.84496
2019-03-01,0.31336136,830241999.489393,12954764942.679686
2019-03-02,0.31512794,669236941.529748,13049579376.232838
2019-03-03,0.31308804,780813635.10413,12971908194.179266
2019-03-04,0.31100343,668159008.381692,12871747420.7623
2019-03-05,0.30254284,649085227.623099,12534997851.87214
2019-03-06,0.31446735,799811398.730793,13019127269.240784
2019-03-07,0.31455192,771805588.073179,13028850393.694176
2019-03-08,0.31260282,709386014.470253,12949586022.306864
2019-03-09,0.30745784,675665353.236647,12752022413.294306
2019-03-10,0.31351301,778491280.779634,12988644467.373796
2019-03-11,0.31305242,611718278.835213,12969802503.302814
2019-03-12,0.30884486,591542610.742927,12819357214.261234
2019-03-13,0.3102317,543201123.905626,12850662385.684263
2019-03-14,0.31316916,832098059.636895,12980064617.475113
2019-03-15,0.31086399,680828412.899019,12880656916.594118
2019-03-16,0.31454229,633393467.407371,13026304156.228418
2019-03-17,0.31849251,827158151.912332,13193638994.16571
2019-03-18,0.3151432,583878764.92904,13059410827.740152
2019-03-19,0.31490825,893210078.291428,13051430548.043495
2019-03-20,0.31665803,743442769.88138,13115943538.61332
2019-03-21,0.31742439,978925124.276231,13225810085.754423
2019-03-22,0.31065037,1063184398.923693,12944219113.785494
2019-03-23,0.3105464,951557646.51847,12938273099.614456
2019-03-24,0.31129016,1037795018.082312,12977887328.842228
2019-03-25,0.30791008,1236303097.556161,12839035060.35756
2019-03-26,0.30268623,999354191.964374,12634520320.834866
2019-03-27,0.30119012,1102652561.92276,12562002566.76535
2019-03-28,0.30996933,1304070221.079658,12934648160.99119
2019-03-29,0.30695619,1070281983.116598,12801968361.38052
2019-03-30,0.30793969,1365754603.382128,12849798129.98228
2019-03-31,0.31100017,1100416818.134314,12976136065.589048
2019-04-01,0.30934377,1002498524.842394,12902812759.54749
2019-04-02,0.31294027,1156661193.416358,13051805828.323729
2019-04-03,0.35187364,2883366599.389054,14751322849.327442
2019-04-04,0.34174264,3014372285.245074,14265624598.414612
2019-04-05,0.33102198,1836094470.353118,13825253951.510794
2019-04-06,0.36211143,2784434882.315715,15119619889.479095
2019-04-07,0.35347649,1864724985.24907,14751663676.733376
2019-04-08,0.35922334,1696965254.670867,14971247730.613243
2019-04-09,0.35801433,1769888509.640957,14952285303.88718
2019-04-10,0.34868547,1239241795.836261,14568207806.754398
2019-04-11,0.35465609,1361509045.762026,14822938546.774569
2019-04-12,0.32985998,1853565246.809155,13794801321.963398
2019-04-13,0.32672811,1249642704.415288,13638818283.867538
2019-04-14,0.32564927,1154974892.819901,13590031721.840157
2019-04-15,0.32824359,871876938.798726,13698171139.896444
2019-04-16,0.31963345,1094979034.783031,13424535740.112926
2019-04-17,0.32634032,885493212.500629,13680409703.54894
2019-04-18,0.33483196,1334374335.953765,14055604800.81118
2019-04-19,0.33640151,1270634053.458099,14115043056.818666
2019-04-20,0.33100774,1233067833.1441,13905538093.288944
2019-04-21,0.32764739,1064420338.47879,13746239989.046757
2019-04-22,0.32288136,1180576148.745205,13548590783.188202
2019-04-23,0.32345664,1311614257.707924,13585188703.461405
2019-04-24,0.32102447,1294500292.83268,13468301101.9293
2019-04-25,0.30179512,1742498918.254119,12662565537.01285
2019-04-26,0.29003938,1375461388.27155,12175771462.06511
2019-04-27,0.29940211,1417595418.634696,12572380124.531511
2019-04-28,0.29679528,909997148.083245,12447474265.301832
2019-04-29,0.29677328,790117690.64847,12450873795.59083
2019-04-30,0.29180851,934458146.362102,12251847495.659832
2019-05-01,0.30672031,1352991941.275222,12889724840.292702
2019-05-02,0.30168096,999894306.522754,12667472179.101122
2019-05-03,0.30071478,909268140.881814,12638714920.644684
2019-05-04,0.30613875,1248362417.187472,12868846188.37782
2019-05-05,0.30312857,1190213827.085591,12758536340.477415
2019-05-06,0.30056186,803803648.971287,12642009337.063791
2019-05-07,0.30114755,973493927.360153,12676457605.811453
2019-05-08,0.2979034,1093487926.46202,12550461206.096888
2019-05-09,0.29976632,948761478.749443,12620364938.61864
2019-05-10,0.29632272,931581746.836866,12506733788.512634
2019-05-11,0.29961409,1078848959.438607,12618027632.289663
2019-05-12,0.32831731,2458965760.207966,14025656335.089315
2019-05-13,0.30935237,2362625017.052113,13003310163.38719
2019-05-14,0.32477332,2100539901.405311,13695103887.96502
2019-05-15,0.40749103,6817202849.651052,17161276914.8212
2019-05-16,0.45899645,5301693094.801105,19301044733.637108
2019-05-17,0.41960575,5869587317.356841,17653003012.508133
2019-05-18,0.38820759,4326345937.706392,16383501275.085762
2019-05-19,0.37372549,2103693649.157987,15749728254.381968
2019-05-20,0.41652545,3168824166.002931,17545117532.265755
2019-05-21,0.39763111,2487606990.63687,16736722403.094288
2019-05-22,0.39776556,1924321271.991744,16758916343.04223
2019-05-23,0.37508569,2089984806.893093,15807458475.171375
2019-05-24,0.37983191,1791080635.933919,16014322672.554684
2019-05-25,0.38270194,1968184359.32264,16115558398.434864
2019-05-26,0.38631079,1486911309.461678,16260053210.267584
2019-05-27,0.40808037,1961705855.825091,17191653624.05363
2019-05-28,0.43667356,3140944823.944916,18405115118.683525
2019-05-29,0.447068,3088106781.021212,18850479778.81116
2019-05-30,0.44421148,2770037170.791653,18702381002.157177
2019-05-31,0.42311942,4047752336.729106,17848092752.66428
2019-06-01,0.43942584,2503864362.947346,18550333540.562267
2019-06-02,0.42953998,2002109820.861947,18119284756.20579
2019-06-03,0.44594169,1822417826.270634,18805608636.346355
2019-06-04,0.42526878,2802129125.14302,17982157524.46176
2019-06-05,0.40001233,2636439040.269349,16823463256.32088
2019-06-06,0.40339352,1948366855.457141,17016824287.543633
2019-06-07,0.42237142,2292525765.235385,17850984274.32532
2019-06-08,0.42315687,1948324586.554901,17884721553.83345
2019-06-09,0.4115452,1433146777.410512,17401225505.226234
2019-06-10,0.38705136,1908623422.988917,16358957730.441664
2019-06-11,0.40094335,1826034467.602822,16918473751.468435
2019-06-12,0.39297268,1493055010.171464,16598752535.305893
2019-06-13,0.40099989,1448401396.360084,17027842290.850485
2019-06-14,0.40089665,1476173702.20155,17022857947.078163
2019-06-15,0.40490737,1511681420.354844,17237603648.787327
2019-06-16,0.4099321,1691204116.911533,17417379239.959103
2019-06-17,0.42707985,2704062272.640241,18239801084.91914
2019-06-18,0.44551812,2924019807.891432,18974636052.46889
2019-06-19,0.42874432,2771980976.293154,18227858735.080383
2019-06-20,0.43620555,1880443514.489489,18530036954.61989
2019-06-21,0.43119246,1872182942.789435,18349745154.63111
2019-06-22,0.44419543,2197641115.243435,18874628120.2158
2019-06-23,0.47566898,4632564299.37837,20263950769.413776
2019-06-24,0.46881086,2947533575.87423,19946875099.538143
2019-06-25,0.47357825,2327447810.186076,20091885984.030888
2019-06-26,0.46994662,2819077634.170088,19972957101.406395
2019-06-27,0.46567099,4686624019.381552,19803154744.73645
2019-06-28,0.40862144,4079102906.128352,17456010264.591877
2019-06-29,0.424198,2518459272.760998,18022571581.232727
2019-06-30,0.42896031,2524008308.457106,18219179341.600822
2019-07-01,0.39643749,2042972341.697433,16831748098.04542
2019-07-02,0.40728833,2599021590.739639,17336877754.212288
2019-07-03,0.39883033,2060372052.654952,17028337734.931095
2019-07-04,0.40787215,2074587322.61519,17341255103.139385
2019-07-05,0.38954227,2030600591.452092,16573208977.826082
2019-07-06,0.37942942,1990548634.452009,16114742611.58369
2019-07-07,0.39158952,2188947742.376657,16671723145.361916
2019-07-08,0.39582133,1740393390.510533,16819872957.736542
2019-07-09,0.40187294,1876546419.054725,17076092243.293385
2019-07-10,0.39468359,2105251167.712251,16774388739.137636
2019-07-11,0.36382796,3097274139.275091,15485492118.34823
2019-07-12,0.33217329,2987364186.651617,14118488461.449438
2019-07-13,0.34476961,2417853774.789672,14664460412.439535
2019-07-14,0.33316809,1742813425.681242,14165785462.682323
2019-07-15,0.30641318,2105009226.028307,12926890404.342726
2019-07-16,0.30974095,2937047968.91624,13234306671.312214
2019-07-17,0.2978604,2218366259.432355,12688163582.394085
2019-07-18,0.31088273,3188296353.499149,13264731228.020422
2019-07-19,0.32269233,2138625334.692609,13932325656.554388
2019-07-20,0.32038896,1631651761.814308,13712066756.222063
2019-07-21,0.33461173,1681046618.88693,14269906274.021574
2019-07-22,0.33093909,1482884903.112106,14161880934.0712
2019-07-23,0.32230396,1412589495.937686,13814272018.726711
2019-07-24,0.31101459,1313466594.593097,13310659700.399818
2019-07-25,0.31208184,2023936433.672067,13407153895.023329
2019-07-26,0.31297373,1825936400.316726,13413623886.914589
2019-07-27,0.32265908,1936254122.682592,13816683720.0521
2019-07-28,0.30949146,2050528518.676479,13245600603.576176
2019-07-29,0.3117148,1150295664.333353,13347074383.797607
2019-07-30,0.31000154,1072835089.932001,13256765885.515093
2019-07-31,0.31712459,1161116716.965816,13593294984.071028
2019-08-01,0.31989806,1228517591.146886,13704301136.532732
2019-08-02,0.31579156,1113075282.957399,13537956703.128693
2019-08-03,0.31263274,1147816423.568931,13406690931.70826
2019-08-04,0.31581321,1065829329.527601,13542119343.85811
2019-08-05,0.31872971,1214318296.478237,13668611714.50451
2019-08-06,0.32146441,1542252024.10215,13777732234.366962
2019-08-07,0.31326372,1412038823.433367,13399477814.693472
2019-08-08,0.31206553,1303318321.18347,13381939438.004198
2019-08-09,0.30909774,1194634495.3443,13237128826.167734
2019-08-10,0.2966661,1324572937.297205,12718860852.125933
2019-08-11,0.29846465,1355558181.326734,12805122338.233112
2019-08-12,0.3030545,1150952645.847868,12985212682.646795
2019-08-13,0.30043601,1028626745.777163,12889295804.49523
2019-08-14,0.29748007,1110547503.756076,12764025324.45258
2019-08-15,0.26277591,2347825616.450723,11253728617.294868
2019-08-16,0.26451036,1895907030.435476,11332614728.499443
2019-08-17,0.26102966,1656168251.782344,11195747150.717352
2019-08-18,0.26574471,1729599062.018109,11401791011.938265
2019-08-19,0.2820286,1838892908.079203,12092359196.325548
2019-08-20,0.2825657,1917072317.771991,12116329853.533146
2019-08-21,0.27429523,1621294114.931639,11764716903.884872
2019-08-22,0.26651303,1548186502.13633,11413635523.484053
2019-08-23,0.27107778,1320547723.709726,11626842602.287285
2019-08-24,0.27614546,1118588743.831014,11856671101.497025
2019-08-25,0.26868155,1093850805.203893,11544575165.199856
2019-08-26,0.26978906,1118735287.059634,11574629576.681503
2019-08-27,0.26965392,1434705559.744759,11576918969.810022
2019-08-28,0.269445,1163074581.081293,11557280521.018646
2019-08-29,0.2571314,1426107478.807655,11035776388.262804
2019-08-30,0.25583109,1517389984.282809,10998830452.849558
2019-08-31,0.25591476,1121182682.876691,11002156702.48706
2019-09-01,0.25775898,1016109451.277277,11079217477.103878
2019-09-02,0.2569748,1012851666.013649,11058689734.468737
2019-09-03,0.26035708,1167199958.786681,11191359716.170008
2019-09-04,0.26296075,1366405318.845854,11305577074.081997
2019-09-05,0.25897657,1295514126.121226,11128996581.3234
2019-09-06,0.25616082,1197647728.978143,11012302414.124718
2019-09-07,0.25213141,1283660171.604796,10837405622.518385
2019-09-08,0.25942471,1169054717.104201,11151281780.004286
2019-09-09,0.26206272,1257546823.36327,11250359538.16764
2019-09-10,0.25912465,1421440805.31632,11142671481.000729
2019-09-11,0.25889724,1220665019.592853,11139211367.506126
2019-09-12,0.25574011,1257218645.130903,10995546137.788956
2019-09-13,0.25435742,1222944772.909117,10942799516.56392
2019-09-14,0.2553347,1147662537.315168,10986207071.001532
2019-09-15,0.26096412,1325622918.92724,11242609462.210732
2019-09-16,0.26076181,1221139575.904966,11220417029.639263
2019-09-17,0.2609455,1155758073.86088,11200849262.69035
2019-09-18,0.28464625,2354997938.910167,12253909114.818691
2019-09-19,0.31161327,2973613472.354118,13425240272.670347
2019-09-20,0.30252261,2799185175.391399,13034470000.754791
2019-09-21,0.29426475,1883642466.390467,12655906849.897917
2019-09-22,0.28907728,1503798939.023488,12446451549.391523
2019-09-23,0.2791021,1515159376.587487,12022291332.43378
2019-09-24,0.26844231,1680668863.48233,11564497711.033684
2019-09-25,0.23664579,2229758623.2588,10337515050.708233
2019-09-26,0.24519566,2136113653.497143,10567964183.50547
2019-09-27,0.24256593,1680170207.524983,10486709580.042631
2019-09-28,0.24222312,1608373835.464437,10429700104.054972
2019-09-29,0.24207204,1395071381.952005,10428466352.570108
2019-09-30,0.23971395,1547225755.797721,10326879446.621078
2019-10-01,0.25526831,2170139827.71941,11011194094.297218
2019-10-02,0.25296082,1549695650.718581,10908109286.37359
2019-10-03,0.25285565,1547405306.651904,10896223273.9757
2019-10-04,0.25227592,1651799924.286081,10878575261.654922
2019-10-05,0.25187452,1677352456.105901,10861266252.225098
2019-10-06,0.25306292,2233934413.035242,10912512009.289984
2019-10-07,0.25429169,2208847512.736993,10965703928.182156
2019-10-08,0.27404731,2430730120.084313,11829742018.638048
2019-10-09,0.27688641,1967860608.142411,11943803745.380253
2019-10-10,0.28087008,1830311148.923489,12124305995.110683
2019-10-11,0.27140044,1698702163.372765,11716210076.409117
2019-10-12,0.26780996,1477806676.212546,11548287614.399103
2019-10-13,0.27198567,1326083118.249396,11740658552.909245
2019-10-14,0.27660273,1400020590.069339,11963366049.011003
2019-10-15,0.29589976,1921364554.520583,12773042023.41355
2019-10-16,0.28804794,1930256540.545414,12437205953.801718
2019-10-17,0.28336357,2014811545.36177,12231894810.885754
2019-10-18,0.30125494,2216299406.840458,12996784402.28962
2019-10-19,0.29466321,2167173025.58969,12742019107.658873
2019-10-20,0.29148774,2064923352.044381,12585151584.053505
2019-10-21,0.29388136,1960894138.530912,12692575256.61417
2019-10-22,0.2922859,1659509597.830254,12655454831.360155
2019-10-23,0.29084303,1670706016.923775,12588423583.287155
2019-10-24,0.27381811,2334353956.997631,11837865247.793247
2019-10-25,0.27604239,1650192468.525749,11937847659.436195
2019-10-26,0.29717,2647318897.032256,12847998139.87712
2019-10-27,0.29398468,3314773164.477733,12690766220.45456
2019-10-28,0.2967535,2259575654.985678,12834022589.54068
2019-10-29,0.29484712,2191125634.466923,12755988476.618378
2019-10-30,0.30128478,2393351298.758315,13031272592.452734
2019-10-31,0.29512656,2302767694.473301,12763660332.984509
2019-11-01,0.29453158,2082418410.223584,12740421990.771605
2019-11-02,0.29165659,1962881932.347786,12613085476.648624
2019-11-03,0.29529726,1866053018.991396,12769788945.39278
2019-11-04,0.2905426,1689929185.766098,12580680013.37127
2019-11-05,0.29887272,2057202922.567568,12925674845.131811
2019-11-06,0.29969091,2361947990.029955,12960159399.445711
2019-11-07,0.30900095,2042708061.167686,13363701400.09213
2019-11-08,0.29173271,2766281976.057149,12617635477.367332
2019-11-09,0.27667504,2369137321.293406,11985109492.527891
2019-11-10,0.28006077,1689202917.327234,12110759164.907185
2019-11-11,0.27982159,1952366805.737798,12115850141.561035
2019-11-12,0.27469141,1747295899.904961,11896088190.328585
2019-11-13,0.27217728,1753771010.534785,11783537839.590685
2019-11-14,0.2718711,1533460114.205032,11779466996.879496
2019-11-15,0.2685655,1583946238.084892,11630052198.562307
2019-11-16,0.26154423,1920714192.377945,11311819693.686785
2019-11-17,0.26237989,1444131994.09346,11356604230.906582
2019-11-18,0.26340044,1565745959.211991,11390521192.50825
2019-11-19,0.25302516,1729040725.823999,10961759752.798306
2019-11-20,0.25434076,1638576969.194629,10999666254.839508
2019-11-21,0.25036671,1567957909.908181,10840849305.624098
2019-11-22,0.2435435,1908985314.87161,10535355333.386894
2019-11-23,0.23166707,2268409878.133008,10055459873.027851
2019-11-24,0.23366679,1570878083.139302,10124475242.140133
2019-11-25,0.22040517,1180253687.604613,9616492903.661354
2019-11-26,0.21869285,2199193280.204131,9489533519.461235
2019-11-27,0.22021258,1360148283.092932,9539776013.86662
2019-11-28,0.22415363,1671143397.771012,9714931313.847008
2019-11-29,0.22424714,1302013210.752098,9704761163.163174
2019-11-30,0.22920654,1344642297.93592,9936151608.056835
2019-12-01,0.22612317,1116903291.474791,9800096980.027464
2019-12-02,0.2246781,1239780730.239237,9723070572.226942
2019-12-03,0.21958491,1244090274.182423,9504650285.869356
2019-12-04,0.21925214,1087126001.450581,9493559560.19148
2019-12-05,0.21486021,1496527703.01657,9318454253.012411
2019-12-06,0.21955437,1551842223.282645,9528707125.763216
2019-12-07,0.22469072,1350726087.484832,9721988101.533855
2019-12-08,0.22656756,1175620040.052334,9816353905.887005
2019-12-09,0.22882735,1260776037.237512,9913283820.811443
2019-12-10,0.22425809,1305001708.668749,9702431731.802277
2019-12-11,0.22302984,1226787756.523705,9652282172.703062
2019-12-12,0.22121757,1121923734.289289,9579377037.188805
2019-12-13,0.21866369,1195013016.275011,9488179879.695215
2019-12-14,0.22027345,1192363743.222768,9538428330.816734
2019-12-15,0.21616494,1021876080.057519,9362512935.803154
2019-12-16,0.21759116,1116573944.348909,9421061834.634323
2019-12-17,0.2067304,1378455406.391144,8950378006.38516
2019-12-18,0.18561,2031835846.876381,8026650033.613961
2019-12-19,0.19550694,1973167348.262126,8433452995.451696
2019-12-20,0.19003622,1442126233.515745,8222963566.866712
2019-12-21,0.19412847,1683833506.419328,8449021525.70275
2019-12-22,0.19314188,1212967874.882625,8349024844.113405
2019-12-23,0.19640411,1245684250.565486,8496336849.786617
2019-12-24,0.19052744,1334054094.204898,8255381378.22912
2019-12-25,0.19021054,1220452826.516584,8237503092.369261
2019-12-26,0.1887223,1082512473.510649,8181632450.380563
2019-12-27,0.18961403,1181611503.318931,8215272622.549049
2019-12-28,0.19000943,1145185003.010343,8224492981.965064
2019-12-29,0.19309731,1149268069.678269,8368577080.6658
2019-12-30,0.1962651,1119363221.742662,8505334096.455835
2019-12-31,0.19316616,1226858692.853843,8369269616.756702
2020-01-01,0.19299329,1125486226.899651,8359480714.050397
2020-01-02,0.19255552,1043385828.112483,8341958972.432189
2020-01-03,0.18743332,1082069170.519299,8125379010.023233
2020-01-04,0.19229915,1276806150.490826,8347736588.237065
2020-01-05,0.19281164,987421522.136372,8353409154.389954
2020-01-06,0.19381561,1151983921.444722,8392968450.124308
2020-01-07,0.21886938,2315410062.424789,9465463489.326942
2020-01-08,0.21402338,2246849401.065687,9305934111.59265
2020-01-09,0.2077455,1751818179.360732,9024811867.8452
2020-01-10,0.20355936,1375082672.979332,8789096375.417276
2020-01-11,0.21267388,1715289860.970222,9152207373.444256
2020-01-12,0.21105224,1616008355.052764,9174759874.804424
2020-01-13,0.2147445,1497339722.953461,9309701295.480137
2020-01-14,0.211575,1344392775.502623,9203081181.314354
2020-01-15,0.23286865,2696981092.172091,10153845095.502394
2020-01-16,0.23300283,2536228717.563669,10123709179.009432
2020-01-17,0.22853059,2022448461.469136,9976223216.14577
2020-01-18,0.23686461,2396388745.883456,10373376854.06169
2020-01-19,0.24213616,2424579070.648376,10570157519.33709
2020-01-20,0.23560387,2271192817.467,10284998478.072683
2020-01-21,0.23289279,1732824923.085432,10166649872.106089
2020-01-22,0.23685346,1689519338.779692,10331513194.577929
2020-01-23,0.23499544,1517848018.82889,10259917352.455172
2020-01-24,0.22724888,1588344751.259971,9883783791.6477
2020-01-25,0.22254314,1700488421.523553,9719772858.770794
2020-01-26,0.22061763,1378215639.489156,9638438751.03141
2020-01-27,0.22943059,1612338569.65171,10020588305.88766
2020-01-28,0.23047236,1806433337.174428,10066088697.599735
2020-01-29,0.23759353,2085600978.363477,10379406076.854149
2020-01-30,0.2347215,1977002934.296509,10253939577.564808
2020-01-31,0.24276687,2181535959.948334,10605406032.519274
2020-02-01,0.23842653,2017282252.799039,10415795950.139376
2020-02-02,0.24058384,1716886038.074796,10498465190.459534
2020-02-03,0.24945938,2640052158.230785,10897772304.292992
2020-02-04,0.25421596,2278216762.838969,11100987585.881157
2020-02-05,0.26567472,2704937501.897625,11609513518.064352
2020-02-06,0.27645755,3007089781.319007,12080704084.369738
2020-02-07,0.28230976,2897162400.397639,12336435223.046864
2020-02-08,0.27958542,2279182999.291622,12219130649.62797
2020-02-09,0.27737311,2203834681.657999,12120712412.32804
2020-02-10,0.28228522,2235349086.456356,12335363077.636406
2020-02-11,0.2743149,2336299972.33178,11989933095.065647
2020-02-12,0.28059588,2313861746.34633,12264466263.199257
2020-02-13,0.30062527,3939347661.138104,13139923811.820684
2020-02-14,0.32323749,6605455718.645415,14128273325.1104
2020-02-15,0.33328201,4390704528.584524,14547897322.234123
2020-02-16,0.30546243,3430602807.601271,13351349272.969728
2020-02-17,0.29645342,3980732101.410875,13014571135.584288
2020-02-18,0.28908812,3853954524.987112,12589617075.790451
2020-02-19,0.29657746,3811855427.807952,13006965403.789305
2020-02-20,0.27914433,3177109702.400083,12286661487.356989
2020-02-21,0.27234078,3305374380.619302,11903878854.716238
2020-02-22,0.27417353,2686108808.308024,11994931288.88298
2020-02-23,0.27501656,2170573839.236917,12031813176.600395
2020-02-24,0.28283917,2366852812.724958,12368568030.53096
2020-02-25,0.27168309,2475554285.309856,11885975614.657633
2020-02-26,0.25493772,2567025289.697201,11161956330.394718
2020-02-27,0.23266378,3277214495.244253,10107015239.20526
2020-02-28,0.23617604,2700620092.184889,10372076911.34373
2020-02-29,0.23717611,2477143911.606179,10383454661.41943
2020-03-01,0.2303715,2044539704.051593,10085552216.249443
2020-03-02,0.22917707,2069107143.485547,10025695675.143848
2020-03-03,0.23935065,2463124755.610758,10478654993.098969
2020-03-04,0.23457912,2454087704.964802,10269759591.410824
2020-03-05,0.23463668,2236741729.190299,10272279568.445084
2020-03-06,0.23799886,2193770065.436513,10432581064.571096
2020-03-07,0.2438676,2329507514.62436,10685792781.178034
2020-03-08,0.23709215,1974512300.690365,10388905930.494232
2020-03-09,0.20384612,2212569691.91303,8932130947.405481
2020-03-10,0.2088222,2703449654.798481,9150172777.740631
2020-03-11,0.21152859,2198016132.888562,9268761808.195688
2020-03-12,0.20985558,2049343228.051595,9174518395.667374
2020-03-13,0.1378296,2844634644.589858,6028784807.164941
2020-03-14,0.1579332,5002103249.521113,6828007204.563599
2020-03-15,0.14740449,2154086289.82544,6450069989.016672
2020-03-16,0.15364651,2079737198.446287,6732484159.771578
2020-03-17,0.1423361,2529761544.987209,6240388468.092608
2020-03-18,0.14855496,2083392083.954129,6533184465.968457
2020-03-19,0.14686145,1931411749.81102,6436304690.825929
2020-03-20,0.16301376,2490205855.675707,7154342167.204617
2020-03-21,0.15786542,2852880594.57501,6932408770.043524
2020-03-22,0.15723889,2026937931.359613,6893765822.423717
2020-03-23,0.15066419,1876934021.256626,6610426078.543431
2020-03-24,0.15818224,2149427563.481917,6935124633.666894
2020-03-25,0.16232649,2083687565.24433,7127137923.557504
2020-03-26,0.16169451,2007027965.775483,7106446510.326314
2020-03-27,0.17414388,2139429595.585351,7645994668.675096
2020-03-28,0.17414744,2647454047.447796,7646150709.55319
2020-03-29,0.17685014,2638537629.977689,7760076485.941017
2020-03-30,0.16447702,1869916824.557322,7221559455.172826
2020-03-31,0.17093844,1990274338.689318,7516283687.083531
2020-04-01,0.17392564,1985080187.59002,7641538582.275466
2020-04-02,0.17508389,2002659987.294387,7634756565.062686
2020-04-03,0.17815815,2346925185.366554,7796534797.044705
2020-04-04,0.17903879,2001601449.389316,7866188147.539315
2020-04-05,0.18002309,1754643970.411256,7901465588.758275
2020-04-06,0.17810153,1640070010.346854,7825008837.509198
2020-04-07,0.19471508,2390554002.134605,8563367775.746166
2020-04-08,0.19269879,2553384541.056989,8473684261.85753
2020-04-09,0.20004763,2045635629.867087,8812426645.650202
2020-04-10,0.19806942,1815834538.36565,8710888248.686846
2020-04-11,0.18842874,2101666681.991302,8286901072.887856
2020-04-12,0.18858566,1781001895.317215,8293802411.695811
2020-04-13,0.18793419,2018968368.000913,8265151211.275384
2020-04-14,0.18827237,2228364721.418702,8299611707.552382
2020-04-15,0.18610889,1862120141.679969,8202409954.834599
2020-04-16,0.18169801,1937688979.990443,8011761733.297829
2020-04-17,0.18856585,2619561036.305105,8313796758.115252
2020-04-18,0.18890423,1866168812.01078,8333268489.325
2020-04-19,0.19410553,1914325546.147416,8564164034.737875
2020-04-20,0.18984854,1849385510.216362,8376547767.923591
2020-04-21,0.18330269,2266839384.903346,8086477705.570027
2020-04-22,0.18313346,1826836936.623084,8074284895.834147
2020-04-23,0.18768952,1760936753.929318,8275159764.62627
2020-04-24,0.19011845,2284073444.055577,8382250197.926455
2020-04-25,0.19238169,1858298807.387713,8482035724.246258
2020-04-26,0.19442201,1645169648.314812,8571317096.772563
2020-04-27,0.19693094,1670524318.453444,8682610510.595545
2020-04-28,0.19789305,1707500454.985821,8729627019.338083
2020-04-29,0.21336463,2539833760.635142,9405727836.780416
2020-04-30,0.22602862,3099767025.438738,9970767177.657255
2020-05-01,0.2131005,3081128998.824978,9449611235.487078
2020-05-02,0.21763942,2290295884.770336,9616759488.62069
2020-05-03,0.22292781,2161381421.790948,9833981773.529411
2020-05-04,0.21939964,2152766758.05672,9678343975.978186
2020-05-05,0.21833553,2467883145.441815,9590628118.624918
2020-05-06,0.21665868,2076215754.529813,9557432319.43245
2020-05-07,0.2131686,1917689134.993325,9538926053.665504
2020-05-08,0.21935686,2597154210.514569,9676456757.334677
2020-05-09,0.21817126,2408353529.858578,9652873648.68168
2020-05-10,0.21623674,2545120609.579296,9545970574.247507
2020-05-11,0.20087033,3090382984.656238,8860901078.056873
2020-05-12,0.19388791,2435998568.350982,8552948875.182621
2020-05-13,0.19712326,1955868887.262771,8693754579.16676
2020-05-14,0.20180312,1887395769.154947,8892830320.503365
2020-05-15,0.20339122,1981280575.955368,8971968255.938885
2020-05-16,0.19847679,1861283854.619996,8755377615.674406
2020-05-17,0.20068504,1618674614.034291,8852789501.286718
2020-05-18,0.20066391,1540402812.725667,8860387827.044128
2020-05-19,0.20463935,1746308904.974586,9011434283.414942
2020-05-20,0.20474145,1785715895.530069,9031729491.79251
2020-05-21,0.20187101,1733979832.258884,8905106034.578499
2020-05-22,0.19501217,1544535157.99589,8602543016.30914
2020-05-23,0.19960887,1454970548.199311,8816681088.275835
2020-05-24,0.19754928,1249075196.479047,8714462345.390297
2020-05-25,0.19419036,1289364325.317971,8586301007.646534
2020-05-26,0.19685487,1572175495.217402,8682758874.370806
2020-05-27,0.1941346,1392748661.829111,8567002549.941864
2020-05-28,0.19720176,1358329184.318731,8699660782.665977
2020-05-29,0.2007969,1499537828.171899,8857724066.164701
2020-05-30,0.19790503,1388432175.766982,8731198879.718489
2020-05-31,0.20577483,1464684241.188124,9100788486.566254
2020-06-01,0.20326871,1594357118.591265,8966762754.982592
2020-06-02,0.21087235,1561471396.250529,9302180983.968418
2020-06-03,0.20328588,1737361211.060446,8967520116.600977
2020-06-04,0.2036247,1256977102.309477,8982880357.683361
2020-06-05,0.20484984,1313145139.902741,9036511117.737663
2020-06-06,0.20313855,1297990440.471073,8983729851.068195
2020-06-07,0.2032096,1058657481.009233,8959322858.43545
2020-06-08,0.2029319,1197102621.535035,8950315641.572674
2020-06-09,0.20405366,1251561325.844648,9001388939.03785
2020-06-10,0.20126915,1328042189.95446,8878556339.039701
2020-06-11,0.20280005,1303802102.055953,8946088933.548634
2020-06-12,0.19011049,1464763764.677123,8386316203.510397
2020-06-13,0.19341172,1332835186.645186,8531942725.594467
2020-06-14,0.19278129,1187813850.731343,8528927628.977805
2020-06-15,0.19038565,1150138451.240482,8426050743.047892
2020-06-16,0.19210768,1454758196.378477,8520123141.714211
2020-06-17,0.19112803,1246601572.707482,8470921493.314354
2020-06-18,0.19317216,1319933194.810691,8577386518.673258
2020-06-19,0.19041682,1163790865.030439,8445132213.438693
2020-06-20,0.18722179,1194918136.106546,8313481454.272818
2020-06-21,0.18867538,1064702970.54537,8365620576.287948
2020-06-22,0.18540996,1015362822.019244,8223074113.7437725
2020-06-23,0.19003525,1031254003.722042,8440336061.24762
2020-06-24,0.18829237,1139321571.816524,8350911268.409598
2020-06-25,0.18392973,1180122764.424249,8157424802.059574
2020-06-26,0.18352366,1065596334.927463,8174313655.851336
2020-06-27,0.18277971,1282600124.601625,8147773072.74046
2020-06-28,0.17589429,1203944528.555408,7834494705.544174
2020-06-29,0.17699855,1184828112.230731,7893165939.317899
2020-06-30,0.17759721,1162669419.690759,7910841789.320565
2020-07-01,0.17570051,1042249688.527783,7825863681.306611
2020-07-02,0.17673983,1164143368.35593,7876682374.54288
2020-07-03,0.17521026,907150118.059732,7804027232.306131
2020-07-04,0.17602967,965079482.800586,7844409345.792821
2020-07-05,0.17776146,1028972055.392641,7927764847.482126
2020-07-06,0.17718496,989670839.242055,7886205457.101266
2020-07-07,0.18838913,1449017121.488291,8382624840.303058
2020-07-08,0.18482484,1118759148.372475,8221452519.171619
2020-07-09,0.2043361,1887140940.623973,9112910280.659475
2020-07-10,0.20236856,1805510389.219559,9043230526.68333
2020-07-11,0.19878903,1271305899.553482,8893727516.201387
2020-07-12,0.2014162,1148229968.005948,9013255810.651312
2020-07-13,0.2008469,978263600.595568,8966264523.682837
2020-07-14,0.19860647,1295450904.937394,8890650610.877533
2020-07-15,0.19887149,1229683954.141687,8915032188.42276
2020-07-16,0.19723002,1087859005.570823,8838298047.426737
2020-07-17,0.1940464,1142507498.213179,8697735762.463654
2020-07-18,0.19426777,1006735467.400793,8705421339.112036
2020-07-19,0.19947076,977356287.692458,8938710463.140821
2020-07-20,0.19952293,1234247613.980235,8937948631.520885
2020-07-21,0.19467003,1231350389.807478,8723579266.387522
2020-07-22,0.19905022,1211211329.915263,8912758866.8116
2020-07-23,0.20343764,1088497490.017812,9117327614.133474
2020-07-24,0.20818695,1558970692.859158,9317240501.250223
2020-07-25,0.20429662,1451104338.107761,9164825016.57929
2020-07-26,0.21426162,1348536567.262976,9607904717.300404
2020-07-27,0.21528331,1517041766.201547,9655192377.359356
2020-07-28,0.22387632,1826151829.559241,10031095202.6743
2020-07-29,0.22995644,1862380443.35007,10311201250.050516
2020-07-30,0.24269655,2015964293.046442,10884642645.428476
2020-07-31,0.24435884,1678463250.129275,11025956249.094622
2020-08-01,0.25923266,1847648958.499788,11629863144.261322
2020-08-02,0.29130185,3150860709.849229,13102382209.080418
2020-08-03,0.28630975,4493672388.136328,12840645689.037195
2020-08-04,0.3100927,3166695299.039239,13884633781.743805
2020-08-05,0.30068442,2418576841.795307,13462388683.52242
2020-08-06,0.30238226,1922038117.726487,13565668790.998877
2020-08-07,0.30336701,1861387417.200297,13609846976.87266
2020-08-08,0.29389767,4636202683.783627,13200238136.076147
2020-08-09,0.2938863,1988635774.052398,13179779923.53841
2020-08-10,0.28776096,1915384481.299481,12903150357.63545
2020-08-11,0.2941889,2553724778.58556,13205041144.120668
2020-08-12,0.28398287,4975063105.047601,12779443008.676954
2020-08-13,0.28239021,2427549933.575494,12671000194.634298
2020-08-14,0.29433364,2478119401.752008,13198440485.89151
2020-08-15,0.29954662,2173076304.216073,13455250546.009106
2020-08-16,0.29931114,2605016821.860216,13435515076.955982
2020-08-17,0.30329235,2521984969.298177,13623503827.413843
2020-08-18,0.31462975,3420857738.938738,14132765558.945095
2020-08-19,0.3029763,2727046213.83849,13616539460.561516
2020-08-20,0.2901267,2493335942.224319,13039045107.718191
2020-08-21,0.29225258,2370638516.831235,13121088346.449871
2020-08-22,0.27918063,2286851251.474602,12559855812.78279
2020-08-23,0.28543894,2079080814.463274,12828364996.706217
2020-08-24,0.2851068,1854462300.194022,12847345400.40493
2020-08-25,0.28898895,1854683294.350708,12990310946.328604
2020-08-26,0.27771428,2090806113.446219,12481198829.12082
2020-08-27,0.27651091,1722297777.186539,12444058389.73597
2020-08-28,0.26431296,2044208784.585677,11892725357.024134
2020-08-29,0.27135163,1662139152.052898,12209429474.40524
2020-08-30,0.27430444,1474071862.256868,12327872181.022144
2020-08-31,0.28231066,1797744333.943215,12698936383.28671
2020-09-01,0.2824332,1713133363.514274,12734844410.00787
2020-09-02,0.29461883,2200424987.252293,13354060728.872845
2020-09-03,0.27509511,2141694657.224541,12382372183.463934
2020-09-04,0.24528634,1905179784.399746,11065297518.795168
2020-09-05,0.2554989,2213832554.255937,11509605205.140549
2020-09-06,0.2371247,2295524358.51172,10673276821.059343
2020-09-07,0.239487,1877164435.465895,10779606840.159897
2020-09-08,0.24192539,1999444569.442207,10890870593.009487
2020-09-09,0.23644528,1836240274.307485,10612102851.321522
2020-09-10,0.23911661,1664634671.018915,10762935066.23375
2020-09-11,0.24300108,1707722753.416452,10937780219.207964
2020-09-12,0.24245596,1582869715.058635,10913243278.057064
2020-09-13,0.2462457,1419186192.165457,11065127814.291183
2020-09-14,0.24232288,1590391766.85116,10882899642.99869
2020-09-15,0.24619724,1606167309.679874,11089299566.068031
2020-09-16,0.24303386,1656784495.165438,10924989830.669458
2020-09-17,0.24721681,1770612287.325966,11135223431.648582
2020-09-18,0.25188079,2004021133.614407,11385313831.484953
2020-09-19,0.25008616,1869517172.490193,11264465645.812262
2020-09-20,0.25188767,1705001457.95759,11350057025.953384
2020-09-21,0.24639634,1633405640.589034,11108885769.40159
2020-09-22,0.23165658,2007044758.687699,10487928992.66827
2020-09-23,0.23316288,1595971759.293712,10492066944.17281
2020-09-24,0.22060342,1403281426.560073,9962004555.544462
2020-09-25,0.23269943,1649632989.81353,10494131135.670378
2020-09-26,0.24120725,1460716986.211896,10889835408.523603
2020-09-27,0.24148169,1333243982.283363,10890187788.561169
2020-09-28,0.24223483,1195058238.217815,10923070031.636724
2020-09-29,0.24170088,1470905663.83882,10909450364.66475
2020-09-30,0.24284379,1401216766.162057,10971187241.150057
2020-10-01,0.24134483,1349173492.013377,10899063751.06877
2020-10-02,0.23834729,1415368386.555232,10764337318.910015
2020-10-03,0.23405932,1493443327.18301,10556863497.81936
2020-10-04,0.23280859,1145307260.036307,10514196298.522305
2020-10-05,0.24798474,1473868105.170682,11199587834.605822
2020-10-06,0.25021973,1595356340.661364,11307554311.79234
2020-10-07,0.24537989,2034209028.978602,11084643136.206514
2020-10-08,0.24828741,1492371196.007352,11218818700.668957
2020-10-09,0.25102429,1472564328.771641,11334024210.08485
2020-10-10,0.25320685,1554527896.585378,11430599247.425385
2020-10-11,0.25419499,1490278457.418809,11480057649.969584
2020-10-12,0.25516486,1296567088.11271,11528592963.20647
2020-10-13,0.2560089,1604712335.901251,11547933259.808218
2020-10-14,0.25601565,1614693932.092394,11579458886.39285
2020-10-15,0.24960292,1443292568.182641,11289545967.208303
2020-10-16,0.2456606,1255528005.873619,11112767380.445564
2020-10-17,0.24008484,1284609568.431328,10874858493.814571
2020-10-18,0.24089456,1001465502.683298,10900012046.55129
2020-10-19,0.24231498,1091102779.580529,10954294383.1286
2020-10-20,0.2460741,1123099540.009736,11127972262.118706
2020-10-21,0.24348868,1058484216.174732,11010364585.952295
2020-10-22,0.25074143,1488427410.241125,11329214560.353268
2020-10-23,0.25650688,1809225301.74912,11608695449.016638
2020-10-24,0.25459576,1377767246.423474,11528694804.7515
2020-10-25,0.25607692,1065720691.880173,11583185134.49128
2020-10-26,0.25287415,986772444.871544,11437584758.527472
2020-10-27,0.24857322,1502596188.401063,11251937997.81557
2020-10-28,0.25261267,1466043827.749588,11442642257.775915
2020-10-29,0.24615021,1558391750.334578,11130573950.231762
2020-10-30,0.24228689,1445411416.527404,10984724881.899357
2020-10-31,0.23861386,1536363578.509765,10810777275.29966
2020-11-01,0.23964968,1338496256.239028,10856481131.012754
2020-11-02,0.23959737,1192228486.988194,10850086644.81099
2020-11-03,0.23540713,1505085410.319655,10658907925.25602
2020-11-04,0.23945068,1872205676.489326,10825564613.24112
2020-11-05,0.23731497,1835277991.816395,10743521737.795149
2020-11-06,0.24551217,2015568105.528868,11124604142.737074
2020-11-07,0.2579051,2223426440.868534,11704359403.32484
2020-11-08,0.24895242,2200117588.315933,11317038198.801226
2020-11-09,0.25368266,1608358807.337279,11505066439.712791
2020-11-10,0.25074188,2036407256.192724,11352430154.034582
2020-11-11,0.25358972,2283102329.292821,11490781189.881498
2020-11-12,0.25580781,1850729923.863295,11581743651.842678
2020-11-13,0.2544774,1630173241.083607,11568349653.60645
2020-11-14,0.26488474,1990257295.664584,11967905201.74462
2020-11-15,0.26855017,2758537841.089829,12168486548.547997
2020-11-16,0.26974509,2253509325.842203,12225964205.426842
2020-11-17,0.28724371,2619354064.037104,13020227238.11232
2020-11-18,0.30213074,3708626433.356688,13699226052.693602
2020-11-19,0.29414452,3536858599.256962,13333028438.790695
2020-11-20,0.30296022,3299823590.057705,13688238714.07078
2020-11-21,0.32776017,4031626953.711598,14856763848.314428
2020-11-22,0.46054587,11568110626.132616,20875694423.800144
2020-11-23,0.44409955,13267899387.434444,20263167572.455383
2020-11-24,0.61205806,16337857185.588816,27755744126.98821
2020-11-25,0.69196164,25054631707.694504,31379229573.72973
2020-11-26,0.63270041,15881817933.691149,28365023766.98424
2020-11-27,0.53087754,16365178183.68151,24167249535.98628
2020-11-28,0.55888116,12327164429.37968,25290590706.82122
2020-11-29,0.62403906,12099372210.01124,28482039221.782608
2020-11-30,0.60543862,9754558134.524963,27374753041.126007
2020-12-01,0.66412382,11254530543.020834,30191107728.904293
2020-12-02,0.61438211,10829413534.042892,27852580172.905968
2020-12-03,0.63201693,7999607157.515091,28652042370.99992
2020-12-04,0.62975471,5936378170.104812,28523422427.206367
2020-12-05,0.55856924,6782106960.236756,25322343136.79266
2020-12-06,0.58357483,6182557946.629466,26383914795.40367
2020-12-07,0.61886545,7685001707.48096,28055829285.312027
2020-12-08,0.60869841,5608978769.602056,27593689253.630165
2020-12-09,0.56018481,5817992263.594411,25538249072.542416
2020-12-10,0.58354302,9778004331.334286,26432126584.83739
2020-12-11,0.57466319,6957440057.227358,26129930568.260216
2020-12-12,0.55008977,7973256774.815366,24942199061.447376
2020-12-13,0.50506239,8191207377.440986,22932137899.870888
2020-12-14,0.51071606,6125622311.173101,23188566647.30845
2020-12-15,0.49759045,4925747725.547895,22614178550.150448
2020-12-16,0.46902231,5591960738.97862,21274488732.630653
2020-12-17,0.56720606,10642868836.239534,25131003383.146965
2020-12-18,0.57593509,14476826984.942177,26149773219.368088
2020-12-19,0.58347039,10572616271.292404,26367897241.432484
2020-12-20,0.57915753,7861567140.236632,26296084999.493507
2020-12-21,0.56006582,6619472982.510808,25235008585.15552
2020-12-22,0.51717602,7090693761.650875,23545991367.258896
2020-12-23,0.45132059,11195910016.75438,20501594828.858875
2020-12-24,0.26050698,14873825893.383224,12163610689.503866
2020-12-25,0.34480412,15221335122.706177,16602939796.20576
2020-12-26,0.31808442,13152417764.349289,14088171755.507318
2020-12-27,0.29538334,7431667092.912673,13418021942.616997
2020-12-28,0.28414724,7010555503.559292,13068762432.413218
2020-12-29,0.24613443,5788819181.423517,11125026065.81033
2020-12-30,0.22140743,10590299229.511703,10057607712.33219
2020-12-31,0.21206976,6788558769.855404,9633436313.890484
2021-01-01,0.22053452,4364513012.765856,9986921049.346115
2021-01-02,0.23743683,4606019123.280501,10785755952.896765
2021-01-03,0.22186998,3622428802.954543,10066602632.99948
2021-01-04,0.2256367,3986801676.050338,10455111151.166016
2021-01-05,0.23461847,5235562377.385517,10578255930.15237
2021-01-06,0.22669903,3965486346.385545,10299283152.408031
2021-01-07,0.25238516,5964831226.894267,11458017061.61058
2021-01-08,0.32539871,13896459827.555267,14783360785.307053
2021-01-09,0.32152192,7073230046.413266,14620012702.672577
2021-01-10,0.32916852,5434746112.270671,14981088874.901352
2021-01-11,0.31868718,7389910221.259051,14491113587.04244
2021-01-12,0.29034526,7740853849.032595,13238979457.402128
2021-01-13,0.29356989,5119148557.747889,13344731547.471989
2021-01-14,0.30649992,3423237246.197349,13957393308.172102
2021-01-15,0.29597696,3830269072.456738,13478198579.22908
2021-01-16,0.2803368,3539150045.40709,12758648527.012669
2021-01-17,0.28020877,3219537933.306864,12752821363.443005
2021-01-18,0.27704592,2702518877.421779,12608874407.39614
2021-01-19,0.28463718,2636794498.898764,12954366484.188166
2021-01-20,0.29451115,4329912741.449357,13433997245.77599
2021-01-21,0.29627785,3435836186.364772,13484155008.268003
2021-01-22,0.26919296,3432332258.47658,12251471331.286976
2021-01-23,0.27318647,3735006905.770562,12348108563.326498
2021-01-24,0.27142759,2366507204.238184,12353173876.273672
2021-01-25,0.27359188,1991913877.875015,12456245392.6549
2021-01-26,0.26866963,2148246353.085917,12239551031.522264
2021-01-27,0.26855553,1978755667.482013,12218188875.589691
2021-01-28,0.25189793,2101770534.490456,11407608804.15268
2021-01-29,0.26357877,2031290320.219646,12118698621.825148
2021-01-30,0.28214316,5439789951.901406,12853353143.140348
2021-01-31,0.43085343,19414333088.879105,19215011544.534508
2021-02-01,0.49164781,18464504612.211376,22460670801.01922
2021-02-02,0.3704238,25326949014.716194,16887446178.179226
2021-02-03,0.36927164,8890335318.020376,17039497521.900587
2021-02-04,0.39489145,5814855434.455073,17945935420.571823
2021-02-05,0.44783121,8167579932.513847,20405940224.78709
2021-02-06,0.45090056,6193490021.851766,20535328839.092148
2021-02-07,0.44197734,4764275824.040723,20205229008.6856
2021-02-08,0.41885853,4600927431.562356,19158415883.03308
2021-02-09,0.45357195,4843449977.613201,20468514863.339752
2021-02-10,0.47252358,5664958932.603473,21583065336.769066
2021-02-11,0.50350454,9594865064.681908,22982765730.23764
2021-02-12,0.52572308,5044099241.561654,23856145163.797523
2021-02-13,0.61072111,8414105411.093184,27960966907.84191
2021-02-14,0.62991758,8313557340.693602,28721338583.23619
2021-02-15,0.59305323,6924719591.747257,27087614068.25724
2021-02-16,0.54792334,7365881442.587182,25026313241.817905
2021-02-17,0.52235347,6802700451.816495,23858413182.24458
2021-02-18,0.53648502,6208398652.824409,24600084027.40609
2021-02-19,0.53400928,5131652517.088255,24401068320.804165
2021-02-20,0.57052909,6614816653.231531,26073015135.8984
2021-02-21,0.51767855,6373516533.454249,23657760929.564903
2021-02-22,0.55090716,5724101112.797071,25191390487.040607
2021-02-23,0.57593707,15576169123.11184,26315783830.375607
2021-02-24,0.47300452,12601693025.42666,21616170566.952755
2021-02-25,0.47161379,6628251875.245143,21552614418.590008
2021-02-26,0.43227933,5374923641.563785,19755041198.64477
2021-02-27,0.43009423,6481821746.793152,19740260345.517567
2021-02-28,0.44309359,4674293764.747475,20027896981.23032
2021-03-01,0.41382811,4487418197.58171,18911825797.22397
2021-03-02,0.44788571,3457084099.710941,20552651911.17629
2021-03-03,0.43720644,3237450086.714922,20062243305.49367
2021-03-04,0.4506483,3428688631.995769,20695029438.9158
2021-03-05,0.48326468,5945941442.735083,22099684135.6188
2021-03-06,0.45904977,4145638369.123248,20924229172.95381
2021-03-07,0.46397381,2805029015.797825,21217513030.92032
2021-03-08,0.4671624,2490033476.669469,21346485941.39556
2021-03-09,0.47537298,3582893865.721615,21854816055.90369
2021-03-10,0.48623692,3069391216.749474,22264238440.697712
2021-03-11,0.46290612,3357543728.425244,21262253816.11749
2021-03-12,0.45338656,3087260615.750622,20746293012.117126
2021-03-13,0.44044377,3230733051.07792,20167421887.68146
2021-03-14,0.46094647,3242064887.360993,21131015891.193703
2021-03-15,0.44307346,2509836806.132479,20362356691.72016
2021-03-16,0.43733357,3253641646.007825,20046575704.500507
2021-03-17,0.46108376,5682003788.127116,21256330225.999702
2021-03-18,0.4735327,4079649095.787073,21705878435.492287
2021-03-19,0.47236193,3352407082.331825,21683764043.52461
2021-03-20,0.46873998,2169639378.594301,21486188493.978672
2021-03-21,0.52757779,5375557395.352597,24299248758.427185
2021-03-22,0.51880567,4568448767.56636,23912350892.242435
2021-03-23,0.54667155,7756576662.830204,25443377644.783222
2021-03-24,0.55393161,6422561790.015287,25328216010.824608
2021-03-25,0.48641604,4542722141.91615,22421022550.637875
2021-03-26,0.51142606,5235387294.759055,23454220010.3365
2021-03-27,0.56743715,5591212650.382159,26022913036.41568
2021-03-28,0.54786794,3443735178.039274,25186564703.1959
2021-03-29,0.55085147,3064078618.625915,25262286543.94369
2021-03-30,0.56581882,3316079018.502461,25942283784.411938
2021-03-31,0.56656941,3796053087.509442,25985680163.48191
2021-04-01,0.5738184,4729377042.271709,26345850652.65566
2021-04-02,0.57061764,4048061361.321769,26156246584.42219
2021-04-03,0.60449746,4525145344.691889,27689105144.118286
2021-04-04,0.57728768,5518969358.259809,26697487988.47653
2021-04-05,0.63335265,4103397668.682517,28867765642.151623
2021-04-06,0.90745475,21036746727.320385,41446009348.24751
2021-04-07,1.09763377,29325146992.950333,50389991767.084885
2021-04-08,0.92214014,18282720202.98182,42704151358.50662
2021-04-09,1.0507681,11293815426.956217,48192343014.51859
2021-04-10,1.02497513,8727138023.869122,47443263646.75937
2021-04-11,1.37127582,23515619924.123764,62809519330.02565
2021-04-12,1.35195191,19326679264.724567,61944875382.23251
2021-04-13,1.46341189,12789605612.875383,66682095016.478325
2021-04-14,1.78787269,28235221430.52932,82194439880.46928
2021-04-15,1.83767665,24111604957.816223,84389055763.71935
2021-04-16,1.75709077,14139350013.954796,80621962486.44653
2021-04-17,1.56934891,18725728482.66317,72810668537.58891
2021-04-18,1.54831679,13404046754.476357,71413494678.56975
2021-04-19,1.41077179,20913023483.112926,64857860313.74
2021-04-20,1.31489082,15852407594.252705,60778792590.85363
2021-04-21,1.37713483,14743108801.897842,63746186778.71684
2021-04-22,1.30678887,11764093109.903234,60129127303.28848
2021-04-23,1.17313728,16529859712.99686,54216823754.63583
2021-04-24,1.16613282,18020573494.848232,53657136235.37748
2021-04-25,1.05254705,8029835982.134522,48871830051.980896
2021-04-26,1.034818,7637052936.820933,47614962664.05071
2021-04-27,1.36028116,14255681129.15288,62600752594.47308
2021-04-28,1.4012504,12515733554.089434,64486175307.85719
2021-04-29,1.36227569,8368326797.080264,62692541827.17323
2021-04-30,1.39780735,7019315268.60321,64327724818.26861
2021-05-01,1.59210647,12717580116.434685,73298828829.0944
2021-05-02,1.65411796,7745297309.433079,76025679530.23318
2021-05-03,1.56117238,6894666499.901233,71701291962.31635
2021-05-04,1.55721604,7510975851.47531,71679793845.11757
2021-05-05,1.3874548,12073843733.087872,64259873894.80669
2021-05-06,1.61402286,12685436992.408918,74138782426.5491
2021-05-07,1.60227793,14861639652.663086,73754025260.05373
2021-05-08,1.58340405,9802310917.899206,72785522492.37329
2021-05-09,1.56461444,5932468398.375749,72020347233.61066
2021-05-10,1.53317576,7593788112.904957,70558561783.21365
2021-05-11,1.39974376,10555573612.61724,64451974677.0368
2021-05-12,1.47666606,7959636910.105108,67993904755.77808
2021-05-13,1.287071,10241877058.688364,61123682935.378944
2021-05-14,1.35947115,11980394044.470087,62597600197.15655
2021-05-15,1.40792429,7123946291.142219,64571597603.9546
2021-05-16,1.47685537,12551722233.328247,68002621654.34993
2021-05-17,1.45994109,11955232328.358068,67223794128.39051
2021-05-18,1.48672351,11777377469.772886,68590542697.55028
2021-05-19,1.59809375,13934083456.641142,72852567696.53606
2021-05-20,1.08575654,18312047629.4928,50091782111.25591
2021-05-21,1.17564406,12727830549.74408,54238776434.31301
2021-05-22,1.00045119,10144542507.394917,46156188090.29648
2021-05-23,0.90733869,8164115632.892728,41860408304.12428
2021-05-24,0.80009817,9753740534.809916,36912826641.026886
2021-05-25,0.98585902,8171181757.629337,45475035158.975365
2021-05-26,0.96926127,9073167435.01299,44725206891.78951
2021-05-27,1.03320689,7008804902.177836,47675888355.92232
2021-05-28,0.97156716,5711826339.642609,44831608818.18857
2021-05-29,0.89562203,6529477329.02328,41327227215.889
2021-05-30,0.83446596,5609808156.140347,38784269249.7588
2021-05-31,0.90546998,4570869242.912308,41726594494.88639
2021-06-01,1.04141314,6691379571.899238,48054553991.807175
2021-06-02,1.01133446,6148630529.12447,46674110292.99545
2021-06-03,1.02506453,3994210155.431767,47256850790.178375
2021-06-04,1.05072046,4088714903.397657,48491814037.47901
2021-06-05,0.97068479,4190246447.974447,44809104088.392914
2021-06-06,0.92337831,3708513148.318102,42302337683.14436
2021-06-07,0.94194588,2623774416.918512,43471756649.737526
2021-06-08,0.85452232,3741492369.396079,39437071032.286285
2021-06-09,0.8757602,5068666284.185733,40450990715.74535
2021-06-10,0.9112144,4800163646.11722,42088605425.836
2021-06-11,0.87481631,3598275137.988906,40461589120.17616
2021-06-12,0.84716757,2718211293.129297,39130309347.56748
2021-06-13,0.83501564,2834495585.978342,38569016787.39522
2021-06-14,0.8860265,2761114938.217247,40925186890.762085
2021-06-15,0.89281412,3268149002.723709,41253166682.60748
2021-06-16,0.87246433,2862140885.099565,40312888500.39617
2021-06-17,0.83583065,3220071877.858448,38620201137.317535
2021-06-18,0.84483491,2511575473.328671,38819180172.98798
2021-06-19,0.79832707,2429585732.741071,36932589366.382965
2021-06-20,0.76145955,2038711275.862578,35221141669.96444
2021-06-21,0.77704632,3136090755.043623,35815532872.76087
2021-06-22,0.61865674,4957263283.188504,28871387082.35765
2021-06-23,0.55176936,6329008646.890634,25450718833.25376
2021-06-24,0.64261768,5631237222.316207,29694967545.318787
2021-06-25,0.67160122,3071983450.065122,31057874496.418858
2021-06-26,0.6201052,3395191639.105948,28700209150.03128
2021-06-27,0.61171169,2672873984.742886,28325396042.471207
2021-06-28,0.6507132,2318742760.031586,30171056185.70429
2021-06-29,0.64885639,2838366693.715617,29942729066.831112
2021-06-30,0.70636618,4215461674.407378,32605743402.647835
2021-07-01,0.69965328,3241276897.32878,32268800761.051617
2021-07-02,0.66387246,2684814772.462972,30647057119.673344
2021-07-03,0.65467258,2075137068.984085,30215830565.461456
2021-07-04,0.67476769,1807223370.983807,31138455875.2886
2021-07-05,0.69689951,1664617403.303555,32159771283.857952
2021-07-06,0.65903999,1948795190.172486,30453863819.504448
2021-07-07,0.66629,1937393189.310694,30723093719.801144
2021-07-08,0.65304603,1618780258.264576,30147793682.4668
2021-07-09,0.62476106,2049499074.272582,28843574198.216454
2021-07-10,0.6424992,2350318273.957575,29681644971.035645
2021-07-11,0.62872646,1673959405.818035,29048791926.90512
2021-07-12,0.63850843,1337323439.092571,29486316673.96478
2021-07-13,0.63364488,1674043993.303948,29247980265.76016
2021-07-14,0.61996059,1552901484.83369,28670030241.537884
2021-07-15,0.62270522,1930227964.494725,28779372130.819828
2021-07-16,0.59672552,1583678938.398368,27694734252.60773
2021-07-17,0.59137254,1488773939.655788,27201988882.770893
2021-07-18,0.5852642,1604653849.409347,27109511265.747284
2021-07-19,0.58979558,1167325757.066883,27175846391.033463
2021-07-20,0.56013836,1389516652.858942,26075532617.71392
2021-07-21,0.53235145,1679476183.743073,24615569713.497128
2021-07-22,0.57370558,2019404552.77175,26445756208.82064
2021-07-23,0.59507385,2245674032.11694,27517390338.90026
2021-07-24,0.6094632,1813927386.366937,28196999500.970444
2021-07-25,0.61104464,1614041890.52682,28269947663.603848
2021-07-26,0.61255917,1383796680.001531,28326472774.149742
2021-07-27,0.62398379,3564334796.507185,28868798734.473232
2021-07-28,0.64226313,3032121794.804283,29723719168.358337
2021-07-29,0.72425509,6697161375.931053,32852692988.230244
2021-07-30,0.7497845,4216397874.873385,34826525034.870605
2021-07-31,0.75437759,4070677889.319805,34956569128.79335
2021-08-01,0.75029645,3136242263.004176,34822531550.132
2021-08-02,0.72696494,3243277119.218785,33490734955.8334
2021-08-03,0.74169432,3341261818.620836,34349676133.534256
2021-08-04,0.71703841,2831324444.739079,33218265132.76892
2021-08-05,0.73143679,2915778567.791885,33994364798.13678
2021-08-06,0.73417241,2696635219.191347,34143817201.28548
2021-08-07,0.74584808,2823587160.453554,34633334804.98132
2021-08-08,0.81638998,4488674219.078024,37894868456.38714
2021-08-09,0.78124318,4467786533.002503,36263438396.09535
2021-08-10,0.81600496,4313429775.211553,37583709631.509
2021-08-11,0.85381804,4471863525.357776,39514002150.6668
2021-08-12,1.00588725,8624878007.739822,46598977910.73202
2021-08-13,0.96594712,7982967680.979009,44736297538.85398
2021-08-14,1.08825737,6770637886.202456,50454533105.66228
2021-08-15,1.27681236,12155352324.285776,60003066118.75984
2021-08-16,1.28177988,10902516170.1948,59584210571.945724
2021-08-17,1.19187991,8267311800.322677,55864357102.57856
2021-08-18,1.09448557,7615205365.500671,50803400116.72417
2021-08-19,1.15589725,8061965404.006682,53716679098.06287
2021-08-20,1.18524895,5252378789.931088,54568786813.40488
2021-08-21,1.25842947,6979164637.937753,58384958845.83498
2021-08-22,1.21973819,5229699024.887526,56683485420.24004
2021-08-23,1.22464876,4757633980.348473,57001021097.1346
2021-08-24,1.24876686,6713418548.767188,58032501462.3368
2021-08-25,1.14587936,6389709602.506549,53731037233.174576
2021-08-26,1.17087678,4651023694.044695,54461699709.8884
2021-08-27,1.09551339,4741112858.195668,51253633200.265205
2021-08-28,1.18058119,4927038356.466052,54816173108.792274
2021-08-29,1.14848559,3356486936.289892,53420204731.61572
2021-08-30,1.14405259,3051611593.028822,53214009871.00871
2021-08-31,1.10618924,3388125204.934452,51552699668.6147
2021-09-01,1.19161043,5799191345.955378,55449845566.08223
2021-09-02,1.23185685,4776288908.80461,57176500918.3438
2021-09-03,1.25732551,5088919871.219462,58518869426.32522
2021-09-04,1.29125238,5627962921.351644,60097905361.718735
2021-09-05,1.25322491,3879457061.050158,58328018007.69259
2021-09-06,1.29848326,3722441377.072466,60369683926.971634
2021-09-07,1.39113045,7118678175.874282,64681235824.03411
2021-09-08,1.13134806,8624946310.927073,52560384655.15143
2021-09-09,1.10566893,7312860365.762958,51742102326.78837
2021-09-10,1.09124619,4560820267.419777,50955416305.62672
2021-09-11,1.0535527,5795054546.938835,49040455295.8522
2021-09-12,1.07522093,3715232220.353634,50064588773.404015
2021-09-13,1.11698426,3465975902.979713,52198672027.55827
2021-09-14,1.06860415,4231526906.016336,49713889918.7672
2021-09-15,1.09631131,3535592613.053136,51112488081.680565
2021-09-16,1.11888393,3333096499.550551,52164873856.70661
2021-09-17,1.09095763,3353442627.881776,50840881076.693855
2021-09-18,1.06765826,3302953461.877872,49776618499.80079
2021-09-19,1.07581272,2826213578.206464,50095864483.0054
2021-09-20,1.04902166,2689597572.747963,48976892028.34062
2021-09-21,0.92195235,5679575996.083541,42739802420.452415
2021-09-22,0.8667769,4843258119.06593,40536055692.84123
2021-09-23,0.99702025,5342990578.20909,46525234505.14472
2021-09-24,1.00043628,4349288006.629749,46670917777.496605
2021-09-25,0.94093899,5002962524.012147,44406741436.03866
2021-09-26,0.94255296,3397129864.947502,44234883872.33624
2021-09-27,0.94576734,3744659769.988967,44610627727.60149
2021-09-28,0.92276476,3535317785.246621,43056599715.41218
2021-09-29,0.89818278,3255751838.192269,42026727617.622604
2021-09-30,0.92815986,4115648364.824045,43276000832.10584
2021-10-01,0.95299664,3810704690.68687,44546255848.78191
2021-10-02,1.04112322,5450641793.35395,48635128492.83734
2021-10-03,1.04009497,4306337139.694428,48624896672.828384
2021-10-04,1.05583071,3984603570.935984,49365458816.466354
2021-10-05,1.04370724,4055935516.586834,48793771729.00825
2021-10-06,1.08538104,4618206775.554543,50742040289.27556
2021-10-07,1.07836093,4763213321.928321,50510105397.084496
2021-10-08,1.06894111,4109614452.996143,50032615318.542725
2021-10-09,1.061465,3619180042.951034,49574670484.364975
2021-10-10,1.16418462,5215457308.273685,54500306202.6913
2021-10-11,1.13606684,5873832688.556178,53174487201.32791
2021-10-12,1.13303719,5387182320.602415,52826755743.18047
2021-10-13,1.10146765,4900506651.734668,51575328749.387634
2021-10-14,1.12845729,4776071703.094285,52904409166.68247
2021-10-15,1.13232967,4426576203.664879,53092666834.48631
2021-10-16,1.14575955,6336537375.785692,53654404126.030815
2021-10-17,1.13859574,5199617764.454336,53515008800.351616
2021-10-18,1.09251556,4324902488.195447,51215070062.49703
2021-10-19,1.08123585,4174250709.210671,51082154781.4788
2021-10-20,1.0943871,3583236811.93044,51167582884.69608
2021-10-21,1.143547,4201205302.344252,53654051903.943184
2021-10-22,1.09296147,4665290692.849945,51293226624.23202
2021-10-23,1.09349058,4143499527.452585,51357605672.02348
2021-10-24,1.09515499,3315966734.682664,51425869926.660416
2021-10-25,1.08491364,3311243968.644989,50856627372.07209
2021-10-26,1.09582836,3497945390.72528,51540864623.922
2021-10-27,1.10572714,4594057660.506596,52124585331.57929
2021-10-28,0.99683675,5937361026.283024,46866516355.162605
2021-10-29,1.0587802,6170566995.369246,49800059933.16295
2021-10-30,1.08341039,4824774933.090287,50786029526.88664
2021-10-31,1.07589925,4190514902.847627,50566114767.03765
2021-11-01,1.11438829,6015356674.923554,52393229939.578255
2021-11-02,1.09345335,4635542909.623682,51393344971.35801
2021-11-03,1.13665873,4571603615.529947,53415011179.1182
2021-11-04,1.2088824,7581930544.08609,56780580558.89655
2021-11-05,1.20091383,5642672341.455357,55830878969.167984
2021-11-06,1.16229643,4233745983.90727,54740175009.61684
2021-11-07,1.15199737,3646729112.529515,54193429674.51924
2021-11-08,1.21929019,4196593069.92798,57472702553.160034
2021-11-09,1.28708905,6510421242.806361,60874912549.54917
2021-11-10,1.2617123,5162156736.937613,59453346956.008064
2021-11-11,1.18831329,6861365706.089187,55649461110.10411
2021-11-12,1.21762874,4931779012.400676,57494245414.409386
2021-11-13,1.19421308,4349613837.684128,56317864715.8241
2021-11-14,1.19369216,3253100665.457899,56293298557.099045
2021-11-15,1.19293489,2783129146.692004,55951324170.01716
2021-11-16,1.17556003,3251109168.690187,55534908930.01492
2021-11-17,1.09664937,4835970888.340764,51599269663.09816
2021-11-18,1.10045963,3754088424.953497,51594668705.87203
2021-11-19,1.03753671,4952670979.680258,48929167670.279686
2021-11-20,1.09130548,3888778263.593033,51349868689.57812
2021-11-21,1.10030329,2851544952.484383,51889175238.31417
2021-11-22,1.06931632,2255387934.715183,50711625089.19429
2021-11-23,1.03677251,3053644475.667097,48855446959.72305
2021-11-24,1.06664462,3406271729.230113,50301867085.74057
2021-11-25,1.03243441,3196925598.80047,48664111213.88535
2021-11-26,1.0425045,3323374794.836688,49163443594.61245
2021-11-27,0.93951053,4293632294.126026,44210729012.079
2021-11-28,0.94103559,2784594053.442488,44336654042.92713
2021-11-29,0.96678148,3009148429.120391,45579229249.57213
2021-11-30,0.99137923,3236264412.139371,46807842263.10092
2021-12-01,0.9976494,3219272264.014356,47048123045.71624
2021-12-02,0.99030997,4045490613.219379,46758577987.40217
2021-12-03,0.97922984,3089519334.539089,46300485388.872734
2021-12-04,0.92170834,3067689842.36456,43548226427.108055
2021-12-05,0.84328741,6263701028.878763,39946504040.82354
2021-12-06,0.80210164,3815886284.097819,37897133536.91342
2021-12-07,0.82417861,3785804089.062999,38940210511.585495
2021-12-08,0.81700065,3236833724.164767,38601071500.418205
2021-12-09,0.86049507,3573691587.60382,40656065255.44984
2021-12-10,0.86681834,4568607272.285156,40954822606.92519
2021-12-11,0.79879926,3711198782.39999,37741105109.43613
2021-12-12,0.83704456,2958769246.612882,39548091761.79502
2021-12-13,0.8398764,2575643244.726917,39681888499.94044
2021-12-14,0.78159832,3029881075.471612,36975860235.28169
2021-12-15,0.81130315,3764420162.373208,38320974597.67936
2021-12-16,0.82916726,3907096831.805005,39175910677.259605
2021-12-17,0.80977403,2977216204.777967,38189684295.14045
2021-12-18,0.8015706,3150197393.749876,37872043386.17468
2021-12-19,0.82983017,2814179207.081552,39207231523.100174
2021-12-20,0.83608109,2607034699.066658,39502570475.66171
2021-12-21,0.88703213,5198337121.310719,41949396100.263
2021-12-22,0.95054441,4640780123.246594,44974972561.30616
2021-12-23,0.95812705,4280427620.670167,45235063039.094925
2021-12-24,0.99618062,5340836026.841107,47262504686.86194
2021-12-25,0.91380289,3956089362.117495,43438501700.20997
2021-12-26,0.92785714,2459150767.314069,44106583972.15871
2021-12-27,0.92187393,2279713280.89258,43822166547.54349
2021-12-28,0.92815165,2696398138.77489,44120583696.57214
2021-12-29,0.8579612,2998170978.022172,40784012992.49735
2021-12-30,0.81977944,2780329731.337543,38969006497.602325
2021-12-31,0.8404662,2375836806.16021,39952371487.69365
2022-01-01,0.83139772,2252303692.382884,39521292390.58477
2022-01-02,0.8509995,1784805589.729289,40453081982.45345
2022-01-03,0.85985831,1750696335.799855,40928936335.45812
2022-01-04,0.8344734,1965549993.96189,39667497742.72751
2022-01-05,0.82514443,2130875732.678378,39372072384.767006
2022-01-06,0.77678659,2694718977.663249,37016373098.11021
2022-01-07,0.78312243,2602668509.463569,37364002396.49064
2022-01-08,0.76441514,2846907907.408483,36426581574.176735
2022-01-09,0.74896597,2189023625.624822,35742954145.162506
2022-01-10,0.75577252,1509097856.905341,35888908513.520424
2022-01-11,0.74103769,2640172981.297895,35256497135.60703
2022-01-12,0.7727293,2379143840.257017,36764295066.623695
2022-01-13,0.8025941,2662230500.755098,38156686082.614334
2022-01-14,0.77156661,2253993188.596877,36738241655.41219
2022-01-15,0.77404444,2142880580.93607,36893370983.00779
2022-01-16,0.78268276,1749569966.297465,37238112155.95848
2022-01-17,0.77947223,1714842895.978317,37152076627.061
2022-01-18,0.76483362,2106153055.463718,36467550909.227
2022-01-19,0.7526064,2140369166.810042,35928632965.602646
2022-01-20,0.73988107,2106991082.283169,35361191998.402435
2022-01-21,0.72020169,2012483751.928802,34534739952.517365
2022-01-22,0.63786446,3571190454.459163,30525594005.19316
2022-01-23,0.59940464,4042933250.326968,28567576973.56528
2022-01-24,0.62939535,2380836270.455122,30045394326.18592
2022-01-25,0.6152956,3185161141.226754,29396856512.62248
2022-01-26,0.62049723,2500106156.591868,29620625747.01232
2022-01-27,0.62317979,3242791082.799893,29801890236.89736
2022-01-28,0.61020626,2752172909.832315,29129366194.81477
2022-01-29,0.6135256,2625552677.813721,29287821638.57769
2022-01-30,0.6182697,2292738751.317409,29445353884.422512
2022-01-31,0.6043669,2120800271.120507,28850613224.01237
2022-02-01,0.62058779,2593396517.119971,29553290453.17287
2022-02-02,0.63022307,2553543909.362084,30084907427.35353
2022-02-03,0.60321743,2495342755.802721,28766534259.75716
2022-02-04,0.6096545,2386661276.535089,29161275665.801453
2022-02-05,0.65729984,2909130867.786094,31113642593.887524
2022-02-06,0.66868434,2530469004.389346,32145115972.23587
2022-02-07,0.68523351,1777811138.831155,32810995566.6311
2022-02-08,0.83003946,4986719034.923662,39506496107.51002
2022-02-09,0.88080032,6887902807.173895,42130847575.61263
2022-02-10,0.87894254,4535621390.0793,42196654317.52713
2022-02-11,0.83451051,3983078310.331958,40079653442.91532
2022-02-12,0.7616965,3708716005.649439,36423431829.04127
2022-02-13,0.8245305,3853073023.80769,39120421789.46051
2022-02-14,0.81193158,3085176044.080602,38806859793.89356
2022-02-15,0.80334838,3147538928.000717,38448661595.62696
2022-02-16,0.85247911,3043829789.363568,40834438279.59535
2022-02-17,0.83918075,2930845329.80358,40187017225.8397
2022-02-18,0.76850945,3303770867.844775,36963479625.06525
2022-02-19,0.78779064,3429752250.87647,37773994946.58904
2022-02-20,0.82510953,4253979000.495266,39561276267.67631
2022-02-21,0.77827706,3922516717.571024,37317825787.82265
2022-02-22,0.70553934,4439011970.562481,33972778766.692947
2022-02-23,0.72593763,4599434726.372438,34808187364.355606
2022-02-24,0.70169573,3840839043.668192,33701843282.350643
2022-02-25,0.69768711,5932775744.138649,33453595245.0036
2022-02-26,0.77124778,4633609414.809206,36980776521.842384
2022-02-27,0.75177078,4076260609.607936,35942263895.59888
2022-02-28,0.72109858,3731215035.112542,34581739036.304855
2022-03-01,0.7828559,4355925146.495378,37500615316.86525
2022-03-02,0.78727443,3831187527.989224,37744545801.86736
2022-03-03,0.76821356,3145198651.708127,36857824863.63223
2022-03-04,0.75316476,3246276258.46261,36230318096.370834
2022-03-05,0.71318816,3340359216.669842,34196859571.601543
2022-03-06,0.75586981,3644210569.631224,36199173075.572495
2022-03-07,0.72682418,3212597507.684128,34850697038.2734
2022-03-08,0.72415208,4149973566.529719,34699488211.455986
2022-03-09,0.72065316,3407151329.643995,34608063705.636986
2022-03-10,0.76808667,3989146224.544961,36825355524.15273
2022-03-11,0.73780003,3914195838.985968,35355341438.5968
2022-03-12,0.80218661,4887949135.758494,38564286814.264175
2022-03-13,0.78622348,5030802269.117742,37752795220.75425
2022-03-14,0.76193735,3630836811.535966,36608123215.65504
2022-03-15,0.7751486,3789866664.84478,37138477845.663216
2022-03-16,0.76648377,3438081456.373995,36906247283.91733
2022-03-17,0.79438015,4063597298.424624,37530785877.27055
2022-03-18,0.79382188,3505833298.610652,38199986361.641
2022-03-19,0.79845738,3518410195.619233,38423054070.51003
2022-03-20,0.81898071,3627461259.209139,39379307066.49004
2022-03-21,0.80648944,2799660154.683884,38867169621.4932
2022-03-22,0.83798097,3677001141.019201,40278680453.0231
2022-03-23,0.8372244,3549893085.552186,40301095225.54096
2022-03-24,0.83765056,3256620136.104356,40309455205.726654
2022-03-25,0.8421114,2788824891.43428,40523755643.151794
2022-03-26,0.82442139,1983331996.348293,39672483855.87599
2022-03-27,0.83100151,1421460060.380157,39989129613.705086
2022-03-28,0.85392365,1855295728.814459,41121465144.9084
2022-03-29,0.86405489,3277202257.529429,41579711813.883125
2022-03-30,0.85704223,2363256678.453312,41224241577.90292
2022-03-31,0.86048473,2300476564.646557,41449148705.78688
2022-04-01,0.81521178,2910917620.602431,39229302714.93855
2022-04-02,0.82712575,2553508655.709134,39813871220.935646
2022-04-03,0.82426715,2067165078.980128,39816351313.276695
2022-04-04,0.84259653,1819121861.203156,40545522531.02838
2022-04-05,0.82812763,2337211874.359288,39809813062.17631
2022-04-06,0.81875246,2017746802.820634,39411319969.83736
2022-04-07,0.76216592,3043359043.011921,36687016206.95844
2022-04-08,0.78830018,2580151283.399397,37944994433.974365
2022-04-09,0.75495985,2728014121.05299,36222968800.71056
2022-04-10,0.76362672,2248538561.790474,36744121558.51562
2022-04-11,0.75627843,2353543395.150724,36403620789.85844
2022-04-12,0.6955844,3463223949.784271,33601430163.01578
2022-04-13,0.71712063,2991917530.642246,34518751871.64326
2022-04-14,0.72552586,2962354970.672501,34923339191.64158
2022-04-15,0.72756669,2957491995.833695,35057442819.08632
2022-04-16,0.78773359,4005911938.682283,37917721713.907646
2022-04-17,0.78299992,2670450010.076928,37740603800.12248
2022-04-18,0.7537394,2325391322.899436,36281404230.41864
2022-04-19,0.7689779,3253728969.056548,36961492294.77778
2022-04-20,0.77544847,2955754187.371688,37281016472.19048
2022-04-21,0.75217649,2968256967.582712,36163418569.87475
2022-04-22,0.73321177,3087161597.561216,35216094189.82071
2022-04-23,0.72023968,2970393681.886411,34640114391.674164
2022-04-24,0.70735882,2370632000.882747,34027662045.8427
2022-04-25,0.69879784,2137895120.577231,33679276496.51442
2022-04-26,0.69563293,3506826551.642658,33457536154.784927
2022-04-27,0.64232634,3080452315.25759,30899259597.56301
2022-04-28,0.65283487,2764376399.572286,31365628078.428024
2022-04-29,0.64412685,2514240505.112207,30955595874.83909
2022-04-30,0.61245623,2822183431.598716,29487384901.930927
2022-05-01,0.58781064,2317425481.02984,28276768858.645767
2022-05-02,0.60921666,2519502423.707599,29306510542.649406
2022-05-03,0.6144865,2835507497.223024,29560017164.350983
2022-05-04,0.60547026,2607753844.442983,29175409587.88523
2022-05-05,0.64795942,3128110704.40904,31335585499.29933
2022-05-06,0.60047426,3128274793.044598,29028787892.05904
2022-05-07,0.60352402,2951960307.579634,29205373000.255188
2022-05-08,0.58384487,2102170369.364861,28191797295.962685
2022-05-09,0.5669608,2376686424.225748,27408643527.874832
2022-05-10,0.49474427,3820425216.970222,23917472370.21285
2022-05-11,0.51509022,4449610449.600163,24901058481.377224
2022-05-12,0.41668999,5654427177.473948,20236495510.39984
2022-05-13,0.38772097,5171860945.698974,18743633948.127808
2022-05-14,0.42216111,20446959910.483803,20468064488.24979
2022-05-15,0.43001773,3004143500.290736,20788390700.981167
2022-05-16,0.44815445,2107871027.003569,21676314969.99036
2022-05-17,0.42355224,2480176431.624302,20475828597.59116
2022-05-18,0.43915421,2261832657.618025,21206918515.01422
2022-05-19,0.40647585,2023407675.91126,19667366546.451973
2022-05-20,0.42163048,2149785235.176137,20386508123.763515
2022-05-21,0.41149337,2246730608.839292,19911044580.08184
2022-05-22,0.41527535,1374886935.528266,20075698416.0526
2022-05-23,0.42286088,1421121318.956188,20460151559.50088
2022-05-24,0.40550099,1813039685.088817,19603175616.81888
2022-05-25,0.40920232,1706980388.699945,19782108930.152927
2022-05-26,0.40630298,2015843764.237949,19651540840.327023
2022-05-27,0.39439818,2485081450.728108,19066430980.02002
2022-05-28,0.38228349,2324419767.860538,18480769644.78565
2022-05-29,0.38701378,1163579967.864386,18709446111.71902
2022-05-30,0.38986036,947644980.261009,18842893628.887955
2022-05-31,0.41870538,1445550917.889458,20236714660.095737
2022-06-01,0.42444803,1735357529.589867,20519703901.011272
2022-06-02,0.39934394,1522349174.125161,19314953814.235928
2022-06-03,0.40595434,1302678375.746488,19625091701.7396
2022-06-04,0.3914176,1275894944.552041,18902929145.44984
2022-06-05,0.39322679,683447146.59407,18982750748.83201
2022-06-06,0.39618284,705391273.976799,19187176365.392696
2022-06-07,0.4028522,1246532475.320551,19501680101.245834
2022-06-08,0.40868544,1656469090.686715,19757121548.778526
2022-06-09,0.4013647,1189901698.485986,19403214153.929623
2022-06-10,0.40013287,968180632.623997,19337901433.51992
2022-06-11,0.38206586,1394625551.877714,18470248632.176723
2022-06-12,0.36006702,1084591650.320062,17379402375.610332
2022-06-13,0.34737162,1333656925.868226,16827700964.903423
2022-06-14,0.31138287,2571889116.425091,15053213503.283464
2022-06-15,0.32295507,2039011089.886305,15568557097.451038
2022-06-16,0.34439382,2286498342.086034,16638203871.66533
2022-06-17,0.31243655,1488890180.756684,15102606560.77978
2022-06-18,0.32235442,1375080658.751605,15583612153.823809
2022-06-19,0.30933096,1397757103.855596,14954017806.197191
2022-06-20,0.32568242,1149006659.483773,15728564298.65965
2022-06-21,0.32409711,1155228410.445262,15701017293.774082
2022-06-22,0.32914354,1204900980.290476,15900484925.03035
2022-06-23,0.32275428,1034224812.325622,15649591825.880308
2022-06-24,0.33551746,930214775.448203,16219954622.645555
2022-06-25,0.36826123,2203591341.246142,17889932972.34277
2022-06-26,0.36731547,839552662.134076,17775525052.331444
2022-06-27,0.36032287,728876201.269598,17419125060.39781
2022-06-28,0.3537165,962846750.929861,17086200868.005722
2022-06-29,0.33744175,1017648480.878885,16336659163.210838
2022-06-30,0.32961883,1084325830.637001,15942967992.329262
2022-07-01,0.32924808,1326945295.008528,15916873051.469343
2022-07-02,0.31563768,1234242687.662255,15318991092.382448
2022-07-03,0.31648579,564976560.478886,15299904569.883673
2022-07-04,0.32252946,644134011.695045,15599885643.287638
2022-07-05,0.32908371,936245776.392747,15908927302.731928
2022-07-06,0.32550971,1069390130.954566,15716240546.842815
2022-07-07,0.33255552,1035873113.405401,16064248862.684471
2022-07-08,0.34240055,962456688.976034,16549147878.346828
2022-07-09,0.34421421,1477936729.899496,16669839157.562326
2022-07-10,0.34498938,610784365.404619,16689516861.731253
2022-07-11,0.32581075,858123901.909145,15750702176.837206
2022-07-12,0.31485255,970888703.339035,15220948459.42856
2022-07-13,0.31249877,936739624.732057,15105806689.09798
2022-07-14,0.3247437,1306451712.951722,15695378352.168207
2022-07-15,0.33363611,3450936786.437814,16129004214.6032
2022-07-16,0.33386716,25137309697.36673,16148938887.012407
2022-07-17,0.34994969,23310361491.52784,16916754130.570707
2022-07-18,0.34394973,62468131981.56535,16675058880.772114
2022-07-19,0.3646634,24287013428.885525,17602742086.000675
2022-07-20,0.37225627,15747773889.552813,17977004406.100082
2022-07-21,0.36061618,5943471143.920102,17459066563.48312
2022-07-22,0.36641454,34998987061.88505,17715740062.040546
2022-07-23,0.35824539,12852784687.791931,17324899057.00061
2022-07-24,0.3600723,22728476180.28815,17373326657.245926
2022-07-25,0.35913022,13511649591.251596,17415032492.89394
2022-07-26,0.33650715,12266428974.382458,16267799275.739422
2022-07-27,0.33674985,28749929057.47032,16280339620.383312
2022-07-28,0.35954942,25637669862.021942,17311121486.44676
2022-07-29,0.37241227,15143779787.628317,17993565318.24411
2022-07-30,0.3698439,9366962075.838375,18046047855.84584
2022-07-31,0.38714191,37779483824.232735,18686873330.20777
2022-08-01,0.38090942,11383629246.530497,18430217002.051163
2022-08-02,0.37947456,20993433813.458992,18365390789.650043
2022-08-03,0.37214436,9268365393.484776,18088137791.45641
2022-08-04,0.36978023,18045143481.62729,17850173244.37779
2022-08-05,0.37288592,1009220096.721869,17986326951.22402
2022-08-06,0.37673944,1083081362.93942,18182630929.2215
2022-08-07,0.37242491,528474692.260527,18005459546.993305
2022-08-08,0.37297834,558451987.024059,18026251934.207607
2022-08-09,0.37942156,1138699148.958321,18346010099.870422
2022-08-10,0.36905761,3343031576.791122,17885564974.66502
2022-08-11,0.38188192,1239763218.230604,18451264891.934143
2022-08-12,0.3810379,1216921626.130184,18722737547.626007
2022-08-13,0.38068672,1018932719.262365,18689186021.75396
2022-08-14,0.37917471,661994515.992704,18621005139.112835
2022-08-15,0.37789174,850831853.859445,18579392207.667027
2022-08-16,0.37685099,1162193827.437666,18525959226.67408
2022-08-17,0.37832162,1031739476.423797,18662404423.88056
2022-08-18,0.38189978,1563237238.528783,18885868314.173782
2022-08-19,0.37237141,988350335.168157,18412316301.11692
2022-08-20,0.33647347,1723039768.117662,16619838119.30638
2022-08-21,0.33878556,890708537.384295,16734615067.231571
2022-08-22,0.34705459,795459529.353484,17146379649.371073
2022-08-23,0.34562684,1092232936.383989,17096908382.421494
2022-08-24,0.3477726,980885020.019605,17226011066.46298
2022-08-25,0.34679271,893746663.358741,17168064186.93132
2022-08-26,0.35009811,880120992.162426,17339114328.047993
2022-08-27,0.33920099,1466059795.947098,16771137642.241823
2022-08-28,0.33710191,699466583.794597,16685950202.083351
2022-08-29,0.32509293,527683239.741352,16183127804.81136
2022-08-30,0.33423075,928205984.638813,16597261690.553995
2022-08-31,0.32755804,866624871.255485,16293719360.212246
2022-09-01,0.32804299,796912925.416306,16279792839.534712
2022-09-02,0.33371002,809944925.600499,16563286140.750006
2022-09-03,0.33138798,846287512.851304,16448201041.409803
2022-09-04,0.33016894,444863917.876546,16401705686.288158
2022-09-05,0.33223274,405810028.433996,16477181610.602238
2022-09-06,0.33317444,714260159.581412,16503579175.836767
2022-09-07,0.32288284,1188996326.401049,16040602510.2321
2022-09-08,0.33781263,1023686540.747103,16767664626.557796
2022-09-09,0.34054323,1009572640.529288,16914537556.626074
2022-09-10,0.35655205,1403094809.62469,17726561451.46776
2022-09-11,0.35763222,802561442.966053,17817289842.855175
2022-09-12,0.35447267,638880661.787757,17665293814.17329
2022-09-13,0.35859049,1059520260.124269,17852055047.259144
2022-09-14,0.33313434,1324489792.655357,16587780887.87984
2022-09-15,0.34229767,1106999903.504982,17046141808.064371
2022-09-16,0.32697616,1337552250.392017,16311357746.340384
2022-09-17,0.35718305,1261958274.686834,17805028262.431942
2022-09-18,0.37553543,1427789277.67536,18707608411.825207
2022-09-19,0.36011169,2096753184.294249,18019337973.339752
2022-09-20,0.38840033,2475380016.16675,19262269100.349785
2022-09-21,0.41469755,3389711446.220129,20670126868.421528
2022-09-22,0.39875169,2923866454.04644,19846510864.63612
2022-09-23,0.48705962,4345510563.239003,24224069872.3676
2022-09-24,0.5055469,6851174094.822689,25349689054.64032
2022-09-25,0.48961215,3174509674.062331,24456632305.1208
2022-09-26,0.49382068,3076786928.782902,24659902343.985435
2022-09-27,0.4675848,2761704681.577815,23303350158.12698
2022-09-28,0.44973876,2605483194.233198,22484461714.6888
2022-09-29,0.45232,2399425239.069429,22620371849.26028
2022-09-30,0.48549736,2979531131.334199,24160534854.875744
2022-10-01,0.48018561,2972868272.42752,23954591313.393047
2022-10-02,0.47496133,1408593745.580317,23685517249.644085
2022-10-03,0.45025633,1408392767.923718,22548990353.11134
2022-10-04,0.46261652,1739336470.576477,23133346946.76287
2022-10-05,0.48035598,2038303645.021969,23940005839.731785
2022-10-06,0.49018877,2280930102.168098,24463171586.90248
2022-10-07,0.49355102,1784282944.348989,24626852233.603928
2022-10-08,0.51603273,2249633454.415931,25843445398.10576
2022-10-09,0.51664552,1610134699.361302,25751005671.692387
2022-10-10,0.53422924,1653702361.125292,26622398815.99551
2022-10-11,0.49732425,2164911186.160931,24835054251.926365
2022-10-12,0.48533426,1671934481.375587,24198543433.748207
2022-10-13,0.48020094,3072031433.043468,24372617617.304382
2022-10-14,0.48847751,5401901140.407024,24045617337.58696
2022-10-15,0.48167929,27328997098.50512,24366649108.626354
2022-10-16,0.47661524,1094770838.995327,24078700455.343952
2022-10-17,0.47987123,2115148887.074683,23783757576.554607
2022-10-18,0.46595441,2821857661.791236,23992818375.128853
2022-10-19,0.45385304,1555787540.744091,23309738544.1798
2022-10-20,0.44703549,26710554865.566376,22499563476.75372
2022-10-21,0.46087829,1880138634.989223,22305568615.86945
2022-10-22,0.46540535,927111773.608988,23003431881.17114
2022-10-23,0.4685753,995814320.781717,23214185274.98662
2022-10-24,0.45322427,1341395839.545071,23368720307.600094
2022-10-25,0.46095994,1740832800.429349,22601387269.0849
2022-10-26,0.46958213,1550248081.955622,23030839580.351795
2022-10-27,0.46179853,1717578920.917249,23479164280.20445
2022-10-28,0.47415529,1271169577.351633,23163065596.091656
2022-10-29,0.47046778,1392158586.778924,23647471398.294582
2022-10-30,0.45809616,988242678.576284,23467642103.025345
2022-10-31,0.46507493,1512061158.930623,22902197620.775448
2022-11-01,0.46461664,1360575595.907751,23224524935.39032
2022-11-02,0.45060166,1384760659.71895,23248404094.12417
2022-11-03,0.45541476,1158899580.901949,22626151059.175068
2022-11-04,0.5012797,2774970747.540344,22780070699.42792
2022-11-05,0.49379919,1188862592.182148,25226441321.766888
2022-11-06,0.47099407,925655607.15997,24797324782.662327
2022-11-07,0.46892145,1622472626.085802,23668541342.75685
2022-11-08,0.40564052,3783794105.579067,23384940963.22353
2022-11-09,0.33327853,3570018791.399788,20601640289.624653
2022-11-10,0.39505982,3077869068.640469,16605761205.84244
2022-11-11,0.38347296,30712929404.164448,19989322488.39249
2022-11-12,0.36340919,927557441.067634,19478630558.9855
2022-11-13,0.33925598,1513586288.780348,18371602318.29175
2022-11-14,0.3753844,5273114586.012547,17086304271.575174
2022-11-15,0.38881998,2456358901.409848,18989205360.44477
2022-11-16,0.37568993,1436026938.703619,19639994952.65356
2022-11-17,0.38162198,1323014077.125788,18970779255.099026
2022-11-18,0.38260099,923958629.203729,19303982424.42456
2022-11-19,0.3843004,562561832.123429,19357565131.27626
2022-11-20,0.36114099,1228898037.749393,19448735815.09945
2022-11-21,0.36476692,1627875047.791541,18311817579.16252
2022-11-22,0.37537759,1368743402.458405,18495233972.438004
2022-11-23,0.38206891,1062568880.683321,18989891837.63745
2022-11-24,0.40257228,1808714637.641647,19284896098.646187
2022-11-25,0.40808951,1266389807.666123,20296568045.36233
2022-11-26,0.39594761,622706943.270048,20680013254.503643
2022-11-27,0.39623863,609163037.672017,20049161326.72813
2022-11-28,0.3894907,1244035837.540546,20105943755.220665
2022-11-29,0.40032694,1040928954.794238,19693656670.174088
2022-11-30,0.41082747,1002621063.044798,20106137882.34614
2022-12-01,0.39967026,834722082.285618,20719087977.17768
2022-12-02,0.39852478,796789873.28185,20031963631.717594
2022-12-03,0.39065269,511961644.956351,19969808623.71558
2022-12-04,0.39221362,471018077.106403,19674166663.67257
2022-12-05,0.39194874,993807569.12724,19722117911.690456
2022-12-06,0.39335719,905737620.842824,19651351254.57492
2022-12-07,0.38526855,860825455.443115,19722550803.507057
2022-12-08,0.39558456,888115882.401161,19328530509.12746
2022-12-09,0.39077598,744906726.157212,19854852002.13049
2022-12-10,0.38847867,352543375.119551,19664656225.087288
2022-12-11,0.38268028,379056266.835653,19506256516.587887
2022-12-12,0.38724669,966450824.059571,19283214294.09726
2022-12-13,0.39534303,1221420025.04922,19594256739.870327
2022-12-14,0.38514418,976207772.158789,19922570552.08644
2022-12-15,0.37780051,763234745.657741,19501737942.72256
2022-12-16,0.35152163,1114929031.417168,19073834524.492348
2022-12-17,0.35465162,644093858.009842,17743456573.2856
2022-12-18,0.34988478,334594952.980929,17909121465.34917
2022-12-19,0.33873255,1025318603.304219,17712497955.34908
2022-12-20,0.3484229,985057613.659581,17095617572.635395
2022-12-21,0.34579546,779579810.377969,17641489469.68155
2022-12-22,0.34956842,791315734.807002,17435599303.21308
2022-12-23,0.35468314,680569390.734136,17620195062.76461
2022-12-24,0.35228299,232875851.456376,17856407421.40487
2022-12-25,0.34593347,343614855.857776,17779420196.458714
2022-12-26,0.36576696,2200044351.135638,17471177171.157623
2022-12-27,0.36716253,3679113694.610052,18434824599.699303
2022-12-28,0.35593092,927796229.0696,18546249287.403408
2022-12-29,0.34236024,14767517044.852076,17929049866.6208
2022-12-30,0.34513106,890833402.825588,17294056583.418842
2022-12-31,0.33893965,374065046.281238,17383390100.95133
2023-01-01,0.33850167,1193545277.975909,17121133957.937172
2023-01-02,0.34797622,1555271122.380975,17060108166.49119
2023-01-03,0.34347133,944557602.721744,17560796887.615242
2023-01-04,0.34763621,912973707.93555,17382384969.744404
2023-01-05,0.33752336,754796052.739351,17597994730.9952
2023-01-06,0.34463275,1296941530.024818,17116070602.36482
2023-01-07,0.34427947,265331231.377316,17408067275.96316
2023-01-08,0.34490244,569782591.812407,17439566931.269493
2023-01-09,0.34914622,1293829300.460605,17654148326.933132
2023-01-10,0.35090077,813072947.77132,17742865190.74089
2023-01-11,0.37336499,3036095878.425342,18900963250.75928
2023-01-12,0.37490837,3213745961.680624,18979094452.715603
2023-01-13,0.38614741,1013957190.173507,19548051812.11143
2023-01-14,0.39504518,2770927313.756686,19998486009.546017
2023-01-15,0.38470584,835185105.115689,19509711867.02844
2023-01-16,0.38629589,1437771659.670022,19590348524.315445
2023-01-17,0.38736307,1188963615.108541,19644468524.725044
2023-01-18,0.37961629,1869838022.679423,19251603599.93795
2023-01-19,0.39298452,973578497.791059,19929551284.5348
2023-01-20,0.41350572,1044861784.489588,20970249193.8794
2023-01-21,0.40330647,805301033.838847,20453011610.1759
2023-01-22,0.40067527,602605355.290163,20319574370.29334
2023-01-23,0.42419087,1592258178.243825,21547571944.438927
2023-01-24,0.40803454,16067595521.764992,20726880660.07853
2023-01-25,0.41720772,977896955.020919,21192849254.413967
2023-01-26,0.40960061,735067137.978532,20806432001.65824
2023-01-27,0.41300901,628733851.350902,20979568038.428616
2023-01-28,0.40809406,366314004.773666,20729903907.02797
2023-01-29,0.41321062,404660627.794632,20992591497.47158
2023-01-30,0.39391195,1016398433.483294,20012149503.662884
2023-01-31,0.40600624,830502452.342167,20626583139.590115
2023-02-01,0.4130087,892578386.593385,20982333583.683006
2023-02-02,0.4092802,855555724.064446,20792911974.60309
2023-02-03,0.41204882,785791871.726718,20933568127.412697
2023-02-04,0.41073584,449092988.131494,20866863708.05611
2023-02-05,0.39836578,605910435.685924,20236617004.97584
2023-02-06,0.39204577,796895067.400923,19915566347.41651
2023-02-07,0.40372697,845390495.427712,20508960405.70644
2023-02-08,0.39776793,683923836.635021,20206246780.99028
2023-02-09,0.38177518,1173936205.344334,19393829821.740784
2023-02-10,0.38207596,682276871.301988,19409109269.283543
2023-02-11,0.38354241,1784048125.352132,19483603440.823524
2023-02-12,0.37497697,350711070.29449,19048486928.41621
2023-02-13,0.37085306,993119756.833999,18838996277.126865
2023-02-14,0.38213879,858784480.284482,19412300748.248333
2023-02-15,0.40139947,958650020.963856,20390725533.457176
2023-02-16,0.38514862,1070702603.210776,19563751702.598667
2023-02-17,0.39517816,776380926.743834,20074688701.03495
2023-02-18,0.39423537,422235818.948596,20026795891.20428
2023-02-19,0.38674867,638030070.795408,19646478571.397568
2023-02-20,0.39823173,1137332604.729305,20229807249.43486
2023-02-21,0.39141047,965826083.298625,19883293574.490105
2023-02-22,0.39562452,1018319208.642247,20097363803.52797
2023-02-23,0.38877629,719769241.627713,19808506967.89064
2023-02-24,0.37830446,707896937.359991,19274957418.38224
2023-02-25,0.37823243,1029897746.641475,19271287479.44642
2023-02-26,0.37800679,320157592.704037,19259791300.42832
2023-02-27,0.37872977,874443964.352256,19296627304.2445
2023-02-28,0.37674515,785145399.023072,19195509398.121944
2023-03-01,0.38389374,755518142.369792,19559736686.8288
2023-03-02,0.37726015,682262320.714748,19221749097.25184
2023-03-03,0.37755926,1060960856.999038,19236988836.68111
2023-03-04,0.37374584,409380126.680517,19042691822.61204
2023-03-05,0.36683747,393188388.046294,18690704187.58808
2023-03-06,0.37015989,900906216.749503,18859984511.458
2023-03-07,0.38016301,1216837979.352558,19368469200.839428
2023-03-08,0.3884827,1543443524.132732,19793548134.025257
2023-03-09,0.37122439,1243772706.783189,18914221651.030525
2023-03-10,0.37153617,1195562084.406172,18930107301.023987
2023-03-11,0.36705043,834891277.254092,18701554554.6598
2023-03-12,0.37302409,1101347951.893204,19005918092.079605
2023-03-13,0.37312913,1326137385.502538,19011270026.91156
2023-03-14,0.37327494,1269961071.067637,19018699169.54017
2023-03-15,0.36036056,811799545.672972,18360699293.737087
2023-03-16,0.36559625,975453754.559572,18627462941.14588
2023-03-17,0.38115634,977238857.197637,19420263386.3594
2023-03-18,0.37640698,711639545.308394,19178279183.46273
2023-03-19,0.3903833,1119304465.983328,19890385519.49664
2023-03-20,0.37450403,862447335.776496,19081322189.077988
2023-03-21,0.47050054,3464865815.335731,23972431865.84344
2023-03-22,0.42198452,2646019409.183075,21500496519.231773
2023-03-23,0.4450297,1610394599.138705,22674669689.86412
2023-03-24,0.42604878,992637714.962514,21707574152.183403
2023-03-25,0.44409707,1284473229.781952,22627151326.493515
2023-03-26,0.44835307,777789153.653761,22843998214.18028
2023-03-27,0.47973452,1986842974.67716,24442912008.9643
2023-03-28,0.51432647,2456138232.219193,26437546482.107628
2023-03-29,0.54231353,3015484994.473722,28025780438.307487
2023-03-30,0.537688,1983087888.919765,27786741502.745445
2023-03-31,0.53760641,1488211865.009781,27782524857.85028
2023-04-01,0.50961052,1430073505.4374,26335747890.428467
2023-04-02,0.51843472,1079366106.981979,26791767016.87166
2023-04-03,0.49512899,1256307599.418131,25587368844.85924
2023-04-04,0.50403696,962305544.67398,26033201675.55872
2023-04-05,0.50468645,1135796804.106418,26066747571.59828
2023-04-06,0.50135942,7114220137.055261,25894908487.445312
2023-04-07,0.51221478,1183421543.226029,26475598872.12814
2023-04-08,0.50434518,9538868196.307093,26068831251.577618
2023-04-09,0.5043561,460100517.626069,26069395291.394653
2023-04-10,0.51695301,2315728320.76419,26720510800.89686
2023-04-11,0.51593197,5992778412.300937,26667734622.94861
2023-04-12,0.50259851,1074817719.430857,25978548165.23264
2023-04-13,0.5131559,6251935754.674099,26524243551.87664
2023-04-14,0.52466032,1568963201.947797,27151596814.408844
2023-04-15,0.52188946,669223661.783483,27008202599.97962
2023-04-16,0.52132999,603464721.095588,26979249335.469845
2023-04-17,0.51052749,1068902998.289918,26420211293.895336
2023-04-18,0.53244466,1018581713.347195,27554442760.42236
2023-04-19,0.49226313,2074895869.6501,25475015658.321167
2023-04-20,0.47534661,8020037224.666843,24599572296.389145
2023-04-21,0.45040364,1370415084.531672,23308753240.561195
2023-04-22,0.473933,2417455248.171464,24526416901.986755
2023-04-23,0.46562366,801368892.407897,24096401799.016827
2023-04-24,0.46090085,1359506831.988978,23851992573.181583
2023-04-25,0.46996222,7551727163.076444,24320925776.302567
2023-04-26,0.46216771,1694025628.014099,23917553697.88996
2023-04-27,0.46685267,4385105438.438658,24160003925.320576
2023-04-28,0.48161789,1419570724.465004,24924115928.51265
2023-04-29,0.47857632,603761944.596599,24766712399.01984
2023-04-30,0.47184383,532268190.273943,24414900152.86205
2023-05-01,0.46487851,22203667376.67856,24057839411.3594
2023-05-02,0.46473332,1726018365.123781,24050325931.20438
2023-05-03,0.46350321,3094095007.790905,23986666620.022003
2023-05-04,0.46155176,1804131443.46021,23893742378.138607
2023-05-05,0.46915429,1274024370.991387,24286590136.122715
2023-05-06,0.4611099,553612015.263117,23902932042.68563
2023-05-07,0.44915511,451446440.789737,23283222021.68041
2023-05-08,0.42885442,36092092300.22856,22230878369.205128
2023-05-09,0.42995758,1533761475.685877,22283190514.03556
2023-05-10,0.43068523,918210230.217896,22325783763.95616
2023-05-11,0.4216888,950007930.118437,21859428319.586884
2023-05-12,0.43211617,10085933177.745134,22399960681.724205
2023-05-13,0.42547888,288413952.41525,22055897799.418182
2023-05-14,0.42564344,413232603.196507,22064428385.05172
2023-05-15,0.42760724,11701841869.310575,22166227197.83172
2023-05-16,0.44251548,1506141457.860028,22939037853.221657
2023-05-17,0.44827637,24935783876.06724,23237669981.5722
2023-05-18,0.45997745,1873838997.376582,23844228318.21336
2023-05-19,0.46785148,1489338997.279939,24252401220.530724
2023-05-20,0.4686671,436483738.873889,24294680912.707687
2023-05-21,0.45728948,410816126.496577,23721046886.554832
2023-05-22,0.46144693,902604317.204107,23936707219.505337
2023-05-23,0.46534642,1787865437.246403,24138985714.737568
2023-05-24,0.45314708,885888515.872819,23506167826.1688
2023-05-25,0.45375246,693022117.791279,23537570591.27348
2023-05-26,0.46919658,1747156563.471586,24390427051.42145
2023-05-27,0.47216022,498483568.809787,24544487184.33536
2023-05-28,0.48247976,445153782.291885,25080931806.44076
2023-05-29,0.49431281,1000719578.701798,25696053827.00703
2023-05-30,0.52158911,1729869650.533356,27113968279.696182
2023-05-31,0.51673829,2869225366.427837,26861805879.88622
2023-06-01,0.50695121,2152283109.513784,26353040433.52385
2023-06-02,0.52542393,17962285004.296585,27313315040.66448
2023-06-03,0.52232728,2203809247.088207,27154237423.524696
2023-06-04,0.53685772,758751378.380289,27909631500.91752
2023-06-05,0.5108961,2953888470.69226,26559964636.208687
2023-06-06,0.53087925,4214166766.715622,27598828691.43608
2023-06-07,0.51848239,1285513017.474753,26954352990.334747
2023-06-08,0.52467235,1869007499.825123,27276150515.49182
2023-06-09,0.53949212,1022110921.196,28046586224.235733
2023-06-10,0.50774072,2075313672.981294,26395925638.46345
2023-06-11,0.52086576,9714178990.683868,27078257437.289948
2023-06-12,0.52617572,3013626941.029604,27354306463.439915
2023-06-13,0.52033368,3653817434.79618,27050596030.06072
2023-06-14,0.48121358,1340675522.33437,25016858870.1585
2023-06-15,0.48011475,1074905990.201895,24959734043.247566
2023-06-16,0.47638389,2226946979.232937,24765777561.325672
2023-06-17,0.4800918,490079996.370076,24958540832.233143
2023-06-18,0.4875309,1118676845.663771,25345277225.64968
2023-06-19,0.49179098,1183153670.651147,25566746326.000843
2023-06-20,0.49320478,957602202.982134,25695293739.516945
2023-06-21,0.49990795,3014339020.854654,26044519595.191566
2023-06-22,0.49436393,5223573527.609678,25755683826.771347
2023-06-23,0.49629303,1883450614.430796,25933439833.1698
2023-06-24,0.48725863,1214865947.545638,25461353548.9672
2023-06-25,0.49043929,2409578725.126697,25627556634.51417
2023-06-26,0.47918361,871503899.702871,25039399201.564384
2023-06-27,0.48360404,7333983980.808308,25270385348.485043
2023-06-28,0.46466059,799303451.656344,24280508799.42256
2023-06-29,0.47455237,2963259761.677532,24797397027.70481
2023-06-30,0.4730123,946432675.603504,24716921544.515747
2023-07-01,0.47325059,36884496368.780655,24729373354.59782
2023-07-02,0.48420477,1410848441.606528,25301776230.30228
2023-07-03,0.48932907,1268757954.667684,25569542811.5532
2023-07-04,0.48716607,1163610361.278659,25456516935.3386
2023-07-05,0.47771112,718833600.690601,24962455121.1509
2023-07-06,0.46240265,786933918.564494,24162521769.740204
2023-07-07,0.46887398,682931401.368672,24500676592.386806
2023-07-08,0.47090424,324607507.307925,24606766568.153606
2023-07-09,0.46832842,542218427.708054,24472168775.21548
2023-07-10,0.47807495,792126055.931532,24981466907.678474
2023-07-11,0.47564251,1667072892.223035,24992203553.492657
2023-07-12,0.47127875,655559639.679139,24762913759.679874
2023-07-13,0.82063523,11221525008.48707,43119533032.37872
2023-07-14,0.71918977,5373386472.041873,37789173310.29521
2023-07-15,0.71434374,2610375364.966215,37534543155.30282
2023-07-16,0.74752791,2980260933.749768,39278175208.94146
2023-07-17,0.73818856,2134857194.537697,38787447841.63975
2023-07-18,0.7794293,2254478734.311638,40954404643.37283
2023-07-19,0.81951271,3450783268.692554,43060551097.39944
2023-07-20,0.79400235,2377100776.860021,41720132585.31284
2023-07-21,0.77138998,1582410871.820341,40531985931.471214
2023-07-22,0.73264128,1303618860.251108,38495970751.40479
2023-07-23,0.7392906,1168651654.243177,38845353532.41751
2023-07-24,0.70256712,1872646471.058867,37000656635.6024
2023-07-25,0.70939108,1500122178.346903,37360040053.9306
2023-07-26,0.71677287,1359695142.872266,37748801871.14993
2023-07-27,0.71407803,1291768651.574743,37627521609.7804
2023-07-28,0.71200002,825859033.382445,37518023171.57199
2023-07-29,0.71223561,539072261.312511,37530437346.14134
2023-07-30,0.70436543,921709481.505106,37115727199.24871
2023-07-31,0.69769247,1169095316.5539,36764103493.00295
2023-08-01,0.70619809,1178748630.963462,37212297274.65975
2023-08-02,0.68417631,913595774.973444,36051885036.68063
2023-08-03,0.66300005,1145014415.75919,34967475714.928925
2023-08-04,0.63520253,1030110714.789298,33501398269.149136
2023-08-05,0.62850553,882265029.154769,33148190342.87993
2023-08-06,0.62326588,695592220.488671,32871844154.501343
2023-08-07,0.62263796,1184796154.849479,32838726974.30893
2023-08-08,0.64169256,1111294722.91137,33843691203.95623
2023-08-09,0.64274317,1260334634.365802,33899101555.137127
2023-08-10,0.63236587,924841598.540993,33380877281.11736
2023-08-11,0.63158442,827874173.049249,33339626629.57373
2023-08-12,0.62726413,420383223.833228,33111570203.537216
2023-08-13,0.62559252,552958555.504051,33023330551.29916
2023-08-14,0.63327198,897398291.545996,33428708218.17737
2023-08-15,0.60952666,1017733225.213144,32175257062.59616
2023-08-16,0.58834177,1314431479.466121,31089078525.975536
2023-08-17,0.50735399,1854495435.824305,26809533056.618214
2023-08-18,0.50635166,1617694670.167156,26756567793.44905
2023-08-19,0.52022598,755828103.209009,27489712765.05741
2023-08-20,0.53827384,1180620010.374074,28443395311.46069
2023-08-21,0.52466475,1134947433.723021,27724265727.43133
2023-08-22,0.52052311,982431733.758588,27505413665.456387
2023-08-23,0.53009869,798984711.74696,28049744489.764847
2023-08-24,0.51850507,680427300.886227,27436277594.348072
2023-08-25,0.52547468,803932167.88309,27805068683.96632
2023-08-26,0.52311682,376174176.76109,27680304876.287884
2023-08-27,0.52358618,426789860.033833,27705140476.03538
2023-08-28,0.52272261,634869759.868138,27659445256.9618
2023-08-29,0.53993053,1041306276.364565,28604216615.175053
2023-08-30,0.52793834,704679805.051844,27968951493.24989
2023-08-31,0.5104933,811751947.146059,27044759729.993748
2023-09-01,0.49806745,775654251.622652,26386466790.730614
2023-09-02,0.49903781,461095268.912107,26437874037.62988
2023-09-03,0.50484429,499416777.03091,26745488124.236546
2023-09-04,0.50824316,654182407.512888,26925552513.25773
2023-09-05,0.50541685,660288573.968857,26775821135.737377
2023-09-06,0.50307523,608544040.290533,26651767198.64176
2023-09-07,0.50497047,534767848.269468,26752173082.84113
2023-09-08,0.50497935,512585274.830977,26805842293.18614
2023-09-09,0.50387484,244875656.197521,26747211677.97698
2023-09-10,0.49680713,360981321.065648,26372036230.397926
2023-09-11,0.4743779,892531520.20638,25181423905.719444
2023-09-12,0.48022395,730891786.384626,25491750435.590927
2023-09-13,0.48327326,615815814.55463,25653616715.65676
2023-09-14,0.48949474,521003794.692386,26029079160.30168
2023-09-15,0.500568,609326242.636132,26617903818.593567
2023-09-16,0.4998209,277358990.236317,26578176862.853336
2023-09-17,0.49253757,292952405.466618,26190882554.94755
2023-09-18,0.50286702,673914121.053983,26740155295.05976
2023-09-19,0.51398092,717776406.616324,27331141211.016743
2023-09-20,0.52141849,799839085.616476,27726637348.838737
2023-09-21,0.50713907,651838279.314397,27002741620.065765
2023-09-22,0.51236771,514337764.77718,27281141985.98398
2023-09-23,0.50812713,250952205.817664,27055351352.09393
2023-09-24,0.50240963,262929132.249371,26750921427.774708
2023-09-25,0.50530079,637804045.392073,26904861757.459232
2023-09-26,0.50205194,653483559.774151,26731876127.155544
2023-09-27,0.49883442,524094245.080061,26594042420.023582
2023-09-28,0.51013317,633074672.006892,27196405528.592552
2023-09-29,0.52212446,1474457065.640231,27835689118.971165
2023-09-30,0.51495144,379373314.971164,27453278982.7166
2023-10-01,0.52420094,437684945.300483,27946391586.56148
2023-10-02,0.51279391,764240537.795096,27338255547.427223
2023-10-03,0.53912616,1119266897.156552,28742090046.547543
2023-10-04,0.53319404,1489158154.276483,28425834964.280582
2023-10-05,0.52298217,624742033.572673,27881416091.87652
2023-10-06,0.52589363,487006872.854326,28076041017.879543
2023-10-07,0.52187335,233110231.940931,27861409058.287727
2023-10-08,0.51771961,243435809.03205,27639651863.74834
2023-10-09,0.50265572,673437029.886107,26835431569.48953
2023-10-10,0.49682384,535131220.919805,26524083121.257164
2023-10-11,0.48885852,586719261.397976,26125101372.35864
2023-10-12,0.48276918,636258490.900836,25799681028.88829
2023-10-13,0.48538968,536283238.51905,25939723318.78184
2023-10-14,0.48679712,241058048.573592,26014938474.04068
2023-10-15,0.48739487,255297320.854149,26046882679.989697
2023-10-16,0.49803053,804649620.314204,26615263036.22528
2023-10-17,0.49154184,599849614.286141,26268501071.10192
2023-10-18,0.48788213,592520827.361989,26072922346.55915
2023-10-19,0.51988908,1348417681.976937,27783406673.77837
2023-10-20,0.51574929,1234809387.154233,27562172116.00344
2023-10-21,0.52106271,596382427.762515,27846126458.582027
2023-10-22,0.52188281,490353590.027268,27889953652.07865
2023-10-23,0.54724317,831666748.195061,29245237189.92176
2023-10-24,0.55934969,1255919715.233956,29892222305.008736
2023-10-25,0.55563894,672311848.174254,29693916001.30452
2023-10-26,0.5532856,810037894.12656,29634258120.79281
2023-10-27,0.54498039,588863313.848609,29189426668.79948
2023-10-28,0.54543841,305503239.114408,29213958274.335804
2023-10-29,0.55610065,341649049.999228,29785033653.09196
2023-10-30,0.57846793,723783724.759746,30983036473.47941
2023-10-31,0.60011704,987750399.366751,32142573778.37508
2023-11-01,0.60894716,868537093.931463,32649211967.582355
2023-11-02,0.60591933,913339725.506556,32486872670.033043
2023-11-03,0.61290328,729708912.664994,32861322905.338047
2023-11-04,0.61579677,400048346.652122,33016459687.849888
2023-11-05,0.66141899,889437426.533923,35462533519.46157
2023-11-06,0.71524188,1547323412.905134,38348292756.24708
2023-11-07,0.68571547,1399436612.313139,36765209565.50372
2023-11-08,0.68782417,900382265.579545,36878269290.00327
2023-11-09,0.66680245,1577807747.666987,35775795786.907715
2023-11-10,0.66022494,967112226.385848,35422894561.430626
2023-11-11,0.66284033,752336452.068405,35563217359.384186
2023-11-12,0.66184924,405990362.221397,35510042680.54241
2023-11-13,0.67036372,1386225453.299322,35966867945.83377
2023-11-14,0.62919858,1062862972.079992,33758244280.31749
2023-11-15,0.64842367,707810462.634866,34789723675.67056
2023-11-16,0.61209451,777367809.670411,32840563710.5748
2023-11-17,0.61388493,724576171.064181,32936624399.537865
2023-11-18,0.61113251,389376745.203751,32788949638.05495
2023-11-19,0.62753004,424788517.569847,33668722496.70169
2023-11-20,0.6123897,582157526.445393,32856401226.16869
2023-11-21,0.58130089,836472298.80674,31188400738.539383
2023-11-22,0.61199016,628405888.088381,32834964817.18745
2023-11-23,0.62032401,549039467.808446,33282098958.888435
2023-11-24,0.62203898,553744954.30147,33374112081.86796
2023-11-25,0.62239118,251681591.342025,33393008568.37941
2023-11-26,0.61655834,515604047.405131,33080060440.84936
2023-11-27,0.6035111,498182202.276989,32380040019.370823
2023-11-28,0.6108694,503589383.40088,32774833149.50461
2023-11-29,0.60956354,469365648.235437,32704770131.78529
2023-11-30,0.60639224,447866715.801289,32534620966.275272
2023-12-01,0.61324042,434571255.169292,32902045070.651897
2023-12-02,0.62038706,285910793.37562,33285481619.32029
2023-12-03,0.6236326,441946091.960142,33459614055.638424
2023-12-04,0.62419945,989679633.561613,33490027068.745987
2023-12-05,0.62176644,678839116.610166,33359489250.50745
2023-12-06,0.64178923,974853417.58072,34433767614.173874
2023-12-07,0.64351635,880081659.128058,34526432240.94794
2023-12-08,0.67357711,889991028.61507,36139275414.115845
2023-12-09,0.65852431,1029766313.227186,35331650921.534904
2023-12-10,0.66139578,571543872.010387,35485713172.89957
2023-12-11,0.62008728,1136519409.362287,33269397594.29795
2023-12-12,0.61910106,728702827.679577,33216484189.671333
2023-12-13,0.62804134,739756308.980022,33696154981.099487
2023-12-14,0.63188457,739055500.822722,33902354957.264908
2023-12-15,0.61593559,648765411.12968,33046648316.5824
2023-12-16,0.619568,349925409.615798,33241537299.50248
2023-12-17,0.61015031,350008931.271053,32736251794.099792
2023-12-18,0.61236651,780126883.083971,32855157238.550232
2023-12-19,0.60483451,572254634.422757,32451044819.969173
2023-12-20,0.61685987,648560879.326688,33096238438.022293
2023-12-21,0.62346691,571827586.11081,33450724552.10305
2023-12-22,0.62562769,661060994.178314,33566656227.81288
2023-12-23,0.62024503,355791696.804865,33277861383.500298
2023-12-24,0.61385405,508378813.11069,32934967651.345474
2023-12-25,0.64600213,836066429.79939,34659801022.98118
2023-12-26,0.62234564,770961393.8869,33390564998.1115
2023-12-27,0.63486098,699225786.425572,34062047958.967068
2023-12-28,0.63456771,878903565.862034,34046312810.902126
2023-12-29,0.62275966,594065485.972231,33412778492.077423
2023-12-30,0.62161511,311834773.683368,33351370248.85116
2023-12-31,0.61435508,293173458.730377,32961849368.390167
2024-01-01,0.62978843,308002066.246101,33789891481.32792
2024-01-02,0.62622941,697167683.408342,33598940366.551327
2024-01-03,0.58242006,1848613108.180046,31248447572.96788
2024-01-04,0.58810562,790888652.762163,31553493168.553307
2024-01-05,0.57629721,843949338.991439,30919939685.686592
2024-01-06,0.56826602,431141749.331615,30489044088.437386
2024-01-07,0.55149935,408693451.709566,29589465598.428738
2024-01-08,0.57780979,1047626856.576494,31001093429.851856
2024-01-09,0.5663228,974090949.600793,30384784874.141125
2024-01-10,0.59961989,1212729345.228288,32171265743.97065
2024-01-11,0.60199567,1034075323.357298,32298732900.674595
2024-01-12,0.57082289,808791953.407386,30626227318.429768
2024-01-13,0.57497285,320230039.436311,30848883807.21393
2024-01-14,0.57743253,366721863.952152,30980852612.128773
2024-01-15,0.57589989,515255884.033039,30898621998.2489
2024-01-16,0.57620996,483604612.946649,30915258383.597626
2024-01-17,0.56785958,488494392.903728,30857397299.39744
2024-01-18,0.55185344,578541175.642418,29987626525.681293
2024-01-19,0.54440237,719531298.336748,29582736368.458027
2024-01-20,0.55397878,380507927.594773,30103116864.9163
2024-01-21,0.54649518,236607438.00907,29696459188.746155
2024-01-22,0.52649665,617081682.131573,28609742192.28796
2024-01-23,0.51734914,712642988.838649,28112668174.205765
2024-01-24,0.51832672,471283386.528495,28165789860.35885
2024-01-25,0.51355637,439104312.193833,27924377073.624897
2024-01-26,0.53227052,584966060.475658,28941950184.013657
2024-01-27,0.5304691,228611912.714775,28843998703.819187
2024-01-28,0.52420496,259323629.094833,28503388824.809456
2024-01-29,0.53516434,514130938.883565,29099299764.854256
2024-01-30,0.51096555,1040143010.949,27783502562.10801
2024-01-31,0.50309913,726215419.39722,27355770061.50064
2024-02-01,0.50577272,514390342.686083,27532340121.461308
2024-02-02,0.50975429,549532452.73748,27749082013.859943
2024-02-03,0.51892298,465660740.17014,28248190545.85263
2024-02-04,0.50317437,277508105.447838,27390896009.248928
2024-02-05,0.50616884,488241364.069128,27553903412.38324
2024-02-06,0.50502797,430974206.813136,27491798963.9962
2024-02-07,0.51374022,518511071.484532,27966060893.986984
2024-02-08,0.51437836,509576375.556956,28000798405.592308
2024-02-09,0.52554777,596730365.081256,28646016020.378647
2024-02-10,0.52371835,263533534.168661,28546299739.44416
2024-02-11,0.52588574,390604452.573415,28664437647.63468
2024-02-12,0.53186177,585946891.795584,28990173289.11708
2024-02-13,0.52484315,595177645.667518,28607609252.012127
2024-02-14,0.53855624,659771803.522856,29355068610.26489
2024-02-15,0.562663,992547064.222013,30698104689.51446
2024-02-16,0.56552701,839135503.493783,30854360887.00365
2024-02-17,0.54991091,399441364.513122,30002368600.87357
2024-02-18,0.55695747,317493527.653585,30386818755.4161
2024-02-19,0.5633381,588367105.392915,30734937006.62998
2024-02-20,0.5636054,1085187732.062481,30749520737.5738
2024-02-21,0.54862897,743426542.762809,29932427937.401424
2024-02-22,0.54102408,605167413.320849,29517515348.68064
2024-02-23,0.53518945,659742016.506354,29218265062.245384
2024-02-24,0.54506074,331803393.362859,29757180821.69792
2024-02-25,0.54247079,311218196.337305,29615784297.05766
2024-02-26,0.55078479,671855429.789345,30069680830.749863
2024-02-27,0.58799232,1460806867.904288,32100998305.58348
2024-02-28,0.57643766,1857781747.775506,31470180411.060608
2024-02-29,0.58725826,2219576011.948024,32060922773.08781
2024-03-01,0.60225319,1013448858.971789,32921587439.03994
2024-03-02,0.64471579,1762986649.616852,35242764057.814285
2024-03-03,0.62658094,1195295967.068028,34251439957.827488
2024-03-04,0.64918136,2248025318.21099,35486870239.62588
2024-03-05,0.59407842,2956264317.974988,32474721073.95682
2024-03-06,0.6124074,1677454969.910536,33476657097.44656
2024-03-07,0.62885553,1480564781.071889,34375778427.8461
2024-03-08,0.62180846,1242719584.902994,34035821170.34153
2024-03-09,0.62190989,934003255.927195,34041373129.413136
2024-03-10,0.6086615,846745525.668541,33316198637.75645
2024-03-11,0.71714581,3771323759.989333,39254285260.05739
2024-03-12,0.68772291,2513359191.274678,37643769202.93371
2024-03-13,0.68908982,1408248203.232796,37718589377.13602
2024-03-14,0.66978282,1983158634.299582,36704225479.85548
2024-03-15,0.63473221,2208522269.607569,34783445279.918465
2024-03-16,0.60358423,1277512592.41994,33076529860.9094
2024-03-17,0.61829168,1038920778.526586,33882500971.49925
2024-03-18,0.64746847,1630947184.718398,35481394420.45703
2024-03-19,0.58517921,2165299315.104459,32067931528.586006
2024-03-20,0.61270488,1640685095.925921,33627842910.312134
2024-03-21,0.64067124,1605508688.638632,35162755314.01252
2024-03-22,0.61187286,1178900159.157967,33582178269.923046
2024-03-23,0.6175857,631647787.691004,33895722969.223503
2024-03-24,0.63302318,684276396.407153,34742997237.026115
2024-03-25,0.63986649,1232364980.287062,35118587418.323685
2024-03-26,0.63228367,1016037514.239832,34702409997.61768
2024-03-27,0.61043725,1145007224.047341,33503385469.30215
2024-03-28,0.62489842,1078456470.531314,34297075956.108986
2024-03-29,0.63088893,1094586601.170672,34662552068.29224
2024-03-30,0.62147786,598286123.976862,34145485020.043217
2024-03-31,0.62939252,419908400.612439,34580335549.4936
2024-04-01,0.61239138,1069048221.164033,33646252198.429028
2024-04-02,0.58577294,1328559346.054417,32183771087.76861
2024-04-03,0.57533607,985007633.324032,31610344521.41968
2024-04-04,0.59369918,1281580220.52521,32684059697.65352
2024-04-05,0.58776859,881096650.684101,32357571438.31045
2024-04-06,0.59318529,411193130.584232,32655769380.50964
2024-04-07,0.5943895,456791831.168211,32722063124.30309
2024-04-08,0.61561269,1039511050.25043,33890432586.702644
2024-04-09,0.61322563,1283390410.255531,33759020881.54388
2024-04-10,0.61729706,1028034300.274758,33983159812.67467
2024-04-11,0.60883734,695418887.613996,33517439211.0991
2024-04-12,0.54906165,1597449855.549374,30264220540.93093
2024-04-13,0.48248016,2106921166.480237,26594255910.70569
2024-04-14,0.50472371,1652829706.048174,27820318186.30704
2024-04-15,0.49791561,1321064855.946799,27445056148.82514
2024-04-16,0.49650403,1040466989.765344,27367250169.946976
2024-04-17,0.49513313,979477959.783818,27291686376.86732
2024-04-18,0.50261237,786601846.808732,27708589980.622387
2024-04-19,0.50426108,1131818081.842043,27799481818.75294
2024-04-20,0.52919028,641167815.108119,29173806976.078773
2024-04-21,0.52465252,469544061.728649,28923644459.066124
2024-04-22,0.55698285,989387175.996626,30705987613.98632
2024-04-23,0.54520801,772710456.617334,30056850727.251453
2024-04-24,0.52684962,809421155.765421,29044768569.43845
2024-04-25,0.52553187,727235986.320207,28972121909.37644
2024-04-26,0.52622842,663271454.701546,29066707420.894657
2024-04-27,0.51799319,418812335.918385,28611826628.92813
2024-04-28,0.50980711,305405671.202462,28159661448.947346
2024-04-29,0.51529134,645571283.33625,28462587665.954803
2024-04-30,0.49985293,771083490.404387,27609833291.982765
2024-05-01,0.51693209,999439791.711019,28616934778.482296
2024-05-02,0.51855935,661835908.832198,28643099353.40077
2024-05-03,0.53185337,644487045.449137,29377406489.63538
2024-05-04,0.53024639,358517466.31323,29288643399.74114
2024-05-05,0.52953935,273990413.06058,29249589561.22814
2024-05-06,0.54074529,1024871647.713123,29868560045.948643
2024-05-07,0.52535521,627104516.438493,29018474937.20172
2024-05-08,0.51717824,620333433.652736,28630561445.08544
2024-05-09,0.52090492,522741170.503497,28836867134.082924
2024-05-10,0.50262358,590035877.095324,27824827664.27672
2024-05-11,0.50613719,226570126.905615,28019338107.77229
2024-05-12,0.49915187,175291827.644283,27632636406.38724
2024-05-13,0.50459265,524247515.741041,27933833367.51144
2024-05-14,0.49987889,497983410.916958,27672883434.536407
2024-05-15,0.51899984,478231853.276415,28731403822.146137
2024-05-16,0.51577638,510642801.604816,28516734977.82052
2024-05-17,0.52380952,458782727.949345,28960878982.38576
2024-05-18,0.52129057,206942326.659634,28821608544.45842
2024-05-19,0.50966041,227839106.745848,28178589466.877563
2024-05-20,0.5373762,721756470.170598,29710966245.58588
2024-05-21,0.53697277,965139580.993757,29688661225.7456
2024-05-22,0.52654893,531695119.071816,29112337757.116714
2024-05-23,0.52815767,996125604.757541,29276030670.569897
2024-05-24,0.53558096,517263678.363894,29687507189.439545
2024-05-25,0.54186047,258761212.621139,30035583903.96608
2024-05-26,0.52808679,206121896.228966,29272101866.18824
2024-05-27,0.53384228,414205529.115065,29591131603.1938
2024-05-28,0.52844773,464204043.202313,29292109276.441048
2024-05-29,0.52307787,476738499.67069,28994455194.57134
2024-05-30,0.5187732,498102002.129284,28766160054.79156
2024-05-31,0.51783608,458762403.101199,28714196335.114025
2024-06-01,0.51807196,171773954.921946,28727276001.049267
2024-06-02,0.51338516,226164275.945866,28467391510.04738
2024-06-03,0.5201276,369732439.305685,28841261911.541832
2024-06-04,0.52565497,398691938.502817,29147756981.61428
2024-06-05,0.52564102,383842701.52336,29146983218.164787
2024-06-06,0.52152136,402427687.588329,28947647195.04916
2024-06-07,0.4989823,792604619.378489,27696590651.15324
2024-06-08,0.49324613,256790318.611313,27378197565.46988
2024-06-09,0.4984801,151713464.706394,27668715308.279667
2024-06-10,0.49643039,357649433.487868,27554943986.023155
2024-06-11,0.48037313,635599652.707996,26663667009.0134
2024-06-12,0.49144216,545335833.925241,27278066284.78769
2024-06-13,0.47683787,423887903.863004,26498101553.92318
2024-06-14,0.47442171,542222116.496954,26363834198.470764
2024-06-15,0.49073199,317413910.788437,27270204265.59556
2024-06-16,0.4887961,278981543.25682,27162626069.667755
2024-06-17,0.50502646,888250854.526482,28064554465.63497
2024-06-18,0.49032165,908888659.778242,27247401660.229687
2024-06-19,0.49324691,422120199.084661,27409959328.180927
2024-06-20,0.48868,465407115.855755,27179495076.778072
2024-06-21,0.48868427,482946836.460599,27179732828.079903
2024-06-22,0.48626517,152923102.314221,27045186720.69333
2024-06-23,0.47930896,170333465.240966,26658295066.19462
2024-06-24,0.47417153,598422822.095852,26372560098.340523
2024-06-25,0.47555263,355457780.490109,26449374371.970512
2024-06-26,0.46941111,365631549.337613,26140719783.578167
2024-06-27,0.47450515,351845310.533684,26424398168.72092
2024-06-28,0.47091969,400694499.101212,26224729980.579823
2024-06-29,0.4717691,127486187.629515,26272032407.34664
2024-06-30,0.47552019,162596414.869768,26480924143.147923
2024-07-01,0.47656567,343644807.641781,26539145397.416576
2024-07-02,0.48417729,360749017.138616,26963023500.025265
2024-07-03,0.46682292,498774714.444713,25996587691.819103
2024-07-04,0.43373019,624688150.26842,24168775115.46912
2024-07-05,0.4251898,977579980.958151,23692878222.836468
2024-07-06,0.44881316,275355564.554461,25009244527.098785
2024-07-07,0.41994759,262250667.967971,23400766425.437885
2024-07-08,0.43122753,686844900.014174,24029319448.959896
2024-07-09,0.43591578,414397201.227874,24290563111.25152
2024-07-10,0.43916683,409550766.671178,24471721555.000835
2024-07-11,0.44888992,475193325.952963,25050454287.01208
2024-07-12,0.47500157,737639777.985022,26507623792.013515
2024-07-13,0.52711736,1362791519.233904,29415963157.475792
2024-07-14,0.52331513,661521798.529554,29203778290.12213
2024-07-15,0.53716425,805321039.296226,29976633585.060524
2024-07-16,0.57915094,1532268016.674201,32319715027.6228
2024-07-17,0.62592235,1667391382.7603,34994994070.28658
2024-07-18,0.56992518,1248483200.61485,31864221650.559048
2024-07-19,0.57420753,1339060833.670017,32103645480.041897
2024-07-20,0.59417209,605923735.415835,33219853929.75017
2024-07-21,0.59769146,788140768.386899,33416620013.317787
2024-07-22,0.60739016,885908169.610937,33958869180.435
2024-07-23,0.59745876,731096535.78715,33403609833.096333
2024-07-24,0.61861595,869623885.398009,34586497293.17376
2024-07-25,0.59964019,1032636397.477368,33556386146.971176
2024-07-26,0.60359629,626370948.472563,33777772943.708027
2024-07-27,0.59788365,519277275.954622,33458088282.946808
2024-07-28,0.60199631,367208878.884916,33688236588.586346
2024-07-29,0.60212772,497085266.266519,33695590428.10957
2024-07-30,0.62656143,968604199.358771,35062921760.04899
2024-07-31,0.62424518,1029951681.525603,34933302790.34116
2024-08-01,0.59626292,881600225.846577,33367391046.11344
2024-08-02,0.56039619,796789602.124211,31381785572.15006
2024-08-03,0.55628944,521634153.719152,31151810582.74144
2024-08-04,0.5240786,484888269.829943,29348026242.076
2024-08-05,0.49008376,1955657662.492908,27444339447.659687
2024-08-06,0.50595949,744908572.762545,28333368987.26956
2024-08-07,0.59810945,2082646529.478041,33493701052.96545
2024-08-08,0.61789367,1561163317.853038,34601603227.86934
2024-08-09,0.5809909,910107278.362423,32596123521.421
2024-08-10,0.58550754,464479774.848186,32849526527.81416
2024-08-11,0.55308233,483377247.67784,31030331045.999664
2024-08-12,0.56857374,645988563.949118,31904424218.73272
2024-08-13,0.57596821,552542655.642096,32319350804.00914
2024-08-14,0.56893165,499406364.944316,31924507927.208824
2024-08-15,0.56108157,517412108.460973,31484015843.048782
2024-08-16,0.56384212,422949654.338295,31638918371.146114
2024-08-17,0.56652814,168210034.501673,31789639368.691727
2024-08-18,0.56561373,244898280.365407,31738329052.89428
2024-08-19,0.59821019,759559521.482573,33567417035.849884
2024-08-20,0.59441956,557414816.849311,33354713071.85464
2024-08-21,0.60013139,542368428.826769,33675221099.88698
2024-08-22,0.59764529,421062346.911567,33575769011.12503
2024-08-23,0.61185928,574742555.351336,34374312576.95828
2024-08-24,0.61325459,485923676.285564,34452700963.938286
2024-08-25,0.60075171,357277363.244709,33750287831.201027
2024-08-26,0.58804869,513453355.618416,33036631201.066044
2024-08-27,0.56753187,684820291.425107,31883994381.024395
2024-08-28,0.57009631,646328802.63909,32028064548.00686
2024-08-29,0.56181012,447401528.917383,31602696193.71362
2024-08-30,0.56751883,520117823.420489,31923820458.81359
2024-08-31,0.56616078,171272742.520967,31847427762.91952
2024-09-01,0.54818434,289146389.768631,30836225076.184746
2024-09-02,0.56752433,370763751.736918,31924129494.66352
2024-09-03,0.55688766,359561626.004127,31325800043.99916
2024-09-04,0.55860061,538683537.483515,31422156355.47204
2024-09-05,0.54411763,397581253.991894,30607466248.361923
2024-09-06,0.52148483,738547012.322143,29374914947.774952
2024-09-07,0.52555354,206775809.874829,29604102792.70825
2024-09-08,0.52879939,182700865.776576,29786939692.59232
2024-09-09,0.53950728,378545892.487554,30390107937.183662
2024-09-10,0.54133573,299349042.699709,30493103820.580368
2024-09-11,0.53532529,384316616.866288,30154539457.574223
2024-09-12,0.56237599,795463687.756929,31710145324.02188
2024-09-13,0.57385693,640598034.793944,32357510039.72405
2024-09-14,0.59860294,529603053.054786,33752839032.695786
2024-09-15,0.57117364,330368906.478181,32206209791.176243
2024-09-16,0.58545853,562106902.41822,33011677996.23662
2024-09-17,0.58456509,425605678.232462,32961300178.31085
2024-09-18,0.58587889,475932914.876499,33035380415.892715
2024-09-19,0.58775197,592207265.41015,33169493238.20452
2024-09-20,0.58562931,585928476.659108,33049701862.73522
2024-09-21,0.5980867,441972275.013657,33752728368.04802
2024-09-22,0.58848621,400816210.017806,33210929914.803703
2024-09-23,0.58583335,462678825.678203,33061217039.24144
2024-09-24,0.59194001,471199989.406545,33405843390.738365
2024-09-25,0.58383624,469114858.608108,32990050865.245857
2024-09-26,0.5904936,509105048.515832,33366229268.99412
2024-09-27,0.58921603,515250055.721224,33328438992.926807
2024-09-28,0.61565621,1251150524.326311,34824002463.55444
2024-09-29,0.64198718,1247935452.246211,36313388686.15049
2024-09-30,0.61166043,923695860.378916,34597984805.658
2024-10-01,0.59878009,1311521676.020502,33869420998.51745
2024-10-02,0.5393705,1154337735.196059,30508974674.16898
2024-10-03,0.52189069,1055611406.387594,29520245798.411182
2024-10-04,0.53470266,746090056.233755,30244942845.058296
2024-10-05,0.5309646,316276417.470395,30033502715.974453
2024-10-06,0.53339776,264126490.069508,30171132419.366405
2024-10-07,0.53087526,596312524.1767,30028449435.33632
2024-10-08,0.53080753,398524765.126401,30067623683.801888
2024-10-09,0.52418848,369784532.414571,29692686973.11818
2024-10-10,0.52986668,565896613.129309,30014328989.387768
2024-10-11,0.538098,460075158.953517,30480592643.933968
2024-10-12,0.53943788,221005003.823979,30556489947.29428
2024-10-13,0.53147964,282436307.232796,30105695003.5582
2024-10-14,0.5476957,464357864.363959,31024254656.21914
2024-10-15,0.54006677,663085240.374182,30592113363.496727
2024-10-16,0.54851114,450892720.192896,31070445287.475643
2024-10-17,0.54350117,601747502.852691,30820014560.37809
2024-10-18,0.5466245,428688513.861407,30997127045.398
2024-10-19,0.5439863,210560353.837399,30847524667.83868
2024-10-20,0.54702343,261835618.833478,31019749196.965263
2024-10-21,0.54470549,562441508.622763,30888307260.359287
2024-10-22,0.53364016,551174432.114478,30260831575.798702
2024-10-23,0.52560201,421917676.000377,29805016701.89952
2024-10-24,0.53141139,407536088.426442,30160974486.576355
2024-10-25,0.50378075,598239614.161272,28620722657.650192
2024-10-26,0.5126892,272672595.469456,29126828345.37604
2024-10-27,0.5165568,159816924.363936,29346554366.230625
2024-10-28,0.51916648,379595751.121153,29494814946.60871
2024-10-29,0.52752299,458358226.138508,29969564068.58792
2024-10-30,0.52349042,367430995.171695,29740466063.694305
2024-10-31,0.50938603,426750447.325348,28968102561.34821
2024-11-01,0.51344804,551064667.86073,29199103267.071167
2024-11-02,0.51093429,178446780.84549,29056149710.935223
2024-11-03,0.50386118,380610507.661553,28653911609.23549
2024-11-04,0.50299569,450533961.832351,28604692448.33388
2024-11-05,0.5149433,496553238.587231,29284136744.0244
2024-11-06,0.54245212,1023988666.856575,30848526727.683147
2024-11-07,0.55436638,808126295.844863,31526074515.381264
2024-11-08,0.55376427,781019462.175895,31491833535.307003
2024-11-09,0.55965104,575220086.895087,31826606070.11072
2024-11-10,0.58829279,2130256743.494161,33455424340.05568
2024-11-11,0.61961953,2138431736.826628,35236934088.49627
2024-11-12,0.71109864,6238876963.493228,40439229008.58888
2024-11-13,0.69102093,3258045656.770142,39297436071.924255
2024-11-14,0.76919019,5160503981.121779,43790953082.70297
2024-11-15,0.89544733,6671321327.299666,50978928949.512825
2024-11-16,1.12561229,12627316454.667036,64082505690.51908
2024-11-17,1.0574382,6529305055.435096,60201270110.74274
2024-11-18,1.12406681,5445572288.012953,63994519633.758224
2024-11-19,1.10224918,2398077459.17522,62752414974.37297
2024-11-20,1.10859811,3367436852.645774,63113867492.51593
2024-11-21,1.2484541,4536335187.162591,71076042961.12926
2024-11-22,1.46588237,13088824085.210287,83553612477.47638
2024-11-23,1.46246189,9089139366.387156,83358648959.29329
2024-11-24,1.42442872,7311070404.233212,81190802149.18225
2024-11-25,1.41226284,6911274772.269362,80497360719.13242
2024-11-26,1.40319392,5730261815.426242,79980442765.00739
2024-11-27,1.47164377,4637012519.811829,83882005722.72731
2024-11-28,1.53292823,3477449826.566573,87455840972.61725
2024-11-29,1.80022705,9496620929.359997,102705637292.8523
2024-11-30,1.93718648,9933733266.74557,110519377285.68073
2024-12-01,2.28166748,11489340557.56256,130172531959.2196
2024-12-02,2.71028136,32615294323.692207,154625592647.30423
2024-12-03,2.53107079,19645259587.003426,144401362634.10757
2024-12-04,2.34288846,13206319025.843525,133665280232.9566
2024-12-05,2.2552947,13200895254.5865,128816190406.79884
2024-12-06,2.42354896,7116135420.217553,138426407955.18237
2024-12-07,2.59049218,7889079071.658975,147961742535.30008
2024-12-08,2.60751879,5437458027.092206,148934255312.09067
2024-12-09,2.21988408,12409274293.319698,126793633850.52696
2024-12-10,2.36258562,19062065784.98682,134944350853.20764
2024-12-11,2.39650302,9341116279.6286,136881618635.1627
2024-12-12,2.33925651,7010796870.088036,133777098340.87048
2024-12-13,2.42379027,4919117722.807516,138611403717.55942
2024-12-14,2.40070811,4978267141.560895,137291384108.11472
2024-12-15,2.44821744,3685386804.633444,140008341871.57535
2024-12-16,2.48761218,6389500161.827085,142261242826.5706
2024-12-17,2.560868,10783003483.43784,146450587281.49866
2024-12-18,2.29865317,12099951389.212015,131455079611.5988
2024-12-19,2.25330819,15315899399.060076,129007257795.86612
2024-12-20,2.27470204,17300606283.48749,130232106260.95566
2024-12-21,2.2351838,10111543296.639652,127969593026.6467
2024-12-22,2.19847519,7943015068.630678,125867937885.5348
2024-12-23,2.25537948,6266531417.815367,129125844239.235
2024-12-24,2.3241306,3047106673.261591,133062009464.55516
2024-12-25,2.29639997,1617457478.385448,131474364532.7119
2024-12-26,2.15537164,2497080089.32014,123740375281.94838
2024-12-27,2.14220648,2404953755.972052,122984560602.38156
2024-12-28,2.18101185,1183063651.756996,125212385649.28143
2024-12-29,2.09281558,1331547476.44053,120149017700.2977
2024-12-30,2.05555138,3279784805.31759,118009671475.05324
2024-12-31,2.07786958,2226306990.373458,119290964476.36417
2025-01-01,2.31853282,3511796891.009884,133107495871.26036
2025-01-02,2.40267087,3827897091.220343,137937880122.1802
2025-01-03,2.4551555,3395356502.182217,140951034906.62204
2025-01-04,2.42172915,1951745547.612702,139032020571.31714
2025-01-05,2.40466457,2360248845.01191,138052339071.06195
2025-01-06,2.4220351,2049515691.610512,139143613944.11288
2025-01-07,2.27383255,3825855365.512227,130629518487.49864
2025-01-08,2.3789347,4402185817.194966,136667537285.9853
2025-01-09,2.27459211,2954740561.968979,130673154391.81848
2025-01-10,2.34296845,2615148278.726854,134704567551.92812
2025-01-11,2.57459885,3944335463.766601,148021722034.26294
2025-01-12,2.50376532,2594346649.485863,143949281020.50443
2025-01-13,2.52143361,5625837765.667303,144965086197.43472
2025-01-14,2.66681852,4368141356.989595,153323718109.82404
2025-01-15,3.16358125,15166746852.844105,181884158141.13525
2025-01-16,3.24399492,16935557413.359304,186738757272.69684
2025-01-17,3.30922129,8184811673.649264,190493476537.70377
2025-01-18,3.27488519,5558958261.873358,188516938226.457
2025-01-19,2.95719828,7110760136.432298,170229468349.8483
2025-01-20,3.10696668,10889245079.503958,178850802790.14636
2025-01-21,3.16972389,4992423442.053636,182463386752.07312
2025-01-22,3.16953213,3893814249.229355,182452348388.8164
2025-01-23,3.11949635,4247597960.93266,179572066406.98
2025-01-24,3.10391471,3149867165.531585,178913403290.7088
2025-01-25,3.11576711,1553124788.432809,179596590210.03912
2025-01-26,3.02564931,1756293679.072432,174402091272.46756
2025-01-27,3.0549691,9315292789.367754,176092119428.92004
2025-01-28,3.05639031,4898789152.867445,176174039564.49673
2025-01-29,3.06915445,3707350236.779196,176909779782.43237
2025-01-30,3.13021791,2338427678.992733,180625255931.6155
2025-01-31,3.03404004,2126336939.516027,175075433648.42468
2025-02-01,2.88755004,2385431302.189343,166622414078.99084
2025-02-02,2.5751536,8457314048.154547,148595973723.1125
2025-02-03,2.68978214,22490828861.784927,155210468201.47607
2025-02-04,2.53788973,7313468529.679078,146445709280.60263
2025-02-05,2.38002375,3877408580.932766,137336253303.03218
2025-02-06,2.31806087,3457624564.583519,133897096646.74548
2025-02-07,2.39303659,4721787627.755081,138227885347.9147
2025-02-08,2.42611304,1835133324.281279,140138465420.87375
2025-02-09,2.39502771,2296610842.022893,138342897268.463
2025-02-10,2.42145234,2316603019.24228,139869251568.83328
2025-02-11,2.41770801,2691182600.296552,139652969235.7438
2025-02-12,2.47066158,2700612083.059117,142711702571.31815
2025-02-13,2.55670178,2446599127.189144,147825594764.36942
2025-02-14,2.73991704,4809954945.016908,158418893352.2291
2025-02-15,2.76355469,2286100373.16029,159785595231.50134
2025-02-16,2.72503576,1693903456.910412,157558474373.1826
2025-02-17,2.65625165,2520774682.032825,153581455455.5993
2025-02-18,2.56016591,3057298316.288272,148025887009.78192
2025-02-19,2.73198441,3003708729.193168,157960237506.54694
2025-02-20,2.69073658,2296749770.904918,155760837036.96875
2025-02-21,2.56767909,3546448825.723971,148637308931.01404
2025-02-22,2.57569152,1133390452.421635,149101131120.6689
2025-02-23,2.57726637,1161487242.936863,149192295924.61935
2025-02-24,2.28211172,4824671074.531363,132106440707.84372
2025-02-25,2.32243592,7650066064.115579,134440720036.54842
2025-02-26,2.19345645,3796099011.89935,126974381285.4091
2025-02-27,2.19736658,2576664849.270276,127336818948.60374
2025-02-28,2.14595513,4930064849.659596,124357538409.78355
2025-03-01,2.190855,1777743673.881306,126959474585.22386
2025-03-02,2.9480699,11383248349.702234,170839879986.44867
2025-03-03,2.39709066,8179925853.673951,138910777202.89056
2025-03-04,2.4574209,6873842869.203056,142406898484.70987
2025-03-05,2.50189413,3142406991.389873,144984110355.26367
2025-03-06,2.5997482,3696513006.593412,150654728133.36066
2025-03-07,2.38060824,5617260705.780817,138178357647.6036
2025-03-08,2.32452344,1674878482.945373,134923010962.34949
2025-03-09,2.13491944,3105202127.857565,123917769382.81136
2025-03-10,2.04184598,4402464486.903645,118515478499.9721
2025-03-11,2.16739546,4600331837.206471,125802784775.30836
2025-03-12,2.23792484,3407857510.731594,129896542254.36617
2025-03-13,2.25014215,3120108268.704831,130753329743.30215
2025-03-14,2.35553666,2574182867.730003,136877690886.64572
2025-03-15,2.3924897,1887549686.489873,139024992088.03806
2025-03-16,2.29918739,1894554674.773893,133603295926.24403
2025-03-17,2.34098147,1826710913.528377,136031904514.1214
2025-03-18,2.28550615,1966855915.190531,132808293672.08104
2025-03-19,2.54955351,7113860224.926248,148151800248.61646
2025-03-20,2.43455695,3025062635.045013,141589234987.02142
2025-03-21,2.38821034,1851664357.742277,138893803356.39514
2025-03-22,2.38270473,861317931.682749,138573607418.01425
2025-03-23,2.44424854,1331889562.588531,142152879216.95462
2025-03-24,2.4461125,2121917371.720112,142261283804.175
2025-03-25,2.45061627,1430595696.285111,142523214241.6515
2025-03-26,2.3492749,1715190314.368107,136741183789.87076
2025-03-27,2.34030585,1465461736.409573,136219134233.98833
2025-03-28,2.20970337,2661051712.263017,128617325364.3713
2025-03-29,2.15191659,2781611600.146542,125253806067.86575
2025-03-30,2.13049682,1610040103.598513,124007052927.03049
2025-03-31,2.09090627,2600168933.353713,121702657879.21846
2025-04-01,2.13917883,2477138621.018745,124512395613.26942
2025-04-02,2.03379167,3987381677.375845,118378262266.44952
2025-04-03,2.06020677,2873338650.947485,120058497233.20251
2025-04-04,2.12774942,2895395294.778127,123994543393.15192
2025-04-05,2.14734781,953038023.392992,125136639176.52008
2025-04-06,1.91826358,2534419050.721144,111786760999.54572
2025-04-07,1.89981665,8136092543.815808,110711766897.65675
2025-04-08,1.79832805,3356745307.312246,104797521237.19482
2025-04-09,2.05333091,5338381005.906217,119657806507.15443
2025-04-10,1.96972001,2549756546.290709,114785383158.9848
2025-04-11,2.02306004,1942872078.381725,118021563200.8068
2025-04-12,2.15671948,1874765932.053106,125819006470.22375
2025-04-13,2.11531716,2309029653.106291,123403672179.51172
2025-04-14,2.1281579,1738074705.510545,124152776905.67958
2025-04-15,2.0907635,1529275681.379471,121971257451.19913
2025-04-16,2.08237171,1873744744.095285,121481695907.26144
2025-04-17,2.06715815,1285796679.217813,120594165293.6279
2025-04-18,2.06453629,839208197.241464,120556878053.31816
2025-04-19,2.08574436,606306249.666891,121795305537.67976
2025-04-20,2.07516597,797165817.012984,121177589224.76978
2025-04-21,2.08522423,1433782127.376446,121764933399.01492
2025-04-22,2.21920993,2735377484.118519,129588916436.37068
2025-04-23,2.21858838,2678276548.325698,129552621409.9033
2025-04-24,2.2053070015163034,2501390519.2660136,128777066640.55933
2025-04-25,2.1841572963984666,1823507990.4837503,127542047215.36584
2025-04-26,2.194839006265908,1306765766.9287648,128276791329.64822
2025-04-27,2.2569550816698176,2282957976.0278635,131907149100.79068
2025-04-28,2.298905655153988,2778767768.6027894,134358939389.56596
