date,price,vol_spot_24h,market_cap
2025-02-26,6.733e-05,10507975.463099,368881310.0956192
2025-02-25,6.776e-05,18907994.189946,371215241.6571272
2025-02-24,6.528e-05,12005760.452298,357757528.97983354
2025-02-23,7.23e-05,5450042.759718,396224419.3057416
2025-02-22,7.423e-05,6126094.345914,406957875.9985221
2025-02-21,7.289e-05,11731144.83443,399851263.3459368
2025-02-20,7.581e-05,7900578.425859,416003603.2398108
2025-02-19,7.511e-05,9565447.464501,412168525.0345035
2025-02-18,7.246e-05,10155267.745615,397671998.5299954
2025-02-17,7.687e-05,11458959.070391,421935657.56756896
2025-02-16,7.657e-05,8685270.924201,420312813.5781095
2025-02-15,7.913e-05,12881873.445317,434426891.73979294
2025-02-14,7.959e-05,12498289.99375,436996576.22132427
2025-02-13,7.782e-05,15697441.963041,427283959.6400856
2025-02-12,8.191e-05,38883976.543638,449787254.02622944
2025-02-11,7.514e-05,17416259.819853,412747238.18332297
2025-02-10,7.333e-05,23829518.787393,402889378.3252676
2025-02-09,6.898e-05,15287366.620922,379004889.1024355
2025-02-08,6.867e-05,12530286.128035,377363308.59068274
2025-02-07,6.437e-05,11346662.24545,353710694.9637961
2025-02-06,6.219e-05,18407869.753392,341719608.32109326
2025-02-05,6.512e-05,30999118.3238,357804321.66188514
2025-02-04,6.399e-05,20997257.192034,351632069.57193416
2025-02-03,6.7e-05,61786184.152304,368244419.05340445
2025-02-02,6.389e-05,27837735.758096,351468157.7361128
2025-02-01,7.181e-05,16415907.403781,395122612.232857
2025-01-31,7.817e-05,12539674.102703,430244160.63291246
2025-01-30,7.783e-05,9349547.455557,428332392.21989685
2025-01-29,7.521e-05,12110253.966934,413975331.99902177
2025-01-28,7.242e-05,13097750.986562,398554914.5627855
2025-01-27,7.746e-05,27204872.90864,426328365.59174776
2025-01-26,7.874e-05,8656283.792604,433403897.4382281
2025-01-25,8.17e-05,11514184.50035,449660050.50867647
2025-01-24,8.06e-05,12559990.659036,443620916.7786072
2025-01-23,8.301e-05,22611731.963666,456761459.31124055
2025-01-22,8.225e-05,24638935.200234,452824783.305076
2025-01-21,8.862e-05,18200278.683008,487982845.8267965
2025-01-20,8.665e-05,37750622.27321,477137626.3866012
2025-01-19,8.462e-05,41486220.550112,465958160.913602
2025-01-18,9.718e-05,20245014.98247,535199702.07290936
2025-01-17,0.0001073,19866991.731243,590895292.0271232
2025-01-16,0.00010291,17387904.370741,566591605.996752
2025-01-15,0.0001057,26095273.35458,581772810.7692013
2025-01-14,0.00010281,10410328.901137,565969887.6999604
2025-01-13,9.988e-05,22006223.45092,549806544.7314813
2025-01-12,0.0001009,8759514.067121,555526423.210595
2025-01-11,0.00010301,8747244.647938,567073718.4737319
2025-01-10,0.00010413,11880889.438234,573219420.2666883
2025-01-09,0.00010134,15393034.625253,557984834.1013503
2025-01-08,0.00010489,23935176.145987,577386629.2060175
2025-01-07,0.00010804,25767440.614389,594766521.8284359
2025-01-06,0.00012007,23911957.601212,661021680.9637451
2025-01-05,0.00012146,47370728.8316,668613338.3225157
2025-01-04,0.00011839,15264956.024692,651839828.2889372
2025-01-03,0.00011862,19801764.719727,653132467.038448
2025-01-02,0.00011419,15471909.537705,628871714.0697253
2025-01-01,0.00011189,17099039.561132,616175311.3408903
2024-12-31,0.00010775,15534019.387228,593809068.5969055
2024-12-30,0.00010862,17106276.905954,598441478.1085259
2024-12-29,0.00011043,14905794.864281,608426402.3520432
2024-12-28,0.00011493,15052176.319023,633303055.434678
2024-12-27,0.00011349,34241936.464385,625342944.8087593
2024-12-26,0.00010995,18731241.996065,605821834.0423676
2024-12-25,0.0001165,20373524.279752,641962786.8069216
2024-12-24,0.00012041,27218262.237125,663462682.2127181
2024-12-23,0.00011721,37521717.39114,645891523.4226806
2024-12-22,0.00010837,18665208.161047,597386491.6066837
2024-12-21,0.00010805,33815184.354539,595670298.785897
2024-12-20,0.00010976,56051060.020543,605166419.8248698
2024-12-19,0.00010381,44738982.770741,572402376.1483052
2024-12-18,0.00011394,35969095.821448,628258438.3903049
2024-12-17,0.00012497,30661134.484845,689058107.5211105
2024-12-16,0.00013081,26895117.922522,721288752.7433307
2024-12-15,0.00013384,38836158.920043,737891106.3653395
2024-12-14,0.00012907,25623902.057361,711578271.7051082
2024-12-13,0.00013348,25740015.573695,735950975.211544
2024-12-12,0.00013429,37447123.236092,740829568.5415568
2024-12-11,0.00013445,43719884.545232,741853727.9582018
2024-12-10,0.00012421,66913965.753685,685176026.3998744
2024-12-09,0.00012928,86749525.438137,713025896.8911852
2024-12-08,0.00016191,33428534.919594,892937463.6191733
2024-12-07,0.00016471,42874834.949847,908310103.8881376
2024-12-06,0.00017049,59897067.142653,940213818.0588686
2024-12-05,0.00016627,107158343.120391,916856933.891059
2024-12-04,0.00016326,113519347.88554,900042914.0833232
2024-12-03,0.00016176,182999423.932468,891207006.8647102
2024-12-02,0.00014256,103818259.916752,784974733.3945163
2024-12-01,0.00013248,62915680.986209,729434008.9495994
2024-11-30,0.00013413,71965038.333564,738498898.6538476
2024-11-29,0.00012479,32691805.790779,686857495.3245931
2024-11-28,0.00012133,28304692.671051,667720276.1621532
2024-11-27,0.00012213,24694130.180879,672197098.1922724
2024-11-26,0.00011667,35721155.419279,642282200.6218251
2024-11-25,0.0001176,44788743.479914,647545002.8672996
2024-11-24,0.00012471,70831294.865584,686533635.2890358
2024-11-23,0.00012128,65302007.729416,667660606.2570332
2024-11-22,0.00011717,59614015.146531,644805282.6990204
2024-11-21,0.00011033,34001731.954269,606630234.0371962
2024-11-20,0.00010431,23749509.374826,573274099.86748
2024-11-19,0.00010868,25758509.76682,597158093.4354997
2024-11-18,0.00011249,33406044.705426,618077255.0909948
2024-11-17,0.00010781,47728154.322702,589544180.0561193
2024-11-16,0.00011644,169848409.232009,636502125.2547867
2024-11-15,0.00010282,36033016.086223,561888710.3890817
2024-11-14,9.708e-05,32507603.949001,530416903.3525459
2024-11-13,0.00010015,52083609.222745,547024523.8393418
2024-11-12,0.00010444,70631884.370336,570540767.8938223
2024-11-11,0.00010541,45856290.499851,575387033.8835071
2024-11-10,0.00010276,72780537.540665,560798147.5141656
2024-11-09,9.52e-05,26527056.205762,519403008.873468
2024-11-08,9.205e-05,17132783.249555,502253408.6096559
2024-11-07,9.278e-05,20281287.360435,506250096.0053631
2024-11-06,9.318e-05,25539223.758642,508343575.8849636
2024-11-05,8.661e-05,11952942.592451,472402115.8354698
2024-11-04,8.285e-05,15638678.84353,451942091.0266568
2024-11-03,8.329e-05,17884712.904527,475633056.9609293
2024-11-02,8.69e-05,10944639.982554,496295419.5747556
2024-11-01,8.937e-05,15796116.037954,510442593.68862647
2024-10-31,9.174e-05,55097767.481009,524047222.6530187
2024-10-30,9.431e-05,21314821.397213,538566928.711076
2024-10-29,9.32e-05,16508689.929006,532227478.70740914
2024-10-28,9.206e-05,15846411.001688,525691857.0803918
2024-10-27,9.182e-05,18929271.397313,524198915.1351199
2024-10-26,8.831e-05,15073217.7017,504125559.90530914
2024-10-25,8.555e-05,32608011.518293,488352442.07456654
2024-10-24,9.061e-05,13642997.513638,517162050.7395486
2024-10-23,8.941e-05,15405057.545651,510370811.8494263
2024-10-22,9.342e-05,28271329.88971,533313426.3057402
2024-10-21,9.259e-05,26497098.154847,528569743.771852
2024-10-20,9.315e-05,13393099.152868,531874662.8370244
2024-10-19,9.105e-05,8937886.920895,519930599.4828547
2024-10-18,9.108e-05,9966921.517357,519867682.27872
2024-10-17,8.936e-05,11161914.288234,510050076.60383743
2024-10-16,9.117e-05,15577869.801243,520386812.4843375
2024-10-15,8.996e-05,15896280.762196,513515705.97648245
2024-10-14,9.181e-05,15078664.306694,524228487.8421649
2024-10-13,8.757e-05,8480416.540787,500064036.2447557
2024-10-12,8.894e-05,11165425.951488,507878597.1345446
2024-10-11,8.705e-05,9451973.166847,497101427.1783387
2024-10-10,8.437e-05,14843826.610035,481768838.60495687
2024-10-09,8.332e-05,9860555.181307,475708136.33076817
2024-10-08,8.599e-05,13733088.704454,491040490.8407527
2024-10-07,8.905e-05,24914380.930807,508602706.3991157
2024-10-06,8.987e-05,13807989.764118,513344841.7044937
2024-10-05,8.953e-05,18497323.05857,511432278.50872064
2024-10-04,8.73e-05,16818612.238124,498660989.03659743
2024-10-03,8.27e-05,15539262.227675,472383604.0639683
2024-10-02,8.572e-05,23929077.780996,489672280.8929249
2024-10-01,8.822e-05,47534467.834105,503974456.64988697
2024-09-30,9.153e-05,30972440.167339,522877211.892122
2024-09-29,9.906e-05,96170274.681614,565764422.1981617
2024-09-28,9.104e-05,20967122.919588,519900810.89804703
2024-09-27,9.386e-05,21566820.526767,535927133.6594051
2024-09-26,8.99e-05,21836744.616298,513223601.6480776
2024-09-25,8.656e-05,17861148.128961,493773824.1813004
2024-09-24,8.77e-05,12675762.485544,500175078.7449773
2024-09-23,8.608e-05,12407976.675127,490264713.1478999
2024-09-22,8.434e-05,12073113.784355,480428444.5306376
2024-09-21,8.641e-05,9628991.042055,492731878.2368332
2024-09-20,8.527e-05,15123642.097165,486181966.7478975
2024-09-19,8.637e-05,21427646.814846,492610773.62726206
2024-09-18,8.331e-05,12263245.884607,475132759.22987074
2024-09-17,8.183e-05,10805151.983821,466828216.8523718
2024-09-16,8.075e-05,12094302.082286,460711590.5291975
2024-09-15,8.288e-05,15972356.722927,472903477.9599237
2024-09-14,8.968e-05,25587876.722942,511682692.04460686
2024-09-13,8.495e-05,12089506.228748,484936916.7462304
2024-09-12,8.474e-05,10867291.952913,483843639.9993047
2024-09-11,8.303e-05,15103503.189866,474077645.98278177
2024-09-10,8.509e-05,23893004.669426,485909641.48256975
2024-09-09,8.128e-05,12295569.455291,464306904.3968242
2024-09-08,7.697e-05,6825902.839953,439658920.61880976
2024-09-07,7.49e-05,5656347.195039,427743326.0538144
2024-09-06,7.401e-05,8637850.360474,422684714.4345232
2024-09-05,7.594e-05,6523991.489276,433655594.62261057
2024-09-04,7.744e-05,11723196.263779,442210604.28916943
2024-09-03,7.53e-05,10154255.565784,430028420.6161033
2024-09-02,7.827e-05,8499568.565187,446945735.018704
2024-09-01,7.433e-05,7457252.230363,424456366.14922863
2024-08-31,7.832e-05,5296862.264178,447417291.75212735
2024-08-30,8.064e-05,8824472.795572,461159186.8260653
2024-08-29,8.244e-05,9864113.382167,471413414.7420607
2024-08-28,8.246e-05,17453759.010873,471561199.7247296
2024-08-27,8.219e-05,15937799.50288,469873183.76352704
2024-08-26,8.497e-05,20027419.439309,462379797.9761719
2024-08-25,9.287e-05,42859064.792675,505309243.51296914
2024-08-24,9.105e-05,15239809.193129,495379187.14622873
2024-08-23,9.125e-05,18486300.875087,496246400.0632724
2024-08-22,8.505e-05,12691181.260944,462548577.6078751
2024-08-21,8.352e-05,17057006.570646,454169025.56354207
2024-08-20,7.947e-05,15759091.947927,432081342.9706271
2024-08-19,7.807e-05,11244424.83489,424534747.4106448
2024-08-18,7.779e-05,9969578.150325,423007614.70563865
2024-08-17,7.758e-05,5538407.743957,421916363.903788
2024-08-16,7.675e-05,9686128.338568,417460438.91727
2024-08-15,7.661e-05,16682027.442228,416687045.78852046
2024-08-14,8.147e-05,25551726.165971,443112732.5919839
2024-08-13,7.863e-05,10811984.339365,427680585.27668667
2024-08-12,7.911e-05,19438524.515084,430362169.5259501
2024-08-11,7.738e-05,46053226.591329,420971050.48081386
2024-08-10,8.686e-05,57556223.184836,472401974.41279584
2024-08-09,7.07e-05,9149836.166541,384504921.69154817
2024-08-08,7.149e-05,12963460.857254,388738626.3099479
2024-08-07,6.514e-05,15198668.432126,354286032.50211114
2024-08-06,6.686e-05,12292028.166578,363239160.2937333
2024-08-05,6.417e-05,47029161.781586,348626441.1264188
2024-08-04,6.643e-05,12331362.695062,361000030.56927526
2024-08-03,7.121e-05,11633002.201987,387037289.9430999
2024-08-02,7.301e-05,11878923.17747,396904264.65191865
2024-08-01,7.791e-05,14291463.703589,423574343.3104121
2024-07-31,7.821e-05,8937837.857059,425310901.6621257
2024-07-30,8.023e-05,8006684.81666,436634671.19409424
2024-07-29,8.324e-05,12550167.128366,452781230.27886325
2024-07-28,8.286e-05,7830049.507627,450716158.82914495
2024-07-27,8.549e-05,9990036.14396,465121847.9370979
2024-07-26,8.546e-05,9507182.540013,464953556.9913232
2024-07-25,8.155e-05,15749120.80258,443697773.9886377
2024-07-24,8.449e-05,14487346.791796,459717015.9578756
2024-07-23,8.487e-05,15778085.621008,461765768.55825824
2024-07-22,8.864e-05,13944866.302124,482438151.16731054
2024-07-21,9.086e-05,12238480.572632,494278381.35510695
2024-07-20,9.072e-05,13070269.012485,493522967.83576006
2024-07-19,9.034e-05,20852210.585779,491525651.8134392
2024-07-18,8.767e-05,19530723.499863,477045648.33413273
2024-07-17,8.998e-05,35058761.769586,489543152.4531392
2024-07-16,9.328e-05,59641427.105447,507534976.30362207
2024-07-15,8.153e-05,21656906.263048,444877244.0658639
2024-07-14,7.505e-05,10231191.573126,409961432.05882
2024-07-13,7.497e-05,15634852.566248,409172026.88003886
2024-07-12,7.152e-05,12386393.986257,390498674.98852736
2024-07-11,6.975e-05,11320450.643684,380833335.40971184
2024-07-10,7.137e-05,14009803.13992,389695872.9423408
2024-07-09,7.054e-05,10155826.980761,385432827.19171005
2024-07-08,6.936e-05,16226719.428837,379070991.9177773
2024-07-07,6.793e-05,15003376.679988,371339899.2869227
2024-07-06,7.252e-05,10318069.828612,396518380.0719964
2024-07-05,6.669e-05,31566229.482673,364581813.5748305
2024-07-04,6.866e-05,19463205.482597,375543416.82840085
2024-07-03,7.638e-05,13440577.029123,417883532.48741525
2024-07-02,8.168e-05,9244380.535433,446984945.18145615
2024-07-01,8.084e-05,10725327.998048,442464444.2104708
2024-06-30,8.22e-05,8940541.975094,450122930.85300094
2024-06-29,8.045e-05,9078415.059769,440657921.9643001
2024-06-28,8.079e-05,11642684.408909,443529868.7003247
2024-06-27,8.218e-05,15028761.036883,451210621.2753599
2024-06-26,8.252e-05,16497811.108077,453230614.1030334
2024-06-25,8.132e-05,23040057.918135,446664161.53146994
2024-06-24,8.182e-05,70597863.290061,449532879.0337418
2024-06-23,7.459e-05,28213619.832036,409941912.24121374
2024-06-22,7.656e-05,136204428.047572,420876130.3076253
2024-06-21,9.073e-05,8742695.411265,499640600.55396736
2024-06-20,9.092e-05,12462373.563993,500731374.1622784
2024-06-19,9.134e-05,11831111.544189,503002385.3982499
2024-06-18,9.2e-05,33543641.37979,506848826.3642631
2024-06-17,9.49e-05,23101384.390108,523861500.07969606
2024-06-16,0.0001046,32145435.777649,577616527.3114522
2024-06-15,9.551e-05,6526767.283361,527297094.07508606
2024-06-14,9.462e-05,15441283.619627,548666504.1472565
2024-06-13,9.858e-05,18558078.193376,571945080.0868243
2024-06-12,0.0001057,23397144.150719,612302918.3891113
2024-06-11,0.00010071,19251184.263951,583357335.2650807
2024-06-10,0.0001065,11418306.960549,617535207.7734386
2024-06-09,0.00010817,11745433.876165,626802092.9193492
2024-06-08,0.00010509,16123301.685664,608924692.3575549
2024-06-07,0.00010904,34576117.082236,631915573.3731443
2024-06-06,0.00012106,22378703.145065,701567789.9271809
2024-06-05,0.00011909,16099678.742584,689973970.3800062
2024-06-04,0.000119,14495868.284027,689472107.3609055
2024-06-03,0.00011869,20163343.921991,688245132.1149374
2024-06-02,0.00011644,19150569.116864,674499785.048478
2024-06-01,0.00011998,22347414.443159,695035666.6277059
2024-05-31,0.00011939,40212676.382924,691856640.3430103
2024-05-30,0.00012177,96180166.692135,705698245.0513698
2024-05-29,0.00011348,32422532.990119,657733662.5175084
2024-05-28,0.00011469,23222994.217504,664805051.4102764
2024-05-27,0.00011567,24897564.205876,670763839.6303498
2024-05-26,0.00011148,13883410.288339,645725058.8877305
2024-05-25,0.00011425,15222405.472527,661759529.3035498
2024-05-24,0.00011436,20903320.270022,662365932.9146996
2024-05-23,0.00011386,40531556.385722,659613379.9064716
2024-05-22,0.00011596,104205921.698364,671793425.5137055
2024-05-21,0.00011105,25684472.919224,642989068.6993239
2024-05-20,0.00011073,15625654.344697,641018261.3860713
2024-05-19,0.00010381,10567428.617019,601029814.8689432
2024-05-18,0.00010826,11347832.359915,626868848.2329813
2024-05-17,0.00010909,13636676.917724,632407388.6034576
2024-05-16,0.00010735,18904463.297391,622432321.2039664
2024-05-15,0.00010913,23104520.328235,632861170.2065469
2024-05-14,0.00010201,16658562.186174,591682127.2839096
2024-05-13,0.0001047,18978001.289738,607361475.5564574
2024-05-12,0.00010444,10535349.006609,605706847.9238632
2024-05-11,0.00010507,23887491.329316,609390377.1251191
2024-05-10,0.00010323,19506030.945038,598770811.4876072
2024-05-09,0.00010706,18878569.189127,621036115.5101174
2024-05-08,0.00010407,41300251.634852,603745520.5549152
2024-05-07,0.00010336,19211997.300835,599687394.7463473
2024-05-06,0.00010751,51225863.587104,623518893.6616615
2024-05-05,0.00011297,32034203.551432,655212660.0874895
2024-05-04,0.00010858,18943411.533959,629698980.0259589
2024-05-03,0.00010711,19361685.35525,621223212.8699807
2024-05-02,0.000104,21377384.422232,603060352.2335032
2024-05-01,0.00010016,24381285.885683,580802494.0383552
2024-04-30,9.976e-05,22989061.685592,578602018.9870791
2024-04-29,0.00010455,17038466.141451,606410968.777503
2024-04-28,0.00010539,11883210.637805,611970452.9866138
2024-04-27,0.00010691,18552199.259269,620983355.1545622
2024-04-26,0.00010667,38294897.298522,620202129.222261
2024-04-25,0.00010901,27699647.248855,634134437.8896483
2024-04-24,0.00010443,28230360.883337,607528784.2329828
2024-04-23,0.00011131,46564020.418788,648146757.5158818
2024-04-22,0.00011094,19544450.290377,645430920.3981607
2024-04-21,0.00010822,20451053.254283,629702664.169114
2024-04-20,0.00011009,26286008.465671,641135059.3550918
2024-04-19,0.00010058,25445097.557159,586053170.4361156
2024-04-18,0.00010068,16547227.190377,586297664.4678577
2024-04-17,9.833e-05,19523089.44267,572653123.5624022
2024-04-16,0.00010189,27310191.031197,593568305.481099
2024-04-15,0.00010035,36921266.243302,584605930.8892968
2024-04-14,0.00010334,57902993.26166,601964135.124003
2024-04-13,9.095e-05,75127813.749605,529835401.3259077
2024-04-12,0.000107,52573620.175497,623551493.7278771
2024-04-11,0.00012946,17411831.694022,753554690.9417354
2024-04-10,0.00013041,24391571.898848,759090063.3356125
2024-04-09,0.00013261,37003781.990042,771845011.2922677
2024-04-08,0.00014213,38568958.154537,827189342.4823843
2024-04-07,0.00013393,17114124.380642,779499425.6961391
2024-04-06,0.00013472,19926159.216521,784023848.3523873
2024-04-05,0.00013411,27507617.752584,780484100.2316594
2024-04-04,0.00013981,25760762.498436,813807216.1673374
2024-04-03,0.00013628,31861560.761673,793664811.1915485
2024-04-02,0.00013704,42313634.366923,798130803.7415576
2024-04-01,0.00015024,42190939.552107,875693808.50265
2024-03-31,0.00015863,40075564.532826,925408860.2905366
2024-03-30,0.0001517,24431267.64072,885027468.6255343
2024-03-29,0.00015419,36110007.59959,899329952.9497218
2024-03-28,0.00015983,49536309.927119,932283876.191026
2024-03-27,0.00015298,49507217.820586,892230189.8331245
2024-03-26,0.00016024,82392332.696911,934702472.0621688
2024-03-25,0.00016399,121290492.501318,956348266.7387488
2024-03-24,0.00016151,91211436.574299,941902784.842404
2024-03-23,0.00015365,149712126.909191,896119362.2226483
2024-03-22,0.00015315,122333816.851831,893276571.0000434
2024-03-21,0.00014289,46934019.040795,833180971.0245439
2024-03-20,0.00014092,51491101.151923,821843771.7540301
2024-03-19,0.00012739,67906592.782984,742962246.3664509
2024-03-18,0.00014073,61459674.235798,820862008.0839673
2024-03-17,0.00014872,49156780.582723,867422462.2711555
2024-03-16,0.00014382,52869383.109143,838726997.3878931
2024-03-15,0.00016027,92598568.31375,934383442.8315406
2024-03-14,0.00017553,87936402.586454,1021991964.7637222
2024-03-13,0.00018295,67422837.586491,1065078518.5818996
2024-03-12,0.00018494,83739035.832779,1076600020.2758284
2024-03-11,0.00019218,91713682.979948,1118672249.250851
2024-03-10,0.00018805,73067195.012282,1094334369.1449852
2024-03-09,0.00019678,72281499.142496,1145112341.9069278
2024-03-08,0.00019466,114821508.060994,1132550010.448872
2024-03-07,0.00019099,122821736.501889,1110178634.8428936
2024-03-06,0.00019413,190448457.676531,1128282476.4035046
2024-03-05,0.00020472,549602113.253884,1188583155.420112
2024-03-04,0.0001836,230022800.055849,1064874456.2781088
2024-03-03,0.0001775,171854666.22945,1029372376.4072268
2024-03-02,0.00018959,423220523.978749,1098470862.001728
2024-03-01,0.00015688,110263290.930889,906631222.0421544
2024-02-29,0.00013951,208365956.380339,806242893.384088
2024-02-28,0.0001333,117403386.188496,769618461.3554718
2024-02-27,0.000131,59894427.205079,756245487.8701627
2024-02-26,0.0001291,48922097.059677,745290644.8564665
2024-02-25,0.00013122,70644814.271963,757599904.1368812
2024-02-24,0.00012359,20903188.200039,713746653.5169592
2024-02-23,0.00012112,31088556.628621,699452323.7750275
2024-02-22,0.00012167,27175817.96187,702792660.9392309
2024-02-21,0.0001218,45140866.996381,703627667.0341932
2024-02-20,0.00012433,40181765.297705,718256035.3194424
2024-02-19,0.00012952,47611715.769116,748371524.9092915
2024-02-18,0.00012979,41034722.362181,750128509.375376
2024-02-17,0.00012965,75441211.47216,749319904.0879558
2024-02-16,0.0001265,47237481.22588,731227266.3180386
2024-02-15,0.00013077,179711557.611196,755978991.7536771
2024-02-14,0.00011804,35055954.519824,682263951.9943728
2024-02-13,0.00011368,30262227.382384,657173794.5172839
2024-02-12,0.00011717,35519826.758208,677527798.8266318
2024-02-11,0.00011366,34451450.5913,656526256.9039874
2024-02-10,0.00011681,82630025.981743,674774953.6895972
2024-02-09,0.00011219,37546501.774191,648197396.9904041
2024-02-08,0.00010741,42340394.16772,620557882.1758465
2024-02-07,0.00010853,36536946.399121,627136561.1081872
2024-02-06,0.00010464,38209558.216876,604753157.3939484
2024-02-05,0.000111,89280906.706664,641662763.9696091
2024-02-04,0.00010455,126307776.570121,604440401.0334785
2024-02-03,0.00011366,101165814.233374,657270054.5115069
2024-02-02,9.594e-05,13392742.125985,554688157.6153548
2024-02-01,9.522e-05,16896368.88035,550600158.8953632
2024-01-31,9.501e-05,22944904.800565,549640797.5059508
2024-01-30,9.798e-05,21209883.980328,566853682.7208197
2024-01-29,0.00010114,26846064.397668,585086362.0194958
2024-01-28,9.899e-05,24736740.663863,572746212.0890288
2024-01-27,0.00010047,44979325.866423,581328749.1896485
2024-01-26,9.71e-05,24825212.896824,561867952.669197
2024-01-25,9.321e-05,16720324.814967,539454682.3952736
2024-01-24,9.593e-05,24056307.857162,555274008.086457
2024-01-23,9.349e-05,45833488.184341,541420935.5313252
2024-01-22,9.727e-05,48858188.52131,563251518.7535129
2024-01-21,0.0001084,15571769.585488,627947740.0794326
2024-01-20,0.00011088,19833820.523124,642485040.495648
2024-01-19,0.00011047,37244170.956033,639977586.928707
2024-01-18,0.00011413,48003649.019195,661687260.4486257
2024-01-17,0.00012572,33740761.377609,729067530.1538336
2024-01-16,0.00012503,39766869.518257,725972407.8236774
2024-01-15,0.00012267,35671830.339242,712268630.86684
2024-01-14,0.00011926,32782732.313663,692477868.5669922
2024-01-13,0.00012505,42880376.947965,726054978.4801935
2024-01-12,0.00012046,53844978.310961,699406951.3950471
2024-01-11,0.00012725,53043482.792411,738843458.7790241
2024-01-10,0.00012672,51810436.228534,735761936.3515745
2024-01-09,0.00011713,34809058.415008,680115785.2236149
2024-01-08,0.00012337,68584219.112715,716354398.1614822
2024-01-07,0.00011218,26349885.961844,651340062.782343
2024-01-06,0.00012038,39078545.322143,698994356.4258319
2024-01-05,0.00012533,85051766.851789,727716731.4701828
2024-01-04,0.00013765,93557892.484174,799245480.1217531
2024-01-03,0.00011645,89660273.309553,676177438.1555252
2024-01-02,0.00013809,36559072.785532,801825962.3193021
2024-01-01,0.00014453,28914465.678203,839184471.9541432
2023-12-31,0.00013887,52832314.028345,806306983.8051797
2023-12-30,0.00014359,27048664.807279,833751590.1270031
2023-12-29,0.00014043,44606851.857545,815412916.1506153
2023-12-28,0.00014467,72973506.054883,840011459.119768
2023-12-27,0.00014897,46450558.560889,864991432.8562013
2023-12-26,0.00014856,53285979.57643,862579657.6863056
2023-12-25,0.00016002,47867967.179137,929121697.5196248
2023-12-24,0.00015651,56018749.953014,908756442.8677672
2023-12-23,0.00016129,61296699.682272,936484533.2941592
2023-12-22,0.0001671,128042528.503537,970226994.9854016
2023-12-21,0.00015788,55054867.260135,916722870.0690576
2023-12-20,0.00015632,77483384.354392,907673002.6490178
2023-12-19,0.00016179,143067883.187116,939380594.4511244
2023-12-18,0.00015092,73832598.747533,876311843.7329189
2023-12-17,0.00016203,56193826.370012,940812271.9185556
2023-12-16,0.00016634,55601795.554567,965807909.222146
2023-12-15,0.00016642,107256517.850722,966308468.2042384
2023-12-14,0.0001796,95029026.029012,1042811438.3522094
2023-12-13,0.00017979,124150746.509498,1043933904.8655103
2023-12-12,0.00017646,125323398.097038,1024590632.242774
2023-12-11,0.00017695,156936741.593742,1027417829.6906804
2023-12-10,0.00020037,387341408.376277,1163438060.8734064
2023-12-09,0.00017947,191949678.94521,1042049869.6243584
2023-12-08,0.00020397,184326777.617072,1184327040.6484983
2023-12-07,0.00020009,229743574.513797,1161783080.123857
2023-12-06,0.00021782,471903305.669529,1264752280.658455
2023-12-05,0.0002246,488098779.684681,1304118481.411785
2023-12-04,0.00025829,1205082975.411274,1499695390.141129
2023-12-03,0.00019769,648924011.471242,1147860316.055065
2023-12-02,0.0001471,239316398.583822,854091892.1800863
2023-12-01,0.00013818,275789718.590306,802334766.8667793
2023-11-30,0.00011718,121607075.584028,680384628.0883424
2023-11-29,0.00011632,215394928.35464,675395445.4725816
2023-11-28,0.00011773,230240635.00494,683565625.6706012
2023-11-27,0.00010117,458855471.167224,587422191.9370476
2023-11-26,9.995e-05,313019115.132182,580367046.3169527
2023-11-25,7.792e-05,26143350.70131,452452187.2381385
2023-11-24,7.417e-05,14465025.600461,430653040.2644264
2023-11-23,7.369e-05,13681900.229809,427877850.0450524
2023-11-22,7.42e-05,24414687.01563,430804425.5645308
2023-11-21,6.975e-05,21758459.475614,405011247.7279132
2023-11-20,7.542e-05,16374449.989318,437889633.26075625
2023-11-19,7.791e-05,10594151.355862,452399919.1186237
2023-11-18,7.713e-05,17683809.84616,447817455.9964624
2023-11-17,7.83e-05,21377426.773293,454633507.66094565
2023-11-16,7.775e-05,27860080.363112,451457117.184996
2023-11-15,8.204e-05,29734914.457816,476350636.12416
2023-11-14,7.77e-05,30623286.911544,451189747.47579926
2023-11-13,7.875e-05,41028148.268664,457417387.3265575
2023-11-12,8.439e-05,60977767.785496,490222626.22147626
2023-11-11,8.293e-05,99759598.011342,481459266.943257
2023-11-10,9.17e-05,254391093.334394,532434316.2972997
2023-11-09,6.751e-05,49060670.990391,391815776.0571008
2023-11-08,6.789e-05,16159653.639858,393546193.17036223
2023-11-07,6.63e-05,19516261.067415,384343289.7627868
2023-11-06,6.804e-05,23929533.064052,394486816.95997095
2023-11-05,6.491e-05,17426204.813644,376318307.20060205
2023-11-04,6.49e-05,11848459.930726,375909959.7758016
2023-11-03,6.38e-05,11610116.018807,369556923.7052912
2023-11-02,6.391e-05,19530563.264851,370198947.8421081
2023-11-01,6.486e-05,20098694.239567,375768293.33217245
2023-10-31,6.379e-05,18214591.136233,369611237.73262507
2023-10-30,6.526e-05,17800452.546933,378113419.6605425
2023-10-29,6.455e-05,14165118.274028,373980863.26020527
2023-10-28,6.499e-05,15693826.643481,376578194.7886766
2023-10-27,6.318e-05,20222355.553157,366155415.387701
2023-10-26,6.31e-05,34805501.890648,365625239.620679
2023-10-25,6.505e-05,42097132.122152,376953687.0956192
2023-10-24,6.058e-05,27034142.128098,351032991.6814975
2023-10-23,6.017e-05,14902120.645173,348792792.1603136
2023-10-22,5.852e-05,12860517.417859,339326779.28338367
2023-10-21,5.803e-05,15139356.721448,336501443.32206225
2023-10-20,5.666e-05,11132141.292055,328610550.48607457
2023-10-19,5.541e-05,10458463.069347,321354640.44625354
2023-10-18,5.533e-05,9582106.24491,320916865.48167825
2023-10-17,5.6e-05,11793623.391212,324788494.39629453
2023-10-16,5.796e-05,13634343.642209,336289998.1630553
2023-10-15,5.743e-05,9466595.063034,333214151.8665199
2023-10-14,5.764e-05,7111853.858675,334496623.1693254
2023-10-13,5.764e-05,10825008.601996,334496231.0994414
2023-10-12,5.693e-05,14926780.844567,330482545.7895828
2023-10-11,5.656e-05,13810362.969443,328393893.2163958
2023-10-10,5.751e-05,19382679.780887,333651511.5592064
2023-10-09,5.581e-05,13260193.619852,323840574.5819074
2023-10-08,5.804e-05,7858505.198394,336835367.20539874
2023-10-07,5.864e-05,8267704.654026,340382573.35078555
2023-10-06,5.862e-05,15510987.408604,340343741.5853292
2023-10-05,5.766e-05,13716799.226103,334757915.43844527
2023-10-04,5.891e-05,16636288.698596,342036248.28014165
2023-10-03,6.007e-05,13166812.665571,348835011.4783985
2023-10-02,6.158e-05,23746470.060147,357558039.9913016
2023-10-01,6.436e-05,16630099.383904,373753524.42866313
2023-09-30,6.281e-05,15497937.280537,364837254.96065706
2023-09-29,6.254e-05,17396270.253849,363303535.4047296
2023-09-28,6.477e-05,26943297.097667,376319880.8462095
2023-09-27,6.529e-05,50109233.56818,379400815.9361552
2023-09-26,6.191e-05,18744056.623901,360016444.56721514
2023-09-25,6.028e-05,13870719.292702,350586935.92062086
2023-09-24,6.105e-05,30731338.726814,355122252.3897079
2023-09-23,5.967e-05,15350221.578553,347157093.4391256
2023-09-22,6.07e-05,43221229.664053,356229814.2297805
2023-09-21,5.987e-05,29444418.777109,351547633.85057575
2023-09-20,5.779e-05,10216751.682003,336355128.13337535
2023-09-19,5.772e-05,9436072.038164,335988141.4132585
2023-09-18,5.715e-05,11334793.807338,332702457.4998983
2023-09-17,5.741e-05,8694246.882107,334292954.4293157
2023-09-16,5.872e-05,10480483.84644,342114519.6727535
2023-09-15,5.952e-05,13439196.595927,346397881.49585646
2023-09-14,5.795e-05,10964626.036643,337234813.4256904
2023-09-13,5.783e-05,11709991.056651,336815515.3049542
2023-09-12,5.711e-05,16291028.764663,0.0
2023-09-11,5.697e-05,19365074.423476,331207514.8022208
2023-09-10,5.937e-05,25731083.724,344792364.59650946
2023-09-09,6.255e-05,25310221.053168,363357155.94614506
2023-09-08,6.063e-05,19437800.515781,352325847.57704765
2023-09-07,6.095e-05,13036936.326286,353802869.72087324
2023-09-06,6.131e-05,15620258.133598,355990179.1173858
2023-09-05,6.053e-05,16914873.307916,351578848.9021141
2023-09-04,6.118e-05,38182367.462801,354998129.9082287
2023-09-03,5.985e-05,11472762.300361,347210904.2460979
2023-09-02,6.027e-05,14200266.808329,349687937.38060045
2023-09-01,6.054e-05,13431720.577695,351264616.2228758
2023-08-31,6.189e-05,15846435.796006,359183705.0407812
2023-08-30,6.399e-05,13763838.398737,372336339.58830416
2023-08-29,6.492e-05,22521726.090486,377794929.57789886
2023-08-28,6.268e-05,15690451.793976,364753403.8497448
2023-08-27,6.232e-05,8208317.205952,362331493.45987874
2023-08-26,6.255e-05,8160845.724289,363689203.2222081
2023-08-25,6.319e-05,14595078.266423,367512420.73139673
2023-08-24,6.37e-05,13018249.328647,370371206.00202006
2023-08-23,6.49e-05,16268333.456576,377360914.943122
2023-08-22,6.449e-05,16397366.085923,374920398.9589737
2023-08-21,6.535e-05,15766492.870977,379951938.8946861
2023-08-20,6.772e-05,21568794.515471,393704928.4895136
2023-08-19,6.677e-05,24922981.52237,388236952.5289168
2023-08-18,6.254e-05,25065842.802134,363680442.55454826
2023-08-17,6.201e-05,35745219.98362,360611695.0488401
2023-08-16,6.588e-05,38884929.904364,383210000.93313146
2023-08-15,7.001e-05,41241680.794745,407154381.00549
2023-08-14,7.906e-05,20866476.293846,459760260.4638793
2023-08-13,7.761e-05,15262815.558615,451363186.4076303
2023-08-12,7.814e-05,22306442.05347,454439692.1390796
2023-08-11,7.771e-05,14066725.743835,452323112.65732175
2023-08-10,7.744e-05,20645632.730619,450275476.4165308
2023-08-09,7.84e-05,16312785.187928,455829275.45061904
2023-08-08,7.811e-05,18958468.676983,454178941.5298479
2023-08-07,7.747e-05,19295651.883642,450613221.8309756
2023-08-06,7.879e-05,17656871.198966,458361387.64523953
2023-08-05,7.748e-05,20376719.760088,450748886.7502412
2023-08-04,7.83e-05,16153441.510835,455438890.98821527
2023-08-03,7.882e-05,15325909.901837,457712749.55438817
2023-08-02,8.016e-05,26564585.348665,465564614.8741677
2023-08-01,8.124e-05,22106563.709833,471868925.2404971
2023-07-31,8.044e-05,17755980.004193,467313899.47255707
2023-07-30,8.117e-05,16748181.1924,471579628.2341304
2023-07-29,8.195e-05,13378193.415331,476120423.14608335
2023-07-28,8.198e-05,19458659.377284,476322305.21789074
2023-07-27,8.063e-05,20017876.698584,468577807.68202525
2023-07-26,8.155e-05,21656354.833078,473899410.3453027
2023-07-25,8.175e-05,23078008.228765,474932245.1537647
2023-07-24,8.195e-05,30919725.490591,476011816.82100666
2023-07-23,8.625e-05,21818804.281902,501067345.4346355
2023-07-22,8.723e-05,30920418.267007,506780730.6697676
2023-07-21,8.826e-05,37361626.22293,512860370.0393597
2023-07-20,8.576e-05,26933831.319003,498378555.84996223
2023-07-19,8.672e-05,32599263.245053,504004851.5152772
2023-07-18,8.842e-05,36575361.954119,513986886.9766035
2023-07-17,9.173e-05,76047451.087149,533283862.76345766
2023-07-16,9.206e-05,91554026.368584,535326871.6060819
2023-07-15,9.234e-05,83819837.68424,537044895.6774893
2023-07-14,8.56e-05,46344636.173949,497843430.0602828
2023-07-13,8.674e-05,41691138.44774,504503077.6575888
2023-07-12,8.358e-05,21416204.54436,486342806.43472254
2023-07-11,8.312e-05,22623684.983103,483676474.31185216
2023-07-10,8.314e-05,32825085.864321,483735921.5852042
2023-07-09,8.201e-05,16433904.597933,477139524.7327378
2023-07-08,8.347e-05,26960338.704903,485598229.8307207
2023-07-07,8.155e-05,21959934.009317,474535543.5029075
2023-07-06,8.027e-05,25954298.606669,467091790.4254178
2023-07-05,8.264e-05,32120560.279004,480982658.88583726
2023-07-04,8.596e-05,27598943.030905,500344822.9052856
2023-07-03,8.789e-05,27745590.527884,511521464.8633477
2023-07-02,8.679e-05,25023235.17824,505070273.7717868
2023-07-01,8.79e-05,28675967.42028,511566912.7977532
2023-06-30,8.725e-05,39489952.755696,508083864.8869453
2023-06-29,8.731e-05,24032495.692447,508527243.2254813
2023-06-28,8.47e-05,34726231.148448,493398181.40987736
2023-06-27,9.137e-05,26007976.90737,531855726.93241465
2023-06-26,9.206e-05,50520375.957355,536011413.8001993
2023-06-25,9.209e-05,30253677.944976,536203393.3893164
2023-06-24,9.095e-05,42336325.870178,529572891.5614091
2023-06-23,9.245e-05,62007932.277916,538422511.1844329
2023-06-22,9.082e-05,56602032.623432,528943009.9532049
2023-06-21,9.333e-05,48707890.062381,543534753.0534512
2023-06-20,9.134e-05,27604343.004921,532748506.18298846
2023-06-19,8.977e-05,36758714.819731,523550489.127655
2023-06-18,8.892e-05,34127318.507191,519405130.49954975
2023-06-17,9.115e-05,30700713.902276,532811320.87384
2023-06-16,9.299e-05,61798993.046815,543719513.1241361
2023-06-15,9.304e-05,61979342.942092,544034155.4499155
2023-06-14,9.419e-05,82127593.864319,550083336.0921324
2023-06-13,9.466e-05,85329981.341696,552931362.6439886
2023-06-12,8.898e-05,34464022.883769,519825514.41745394
2023-06-11,8.754e-05,32360258.877135,511530145.26627296
2023-06-10,8.917e-05,88547282.312819,521143779.3788729
2023-06-09,9.946e-05,61511381.384431,581538821.0774537
2023-06-08,0.00010017,113006298.835303,585784295.4703463
2023-06-07,9.368e-05,110938582.176287,547935183.8738829
2023-06-06,9.824e-05,132635915.217371,575308257.7822835
2023-06-05,9.225e-05,201111440.874103,540288602.3356863
2023-06-04,0.00011039,355918290.997798,646606236.9003247
2023-06-03,8.494e-05,14062458.820958,497446827.1958661
2023-06-02,8.507e-05,15244890.40597,498277968.2069372
2023-06-01,8.47e-05,18471976.256168,496140047.99609166
2023-05-31,8.458e-05,16623984.959168,495549507.79575473
2023-05-30,8.665e-05,16853145.571552,507790024.19197536
2023-05-29,8.689e-05,19760412.661364,509544803.2306528
2023-05-28,8.82e-05,20290725.743541,517393924.57090914
2023-05-27,8.751e-05,15870908.755188,514452541.2761023
2023-05-26,8.68e-05,21436516.300618,509446353.52292657
2023-05-25,8.473e-05,20113451.997166,497373974.405264
2023-05-24,8.587e-05,28365303.035434,504498230.1504893
2023-05-23,9.019e-05,26163554.269522,529889117.452236
2023-05-22,8.773e-05,19309948.550119,515424833.731684
2023-05-21,8.87e-05,16506661.174261,521326805.7410711
2023-05-20,9.038e-05,13865542.654946,531474790.58104575
2023-05-19,9.009e-05,19671286.991478,530008451.6807036
2023-05-18,9.074e-05,27783266.165068,533132021.8450999
2023-05-17,9.295e-05,35696302.488051,546193704.3346016
2023-05-16,9.112e-05,27630205.290317,535615945.5122509
2023-05-15,8.993e-05,24624430.978755,528672532.98441696
2023-05-14,9.036e-05,28801421.739106,531418462.0265703
2023-05-13,8.898e-05,33821433.18396,523352026.2232634
2023-05-12,9.155e-05,69284196.612007,538671793.2775316
2023-05-11,8.583e-05,52244498.207227,505029942.2171157
2023-05-10,9.342e-05,102380032.618814,549673259.4085283
2023-05-09,8.93e-05,51322665.920747,525424094.62969214
2023-05-08,8.45e-05,66875506.848002,498001767.9920344
2023-05-07,9.492e-05,35542384.420775,559031652.6140975
2023-05-06,9.606e-05,59531399.479946,565756242.154634
2023-05-05,0.00010337,41085077.284584,609217719.0860438
2023-05-04,0.0001036,28506432.896971,610200458.3558909
2023-05-03,0.00010598,41189907.850551,624796245.4855652
2023-05-02,0.00010651,24163738.273933,627885846.4362034
2023-05-01,0.00010522,34170574.28808,620310009.3609755
2023-04-30,0.0001098,27985927.137246,647418369.0101665
2023-04-29,0.00011198,32612689.219154,660406700.3312563
2023-04-28,0.00011214,48677011.276109,661340501.1424364
2023-04-27,0.00010929,39498897.100356,644652469.8786539
2023-04-26,0.00010765,58885863.478761,634899501.6244141
2023-04-25,0.00011128,35589271.457679,656420182.4901978
2023-04-24,0.00011078,45743041.220807,653420895.9733921
2023-04-23,0.00011014,52189780.371307,649776110.1380744
2023-04-22,0.00011211,41663133.672611,661569172.2473907
2023-04-21,0.00010864,52352127.943007,641160078.9108646
2023-04-20,0.00011348,45816995.025739,669782100.1550901
2023-04-19,0.00011653,62744023.479673,687217924.2707598
2023-04-18,0.00012685,41348980.845283,748358180.139734
2023-04-17,0.00012397,41170397.042045,731188104.6090729
2023-04-16,0.00012775,58968179.483383,753591370.0715364
2023-04-15,0.00012793,46436283.333699,754593631.7372397
2023-04-14,0.00012872,71792645.167981,759232315.786597
2023-04-13,0.00012689,57286791.724268,748642576.120867
2023-04-12,0.000126,93580649.076691,743462997.3259649
2023-04-11,0.00012533,53476923.188376,739227700.1633871
2023-04-10,0.00012479,41978985.337222,736037007.2914822
2023-04-09,0.00012457,51699254.446336,734536520.409456
2023-04-08,0.00012654,74350760.625397,746036183.7316544
2023-04-07,0.0001238,93537930.629877,729792603.9090445
2023-04-06,0.0001245,42245523.795136,733730726.160099
2023-04-05,0.00012263,40252392.959477,722593590.9687251
2023-04-04,0.00012398,37318599.624489,730651210.5483392
2023-04-03,0.00012118,44974877.849238,714068464.0113798
2023-04-02,0.00012263,41726484.530301,722548812.3813827
2023-04-01,0.00012726,41232238.985534,750210951.2477283
2023-03-31,0.00012486,42767843.444355,736042042.036952
2023-03-30,0.00012267,42476795.234115,723115742.5594053
2023-03-29,0.00012401,40198200.432041,730993151.8136231
2023-03-28,0.00012138,32688960.554575,715758962.640748
2023-03-27,0.00012051,45002289.493974,710590655.7254639
2023-03-26,0.00012456,50226968.099084,734559711.458624
2023-03-25,0.00012582,74660024.821305,742134810.1184846
2023-03-24,0.00012275,44121031.043282,724225200.0980711
2023-03-23,0.00012602,60366337.960951,744259387.5317531
2023-03-22,0.00012491,63219273.207736,737835375.7322179
2023-03-21,0.00012947,78481914.869425,764815353.659521
2023-03-20,0.00012668,76991047.676744,748808290.8325843
2023-03-19,0.0001354,78657040.323202,800291447.7387062
2023-03-18,0.00013258,124258313.209831,783540939.0981997
2023-03-17,0.00013179,82739261.774075,778872813.8984843
2023-03-16,0.00012574,66008949.966997,743174115.5726773
2023-03-15,0.00012407,93143560.563777,731200066.859682
2023-03-14,0.000133,114221912.083522,783902578.3129686
2023-03-13,0.00013202,97045228.64844,778322634.6710674
2023-03-12,0.00012869,63681021.179919,758972282.6193664
2023-03-11,0.00012166,70399750.435096,717695103.6296047
2023-03-10,0.0001252,113202121.340254,738997968.5529552
2023-03-09,0.00012927,91311356.683119,762944163.7984965
2023-03-08,0.00013056,79076187.637807,770715242.5017711
2023-03-07,0.00014179,53119513.13954,837077642.7819824
2023-03-06,0.00014608,45584068.813348,862596258.169963
2023-03-05,0.00014461,42221360.563506,855398725.6129086
2023-03-04,0.0001457,59225691.273763,860765577.9349254
2023-03-03,0.0001517,144995460.677162,896562283.2096119
2023-03-02,0.00016939,177377594.666283,1003054324.8367538
2023-03-01,0.00016553,49399279.739622,979223547.0660224
2023-02-28,0.00016359,61608824.984098,967676950.8238996
2023-02-27,0.00016139,43357297.410273,954753585.975198
2023-02-26,0.00016315,40227887.965012,965163363.9042556
2023-02-25,0.00016139,70763706.221556,954888688.5770056
2023-02-24,0.00016441,102508399.949409,972839409.3026164
2023-02-23,0.00016281,45858042.410268,963039583.3274424
2023-02-22,0.00016375,63653239.867723,968605913.852111
2023-02-21,0.00016595,65258684.329229,981370492.614564
2023-02-20,0.00017002,72010825.182483,1005113067.4876988
2023-02-19,0.0001683,33264514.755549,994957138.6377872
2023-02-18,0.00017197,39173242.951827,1016640610.7408756
2023-02-17,0.00017,44684558.035552,1005277237.2382286
2023-02-16,0.0001664,62681920.741434,984339648.8181214
2023-02-15,0.00017565,58843576.510309,1039066005.0729768
2023-02-14,0.00016932,54326064.597037,1002066595.6085314
2023-02-13,0.00016959,69536348.10466,1004287140.312103
2023-02-12,0.00016484,31848457.446849,976586983.27629
2023-02-11,0.00016796,38110978.102388,995297348.1011811
2023-02-10,0.00016524,45181914.466947,979519955.8938804
2023-02-09,0.0001599,63502407.173388,947966079.1997632
2023-02-08,0.00018004,48090111.23569,1075744972.9749732
2023-02-07,0.00018594,100260238.900754,1111468460.1049778
2023-02-06,0.00018157,113956713.423472,1084965130.3782363
2023-02-05,0.00018144,153857643.320854,1084211297.20561
2023-02-04,0.00019186,198707173.469509,1146584778.731067
2023-02-03,0.00020197,677750250.799706,1206010875.5448136
2023-02-02,0.00016899,103290613.227814,1008613719.5398892
2023-02-01,0.00017128,89625933.50754,1022037327.1117008
2023-01-31,0.0001715,106236372.687393,1023083671.5991606
2023-01-30,0.0001647,88366069.689403,982534509.9914024
2023-01-29,0.00017579,68354007.668691,1048624873.151052
2023-01-28,0.00017357,93124359.363686,1035448414.8773984
2023-01-27,0.0001724,63307193.092821,1029142943.3702534
2023-01-26,0.00017159,67533694.66022,1023667512.9561436
2023-01-25,0.00017351,78669450.351125,1035265573.1350636
2023-01-24,0.00017003,84587583.533256,1014373420.7681364
2023-01-23,0.00017896,106139313.440949,1068458645.3938408
2023-01-22,0.00018138,137662321.659715,1083025092.2018075
2023-01-21,0.00017904,194810662.684554,1069010302.9791752
2023-01-20,0.00017903,111397736.42716,1069394068.1234132
2023-01-19,0.00017388,151955645.437905,1039290088.7768376
2023-01-18,0.00016173,169852539.058565,966859710.1538352
2023-01-17,0.00017459,103821940.33924,1044940910.4516025
2023-01-16,0.00017712,179358476.348634,1084635016.547653
2023-01-15,0.00018087,277917999.329303,1066392914.9449916
2023-01-14,0.00017671,357392908.411043,1062977524.8655348
2023-01-13,0.00017677,188073228.766112,1010272329.7747856
2023-01-12,0.00016824,130920243.95466,1000918540.0945716
2023-01-11,0.00016532,95676642.445864,1000419638.4363571
2023-01-10,0.00016664,130906931.502029,1017574214.7909824
2023-01-09,0.00016965,267185558.604835,949969105.1572884
2023-01-08,0.00015841,76354640.570782,921697326.8365052
2023-01-07,0.00015343,44881768.933292,936332852.2637511
2023-01-06,0.00015605,75555215.846616,917195514.8532906
2023-01-05,0.00015214,97327458.211543,951004060.171851
2023-01-04,0.00015808,130129901.520211,938582885.6330036
2023-01-03,0.00015599,203956994.072092,962168802.752416
2023-01-02,0.00015952,143242319.658724,899966684.6928539
2023-01-01,0.00014988,100522902.51431,873151601.5428095
2022-12-31,0.00014485,95820772.401454,861273682.1193775
2022-12-30,0.00014341,117814447.897486,893442933.4403872
2022-12-29,0.00014973,140936224.774456,880095452.4375806
2022-12-28,0.00014733,195286166.166243,1024075908.3149604
2022-12-27,0.00017242,316069744.00981,965468899.7448224
2022-12-26,0.00016047,147996155.167636,867974193.9784963
2022-12-25,0.00014515,61239538.972293,872485608.3957468
2022-12-24,0.00014574,67277533.967426,854279400.9986298
2022-12-23,0.00014263,108704815.375461,814677842.3908799
2022-12-22,0.00013612,114887967.778922,767917692.4812853
2022-12-21,0.00012904,59381993.608051,800843144.184778
2022-12-20,0.0001338,64474683.149768,780932504.1732763
2022-12-19,0.00013038,82521386.976467,846398679.6505573
2022-12-18,0.00014112,38602894.242395,857755634.4938871
2022-12-17,0.00014329,116029721.406498,814125969.2447338
2022-12-16,0.00013782,91458803.696736,963895887.9610388
2022-12-15,0.00016132,52548736.292439,990738238.981887
2022-12-14,0.00016515,54477469.294593,1005268219.7164136
2022-12-13,0.00016821,90498255.111604,1019966266.2035648
2022-12-12,0.00017046,83823191.559508,1000464446.9873753
2022-12-11,0.00016764,46828847.968675,1020554991.8833748
2022-12-10,0.00017179,53345562.677659,1028711451.033602
2022-12-09,0.00017276,81479427.67423,1039495416.250221
2022-12-08,0.00017389,147169231.047657,992389485.8600688
2022-12-07,0.00016584,79838581.129392,1028555621.3062694
2022-12-06,0.00017252,80451868.102672,1042614859.1300838
2022-12-05,0.00017508,85420066.42909,1055510346.1573206
2022-12-04,0.00017713,80719687.680017,1038921959.2912778
2022-12-03,0.000174,98937607.560448,1090851949.0983365
2022-12-02,0.00018162,286040558.228625,1002181419.13708
2022-12-01,0.00016982,126583178.620388,989179968.0077176
2022-11-30,0.00016587,85081899.630264,960305466.0313452
2022-11-29,0.00016092,70379489.938712,952769512.1207
2022-11-28,0.00015896,80426851.633706,977548636.6889504
2022-11-27,0.00016189,93469319.738616,955554612.600241
2022-11-26,0.00015908,78870505.23486,955138136.7410872
2022-11-25,0.00015844,80814999.923994,973660556.4120436
2022-11-24,0.00016254,70631065.49893,988713456.8476
2022-11-23,0.00016489,123489035.290398,971901241.7088776
2022-11-22,0.0001611,144389706.822176,909622174.5064992
2022-11-21,0.00015151,141335924.655142,951583283.3678248
2022-11-20,0.00015935,108886186.975363,1196924250.2804794
2022-11-19,0.00017371,67568832.591976,1227545739.262704
2022-11-18,0.00017668,131910321.890217,1186668991.398785
2022-11-17,0.00017254,97109407.236947,1233040237.9392323
2022-11-16,0.00017884,141836187.627302,1269740518.7668822
2022-11-15,0.00018365,172037079.986684,1200804303.4032044
2022-11-14,0.00017296,187406369.369422,1165492514.7200336
2022-11-13,0.00017051,141069639.772418,1250426639.426244
2022-11-12,0.00018135,122119549.110389,1299130948.8923883
2022-11-11,0.00018888,206796191.135905,1333700728.7491033
2022-11-10,0.00019476,370607641.53927,1257805082.68398
2022-11-09,0.00018584,624469959.69587,1321776521.4754963
2022-11-08,0.00018886,471013650.493897,1620934334.794892
2022-11-07,0.00023808,200517224.613517,1592978355.658325
2022-11-06,0.00023178,205569783.192522,1693561775.7869852
2022-11-05,0.00024546,412863762.177879,1795027979.0649812
2022-11-04,0.0002605,466023991.565598,1504245293.3378174
2022-11-03,0.0002188,249427184.981622,1468227777.4851458
2022-11-02,0.00021297,303389298.5803,1496840979.491595
2022-11-01,0.00022031,251749861.157861,1666004348.9618976
2022-10-31,0.00024351,254218632.086363,1716803441.08863
2022-10-30,0.00024922,487345041.428024,1632115258.138545
2022-10-29,0.00023735,296936879.163272,1675747804.9100895
2022-10-28,0.00024319,285819136.082968,1658146985.3560328
2022-10-27,0.00024006,272896691.940452,1677999623.526476
2022-10-26,0.0002438,253828373.105738,1632848334.6170692
2022-10-25,0.00023735,205391157.134102,1587950154.449348
2022-10-24,0.00023065,158286156.552025,1644913921.962522
2022-10-23,0.00023907,243458304.639859,1607202350.8123856
2022-10-22,0.000233,153184581.346305,1640152281.50463
2022-10-21,0.00023717,238758304.236635,1626706062.9607291
2022-10-20,0.00023613,207746132.081095,1718089758.5095887
2022-10-19,0.00025336,268769628.234126,1747598722.8099444
2022-10-18,0.00025257,252846464.745046,1825399441.7403584
2022-10-17,0.00026408,219160970.103125,1812197626.1075628
2022-10-16,0.0002636,220531292.437932,1832158674.0268004
2022-10-15,0.00026432,234668475.456461,1873575499.28338
2022-10-14,0.00027207,298840266.638294,1915200576.488552
2022-10-13,0.00027773,570625259.856584,1973134566.2224069
2022-10-12,0.00028055,426989482.050167,1927489468.057002
2022-10-11,0.00028745,458760328.635611,1980412907.141452
2022-10-10,0.00030676,310336092.422067,2113719434.236156
2022-10-09,0.00029498,235988891.644378,2030309056.943236
2022-10-08,0.00028529,369028137.764503,1973303446.8878248
2022-10-07,0.0002856,274057467.979914,1967954959.2814069
2022-10-06,0.00030159,380867134.610232,2078213389.0972176
2022-10-05,0.00030698,500735462.543493,2119974390.054288
2022-10-04,0.00031073,869805011.082251,2138732422.427961
2022-10-03,0.00033411,1030654926.826527,2310210641.6310654
2022-10-02,0.00033343,522538883.227782,2318792079.940137
2022-10-01,0.00030509,635073950.898491,2102576728.936205
2022-09-30,0.00028358,428081268.800091,1949955956.0154293
2022-09-29,0.00027561,717410152.511079,1904045460.0689013
2022-09-28,0.00027939,868583916.95387,1934761344.17611
2022-09-27,0.00030954,2483453934.542616,2136218187.561742
2022-09-26,0.00019658,492801924.320485,1359676052.943713
2022-09-25,0.00022666,390509994.398649,1565824997.2873943
2022-09-24,0.00025763,647614418.252387,1779075782.623117
2022-09-23,0.00027541,345027352.809608,1888014210.1055725
2022-09-22,0.0002835,543545990.066862,1950013282.9851024
2022-09-21,0.00030176,495252976.060263,2088191168.6637163
2022-09-20,0.00031144,792934198.752133,2156263454.803853
2022-09-19,0.00027217,523848950.347102,1880255965.982581
2022-09-18,0.00030997,704138120.159831,2126015954.7016249
2022-09-17,0.00030827,1233948656.305296,2137802156.2380328
2022-09-16,0.00025733,733690292.598986,1790996501.739759
2022-09-15,0.00030194,1225705365.749223,2084016842.0780249
2022-09-14,0.00035767,1755916823.902963,2482810960.23828
2022-09-13,0.00030133,1232230758.077191,2097703979.8418632
2022-09-12,0.00041519,971399021.942375,2864891181.135908
2022-09-11,0.00043635,1629656901.680543,3021495752.414394
2022-09-10,0.00043001,2670177422.212666,2961791499.8516912
2022-09-09,0.00051883,3509915487.152134,3591482111.759289
2022-09-08,0.00044372,2263114450.8618,3102573760.8375587
2022-09-07,0.000382,2346190348.87907,2679960093.691706
2022-09-06,0.00041052,1790927525.164588,0.0
2022-09-05,0.00025154,352640977.274625,0.0
2022-09-04,0.00025911,538595781.402131,0.0
2022-09-03,0.00024235,968424164.723997,0.0
2022-09-02,0.00027388,1620969512.592743,0.0
2022-09-01,0.00022945,705161259.566308,0.0
2022-08-31,0.00015796,367476173.065495,0.0
2022-08-30,0.00013226,125043350.36835,0.0
2022-08-29,0.000126,139522558.458756,0.0
2022-08-28,0.00013471,223948699.41421,0.0
2022-08-27,0.00012224,320855468.515844,0.0
2022-08-26,0.00013316,251147887.772694,0.0
2022-08-25,9.952e-05,80345447.573322,0.0
2022-08-24,0.00010559,121427711.929665,0.0
2022-08-23,9.198e-05,41011297.574347,0.0
2022-08-22,9.068e-05,27004041.766628,0.0
2022-08-21,8.832e-05,32700798.429491,0.0
2022-08-20,8.685e-05,59006793.133755,0.0
2022-08-19,9.368e-05,47653301.423012,0.0
2022-08-18,9.529e-05,40112265.618166,0.0
2022-08-17,9.738e-05,32304230.425339,0.0
2022-08-16,9.701e-05,78228013.547616,0.0
2022-08-15,0.00010021,102837370.769495,0.0
2022-08-14,9.709e-05,29030881.256671,0.0
2022-08-13,9.802e-05,35847971.771821,0.0
2022-08-12,9.683e-05,35229537.770322,0.0
2022-08-11,9.85e-05,58307452.157933,0.0
2022-08-10,9.706e-05,79797860.916688,0.0
2022-08-09,9.943e-05,33873103.765923,0.0
2022-08-08,9.946e-05,31384506.045538,0.0
2022-08-07,0.00010027,28747702.01745,0.0
2022-08-06,0.00010071,29999660.246463,0.0
2022-08-05,9.932e-05,34338668.056247,0.0
2022-08-04,0.00010052,42210581.315971,0.0
2022-08-03,0.00010004,67845749.732773,0.0
2022-08-02,0.0001053,194008490.66004,0.0
2022-08-01,9.833e-05,57236240.695574,0.0
2022-07-31,9.818e-05,47167829.927289,0.0
2022-07-30,9.898e-05,55541207.219665,0.0
2022-07-29,0.00010009,71218381.236792,0.0
2022-07-28,9.887e-05,81193796.557478,0.0
2022-07-27,9.182e-05,57698559.719844,0.0
2022-07-26,9.236e-05,47877028.766144,0.0
2022-07-25,9.95e-05,34100566.15445,0.0
2022-07-24,0.00010027,59327022.561045,0.0
2022-07-23,0.00010051,54109355.706707,0.0
2022-07-22,0.00010233,67374713.007725,0.0
2022-07-21,0.00010079,100700813.639119,0.0
2022-07-20,0.00010633,75057820.544871,0.0
2022-07-19,0.0001061,109554497.31051,0.0
2022-07-18,0.00010193,68688987.180036,0.0
2022-07-17,0.00010464,79039435.09387,0.0
2022-07-16,0.00010754,187857074.413965,0.0
2022-07-15,9.218e-05,71993950.218636,0.0
2022-07-14,9.519e-05,97874210.140587,0.0
2022-07-13,9.227e-05,109547878.033274,0.0
2022-07-12,0.00010503,66431923.303836,0.0
2022-07-11,0.00011093,96841598.173855,0.0
2022-07-10,0.0001106,61754320.60011,0.0
2022-07-09,0.00011055,79849009.562424,0.0
2022-07-08,0.00011225,117626192.379361,0.0
2022-07-07,0.00011213,105674231.31744,0.0
2022-07-06,0.00011702,181751962.405526,0.0
2022-07-05,0.00012887,108923842.016672,0.0
2022-07-04,0.00013037,121201913.855177,0.0
2022-07-03,0.00012323,223520222.015771,0.0
2022-07-02,0.00013324,390298900.441967,0.0
2022-07-01,0.00011372,543874606.616419,0.0
2022-06-30,0.00016287,1046633806.951034,0.0
2022-06-29,0.00010665,386490484.658476,0.0
2022-06-28,8.844e-05,420748931.662525,0.0
2022-06-27,6.542e-05,93236048.756773,0.0
2022-06-26,5.865e-05,25081641.939502,0.0
2022-06-25,5.932e-05,33064006.135165,0.0
2022-06-24,5.765e-05,22684675.611473,0.0
2022-06-23,5.666e-05,29734108.931329,0.0
2022-06-22,5.847e-05,56582770.390726,0.0
2022-06-21,5.834e-05,53280071.808592,0.0
2022-06-20,6.085e-05,67021789.79898,0.0
2022-06-19,5.543e-05,57862860.545281,0.0
2022-06-18,5.898e-05,31319435.970521,0.0
2022-06-17,5.788e-05,58145685.819482,0.0
2022-06-16,6.167e-05,87425761.471738,0.0
2022-06-15,6.046e-05,84324153.415077,0.0
2022-06-14,6.037e-05,138654756.875261,0.0
2022-06-13,6.879e-05,133150801.624452,0.0
2022-06-12,6.905e-05,120773781.347319,0.0
2022-06-11,7.006e-05,190681351.890507,768841921.1838894
2022-06-10,7.512e-05,521759742.051771,768841921.1838894
2022-06-09,4.668e-05,129106432.657904,768841921.1838894
2022-06-08,6.38e-05,118628936.129066,768841921.1838894
2022-06-07,8.053e-05,82041776.308541,768841921.1838894
2022-06-06,7.953e-05,130765281.890424,768841921.1838894
2022-06-05,9.269e-05,59137511.221102,768841921.1838894
2022-06-04,9.576e-05,87964484.721796,768841921.1838894
2022-06-03,0.00010064,148669420.973023,768841921.1838894
2022-06-02,0.00010008,271651328.00071,768841921.1838894
2022-06-01,0.00011422,382606233.818806,768841921.1838894
2022-05-31,0.00012598,654614015.171384,768841921.1838894
2022-05-30,9.904e-05,64606838.672925,768841921.1838894
2022-05-29,8.942e-05,85768180.432932,768841921.1838894
2022-05-28,0.00012694,52945658.145142,842010389.4543219
2022-05-27,0.00015154,142301452.296673,998886312.2108712
2022-05-26,0.00017928,652953106.476443,1174531021.8909087
2022-05-25,0.0001797,353227856.632067,1171645567.4808352
2022-05-24,0.00016055,810933220.022452,1054999436.67161
2022-05-23,0.00018989,1362186176.082847,1261959421.283156
2022-05-22,0.00012254,330872078.280455,786294719.611278
2022-05-21,0.00011959,207695361.087368,786794944.7665354
2022-05-20,0.00013335,400751326.710481,873118055.8887998
2022-05-19,0.00014623,564682732.630535,964402351.1329938
2022-05-18,0.0001868,961575735.55059,1222590130.2388978
2022-05-17,0.00019473,2267271774.51147,1254453193.9575927
2022-05-16,0.00021535,2803545508.987773,1388113254.9128623
2022-05-15,0.00044671,5857788046.175882,2950187393.3340664
2022-05-14,0.00011553,973606611.680943,738335135.2963582
2022-05-13,0.00121919,6801040372.124541,492088950.20139766
2022-05-12,1.06287811,16547891266.36028,1636528516.690712
2022-05-11,16.86665349,11400022296.785332,6530663269.592816
2022-05-10,33.14368214,6489564173.364168,11693885984.438568
2022-05-09,63.85641647,5213839316.344893,21892228417.590755
2022-05-08,68.57732204,2926696391.734641,23535728154.466072
2022-05-07,77.5647755,2212240363.237246,26565180436.70917
2022-05-06,82.619727,2146296892.697984,28341147676.84511
2022-05-05,86.13603708,1888644393.507533,29635965555.25952
2022-05-04,82.6690638,1416039479.38709,28477340801.56673
2022-05-03,84.45367325,1878526070.527627,29031064708.324337
2022-05-02,82.31620478,1852097516.455454,28403965670.63024
2022-05-01,78.70262669,1667513634.538598,27145587485.909737
2022-04-30,85.05987479,1980106583.806434,29441120262.84296
2022-04-29,88.51867573,1957058798.413534,30589329987.840824
2022-04-28,89.16273119,1800610460.794741,30838513459.910496
2022-04-27,88.61420952,2511863203.206245,30760962849.015465
2022-04-26,97.03812115,3009179945.210822,33760655878.12653
2022-04-25,90.4609285,1264483571.759087,31640180456.47869
2022-04-24,89.60879424,1241430199.808627,31279442632.29168
2022-04-23,93.68809957,2621467134.638693,32813276070.486244
2022-04-22,90.67972695,2428602079.499369,31837088482.10139
2022-04-21,94.9357648,2077140993.694405,33510619570.68268
2022-04-20,95.71395939,2585888026.539725,33875710595.75004
2022-04-19,91.15005209,2768383593.290505,31979872121.69085
2022-04-18,77.42162559,1053117255.329806,27576412098.088287
2022-04-17,81.0525403,869582048.351334,29116475603.131863
2022-04-16,80.34961415,1215927530.411061,28884541754.731213
2022-04-15,81.6757526,1877453895.633019,29537014792.099472
2022-04-14,87.84777222,1870303989.903748,30953838176.02748
2022-04-13,84.57206595,2406029472.592636,29897937157.86822
2022-04-12,82.3986396,3180497426.094548,29201246512.872383
2022-04-11,92.58947577,1532006458.544781,33059166652.08588
2022-04-10,97.23776575,2021140001.201028,34192701819.353355
2022-04-09,94.2948148,3470709084.148839,33326242254.65997
2022-04-08,103.48131374,2775608272.247473,36459703561.94576
2022-04-07,107.75930742,3787593374.776454,37961855882.89643
2022-04-06,116.29203204,2516745700.694432,41025948731.56573
2022-04-05,116.4646957,2467736131.036565,40926182776.34104
2022-04-04,112.76806371,2205116017.884266,39827291424.19701
2022-04-03,115.39050519,2895879471.342988,41039684376.29811
2022-04-02,105.74062015,2254767905.090453,37332854746.31056
2022-04-01,103.13665493,2046729923.978906,36525678796.89971
2022-03-31,106.10216614,2565748935.529435,37715295152.98059
2022-03-30,108.82747382,3890049346.643903,38563567448.97399
2022-03-29,97.81045986,2527223244.724363,34843760415.306404
2022-03-28,94.13325007,942143562.868609,33535216912.798466
2022-03-27,91.39518553,937497627.96733,32679571529.197277
2022-03-26,90.27796642,1513646191.467891,32356866393.570766
2022-03-25,93.79811445,1457026639.057284,33809191177.789536
2022-03-24,94.97520016,1299685996.765625,34363525592.88355
2022-03-23,92.98001769,1640377199.042288,33696068959.48793
2022-03-22,95.85428822,2169731612.827597,34836331274.50074
2022-03-21,90.53487001,1436679764.147078,33077994830.350567
2022-03-20,92.14963196,1733747921.835455,33729538940.931618
2022-03-19,88.36904785,2004753231.817718,32372376239.71761
2022-03-18,86.99451475,1435492526.653689,31966853090.24272
2022-03-17,89.04979284,2559579607.133404,33257014376.977654
2022-03-16,88.71483177,2315013847.872863,32993730946.211773
2022-03-15,94.1452575,2814268574.894762,35020923671.562355
2022-03-14,86.9973423,2008198563.429328,32361752751.421165
2022-03-13,86.55241865,1514342465.860096,32461201679.169952
2022-03-12,89.06232056,3839187758.033434,33627143702.801403
2022-03-11,101.31585399,4474900871.299972,36221225711.348434
2022-03-10,99.37425412,4946062638.380646,36107349774.3002
2022-03-09,85.57298192,2560663108.348589,31224582370.42553
2022-03-08,77.72441042,2263898449.428245,28493165989.28609
2022-03-07,79.19352667,1999734493.321706,29108217875.532646
2022-03-06,87.29737765,2173844255.150977,32212926482.986736
2022-03-05,83.82063292,2786513313.952265,31198896381.90028
2022-03-04,90.55615015,2441939524.619294,33776814292.536987
2022-03-03,91.96952736,3563568688.190074,34526702282.05071
2022-03-02,89.99574583,3495291897.866487,33790074834.017952
2022-03-01,91.25984973,4037478173.826329,34279838926.175995
2022-02-28,72.64279893,2262262242.78907,27336867328.659267
2022-02-27,77.69005335,2325168444.008227,29411802289.70178
2022-02-26,73.18102141,3194790694.293465,27771227917.45375
2022-02-25,65.44418281,4582235984.660609,24977390759.319447
2022-02-24,59.7921202,2330646265.319293,23082206395.4174
2022-02-23,54.66896324,1776372982.521405,21134985583.705917
2022-02-22,50.25123709,1522740238.305681,19552166663.817337
2022-02-21,49.60658168,826213012.673893,19353205454.494846
2022-02-20,50.50251006,668129180.265182,19622898497.5648
2022-02-19,50.8221928,940774518.643502,19886932495.829357
2022-02-18,50.33745101,866391209.993501,19935721344.21104
2022-02-17,56.14196216,712023395.456323,22401209403.34242
2022-02-16,56.81953794,846461949.415047,22614395828.94061
2022-02-15,53.88677944,906184091.642988,21513930831.18508
2022-02-14,51.84318699,663637222.820922,20629092836.88921
2022-02-13,52.0180898,948809080.306278,20737331001.54758
2022-02-12,50.42208243,1235341306.535912,20235275367.688847
2022-02-11,52.26815961,1550306328.351417,21052118133.92417
2022-02-10,57.29544426,1339174414.195214,22971520496.664143
2022-02-09,57.34682234,1823339909.797755,23064899980.23077
2022-02-08,59.60722548,2068018158.299725,23958324445.19144
2022-02-07,55.9663715,1217089870.578897,22458539641.182407
2022-02-06,55.48483663,1867516861.731607,22406273660.436897
2022-02-05,53.80897837,1957251856.078717,21332027864.159
2022-02-04,51.0286291,1644150971.009529,20373665697.896675
2022-02-03,47.72283214,1561451788.086628,19075225614.19649
2022-02-02,52.11405772,1832040441.125718,20857499960.46083
2022-02-01,52.13371664,2454479279.975623,20664829673.624527
2022-01-31,46.35656124,1504450070.978539,18573930560.23134
2022-01-30,50.88067999,2071324315.199011,20320834737.603863
2022-01-29,50.66232266,3172721116.807394,20228673543.50476
2022-01-28,54.25739436,2621961712.785771,21567862879.50964
2022-01-27,58.91957213,2782834096.509657,23886057714.204105
2022-01-26,63.0577149,2466926301.031855,25305463511.37678
2022-01-25,66.24203958,4239423670.130655,26797340075.125626
2022-01-24,69.91268111,3162733221.969249,28121015897.87965
2022-01-23,62.60645064,4763411107.765395,25264954366.997528
2022-01-22,64.39269522,4335303671.956002,26040146276.864
2022-01-21,77.07080517,1806834463.315019,27511219759.28873
2022-01-20,81.04125423,2023217143.021151,29047335920.93466
2022-01-19,80.5166835,1995876835.277451,28829661253.67016
2022-01-18,77.31296686,1792547824.147653,27690825482.77544
2022-01-17,87.00733969,1311815497.424646,31247174793.205917
2022-01-16,87.6574288,1461414377.222952,31399845516.850945
2022-01-15,81.627882,1735623545.109905,29238052559.936543
2022-01-14,78.26015799,2363687536.32509,28054580267.617035
2022-01-13,82.29306928,2512556175.047196,29521345691.501354
2022-01-12,73.63561252,1959490722.607148,26257852013.417088
2022-01-11,69.39459132,2756966091.571352,24791553888.61076
2022-01-10,74.63584878,2224293738.804757,26653591870.534317
2022-01-09,66.97919866,2184914972.368236,24188159786.459087
2022-01-08,68.88043797,3248719442.036915,24745670627.804127
2022-01-07,78.62158784,2022167735.719737,28458304005.55797
2022-01-06,78.86333543,2059850368.063649,28455855664.51976
2022-01-05,84.80370725,1565950602.255962,31143245628.358627
2022-01-04,88.94919079,1631424379.891814,32196031039.485485
2022-01-03,89.48747825,1200177207.263289,32479349201.462967
2022-01-02,91.63255149,1418502353.064586,33117829272.2173
2022-01-01,85.48647032,1927282279.822456,31071908266.00362
2021-12-31,84.69215312,1984447790.463896,30535775366.90015
2021-12-30,83.93876079,2365480179.849477,30261660674.503075
2021-12-29,85.52957631,3245491414.758215,31278247237.26979
2021-12-28,90.92074507,2807973038.505448,33104651657.818607
2021-12-27,99.91986955,2214941962.419063,36318541738.230606
2021-12-26,98.54672901,2645746335.907661,35987270821.25628
2021-12-25,95.96747771,3781369096.58623,35072115002.22879
2021-12-24,93.86455947,3919168069.448987,34243576244.014225
2021-12-23,85.53254278,4514988358.061461,31485589914.840717
2021-12-22,87.25684386,2951573825.955358,32174216036.593872
2021-12-21,81.67928922,4015662911.81507,30342644794.752373
2021-12-20,78.44471687,2272852630.364853,29236290936.576782
2021-12-19,73.71220915,2012863193.611332,27617989692.43058
2021-12-18,66.02370864,1880767248.264052,24787873998.015636
2021-12-17,64.31256514,1857629586.948739,24074845860.43528
2021-12-16,61.57306006,2123141062.660186,23077478888.09374
2021-12-15,59.97335227,2453144353.410183,22392204687.061382
2021-12-14,53.3817866,1733003059.012897,20186110350.691704
2021-12-13,62.21233129,1342827238.56612,23372112928.422173
2021-12-12,59.72953529,1725488737.047582,22560664005.550632
2021-12-11,61.03243151,2519989381.916612,23221568506.62178
2021-12-10,66.80994314,2869257091.261711,25606871350.84985
2021-12-09,74.64320834,2700923921.215861,28366837796.08256
2021-12-08,69.14110221,3011693112.10309,26467679031.062843
2021-12-07,66.92067039,3997639562.177961,25708840088.791058
2021-12-06,68.04112355,4589933241.912793,26302017788.89522
2021-12-05,75.95019043,5577917222.687881,29385941056.507973
2021-12-04,64.14239753,2638949575.51358,24955953672.32484
2021-12-03,65.80785091,2356987029.594043,25551923616.12057
2021-12-02,64.31780963,2280518756.423301,25097833283.5221
2021-12-01,59.12613941,2342245660.587856,23096843304.91511
2021-11-30,51.58006849,1345103979.909855,20247972605.955105
2021-11-29,49.97057262,2058658347.084783,19613189399.364822
2021-11-28,43.4467968,760276435.578203,17082206544.121689
2021-11-27,40.87412596,1489928983.837802,16311937029.64198
2021-11-26,43.54121074,660501624.624975,17304824674.603325
2021-11-25,38.5758818,700034845.6396,15402883841.733728
2021-11-24,42.82394086,541788834.770148,17134625301.141735
2021-11-23,41.13892871,677909476.408491,16410579021.620268
2021-11-22,44.03531371,501750461.056398,17669995031.04626
2021-11-21,45.46987892,616254360.202994,18178143744.301315
2021-11-20,42.74275057,862792970.500818,17214623725.885563
2021-11-19,40.29054794,1332934802.919547,16669958577.901876
2021-11-18,43.33315416,1011285404.261238,18253793546.75369
2021-11-17,43.58241724,1220809358.797421,18868624671.004265
2021-11-16,48.3360117,424814594.213786,21270226323.2255
2021-11-15,51.28901253,353551415.676069,22851961416.43694
2021-11-14,52.14928319,517854356.23464,23778403009.335262
2021-11-13,49.81587946,748614820.432858,23117261876.72024
2021-11-12,50.65814951,862002748.773366,24014389435.29473
2021-11-11,48.87249031,1364460525.82452,23531062389.900234
2021-11-10,50.44338966,724074326.184889,20229881445.030888
2021-11-09,54.40228624,943586152.161666,21734803631.64541
2021-11-08,50.77714279,486152524.73243,20300824466.650955
2021-11-07,51.15781909,645831958.485756,20289500473.784386
2021-11-06,50.08931974,850406137.011949,19991071789.901608
2021-11-05,52.08980482,1380123854.695033,20557912415.984608
2021-11-04,48.12622277,1361276140.585801,19277101000.378647
2021-11-03,44.73961434,549388628.676883,17899327438.434025
2021-11-02,44.11611977,517002937.148166,17665027777.002567
2021-11-01,42.98788958,475165680.500543,17246383676.702797
2021-10-31,43.20322769,429908244.635917,17311677475.01827
2021-10-30,45.67703429,709377819.072463,18336413519.67356
2021-10-29,42.92102421,852410728.025405,17194518055.375618
2021-10-28,40.01183123,1319330827.830708,16064880455.35779
2021-10-27,44.00437628,1184180334.280986,17658672664.22971
2021-10-26,42.86765002,640569475.94802,17150072570.82976
2021-10-25,41.64871207,600924578.203425,16673677198.426544
2021-10-24,43.41146076,772122958.403743,17412305797.508953
2021-10-23,44.13078131,1628349191.605671,17741651784.794407
2021-10-22,41.01453279,1334184774.284398,16475980807.0926
2021-10-21,42.80153958,1358384797.842219,17184301985.38095
2021-10-20,37.79460721,595782028.57362,15215963509.69283
2021-10-19,35.78781086,509223412.729004,14431490685.684383
2021-10-18,36.25985119,487118980.520861,14527962560.561022
2021-10-17,36.75482539,478492511.619245,14735044510.882668
2021-10-16,37.15049233,859055231.318441,14925111645.460396
2021-10-15,37.14258923,959812935.70087,14903953276.155949
2021-10-14,36.7411076,912624540.157797,14760721267.429243
2021-10-13,37.58846312,1135813742.420277,15127246949.418575
2021-10-12,39.00169327,912620346.782363,15573255612.612455
2021-10-11,39.26885637,658427397.999726,15797969578.43156
2021-10-10,42.6865126,595231134.267665,17139544599.753292
2021-10-09,43.31946356,1183224240.503976,17405044782.678314
2021-10-08,46.31780701,1585131191.163045,18442292099.71557
2021-10-07,42.01535192,1322088565.319165,16901986368.126202
2021-10-06,44.98909248,1280626966.961321,18020514274.84751
2021-10-05,46.76202811,2484195816.731981,18715977483.86548
2021-10-04,42.96803425,1961685715.130519,17218788845.75796
2021-10-03,41.38417585,1380959764.50639,16530599000.285805
2021-10-02,37.7967922,1140762880.974732,15099366082.468576
2021-10-01,38.37844228,1028518483.685922,15292549297.293665
2021-09-30,34.16497685,1061820145.554109,13635222098.40056
2021-09-29,33.06720043,1106852280.339622,13304370474.437365
2021-09-28,36.75791219,1602407317.921143,14813036706.656857
2021-09-27,34.53736635,1361619818.640109,13800893443.810553
2021-09-26,38.0831271,1630889132.490397,15242265906.4317
2021-09-25,40.0385556,3000770491.586867,15880898414.7143
2021-09-24,36.43429276,1515458691.880898,14577174010.217234
2021-09-23,33.31277317,1447406581.22859,13323592444.397448
2021-09-22,24.94675831,1392296742.308156,9941022196.801949
2021-09-21,27.41649651,1582776290.116853,10892429747.670656
2021-09-20,33.05396966,918728238.193375,13297830918.90003
2021-09-19,34.66318606,641903133.157841,13931989407.03987
2021-09-18,34.33428508,993642922.886033,13876252653.05166
2021-09-17,37.51400498,1334036437.699727,15062559841.43208
2021-09-16,36.4709119,810305175.735507,14650488648.600058
2021-09-15,35.51991332,935119080.21085,14227878834.692064
2021-09-14,37.29070494,1457165766.137328,15034045759.827518
2021-09-13,39.43532687,1611209203.990694,15920154233.642351
2021-09-12,39.01940663,2318587957.307962,15729333399.891647
2021-09-11,43.36490316,4540657544.29733,17488963138.235764
2021-09-10,30.46046232,1033903324.237189,12345280792.360975
2021-09-09,29.38731892,1677529875.319739,11928156508.486322
2021-09-08,27.88578137,1581714093.560699,11169439452.665125
2021-09-07,32.43198471,880348086.374773,12965972946.355494
2021-09-06,34.43087537,825773997.521859,13767711649.86731
2021-09-05,31.41029385,446253604.979478,12610014711.557966
2021-09-04,31.6712627,776656579.923554,12681490527.078808
2021-09-03,32.98740334,831216439.676281,13253385498.110704
2021-09-02,31.57324946,858076778.540652,12666603313.54602
2021-09-01,31.72712022,1043928986.017877,12752300610.047678
2021-08-31,33.36267876,1447796648.840667,13347717372.419664
2021-08-30,33.38293513,1207491215.375279,13413845421.273626
2021-08-29,34.92262028,1627462876.612876,14131099967.682522
2021-08-28,32.63522744,1576911034.430921,13105641433.802715
2021-08-27,27.35725986,1007015259.485234,11086712673.57177
2021-08-26,30.17776009,1083259975.822663,12224860951.642263
2021-08-25,29.87613849,2337161953.858376,12218269662.662598
2021-08-24,29.69620908,1042029565.640798,12033052940.830038
2021-08-23,27.66100422,704316162.756632,11214767966.738464
2021-08-22,27.59179767,784423561.631563,11206853262.150784
2021-08-21,30.44913696,1193188612.119582,12367032980.386003
2021-08-20,29.60249821,2336069771.346495,12040377840.482992
2021-08-19,31.10765099,2517063392.088417,12751788023.3138
2021-08-18,25.16389618,1952089523.160308,10367870316.137035
2021-08-17,22.09653596,1436255485.927105,9160476921.747486
2021-08-16,19.25789843,440578548.492685,7924960798.919373
2021-08-15,17.34829875,257778817.240145,7163085062.557189
2021-08-14,17.74216994,302096401.140306,7283372509.669139
2021-08-13,16.59788903,419393289.034358,6828606298.094821
2021-08-12,17.11575757,560652829.864549,7057467440.9779415
2021-08-11,16.68162815,639955269.61796,6859551211.877817
2021-08-10,13.95752864,409902346.117279,5730458699.442888
2021-08-09,13.46523693,354779054.036436,5581167794.741168
2021-08-08,14.61266186,471712422.348601,6051784591.666219
2021-08-07,14.52756648,428205066.820452,6030899540.697633
2021-08-06,14.56038583,518467619.6286,6051510592.672975
2021-08-05,14.55043997,782392049.382865,6057224216.543862
2021-08-04,14.580952,927862415.772749,6044833875.687204
2021-08-03,12.42008871,427062989.255043,5159021737.132815
2021-08-02,11.81942584,462410103.394671,4909141542.976661
2021-08-01,10.85642355,323793490.932355,4516650415.765884
2021-07-31,10.85745771,426563348.020201,4513488468.318356
2021-07-30,11.06050474,533003302.530435,4638673754.863307
2021-07-29,11.04718327,579312457.104365,4616694295.865287
2021-07-28,9.45395995,445383211.70908,3912511595.412231
2021-07-27,8.49343792,517789048.774837,3553906428.3156333
2021-07-26,8.26739846,269547387.138155,3430392469.9074078
2021-07-25,8.43805305,335147600.531762,3526679555.4288936
2021-07-24,7.75851616,278623116.50104,3238323054.292674
2021-07-23,7.36902681,236914173.030359,3084447972.7830667
2021-07-22,6.66560453,194493638.842798,2793643695.4418087
2021-07-21,5.90364859,127183168.488878,2472897642.3418283
2021-07-20,6.04325609,106024785.254292,2535738714.8611207
2021-07-19,6.61153662,107905153.487145,2777631030.8882093
2021-07-18,6.49315422,143832754.261054,2728162972.8959074
2021-07-17,6.54791713,197455874.304933,2734616292.6560545
2021-07-16,6.60597949,172526526.426565,2785238860.623734
2021-07-15,6.93752869,323754442.199533,2916261678.2939897
2021-07-14,7.09692502,182789211.000475,2989291617.783202
2021-07-13,7.94468877,215943949.857422,3328500794.470657
2021-07-12,8.42733858,303061098.895872,3533368507.483324
2021-07-11,7.94188519,317618274.028697,3332636495.2314954
2021-07-10,8.17037969,466777476.660034,3429843177.20738
2021-07-09,6.71498665,252754155.604083,2816371026.9522204
2021-07-08,7.12487048,376457390.185323,2976582874.9187374
2021-07-07,6.48060367,200970436.796431,2686120805.7213264
2021-07-06,6.14984697,113615885.875906,2577402912.893393
2021-07-05,5.96589158,96238883.696108,2497552229.529444
2021-07-04,5.81212204,61225580.068385,2432287174.2751875
2021-07-03,5.74021471,91010759.364815,2396496512.032218
2021-07-02,5.92575449,142549434.882406,2473586475.8207736
2021-07-01,6.54452806,197537313.077821,2737358845.0591674
2021-06-30,6.01009241,156786018.105047,2515310669.5203004
2021-06-29,5.54234268,97084412.020119,2318581423.2955046
2021-06-28,5.41729166,55572278.969035,2264389659.707832
2021-06-27,5.19059249,85929225.30629,2167279250.4193845
2021-06-26,5.15870972,122239205.239017,2159826593.7399926
2021-06-25,5.43392024,126930605.804514,2267223573.963604
2021-06-24,5.19777672,207372059.471887,2170843178.0589185
2021-06-23,4.66750964,227999793.312986,1939082930.9262164
2021-06-22,4.84232238,164145346.577986,2069831673.101895
2021-06-21,5.86750909,94534560.098475,2444889381.9556646
2021-06-20,5.75288907,83586897.324281,2397880607.8427486
2021-06-19,5.92382677,180634376.655069,2469735505.199508
2021-06-18,6.16385471,104089214.717783,2560138890.99599
2021-06-17,6.1588822,157722595.418644,2561304704.3358617
2021-06-16,6.66899113,240289522.498415,2787067283.2283187
2021-06-15,6.20792162,157329792.589115,2584964803.6952143
2021-06-14,6.07540051,124654095.076724,2522736949.3752685
2021-06-13,5.49009741,168348762.545151,2322961160.75896
2021-06-12,5.5196392,184844971.079303,2295403808.9968348
2021-06-11,6.04963531,288011299.110557,2524670305.133625
2021-06-10,5.99481801,237595535.638172,2501287057.6621017
2021-06-09,5.62357245,272425596.784923,2356814497.19228
2021-06-08,5.53392429,244026854.827102,2322710266.6084647
2021-06-07,6.23699744,144395579.340873,2580015429.598267
2021-06-06,6.04887414,307345060.687401,2502725797.777431
2021-06-05,6.41224172,554368866.952755,2653040544.486098
2021-06-04,7.66742754,432843015.437607,3187018287.0367064
2021-06-03,6.91225571,276250381.762431,2834308878.660297
2021-06-02,6.26627032,231074208.038465,2569303393.454326
2021-06-01,6.55462373,386365594.37973,2679626068.5130453
2021-05-31,6.21239349,331200481.774605,2531106614.4468365
2021-05-30,5.48842911,245883236.249571,2258158084.0948668
2021-05-29,5.91732133,468309678.012608,2397268967.387162
2021-05-28,6.70497161,449438907.28729,2710601908.3702154
2021-05-27,7.36612776,809481947.68544,2945935747.201312
2021-05-26,6.61692841,579088226.351503,2692313567.649444
2021-05-25,6.58825957,1277607271.181936,2606656300.9168057
2021-05-24,4.17988862,612382447.06307,1648680102.451691
2021-05-23,6.59602914,427325651.808249,2534330719.5967817
2021-05-22,8.13971284,534200275.674793,3133234612.2025
2021-05-21,10.28832754,716218850.311514,3885517718.775501
2021-05-20,9.73754551,855296423.23521,3763280284.365376
2021-05-19,15.77339818,426058563.403286,6041338239.463203
2021-05-18,14.88758885,442404156.830428,5733924394.672043
2021-05-17,16.28731073,612780140.909345,6311016435.798034
2021-05-16,15.15893041,355178438.043027,5811343033.685475
2021-05-15,16.42652552,345077193.390238,6310705658.6055565
2021-05-14,15.86020369,866756257.151233,6069144094.896725
2021-05-13,14.81737699,657491281.88004,5875956327.712893
2021-05-12,16.33247176,362372936.492425,6281602931.376844
2021-05-11,15.96000358,581398314.166775,6185860433.313122
2021-05-10,16.99904551,313438154.857997,6569355217.5452
2021-05-09,16.98413657,287311024.476846,6533864278.740684
2021-05-08,16.63978611,287121759.908176,6440212407.597387
2021-05-07,16.74735567,448238112.207215,6510420095.67126
2021-05-06,17.0323537,455826021.32234,6624928615.763412
2021-05-05,16.2372516,571386703.703934,6345731970.135287
2021-05-04,17.20448525,718984783.560211,6710282705.701487
2021-05-03,17.16873302,336745179.437154,6705821723.040495
2021-05-02,16.51113751,193407838.527703,6453301481.681857
2021-05-01,16.68158375,303395681.477124,6525326441.905278
2021-04-30,16.2741362,342330993.019269,6373809560.585448
2021-04-29,16.83338627,464866861.901551,6583473796.897783
2021-04-28,17.68934741,695123737.313158,6959352055.689933
2021-04-27,17.63071388,547008001.155562,6606180067.721449
2021-04-26,17.67801576,989083578.479023,6640408806.180209
2021-04-25,15.69622474,657650128.094952,5991485772.730714
2021-04-24,14.0372198,674451984.361634,5293168989.6707535
2021-04-23,13.6995831,721163761.654227,5191694142.644188
2021-04-22,13.28985122,434515370.36928,5044216692.867512
2021-04-21,13.43414651,437981358.89231,5102747892.187681
2021-04-20,13.91817962,753190649.124289,5361635807.55489
2021-04-19,13.41323565,649253575.509296,5104970953.70897
2021-04-18,15.2148284,339917923.79653,5813771141.085785
2021-04-17,15.80781303,454743163.171795,6011753423.339339
2021-04-16,16.81710294,430337432.170951,6376199440.461273
2021-04-15,15.22708003,410163131.574324,5804721432.893845
2021-04-14,15.65432917,505404583.149214,5958025614.314615
2021-04-13,14.64868853,262730827.051988,5592127815.306261
2021-04-12,15.12331015,184678994.503759,5785377828.401347
2021-04-11,15.48231976,281737999.216729,5902285496.631412
2021-04-10,15.66464105,377527713.161469,6003555022.75198
2021-04-09,15.76244781,268741900.133517,6052041525.454028
2021-04-08,15.49032905,438478960.100636,5995145561.380913
2021-04-07,16.73306452,380851679.793211,6534851645.928623
2021-04-06,17.52145338,252348343.199254,6758818179.768884
2021-04-05,18.17649324,175424218.383235,7036269109.719056
2021-04-04,17.99144325,212183772.246103,6977835143.949264
2021-04-03,18.44201296,343753317.22859,7176012887.201484
2021-04-02,18.42099842,364915187.120557,7164929415.786989
2021-04-01,18.64449694,585865723.063685,7298712158.532365
2021-03-31,18.61497774,311622350.89764,7288443175.646371
2021-03-30,18.91047688,301553936.132501,7441532333.244983
2021-03-29,18.5391552,245280281.328828,7292140050.727447
2021-03-28,18.72316722,308768578.806572,7442439825.29111
2021-03-27,18.4953017,534211387.349111,7367382078.617511
2021-03-26,16.29132657,539635853.471544,6515999708.572463
2021-03-25,16.47289387,971285814.405677,6652850176.229344
2021-03-24,16.95219966,624585152.776555,6838247563.461055
2021-03-23,19.3963442,604472520.45405,7901001405.163016
2021-03-22,22.00422216,699675053.123443,8954131768.650072
2021-03-21,20.97142114,467516123.546693,8553996130.852647
2021-03-20,20.04863079,983323496.634307,8200198554.169828
2021-03-19,19.10986136,665302562.882541,7484647899.665147
2021-03-18,18.58821594,1246224342.303278,7726109196.71773
2021-03-17,20.02430488,1789887452.91989,7965454826.482595
2021-03-16,16.31728064,784413681.784311,6551218237.453505
2021-03-15,16.04824826,958229808.543626,6496754890.778404
2021-03-14,14.52989234,535203813.929162,5922782829.367306
2021-03-13,14.13549228,975314747.693628,5693734303.989836
2021-03-12,10.78355823,431955410.042226,4232244363.6932073
2021-03-11,11.14810186,501406082.684363,4428400576.791847
2021-03-10,11.74072106,1024046281.749747,4649351687.7290535
2021-03-09,9.61562718,493901259.136257,3851724794.733392
2021-03-08,8.26615906,236223743.349937,3328027605.6343737
2021-03-07,8.27932272,415934378.608902,3350617491.536772
2021-03-06,8.51365836,634060285.698395,3467138052.4541287
2021-03-05,7.52997001,535695455.930288,3083593825.1235924
2021-03-04,7.24727205,569276190.931288,2952700665.516936
2021-03-03,6.51775331,238767203.309245,2650616885.4358807
2021-03-02,6.74139593,327597758.330978,2735089218.0927987
2021-03-01,5.35379807,193465411.623947,2194952454.040977
2021-02-28,5.9674626,161541708.795339,2439288647.5090466
2021-02-27,5.88400626,222944742.353851,2422370633.3956747
2021-02-26,5.97814348,299507633.571771,2547105991.4522862
2021-02-25,6.71020834,423703909.602248,2835092345.9195147
2021-02-24,6.68534622,720596544.789616,2817034981.8517346
2021-02-23,7.04353426,991240153.216297,2985056620.94555
2021-02-22,6.15581148,196298655.878729,2649855683.5076046
2021-02-21,5.98498592,241968838.121577,2574462769.144989
2021-02-20,6.34569989,268244801.216757,2766438011.2197323
2021-02-19,6.70341235,340895501.152916,2944737201.8578763
2021-02-18,7.32870006,620464884.650264,3200535877.861302
2021-02-17,6.50796181,455218267.524539,2894208744.7694592
2021-02-16,5.4328745,261738066.915541,2442164037.0002832
2021-02-15,5.669273,262680242.540701,2571150939.4095583
2021-02-14,5.59050642,222879731.725279,2577531761.9509506
2021-02-13,5.70874771,328656700.91648,2676481536.4589114
2021-02-12,5.51924132,393951283.915338,2607852149.247764
2021-02-11,6.09686389,622459308.261668,2922017345.319628
2021-02-10,6.51880685,1459163021.607596,3136342241.750009
2021-02-09,5.75708841,1180412320.581722,2721789340.9201565
2021-02-08,3.04957746,250171218.161166,1501240694.9899738
2021-02-07,2.68282311,144162561.078502,1307422284.0861847
2021-02-06,2.88156747,212067371.452597,1399559904.7844136
2021-02-05,2.64512818,384791963.01954,1294104535.2612002
2021-02-04,2.11774292,315201229.41915,1023237028.5316352
2021-02-03,2.31699221,317687330.815946,1112902950.9714422
2021-02-02,1.78847241,223927612.622536,867423191.8295581
2021-02-01,1.46501799,111715808.296696,706993420.4318646
2021-01-31,1.43064784,95011427.918321,690994703.4065392
2021-01-30,1.47165493,181954788.762951,712384765.3051199
2021-01-29,1.45340748,310857704.930594,707028108.5574473
2021-01-28,1.12390647,141224099.999291,543886259.7673206
2021-01-27,1.2513305,318222119.71704,614155066.4296565
2021-01-26,0.87154439,28979137.871845,422904121.3085021
2021-01-25,0.90503336,30215313.241045,437936394.01312894
2021-01-24,0.89763563,26662253.69955,430312187.9202892
2021-01-23,0.81314465,33668779.310398,393555431.4289229
2021-01-22,0.79539051,27888409.684644,386717123.6719957
2021-01-21,0.90580539,30003941.403757,437839685.10871696
2021-01-20,0.90757215,73665038.495601,442322483.5800468
2021-01-19,0.798799,15578227.086634,387893155.4953655
2021-01-18,0.80658023,28868929.744418,392371397.8580208
2021-01-17,0.76154664,18397626.797543,369304564.3765326
2021-01-16,0.79190436,25765636.591926,383592645.5124273
2021-01-15,0.83301896,38259597.590488,403320577.1805584
2021-01-14,0.82122832,35339334.944594,398476802.4299964
2021-01-13,0.74887607,37414395.956447,362483074.2644491
2021-01-12,0.73832947,65086074.356155,358596839.1098606
2021-01-11,0.84787179,36616084.509523,411126257.331088
2021-01-10,0.81974936,22549655.540235,396469115.3601789
2021-01-09,0.85055912,39436615.079337,410924794.7033288
2021-01-08,0.85697765,87739758.215421,414665004.9534328
2021-01-07,0.71558214,19668604.992782,345113262.7019378
2021-01-06,0.71667633,45587563.772793,346914851.80892986
2021-01-05,0.65278864,53310922.549951,317539137.01669014
2021-01-04,0.66003249,36340416.951395,323192424.0497319
2021-01-03,0.63100767,22586202.499297,305731973.23963344
2021-01-02,0.64873622,19316682.17613,314767616.95577365
2021-01-01,0.65179059,24474148.98834,314821168.4021067
2020-12-31,0.66936957,45509253.739999,325111475.9915472
2020-12-30,0.64693498,47735508.276115,313240206.73037946
2020-12-29,0.62117431,54004613.812566,301676328.35011536
2020-12-28,0.5521564,30329335.094962,268264608.7097552
2020-12-27,0.54188836,19886753.180492,263028445.22166017
2020-12-26,0.53812464,68879829.655208,260793867.16935903
2020-12-25,0.51916489,33342120.835358,251858061.12340927
2020-12-24,0.46097665,17755076.543231,224219902.5584267
2020-12-23,0.50952322,22641613.750871,247060240.8892541
2020-12-22,0.46951318,27050916.912961,231087460.9754597
2020-12-21,0.48874487,19371185.263182,231506261.58145007
2020-12-20,0.53721174,12184735.654912,253737495.9127368
2020-12-19,0.53268197,26585873.507729,251250335.55353647
2020-12-18,0.48330719,32097104.147072,228217104.6167768
2020-12-17,0.50373141,29078598.557241,238363891.5212836
2020-12-16,0.47817372,7072660.053235,225868292.5904332
2020-12-15,0.47212366,9110044.645959,223000668.17863896
2020-12-14,0.47959115,7843446.27379,226515469.59078908
2020-12-13,0.48248443,7763096.701601,228050733.83135524
2020-12-12,0.4639345,14276303.433569,219236986.4916806
2020-12-11,0.47542492,12641093.919266,224782504.2169776
2020-12-10,0.49211003,23256158.839214,232418876.7555168
2020-12-09,0.47285942,24559843.771742,223587011.9479492
2020-12-08,0.50802297,14788159.073354,240188750.12026668
2020-12-07,0.50118118,13197169.473397,236702966.05457395
2020-12-06,0.50904041,28668120.739281,238092261.9712897
2020-12-05,0.45101483,43303498.068655,213538934.31025052
2020-12-04,0.50188291,54233679.523714,235940579.2929815
2020-12-03,0.40715942,11131033.881348,192652636.0233948
2020-12-02,0.38943177,18917723.26753,184198714.89171687
2020-12-01,0.39774761,21319200.050002,188061364.75174725
2020-11-30,0.37981812,4952754.491506,179551402.9701992
2020-11-29,0.3843604,4585675.816371,182003424.65318167
2020-11-28,0.38456161,15521851.288338,181832455.4756693
2020-11-27,0.34970245,20741565.149872,165360037.81610835
2020-11-26,0.40814758,21558379.178618,194424139.4422622
2020-11-25,0.41104684,28994700.089666,194540125.99873528
2020-11-24,0.37851859,24062548.032412,178982261.106013
2020-11-23,0.34800539,15598711.636907,164504186.45371303
2020-11-22,0.3460383,6581827.692775,163369056.5215931
2020-11-21,0.3428269,9791363.044839,161549434.88996837
2020-11-20,0.32382,7948636.98027,152342411.58825645
2020-11-19,0.31612313,8337443.819105,148652338.64409703
2020-11-18,0.31099116,7005507.224958,145986151.5442805
2020-11-17,0.31229601,8494131.010017,146529487.50966445
2020-11-16,0.30794642,5662326.218882,144217708.22062504
2020-11-15,0.30526212,3869990.35324,142748352.42596403
2020-11-14,0.31868493,4073304.723489,148687988.39636862
2020-11-13,0.31651002,5987448.39912,147487991.4147581
2020-11-12,0.32046581,7742041.085096,148920319.76869288
2020-11-11,0.30804289,4175513.931956,143150956.36966172
2020-11-10,0.29768436,3129659.081315,138055659.63036954
2020-11-09,0.30301712,2399280.223305,140489100.7747054
2020-11-08,0.29188855,4312857.748554,135141930.60503763
2020-11-07,0.30468038,3723112.936075,140667567.18408012
2020-11-06,0.29214489,3106760.791354,134536512.02605405
2020-11-05,0.2839424,2777597.381128,130526572.61631064
2020-11-04,0.29044007,3597904.049559,133392845.84074004
2020-11-03,0.28669246,3580435.253981,131624943.09372088
2020-11-02,0.29925415,1809440.308948,137193779.7797286
2020-11-01,0.30311822,2133363.531475,138639280.51114818
2020-10-31,0.30326603,2970525.137651,138509665.23343822
2020-10-30,0.30163252,2444798.985727,137451072.9025873
2020-10-29,0.30843914,5609866.984848,140214504.23016608
2020-10-28,0.30921089,4703293.295426,140735269.80502906
2020-10-27,0.30402504,4812522.795311,137832958.43673924
2020-10-26,0.30817791,2000978.144705,139672413.5631123
2020-10-25,0.31149847,2193956.273919,140873390.321584
2020-10-24,0.31640904,3917562.335812,143058476.38481534
2020-10-23,0.31401574,2991262.708096,141880247.75007027
2020-10-22,0.31132904,3452618.832196,140331813.40940672
2020-10-21,0.30998844,3844562.716023,139736772.45088255
2020-10-20,0.31999942,3505320.641326,144005303.3873489
2020-10-19,0.31377571,1061622.663679,141277429.95309955
2020-10-18,0.31664047,1368328.801251,142374387.5705238
2020-10-17,0.31861337,2803163.843101,143150470.23922512
2020-10-16,0.32394566,2469317.462325,145396479.4929771
2020-10-15,0.32012356,5695563.075905,143689525.0754255
2020-10-14,0.31609778,3139624.821843,141670383.37985763
2020-10-13,0.32543376,3510666.376472,145879319.53123882
2020-10-12,0.32096542,3068476.587734,143807545.19518545
2020-10-11,0.30806315,3107002.742611,137813181.3117806
2020-10-10,0.31701733,2747594.361864,141418132.89968127
2020-10-09,0.30127915,2331012.085221,134302553.8744033
2020-10-08,0.30288977,2473114.161814,134966049.7849916
2020-10-07,0.29438505,2653952.647821,131137855.67324468
2020-10-06,0.31075891,3676909.737762,138325933.36863378
2020-10-05,0.30172821,1935573.910176,134108436.72442149
2020-10-04,0.31079244,4295259.691866,138091496.44874123
2020-10-03,0.32996636,7173275.410741,146534325.8496208
2020-10-02,0.31780541,3401368.153266,140956908.13078746
2020-10-01,0.3342658,3283138.495783,148029512.70497698
2020-09-30,0.33298815,11758064.218717,147200906.2863954
2020-09-29,0.32292839,5322333.651108,143006598.23629752
2020-09-28,0.31279601,1822428.326304,138284634.1882707
2020-09-27,0.31584122,2979831.937449,139494840.7893658
2020-09-26,0.32375625,7775712.149992,142950392.8065998
2020-09-25,0.30190093,2920336.914228,132746513.25408788
2020-09-24,0.29009318,1952761.344585,128117438.54520988
2020-09-23,0.29999389,2712813.938331,132035527.88105676
2020-09-22,0.2886569,4888077.388708,127424249.39763854
2020-09-21,0.31004416,3848696.59215,136479916.57948744
2020-09-20,0.31732311,3753468.270542,139685583.7227789
2020-09-19,0.32165129,5343905.107705,141431628.59146097
2020-09-18,0.31210503,6251379.025112,137095038.31666628
2020-09-17,0.32019821,16661875.038575,140297563.48085833
2020-09-16,0.33784457,12008452.927796,147780502.25962055
2020-09-15,0.31979469,3964415.642305,140275635.93564233
2020-09-14,0.30932541,6243650.306528,135562114.98774925
2020-09-13,0.3294579,6295507.451744,143359532.08026394
2020-09-12,0.33835828,6998492.104488,148235627.10105056
2020-09-11,0.34926804,10849702.26956,152648362.66503295
2020-09-10,0.31758273,5020297.250709,138731741.71248642
2020-09-09,0.31704558,6149330.713117,138562677.0646467
2020-09-08,0.32572403,7813656.482793,142461291.85621592
2020-09-07,0.33367435,7144493.183006,145614665.9506617
2020-09-06,0.32820078,8055742.084521,142681470.82056767
2020-09-05,0.37044809,9110670.415228,161548933.9800907
2020-09-04,0.37993776,12158189.780754,166853473.62204266
2020-09-03,0.44335516,12647026.680189,193197227.6782601
2020-09-02,0.47899074,14372127.852674,208745119.28549072
2020-09-01,0.50915884,11470520.951255,221914872.5064956
2020-08-31,0.53234624,13854971.120601,231570910.610866
2020-08-30,0.53775491,16729430.729069,233495046.35863888
2020-08-29,0.56257253,21429056.936477,244718939.9327756
2020-08-28,0.50270748,16125750.721536,218732001.6155392
2020-08-27,0.49134665,11097256.733441,212942799.2306361
2020-08-26,0.46327567,15781154.903843,201086523.6427953
2020-08-25,0.52828951,11873526.865575,226642018.1235993
2020-08-24,0.48195613,16754088.947975,209002578.95988065
2020-08-23,0.46826297,13974469.554169,203049964.46892524
2020-08-22,0.43192929,20764709.585051,187161090.2936197
2020-08-21,0.51461841,15150959.177942,222704992.84153908
2020-08-20,0.50673609,65032077.782069,218454774.99957567
2020-08-19,0.56309354,15362438.89183,243319651.82649168
2020-08-18,0.56494754,13949991.8154,243641000.7677301
2020-08-17,0.60194335,26830181.463799,258840551.98772243
2020-08-16,0.51133414,7122852.394253,220770810.6193745
2020-08-15,0.51968086,19724610.78218,224016999.23188823
2020-08-14,0.51945778,33832685.712817,225420540.2414961
2020-08-13,0.55397193,29180606.386549,238444602.3494473
2020-08-12,0.52479717,38045246.477301,225918768.74407127
2020-08-11,0.57139792,51260126.460273,245750471.8753173
2020-08-10,0.43467006,20779480.367632,185924573.92975745
2020-08-09,0.36520724,12102306.202425,157773555.63176912
2020-08-08,0.33528465,7256433.015068,143879404.88127282
2020-08-07,0.34697377,10371502.27384,148957488.5432148
2020-08-06,0.33969626,12411461.573608,145725038.34169316
2020-08-05,0.32568943,8187201.073148,139817854.69611356
2020-08-04,0.32656422,10945252.113494,139939257.27613246
2020-08-03,0.32418646,12023138.210297,137676515.80261403
2020-08-02,0.28192363,5637917.190648,120701406.60215823
2020-08-01,0.3053218,7188651.142913,130639372.6891497
2020-07-31,0.33744213,11094981.906306,144679825.7943836
2020-07-30,0.34716628,12377580.689469,148490494.7295328
2020-07-29,0.37225693,6643920.816158,159154365.9465067
2020-07-28,0.40082295,14385976.844737,171046324.14149088
2020-07-27,0.41776673,14551682.764194,178742978.5085961
2020-07-26,0.38373648,12420342.616188,163595051.5997207
2020-07-25,0.37771979,16023877.472719,161133296.4674867
2020-07-24,0.39034173,22416767.180916,166355283.72664335
2020-07-23,0.37843563,21762179.147734,161189049.76926342
2020-07-22,0.32362777,15013133.832996,137245540.56470588
2020-07-21,0.34011422,20766577.771563,148582465.75815588
2020-07-20,0.33816069,20868412.317349,143069125.30117816
2020-07-19,0.26928057,7981639.47395,114370171.225474
2020-07-18,0.26029354,8398623.888,110589445.9531007
2020-07-17,0.23307256,7459889.541855,98992371.51602364
2020-07-16,0.23509438,8410676.065291,99774693.45319048
2020-07-15,0.21547107,6107379.488438,91341101.23111114
2020-07-14,0.21197405,7532102.244061,89829905.68932542
2020-07-13,0.2151159,6847799.166551,91223893.09847656
2020-07-12,0.20896874,5017924.797022,88472661.38761121
2020-07-11,0.20830349,7063613.063437,88129072.98132841
2020-07-10,0.20748738,7245927.10323,87686655.4107871
2020-07-09,0.20929691,7127268.839152,88372606.19759099
2020-07-08,0.21444023,6347934.990684,90613592.15592772
2020-07-07,0.21363278,6664257.82559,90264882.21840487
2020-07-06,0.20647757,5462357.170598,87140771.31107162
2020-07-05,0.20494715,6146262.700987,86449550.91540094
2020-07-04,0.20804286,6676399.7106,87604265.30598599
2020-07-03,0.21019639,10226692.902841,88486034.07826425
2020-07-02,0.20766766,7610119.760722,87431774.0274709
2020-07-01,0.20915093,3352762.310093,88041038.75086667
2020-06-30,0.20642311,4071245.428305,86802260.9278547
2020-06-29,0.20519823,4229946.23926,86140289.81137216
2020-06-28,0.2088943,4163711.985392,87388816.8567667
2020-06-27,0.20364844,4619373.80478,85462843.20152718
2020-06-26,0.20341009,4095155.058167,85411804.32642157
2020-06-25,0.20614032,4085721.587447,67516620.74645858
2020-06-24,0.21024336,1678818.545388,68818805.80707444
2020-06-23,0.20997422,3320013.426452,68580723.97879606
2020-06-22,0.21223629,2801273.065912,69232762.64244021
2020-06-21,0.21177584,3008365.89752,69118580.28260238
2020-06-20,0.21316421,2812243.586792,69359492.10046074
2020-06-19,0.2113351,3167603.881158,68865757.10182592
2020-06-18,0.21331406,3317132.940184,59324139.59408969
2020-06-17,0.2167785,3243815.830844,60277681.33772548
2020-06-16,0.20501062,3330201.118164,56952115.4942332
2020-06-15,0.21208481,3129241.744019,58650946.034613
2020-06-14,0.2133297,2346740.961987,58947926.53179897
2020-06-13,0.2113994,2358479.161701,58226245.86610046
2020-06-12,0.20233979,5017351.452828,55302201.10972583
2020-06-11,0.22713784,6735459.25675,62422695.6481173
2020-06-10,0.22309797,7748278.396017,61423499.0012861
2020-06-09,0.21862654,4271643.134284,60211633.21152915
2020-06-08,0.21520532,6416165.762682,58972100.60652871
2020-06-07,0.21144578,8470560.115727,58112925.74907918
2020-06-06,0.21212504,2924897.873808,58086553.07918074
2020-06-05,0.21681958,8105622.082775,59459487.03371185
2020-06-04,0.20297675,3864767.288879,38250814.26024351
2020-06-03,0.19955614,4825712.237519,37643973.54144769
2020-06-02,0.20059858,4667663.609471,37902738.23667239
2020-06-01,0.19792116,3162438.581788,37257767.00760195
2020-05-31,0.19657104,4466076.703586,37062302.48761813
2020-05-30,0.19781505,6837230.552173,37321420.98640075
2020-05-29,0.1971232,5314996.591915,37141630.46553949
2020-05-28,0.19609258,5472586.873512,36837081.60889763
2020-05-27,0.19604145,5150439.112008,37014710.74403043
2020-05-26,0.1890559,4121474.165192,35784887.34393478
2020-05-25,0.18135012,4166765.904885,34223995.77398533
2020-05-24,0.18600862,3048746.658693,35031598.38819715
2020-05-23,0.18291792,3147397.634356,34494871.42424794
2020-05-22,0.179572,4801807.45366,33756638.7588197
2020-05-21,0.18642404,5004901.644679,35128602.11567503
2020-05-20,0.18779779,5357432.856731,35185211.43960999
2020-05-19,0.19319722,5116314.811499,36335406.44129153
2020-05-18,0.19318551,2043571.705054,36258110.83361363
2020-05-17,0.18547741,1491289.059683,34943525.04009575
2020-05-16,0.18457257,1650344.006992,34580237.54108103
2020-05-15,0.18726273,3730062.585292,35346604.72707369
2020-05-14,0.18902208,7268349.800457,35641037.15794296
2020-05-13,0.18520587,10316678.675117,34991120.69671602
2020-05-12,0.17891526,3104214.333087,33441824.52632622
2020-05-11,0.17954115,1995689.382453,33779315.7355156
2020-05-10,0.1869634,2024888.463072,35975303.97972187
2020-05-09,0.19416324,2113158.28287,36547430.56027972
2020-05-08,0.19480013,4628474.426386,36784617.1043775
2020-05-07,0.21436367,2707672.365531,40273611.248406
2020-05-06,0.19023778,1542220.331938,35731207.50087695
2020-05-05,0.19171328,1132595.163618,36124053.50214315
2020-05-04,0.19441682,1521379.11853,36589769.84132952
2020-05-03,0.19552334,1744786.967317,36749397.62121841
2020-05-02,0.19164389,2025818.061977,36088064.48991479
2020-05-01,0.19085642,1944007.435511,36182055.92656962
2020-04-30,0.20467118,1926592.315147,38466776.90359842
2020-04-29,0.19842162,6948265.63787,37288033.82323892
2020-04-28,0.1983985,10439854.246716,37425712.91607884
2020-04-27,0.19576755,1651688.622408,36855161.64325673
2020-04-26,0.19621904,1390759.130841,36987780.6407695
2020-04-25,0.19547547,1709074.57924,36851649.24930737
2020-04-24,0.19663118,2503075.387564,36934011.22645109
2020-04-23,0.1970913,3075776.57686,37007251.0383753
2020-04-22,0.20560151,7862837.770211,38524574.92518856
2020-04-21,0.20807437,6103077.211041,39136340.5595382
2020-04-20,0.23048395,2783826.179775,43578811.04952906
2020-04-19,0.21919644,1946019.388899,41208047.93401459
2020-04-18,0.21571704,2679498.253181,40663011.67783665
2020-04-17,0.21918885,2649858.722068,41608410.18722952
2020-04-16,0.20116454,1419226.052343,38047164.66225626
2020-04-15,0.20344334,3307419.72077,38324130.51208855
2020-04-14,0.18310502,3388737.525881,34508526.18127891
2020-04-13,0.18451548,3521574.724528,34711967.23869187
2020-04-12,0.16850467,2990465.694301,31685903.42586573
2020-04-11,0.16681383,4433916.103403,31437425.12074008
2020-04-10,0.17799741,1239691.218172,33456206.37200192
2020-04-09,0.18030912,2244220.007268,33867731.06113667
2020-04-08,0.1722879,3014954.659031,32458063.11757238
2020-04-07,0.17638346,3062747.90375,33130516.3666064
2020-04-06,0.16258303,3253303.802766,30600037.35898491
2020-04-05,0.16188489,2650404.793643,30426301.29756849
2020-04-04,0.14663262,2087830.541787,27368928.7321594
2020-04-03,0.14710222,3081448.173118,27530067.56720278
2020-04-02,0.14320996,1952256.166772,26804637.34613716
2020-04-01,0.14060799,8301665.924405,26436791.55490523
2020-03-31,0.13902724,8027893.702041,26154079.78029203
2020-03-30,0.13580513,3010597.309727,25607655.73710718
2020-03-29,0.13743553,3216019.952521,25809025.62208968
2020-03-28,0.14309918,3367811.95271,26539074.50896024
2020-03-27,0.1493331,3823800.398958,28060838.95209919
2020-03-26,0.14687293,3286710.114691,27627712.91796177
2020-03-25,0.15257739,5071050.540594,28619670.77700124
2020-03-24,0.14279732,5652378.473122,26711464.52602763
2020-03-23,0.13143782,2734668.922987,24675530.49674071
2020-03-22,0.13896915,2657821.135826,26097448.58725754
2020-03-21,0.14110247,4049640.84664,26426140.22073561
2020-03-20,0.14965201,6034209.358177,28181264.20553228
2020-03-19,0.12623646,2818540.600546,23631747.74087905
2020-03-18,0.13610417,1889420.476321,25832224.78184469
2020-03-17,0.13805193,2311892.249716,25817699.05027007
2020-03-16,0.14445791,1841214.302776,27148455.7417252
2020-03-15,0.14882072,1658293.030891,27954940.34017099
2020-03-14,0.16232878,2858993.956055,30096849.49913089
2020-03-13,0.1559552,4990319.753971,28736964.54752919
2020-03-12,0.20008789,3943812.069554,37639547.64332464
2020-03-11,0.20537238,3083099.813222,38806299.14943438
2020-03-10,0.20899824,11365039.505709,39293304.94148675
2020-03-09,0.20939861,3051897.428875,39214484.91615343
2020-03-08,0.23517226,3105969.78887,44087597.14287747
2020-03-07,0.237527,3641365.930496,44716793.18641949
2020-03-06,0.23880051,4666778.284925,44904928.07506236
2020-03-05,0.23688294,4820170.220607,44543112.05220674
2020-03-04,0.24031069,4415208.418645,45145812.91146174
2020-03-03,0.24671556,8350896.172483,46292818.78592216
2020-03-02,0.24154316,7355655.445822,45111298.47303016
2020-03-01,0.22074769,6822512.184508,41373738.67962138
2020-02-29,0.21836327,8108912.564541,41114465.48192578
2020-02-28,0.22524076,8135397.178514,42196535.80063404
2020-02-27,0.21425055,6586674.527787,40242183.94177817
2020-02-26,0.23264575,5141396.694404,43736824.09455052
2020-02-25,0.24526159,4370439.930998,46117540.37210448
2020-02-24,0.26248082,5372548.602039,49299639.34618459
2020-02-23,0.26274223,5316919.678911,49356959.96431463
2020-02-22,0.2535539,6226554.381754,47378015.44050857
2020-02-21,0.22800115,3509732.573865,42912513.28624549
2020-02-20,0.21884799,3034378.717511,40934663.95416804
2020-02-19,0.2348234,3190017.758607,44133936.8402577
2020-02-18,0.23706891,3571020.698947,44375403.79197019
2020-02-17,0.25334836,3557814.173603,47599183.38278634
2020-02-16,0.25778907,4366680.310178,48540390.57818307
2020-02-15,0.27563159,4478617.661857,51893067.15336377
2020-02-14,0.27677402,4190114.754527,52076336.34528372
2020-02-13,0.26239407,7468296.761051,48940814.58946604
2020-02-12,0.33259492,10583758.368511,59101040.2860326
2020-02-11,0.22512673,3947252.247352,42186090.87338852
2020-02-10,0.2236312,2525535.891979,41981122.66274186
2020-02-09,0.22804217,3058553.573065,42993367.24600285
2020-02-08,0.22825862,3666974.836986,42909877.75707594
2020-02-07,0.22133623,4697767.058344,40534096.32773158
2020-02-06,0.20527971,3417676.7784,38562681.36147342
2020-02-05,0.19667513,2466898.589519,36902011.5154726
2020-02-04,0.20468641,3385038.273858,38467898.5287728
2020-02-03,0.19995705,3393920.932485,37826344.94213518
2020-02-02,0.18851336,3037685.596696,35321945.99934587
2020-02-01,0.18697774,3399578.404007,34858619.49521665
2020-01-31,0.18911514,4138700.220852,35332050.18093224
2020-01-30,0.19146295,5571548.219863,35689512.95549341
2020-01-29,0.1861338,4225742.490985,34771624.50184048
2020-01-28,0.18547238,2466982.34006,34754008.05520714
2020-01-27,0.1861944,2385593.96731,34769797.57660043
2020-01-26,0.18509605,2215571.890008,34694139.17092867
2020-01-25,0.18578713,2425090.082724,34782832.93820639
2020-01-24,0.18629627,2385666.920581,34821815.31410985
2020-01-23,0.19206552,3269217.333663,35924349.60892031
2020-01-22,0.19665999,3684224.388389,36834068.70558191
2020-01-21,0.19988304,4103423.660224,37493248.25147154
2020-01-20,0.20251038,5443463.556278,38311839.70945457
2020-01-19,0.20260198,3110173.58319,37729073.05426348
2020-01-18,0.20529192,3677884.314632,38419784.31722886
2020-01-17,0.20557335,3498300.619801,38911092.79403409
2020-01-16,0.19589502,4533120.889747,36792757.83269936
2020-01-15,0.19477475,4781739.265135,36410303.82244337
2020-01-14,0.20040762,4374344.466294,37169301.94639506
2020-01-13,0.20943702,1762326.074457,39141805.3178791
2020-01-12,0.20407,2641870.500411,37907878.21213483
2020-01-11,0.20574764,4269206.523299,38341871.88496003
2020-01-10,0.20601606,4232582.319648,38541747.75193285
2020-01-09,0.20254866,2975093.196255,37795957.22826097
2020-01-08,0.21759362,3067363.543892,40689911.469578
2020-01-07,0.22504955,3677651.972237,42059900.06399518
2020-01-06,0.23985664,1449636.970014,44746632.7525823
2020-01-05,0.24163285,2591130.521084,45164995.22968616
2020-01-04,0.21994197,3933398.792275,41165301.32024524
2020-01-03,0.21193506,3862809.272787,39747558.0560566
2020-01-02,0.23114523,5042078.845946,43280153.84918
2020-01-01,0.25829456,4349296.71684,48361795.69791163
2019-12-31,0.28821727,1088888.722567,53845535.90154323
2019-12-30,0.31054573,607577.632921,57761781.55933563
2019-12-29,0.28700882,381755.735253,53504405.48998867
2019-12-28,0.30742964,2763139.382881,57727096.48398116
2019-12-27,0.35283012,1592746.647164,65950999.47039647
2019-12-26,0.34329445,1631803.209617,63349065.05741807
2019-12-25,0.32153711,1527540.941993,59684758.76933876
2019-12-24,0.28063621,844378.42952,52389086.74678742
2019-12-23,0.26597725,1183687.301361,49856259.79779007
2019-12-22,0.25929104,1269934.228928,48452462.25509728
2019-12-21,0.24238658,1134555.692565,45247686.61722243
2019-12-20,0.21871473,908129.488402,40686381.26090331
2019-12-19,0.21424143,488043.778231,40043862.3846454
2019-12-18,0.22910133,246282.321554,41433698.41807952
2019-12-17,0.24687447,283815.326705,46113160.82835289
2019-12-16,0.26504888,256877.504453,49539384.43645657
2019-12-15,0.26487279,386043.432178,49472500.45106573
2019-12-14,0.27082201,589703.20702,50605652.72602899
2019-12-13,0.26549435,291155.226874,49614797.35606771
2019-12-12,0.26218174,416348.267849,48971930.31159741
2019-12-11,0.25510237,364850.152729,47690466.99881887
2019-12-10,0.2618363,514023.1471,49047989.40270944
2019-12-09,0.26695189,571812.281841,49876637.4506411
2019-12-08,0.27041976,274572.707635,50519169.4746748
2019-12-07,0.26624512,616122.304933,49575378.7102506
2019-12-06,0.25090393,566468.346478,46808553.52236796
2019-12-05,0.25300252,504525.100949,47331476.01278409
2019-12-04,0.2601195,688598.517964,48727661.08141104
2019-12-03,0.2624221,723183.628626,49116603.40919464
2019-12-02,0.27524735,693411.892888,51541538.96972553
2019-12-01,0.27773142,692524.89197,52079658.79882356
2019-11-30,0.28329081,1101534.608574,53010223.13845795
2019-11-29,0.25658484,1524369.038371,47743796.84846348
2019-11-28,0.20938432,472101.608356,38968740.91949901
2019-11-27,0.21297099,575195.373182,39919685.94099923
2019-11-26,0.22401579,594042.56753,41871564.60987181
2019-11-25,0.24609837,730643.631213,46361589.2452061
2019-11-24,0.25695605,791467.011348,48214666.50957359
2019-11-23,0.24582454,1016261.890858,46121341.82937606
2019-11-22,0.28645342,962453.895022,53767950.88254736
2019-11-21,0.30731244,514979.961043,57695993.83239255
2019-11-20,0.30909368,772924.595562,58151484.31892982
2019-11-19,0.33876969,878745.028931,63657473.12441269
2019-11-18,0.36606034,1417656.676106,68794327.58864786
2019-11-17,0.35888994,529154.164245,67470126.22869986
2019-11-16,0.36322783,906906.577669,68250010.95118624
2019-11-15,0.36762346,2075645.985328,69294207.26110046
2019-11-14,0.37262915,1641370.591938,70133512.12250862
2019-11-13,0.3607988,630093.49342,68104967.27222319
2019-11-12,0.37124401,1134555.202938,69993650.7873292
2019-11-11,0.39054456,1013815.824688,73704581.83097517
2019-11-10,0.40311918,1321295.493121,76130136.76110035
2019-11-09,0.412921,1470965.948221,77981188.52858897
2019-11-08,0.43391004,1041979.233147,81958691.05672503
2019-11-07,0.44584993,1083913.793568,84213997.87196022
2019-11-06,0.43108538,478698.77472,81424323.58368737
2019-11-05,0.43219103,603140.969812,81633161.93806614
2019-11-04,0.42704466,302752.527465,80625407.38271299
2019-11-03,0.43125733,397977.990617,81413339.80184789
2019-11-02,0.43247562,565349.850217,81694929.4296427
2019-11-01,0.42753306,301475.502546,80731174.72401936
2019-10-31,0.43568897,495690.135056,82325766.60632657
2019-10-30,0.44901338,497533.395896,84854328.64303592
2019-10-29,0.43391033,450936.227742,82017822.67911153
2019-10-28,0.46274567,549053.204192,87467794.18584652
2019-10-27,0.47080276,594775.831379,89013805.89479212
2019-10-26,0.48467693,790110.481322,91638581.69793394
2019-10-25,0.46141035,672163.438305,87251625.46939397
2019-10-24,0.47164412,1095042.501325,89186110.90222608
2019-10-23,0.47754604,517595.571904,90325879.10877982
2019-10-22,0.49170395,1404617.981089,93030450.87230894
2019-10-21,0.51957926,689645.641084,98404287.31827508
2019-10-20,0.517643,731536.849801,98074233.97143535
2019-10-19,0.52527787,1031446.92846,99535604.45750009
2019-10-18,0.54488584,602015.340129,103283067.83631228
2019-10-17,0.54196973,1199010.036148,102618282.19994427
2019-10-16,0.59065499,1468554.491232,111967101.93641607
2019-10-15,0.6668532,1756790.798502,126498777.36314736
2019-10-14,0.70082399,835606.783864,132918844.29512198
2019-10-13,0.69835378,1113252.617535,132624236.3768384
2019-10-12,0.70139619,1090528.646568,133182793.27912565
2019-10-11,0.72768848,1211788.004938,138174939.77099466
2019-10-10,0.67918744,440620.64452,129044212.61967076
2019-10-09,0.68787414,509676.6279,130706420.18493263
2019-10-08,0.70115414,907372.536095,133299509.786585
2019-10-07,0.71478805,591892.708254,135807389.72251883
2019-10-06,0.71033955,1092366.929095,134924627.24925283
2019-10-05,0.70649781,1520551.307304,134247939.2854779
2019-10-04,0.70739757,1504412.360592,134534093.88400882
2019-10-03,0.82624681,1567922.017748,156891298.41976887
2019-10-02,0.82624681,1567922.017748,156891298.41976887
2019-10-01,1.02566041,1462535.776801,195701507.9162376
2019-09-30,0.82769035,523611.414094,158210661.44598976
2019-09-29,0.82904349,579518.885609,158287498.94313952
2019-09-28,0.82073893,851402.876416,156765447.658061
2019-09-27,0.8141135,898645.042749,155415229.32219732
2019-09-26,0.84228204,1105850.56419,160886335.80121115
2019-09-25,0.8286937,900424.063506,160926310.4377872
2019-09-24,0.95111324,690219.915512,0.0
2019-09-23,0.95660376,576229.32484,0.0
2019-09-22,0.95728844,460922.271652,0.0
2019-09-21,0.97770792,660183.959331,0.0
2019-09-20,0.98568597,989421.459894,0.0
2019-09-19,1.03715117,655582.965699,0.0
2019-09-18,1.04440314,1170503.355787,0.0
2019-09-17,1.00432268,820485.339334,0.0
2019-09-16,1.04264249,405138.647777,0.0
2019-09-15,1.05785144,699079.274453,0.0
2019-09-14,1.05409677,730960.78353,0.0
2019-09-13,1.06016443,820199.64077,0.0
2019-09-12,1.06182643,1463583.166049,0.0
2019-09-11,1.09144996,1166706.544458,0.0
2019-09-10,1.11330799,1582304.993945,0.0
2019-09-09,1.14848679,874867.687931,0.0
2019-09-08,1.16099758,1511837.962179,0.0
2019-09-07,1.13291281,1975486.392291,0.0
2019-09-06,1.16144521,978331.738771,0.0
2019-09-05,1.17433357,1435337.825311,0.0
2019-09-04,1.22863785,15968570.065932,0.0
2019-09-03,1.15269717,6577748.95271,0.0
2019-09-02,1.15660338,6136483.801273,0.0
2019-09-01,1.17204386,3956074.326821,0.0
2019-08-31,1.16934225,2128088.08281,0.0
2019-08-30,1.15164498,1714136.496236,0.0
2019-08-29,1.13720353,1370513.679205,0.0
2019-08-28,1.15756759,1884662.677106,0.0
2019-08-27,1.16935596,1290512.2038,0.0
2019-08-26,1.23024577,1985255.608939,0.0
2019-08-25,1.16797486,1085705.561172,0.0
2019-08-24,1.18399914,1725351.59905,0.0
2019-08-23,1.22326609,2183649.389289,0.0
2019-08-22,1.29451297,3360039.923003,0.0
2019-08-21,1.25721348,1186046.505287,0.0
2019-08-20,1.31390081,1943565.22899,0.0
2019-08-19,1.28324958,499192.20247,0.0
2019-08-18,1.31088112,787359.889489,0.0
2019-08-17,1.29690824,1134264.296997,0.0
2019-08-16,1.31531528,942863.990423,0.0
2019-08-15,1.30154774,1743168.984232,0.0
2019-08-14,1.39462441,1948866.5586,0.0
2019-08-13,1.28155899,881316.332587,0.0
2019-08-12,1.27560602,1017144.249676,0.0
2019-08-11,1.13408804,358544.224463,0.0
2019-08-10,1.21286133,2102429.231812,0.0
2019-08-09,1.19526549,2108093.574733,0.0
2019-08-08,1.10936503,1454401.680384,0.0
2019-08-07,1.14921786,3432553.276387,0.0
2019-08-06,1.171078,1163681.536389,0.0
2019-08-05,1.24304607,383922.024171,0.0
2019-08-04,1.25541486,393668.194518,0.0
2019-08-03,1.27527188,759214.444218,0.0
2019-08-02,1.27601022,732616.853776,0.0
2019-08-01,1.29356255,972621.686216,0.0
2019-07-31,1.28828171,1480511.736752,0.0
2019-07-30,1.29368359,3685063.655655,0.0
2019-07-29,1.25194341,1474548.217579,0.0
2019-07-28,1.30027015,5456141.10638,0.0
2019-07-27,1.32573312,9911328.245377,0.0
2019-07-26,1.33289869,373376.650236,0.0
2019-07-25,1.31733615,211963.23969,0.0
2019-07-24,1.37672114,449874.026966,0.0
2019-07-23,1.35781132,253929.642812,0.0
2019-07-22,1.40050665,349393.909938,0.0
2019-07-21,1.39538257,111871.264787,0.0
2019-07-20,1.38946049,375264.449012,0.0
2019-07-19,1.43299758,182651.669049,0.0
2019-07-18,1.4094545,163950.301712,0.0
2019-07-17,1.43890457,257447.838683,0.0
2019-07-16,1.53464025,395306.708006,0.0
2019-07-15,1.48664226,219777.099154,0.0
2019-07-14,1.55742775,199459.334117,0.0
2019-07-13,1.52298331,256961.157853,0.0
2019-07-12,1.51586645,362881.305281,0.0
2019-07-11,1.55039749,484082.491812,0.0
2019-07-10,1.56241239,418573.250323,0.0
2019-07-09,1.58155046,418279.921616,0.0
2019-07-08,1.62164695,2544886.703077,0.0
2019-07-07,1.5915747,477556.107925,0.0
2019-07-06,1.6134987,1121387.659069,0.0
2019-07-05,1.60641496,1037214.22579,0.0
2019-07-04,1.54533481,595416.884405,0.0
2019-07-03,1.54649801,201781.866177,0.0
2019-07-02,1.56906272,325098.387459,0.0
2019-07-01,1.59015798,162837.731236,0.0
2019-06-30,1.63946946,127577.441652,0.0
2019-06-29,1.64383528,302083.840222,0.0
2019-06-28,1.57959392,622315.182394,0.0
2019-06-27,1.70212848,561017.265703,0.0
2019-06-26,1.71926035,592219.381263,0.0
2019-06-25,1.78981259,1505108.190264,0.0
2019-06-24,1.65710327,847529.693412,0.0
2019-06-23,1.67372369,1020850.205162,0.0
2019-06-22,1.72094453,2254456.423156,0.0
2019-06-21,1.55145004,1365475.569121,0.0
2019-06-20,1.56464928,819133.295046,0.0
2019-06-19,1.57379547,1226183.357619,0.0
2019-06-18,1.56458445,859629.692268,0.0
2019-06-17,1.57643531,572221.908675,0.0
2019-06-16,1.58662931,1025244.496889,0.0
2019-06-15,1.63397049,1192013.245524,0.0
2019-06-14,1.67150087,2247950.813672,0.0
2019-06-13,1.73605809,998608.296244,0.0
2019-06-12,1.7407908,2382493.622284,0.0
2019-06-11,1.85351654,1800218.906818,0.0
2019-06-10,1.69915835,308667.128493,0.0
2019-06-09,1.70647891,562811.027824,0.0
2019-06-08,1.71252658,1628345.059103,0.0
2019-06-07,1.60038093,361413.377947,0.0
2019-06-06,1.62710546,2738783.013454,0.0
2019-06-05,1.50968082,1928251.01497,0.0
2019-06-04,1.53250853,1418223.113433,0.0
2019-06-03,1.71927873,393766.22325,0.0
2019-06-02,1.64767232,411080.004294,0.0
2019-06-01,1.67290466,944346.234033,0.0
2019-05-31,1.66767343,1975054.992668,0.0
2019-05-30,1.75726937,3808182.776471,0.0
2019-05-29,1.47707069,2730881.12747,0.0
2019-05-28,1.2169254,1492132.33335,0.0
2019-05-27,1.22596831,2279616.363103,0.0
2019-05-26,1.19786136,2735388.281405,0.0
2019-05-25,1.16032955,16003575.671403,0.0
2019-05-24,1.96166727,48101782.819416,0.0
2019-05-23,2.31105917,17426081.167498,0.0
2019-05-22,2.47842126,11457607.050188,0.0
2019-05-21,2.37659846,2910317.195512,0.0
2019-05-20,2.41708103,880709.228943,0.0
2019-05-19,2.38043424,471148.785539,0.0
2019-05-18,2.36118319,7113818.721728,0.0
2019-05-17,2.50266464,64089491.405891,0.0
2019-05-16,2.52720765,32995695.058725,0.0
2019-05-15,2.52254391,94857128.313853,0.0
2019-05-14,2.53426559,34820288.091534,0.0
2019-05-13,2.54238498,1301589.200225,0.0
2019-05-12,2.77590011,942632.888878,0.0
2019-05-11,3.03692988,885232.499911,0.0
2019-05-10,3.08216543,33710121.66526,0.0
2019-05-09,3.30807457,10600884.577321,0.0
2019-05-08,3.2699772,6703686.104208,0.0
